model,pooling,out_vec_size,best_layers,epochs,nhid,qtd_layers,MR,CR,SUBJ,MPQA,SST2,TREC,MRPC
allmpnet,CLS_SUM-1-2,"torch.Size([61, 768])",NORMAL,4,0,12,"{'devacc': np.float64(68.24), 'acc': np.float64(68.82), 'ndev': 10662, 'ntest': 10662}","{'devacc': np.float64(67.96), 'acc': np.float64(68.37), 'ndev': 3775, 'ntest': 3775}","{'devacc': np.float64(89.36), 'acc': np.float64(89.28), 'ndev': 10000, 'ntest': 10000}","{'devacc': np.float64(78.36), 'acc': np.float64(78.85), 'ndev': 10606, 'ntest': 10606}","{'devacc': np.float64(74.54), 'acc': 71.99, 'ndev': 872, 'ntest': 1821}","{'devacc': np.float64(69.92), 'acc': 75.0, 'ndev': 5452, 'ntest': 500}","{'devacc': np.float64(69.24), 'acc': 69.45, 'f1': 80.59, 'ndev': 4076, 'ntest': 1725}"
allmpnet,AVG_SUM-1-2,"torch.Size([61, 768])",NORMAL,4,0,12,"{'devacc': np.float64(79.18), 'acc': np.float64(79.24), 'ndev': 10662, 'ntest': 10662}","{'devacc': np.float64(84.13), 'acc': np.float64(84.19), 'ndev': 3775, 'ntest': 3775}","{'devacc': np.float64(94.01), 'acc': np.float64(93.93), 'ndev': 10000, 'ntest': 10000}","{'devacc': np.float64(89.89), 'acc': np.float64(89.98), 'ndev': 10606, 'ntest': 10606}","{'devacc': np.float64(83.37), 'acc': 84.68, 'ndev': 872, 'ntest': 1821}","{'devacc': np.float64(85.49), 'acc': 90.0, 'ndev': 5452, 'ntest': 500}","{'devacc': np.float64(73.75), 'acc': 73.97, 'f1': 81.68, 'ndev': 4076, 'ntest': 1725}"
allmpnet,SUM_SUM-1-2,"torch.Size([61, 768])",NORMAL,4,0,12,"{'devacc': np.float64(78.46), 'acc': np.float64(78.74), 'ndev': 10662, 'ntest': 10662}","{'devacc': np.float64(79.77), 'acc': np.float64(80.45), 'ndev': 3775, 'ntest': 3775}","{'devacc': np.float64(91.97), 'acc': np.float64(92.27), 'ndev': 10000, 'ntest': 10000}","{'devacc': np.float64(88.09), 'acc': np.float64(88.32), 'ndev': 10606, 'ntest': 10606}","{'devacc': np.float64(82.45), 'acc': 83.69, 'ndev': 872, 'ntest': 1821}","{'devacc': np.float64(82.67), 'acc': 88.6, 'ndev': 5452, 'ntest': 500}","{'devacc': np.float64(71.47), 'acc': 71.19, 'f1': 79.35, 'ndev': 4076, 'ntest': 1725}"
allmpnet,MAX_SUM-1-2,"torch.Size([61, 768])",NORMAL,4,0,12,"{'devacc': np.float64(72.74), 'acc': np.float64(73.12), 'ndev': 10662, 'ntest': 10662}","{'devacc': np.float64(79.44), 'acc': np.float64(79.6), 'ndev': 3775, 'ntest': 3775}","{'devacc': np.float64(90.89), 'acc': np.float64(91.06), 'ndev': 10000, 'ntest': 10000}","{'devacc': np.float64(87.79), 'acc': np.float64(88.2), 'ndev': 10606, 'ntest': 10606}","{'devacc': np.float64(77.98), 'acc': 76.88, 'ndev': 872, 'ntest': 1821}","{'devacc': np.float64(81.75), 'acc': 87.6, 'ndev': 5452, 'ntest': 500}","{'devacc': np.float64(71.05), 'acc': 70.03, 'f1': 77.63, 'ndev': 4076, 'ntest': 1725}"
allmpnet,AVG-NS_SUM-1-2,"torch.Size([61, 768])",NORMAL,4,0,12,"{'devacc': np.float64(78.11), 'acc': np.float64(77.93), 'ndev': 10662, 'ntest': 10662}","{'devacc': np.float64(81.29), 'acc': np.float64(81.99), 'ndev': 3775, 'ntest': 3775}","{'devacc': np.float64(93.17), 'acc': np.float64(93.19), 'ndev': 10000, 'ntest': 10000}","{'devacc': np.float64(88.44), 'acc': np.float64(88.58), 'ndev': 10606, 'ntest': 10606}","{'devacc': np.float64(82.22), 'acc': 83.31, 'ndev': 872, 'ntest': 1821}","{'devacc': np.float64(77.93), 'acc': 83.8, 'ndev': 5452, 'ntest': 500}","{'devacc': np.float64(71.15), 'acc': 71.71, 'f1': 80.05, 'ndev': 4076, 'ntest': 1725}"
allmpnet,SUM-NS_SUM-1-2,"torch.Size([61, 768])",NORMAL,4,0,12,"{'devacc': np.float64(76.98), 'acc': np.float64(77.18), 'ndev': 10662, 'ntest': 10662}","{'devacc': np.float64(77.67), 'acc': np.float64(78.2), 'ndev': 3775, 'ntest': 3775}","{'devacc': np.float64(91.37), 'acc': np.float64(91.65), 'ndev': 10000, 'ntest': 10000}","{'devacc': np.float64(87.36), 'acc': np.float64(87.53), 'ndev': 10606, 'ntest': 10606}","{'devacc': np.float64(81.77), 'acc': 83.69, 'ndev': 872, 'ntest': 1821}","{'devacc': np.float64(74.82), 'acc': 81.8, 'ndev': 5452, 'ntest': 500}","{'devacc': np.float64(67.96), 'acc': 67.42, 'f1': 76.23, 'ndev': 4076, 'ntest': 1725}"
allmpnet,MAX-NS_SUM-1-2,"torch.Size([61, 768])",NORMAL,4,0,12,"{'devacc': np.float64(72.57), 'acc': np.float64(72.9), 'ndev': 10662, 'ntest': 10662}","{'devacc': np.float64(62.66), 'acc': np.float64(64.61), 'ndev': 3775, 'ntest': 3775}","{'devacc': np.float64(89.74), 'acc': np.float64(89.95), 'ndev': 10000, 'ntest': 10000}","{'devacc': np.float64(35.79), 'acc': np.float64(35.79), 'ndev': 10606, 'ntest': 10606}","{'devacc': np.float64(49.08), 'acc': 50.08, 'ndev': 872, 'ntest': 1821}","{'devacc': np.float64(73.11), 'acc': 81.2, 'ndev': 5452, 'ntest': 500}","{'devacc': np.float64(70.19), 'acc': 68.17, 'f1': 76.2, 'ndev': 4076, 'ntest': 1725}"
allmpnet,CLS_SUM-2-3,"torch.Size([61, 768])",NORMAL,4,0,12,"{'devacc': np.float64(75.1), 'acc': np.float64(75.28), 'ndev': 10662, 'ntest': 10662}","{'devacc': np.float64(78.72), 'acc': np.float64(79.1), 'ndev': 3775, 'ntest': 3775}","{'devacc': np.float64(91.48), 'acc': np.float64(91.56), 'ndev': 10000, 'ntest': 10000}","{'devacc': np.float64(85.23), 'acc': np.float64(85.4), 'ndev': 10606, 'ntest': 10606}","{'devacc': np.float64(80.16), 'acc': 79.24, 'ndev': 872, 'ntest': 1821}","{'devacc': np.float64(74.14), 'acc': 81.0, 'ndev': 5452, 'ntest': 500}","{'devacc': np.float64(74.36), 'acc': 74.43, 'f1': 82.42, 'ndev': 4076, 'ntest': 1725}"
allmpnet,AVG_SUM-2-3,"torch.Size([61, 768])",NORMAL,4,0,12,"{'devacc': np.float64(80.48), 'acc': np.float64(80.72), 'ndev': 10662, 'ntest': 10662}","{'devacc': np.float64(85.99), 'acc': np.float64(86.1), 'ndev': 3775, 'ntest': 3775}","{'devacc': np.float64(94.84), 'acc': np.float64(94.91), 'ndev': 10000, 'ntest': 10000}","{'devacc': np.float64(89.89), 'acc': np.float64(89.98), 'ndev': 10606, 'ntest': 10606}","{'devacc': np.float64(83.26), 'acc': 85.67, 'ndev': 872, 'ntest': 1821}","{'devacc': np.float64(86.37), 'acc': 91.0, 'ndev': 5452, 'ntest': 500}","{'devacc': np.float64(74.93), 'acc': 73.28, 'f1': 81.11, 'ndev': 4076, 'ntest': 1725}"
allmpnet,SUM_SUM-2-3,"torch.Size([61, 768])",NORMAL,4,0,12,"{'devacc': np.float64(79.47), 'acc': np.float64(79.59), 'ndev': 10662, 'ntest': 10662}","{'devacc': np.float64(81.82), 'acc': np.float64(82.41), 'ndev': 3775, 'ntest': 3775}","{'devacc': np.float64(92.72), 'acc': np.float64(93.32), 'ndev': 10000, 'ntest': 10000}","{'devacc': np.float64(88.19), 'acc': np.float64(88.61), 'ndev': 10606, 'ntest': 10606}","{'devacc': np.float64(83.37), 'acc': 84.68, 'ndev': 872, 'ntest': 1821}","{'devacc': np.float64(84.57), 'acc': 89.0, 'ndev': 5452, 'ntest': 500}","{'devacc': np.float64(71.05), 'acc': 70.55, 'f1': 78.27, 'ndev': 4076, 'ntest': 1725}"
allmpnet,MAX_SUM-2-3,"torch.Size([61, 768])",NORMAL,4,0,12,"{'devacc': np.float64(75.91), 'acc': np.float64(76.15), 'ndev': 10662, 'ntest': 10662}","{'devacc': np.float64(80.08), 'acc': np.float64(80.93), 'ndev': 3775, 'ntest': 3775}","{'devacc': np.float64(91.7), 'acc': np.float64(91.87), 'ndev': 10000, 'ntest': 10000}","{'devacc': np.float64(88.16), 'acc': np.float64(88.32), 'ndev': 10606, 'ntest': 10606}","{'devacc': np.float64(79.82), 'acc': 80.23, 'ndev': 872, 'ntest': 1821}","{'devacc': np.float64(84.45), 'acc': 90.6, 'ndev': 5452, 'ntest': 500}","{'devacc': np.float64(72.08), 'acc': 71.19, 'f1': 78.51, 'ndev': 4076, 'ntest': 1725}"
allmpnet,AVG-NS_SUM-2-3,"torch.Size([61, 768])",NORMAL,4,0,12,"{'devacc': np.float64(79.31), 'acc': np.float64(79.51), 'ndev': 10662, 'ntest': 10662}","{'devacc': np.float64(83.43), 'acc': np.float64(83.63), 'ndev': 3775, 'ntest': 3775}","{'devacc': np.float64(94.23), 'acc': np.float64(94.19), 'ndev': 10000, 'ntest': 10000}","{'devacc': np.float64(88.92), 'acc': np.float64(89.23), 'ndev': 10606, 'ntest': 10606}","{'devacc': np.float64(81.88), 'acc': 84.62, 'ndev': 872, 'ntest': 1821}","{'devacc': np.float64(81.49), 'acc': 88.2, 'ndev': 5452, 'ntest': 500}","{'devacc': np.float64(71.81), 'acc': 71.83, 'f1': 80.15, 'ndev': 4076, 'ntest': 1725}"
allmpnet,SUM-NS_SUM-2-3,"torch.Size([61, 768])",NORMAL,4,0,12,"{'devacc': np.float64(78.19), 'acc': np.float64(78.13), 'ndev': 10662, 'ntest': 10662}","{'devacc': np.float64(79.52), 'acc': np.float64(79.95), 'ndev': 3775, 'ntest': 3775}","{'devacc': np.float64(92.23), 'acc': np.float64(92.45), 'ndev': 10000, 'ntest': 10000}","{'devacc': np.float64(87.76), 'acc': np.float64(88.11), 'ndev': 10606, 'ntest': 10606}","{'devacc': np.float64(81.19), 'acc': 84.02, 'ndev': 872, 'ntest': 1821}","{'devacc': np.float64(79.05), 'acc': 84.6, 'ndev': 5452, 'ntest': 500}","{'devacc': np.float64(68.13), 'acc': 67.94, 'f1': 76.36, 'ndev': 4076, 'ntest': 1725}"
allmpnet,MAX-NS_SUM-2-3,"torch.Size([61, 768])",NORMAL,4,0,12,"{'devacc': np.float64(75.05), 'acc': np.float64(75.17), 'ndev': 10662, 'ntest': 10662}","{'devacc': np.float64(62.87), 'acc': np.float64(65.24), 'ndev': 3775, 'ntest': 3775}","{'devacc': np.float64(91.3), 'acc': np.float64(91.34), 'ndev': 10000, 'ntest': 10000}","{'devacc': np.float64(31.74), 'acc': np.float64(31.75), 'ndev': 10606, 'ntest': 10606}","{'devacc': np.float64(49.08), 'acc': 50.08, 'ndev': 872, 'ntest': 1821}","{'devacc': np.float64(77.04), 'acc': 84.0, 'ndev': 5452, 'ntest': 500}","{'devacc': np.float64(70.19), 'acc': 70.67, 'f1': 78.28, 'ndev': 4076, 'ntest': 1725}"
allmpnet,CLS_SUM-3-4,"torch.Size([61, 768])",NORMAL,4,0,12,"{'devacc': np.float64(77.65), 'acc': np.float64(77.68), 'ndev': 10662, 'ntest': 10662}","{'devacc': np.float64(81.15), 'acc': np.float64(81.22), 'ndev': 3775, 'ntest': 3775}","{'devacc': np.float64(93.28), 'acc': np.float64(93.44), 'ndev': 10000, 'ntest': 10000}","{'devacc': np.float64(88.0), 'acc': np.float64(87.86), 'ndev': 10606, 'ntest': 10606}","{'devacc': np.float64(81.77), 'acc': 81.38, 'ndev': 872, 'ntest': 1821}","{'devacc': np.float64(77.33), 'acc': 85.6, 'ndev': 5452, 'ntest': 500}","{'devacc': np.float64(74.19), 'acc': 73.16, 'f1': 81.79, 'ndev': 4076, 'ntest': 1725}"
allmpnet,AVG_SUM-3-4,"torch.Size([61, 768])",NORMAL,4,0,12,"{'devacc': np.float64(81.4), 'acc': np.float64(81.7), 'ndev': 10662, 'ntest': 10662}","{'devacc': np.float64(86.98), 'acc': np.float64(86.78), 'ndev': 3775, 'ntest': 3775}","{'devacc': np.float64(95.43), 'acc': np.float64(95.45), 'ndev': 10000, 'ntest': 10000}","{'devacc': np.float64(89.94), 'acc': np.float64(89.89), 'ndev': 10606, 'ntest': 10606}","{'devacc': np.float64(85.32), 'acc': 86.44, 'ndev': 872, 'ntest': 1821}","{'devacc': np.float64(88.13), 'acc': 92.6, 'ndev': 5452, 'ntest': 500}","{'devacc': np.float64(74.93), 'acc': 74.61, 'f1': 82.02, 'ndev': 4076, 'ntest': 1725}"
allmpnet,SUM_SUM-3-4,"torch.Size([61, 768])",NORMAL,4,0,12,"{'devacc': np.float64(80.4), 'acc': np.float64(80.58), 'ndev': 10662, 'ntest': 10662}","{'devacc': np.float64(82.67), 'acc': np.float64(82.94), 'ndev': 3775, 'ntest': 3775}","{'devacc': np.float64(93.19), 'acc': np.float64(93.14), 'ndev': 10000, 'ntest': 10000}","{'devacc': np.float64(88.18), 'acc': np.float64(88.57), 'ndev': 10606, 'ntest': 10606}","{'devacc': np.float64(84.06), 'acc': 84.9, 'ndev': 872, 'ntest': 1821}","{'devacc': np.float64(86.39), 'acc': 92.2, 'ndev': 5452, 'ntest': 500}","{'devacc': np.float64(71.91), 'acc': 70.72, 'f1': 78.46, 'ndev': 4076, 'ntest': 1725}"
allmpnet,MAX_SUM-3-4,"torch.Size([61, 768])",NORMAL,4,0,12,"{'devacc': np.float64(77.85), 'acc': np.float64(78.03), 'ndev': 10662, 'ntest': 10662}","{'devacc': np.float64(81.72), 'acc': np.float64(81.7), 'ndev': 3775, 'ntest': 3775}","{'devacc': np.float64(92.67), 'acc': np.float64(92.81), 'ndev': 10000, 'ntest': 10000}","{'devacc': np.float64(88.44), 'acc': np.float64(88.78), 'ndev': 10606, 'ntest': 10606}","{'devacc': np.float64(82.68), 'acc': 83.09, 'ndev': 872, 'ntest': 1821}","{'devacc': np.float64(85.2), 'acc': 91.6, 'ndev': 5452, 'ntest': 500}","{'devacc': np.float64(71.91), 'acc': 72.58, 'f1': 79.71, 'ndev': 4076, 'ntest': 1725}"
allmpnet,AVG-NS_SUM-3-4,"torch.Size([61, 768])",NORMAL,4,0,12,"{'devacc': np.float64(80.35), 'acc': np.float64(80.64), 'ndev': 10662, 'ntest': 10662}","{'devacc': np.float64(85.05), 'acc': np.float64(85.35), 'ndev': 3775, 'ntest': 3775}","{'devacc': np.float64(94.95), 'acc': np.float64(95.07), 'ndev': 10000, 'ntest': 10000}","{'devacc': np.float64(89.13), 'acc': np.float64(89.15), 'ndev': 10606, 'ntest': 10606}","{'devacc': np.float64(82.91), 'acc': 84.73, 'ndev': 872, 'ntest': 1821}","{'devacc': np.float64(83.36), 'acc': 88.8, 'ndev': 5452, 'ntest': 500}","{'devacc': np.float64(72.5), 'acc': 72.52, 'f1': 80.53, 'ndev': 4076, 'ntest': 1725}"
allmpnet,SUM-NS_SUM-3-4,"torch.Size([61, 768])",NORMAL,4,0,12,"{'devacc': np.float64(79.13), 'acc': np.float64(79.53), 'ndev': 10662, 'ntest': 10662}","{'devacc': np.float64(80.51), 'acc': np.float64(81.43), 'ndev': 3775, 'ntest': 3775}","{'devacc': np.float64(92.79), 'acc': np.float64(93.1), 'ndev': 10000, 'ntest': 10000}","{'devacc': np.float64(87.79), 'acc': np.float64(87.79), 'ndev': 10606, 'ntest': 10606}","{'devacc': np.float64(83.26), 'acc': 84.13, 'ndev': 872, 'ntest': 1821}","{'devacc': np.float64(81.46), 'acc': 88.4, 'ndev': 5452, 'ntest': 500}","{'devacc': np.float64(69.63), 'acc': 70.09, 'f1': 78.17, 'ndev': 4076, 'ntest': 1725}"
allmpnet,MAX-NS_SUM-3-4,"torch.Size([61, 768])",NORMAL,4,0,12,"{'devacc': np.float64(76.65), 'acc': np.float64(76.91), 'ndev': 10662, 'ntest': 10662}","{'devacc': np.float64(63.03), 'acc': np.float64(65.08), 'ndev': 3775, 'ntest': 3775}","{'devacc': np.float64(92.3), 'acc': np.float64(92.39), 'ndev': 10000, 'ntest': 10000}","{'devacc': np.float64(31.74), 'acc': np.float64(31.75), 'ndev': 10606, 'ntest': 10606}","{'devacc': np.float64(49.08), 'acc': 50.08, 'ndev': 872, 'ntest': 1821}","{'devacc': np.float64(79.13), 'acc': 87.0, 'ndev': 5452, 'ntest': 500}","{'devacc': np.float64(71.88), 'acc': 70.9, 'f1': 78.42, 'ndev': 4076, 'ntest': 1725}"
allmpnet,CLS_SUM-4-5,"torch.Size([61, 768])",NORMAL,4,0,12,"{'devacc': np.float64(80.56), 'acc': np.float64(80.5), 'ndev': 10662, 'ntest': 10662}","{'devacc': np.float64(86.45), 'acc': np.float64(86.52), 'ndev': 3775, 'ntest': 3775}","{'devacc': np.float64(95.26), 'acc': np.float64(95.21), 'ndev': 10000, 'ntest': 10000}","{'devacc': np.float64(89.18), 'acc': np.float64(89.41), 'ndev': 10606, 'ntest': 10606}","{'devacc': np.float64(83.03), 'acc': 82.76, 'ndev': 872, 'ntest': 1821}","{'devacc': np.float64(77.71), 'acc': 83.6, 'ndev': 5452, 'ntest': 500}","{'devacc': np.float64(70.88), 'acc': 70.09, 'f1': 80.05, 'ndev': 4076, 'ntest': 1725}"
allmpnet,AVG_SUM-4-5,"torch.Size([61, 768])",NORMAL,4,0,12,"{'devacc': np.float64(83.88), 'acc': np.float64(84.12), 'ndev': 10662, 'ntest': 10662}","{'devacc': np.float64(89.34), 'acc': np.float64(89.3), 'ndev': 3775, 'ntest': 3775}","{'devacc': np.float64(95.78), 'acc': np.float64(95.75), 'ndev': 10000, 'ntest': 10000}","{'devacc': np.float64(90.58), 'acc': np.float64(90.65), 'ndev': 10606, 'ntest': 10606}","{'devacc': np.float64(87.16), 'acc': 87.59, 'ndev': 872, 'ntest': 1821}","{'devacc': np.float64(89.21), 'acc': 94.2, 'ndev': 5452, 'ntest': 500}","{'devacc': np.float64(75.51), 'acc': 76.06, 'f1': 82.86, 'ndev': 4076, 'ntest': 1725}"
allmpnet,SUM_SUM-4-5,"torch.Size([61, 768])",NORMAL,4,0,12,"{'devacc': np.float64(82.82), 'acc': np.float64(83.07), 'ndev': 10662, 'ntest': 10662}","{'devacc': np.float64(85.25), 'acc': np.float64(85.17), 'ndev': 3775, 'ntest': 3775}","{'devacc': np.float64(93.81), 'acc': np.float64(93.58), 'ndev': 10000, 'ntest': 10000}","{'devacc': np.float64(88.76), 'acc': np.float64(89.04), 'ndev': 10606, 'ntest': 10606}","{'devacc': np.float64(87.73), 'acc': 88.19, 'ndev': 872, 'ntest': 1821}","{'devacc': np.float64(87.22), 'acc': 92.6, 'ndev': 5452, 'ntest': 500}","{'devacc': np.float64(72.06), 'acc': 70.43, 'f1': 77.92, 'ndev': 4076, 'ntest': 1725}"
allmpnet,MAX_SUM-4-5,"torch.Size([61, 768])",NORMAL,4,0,12,"{'devacc': np.float64(79.97), 'acc': np.float64(79.92), 'ndev': 10662, 'ntest': 10662}","{'devacc': np.float64(84.16), 'acc': np.float64(84.24), 'ndev': 3775, 'ntest': 3775}","{'devacc': np.float64(93.52), 'acc': np.float64(93.7), 'ndev': 10000, 'ntest': 10000}","{'devacc': np.float64(88.87), 'acc': np.float64(89.02), 'ndev': 10606, 'ntest': 10606}","{'devacc': np.float64(84.29), 'acc': 85.72, 'ndev': 872, 'ntest': 1821}","{'devacc': np.float64(86.7), 'acc': 92.0, 'ndev': 5452, 'ntest': 500}","{'devacc': np.float64(72.79), 'acc': 72.17, 'f1': 79.43, 'ndev': 4076, 'ntest': 1725}"
allmpnet,AVG-NS_SUM-4-5,"torch.Size([61, 768])",NORMAL,4,0,12,"{'devacc': np.float64(82.65), 'acc': np.float64(82.87), 'ndev': 10662, 'ntest': 10662}","{'devacc': np.float64(87.16), 'acc': np.float64(87.47), 'ndev': 3775, 'ntest': 3775}","{'devacc': np.float64(95.42), 'acc': np.float64(95.27), 'ndev': 10000, 'ntest': 10000}","{'devacc': np.float64(89.38), 'acc': np.float64(89.39), 'ndev': 10606, 'ntest': 10606}","{'devacc': np.float64(85.44), 'acc': 86.11, 'ndev': 872, 'ntest': 1821}","{'devacc': np.float64(84.63), 'acc': 91.0, 'ndev': 5452, 'ntest': 500}","{'devacc': np.float64(72.82), 'acc': 72.41, 'f1': 80.41, 'ndev': 4076, 'ntest': 1725}"
allmpnet,SUM-NS_SUM-4-5,"torch.Size([61, 768])",NORMAL,4,0,12,"{'devacc': np.float64(81.41), 'acc': np.float64(81.7), 'ndev': 10662, 'ntest': 10662}","{'devacc': np.float64(82.66), 'acc': np.float64(82.73), 'ndev': 3775, 'ntest': 3775}","{'devacc': np.float64(93.17), 'acc': np.float64(93.27), 'ndev': 10000, 'ntest': 10000}","{'devacc': np.float64(88.11), 'acc': np.float64(88.22), 'ndev': 10606, 'ntest': 10606}","{'devacc': np.float64(85.67), 'acc': 85.72, 'ndev': 872, 'ntest': 1821}","{'devacc': np.float64(82.92), 'acc': 88.0, 'ndev': 5452, 'ntest': 500}","{'devacc': np.float64(70.19), 'acc': 70.32, 'f1': 78.08, 'ndev': 4076, 'ntest': 1725}"
allmpnet,MAX-NS_SUM-4-5,"torch.Size([61, 768])",NORMAL,4,0,12,"{'devacc': np.float64(78.92), 'acc': np.float64(79.11), 'ndev': 10662, 'ntest': 10662}","{'devacc': np.float64(63.13), 'acc': np.float64(65.38), 'ndev': 3775, 'ntest': 3775}","{'devacc': np.float64(92.98), 'acc': np.float64(93.31), 'ndev': 10000, 'ntest': 10000}","{'devacc': np.float64(31.74), 'acc': np.float64(31.75), 'ndev': 10606, 'ntest': 10606}","{'devacc': np.float64(49.08), 'acc': 50.08, 'ndev': 872, 'ntest': 1821}","{'devacc': np.float64(81.49), 'acc': 88.0, 'ndev': 5452, 'ntest': 500}","{'devacc': np.float64(71.54), 'acc': 71.59, 'f1': 78.99, 'ndev': 4076, 'ntest': 1725}"
allmpnet,CLS_SUM-5-6,"torch.Size([61, 768])",NORMAL,4,0,12,"{'devacc': np.float64(83.44), 'acc': np.float64(83.32), 'ndev': 10662, 'ntest': 10662}","{'devacc': np.float64(88.92), 'acc': np.float64(88.82), 'ndev': 3775, 'ntest': 3775}","{'devacc': np.float64(95.69), 'acc': np.float64(95.75), 'ndev': 10000, 'ntest': 10000}","{'devacc': np.float64(88.4), 'acc': np.float64(88.72), 'ndev': 10606, 'ntest': 10606}","{'devacc': np.float64(86.58), 'acc': 85.72, 'ndev': 872, 'ntest': 1821}","{'devacc': np.float64(75.18), 'acc': 80.2, 'ndev': 5452, 'ntest': 500}","{'devacc': np.float64(69.8), 'acc': 69.51, 'f1': 78.93, 'ndev': 4076, 'ntest': 1725}"
allmpnet,AVG_SUM-5-6,"torch.Size([61, 768])",NORMAL,4,0,12,"{'devacc': np.float64(85.17), 'acc': np.float64(85.29), 'ndev': 10662, 'ntest': 10662}","{'devacc': np.float64(90.46), 'acc': np.float64(90.44), 'ndev': 3775, 'ntest': 3775}","{'devacc': np.float64(96.05), 'acc': np.float64(96.04), 'ndev': 10000, 'ntest': 10000}","{'devacc': np.float64(90.9), 'acc': np.float64(91.09), 'ndev': 10606, 'ntest': 10606}","{'devacc': np.float64(88.88), 'acc': 90.01, 'ndev': 872, 'ntest': 1821}","{'devacc': np.float64(89.62), 'acc': 94.6, 'ndev': 5452, 'ntest': 500}","{'devacc': np.float64(75.32), 'acc': 75.07, 'f1': 82.08, 'ndev': 4076, 'ntest': 1725}"
allmpnet,SUM_SUM-5-6,"torch.Size([61, 768])",NORMAL,4,0,12,"{'devacc': np.float64(83.93), 'acc': np.float64(84.35), 'ndev': 10662, 'ntest': 10662}","{'devacc': np.float64(86.99), 'acc': np.float64(87.07), 'ndev': 3775, 'ntest': 3775}","{'devacc': np.float64(94.37), 'acc': np.float64(94.71), 'ndev': 10000, 'ntest': 10000}","{'devacc': np.float64(89.39), 'acc': np.float64(89.71), 'ndev': 10606, 'ntest': 10606}","{'devacc': np.float64(89.33), 'acc': 90.06, 'ndev': 872, 'ntest': 1821}","{'devacc': np.float64(87.34), 'acc': 94.2, 'ndev': 5452, 'ntest': 500}","{'devacc': np.float64(70.98), 'acc': 70.84, 'f1': 78.5, 'ndev': 4076, 'ntest': 1725}"
allmpnet,MAX_SUM-5-6,"torch.Size([61, 768])",NORMAL,4,0,12,"{'devacc': np.float64(81.34), 'acc': np.float64(81.39), 'ndev': 10662, 'ntest': 10662}","{'devacc': np.float64(86.96), 'acc': np.float64(86.84), 'ndev': 3775, 'ntest': 3775}","{'devacc': np.float64(94.02), 'acc': np.float64(94.12), 'ndev': 10000, 'ntest': 10000}","{'devacc': np.float64(89.64), 'acc': np.float64(89.98), 'ndev': 10606, 'ntest': 10606}","{'devacc': np.float64(85.78), 'acc': 87.48, 'ndev': 872, 'ntest': 1821}","{'devacc': np.float64(87.58), 'acc': 93.4, 'ndev': 5452, 'ntest': 500}","{'devacc': np.float64(73.45), 'acc': 73.45, 'f1': 80.21, 'ndev': 4076, 'ntest': 1725}"
allmpnet,AVG-NS_SUM-5-6,"torch.Size([61, 768])",NORMAL,4,0,12,"{'devacc': np.float64(83.98), 'acc': np.float64(84.12), 'ndev': 10662, 'ntest': 10662}","{'devacc': np.float64(89.09), 'acc': np.float64(88.93), 'ndev': 3775, 'ntest': 3775}","{'devacc': np.float64(95.74), 'acc': np.float64(95.61), 'ndev': 10000, 'ntest': 10000}","{'devacc': np.float64(89.73), 'acc': np.float64(89.93), 'ndev': 10606, 'ntest': 10606}","{'devacc': np.float64(88.3), 'acc': 89.02, 'ndev': 872, 'ntest': 1821}","{'devacc': np.float64(85.29), 'acc': 91.8, 'ndev': 5452, 'ntest': 500}","{'devacc': np.float64(73.6), 'acc': 72.41, 'f1': 80.2, 'ndev': 4076, 'ntest': 1725}"
allmpnet,SUM-NS_SUM-5-6,"torch.Size([61, 768])",NORMAL,4,0,12,"{'devacc': np.float64(82.98), 'acc': np.float64(83.24), 'ndev': 10662, 'ntest': 10662}","{'devacc': np.float64(85.17), 'acc': np.float64(85.09), 'ndev': 3775, 'ntest': 3775}","{'devacc': np.float64(93.91), 'acc': np.float64(94.04), 'ndev': 10000, 'ntest': 10000}","{'devacc': np.float64(88.8), 'acc': np.float64(89.02), 'ndev': 10606, 'ntest': 10606}","{'devacc': np.float64(88.53), 'acc': 88.69, 'ndev': 872, 'ntest': 1821}","{'devacc': np.float64(83.77), 'acc': 90.4, 'ndev': 5452, 'ntest': 500}","{'devacc': np.float64(70.36), 'acc': 70.32, 'f1': 77.99, 'ndev': 4076, 'ntest': 1725}"
allmpnet,MAX-NS_SUM-5-6,"torch.Size([61, 768])",NORMAL,4,0,12,"{'devacc': np.float64(80.75), 'acc': np.float64(81.03), 'ndev': 10662, 'ntest': 10662}","{'devacc': np.float64(63.57), 'acc': np.float64(65.61), 'ndev': 3775, 'ntest': 3775}","{'devacc': np.float64(93.59), 'acc': np.float64(93.77), 'ndev': 10000, 'ntest': 10000}","{'devacc': np.float64(31.74), 'acc': np.float64(31.75), 'ndev': 10606, 'ntest': 10606}","{'devacc': np.float64(49.08), 'acc': 50.08, 'ndev': 872, 'ntest': 1821}","{'devacc': np.float64(81.46), 'acc': 88.8, 'ndev': 5452, 'ntest': 500}","{'devacc': np.float64(72.52), 'acc': 72.29, 'f1': 79.38, 'ndev': 4076, 'ntest': 1725}"
allmpnet,CLS_SUM-6-7,"torch.Size([61, 768])",NORMAL,4,0,12,"{'devacc': np.float64(83.28), 'acc': np.float64(83.14), 'ndev': 10662, 'ntest': 10662}","{'devacc': np.float64(90.39), 'acc': np.float64(90.31), 'ndev': 3775, 'ntest': 3775}","{'devacc': np.float64(94.46), 'acc': np.float64(94.52), 'ndev': 10000, 'ntest': 10000}","{'devacc': np.float64(78.02), 'acc': np.float64(78.69), 'ndev': 10606, 'ntest': 10606}","{'devacc': np.float64(87.96), 'acc': 87.92, 'ndev': 872, 'ntest': 1821}","{'devacc': np.float64(52.92), 'acc': 57.4, 'ndev': 5452, 'ntest': 500}","{'devacc': np.float64(68.87), 'acc': 68.41, 'f1': 77.67, 'ndev': 4076, 'ntest': 1725}"
allmpnet,AVG_SUM-6-7,"torch.Size([61, 768])",NORMAL,4,0,12,"{'devacc': np.float64(85.92), 'acc': np.float64(86.04), 'ndev': 10662, 'ntest': 10662}","{'devacc': np.float64(91.23), 'acc': np.float64(91.15), 'ndev': 3775, 'ntest': 3775}","{'devacc': np.float64(96.18), 'acc': np.float64(96.17), 'ndev': 10000, 'ntest': 10000}","{'devacc': np.float64(90.92), 'acc': np.float64(90.97), 'ndev': 10606, 'ntest': 10606}","{'devacc': np.float64(89.56), 'acc': 90.88, 'ndev': 872, 'ntest': 1821}","{'devacc': np.float64(89.34), 'acc': 94.6, 'ndev': 5452, 'ntest': 500}","{'devacc': np.float64(75.17), 'acc': 74.67, 'f1': 81.93, 'ndev': 4076, 'ntest': 1725}"
allmpnet,SUM_SUM-6-7,"torch.Size([61, 768])",NORMAL,4,0,12,"{'devacc': np.float64(84.67), 'acc': np.float64(84.9), 'ndev': 10662, 'ntest': 10662}","{'devacc': np.float64(88.05), 'acc': np.float64(87.44), 'ndev': 3775, 'ntest': 3775}","{'devacc': np.float64(94.58), 'acc': np.float64(94.56), 'ndev': 10000, 'ntest': 10000}","{'devacc': np.float64(89.18), 'acc': np.float64(89.53), 'ndev': 10606, 'ntest': 10606}","{'devacc': np.float64(90.25), 'acc': 90.77, 'ndev': 872, 'ntest': 1821}","{'devacc': np.float64(87.49), 'acc': 93.0, 'ndev': 5452, 'ntest': 500}","{'devacc': np.float64(70.07), 'acc': 68.81, 'f1': 77.24, 'ndev': 4076, 'ntest': 1725}"
allmpnet,MAX_SUM-6-7,"torch.Size([61, 768])",NORMAL,4,0,12,"{'devacc': np.float64(82.94), 'acc': np.float64(83.08), 'ndev': 10662, 'ntest': 10662}","{'devacc': np.float64(88.24), 'acc': np.float64(87.87), 'ndev': 3775, 'ntest': 3775}","{'devacc': np.float64(94.09), 'acc': np.float64(94.37), 'ndev': 10000, 'ntest': 10000}","{'devacc': np.float64(89.47), 'acc': np.float64(89.54), 'ndev': 10606, 'ntest': 10606}","{'devacc': np.float64(87.39), 'acc': 88.74, 'ndev': 872, 'ntest': 1821}","{'devacc': np.float64(87.64), 'acc': 91.8, 'ndev': 5452, 'ntest': 500}","{'devacc': np.float64(73.31), 'acc': 73.22, 'f1': 80.22, 'ndev': 4076, 'ntest': 1725}"
allmpnet,AVG-NS_SUM-6-7,"torch.Size([61, 768])",NORMAL,4,0,12,"{'devacc': np.float64(84.99), 'acc': np.float64(85.05), 'ndev': 10662, 'ntest': 10662}","{'devacc': np.float64(90.05), 'acc': np.float64(89.91), 'ndev': 3775, 'ntest': 3775}","{'devacc': np.float64(95.94), 'acc': np.float64(95.86), 'ndev': 10000, 'ntest': 10000}","{'devacc': np.float64(89.92), 'acc': np.float64(89.95), 'ndev': 10606, 'ntest': 10606}","{'devacc': np.float64(89.45), 'acc': 90.28, 'ndev': 872, 'ntest': 1821}","{'devacc': np.float64(85.95), 'acc': 91.4, 'ndev': 5452, 'ntest': 500}","{'devacc': np.float64(72.59), 'acc': 73.04, 'f1': 80.54, 'ndev': 4076, 'ntest': 1725}"
allmpnet,SUM-NS_SUM-6-7,"torch.Size([61, 768])",NORMAL,4,0,12,"{'devacc': np.float64(83.66), 'acc': np.float64(83.69), 'ndev': 10662, 'ntest': 10662}","{'devacc': np.float64(86.5), 'acc': np.float64(86.55), 'ndev': 3775, 'ntest': 3775}","{'devacc': np.float64(94.32), 'acc': np.float64(94.34), 'ndev': 10000, 'ntest': 10000}","{'devacc': np.float64(88.97), 'acc': np.float64(89.12), 'ndev': 10606, 'ntest': 10606}","{'devacc': np.float64(89.79), 'acc': 89.9, 'ndev': 872, 'ntest': 1821}","{'devacc': np.float64(83.47), 'acc': 90.0, 'ndev': 5452, 'ntest': 500}","{'devacc': np.float64(69.9), 'acc': 70.43, 'f1': 78.77, 'ndev': 4076, 'ntest': 1725}"
allmpnet,MAX-NS_SUM-6-7,"torch.Size([61, 768])",NORMAL,4,0,12,"{'devacc': np.float64(82.0), 'acc': np.float64(82.26), 'ndev': 10662, 'ntest': 10662}","{'devacc': np.float64(63.69), 'acc': np.float64(66.06), 'ndev': 3775, 'ntest': 3775}","{'devacc': np.float64(93.61), 'acc': np.float64(93.65), 'ndev': 10000, 'ntest': 10000}","{'devacc': np.float64(31.74), 'acc': np.float64(31.75), 'ndev': 10606, 'ntest': 10606}","{'devacc': np.float64(49.08), 'acc': 50.08, 'ndev': 872, 'ntest': 1821}","{'devacc': np.float64(82.06), 'acc': 89.2, 'ndev': 5452, 'ntest': 500}","{'devacc': np.float64(72.2), 'acc': 72.23, 'f1': 79.64, 'ndev': 4076, 'ntest': 1725}"
allmpnet,CLS_SUM-7-8,"torch.Size([61, 768])",NORMAL,4,0,12,"{'devacc': np.float64(83.88), 'acc': np.float64(83.79), 'ndev': 10662, 'ntest': 10662}","{'devacc': np.float64(90.22), 'acc': np.float64(90.33), 'ndev': 3775, 'ntest': 3775}","{'devacc': np.float64(94.51), 'acc': np.float64(94.59), 'ndev': 10000, 'ntest': 10000}","{'devacc': np.float64(85.36), 'acc': np.float64(85.65), 'ndev': 10606, 'ntest': 10606}","{'devacc': np.float64(87.04), 'acc': 87.75, 'ndev': 872, 'ntest': 1821}","{'devacc': np.float64(58.53), 'acc': 60.6, 'ndev': 5452, 'ntest': 500}","{'devacc': np.float64(69.18), 'acc': 68.93, 'f1': 78.51, 'ndev': 4076, 'ntest': 1725}"
allmpnet,AVG_SUM-7-8,"torch.Size([61, 768])",NORMAL,4,0,12,"{'devacc': np.float64(86.28), 'acc': np.float64(86.55), 'ndev': 10662, 'ntest': 10662}","{'devacc': np.float64(91.39), 'acc': np.float64(91.34), 'ndev': 3775, 'ntest': 3775}","{'devacc': np.float64(96.07), 'acc': np.float64(96.0), 'ndev': 10000, 'ntest': 10000}","{'devacc': np.float64(90.81), 'acc': np.float64(90.84), 'ndev': 10606, 'ntest': 10606}","{'devacc': np.float64(89.68), 'acc': 91.54, 'ndev': 872, 'ntest': 1821}","{'devacc': np.float64(89.8), 'acc': 94.8, 'ndev': 5452, 'ntest': 500}","{'devacc': np.float64(75.66), 'acc': 73.68, 'f1': 81.15, 'ndev': 4076, 'ntest': 1725}"
allmpnet,SUM_SUM-7-8,"torch.Size([61, 768])",NORMAL,4,0,12,"{'devacc': np.float64(84.91), 'acc': np.float64(85.06), 'ndev': 10662, 'ntest': 10662}","{'devacc': np.float64(88.32), 'acc': np.float64(88.08), 'ndev': 3775, 'ntest': 3775}","{'devacc': np.float64(94.44), 'acc': np.float64(94.57), 'ndev': 10000, 'ntest': 10000}","{'devacc': np.float64(89.32), 'acc': np.float64(89.49), 'ndev': 10606, 'ntest': 10606}","{'devacc': np.float64(89.79), 'acc': 91.16, 'ndev': 872, 'ntest': 1821}","{'devacc': np.float64(87.97), 'acc': 94.2, 'ndev': 5452, 'ntest': 500}","{'devacc': np.float64(70.88), 'acc': 68.0, 'f1': 76.88, 'ndev': 4076, 'ntest': 1725}"
allmpnet,MAX_SUM-7-8,"torch.Size([61, 768])",NORMAL,4,0,12,"{'devacc': np.float64(83.72), 'acc': np.float64(83.33), 'ndev': 10662, 'ntest': 10662}","{'devacc': np.float64(88.62), 'acc': np.float64(89.01), 'ndev': 3775, 'ntest': 3775}","{'devacc': np.float64(94.15), 'acc': np.float64(94.21), 'ndev': 10000, 'ntest': 10000}","{'devacc': np.float64(89.18), 'acc': np.float64(89.31), 'ndev': 10606, 'ntest': 10606}","{'devacc': np.float64(87.84), 'acc': 89.73, 'ndev': 872, 'ntest': 1821}","{'devacc': np.float64(87.07), 'acc': 92.4, 'ndev': 5452, 'ntest': 500}","{'devacc': np.float64(72.69), 'acc': 70.9, 'f1': 78.53, 'ndev': 4076, 'ntest': 1725}"
allmpnet,AVG-NS_SUM-7-8,"torch.Size([61, 768])",NORMAL,4,0,12,"{'devacc': np.float64(85.47), 'acc': np.float64(85.47), 'ndev': 10662, 'ntest': 10662}","{'devacc': np.float64(90.4), 'acc': np.float64(90.52), 'ndev': 3775, 'ntest': 3775}","{'devacc': np.float64(95.79), 'acc': np.float64(95.8), 'ndev': 10000, 'ntest': 10000}","{'devacc': np.float64(89.79), 'acc': np.float64(90.05), 'ndev': 10606, 'ntest': 10606}","{'devacc': np.float64(89.68), 'acc': 90.61, 'ndev': 872, 'ntest': 1821}","{'devacc': np.float64(85.8), 'acc': 92.0, 'ndev': 5452, 'ntest': 500}","{'devacc': np.float64(72.15), 'acc': 71.65, 'f1': 79.62, 'ndev': 4076, 'ntest': 1725}"
allmpnet,SUM-NS_SUM-7-8,"torch.Size([61, 768])",NORMAL,4,0,12,"{'devacc': np.float64(84.22), 'acc': np.float64(84.38), 'ndev': 10662, 'ntest': 10662}","{'devacc': np.float64(87.29), 'acc': np.float64(87.44), 'ndev': 3775, 'ntest': 3775}","{'devacc': np.float64(94.12), 'acc': np.float64(94.2), 'ndev': 10000, 'ntest': 10000}","{'devacc': np.float64(88.76), 'acc': np.float64(89.1), 'ndev': 10606, 'ntest': 10606}","{'devacc': np.float64(88.99), 'acc': 89.73, 'ndev': 872, 'ntest': 1821}","{'devacc': np.float64(84.01), 'acc': 89.4, 'ndev': 5452, 'ntest': 500}","{'devacc': np.float64(70.29), 'acc': 69.51, 'f1': 77.58, 'ndev': 4076, 'ntest': 1725}"
allmpnet,MAX-NS_SUM-7-8,"torch.Size([61, 768])",NORMAL,4,0,12,"{'devacc': np.float64(82.79), 'acc': np.float64(82.73), 'ndev': 10662, 'ntest': 10662}","{'devacc': np.float64(63.76), 'acc': np.float64(66.04), 'ndev': 3775, 'ntest': 3775}","{'devacc': np.float64(93.64), 'acc': np.float64(93.76), 'ndev': 10000, 'ntest': 10000}","{'devacc': np.float64(31.74), 'acc': np.float64(31.75), 'ndev': 10606, 'ntest': 10606}","{'devacc': np.float64(49.08), 'acc': 50.08, 'ndev': 872, 'ntest': 1821}","{'devacc': np.float64(82.47), 'acc': 87.6, 'ndev': 5452, 'ntest': 500}","{'devacc': np.float64(71.66), 'acc': 70.38, 'f1': 78.17, 'ndev': 4076, 'ntest': 1725}"
allmpnet,CLS_SUM-8-9,"torch.Size([61, 768])",NORMAL,4,0,12,"{'devacc': np.float64(84.12), 'acc': np.float64(84.04), 'ndev': 10662, 'ntest': 10662}","{'devacc': np.float64(90.01), 'acc': np.float64(90.07), 'ndev': 3775, 'ntest': 3775}","{'devacc': np.float64(94.88), 'acc': np.float64(94.86), 'ndev': 10000, 'ntest': 10000}","{'devacc': np.float64(86.77), 'acc': np.float64(87.06), 'ndev': 10606, 'ntest': 10606}","{'devacc': np.float64(87.61), 'acc': 86.82, 'ndev': 872, 'ntest': 1821}","{'devacc': np.float64(59.5), 'acc': 66.4, 'ndev': 5452, 'ntest': 500}","{'devacc': np.float64(70.78), 'acc': 71.13, 'f1': 81.06, 'ndev': 4076, 'ntest': 1725}"
allmpnet,AVG_SUM-8-9,"torch.Size([61, 768])",NORMAL,4,0,12,"{'devacc': np.float64(86.6), 'acc': np.float64(86.66), 'ndev': 10662, 'ntest': 10662}","{'devacc': np.float64(91.7), 'acc': np.float64(91.84), 'ndev': 3775, 'ntest': 3775}","{'devacc': np.float64(95.96), 'acc': np.float64(96.04), 'ndev': 10000, 'ntest': 10000}","{'devacc': np.float64(90.51), 'acc': np.float64(90.65), 'ndev': 10606, 'ntest': 10606}","{'devacc': np.float64(90.48), 'acc': 91.65, 'ndev': 872, 'ntest': 1821}","{'devacc': np.float64(90.24), 'acc': 96.4, 'ndev': 5452, 'ntest': 500}","{'devacc': np.float64(75.22), 'acc': 74.26, 'f1': 81.42, 'ndev': 4076, 'ntest': 1725}"
allmpnet,SUM_SUM-8-9,"torch.Size([61, 768])",NORMAL,4,0,12,"{'devacc': np.float64(85.2), 'acc': np.float64(85.58), 'ndev': 10662, 'ntest': 10662}","{'devacc': np.float64(88.19), 'acc': np.float64(88.32), 'ndev': 3775, 'ntest': 3775}","{'devacc': np.float64(94.24), 'acc': np.float64(94.34), 'ndev': 10000, 'ntest': 10000}","{'devacc': np.float64(88.81), 'acc': np.float64(89.04), 'ndev': 10606, 'ntest': 10606}","{'devacc': np.float64(90.25), 'acc': 90.99, 'ndev': 872, 'ntest': 1821}","{'devacc': np.float64(88.46), 'acc': 95.6, 'ndev': 5452, 'ntest': 500}","{'devacc': np.float64(71.07), 'acc': 70.96, 'f1': 78.41, 'ndev': 4076, 'ntest': 1725}"
allmpnet,MAX_SUM-8-9,"torch.Size([61, 768])",NORMAL,4,0,12,"{'devacc': np.float64(84.83), 'acc': np.float64(84.98), 'ndev': 10662, 'ntest': 10662}","{'devacc': np.float64(88.51), 'acc': np.float64(88.66), 'ndev': 3775, 'ntest': 3775}","{'devacc': np.float64(94.29), 'acc': np.float64(94.44), 'ndev': 10000, 'ntest': 10000}","{'devacc': np.float64(89.12), 'acc': np.float64(89.27), 'ndev': 10606, 'ntest': 10606}","{'devacc': np.float64(89.22), 'acc': 90.94, 'ndev': 872, 'ntest': 1821}","{'devacc': np.float64(88.35), 'acc': 92.2, 'ndev': 5452, 'ntest': 500}","{'devacc': np.float64(73.23), 'acc': 70.9, 'f1': 78.4, 'ndev': 4076, 'ntest': 1725}"
allmpnet,AVG-NS_SUM-8-9,"torch.Size([61, 768])",NORMAL,4,0,12,"{'devacc': np.float64(85.99), 'acc': np.float64(85.97), 'ndev': 10662, 'ntest': 10662}","{'devacc': np.float64(90.44), 'acc': np.float64(90.65), 'ndev': 3775, 'ntest': 3775}","{'devacc': np.float64(95.57), 'acc': np.float64(95.71), 'ndev': 10000, 'ntest': 10000}","{'devacc': np.float64(89.65), 'acc': np.float64(89.84), 'ndev': 10606, 'ntest': 10606}","{'devacc': np.float64(90.14), 'acc': 90.83, 'ndev': 872, 'ntest': 1821}","{'devacc': np.float64(85.49), 'acc': 92.2, 'ndev': 5452, 'ntest': 500}","{'devacc': np.float64(72.3), 'acc': 72.52, 'f1': 80.28, 'ndev': 4076, 'ntest': 1725}"
allmpnet,SUM-NS_SUM-8-9,"torch.Size([61, 768])",NORMAL,4,0,12,"{'devacc': np.float64(84.69), 'acc': np.float64(84.91), 'ndev': 10662, 'ntest': 10662}","{'devacc': np.float64(87.4), 'acc': np.float64(87.07), 'ndev': 3775, 'ntest': 3775}","{'devacc': np.float64(94.05), 'acc': np.float64(94.14), 'ndev': 10000, 'ntest': 10000}","{'devacc': np.float64(88.49), 'acc': np.float64(88.61), 'ndev': 10606, 'ntest': 10606}","{'devacc': np.float64(89.33), 'acc': 89.79, 'ndev': 872, 'ntest': 1821}","{'devacc': np.float64(83.71), 'acc': 92.8, 'ndev': 5452, 'ntest': 500}","{'devacc': np.float64(70.09), 'acc': 70.49, 'f1': 78.42, 'ndev': 4076, 'ntest': 1725}"
allmpnet,MAX-NS_SUM-8-9,"torch.Size([61, 768])",NORMAL,4,0,12,"{'devacc': np.float64(83.94), 'acc': np.float64(83.99), 'ndev': 10662, 'ntest': 10662}","{'devacc': np.float64(63.82), 'acc': np.float64(65.9), 'ndev': 3775, 'ntest': 3775}","{'devacc': np.float64(93.77), 'acc': np.float64(93.67), 'ndev': 10000, 'ntest': 10000}","{'devacc': np.float64(39.02), 'acc': np.float64(39.01), 'ndev': 10606, 'ntest': 10606}","{'devacc': np.float64(49.08), 'acc': 50.08, 'ndev': 872, 'ntest': 1821}","{'devacc': np.float64(82.81), 'acc': 86.4, 'ndev': 5452, 'ntest': 500}","{'devacc': np.float64(70.09), 'acc': 70.43, 'f1': 78.26, 'ndev': 4076, 'ntest': 1725}"
allmpnet,CLS_SUM-9-10,"torch.Size([61, 768])",NORMAL,4,0,12,"{'devacc': np.float64(83.77), 'acc': np.float64(83.82), 'ndev': 10662, 'ntest': 10662}","{'devacc': np.float64(87.4), 'acc': np.float64(87.63), 'ndev': 3775, 'ntest': 3775}","{'devacc': np.float64(92.66), 'acc': np.float64(92.81), 'ndev': 10000, 'ntest': 10000}","{'devacc': np.float64(81.09), 'acc': np.float64(81.38), 'ndev': 10606, 'ntest': 10606}","{'devacc': np.float64(87.16), 'acc': 88.69, 'ndev': 872, 'ntest': 1821}","{'devacc': np.float64(62.27), 'acc': 73.8, 'ndev': 5452, 'ntest': 500}","{'devacc': np.float64(68.11), 'acc': 66.78, 'f1': 79.54, 'ndev': 4076, 'ntest': 1725}"
allmpnet,AVG_SUM-9-10,"torch.Size([61, 768])",NORMAL,4,0,12,"{'devacc': np.float64(86.69), 'acc': np.float64(86.69), 'ndev': 10662, 'ntest': 10662}","{'devacc': np.float64(91.66), 'acc': np.float64(91.81), 'ndev': 3775, 'ntest': 3775}","{'devacc': np.float64(95.82), 'acc': np.float64(95.74), 'ndev': 10000, 'ntest': 10000}","{'devacc': np.float64(90.34), 'acc': np.float64(90.41), 'ndev': 10606, 'ntest': 10606}","{'devacc': np.float64(90.6), 'acc': 91.27, 'ndev': 872, 'ntest': 1821}","{'devacc': np.float64(91.07), 'acc': 96.6, 'ndev': 5452, 'ntest': 500}","{'devacc': np.float64(75.69), 'acc': 74.96, 'f1': 82.01, 'ndev': 4076, 'ntest': 1725}"
allmpnet,SUM_SUM-9-10,"torch.Size([61, 768])",NORMAL,4,0,12,"{'devacc': np.float64(85.18), 'acc': np.float64(85.26), 'ndev': 10662, 'ntest': 10662}","{'devacc': np.float64(88.65), 'acc': np.float64(88.29), 'ndev': 3775, 'ntest': 3775}","{'devacc': np.float64(94.04), 'acc': np.float64(94.09), 'ndev': 10000, 'ntest': 10000}","{'devacc': np.float64(88.63), 'acc': np.float64(88.67), 'ndev': 10606, 'ntest': 10606}","{'devacc': np.float64(89.79), 'acc': 90.33, 'ndev': 872, 'ntest': 1821}","{'devacc': np.float64(89.42), 'acc': 96.0, 'ndev': 5452, 'ntest': 500}","{'devacc': np.float64(72.3), 'acc': 70.43, 'f1': 77.98, 'ndev': 4076, 'ntest': 1725}"
allmpnet,MAX_SUM-9-10,"torch.Size([61, 768])",NORMAL,4,0,12,"{'devacc': np.float64(84.45), 'acc': np.float64(84.41), 'ndev': 10662, 'ntest': 10662}","{'devacc': np.float64(88.62), 'acc': np.float64(89.08), 'ndev': 3775, 'ntest': 3775}","{'devacc': np.float64(94.0), 'acc': np.float64(94.23), 'ndev': 10000, 'ntest': 10000}","{'devacc': np.float64(88.84), 'acc': np.float64(89.04), 'ndev': 10606, 'ntest': 10606}","{'devacc': np.float64(89.22), 'acc': 90.94, 'ndev': 872, 'ntest': 1821}","{'devacc': np.float64(89.78), 'acc': 93.8, 'ndev': 5452, 'ntest': 500}","{'devacc': np.float64(70.61), 'acc': 71.77, 'f1': 79.0, 'ndev': 4076, 'ntest': 1725}"
allmpnet,AVG-NS_SUM-9-10,"torch.Size([61, 768])",NORMAL,4,0,12,"{'devacc': np.float64(86.23), 'acc': np.float64(86.19), 'ndev': 10662, 'ntest': 10662}","{'devacc': np.float64(90.58), 'acc': np.float64(90.7), 'ndev': 3775, 'ntest': 3775}","{'devacc': np.float64(95.48), 'acc': np.float64(95.54), 'ndev': 10000, 'ntest': 10000}","{'devacc': np.float64(89.37), 'acc': np.float64(89.68), 'ndev': 10606, 'ntest': 10606}","{'devacc': np.float64(90.14), 'acc': 90.77, 'ndev': 872, 'ntest': 1821}","{'devacc': np.float64(86.22), 'acc': 92.8, 'ndev': 5452, 'ntest': 500}","{'devacc': np.float64(73.23), 'acc': 73.1, 'f1': 80.75, 'ndev': 4076, 'ntest': 1725}"
allmpnet,SUM-NS_SUM-9-10,"torch.Size([61, 768])",NORMAL,4,0,12,"{'devacc': np.float64(84.67), 'acc': np.float64(84.78), 'ndev': 10662, 'ntest': 10662}","{'devacc': np.float64(87.61), 'acc': np.float64(87.36), 'ndev': 3775, 'ntest': 3775}","{'devacc': np.float64(93.84), 'acc': np.float64(93.99), 'ndev': 10000, 'ntest': 10000}","{'devacc': np.float64(88.14), 'acc': np.float64(88.54), 'ndev': 10606, 'ntest': 10606}","{'devacc': np.float64(90.94), 'acc': 90.12, 'ndev': 872, 'ntest': 1821}","{'devacc': np.float64(84.59), 'acc': 91.6, 'ndev': 5452, 'ntest': 500}","{'devacc': np.float64(71.15), 'acc': 69.28, 'f1': 77.17, 'ndev': 4076, 'ntest': 1725}"
allmpnet,MAX-NS_SUM-9-10,"torch.Size([61, 768])",NORMAL,4,0,12,"{'devacc': np.float64(83.56), 'acc': np.float64(83.58), 'ndev': 10662, 'ntest': 10662}","{'devacc': np.float64(63.82), 'acc': np.float64(66.09), 'ndev': 3775, 'ntest': 3775}","{'devacc': np.float64(93.49), 'acc': np.float64(93.51), 'ndev': 10000, 'ntest': 10000}","{'devacc': np.float64(40.06), 'acc': np.float64(40.06), 'ndev': 10606, 'ntest': 10606}","{'devacc': np.float64(49.08), 'acc': 50.03, 'ndev': 872, 'ntest': 1821}","{'devacc': np.float64(83.82), 'acc': 89.0, 'ndev': 5452, 'ntest': 500}","{'devacc': np.float64(70.41), 'acc': 70.61, 'f1': 77.93, 'ndev': 4076, 'ntest': 1725}"
allmpnet,CLS_SUM-10-11,"torch.Size([61, 768])",NORMAL,4,0,12,"{'devacc': np.float64(81.35), 'acc': np.float64(81.61), 'ndev': 10662, 'ntest': 10662}","{'devacc': np.float64(82.6), 'acc': np.float64(82.83), 'ndev': 3775, 'ntest': 3775}","{'devacc': np.float64(90.21), 'acc': np.float64(90.42), 'ndev': 10000, 'ntest': 10000}","{'devacc': np.float64(84.02), 'acc': np.float64(84.37), 'ndev': 10606, 'ntest': 10606}","{'devacc': np.float64(84.29), 'acc': 85.5, 'ndev': 872, 'ntest': 1821}","{'devacc': np.float64(86.43), 'acc': 91.2, 'ndev': 5452, 'ntest': 500}","{'devacc': np.float64(70.78), 'acc': 69.86, 'f1': 80.35, 'ndev': 4076, 'ntest': 1725}"
allmpnet,AVG_SUM-10-11,"torch.Size([61, 768])",NORMAL,4,0,12,"{'devacc': np.float64(86.47), 'acc': np.float64(86.35), 'ndev': 10662, 'ntest': 10662}","{'devacc': np.float64(90.89), 'acc': np.float64(91.39), 'ndev': 3775, 'ntest': 3775}","{'devacc': np.float64(95.56), 'acc': np.float64(95.49), 'ndev': 10000, 'ntest': 10000}","{'devacc': np.float64(90.33), 'acc': np.float64(90.5), 'ndev': 10606, 'ntest': 10606}","{'devacc': np.float64(90.37), 'acc': 90.17, 'ndev': 872, 'ntest': 1821}","{'devacc': np.float64(91.01), 'acc': 96.6, 'ndev': 5452, 'ntest': 500}","{'devacc': np.float64(75.29), 'acc': 74.49, 'f1': 81.68, 'ndev': 4076, 'ntest': 1725}"
allmpnet,SUM_SUM-10-11,"torch.Size([61, 768])",NORMAL,4,0,12,"{'devacc': np.float64(84.78), 'acc': np.float64(84.47), 'ndev': 10662, 'ntest': 10662}","{'devacc': np.float64(87.72), 'acc': np.float64(88.0), 'ndev': 3775, 'ntest': 3775}","{'devacc': np.float64(94.2), 'acc': np.float64(94.05), 'ndev': 10000, 'ntest': 10000}","{'devacc': np.float64(88.58), 'acc': np.float64(88.79), 'ndev': 10606, 'ntest': 10606}","{'devacc': np.float64(89.91), 'acc': 90.06, 'ndev': 872, 'ntest': 1821}","{'devacc': np.float64(89.47), 'acc': 95.4, 'ndev': 5452, 'ntest': 500}","{'devacc': np.float64(71.74), 'acc': 71.25, 'f1': 78.84, 'ndev': 4076, 'ntest': 1725}"
allmpnet,MAX_SUM-10-11,"torch.Size([61, 768])",NORMAL,4,0,12,"{'devacc': np.float64(84.16), 'acc': np.float64(83.84), 'ndev': 10662, 'ntest': 10662}","{'devacc': np.float64(88.01), 'acc': np.float64(88.13), 'ndev': 3775, 'ntest': 3775}","{'devacc': np.float64(93.6), 'acc': np.float64(93.92), 'ndev': 10000, 'ntest': 10000}","{'devacc': np.float64(88.7), 'acc': np.float64(88.96), 'ndev': 10606, 'ntest': 10606}","{'devacc': np.float64(87.96), 'acc': 89.79, 'ndev': 872, 'ntest': 1821}","{'devacc': np.float64(89.44), 'acc': 94.2, 'ndev': 5452, 'ntest': 500}","{'devacc': np.float64(71.54), 'acc': 71.83, 'f1': 79.16, 'ndev': 4076, 'ntest': 1725}"
allmpnet,AVG-NS_SUM-10-11,"torch.Size([61, 768])",NORMAL,4,0,12,"{'devacc': np.float64(85.78), 'acc': np.float64(85.62), 'ndev': 10662, 'ntest': 10662}","{'devacc': np.float64(89.78), 'acc': np.float64(90.07), 'ndev': 3775, 'ntest': 3775}","{'devacc': np.float64(95.26), 'acc': np.float64(95.34), 'ndev': 10000, 'ntest': 10000}","{'devacc': np.float64(89.31), 'acc': np.float64(89.4), 'ndev': 10606, 'ntest': 10606}","{'devacc': np.float64(90.83), 'acc': 89.9, 'ndev': 872, 'ntest': 1821}","{'devacc': np.float64(86.21), 'acc': 92.6, 'ndev': 5452, 'ntest': 500}","{'devacc': np.float64(74.21), 'acc': 72.81, 'f1': 80.42, 'ndev': 4076, 'ntest': 1725}"
allmpnet,SUM-NS_SUM-10-11,"torch.Size([61, 768])",NORMAL,4,0,12,"{'devacc': np.float64(84.44), 'acc': np.float64(84.55), 'ndev': 10662, 'ntest': 10662}","{'devacc': np.float64(86.92), 'acc': np.float64(87.02), 'ndev': 3775, 'ntest': 3775}","{'devacc': np.float64(93.76), 'acc': np.float64(93.73), 'ndev': 10000, 'ntest': 10000}","{'devacc': np.float64(88.23), 'acc': np.float64(88.55), 'ndev': 10606, 'ntest': 10606}","{'devacc': np.float64(90.83), 'acc': 90.28, 'ndev': 872, 'ntest': 1821}","{'devacc': np.float64(83.9), 'acc': 89.0, 'ndev': 5452, 'ntest': 500}","{'devacc': np.float64(71.96), 'acc': 70.67, 'f1': 78.32, 'ndev': 4076, 'ntest': 1725}"
allmpnet,MAX-NS_SUM-10-11,"torch.Size([61, 768])",NORMAL,4,0,12,"{'devacc': np.float64(83.54), 'acc': np.float64(83.5), 'ndev': 10662, 'ntest': 10662}","{'devacc': np.float64(63.73), 'acc': np.float64(65.9), 'ndev': 3775, 'ntest': 3775}","{'devacc': np.float64(93.14), 'acc': np.float64(93.3), 'ndev': 10000, 'ntest': 10000}","{'devacc': np.float64(39.89), 'acc': np.float64(39.89), 'ndev': 10606, 'ntest': 10606}","{'devacc': np.float64(49.08), 'acc': 50.08, 'ndev': 872, 'ntest': 1821}","{'devacc': np.float64(83.18), 'acc': 90.4, 'ndev': 5452, 'ntest': 500}","{'devacc': np.float64(69.48), 'acc': 70.72, 'f1': 78.45, 'ndev': 4076, 'ntest': 1725}"
allmpnet,CLS_SUM-11-12,"torch.Size([61, 768])",NORMAL,4,0,12,"{'devacc': np.float64(84.32), 'acc': np.float64(84.45), 'ndev': 10662, 'ntest': 10662}","{'devacc': np.float64(88.06), 'acc': np.float64(88.42), 'ndev': 3775, 'ntest': 3775}","{'devacc': np.float64(93.67), 'acc': np.float64(93.72), 'ndev': 10000, 'ntest': 10000}","{'devacc': np.float64(89.49), 'acc': np.float64(89.57), 'ndev': 10606, 'ntest': 10606}","{'devacc': np.float64(88.88), 'acc': 87.59, 'ndev': 872, 'ntest': 1821}","{'devacc': np.float64(88.92), 'acc': 92.2, 'ndev': 5452, 'ntest': 500}","{'devacc': np.float64(73.65), 'acc': 73.57, 'f1': 81.52, 'ndev': 4076, 'ntest': 1725}"
allmpnet,AVG_SUM-11-12,"torch.Size([61, 768])",NORMAL,4,0,12,"{'devacc': np.float64(85.73), 'acc': np.float64(85.64), 'ndev': 10662, 'ntest': 10662}","{'devacc': np.float64(89.25), 'acc': np.float64(89.62), 'ndev': 3775, 'ntest': 3775}","{'devacc': np.float64(95.17), 'acc': np.float64(95.12), 'ndev': 10000, 'ntest': 10000}","{'devacc': np.float64(90.15), 'acc': np.float64(90.42), 'ndev': 10606, 'ntest': 10606}","{'devacc': np.float64(89.56), 'acc': 90.17, 'ndev': 872, 'ntest': 1821}","{'devacc': np.float64(90.33), 'acc': 95.6, 'ndev': 5452, 'ntest': 500}","{'devacc': np.float64(74.92), 'acc': 74.67, 'f1': 81.84, 'ndev': 4076, 'ntest': 1725}"
allmpnet,SUM_SUM-11-12,"torch.Size([61, 768])",NORMAL,4,0,12,"{'devacc': np.float64(84.12), 'acc': np.float64(84.29), 'ndev': 10662, 'ntest': 10662}","{'devacc': np.float64(85.83), 'acc': np.float64(86.81), 'ndev': 3775, 'ntest': 3775}","{'devacc': np.float64(93.62), 'acc': np.float64(93.69), 'ndev': 10000, 'ntest': 10000}","{'devacc': np.float64(88.74), 'acc': np.float64(89.04), 'ndev': 10606, 'ntest': 10606}","{'devacc': np.float64(89.11), 'acc': 89.79, 'ndev': 872, 'ntest': 1821}","{'devacc': np.float64(88.46), 'acc': 94.6, 'ndev': 5452, 'ntest': 500}","{'devacc': np.float64(71.51), 'acc': 72.58, 'f1': 79.66, 'ndev': 4076, 'ntest': 1725}"
allmpnet,MAX_SUM-11-12,"torch.Size([61, 768])",NORMAL,4,0,12,"{'devacc': np.float64(84.29), 'acc': np.float64(84.32), 'ndev': 10662, 'ntest': 10662}","{'devacc': np.float64(87.6), 'acc': np.float64(87.76), 'ndev': 3775, 'ntest': 3775}","{'devacc': np.float64(93.8), 'acc': np.float64(93.88), 'ndev': 10000, 'ntest': 10000}","{'devacc': np.float64(89.19), 'acc': np.float64(89.42), 'ndev': 10606, 'ntest': 10606}","{'devacc': np.float64(88.42), 'acc': 88.25, 'ndev': 872, 'ntest': 1821}","{'devacc': np.float64(88.41), 'acc': 95.4, 'ndev': 5452, 'ntest': 500}","{'devacc': np.float64(71.66), 'acc': 70.96, 'f1': 78.47, 'ndev': 4076, 'ntest': 1725}"
allmpnet,AVG-NS_SUM-11-12,"torch.Size([61, 768])",NORMAL,4,0,12,"{'devacc': np.float64(85.42), 'acc': np.float64(85.48), 'ndev': 10662, 'ntest': 10662}","{'devacc': np.float64(88.81), 'acc': np.float64(89.01), 'ndev': 3775, 'ntest': 3775}","{'devacc': np.float64(95.01), 'acc': np.float64(94.85), 'ndev': 10000, 'ntest': 10000}","{'devacc': np.float64(89.48), 'acc': np.float64(89.7), 'ndev': 10606, 'ntest': 10606}","{'devacc': np.float64(89.56), 'acc': 89.57, 'ndev': 872, 'ntest': 1821}","{'devacc': np.float64(86.94), 'acc': 91.8, 'ndev': 5452, 'ntest': 500}","{'devacc': np.float64(75.14), 'acc': 74.96, 'f1': 81.97, 'ndev': 4076, 'ntest': 1725}"
allmpnet,SUM-NS_SUM-11-12,"torch.Size([61, 768])",NORMAL,4,0,12,"{'devacc': np.float64(83.83), 'acc': np.float64(83.93), 'ndev': 10662, 'ntest': 10662}","{'devacc': np.float64(85.55), 'acc': np.float64(86.7), 'ndev': 3775, 'ntest': 3775}","{'devacc': np.float64(93.61), 'acc': np.float64(93.76), 'ndev': 10000, 'ntest': 10000}","{'devacc': np.float64(88.49), 'acc': np.float64(88.66), 'ndev': 10606, 'ntest': 10606}","{'devacc': np.float64(89.22), 'acc': 89.57, 'ndev': 872, 'ntest': 1821}","{'devacc': np.float64(84.76), 'acc': 89.8, 'ndev': 5452, 'ntest': 500}","{'devacc': np.float64(70.75), 'acc': 69.68, 'f1': 77.27, 'ndev': 4076, 'ntest': 1725}"
allmpnet,MAX-NS_SUM-11-12,"torch.Size([61, 768])",NORMAL,4,0,12,"{'devacc': np.float64(83.95), 'acc': np.float64(84.03), 'ndev': 10662, 'ntest': 10662}","{'devacc': np.float64(63.79), 'acc': np.float64(66.33), 'ndev': 3775, 'ntest': 3775}","{'devacc': np.float64(93.47), 'acc': np.float64(93.72), 'ndev': 10000, 'ntest': 10000}","{'devacc': np.float64(31.93), 'acc': np.float64(31.94), 'ndev': 10606, 'ntest': 10606}","{'devacc': np.float64(49.08), 'acc': 50.08, 'ndev': 872, 'ntest': 1821}","{'devacc': np.float64(84.46), 'acc': 90.4, 'ndev': 5452, 'ntest': 500}","{'devacc': np.float64(71.44), 'acc': 71.07, 'f1': 78.67, 'ndev': 4076, 'ntest': 1725}"
allmpnet,CLS_SUM-1-3,"torch.Size([61, 768])",NORMAL,4,0,12,"{'devacc': np.float64(74.9), 'acc': np.float64(75.19), 'ndev': 10662, 'ntest': 10662}","{'devacc': np.float64(78.36), 'acc': np.float64(78.65), 'ndev': 3775, 'ntest': 3775}","{'devacc': np.float64(91.68), 'acc': np.float64(91.74), 'ndev': 10000, 'ntest': 10000}","{'devacc': np.float64(85.29), 'acc': np.float64(85.15), 'ndev': 10606, 'ntest': 10606}","{'devacc': np.float64(79.7), 'acc': 79.08, 'ndev': 872, 'ntest': 1821}","{'devacc': np.float64(73.51), 'acc': 79.0, 'ndev': 5452, 'ntest': 500}","{'devacc': np.float64(73.8), 'acc': 73.8, 'f1': 81.98, 'ndev': 4076, 'ntest': 1725}"
allmpnet,AVG_SUM-1-3,"torch.Size([61, 768])",NORMAL,4,0,12,"{'devacc': np.float64(80.22), 'acc': np.float64(80.31), 'ndev': 10662, 'ntest': 10662}","{'devacc': np.float64(85.25), 'acc': np.float64(85.64), 'ndev': 3775, 'ntest': 3775}","{'devacc': np.float64(94.66), 'acc': np.float64(94.65), 'ndev': 10000, 'ntest': 10000}","{'devacc': np.float64(89.77), 'acc': np.float64(89.79), 'ndev': 10606, 'ntest': 10606}","{'devacc': np.float64(83.6), 'acc': 84.84, 'ndev': 872, 'ntest': 1821}","{'devacc': np.float64(86.12), 'acc': 90.8, 'ndev': 5452, 'ntest': 500}","{'devacc': np.float64(74.09), 'acc': 73.57, 'f1': 81.23, 'ndev': 4076, 'ntest': 1725}"
allmpnet,SUM_SUM-1-3,"torch.Size([61, 768])",NORMAL,4,0,12,"{'devacc': np.float64(79.43), 'acc': np.float64(79.65), 'ndev': 10662, 'ntest': 10662}","{'devacc': np.float64(81.21), 'acc': np.float64(81.85), 'ndev': 3775, 'ntest': 3775}","{'devacc': np.float64(92.49), 'acc': np.float64(92.85), 'ndev': 10000, 'ntest': 10000}","{'devacc': np.float64(88.35), 'acc': np.float64(88.36), 'ndev': 10606, 'ntest': 10606}","{'devacc': np.float64(82.91), 'acc': 84.46, 'ndev': 872, 'ntest': 1821}","{'devacc': np.float64(83.75), 'acc': 89.2, 'ndev': 5452, 'ntest': 500}","{'devacc': np.float64(70.49), 'acc': 70.2, 'f1': 78.29, 'ndev': 4076, 'ntest': 1725}"
allmpnet,MAX_SUM-1-3,"torch.Size([61, 768])",NORMAL,4,0,12,"{'devacc': np.float64(75.06), 'acc': np.float64(75.58), 'ndev': 10662, 'ntest': 10662}","{'devacc': np.float64(79.58), 'acc': np.float64(80.32), 'ndev': 3775, 'ntest': 3775}","{'devacc': np.float64(91.34), 'acc': np.float64(91.43), 'ndev': 10000, 'ntest': 10000}","{'devacc': np.float64(88.06), 'acc': np.float64(88.35), 'ndev': 10606, 'ntest': 10606}","{'devacc': np.float64(79.24), 'acc': 79.96, 'ndev': 872, 'ntest': 1821}","{'devacc': np.float64(83.51), 'acc': 87.8, 'ndev': 5452, 'ntest': 500}","{'devacc': np.float64(71.54), 'acc': 69.97, 'f1': 77.69, 'ndev': 4076, 'ntest': 1725}"
allmpnet,AVG-NS_SUM-1-3,"torch.Size([61, 768])",NORMAL,4,0,12,"{'devacc': np.float64(78.8), 'acc': np.float64(78.87), 'ndev': 10662, 'ntest': 10662}","{'devacc': np.float64(82.55), 'acc': np.float64(82.86), 'ndev': 3775, 'ntest': 3775}","{'devacc': np.float64(93.93), 'acc': np.float64(94.0), 'ndev': 10000, 'ntest': 10000}","{'devacc': np.float64(88.66), 'acc': np.float64(89.01), 'ndev': 10606, 'ntest': 10606}","{'devacc': np.float64(82.22), 'acc': 83.69, 'ndev': 872, 'ntest': 1821}","{'devacc': np.float64(79.46), 'acc': 85.6, 'ndev': 5452, 'ntest': 500}","{'devacc': np.float64(70.34), 'acc': 71.65, 'f1': 79.75, 'ndev': 4076, 'ntest': 1725}"
allmpnet,SUM-NS_SUM-1-3,"torch.Size([61, 768])",NORMAL,4,0,12,"{'devacc': np.float64(77.96), 'acc': np.float64(78.06), 'ndev': 10662, 'ntest': 10662}","{'devacc': np.float64(78.59), 'acc': np.float64(79.1), 'ndev': 3775, 'ntest': 3775}","{'devacc': np.float64(91.93), 'acc': np.float64(92.29), 'ndev': 10000, 'ntest': 10000}","{'devacc': np.float64(87.49), 'acc': np.float64(87.91), 'ndev': 10606, 'ntest': 10606}","{'devacc': np.float64(81.77), 'acc': 84.35, 'ndev': 872, 'ntest': 1821}","{'devacc': np.float64(77.02), 'acc': 85.0, 'ndev': 5452, 'ntest': 500}","{'devacc': np.float64(68.77), 'acc': 68.17, 'f1': 76.71, 'ndev': 4076, 'ntest': 1725}"
allmpnet,MAX-NS_SUM-1-3,"torch.Size([61, 768])",NORMAL,4,0,12,"{'devacc': np.float64(74.4), 'acc': np.float64(74.45), 'ndev': 10662, 'ntest': 10662}","{'devacc': np.float64(62.76), 'acc': np.float64(64.77), 'ndev': 3775, 'ntest': 3775}","{'devacc': np.float64(90.52), 'acc': np.float64(90.44), 'ndev': 10000, 'ntest': 10000}","{'devacc': np.float64(32.0), 'acc': np.float64(32.0), 'ndev': 10606, 'ntest': 10606}","{'devacc': np.float64(49.08), 'acc': 50.08, 'ndev': 872, 'ntest': 1821}","{'devacc': np.float64(75.22), 'acc': 82.4, 'ndev': 5452, 'ntest': 500}","{'devacc': np.float64(70.85), 'acc': 69.45, 'f1': 77.24, 'ndev': 4076, 'ntest': 1725}"
allmpnet,CLS_SUM-2-4,"torch.Size([61, 768])",NORMAL,4,0,12,"{'devacc': np.float64(77.15), 'acc': np.float64(77.33), 'ndev': 10662, 'ntest': 10662}","{'devacc': np.float64(80.85), 'acc': np.float64(81.3), 'ndev': 3775, 'ntest': 3775}","{'devacc': np.float64(93.23), 'acc': np.float64(93.38), 'ndev': 10000, 'ntest': 10000}","{'devacc': np.float64(87.75), 'acc': np.float64(87.92), 'ndev': 10606, 'ntest': 10606}","{'devacc': np.float64(81.08), 'acc': 80.62, 'ndev': 872, 'ntest': 1821}","{'devacc': np.float64(76.89), 'acc': 83.2, 'ndev': 5452, 'ntest': 500}","{'devacc': np.float64(74.04), 'acc': 74.43, 'f1': 82.59, 'ndev': 4076, 'ntest': 1725}"
allmpnet,AVG_SUM-2-4,"torch.Size([61, 768])",NORMAL,4,0,12,"{'devacc': np.float64(80.99), 'acc': np.float64(81.14), 'ndev': 10662, 'ntest': 10662}","{'devacc': np.float64(86.69), 'acc': np.float64(86.54), 'ndev': 3775, 'ntest': 3775}","{'devacc': np.float64(95.28), 'acc': np.float64(95.26), 'ndev': 10000, 'ntest': 10000}","{'devacc': np.float64(89.77), 'acc': np.float64(89.92), 'ndev': 10606, 'ntest': 10606}","{'devacc': np.float64(83.94), 'acc': 86.16, 'ndev': 872, 'ntest': 1821}","{'devacc': np.float64(87.2), 'acc': 92.0, 'ndev': 5452, 'ntest': 500}","{'devacc': np.float64(74.17), 'acc': 72.99, 'f1': 80.63, 'ndev': 4076, 'ntest': 1725}"
allmpnet,SUM_SUM-2-4,"torch.Size([61, 768])",NORMAL,4,0,12,"{'devacc': np.float64(80.23), 'acc': np.float64(80.29), 'ndev': 10662, 'ntest': 10662}","{'devacc': np.float64(82.22), 'acc': np.float64(82.46), 'ndev': 3775, 'ntest': 3775}","{'devacc': np.float64(93.08), 'acc': np.float64(93.36), 'ndev': 10000, 'ntest': 10000}","{'devacc': np.float64(88.26), 'acc': np.float64(88.44), 'ndev': 10606, 'ntest': 10606}","{'devacc': np.float64(83.26), 'acc': 84.46, 'ndev': 872, 'ntest': 1821}","{'devacc': np.float64(85.45), 'acc': 90.6, 'ndev': 5452, 'ntest': 500}","{'devacc': np.float64(70.78), 'acc': 70.2, 'f1': 78.03, 'ndev': 4076, 'ntest': 1725}"
allmpnet,MAX_SUM-2-4,"torch.Size([61, 768])",NORMAL,4,0,12,"{'devacc': np.float64(77.32), 'acc': np.float64(77.47), 'ndev': 10662, 'ntest': 10662}","{'devacc': np.float64(81.25), 'acc': np.float64(81.56), 'ndev': 3775, 'ntest': 3775}","{'devacc': np.float64(92.43), 'acc': np.float64(92.58), 'ndev': 10000, 'ntest': 10000}","{'devacc': np.float64(88.3), 'acc': np.float64(88.57), 'ndev': 10606, 'ntest': 10606}","{'devacc': np.float64(82.57), 'acc': 83.14, 'ndev': 872, 'ntest': 1821}","{'devacc': np.float64(85.14), 'acc': 89.4, 'ndev': 5452, 'ntest': 500}","{'devacc': np.float64(70.22), 'acc': 71.83, 'f1': 78.85, 'ndev': 4076, 'ntest': 1725}"
allmpnet,AVG-NS_SUM-2-4,"torch.Size([61, 768])",NORMAL,4,0,12,"{'devacc': np.float64(79.81), 'acc': np.float64(79.92), 'ndev': 10662, 'ntest': 10662}","{'devacc': np.float64(84.19), 'acc': np.float64(84.05), 'ndev': 3775, 'ntest': 3775}","{'devacc': np.float64(94.71), 'acc': np.float64(94.84), 'ndev': 10000, 'ntest': 10000}","{'devacc': np.float64(88.86), 'acc': np.float64(89.07), 'ndev': 10606, 'ntest': 10606}","{'devacc': np.float64(82.68), 'acc': 85.23, 'ndev': 872, 'ntest': 1821}","{'devacc': np.float64(82.34), 'acc': 87.8, 'ndev': 5452, 'ntest': 500}","{'devacc': np.float64(70.71), 'acc': 71.36, 'f1': 79.42, 'ndev': 4076, 'ntest': 1725}"
allmpnet,SUM-NS_SUM-2-4,"torch.Size([61, 768])",NORMAL,4,0,12,"{'devacc': np.float64(78.82), 'acc': np.float64(78.98), 'ndev': 10662, 'ntest': 10662}","{'devacc': np.float64(79.56), 'acc': np.float64(80.13), 'ndev': 3775, 'ntest': 3775}","{'devacc': np.float64(92.61), 'acc': np.float64(92.84), 'ndev': 10000, 'ntest': 10000}","{'devacc': np.float64(87.79), 'acc': np.float64(88.34), 'ndev': 10606, 'ntest': 10606}","{'devacc': np.float64(81.77), 'acc': 84.62, 'ndev': 872, 'ntest': 1821}","{'devacc': np.float64(80.52), 'acc': 85.4, 'ndev': 5452, 'ntest': 500}","{'devacc': np.float64(68.79), 'acc': 69.62, 'f1': 77.76, 'ndev': 4076, 'ntest': 1725}"
allmpnet,MAX-NS_SUM-2-4,"torch.Size([61, 768])",NORMAL,4,0,12,"{'devacc': np.float64(76.22), 'acc': np.float64(76.38), 'ndev': 10662, 'ntest': 10662}","{'devacc': np.float64(62.91), 'acc': np.float64(65.11), 'ndev': 3775, 'ntest': 3775}","{'devacc': np.float64(91.72), 'acc': np.float64(91.83), 'ndev': 10000, 'ntest': 10000}","{'devacc': np.float64(31.74), 'acc': np.float64(31.75), 'ndev': 10606, 'ntest': 10606}","{'devacc': np.float64(49.08), 'acc': 50.08, 'ndev': 872, 'ntest': 1821}","{'devacc': np.float64(77.99), 'acc': 87.4, 'ndev': 5452, 'ntest': 500}","{'devacc': np.float64(70.9), 'acc': 69.74, 'f1': 77.24, 'ndev': 4076, 'ntest': 1725}"
allmpnet,CLS_SUM-3-5,"torch.Size([61, 768])",NORMAL,4,0,12,"{'devacc': np.float64(80.63), 'acc': np.float64(80.6), 'ndev': 10662, 'ntest': 10662}","{'devacc': np.float64(86.55), 'acc': np.float64(86.15), 'ndev': 3775, 'ntest': 3775}","{'devacc': np.float64(95.17), 'acc': np.float64(95.17), 'ndev': 10000, 'ntest': 10000}","{'devacc': np.float64(89.3), 'acc': np.float64(89.51), 'ndev': 10606, 'ntest': 10606}","{'devacc': np.float64(82.45), 'acc': 82.92, 'ndev': 872, 'ntest': 1821}","{'devacc': np.float64(76.52), 'acc': 80.4, 'ndev': 5452, 'ntest': 500}","{'devacc': np.float64(70.66), 'acc': 70.14, 'f1': 79.65, 'ndev': 4076, 'ntest': 1725}"
allmpnet,AVG_SUM-3-5,"torch.Size([61, 768])",NORMAL,4,0,12,"{'devacc': np.float64(83.3), 'acc': np.float64(83.35), 'ndev': 10662, 'ntest': 10662}","{'devacc': np.float64(88.87), 'acc': np.float64(89.19), 'ndev': 3775, 'ntest': 3775}","{'devacc': np.float64(95.76), 'acc': np.float64(95.6), 'ndev': 10000, 'ntest': 10000}","{'devacc': np.float64(90.23), 'acc': np.float64(90.3), 'ndev': 10606, 'ntest': 10606}","{'devacc': np.float64(87.27), 'acc': 87.86, 'ndev': 872, 'ntest': 1821}","{'devacc': np.float64(88.52), 'acc': 92.0, 'ndev': 5452, 'ntest': 500}","{'devacc': np.float64(75.17), 'acc': 73.97, 'f1': 81.35, 'ndev': 4076, 'ntest': 1725}"
allmpnet,SUM_SUM-3-5,"torch.Size([61, 768])",NORMAL,4,0,12,"{'devacc': np.float64(82.47), 'acc': np.float64(82.65), 'ndev': 10662, 'ntest': 10662}","{'devacc': np.float64(84.86), 'acc': np.float64(84.9), 'ndev': 3775, 'ntest': 3775}","{'devacc': np.float64(93.72), 'acc': np.float64(93.66), 'ndev': 10000, 'ntest': 10000}","{'devacc': np.float64(88.68), 'acc': np.float64(88.88), 'ndev': 10606, 'ntest': 10606}","{'devacc': np.float64(87.39), 'acc': 86.88, 'ndev': 872, 'ntest': 1821}","{'devacc': np.float64(86.85), 'acc': 91.8, 'ndev': 5452, 'ntest': 500}","{'devacc': np.float64(70.76), 'acc': 69.1, 'f1': 77.27, 'ndev': 4076, 'ntest': 1725}"
allmpnet,MAX_SUM-3-5,"torch.Size([61, 768])",NORMAL,4,0,12,"{'devacc': np.float64(79.54), 'acc': np.float64(79.75), 'ndev': 10662, 'ntest': 10662}","{'devacc': np.float64(82.78), 'acc': np.float64(83.18), 'ndev': 3775, 'ntest': 3775}","{'devacc': np.float64(93.22), 'acc': np.float64(93.37), 'ndev': 10000, 'ntest': 10000}","{'devacc': np.float64(88.58), 'acc': np.float64(88.88), 'ndev': 10606, 'ntest': 10606}","{'devacc': np.float64(83.83), 'acc': 85.12, 'ndev': 872, 'ntest': 1821}","{'devacc': np.float64(86.1), 'acc': 91.0, 'ndev': 5452, 'ntest': 500}","{'devacc': np.float64(72.84), 'acc': 72.23, 'f1': 79.33, 'ndev': 4076, 'ntest': 1725}"
allmpnet,AVG-NS_SUM-3-5,"torch.Size([61, 768])",NORMAL,4,0,12,"{'devacc': np.float64(81.82), 'acc': np.float64(82.13), 'ndev': 10662, 'ntest': 10662}","{'devacc': np.float64(86.41), 'acc': np.float64(86.39), 'ndev': 3775, 'ntest': 3775}","{'devacc': np.float64(95.3), 'acc': np.float64(95.38), 'ndev': 10000, 'ntest': 10000}","{'devacc': np.float64(89.11), 'acc': np.float64(89.22), 'ndev': 10606, 'ntest': 10606}","{'devacc': np.float64(84.63), 'acc': 86.11, 'ndev': 872, 'ntest': 1821}","{'devacc': np.float64(84.06), 'acc': 89.2, 'ndev': 5452, 'ntest': 500}","{'devacc': np.float64(70.83), 'acc': 71.54, 'f1': 79.46, 'ndev': 4076, 'ntest': 1725}"
allmpnet,SUM-NS_SUM-3-5,"torch.Size([61, 768])",NORMAL,4,0,12,"{'devacc': np.float64(80.82), 'acc': np.float64(81.17), 'ndev': 10662, 'ntest': 10662}","{'devacc': np.float64(81.82), 'acc': np.float64(82.31), 'ndev': 3775, 'ntest': 3775}","{'devacc': np.float64(93.05), 'acc': np.float64(93.29), 'ndev': 10000, 'ntest': 10000}","{'devacc': np.float64(87.88), 'acc': np.float64(88.2), 'ndev': 10606, 'ntest': 10606}","{'devacc': np.float64(83.83), 'acc': 85.28, 'ndev': 872, 'ntest': 1821}","{'devacc': np.float64(82.3), 'acc': 87.4, 'ndev': 5452, 'ntest': 500}","{'devacc': np.float64(69.87), 'acc': 69.86, 'f1': 77.78, 'ndev': 4076, 'ntest': 1725}"
allmpnet,MAX-NS_SUM-3-5,"torch.Size([61, 768])",NORMAL,4,0,12,"{'devacc': np.float64(78.04), 'acc': np.float64(78.13), 'ndev': 10662, 'ntest': 10662}","{'devacc': np.float64(63.08), 'acc': np.float64(65.38), 'ndev': 3775, 'ntest': 3775}","{'devacc': np.float64(92.57), 'acc': np.float64(92.94), 'ndev': 10000, 'ntest': 10000}","{'devacc': np.float64(31.74), 'acc': np.float64(31.75), 'ndev': 10606, 'ntest': 10606}","{'devacc': np.float64(49.08), 'acc': 50.08, 'ndev': 872, 'ntest': 1821}","{'devacc': np.float64(80.15), 'acc': 86.6, 'ndev': 5452, 'ntest': 500}","{'devacc': np.float64(71.93), 'acc': 70.61, 'f1': 78.21, 'ndev': 4076, 'ntest': 1725}"
allmpnet,CLS_SUM-4-6,"torch.Size([61, 768])",NORMAL,4,0,12,"{'devacc': np.float64(83.52), 'acc': np.float64(83.5), 'ndev': 10662, 'ntest': 10662}","{'devacc': np.float64(88.94), 'acc': np.float64(88.93), 'ndev': 3775, 'ntest': 3775}","{'devacc': np.float64(95.78), 'acc': np.float64(95.71), 'ndev': 10000, 'ntest': 10000}","{'devacc': np.float64(89.04), 'acc': np.float64(89.23), 'ndev': 10606, 'ntest': 10606}","{'devacc': np.float64(85.89), 'acc': 86.55, 'ndev': 872, 'ntest': 1821}","{'devacc': np.float64(75.2), 'acc': 84.4, 'ndev': 5452, 'ntest': 500}","{'devacc': np.float64(70.46), 'acc': 70.26, 'f1': 79.59, 'ndev': 4076, 'ntest': 1725}"
allmpnet,AVG_SUM-4-6,"torch.Size([61, 768])",NORMAL,4,0,12,"{'devacc': np.float64(84.66), 'acc': np.float64(84.8), 'ndev': 10662, 'ntest': 10662}","{'devacc': np.float64(90.22), 'acc': np.float64(90.23), 'ndev': 3775, 'ntest': 3775}","{'devacc': np.float64(95.98), 'acc': np.float64(96.01), 'ndev': 10000, 'ntest': 10000}","{'devacc': np.float64(90.66), 'acc': np.float64(90.81), 'ndev': 10606, 'ntest': 10606}","{'devacc': np.float64(88.99), 'acc': 89.57, 'ndev': 872, 'ntest': 1821}","{'devacc': np.float64(89.18), 'acc': 94.6, 'ndev': 5452, 'ntest': 500}","{'devacc': np.float64(75.02), 'acc': 73.1, 'f1': 80.6, 'ndev': 4076, 'ntest': 1725}"
allmpnet,SUM_SUM-4-6,"torch.Size([61, 768])",NORMAL,4,0,12,"{'devacc': np.float64(83.87), 'acc': np.float64(84.3), 'ndev': 10662, 'ntest': 10662}","{'devacc': np.float64(86.67), 'acc': np.float64(86.12), 'ndev': 3775, 'ntest': 3775}","{'devacc': np.float64(94.18), 'acc': np.float64(94.12), 'ndev': 10000, 'ntest': 10000}","{'devacc': np.float64(89.27), 'acc': np.float64(89.32), 'ndev': 10606, 'ntest': 10606}","{'devacc': np.float64(89.22), 'acc': 89.02, 'ndev': 872, 'ntest': 1821}","{'devacc': np.float64(87.6), 'acc': 93.6, 'ndev': 5452, 'ntest': 500}","{'devacc': np.float64(70.31), 'acc': 68.93, 'f1': 77.27, 'ndev': 4076, 'ntest': 1725}"
allmpnet,MAX_SUM-4-6,"torch.Size([61, 768])",NORMAL,4,0,12,"{'devacc': np.float64(81.11), 'acc': np.float64(81.37), 'ndev': 10662, 'ntest': 10662}","{'devacc': np.float64(85.52), 'acc': np.float64(85.19), 'ndev': 3775, 'ntest': 3775}","{'devacc': np.float64(93.59), 'acc': np.float64(93.81), 'ndev': 10000, 'ntest': 10000}","{'devacc': np.float64(89.14), 'acc': np.float64(89.5), 'ndev': 10606, 'ntest': 10606}","{'devacc': np.float64(85.21), 'acc': 87.53, 'ndev': 872, 'ntest': 1821}","{'devacc': np.float64(87.07), 'acc': 92.8, 'ndev': 5452, 'ntest': 500}","{'devacc': np.float64(72.62), 'acc': 73.28, 'f1': 80.36, 'ndev': 4076, 'ntest': 1725}"
allmpnet,AVG-NS_SUM-4-6,"torch.Size([61, 768])",NORMAL,4,0,12,"{'devacc': np.float64(83.5), 'acc': np.float64(83.58), 'ndev': 10662, 'ntest': 10662}","{'devacc': np.float64(88.42), 'acc': np.float64(88.4), 'ndev': 3775, 'ntest': 3775}","{'devacc': np.float64(95.54), 'acc': np.float64(95.46), 'ndev': 10000, 'ntest': 10000}","{'devacc': np.float64(89.42), 'acc': np.float64(89.71), 'ndev': 10606, 'ntest': 10606}","{'devacc': np.float64(88.19), 'acc': 88.58, 'ndev': 872, 'ntest': 1821}","{'devacc': np.float64(84.7), 'acc': 90.6, 'ndev': 5452, 'ntest': 500}","{'devacc': np.float64(72.18), 'acc': 70.9, 'f1': 78.67, 'ndev': 4076, 'ntest': 1725}"
allmpnet,SUM-NS_SUM-4-6,"torch.Size([61, 768])",NORMAL,4,0,12,"{'devacc': np.float64(82.71), 'acc': np.float64(82.89), 'ndev': 10662, 'ntest': 10662}","{'devacc': np.float64(84.52), 'acc': np.float64(84.21), 'ndev': 3775, 'ntest': 3775}","{'devacc': np.float64(93.59), 'acc': np.float64(93.75), 'ndev': 10000, 'ntest': 10000}","{'devacc': np.float64(88.5), 'acc': np.float64(88.86), 'ndev': 10606, 'ntest': 10606}","{'devacc': np.float64(87.84), 'acc': 88.14, 'ndev': 872, 'ntest': 1821}","{'devacc': np.float64(82.85), 'acc': 89.4, 'ndev': 5452, 'ntest': 500}","{'devacc': np.float64(69.85), 'acc': 69.74, 'f1': 77.52, 'ndev': 4076, 'ntest': 1725}"
allmpnet,MAX-NS_SUM-4-6,"torch.Size([61, 768])",NORMAL,4,0,12,"{'devacc': np.float64(80.14), 'acc': np.float64(80.29), 'ndev': 10662, 'ntest': 10662}","{'devacc': np.float64(63.34), 'acc': np.float64(65.72), 'ndev': 3775, 'ntest': 3775}","{'devacc': np.float64(93.04), 'acc': np.float64(93.13), 'ndev': 10000, 'ntest': 10000}","{'devacc': np.float64(32.12), 'acc': np.float64(31.75), 'ndev': 10606, 'ntest': 10606}","{'devacc': np.float64(49.08), 'acc': 50.08, 'ndev': 872, 'ntest': 1821}","{'devacc': np.float64(81.35), 'acc': 87.6, 'ndev': 5452, 'ntest': 500}","{'devacc': np.float64(72.25), 'acc': 72.75, 'f1': 80.29, 'ndev': 4076, 'ntest': 1725}"
allmpnet,CLS_SUM-5-7,"torch.Size([61, 768])",NORMAL,4,0,12,"{'devacc': np.float64(84.04), 'acc': np.float64(84.12), 'ndev': 10662, 'ntest': 10662}","{'devacc': np.float64(90.32), 'acc': np.float64(90.15), 'ndev': 3775, 'ntest': 3775}","{'devacc': np.float64(95.57), 'acc': np.float64(95.52), 'ndev': 10000, 'ntest': 10000}","{'devacc': np.float64(88.34), 'acc': np.float64(88.39), 'ndev': 10606, 'ntest': 10606}","{'devacc': np.float64(87.16), 'acc': 87.92, 'ndev': 872, 'ntest': 1821}","{'devacc': np.float64(73.72), 'acc': 79.8, 'ndev': 5452, 'ntest': 500}","{'devacc': np.float64(69.38), 'acc': 68.7, 'f1': 78.0, 'ndev': 4076, 'ntest': 1725}"
allmpnet,AVG_SUM-5-7,"torch.Size([61, 768])",NORMAL,4,0,12,"{'devacc': np.float64(85.63), 'acc': np.float64(85.57), 'ndev': 10662, 'ntest': 10662}","{'devacc': np.float64(90.8), 'acc': np.float64(90.73), 'ndev': 3775, 'ntest': 3775}","{'devacc': np.float64(96.06), 'acc': np.float64(96.11), 'ndev': 10000, 'ntest': 10000}","{'devacc': np.float64(90.84), 'acc': np.float64(90.92), 'ndev': 10606, 'ntest': 10606}","{'devacc': np.float64(89.91), 'acc': 90.5, 'ndev': 872, 'ntest': 1821}","{'devacc': np.float64(89.34), 'acc': 94.2, 'ndev': 5452, 'ntest': 500}","{'devacc': np.float64(74.26), 'acc': 73.51, 'f1': 80.63, 'ndev': 4076, 'ntest': 1725}"
allmpnet,SUM_SUM-5-7,"torch.Size([61, 768])",NORMAL,4,0,12,"{'devacc': np.float64(84.59), 'acc': np.float64(84.65), 'ndev': 10662, 'ntest': 10662}","{'devacc': np.float64(87.79), 'acc': np.float64(87.31), 'ndev': 3775, 'ntest': 3775}","{'devacc': np.float64(94.54), 'acc': np.float64(94.61), 'ndev': 10000, 'ntest': 10000}","{'devacc': np.float64(89.29), 'acc': np.float64(89.46), 'ndev': 10606, 'ntest': 10606}","{'devacc': np.float64(90.71), 'acc': 90.5, 'ndev': 872, 'ntest': 1821}","{'devacc': np.float64(87.16), 'acc': 93.0, 'ndev': 5452, 'ntest': 500}","{'devacc': np.float64(69.68), 'acc': 69.39, 'f1': 77.8, 'ndev': 4076, 'ntest': 1725}"
allmpnet,MAX_SUM-5-7,"torch.Size([61, 768])",NORMAL,4,0,12,"{'devacc': np.float64(82.35), 'acc': np.float64(82.49), 'ndev': 10662, 'ntest': 10662}","{'devacc': np.float64(87.11), 'acc': np.float64(86.89), 'ndev': 3775, 'ntest': 3775}","{'devacc': np.float64(94.02), 'acc': np.float64(94.26), 'ndev': 10000, 'ntest': 10000}","{'devacc': np.float64(89.39), 'acc': np.float64(89.69), 'ndev': 10606, 'ntest': 10606}","{'devacc': np.float64(86.81), 'acc': 88.47, 'ndev': 872, 'ntest': 1821}","{'devacc': np.float64(87.42), 'acc': 91.6, 'ndev': 5452, 'ntest': 500}","{'devacc': np.float64(72.89), 'acc': 73.97, 'f1': 80.8, 'ndev': 4076, 'ntest': 1725}"
allmpnet,AVG-NS_SUM-5-7,"torch.Size([61, 768])",NORMAL,4,0,12,"{'devacc': np.float64(84.56), 'acc': np.float64(84.74), 'ndev': 10662, 'ntest': 10662}","{'devacc': np.float64(89.55), 'acc': np.float64(89.51), 'ndev': 3775, 'ntest': 3775}","{'devacc': np.float64(95.78), 'acc': np.float64(95.83), 'ndev': 10000, 'ntest': 10000}","{'devacc': np.float64(89.63), 'acc': np.float64(89.59), 'ndev': 10606, 'ntest': 10606}","{'devacc': np.float64(88.88), 'acc': 89.73, 'ndev': 872, 'ntest': 1821}","{'devacc': np.float64(85.0), 'acc': 91.8, 'ndev': 5452, 'ntest': 500}","{'devacc': np.float64(71.79), 'acc': 71.3, 'f1': 79.0, 'ndev': 4076, 'ntest': 1725}"
allmpnet,SUM-NS_SUM-5-7,"torch.Size([61, 768])",NORMAL,4,0,12,"{'devacc': np.float64(83.58), 'acc': np.float64(83.62), 'ndev': 10662, 'ntest': 10662}","{'devacc': np.float64(85.97), 'acc': np.float64(85.91), 'ndev': 3775, 'ntest': 3775}","{'devacc': np.float64(94.09), 'acc': np.float64(94.07), 'ndev': 10000, 'ntest': 10000}","{'devacc': np.float64(88.68), 'acc': np.float64(88.73), 'ndev': 10606, 'ntest': 10606}","{'devacc': np.float64(90.02), 'acc': 89.4, 'ndev': 872, 'ntest': 1821}","{'devacc': np.float64(83.2), 'acc': 90.2, 'ndev': 5452, 'ntest': 500}","{'devacc': np.float64(69.6), 'acc': 69.62, 'f1': 77.76, 'ndev': 4076, 'ntest': 1725}"
allmpnet,MAX-NS_SUM-5-7,"torch.Size([61, 768])",NORMAL,4,0,12,"{'devacc': np.float64(81.4), 'acc': np.float64(81.59), 'ndev': 10662, 'ntest': 10662}","{'devacc': np.float64(63.6), 'acc': np.float64(65.59), 'ndev': 3775, 'ntest': 3775}","{'devacc': np.float64(93.17), 'acc': np.float64(93.53), 'ndev': 10000, 'ntest': 10000}","{'devacc': np.float64(31.74), 'acc': np.float64(31.75), 'ndev': 10606, 'ntest': 10606}","{'devacc': np.float64(49.08), 'acc': 50.08, 'ndev': 872, 'ntest': 1821}","{'devacc': np.float64(81.69), 'acc': 88.2, 'ndev': 5452, 'ntest': 500}","{'devacc': np.float64(71.96), 'acc': 71.13, 'f1': 79.09, 'ndev': 4076, 'ntest': 1725}"
allmpnet,CLS_SUM-6-8,"torch.Size([61, 768])",NORMAL,4,0,12,"{'devacc': np.float64(83.72), 'acc': np.float64(83.86), 'ndev': 10662, 'ntest': 10662}","{'devacc': np.float64(90.28), 'acc': np.float64(90.17), 'ndev': 3775, 'ntest': 3775}","{'devacc': np.float64(94.59), 'acc': np.float64(94.33), 'ndev': 10000, 'ntest': 10000}","{'devacc': np.float64(86.82), 'acc': np.float64(87.15), 'ndev': 10606, 'ntest': 10606}","{'devacc': np.float64(86.81), 'acc': 86.93, 'ndev': 872, 'ntest': 1821}","{'devacc': np.float64(54.51), 'acc': 59.4, 'ndev': 5452, 'ntest': 500}","{'devacc': np.float64(69.23), 'acc': 68.41, 'f1': 77.3, 'ndev': 4076, 'ntest': 1725}"
allmpnet,AVG_SUM-6-8,"torch.Size([61, 768])",NORMAL,4,0,12,"{'devacc': np.float64(85.97), 'acc': np.float64(86.1), 'ndev': 10662, 'ntest': 10662}","{'devacc': np.float64(91.1), 'acc': np.float64(91.1), 'ndev': 3775, 'ntest': 3775}","{'devacc': np.float64(96.02), 'acc': np.float64(96.17), 'ndev': 10000, 'ntest': 10000}","{'devacc': np.float64(90.74), 'acc': np.float64(90.68), 'ndev': 10606, 'ntest': 10606}","{'devacc': np.float64(89.56), 'acc': 91.43, 'ndev': 872, 'ntest': 1821}","{'devacc': np.float64(89.21), 'acc': 94.8, 'ndev': 5452, 'ntest': 500}","{'devacc': np.float64(74.75), 'acc': 72.7, 'f1': 80.17, 'ndev': 4076, 'ntest': 1725}"
allmpnet,SUM_SUM-6-8,"torch.Size([61, 768])",NORMAL,4,0,12,"{'devacc': np.float64(84.97), 'acc': np.float64(85.06), 'ndev': 10662, 'ntest': 10662}","{'devacc': np.float64(88.13), 'acc': np.float64(87.74), 'ndev': 3775, 'ntest': 3775}","{'devacc': np.float64(94.51), 'acc': np.float64(94.63), 'ndev': 10000, 'ntest': 10000}","{'devacc': np.float64(89.31), 'acc': np.float64(89.56), 'ndev': 10606, 'ntest': 10606}","{'devacc': np.float64(89.56), 'acc': 91.1, 'ndev': 872, 'ntest': 1821}","{'devacc': np.float64(87.49), 'acc': 93.6, 'ndev': 5452, 'ntest': 500}","{'devacc': np.float64(69.85), 'acc': 68.35, 'f1': 77.31, 'ndev': 4076, 'ntest': 1725}"
allmpnet,MAX_SUM-6-8,"torch.Size([61, 768])",NORMAL,4,0,12,"{'devacc': np.float64(83.37), 'acc': np.float64(83.46), 'ndev': 10662, 'ntest': 10662}","{'devacc': np.float64(87.76), 'acc': np.float64(88.0), 'ndev': 3775, 'ntest': 3775}","{'devacc': np.float64(93.93), 'acc': np.float64(94.03), 'ndev': 10000, 'ntest': 10000}","{'devacc': np.float64(89.1), 'acc': np.float64(89.22), 'ndev': 10606, 'ntest': 10606}","{'devacc': np.float64(87.73), 'acc': 89.73, 'ndev': 872, 'ntest': 1821}","{'devacc': np.float64(87.33), 'acc': 93.0, 'ndev': 5452, 'ntest': 500}","{'devacc': np.float64(72.86), 'acc': 72.17, 'f1': 79.29, 'ndev': 4076, 'ntest': 1725}"
allmpnet,AVG-NS_SUM-6-8,"torch.Size([61, 768])",NORMAL,4,0,12,"{'devacc': np.float64(85.16), 'acc': np.float64(85.27), 'ndev': 10662, 'ntest': 10662}","{'devacc': np.float64(89.84), 'acc': np.float64(90.28), 'ndev': 3775, 'ntest': 3775}","{'devacc': np.float64(95.78), 'acc': np.float64(95.76), 'ndev': 10000, 'ntest': 10000}","{'devacc': np.float64(89.82), 'acc': np.float64(90.1), 'ndev': 10606, 'ntest': 10606}","{'devacc': np.float64(88.76), 'acc': 90.83, 'ndev': 872, 'ntest': 1821}","{'devacc': np.float64(85.66), 'acc': 91.2, 'ndev': 5452, 'ntest': 500}","{'devacc': np.float64(70.58), 'acc': 70.49, 'f1': 78.4, 'ndev': 4076, 'ntest': 1725}"
allmpnet,SUM-NS_SUM-6-8,"torch.Size([61, 768])",NORMAL,4,0,12,"{'devacc': np.float64(84.13), 'acc': np.float64(84.33), 'ndev': 10662, 'ntest': 10662}","{'devacc': np.float64(86.72), 'acc': np.float64(86.6), 'ndev': 3775, 'ntest': 3775}","{'devacc': np.float64(94.16), 'acc': np.float64(94.1), 'ndev': 10000, 'ntest': 10000}","{'devacc': np.float64(88.88), 'acc': np.float64(89.11), 'ndev': 10606, 'ntest': 10606}","{'devacc': np.float64(88.76), 'acc': 90.06, 'ndev': 872, 'ntest': 1821}","{'devacc': np.float64(83.55), 'acc': 89.6, 'ndev': 5452, 'ntest': 500}","{'devacc': np.float64(69.28), 'acc': 69.04, 'f1': 77.35, 'ndev': 4076, 'ntest': 1725}"
allmpnet,MAX-NS_SUM-6-8,"torch.Size([61, 768])",NORMAL,4,0,12,"{'devacc': np.float64(82.59), 'acc': np.float64(82.75), 'ndev': 10662, 'ntest': 10662}","{'devacc': np.float64(63.72), 'acc': np.float64(65.96), 'ndev': 3775, 'ntest': 3775}","{'devacc': np.float64(93.27), 'acc': np.float64(93.52), 'ndev': 10000, 'ntest': 10000}","{'devacc': np.float64(32.12), 'acc': np.float64(31.75), 'ndev': 10606, 'ntest': 10606}","{'devacc': np.float64(49.08), 'acc': 50.08, 'ndev': 872, 'ntest': 1821}","{'devacc': np.float64(81.71), 'acc': 86.8, 'ndev': 5452, 'ntest': 500}","{'devacc': np.float64(70.48), 'acc': 72.46, 'f1': 79.78, 'ndev': 4076, 'ntest': 1725}"
allmpnet,CLS_SUM-7-9,"torch.Size([61, 768])",NORMAL,4,0,12,"{'devacc': np.float64(83.97), 'acc': np.float64(83.88), 'ndev': 10662, 'ntest': 10662}","{'devacc': np.float64(90.23), 'acc': np.float64(90.3), 'ndev': 3775, 'ntest': 3775}","{'devacc': np.float64(94.84), 'acc': np.float64(94.87), 'ndev': 10000, 'ntest': 10000}","{'devacc': np.float64(86.9), 'acc': np.float64(87.02), 'ndev': 10606, 'ntest': 10606}","{'devacc': np.float64(85.89), 'acc': 87.59, 'ndev': 872, 'ntest': 1821}","{'devacc': np.float64(57.48), 'acc': 63.4, 'ndev': 5452, 'ntest': 500}","{'devacc': np.float64(69.21), 'acc': 69.33, 'f1': 78.57, 'ndev': 4076, 'ntest': 1725}"
allmpnet,AVG_SUM-7-9,"torch.Size([61, 768])",NORMAL,4,0,12,"{'devacc': np.float64(86.27), 'acc': np.float64(86.38), 'ndev': 10662, 'ntest': 10662}","{'devacc': np.float64(91.41), 'acc': np.float64(91.31), 'ndev': 3775, 'ntest': 3775}","{'devacc': np.float64(96.01), 'acc': np.float64(96.06), 'ndev': 10000, 'ntest': 10000}","{'devacc': np.float64(90.58), 'acc': np.float64(90.63), 'ndev': 10606, 'ntest': 10606}","{'devacc': np.float64(89.68), 'acc': 91.65, 'ndev': 872, 'ntest': 1821}","{'devacc': np.float64(89.86), 'acc': 95.8, 'ndev': 5452, 'ntest': 500}","{'devacc': np.float64(73.72), 'acc': 73.97, 'f1': 80.95, 'ndev': 4076, 'ntest': 1725}"
allmpnet,SUM_SUM-7-9,"torch.Size([61, 768])",NORMAL,4,0,12,"{'devacc': np.float64(85.08), 'acc': np.float64(85.42), 'ndev': 10662, 'ntest': 10662}","{'devacc': np.float64(88.39), 'acc': np.float64(88.61), 'ndev': 3775, 'ntest': 3775}","{'devacc': np.float64(94.42), 'acc': np.float64(94.49), 'ndev': 10000, 'ntest': 10000}","{'devacc': np.float64(88.98), 'acc': np.float64(89.05), 'ndev': 10606, 'ntest': 10606}","{'devacc': np.float64(89.56), 'acc': 91.43, 'ndev': 872, 'ntest': 1821}","{'devacc': np.float64(88.08), 'acc': 94.4, 'ndev': 5452, 'ntest': 500}","{'devacc': np.float64(70.29), 'acc': 68.7, 'f1': 77.25, 'ndev': 4076, 'ntest': 1725}"
allmpnet,MAX_SUM-7-9,"torch.Size([61, 768])",NORMAL,4,0,12,"{'devacc': np.float64(84.31), 'acc': np.float64(84.32), 'ndev': 10662, 'ntest': 10662}","{'devacc': np.float64(88.33), 'acc': np.float64(88.66), 'ndev': 3775, 'ntest': 3775}","{'devacc': np.float64(94.11), 'acc': np.float64(94.3), 'ndev': 10000, 'ntest': 10000}","{'devacc': np.float64(89.07), 'acc': np.float64(89.2), 'ndev': 10606, 'ntest': 10606}","{'devacc': np.float64(88.88), 'acc': 90.5, 'ndev': 872, 'ntest': 1821}","{'devacc': np.float64(87.77), 'acc': 93.8, 'ndev': 5452, 'ntest': 500}","{'devacc': np.float64(72.79), 'acc': 71.77, 'f1': 79.29, 'ndev': 4076, 'ntest': 1725}"
allmpnet,AVG-NS_SUM-7-9,"torch.Size([61, 768])",NORMAL,4,0,12,"{'devacc': np.float64(85.73), 'acc': np.float64(85.78), 'ndev': 10662, 'ntest': 10662}","{'devacc': np.float64(90.28), 'acc': np.float64(90.46), 'ndev': 3775, 'ntest': 3775}","{'devacc': np.float64(95.66), 'acc': np.float64(95.66), 'ndev': 10000, 'ntest': 10000}","{'devacc': np.float64(89.64), 'acc': np.float64(89.77), 'ndev': 10606, 'ntest': 10606}","{'devacc': np.float64(89.22), 'acc': 91.16, 'ndev': 872, 'ntest': 1821}","{'devacc': np.float64(85.58), 'acc': 92.0, 'ndev': 5452, 'ntest': 500}","{'devacc': np.float64(70.17), 'acc': 70.78, 'f1': 78.79, 'ndev': 4076, 'ntest': 1725}"
allmpnet,SUM-NS_SUM-7-9,"torch.Size([61, 768])",NORMAL,4,0,12,"{'devacc': np.float64(84.65), 'acc': np.float64(84.97), 'ndev': 10662, 'ntest': 10662}","{'devacc': np.float64(87.26), 'acc': np.float64(87.55), 'ndev': 3775, 'ntest': 3775}","{'devacc': np.float64(94.17), 'acc': np.float64(94.44), 'ndev': 10000, 'ntest': 10000}","{'devacc': np.float64(88.6), 'acc': np.float64(88.71), 'ndev': 10606, 'ntest': 10606}","{'devacc': np.float64(89.56), 'acc': 90.17, 'ndev': 872, 'ntest': 1821}","{'devacc': np.float64(83.69), 'acc': 91.4, 'ndev': 5452, 'ntest': 500}","{'devacc': np.float64(69.68), 'acc': 68.81, 'f1': 77.18, 'ndev': 4076, 'ntest': 1725}"
allmpnet,MAX-NS_SUM-7-9,"torch.Size([61, 768])",NORMAL,4,0,12,"{'devacc': np.float64(83.59), 'acc': np.float64(83.72), 'ndev': 10662, 'ntest': 10662}","{'devacc': np.float64(63.77), 'acc': np.float64(65.98), 'ndev': 3775, 'ntest': 3775}","{'devacc': np.float64(93.33), 'acc': np.float64(93.4), 'ndev': 10000, 'ntest': 10000}","{'devacc': np.float64(32.12), 'acc': np.float64(31.75), 'ndev': 10606, 'ntest': 10606}","{'devacc': np.float64(49.08), 'acc': 50.08, 'ndev': 872, 'ntest': 1821}","{'devacc': np.float64(82.13), 'acc': 88.6, 'ndev': 5452, 'ntest': 500}","{'devacc': np.float64(71.56), 'acc': 71.13, 'f1': 78.72, 'ndev': 4076, 'ntest': 1725}"
allmpnet,CLS_SUM-8-10,"torch.Size([61, 768])",NORMAL,4,0,12,"{'devacc': np.float64(84.2), 'acc': np.float64(84.03), 'ndev': 10662, 'ntest': 10662}","{'devacc': np.float64(90.0), 'acc': np.float64(89.93), 'ndev': 3775, 'ntest': 3775}","{'devacc': np.float64(94.85), 'acc': np.float64(95.0), 'ndev': 10000, 'ntest': 10000}","{'devacc': np.float64(86.76), 'acc': np.float64(87.01), 'ndev': 10606, 'ntest': 10606}","{'devacc': np.float64(87.39), 'acc': 86.16, 'ndev': 872, 'ntest': 1821}","{'devacc': np.float64(57.41), 'acc': 61.2, 'ndev': 5452, 'ntest': 500}","{'devacc': np.float64(70.71), 'acc': 71.3, 'f1': 81.06, 'ndev': 4076, 'ntest': 1725}"
allmpnet,AVG_SUM-8-10,"torch.Size([61, 768])",NORMAL,4,0,12,"{'devacc': np.float64(86.53), 'acc': np.float64(86.56), 'ndev': 10662, 'ntest': 10662}","{'devacc': np.float64(91.42), 'acc': np.float64(91.52), 'ndev': 3775, 'ntest': 3775}","{'devacc': np.float64(95.85), 'acc': np.float64(95.9), 'ndev': 10000, 'ntest': 10000}","{'devacc': np.float64(90.33), 'acc': np.float64(90.42), 'ndev': 10606, 'ntest': 10606}","{'devacc': np.float64(90.25), 'acc': 91.27, 'ndev': 872, 'ntest': 1821}","{'devacc': np.float64(90.76), 'acc': 96.0, 'ndev': 5452, 'ntest': 500}","{'devacc': np.float64(75.27), 'acc': 74.49, 'f1': 81.36, 'ndev': 4076, 'ntest': 1725}"
allmpnet,SUM_SUM-8-10,"torch.Size([61, 768])",NORMAL,4,0,12,"{'devacc': np.float64(85.42), 'acc': np.float64(85.42), 'ndev': 10662, 'ntest': 10662}","{'devacc': np.float64(88.45), 'acc': np.float64(88.05), 'ndev': 3775, 'ntest': 3775}","{'devacc': np.float64(94.1), 'acc': np.float64(94.18), 'ndev': 10000, 'ntest': 10000}","{'devacc': np.float64(88.71), 'acc': np.float64(88.81), 'ndev': 10606, 'ntest': 10606}","{'devacc': np.float64(90.37), 'acc': 91.16, 'ndev': 872, 'ntest': 1821}","{'devacc': np.float64(88.88), 'acc': 95.6, 'ndev': 5452, 'ntest': 500}","{'devacc': np.float64(70.46), 'acc': 69.86, 'f1': 78.0, 'ndev': 4076, 'ntest': 1725}"
allmpnet,MAX_SUM-8-10,"torch.Size([61, 768])",NORMAL,4,0,12,"{'devacc': np.float64(84.59), 'acc': np.float64(84.5), 'ndev': 10662, 'ntest': 10662}","{'devacc': np.float64(87.89), 'acc': np.float64(88.48), 'ndev': 3775, 'ntest': 3775}","{'devacc': np.float64(93.9), 'acc': np.float64(93.98), 'ndev': 10000, 'ntest': 10000}","{'devacc': np.float64(88.8), 'acc': np.float64(89.14), 'ndev': 10606, 'ntest': 10606}","{'devacc': np.float64(90.02), 'acc': 90.72, 'ndev': 872, 'ntest': 1821}","{'devacc': np.float64(88.5), 'acc': 91.6, 'ndev': 5452, 'ntest': 500}","{'devacc': np.float64(72.37), 'acc': 72.58, 'f1': 80.02, 'ndev': 4076, 'ntest': 1725}"
allmpnet,AVG-NS_SUM-8-10,"torch.Size([61, 768])",NORMAL,4,0,12,"{'devacc': np.float64(86.0), 'acc': np.float64(86.01), 'ndev': 10662, 'ntest': 10662}","{'devacc': np.float64(90.29), 'acc': np.float64(90.14), 'ndev': 3775, 'ntest': 3775}","{'devacc': np.float64(95.46), 'acc': np.float64(95.52), 'ndev': 10000, 'ntest': 10000}","{'devacc': np.float64(89.42), 'acc': np.float64(89.67), 'ndev': 10606, 'ntest': 10606}","{'devacc': np.float64(90.25), 'acc': 90.66, 'ndev': 872, 'ntest': 1821}","{'devacc': np.float64(85.45), 'acc': 93.2, 'ndev': 5452, 'ntest': 500}","{'devacc': np.float64(72.45), 'acc': 71.42, 'f1': 79.28, 'ndev': 4076, 'ntest': 1725}"
allmpnet,SUM-NS_SUM-8-10,"torch.Size([61, 768])",NORMAL,4,0,12,"{'devacc': np.float64(84.7), 'acc': np.float64(84.82), 'ndev': 10662, 'ntest': 10662}","{'devacc': np.float64(87.56), 'acc': np.float64(87.58), 'ndev': 3775, 'ntest': 3775}","{'devacc': np.float64(93.98), 'acc': np.float64(94.03), 'ndev': 10000, 'ntest': 10000}","{'devacc': np.float64(88.19), 'acc': np.float64(88.57), 'ndev': 10606, 'ntest': 10606}","{'devacc': np.float64(90.71), 'acc': 90.17, 'ndev': 872, 'ntest': 1821}","{'devacc': np.float64(84.02), 'acc': 93.0, 'ndev': 5452, 'ntest': 500}","{'devacc': np.float64(70.24), 'acc': 69.74, 'f1': 77.69, 'ndev': 4076, 'ntest': 1725}"
allmpnet,MAX-NS_SUM-8-10,"torch.Size([61, 768])",NORMAL,4,0,12,"{'devacc': np.float64(83.72), 'acc': np.float64(83.83), 'ndev': 10662, 'ntest': 10662}","{'devacc': np.float64(63.8), 'acc': np.float64(66.01), 'ndev': 3775, 'ntest': 3775}","{'devacc': np.float64(93.32), 'acc': np.float64(93.43), 'ndev': 10000, 'ntest': 10000}","{'devacc': np.float64(40.06), 'acc': np.float64(40.06), 'ndev': 10606, 'ntest': 10606}","{'devacc': np.float64(49.08), 'acc': 50.08, 'ndev': 872, 'ntest': 1821}","{'devacc': np.float64(82.35), 'acc': 86.0, 'ndev': 5452, 'ntest': 500}","{'devacc': np.float64(71.56), 'acc': 70.49, 'f1': 78.11, 'ndev': 4076, 'ntest': 1725}"
allmpnet,CLS_SUM-9-11,"torch.Size([61, 768])",NORMAL,4,0,12,"{'devacc': np.float64(83.92), 'acc': np.float64(84.0), 'ndev': 10662, 'ntest': 10662}","{'devacc': np.float64(88.26), 'acc': np.float64(88.61), 'ndev': 3775, 'ntest': 3775}","{'devacc': np.float64(93.17), 'acc': np.float64(93.27), 'ndev': 10000, 'ntest': 10000}","{'devacc': np.float64(85.82), 'acc': np.float64(86.09), 'ndev': 10606, 'ntest': 10606}","{'devacc': np.float64(85.55), 'acc': 87.7, 'ndev': 872, 'ntest': 1821}","{'devacc': np.float64(83.71), 'acc': 90.4, 'ndev': 5452, 'ntest': 500}","{'devacc': np.float64(71.25), 'acc': 69.39, 'f1': 80.31, 'ndev': 4076, 'ntest': 1725}"
allmpnet,AVG_SUM-9-11,"torch.Size([61, 768])",NORMAL,4,0,12,"{'devacc': np.float64(86.55), 'acc': np.float64(86.61), 'ndev': 10662, 'ntest': 10662}","{'devacc': np.float64(91.36), 'acc': np.float64(91.66), 'ndev': 3775, 'ntest': 3775}","{'devacc': np.float64(95.73), 'acc': np.float64(95.66), 'ndev': 10000, 'ntest': 10000}","{'devacc': np.float64(90.19), 'acc': np.float64(90.26), 'ndev': 10606, 'ntest': 10606}","{'devacc': np.float64(90.14), 'acc': 91.82, 'ndev': 872, 'ntest': 1821}","{'devacc': np.float64(90.66), 'acc': 96.4, 'ndev': 5452, 'ntest': 500}","{'devacc': np.float64(74.34), 'acc': 73.04, 'f1': 80.34, 'ndev': 4076, 'ntest': 1725}"
allmpnet,SUM_SUM-9-11,"torch.Size([61, 768])",NORMAL,4,0,12,"{'devacc': np.float64(85.2), 'acc': np.float64(84.96), 'ndev': 10662, 'ntest': 10662}","{'devacc': np.float64(88.36), 'acc': np.float64(88.85), 'ndev': 3775, 'ntest': 3775}","{'devacc': np.float64(94.11), 'acc': np.float64(94.08), 'ndev': 10000, 'ntest': 10000}","{'devacc': np.float64(88.58), 'acc': np.float64(88.63), 'ndev': 10606, 'ntest': 10606}","{'devacc': np.float64(89.68), 'acc': 90.39, 'ndev': 872, 'ntest': 1821}","{'devacc': np.float64(89.49), 'acc': 95.8, 'ndev': 5452, 'ntest': 500}","{'devacc': np.float64(71.47), 'acc': 70.26, 'f1': 77.88, 'ndev': 4076, 'ntest': 1725}"
allmpnet,MAX_SUM-9-11,"torch.Size([61, 768])",NORMAL,4,0,12,"{'devacc': np.float64(84.25), 'acc': np.float64(84.34), 'ndev': 10662, 'ntest': 10662}","{'devacc': np.float64(87.45), 'acc': np.float64(87.58), 'ndev': 3775, 'ntest': 3775}","{'devacc': np.float64(93.47), 'acc': np.float64(93.86), 'ndev': 10000, 'ntest': 10000}","{'devacc': np.float64(88.64), 'acc': np.float64(88.9), 'ndev': 10606, 'ntest': 10606}","{'devacc': np.float64(89.11), 'acc': 90.88, 'ndev': 872, 'ntest': 1821}","{'devacc': np.float64(89.21), 'acc': 93.2, 'ndev': 5452, 'ntest': 500}","{'devacc': np.float64(70.95), 'acc': 72.64, 'f1': 79.85, 'ndev': 4076, 'ntest': 1725}"
allmpnet,AVG-NS_SUM-9-11,"torch.Size([61, 768])",NORMAL,4,0,12,"{'devacc': np.float64(85.96), 'acc': np.float64(85.69), 'ndev': 10662, 'ntest': 10662}","{'devacc': np.float64(90.02), 'acc': np.float64(90.28), 'ndev': 3775, 'ntest': 3775}","{'devacc': np.float64(95.44), 'acc': np.float64(95.45), 'ndev': 10000, 'ntest': 10000}","{'devacc': np.float64(89.08), 'acc': np.float64(89.26), 'ndev': 10606, 'ntest': 10606}","{'devacc': np.float64(90.48), 'acc': 90.94, 'ndev': 872, 'ntest': 1821}","{'devacc': np.float64(86.26), 'acc': 93.8, 'ndev': 5452, 'ntest': 500}","{'devacc': np.float64(73.16), 'acc': 71.88, 'f1': 79.61, 'ndev': 4076, 'ntest': 1725}"
allmpnet,SUM-NS_SUM-9-11,"torch.Size([61, 768])",NORMAL,4,0,12,"{'devacc': np.float64(84.69), 'acc': np.float64(84.71), 'ndev': 10662, 'ntest': 10662}","{'devacc': np.float64(87.29), 'acc': np.float64(87.29), 'ndev': 3775, 'ntest': 3775}","{'devacc': np.float64(94.0), 'acc': np.float64(94.05), 'ndev': 10000, 'ntest': 10000}","{'devacc': np.float64(88.06), 'acc': np.float64(88.66), 'ndev': 10606, 'ntest': 10606}","{'devacc': np.float64(90.94), 'acc': 91.1, 'ndev': 872, 'ntest': 1821}","{'devacc': np.float64(84.24), 'acc': 91.6, 'ndev': 5452, 'ntest': 500}","{'devacc': np.float64(70.93), 'acc': 70.67, 'f1': 78.34, 'ndev': 4076, 'ntest': 1725}"
allmpnet,MAX-NS_SUM-9-11,"torch.Size([61, 768])",NORMAL,4,0,12,"{'devacc': np.float64(83.44), 'acc': np.float64(83.65), 'ndev': 10662, 'ntest': 10662}","{'devacc': np.float64(63.74), 'acc': np.float64(65.83), 'ndev': 3775, 'ntest': 3775}","{'devacc': np.float64(93.01), 'acc': np.float64(93.23), 'ndev': 10000, 'ntest': 10000}","{'devacc': np.float64(40.36), 'acc': np.float64(40.06), 'ndev': 10606, 'ntest': 10606}","{'devacc': np.float64(49.08), 'acc': 50.08, 'ndev': 872, 'ntest': 1821}","{'devacc': np.float64(82.87), 'acc': 89.0, 'ndev': 5452, 'ntest': 500}","{'devacc': np.float64(70.71), 'acc': 70.67, 'f1': 78.36, 'ndev': 4076, 'ntest': 1725}"
allmpnet,CLS_SUM-10-12,"torch.Size([61, 768])",NORMAL,4,0,12,"{'devacc': np.float64(84.34), 'acc': np.float64(84.36), 'ndev': 10662, 'ntest': 10662}","{'devacc': np.float64(88.12), 'acc': np.float64(88.34), 'ndev': 3775, 'ntest': 3775}","{'devacc': np.float64(93.7), 'acc': np.float64(93.57), 'ndev': 10000, 'ntest': 10000}","{'devacc': np.float64(89.5), 'acc': np.float64(89.56), 'ndev': 10606, 'ntest': 10606}","{'devacc': np.float64(88.99), 'acc': 87.86, 'ndev': 872, 'ntest': 1821}","{'devacc': np.float64(88.83), 'acc': 91.6, 'ndev': 5452, 'ntest': 500}","{'devacc': np.float64(73.45), 'acc': 73.28, 'f1': 81.28, 'ndev': 4076, 'ntest': 1725}"
allmpnet,AVG_SUM-10-12,"torch.Size([61, 768])",NORMAL,4,0,12,"{'devacc': np.float64(86.03), 'acc': np.float64(86.02), 'ndev': 10662, 'ntest': 10662}","{'devacc': np.float64(90.29), 'acc': np.float64(90.6), 'ndev': 3775, 'ntest': 3775}","{'devacc': np.float64(95.52), 'acc': np.float64(95.54), 'ndev': 10000, 'ntest': 10000}","{'devacc': np.float64(90.13), 'acc': np.float64(90.49), 'ndev': 10606, 'ntest': 10606}","{'devacc': np.float64(90.48), 'acc': 90.17, 'ndev': 872, 'ntest': 1821}","{'devacc': np.float64(90.41), 'acc': 95.6, 'ndev': 5452, 'ntest': 500}","{'devacc': np.float64(74.26), 'acc': 73.28, 'f1': 80.56, 'ndev': 4076, 'ntest': 1725}"
allmpnet,SUM_SUM-10-12,"torch.Size([61, 768])",NORMAL,4,0,12,"{'devacc': np.float64(84.53), 'acc': np.float64(84.27), 'ndev': 10662, 'ntest': 10662}","{'devacc': np.float64(87.06), 'acc': np.float64(87.34), 'ndev': 3775, 'ntest': 3775}","{'devacc': np.float64(94.1), 'acc': np.float64(94.04), 'ndev': 10000, 'ntest': 10000}","{'devacc': np.float64(88.58), 'acc': np.float64(88.82), 'ndev': 10606, 'ntest': 10606}","{'devacc': np.float64(89.68), 'acc': 89.68, 'ndev': 872, 'ntest': 1821}","{'devacc': np.float64(88.78), 'acc': 94.6, 'ndev': 5452, 'ntest': 500}","{'devacc': np.float64(72.2), 'acc': 71.25, 'f1': 78.71, 'ndev': 4076, 'ntest': 1725}"
allmpnet,MAX_SUM-10-12,"torch.Size([61, 768])",NORMAL,4,0,12,"{'devacc': np.float64(84.13), 'acc': np.float64(84.09), 'ndev': 10662, 'ntest': 10662}","{'devacc': np.float64(87.74), 'acc': np.float64(87.92), 'ndev': 3775, 'ntest': 3775}","{'devacc': np.float64(93.46), 'acc': np.float64(93.63), 'ndev': 10000, 'ntest': 10000}","{'devacc': np.float64(88.7), 'acc': np.float64(89.08), 'ndev': 10606, 'ntest': 10606}","{'devacc': np.float64(88.19), 'acc': 89.79, 'ndev': 872, 'ntest': 1821}","{'devacc': np.float64(88.98), 'acc': 94.0, 'ndev': 5452, 'ntest': 500}","{'devacc': np.float64(71.69), 'acc': 71.54, 'f1': 78.92, 'ndev': 4076, 'ntest': 1725}"
allmpnet,AVG-NS_SUM-10-12,"torch.Size([61, 768])",NORMAL,4,0,12,"{'devacc': np.float64(85.61), 'acc': np.float64(85.75), 'ndev': 10662, 'ntest': 10662}","{'devacc': np.float64(89.53), 'acc': np.float64(89.83), 'ndev': 3775, 'ntest': 3775}","{'devacc': np.float64(95.25), 'acc': np.float64(95.31), 'ndev': 10000, 'ntest': 10000}","{'devacc': np.float64(89.26), 'acc': np.float64(89.48), 'ndev': 10606, 'ntest': 10606}","{'devacc': np.float64(90.37), 'acc': 90.01, 'ndev': 872, 'ntest': 1821}","{'devacc': np.float64(86.68), 'acc': 90.8, 'ndev': 5452, 'ntest': 500}","{'devacc': np.float64(73.65), 'acc': 72.81, 'f1': 80.1, 'ndev': 4076, 'ntest': 1725}"
allmpnet,SUM-NS_SUM-10-12,"torch.Size([61, 768])",NORMAL,4,0,12,"{'devacc': np.float64(84.26), 'acc': np.float64(84.39), 'ndev': 10662, 'ntest': 10662}","{'devacc': np.float64(86.58), 'acc': np.float64(87.1), 'ndev': 3775, 'ntest': 3775}","{'devacc': np.float64(93.7), 'acc': np.float64(93.69), 'ndev': 10000, 'ntest': 10000}","{'devacc': np.float64(88.24), 'acc': np.float64(88.7), 'ndev': 10606, 'ntest': 10606}","{'devacc': np.float64(90.37), 'acc': 89.84, 'ndev': 872, 'ntest': 1821}","{'devacc': np.float64(84.57), 'acc': 89.4, 'ndev': 5452, 'ntest': 500}","{'devacc': np.float64(71.29), 'acc': 69.57, 'f1': 77.34, 'ndev': 4076, 'ntest': 1725}"
allmpnet,MAX-NS_SUM-10-12,"torch.Size([61, 768])",NORMAL,4,0,12,"{'devacc': np.float64(83.54), 'acc': np.float64(83.49), 'ndev': 10662, 'ntest': 10662}","{'devacc': np.float64(63.76), 'acc': np.float64(66.09), 'ndev': 3775, 'ntest': 3775}","{'devacc': np.float64(93.14), 'acc': np.float64(93.38), 'ndev': 10000, 'ntest': 10000}","{'devacc': np.float64(39.95), 'acc': np.float64(39.95), 'ndev': 10606, 'ntest': 10606}","{'devacc': np.float64(49.08), 'acc': 50.08, 'ndev': 872, 'ntest': 1821}","{'devacc': np.float64(83.58), 'acc': 90.0, 'ndev': 5452, 'ntest': 500}","{'devacc': np.float64(70.31), 'acc': 69.68, 'f1': 77.75, 'ndev': 4076, 'ntest': 1725}"
allmpnet,CLS_SUM-1-4,"torch.Size([61, 768])",NORMAL,4,0,12,"{'devacc': np.float64(77.05), 'acc': np.float64(76.89), 'ndev': 10662, 'ntest': 10662}","{'devacc': np.float64(80.6), 'acc': np.float64(80.61), 'ndev': 3775, 'ntest': 3775}","{'devacc': np.float64(93.1), 'acc': np.float64(93.0), 'ndev': 10000, 'ntest': 10000}","{'devacc': np.float64(87.61), 'acc': np.float64(87.38), 'ndev': 10606, 'ntest': 10606}","{'devacc': np.float64(80.28), 'acc': 80.67, 'ndev': 872, 'ntest': 1821}","{'devacc': np.float64(75.92), 'acc': 78.6, 'ndev': 5452, 'ntest': 500}","{'devacc': np.float64(73.5), 'acc': 74.49, 'f1': 81.85, 'ndev': 4076, 'ntest': 1725}"
allmpnet,AVG_SUM-1-4,"torch.Size([61, 768])",NORMAL,4,0,12,"{'devacc': np.float64(80.8), 'acc': np.float64(80.96), 'ndev': 10662, 'ntest': 10662}","{'devacc': np.float64(86.21), 'acc': np.float64(86.01), 'ndev': 3775, 'ntest': 3775}","{'devacc': np.float64(95.14), 'acc': np.float64(95.06), 'ndev': 10000, 'ntest': 10000}","{'devacc': np.float64(89.72), 'acc': np.float64(89.76), 'ndev': 10606, 'ntest': 10606}","{'devacc': np.float64(84.86), 'acc': 86.11, 'ndev': 872, 'ntest': 1821}","{'devacc': np.float64(86.89), 'acc': 91.4, 'ndev': 5452, 'ntest': 500}","{'devacc': np.float64(73.87), 'acc': 71.94, 'f1': 79.72, 'ndev': 4076, 'ntest': 1725}"
allmpnet,SUM_SUM-1-4,"torch.Size([61, 768])",NORMAL,4,0,12,"{'devacc': np.float64(80.02), 'acc': np.float64(79.79), 'ndev': 10662, 'ntest': 10662}","{'devacc': np.float64(82.06), 'acc': np.float64(82.81), 'ndev': 3775, 'ntest': 3775}","{'devacc': np.float64(92.92), 'acc': np.float64(93.33), 'ndev': 10000, 'ntest': 10000}","{'devacc': np.float64(88.39), 'acc': np.float64(88.61), 'ndev': 10606, 'ntest': 10606}","{'devacc': np.float64(83.14), 'acc': 84.73, 'ndev': 872, 'ntest': 1821}","{'devacc': np.float64(84.59), 'acc': 89.6, 'ndev': 5452, 'ntest': 500}","{'devacc': np.float64(70.31), 'acc': 70.26, 'f1': 78.33, 'ndev': 4076, 'ntest': 1725}"
allmpnet,MAX_SUM-1-4,"torch.Size([61, 768])",NORMAL,4,0,12,"{'devacc': np.float64(76.55), 'acc': np.float64(77.04), 'ndev': 10662, 'ntest': 10662}","{'devacc': np.float64(80.6), 'acc': np.float64(81.06), 'ndev': 3775, 'ntest': 3775}","{'devacc': np.float64(92.06), 'acc': np.float64(92.32), 'ndev': 10000, 'ntest': 10000}","{'devacc': np.float64(88.28), 'acc': np.float64(88.64), 'ndev': 10606, 'ntest': 10606}","{'devacc': np.float64(82.0), 'acc': 82.21, 'ndev': 872, 'ntest': 1821}","{'devacc': np.float64(85.09), 'acc': 87.0, 'ndev': 5452, 'ntest': 500}","{'devacc': np.float64(73.04), 'acc': 70.09, 'f1': 77.62, 'ndev': 4076, 'ntest': 1725}"
allmpnet,AVG-NS_SUM-1-4,"torch.Size([61, 768])",NORMAL,4,0,12,"{'devacc': np.float64(79.44), 'acc': np.float64(79.58), 'ndev': 10662, 'ntest': 10662}","{'devacc': np.float64(83.29), 'acc': np.float64(83.87), 'ndev': 3775, 'ntest': 3775}","{'devacc': np.float64(94.48), 'acc': np.float64(94.66), 'ndev': 10000, 'ntest': 10000}","{'devacc': np.float64(88.71), 'acc': np.float64(89.0), 'ndev': 10606, 'ntest': 10606}","{'devacc': np.float64(83.14), 'acc': 84.79, 'ndev': 872, 'ntest': 1821}","{'devacc': np.float64(81.18), 'acc': 87.6, 'ndev': 5452, 'ntest': 500}","{'devacc': np.float64(69.33), 'acc': 70.84, 'f1': 78.68, 'ndev': 4076, 'ntest': 1725}"
allmpnet,SUM-NS_SUM-1-4,"torch.Size([61, 768])",NORMAL,4,0,12,"{'devacc': np.float64(78.61), 'acc': np.float64(78.85), 'ndev': 10662, 'ntest': 10662}","{'devacc': np.float64(79.41), 'acc': np.float64(80.05), 'ndev': 3775, 'ntest': 3775}","{'devacc': np.float64(92.37), 'acc': np.float64(92.72), 'ndev': 10000, 'ntest': 10000}","{'devacc': np.float64(87.59), 'acc': np.float64(87.88), 'ndev': 10606, 'ntest': 10606}","{'devacc': np.float64(82.57), 'acc': 84.57, 'ndev': 872, 'ntest': 1821}","{'devacc': np.float64(79.37), 'acc': 83.8, 'ndev': 5452, 'ntest': 500}","{'devacc': np.float64(69.06), 'acc': 69.62, 'f1': 78.0, 'ndev': 4076, 'ntest': 1725}"
allmpnet,MAX-NS_SUM-1-4,"torch.Size([61, 768])",NORMAL,4,0,12,"{'devacc': np.float64(75.91), 'acc': np.float64(76.14), 'ndev': 10662, 'ntest': 10662}","{'devacc': np.float64(62.8), 'acc': np.float64(65.08), 'ndev': 3775, 'ntest': 3775}","{'devacc': np.float64(91.26), 'acc': np.float64(91.54), 'ndev': 10000, 'ntest': 10000}","{'devacc': np.float64(31.74), 'acc': np.float64(31.75), 'ndev': 10606, 'ntest': 10606}","{'devacc': np.float64(49.08), 'acc': 50.08, 'ndev': 872, 'ntest': 1821}","{'devacc': np.float64(76.54), 'acc': 84.6, 'ndev': 5452, 'ntest': 500}","{'devacc': np.float64(71.47), 'acc': 69.97, 'f1': 77.83, 'ndev': 4076, 'ntest': 1725}"
allmpnet,CLS_SUM-2-5,"torch.Size([61, 768])",NORMAL,4,0,12,"{'devacc': np.float64(80.53), 'acc': np.float64(80.53), 'ndev': 10662, 'ntest': 10662}","{'devacc': np.float64(86.29), 'acc': np.float64(86.07), 'ndev': 3775, 'ntest': 3775}","{'devacc': np.float64(95.09), 'acc': np.float64(94.97), 'ndev': 10000, 'ntest': 10000}","{'devacc': np.float64(89.14), 'acc': np.float64(89.07), 'ndev': 10606, 'ntest': 10606}","{'devacc': np.float64(82.68), 'acc': 83.64, 'ndev': 872, 'ntest': 1821}","{'devacc': np.float64(73.94), 'acc': 80.6, 'ndev': 5452, 'ntest': 500}","{'devacc': np.float64(70.63), 'acc': 70.2, 'f1': 80.2, 'ndev': 4076, 'ntest': 1725}"
allmpnet,AVG_SUM-2-5,"torch.Size([61, 768])",NORMAL,4,0,12,"{'devacc': np.float64(82.74), 'acc': np.float64(82.92), 'ndev': 10662, 'ntest': 10662}","{'devacc': np.float64(88.33), 'acc': np.float64(88.72), 'ndev': 3775, 'ntest': 3775}","{'devacc': np.float64(95.57), 'acc': np.float64(95.42), 'ndev': 10000, 'ntest': 10000}","{'devacc': np.float64(89.97), 'acc': np.float64(90.11), 'ndev': 10606, 'ntest': 10606}","{'devacc': np.float64(86.81), 'acc': 86.93, 'ndev': 872, 'ntest': 1821}","{'devacc': np.float64(87.95), 'acc': 92.8, 'ndev': 5452, 'ntest': 500}","{'devacc': np.float64(73.67), 'acc': 73.51, 'f1': 80.76, 'ndev': 4076, 'ntest': 1725}"
allmpnet,SUM_SUM-2-5,"torch.Size([61, 768])",NORMAL,4,0,12,"{'devacc': np.float64(82.1), 'acc': np.float64(82.19), 'ndev': 10662, 'ntest': 10662}","{'devacc': np.float64(84.52), 'acc': np.float64(84.27), 'ndev': 3775, 'ntest': 3775}","{'devacc': np.float64(93.6), 'acc': np.float64(93.46), 'ndev': 10000, 'ntest': 10000}","{'devacc': np.float64(88.66), 'acc': np.float64(88.89), 'ndev': 10606, 'ntest': 10606}","{'devacc': np.float64(86.47), 'acc': 85.94, 'ndev': 872, 'ntest': 1821}","{'devacc': np.float64(86.13), 'acc': 92.0, 'ndev': 5452, 'ntest': 500}","{'devacc': np.float64(70.61), 'acc': 69.33, 'f1': 77.84, 'ndev': 4076, 'ntest': 1725}"
allmpnet,MAX_SUM-2-5,"torch.Size([61, 768])",NORMAL,4,0,12,"{'devacc': np.float64(78.67), 'acc': np.float64(78.89), 'ndev': 10662, 'ntest': 10662}","{'devacc': np.float64(82.36), 'acc': np.float64(82.52), 'ndev': 3775, 'ntest': 3775}","{'devacc': np.float64(92.86), 'acc': np.float64(93.17), 'ndev': 10000, 'ntest': 10000}","{'devacc': np.float64(88.47), 'acc': np.float64(88.85), 'ndev': 10606, 'ntest': 10606}","{'devacc': np.float64(83.03), 'acc': 84.73, 'ndev': 872, 'ntest': 1821}","{'devacc': np.float64(85.8), 'acc': 90.4, 'ndev': 5452, 'ntest': 500}","{'devacc': np.float64(72.69), 'acc': 72.41, 'f1': 79.43, 'ndev': 4076, 'ntest': 1725}"
allmpnet,AVG-NS_SUM-2-5,"torch.Size([61, 768])",NORMAL,4,0,12,"{'devacc': np.float64(81.39), 'acc': np.float64(81.5), 'ndev': 10662, 'ntest': 10662}","{'devacc': np.float64(85.61), 'acc': np.float64(85.78), 'ndev': 3775, 'ntest': 3775}","{'devacc': np.float64(95.13), 'acc': np.float64(95.2), 'ndev': 10000, 'ntest': 10000}","{'devacc': np.float64(88.85), 'acc': np.float64(89.1), 'ndev': 10606, 'ntest': 10606}","{'devacc': np.float64(83.94), 'acc': 86.11, 'ndev': 872, 'ntest': 1821}","{'devacc': np.float64(83.22), 'acc': 88.0, 'ndev': 5452, 'ntest': 500}","{'devacc': np.float64(69.99), 'acc': 71.36, 'f1': 79.37, 'ndev': 4076, 'ntest': 1725}"
allmpnet,SUM-NS_SUM-2-5,"torch.Size([61, 768])",NORMAL,4,0,12,"{'devacc': np.float64(80.6), 'acc': np.float64(80.79), 'ndev': 10662, 'ntest': 10662}","{'devacc': np.float64(81.12), 'acc': np.float64(81.7), 'ndev': 3775, 'ntest': 3775}","{'devacc': np.float64(93.08), 'acc': np.float64(93.27), 'ndev': 10000, 'ntest': 10000}","{'devacc': np.float64(87.76), 'acc': np.float64(88.18), 'ndev': 10606, 'ntest': 10606}","{'devacc': np.float64(83.03), 'acc': 84.95, 'ndev': 872, 'ntest': 1821}","{'devacc': np.float64(81.51), 'acc': 87.2, 'ndev': 5452, 'ntest': 500}","{'devacc': np.float64(69.53), 'acc': 69.57, 'f1': 77.78, 'ndev': 4076, 'ntest': 1725}"
allmpnet,MAX-NS_SUM-2-5,"torch.Size([61, 768])",NORMAL,4,0,12,"{'devacc': np.float64(77.39), 'acc': np.float64(77.85), 'ndev': 10662, 'ntest': 10662}","{'devacc': np.float64(63.03), 'acc': np.float64(65.32), 'ndev': 3775, 'ntest': 3775}","{'devacc': np.float64(92.14), 'acc': np.float64(92.22), 'ndev': 10000, 'ntest': 10000}","{'devacc': np.float64(32.12), 'acc': np.float64(31.75), 'ndev': 10606, 'ntest': 10606}","{'devacc': np.float64(49.08), 'acc': 50.08, 'ndev': 872, 'ntest': 1821}","{'devacc': np.float64(79.2), 'acc': 86.8, 'ndev': 5452, 'ntest': 500}","{'devacc': np.float64(70.81), 'acc': 70.09, 'f1': 77.64, 'ndev': 4076, 'ntest': 1725}"
allmpnet,CLS_SUM-3-6,"torch.Size([61, 768])",NORMAL,4,0,12,"{'devacc': np.float64(83.37), 'acc': np.float64(83.49), 'ndev': 10662, 'ntest': 10662}","{'devacc': np.float64(88.99), 'acc': np.float64(88.74), 'ndev': 3775, 'ntest': 3775}","{'devacc': np.float64(95.77), 'acc': np.float64(95.79), 'ndev': 10000, 'ntest': 10000}","{'devacc': np.float64(89.24), 'acc': np.float64(89.21), 'ndev': 10606, 'ntest': 10606}","{'devacc': np.float64(85.67), 'acc': 86.44, 'ndev': 872, 'ntest': 1821}","{'devacc': np.float64(74.74), 'acc': 81.8, 'ndev': 5452, 'ntest': 500}","{'devacc': np.float64(70.34), 'acc': 70.32, 'f1': 79.86, 'ndev': 4076, 'ntest': 1725}"
allmpnet,AVG_SUM-3-6,"torch.Size([61, 768])",NORMAL,4,0,12,"{'devacc': np.float64(84.4), 'acc': np.float64(84.64), 'ndev': 10662, 'ntest': 10662}","{'devacc': np.float64(89.87), 'acc': np.float64(90.07), 'ndev': 3775, 'ntest': 3775}","{'devacc': np.float64(95.92), 'acc': np.float64(95.81), 'ndev': 10000, 'ntest': 10000}","{'devacc': np.float64(90.38), 'acc': np.float64(90.43), 'ndev': 10606, 'ntest': 10606}","{'devacc': np.float64(88.99), 'acc': 89.07, 'ndev': 872, 'ntest': 1821}","{'devacc': np.float64(88.74), 'acc': 94.0, 'ndev': 5452, 'ntest': 500}","{'devacc': np.float64(74.9), 'acc': 72.41, 'f1': 79.93, 'ndev': 4076, 'ntest': 1725}"
allmpnet,SUM_SUM-3-6,"torch.Size([61, 768])",NORMAL,4,0,12,"{'devacc': np.float64(83.6), 'acc': np.float64(83.9), 'ndev': 10662, 'ntest': 10662}","{'devacc': np.float64(86.56), 'acc': np.float64(86.54), 'ndev': 3775, 'ntest': 3775}","{'devacc': np.float64(94.21), 'acc': np.float64(94.22), 'ndev': 10000, 'ntest': 10000}","{'devacc': np.float64(89.11), 'acc': np.float64(89.43), 'ndev': 10606, 'ntest': 10606}","{'devacc': np.float64(88.53), 'acc': 89.18, 'ndev': 872, 'ntest': 1821}","{'devacc': np.float64(87.25), 'acc': 93.8, 'ndev': 5452, 'ntest': 500}","{'devacc': np.float64(70.22), 'acc': 68.17, 'f1': 77.02, 'ndev': 4076, 'ntest': 1725}"
allmpnet,MAX_SUM-3-6,"torch.Size([61, 768])",NORMAL,4,0,12,"{'devacc': np.float64(80.82), 'acc': np.float64(81.06), 'ndev': 10662, 'ntest': 10662}","{'devacc': np.float64(84.33), 'acc': np.float64(84.45), 'ndev': 3775, 'ntest': 3775}","{'devacc': np.float64(93.57), 'acc': np.float64(94.06), 'ndev': 10000, 'ntest': 10000}","{'devacc': np.float64(88.79), 'acc': np.float64(89.25), 'ndev': 10606, 'ntest': 10606}","{'devacc': np.float64(84.86), 'acc': 87.15, 'ndev': 872, 'ntest': 1821}","{'devacc': np.float64(86.7), 'acc': 92.6, 'ndev': 5452, 'ntest': 500}","{'devacc': np.float64(73.16), 'acc': 72.0, 'f1': 79.26, 'ndev': 4076, 'ntest': 1725}"
allmpnet,AVG-NS_SUM-3-6,"torch.Size([61, 768])",NORMAL,4,0,12,"{'devacc': np.float64(83.14), 'acc': np.float64(83.23), 'ndev': 10662, 'ntest': 10662}","{'devacc': np.float64(87.81), 'acc': np.float64(87.76), 'ndev': 3775, 'ntest': 3775}","{'devacc': np.float64(95.42), 'acc': np.float64(95.48), 'ndev': 10000, 'ntest': 10000}","{'devacc': np.float64(89.2), 'acc': np.float64(89.44), 'ndev': 10606, 'ntest': 10606}","{'devacc': np.float64(87.61), 'acc': 88.47, 'ndev': 872, 'ntest': 1821}","{'devacc': np.float64(84.02), 'acc': 90.0, 'ndev': 5452, 'ntest': 500}","{'devacc': np.float64(71.1), 'acc': 70.32, 'f1': 78.16, 'ndev': 4076, 'ntest': 1725}"
allmpnet,SUM-NS_SUM-3-6,"torch.Size([61, 768])",NORMAL,4,0,12,"{'devacc': np.float64(82.28), 'acc': np.float64(82.54), 'ndev': 10662, 'ntest': 10662}","{'devacc': np.float64(84.01), 'acc': np.float64(83.58), 'ndev': 3775, 'ntest': 3775}","{'devacc': np.float64(93.4), 'acc': np.float64(93.68), 'ndev': 10000, 'ntest': 10000}","{'devacc': np.float64(88.17), 'acc': np.float64(88.44), 'ndev': 10606, 'ntest': 10606}","{'devacc': np.float64(86.47), 'acc': 88.08, 'ndev': 872, 'ntest': 1821}","{'devacc': np.float64(82.54), 'acc': 87.0, 'ndev': 5452, 'ntest': 500}","{'devacc': np.float64(70.12), 'acc': 68.87, 'f1': 77.26, 'ndev': 4076, 'ntest': 1725}"
allmpnet,MAX-NS_SUM-3-6,"torch.Size([61, 768])",NORMAL,4,0,12,"{'devacc': np.float64(79.51), 'acc': np.float64(79.66), 'ndev': 10662, 'ntest': 10662}","{'devacc': np.float64(63.15), 'acc': np.float64(65.43), 'ndev': 3775, 'ntest': 3775}","{'devacc': np.float64(92.84), 'acc': np.float64(93.05), 'ndev': 10000, 'ntest': 10000}","{'devacc': np.float64(32.12), 'acc': np.float64(31.75), 'ndev': 10606, 'ntest': 10606}","{'devacc': np.float64(49.08), 'acc': 50.08, 'ndev': 872, 'ntest': 1821}","{'devacc': np.float64(81.03), 'acc': 87.4, 'ndev': 5452, 'ntest': 500}","{'devacc': np.float64(72.35), 'acc': 70.32, 'f1': 78.51, 'ndev': 4076, 'ntest': 1725}"
allmpnet,CLS_SUM-4-7,"torch.Size([61, 768])",NORMAL,4,0,12,"{'devacc': np.float64(84.21), 'acc': np.float64(84.42), 'ndev': 10662, 'ntest': 10662}","{'devacc': np.float64(90.29), 'acc': np.float64(90.33), 'ndev': 3775, 'ntest': 3775}","{'devacc': np.float64(95.71), 'acc': np.float64(95.65), 'ndev': 10000, 'ntest': 10000}","{'devacc': np.float64(89.12), 'acc': np.float64(89.3), 'ndev': 10606, 'ntest': 10606}","{'devacc': np.float64(86.81), 'acc': 87.7, 'ndev': 872, 'ntest': 1821}","{'devacc': np.float64(73.5), 'acc': 84.2, 'ndev': 5452, 'ntest': 500}","{'devacc': np.float64(70.07), 'acc': 70.09, 'f1': 79.33, 'ndev': 4076, 'ntest': 1725}"
allmpnet,AVG_SUM-4-7,"torch.Size([61, 768])",NORMAL,4,0,12,"{'devacc': np.float64(85.38), 'acc': np.float64(85.58), 'ndev': 10662, 'ntest': 10662}","{'devacc': np.float64(90.45), 'acc': np.float64(90.76), 'ndev': 3775, 'ntest': 3775}","{'devacc': np.float64(96.01), 'acc': np.float64(96.03), 'ndev': 10000, 'ntest': 10000}","{'devacc': np.float64(90.67), 'acc': np.float64(90.75), 'ndev': 10606, 'ntest': 10606}","{'devacc': np.float64(89.56), 'acc': 90.88, 'ndev': 872, 'ntest': 1821}","{'devacc': np.float64(88.98), 'acc': 94.0, 'ndev': 5452, 'ntest': 500}","{'devacc': np.float64(74.24), 'acc': 73.16, 'f1': 80.41, 'ndev': 4076, 'ntest': 1725}"
allmpnet,SUM_SUM-4-7,"torch.Size([61, 768])",NORMAL,4,0,12,"{'devacc': np.float64(84.5), 'acc': np.float64(84.79), 'ndev': 10662, 'ntest': 10662}","{'devacc': np.float64(87.53), 'acc': np.float64(87.36), 'ndev': 3775, 'ntest': 3775}","{'devacc': np.float64(94.42), 'acc': np.float64(94.52), 'ndev': 10000, 'ntest': 10000}","{'devacc': np.float64(89.32), 'acc': np.float64(89.56), 'ndev': 10606, 'ntest': 10606}","{'devacc': np.float64(90.94), 'acc': 90.44, 'ndev': 872, 'ntest': 1821}","{'devacc': np.float64(87.56), 'acc': 93.6, 'ndev': 5452, 'ntest': 500}","{'devacc': np.float64(69.65), 'acc': 68.41, 'f1': 76.86, 'ndev': 4076, 'ntest': 1725}"
allmpnet,MAX_SUM-4-7,"torch.Size([61, 768])",NORMAL,4,0,12,"{'devacc': np.float64(82.26), 'acc': np.float64(82.54), 'ndev': 10662, 'ntest': 10662}","{'devacc': np.float64(86.54), 'acc': np.float64(86.3), 'ndev': 3775, 'ntest': 3775}","{'devacc': np.float64(93.62), 'acc': np.float64(93.81), 'ndev': 10000, 'ntest': 10000}","{'devacc': np.float64(89.15), 'acc': np.float64(89.43), 'ndev': 10606, 'ntest': 10606}","{'devacc': np.float64(85.78), 'acc': 88.3, 'ndev': 872, 'ntest': 1821}","{'devacc': np.float64(87.22), 'acc': 92.0, 'ndev': 5452, 'ntest': 500}","{'devacc': np.float64(73.11), 'acc': 72.52, 'f1': 80.15, 'ndev': 4076, 'ntest': 1725}"
allmpnet,AVG-NS_SUM-4-7,"torch.Size([61, 768])",NORMAL,4,0,12,"{'devacc': np.float64(84.33), 'acc': np.float64(84.53), 'ndev': 10662, 'ntest': 10662}","{'devacc': np.float64(88.99), 'acc': np.float64(88.82), 'ndev': 3775, 'ntest': 3775}","{'devacc': np.float64(95.63), 'acc': np.float64(95.61), 'ndev': 10000, 'ntest': 10000}","{'devacc': np.float64(89.42), 'acc': np.float64(89.4), 'ndev': 10606, 'ntest': 10606}","{'devacc': np.float64(88.88), 'acc': 89.62, 'ndev': 872, 'ntest': 1821}","{'devacc': np.float64(84.48), 'acc': 90.2, 'ndev': 5452, 'ntest': 500}","{'devacc': np.float64(71.1), 'acc': 70.9, 'f1': 78.31, 'ndev': 4076, 'ntest': 1725}"
allmpnet,SUM-NS_SUM-4-7,"torch.Size([61, 768])",NORMAL,4,0,12,"{'devacc': np.float64(83.39), 'acc': np.float64(83.61), 'ndev': 10662, 'ntest': 10662}","{'devacc': np.float64(85.58), 'acc': np.float64(85.62), 'ndev': 3775, 'ntest': 3775}","{'devacc': np.float64(93.91), 'acc': np.float64(93.83), 'ndev': 10000, 'ntest': 10000}","{'devacc': np.float64(88.51), 'acc': np.float64(88.76), 'ndev': 10606, 'ntest': 10606}","{'devacc': np.float64(88.99), 'acc': 88.69, 'ndev': 872, 'ntest': 1821}","{'devacc': np.float64(83.14), 'acc': 91.0, 'ndev': 5452, 'ntest': 500}","{'devacc': np.float64(69.58), 'acc': 68.52, 'f1': 76.94, 'ndev': 4076, 'ntest': 1725}"
allmpnet,MAX-NS_SUM-4-7,"torch.Size([61, 768])",NORMAL,4,0,12,"{'devacc': np.float64(81.21), 'acc': np.float64(81.5), 'ndev': 10662, 'ntest': 10662}","{'devacc': np.float64(63.53), 'acc': np.float64(65.72), 'ndev': 3775, 'ntest': 3775}","{'devacc': np.float64(92.99), 'acc': np.float64(93.33), 'ndev': 10000, 'ntest': 10000}","{'devacc': np.float64(32.12), 'acc': np.float64(31.75), 'ndev': 10606, 'ntest': 10606}","{'devacc': np.float64(49.08), 'acc': 50.08, 'ndev': 872, 'ntest': 1821}","{'devacc': np.float64(81.07), 'acc': 88.4, 'ndev': 5452, 'ntest': 500}","{'devacc': np.float64(72.2), 'acc': 72.17, 'f1': 79.54, 'ndev': 4076, 'ntest': 1725}"
allmpnet,CLS_SUM-5-8,"torch.Size([61, 768])",NORMAL,4,0,12,"{'devacc': np.float64(84.18), 'acc': np.float64(84.28), 'ndev': 10662, 'ntest': 10662}","{'devacc': np.float64(90.4), 'acc': np.float64(90.44), 'ndev': 3775, 'ntest': 3775}","{'devacc': np.float64(95.53), 'acc': np.float64(95.46), 'ndev': 10000, 'ntest': 10000}","{'devacc': np.float64(88.7), 'acc': np.float64(88.56), 'ndev': 10606, 'ntest': 10606}","{'devacc': np.float64(87.27), 'acc': 87.75, 'ndev': 872, 'ntest': 1821}","{'devacc': np.float64(72.41), 'acc': 80.6, 'ndev': 5452, 'ntest': 500}","{'devacc': np.float64(69.82), 'acc': 69.33, 'f1': 78.35, 'ndev': 4076, 'ntest': 1725}"
allmpnet,AVG_SUM-5-8,"torch.Size([61, 768])",NORMAL,4,0,12,"{'devacc': np.float64(85.86), 'acc': np.float64(85.98), 'ndev': 10662, 'ntest': 10662}","{'devacc': np.float64(90.78), 'acc': np.float64(90.86), 'ndev': 3775, 'ntest': 3775}","{'devacc': np.float64(95.97), 'acc': np.float64(96.07), 'ndev': 10000, 'ntest': 10000}","{'devacc': np.float64(90.71), 'acc': np.float64(90.78), 'ndev': 10606, 'ntest': 10606}","{'devacc': np.float64(89.79), 'acc': 90.83, 'ndev': 872, 'ntest': 1821}","{'devacc': np.float64(89.12), 'acc': 94.4, 'ndev': 5452, 'ntest': 500}","{'devacc': np.float64(74.22), 'acc': 73.22, 'f1': 80.31, 'ndev': 4076, 'ntest': 1725}"
allmpnet,SUM_SUM-5-8,"torch.Size([61, 768])",NORMAL,4,0,12,"{'devacc': np.float64(84.81), 'acc': np.float64(84.92), 'ndev': 10662, 'ntest': 10662}","{'devacc': np.float64(88.0), 'acc': np.float64(87.47), 'ndev': 3775, 'ntest': 3775}","{'devacc': np.float64(94.5), 'acc': np.float64(94.5), 'ndev': 10000, 'ntest': 10000}","{'devacc': np.float64(89.44), 'acc': np.float64(89.54), 'ndev': 10606, 'ntest': 10606}","{'devacc': np.float64(89.68), 'acc': 90.77, 'ndev': 872, 'ntest': 1821}","{'devacc': np.float64(87.44), 'acc': 93.2, 'ndev': 5452, 'ntest': 500}","{'devacc': np.float64(69.33), 'acc': 67.65, 'f1': 76.53, 'ndev': 4076, 'ntest': 1725}"
allmpnet,MAX_SUM-5-8,"torch.Size([61, 768])",NORMAL,4,0,12,"{'devacc': np.float64(82.93), 'acc': np.float64(83.0), 'ndev': 10662, 'ntest': 10662}","{'devacc': np.float64(87.16), 'acc': np.float64(86.89), 'ndev': 3775, 'ntest': 3775}","{'devacc': np.float64(93.88), 'acc': np.float64(93.92), 'ndev': 10000, 'ntest': 10000}","{'devacc': np.float64(88.98), 'acc': np.float64(89.02), 'ndev': 10606, 'ntest': 10606}","{'devacc': np.float64(87.04), 'acc': 89.13, 'ndev': 872, 'ntest': 1821}","{'devacc': np.float64(87.42), 'acc': 92.4, 'ndev': 5452, 'ntest': 500}","{'devacc': np.float64(73.11), 'acc': 72.99, 'f1': 80.14, 'ndev': 4076, 'ntest': 1725}"
allmpnet,AVG-NS_SUM-5-8,"torch.Size([61, 768])",NORMAL,4,0,12,"{'devacc': np.float64(84.92), 'acc': np.float64(85.01), 'ndev': 10662, 'ntest': 10662}","{'devacc': np.float64(89.33), 'acc': np.float64(89.46), 'ndev': 3775, 'ntest': 3775}","{'devacc': np.float64(95.75), 'acc': np.float64(95.71), 'ndev': 10000, 'ntest': 10000}","{'devacc': np.float64(89.64), 'acc': np.float64(89.56), 'ndev': 10606, 'ntest': 10606}","{'devacc': np.float64(88.76), 'acc': 90.39, 'ndev': 872, 'ntest': 1821}","{'devacc': np.float64(85.09), 'acc': 91.0, 'ndev': 5452, 'ntest': 500}","{'devacc': np.float64(70.8), 'acc': 69.68, 'f1': 77.58, 'ndev': 4076, 'ntest': 1725}"
allmpnet,SUM-NS_SUM-5-8,"torch.Size([61, 768])",NORMAL,4,0,12,"{'devacc': np.float64(83.92), 'acc': np.float64(84.05), 'ndev': 10662, 'ntest': 10662}","{'devacc': np.float64(86.29), 'acc': np.float64(86.52), 'ndev': 3775, 'ntest': 3775}","{'devacc': np.float64(94.18), 'acc': np.float64(94.04), 'ndev': 10000, 'ntest': 10000}","{'devacc': np.float64(88.77), 'acc': np.float64(88.94), 'ndev': 10606, 'ntest': 10606}","{'devacc': np.float64(90.02), 'acc': 89.95, 'ndev': 872, 'ntest': 1821}","{'devacc': np.float64(83.55), 'acc': 90.2, 'ndev': 5452, 'ntest': 500}","{'devacc': np.float64(69.06), 'acc': 67.88, 'f1': 76.6, 'ndev': 4076, 'ntest': 1725}"
allmpnet,MAX-NS_SUM-5-8,"torch.Size([61, 768])",NORMAL,4,0,12,"{'devacc': np.float64(82.01), 'acc': np.float64(82.14), 'ndev': 10662, 'ntest': 10662}","{'devacc': np.float64(63.66), 'acc': np.float64(65.85), 'ndev': 3775, 'ntest': 3775}","{'devacc': np.float64(92.98), 'acc': np.float64(93.22), 'ndev': 10000, 'ntest': 10000}","{'devacc': np.float64(32.12), 'acc': np.float64(31.75), 'ndev': 10606, 'ntest': 10606}","{'devacc': np.float64(49.08), 'acc': 50.08, 'ndev': 872, 'ntest': 1821}","{'devacc': np.float64(81.58), 'acc': 87.4, 'ndev': 5452, 'ntest': 500}","{'devacc': np.float64(71.22), 'acc': 72.23, 'f1': 79.49, 'ndev': 4076, 'ntest': 1725}"
allmpnet,CLS_SUM-6-9,"torch.Size([61, 768])",NORMAL,4,0,12,"{'devacc': np.float64(83.68), 'acc': np.float64(83.78), 'ndev': 10662, 'ntest': 10662}","{'devacc': np.float64(90.3), 'acc': np.float64(90.22), 'ndev': 3775, 'ntest': 3775}","{'devacc': np.float64(94.84), 'acc': np.float64(94.87), 'ndev': 10000, 'ntest': 10000}","{'devacc': np.float64(87.66), 'acc': np.float64(87.8), 'ndev': 10606, 'ntest': 10606}","{'devacc': np.float64(86.47), 'acc': 87.42, 'ndev': 872, 'ntest': 1821}","{'devacc': np.float64(56.92), 'acc': 63.0, 'ndev': 5452, 'ntest': 500}","{'devacc': np.float64(69.41), 'acc': 69.33, 'f1': 78.57, 'ndev': 4076, 'ntest': 1725}"
allmpnet,AVG_SUM-6-9,"torch.Size([61, 768])",NORMAL,4,0,12,"{'devacc': np.float64(86.02), 'acc': np.float64(86.22), 'ndev': 10662, 'ntest': 10662}","{'devacc': np.float64(90.93), 'acc': np.float64(91.07), 'ndev': 3775, 'ntest': 3775}","{'devacc': np.float64(95.96), 'acc': np.float64(95.96), 'ndev': 10000, 'ntest': 10000}","{'devacc': np.float64(90.58), 'acc': np.float64(90.69), 'ndev': 10606, 'ntest': 10606}","{'devacc': np.float64(89.22), 'acc': 91.32, 'ndev': 872, 'ntest': 1821}","{'devacc': np.float64(89.58), 'acc': 95.6, 'ndev': 5452, 'ntest': 500}","{'devacc': np.float64(73.99), 'acc': 74.03, 'f1': 81.07, 'ndev': 4076, 'ntest': 1725}"
allmpnet,SUM_SUM-6-9,"torch.Size([61, 768])",NORMAL,4,0,12,"{'devacc': np.float64(85.08), 'acc': np.float64(85.29), 'ndev': 10662, 'ntest': 10662}","{'devacc': np.float64(88.34), 'acc': np.float64(88.05), 'ndev': 3775, 'ntest': 3775}","{'devacc': np.float64(94.54), 'acc': np.float64(94.54), 'ndev': 10000, 'ntest': 10000}","{'devacc': np.float64(89.2), 'acc': np.float64(89.38), 'ndev': 10606, 'ntest': 10606}","{'devacc': np.float64(89.33), 'acc': 91.6, 'ndev': 872, 'ntest': 1821}","{'devacc': np.float64(87.89), 'acc': 94.2, 'ndev': 5452, 'ntest': 500}","{'devacc': np.float64(69.41), 'acc': 67.88, 'f1': 76.55, 'ndev': 4076, 'ntest': 1725}"
allmpnet,MAX_SUM-6-9,"torch.Size([61, 768])",NORMAL,4,0,12,"{'devacc': np.float64(83.96), 'acc': np.float64(83.83), 'ndev': 10662, 'ntest': 10662}","{'devacc': np.float64(88.11), 'acc': np.float64(88.24), 'ndev': 3775, 'ntest': 3775}","{'devacc': np.float64(93.91), 'acc': np.float64(93.87), 'ndev': 10000, 'ntest': 10000}","{'devacc': np.float64(89.09), 'acc': np.float64(89.44), 'ndev': 10606, 'ntest': 10606}","{'devacc': np.float64(88.19), 'acc': 90.72, 'ndev': 872, 'ntest': 1821}","{'devacc': np.float64(87.09), 'acc': 92.8, 'ndev': 5452, 'ntest': 500}","{'devacc': np.float64(72.54), 'acc': 71.71, 'f1': 79.02, 'ndev': 4076, 'ntest': 1725}"
allmpnet,AVG-NS_SUM-6-9,"torch.Size([61, 768])",NORMAL,4,0,12,"{'devacc': np.float64(85.46), 'acc': np.float64(85.4), 'ndev': 10662, 'ntest': 10662}","{'devacc': np.float64(89.78), 'acc': np.float64(89.96), 'ndev': 3775, 'ntest': 3775}","{'devacc': np.float64(95.68), 'acc': np.float64(95.77), 'ndev': 10000, 'ntest': 10000}","{'devacc': np.float64(89.68), 'acc': np.float64(89.9), 'ndev': 10606, 'ntest': 10606}","{'devacc': np.float64(88.65), 'acc': 91.27, 'ndev': 872, 'ntest': 1821}","{'devacc': np.float64(85.49), 'acc': 92.8, 'ndev': 5452, 'ntest': 500}","{'devacc': np.float64(70.41), 'acc': 70.26, 'f1': 78.16, 'ndev': 4076, 'ntest': 1725}"
allmpnet,SUM-NS_SUM-6-9,"torch.Size([61, 768])",NORMAL,4,0,12,"{'devacc': np.float64(84.55), 'acc': np.float64(84.74), 'ndev': 10662, 'ntest': 10662}","{'devacc': np.float64(87.18), 'acc': np.float64(87.15), 'ndev': 3775, 'ntest': 3775}","{'devacc': np.float64(94.19), 'acc': np.float64(94.38), 'ndev': 10000, 'ntest': 10000}","{'devacc': np.float64(88.74), 'acc': np.float64(89.08), 'ndev': 10606, 'ntest': 10606}","{'devacc': np.float64(89.45), 'acc': 90.28, 'ndev': 872, 'ntest': 1821}","{'devacc': np.float64(83.91), 'acc': 92.6, 'ndev': 5452, 'ntest': 500}","{'devacc': np.float64(69.14), 'acc': 68.87, 'f1': 77.31, 'ndev': 4076, 'ntest': 1725}"
allmpnet,MAX-NS_SUM-6-9,"torch.Size([61, 768])",NORMAL,4,0,12,"{'devacc': np.float64(83.19), 'acc': np.float64(83.7), 'ndev': 10662, 'ntest': 10662}","{'devacc': np.float64(63.72), 'acc': np.float64(65.88), 'ndev': 3775, 'ntest': 3775}","{'devacc': np.float64(93.06), 'acc': np.float64(93.17), 'ndev': 10000, 'ntest': 10000}","{'devacc': np.float64(32.12), 'acc': np.float64(31.75), 'ndev': 10606, 'ntest': 10606}","{'devacc': np.float64(49.08), 'acc': 50.08, 'ndev': 872, 'ntest': 1821}","{'devacc': np.float64(81.93), 'acc': 87.6, 'ndev': 5452, 'ntest': 500}","{'devacc': np.float64(71.74), 'acc': 70.55, 'f1': 78.38, 'ndev': 4076, 'ntest': 1725}"
allmpnet,CLS_SUM-7-10,"torch.Size([61, 768])",NORMAL,4,0,12,"{'devacc': np.float64(83.95), 'acc': np.float64(83.99), 'ndev': 10662, 'ntest': 10662}","{'devacc': np.float64(90.25), 'acc': np.float64(90.2), 'ndev': 3775, 'ntest': 3775}","{'devacc': np.float64(94.89), 'acc': np.float64(94.99), 'ndev': 10000, 'ntest': 10000}","{'devacc': np.float64(86.94), 'acc': np.float64(87.12), 'ndev': 10606, 'ntest': 10606}","{'devacc': np.float64(87.16), 'acc': 88.41, 'ndev': 872, 'ntest': 1821}","{'devacc': np.float64(56.11), 'acc': 63.2, 'ndev': 5452, 'ntest': 500}","{'devacc': np.float64(70.29), 'acc': 69.97, 'f1': 79.44, 'ndev': 4076, 'ntest': 1725}"
allmpnet,AVG_SUM-7-10,"torch.Size([61, 768])",NORMAL,4,0,12,"{'devacc': np.float64(86.34), 'acc': np.float64(86.45), 'ndev': 10662, 'ntest': 10662}","{'devacc': np.float64(91.24), 'acc': np.float64(91.26), 'ndev': 3775, 'ntest': 3775}","{'devacc': np.float64(95.93), 'acc': np.float64(96.11), 'ndev': 10000, 'ntest': 10000}","{'devacc': np.float64(90.35), 'acc': np.float64(90.49), 'ndev': 10606, 'ntest': 10606}","{'devacc': np.float64(89.68), 'acc': 91.76, 'ndev': 872, 'ntest': 1821}","{'devacc': np.float64(90.26), 'acc': 95.6, 'ndev': 5452, 'ntest': 500}","{'devacc': np.float64(74.09), 'acc': 73.91, 'f1': 80.92, 'ndev': 4076, 'ntest': 1725}"
allmpnet,SUM_SUM-7-10,"torch.Size([61, 768])",NORMAL,4,0,12,"{'devacc': np.float64(85.36), 'acc': np.float64(85.6), 'ndev': 10662, 'ntest': 10662}","{'devacc': np.float64(88.77), 'acc': np.float64(88.26), 'ndev': 3775, 'ntest': 3775}","{'devacc': np.float64(94.35), 'acc': np.float64(94.5), 'ndev': 10000, 'ntest': 10000}","{'devacc': np.float64(88.85), 'acc': np.float64(89.06), 'ndev': 10606, 'ntest': 10606}","{'devacc': np.float64(89.79), 'acc': 91.54, 'ndev': 872, 'ntest': 1821}","{'devacc': np.float64(88.76), 'acc': 94.8, 'ndev': 5452, 'ntest': 500}","{'devacc': np.float64(69.43), 'acc': 68.75, 'f1': 77.49, 'ndev': 4076, 'ntest': 1725}"
allmpnet,MAX_SUM-7-10,"torch.Size([61, 768])",NORMAL,4,0,12,"{'devacc': np.float64(84.4), 'acc': np.float64(84.28), 'ndev': 10662, 'ntest': 10662}","{'devacc': np.float64(88.0), 'acc': np.float64(88.08), 'ndev': 3775, 'ntest': 3775}","{'devacc': np.float64(93.76), 'acc': np.float64(93.86), 'ndev': 10000, 'ntest': 10000}","{'devacc': np.float64(88.94), 'acc': np.float64(89.14), 'ndev': 10606, 'ntest': 10606}","{'devacc': np.float64(89.91), 'acc': 90.55, 'ndev': 872, 'ntest': 1821}","{'devacc': np.float64(88.41), 'acc': 93.0, 'ndev': 5452, 'ntest': 500}","{'devacc': np.float64(72.4), 'acc': 71.94, 'f1': 79.39, 'ndev': 4076, 'ntest': 1725}"
allmpnet,AVG-NS_SUM-7-10,"torch.Size([61, 768])",NORMAL,4,0,12,"{'devacc': np.float64(85.86), 'acc': np.float64(85.94), 'ndev': 10662, 'ntest': 10662}","{'devacc': np.float64(89.93), 'acc': np.float64(90.17), 'ndev': 3775, 'ntest': 3775}","{'devacc': np.float64(95.6), 'acc': np.float64(95.71), 'ndev': 10000, 'ntest': 10000}","{'devacc': np.float64(89.38), 'acc': np.float64(89.55), 'ndev': 10606, 'ntest': 10606}","{'devacc': np.float64(90.25), 'acc': 91.16, 'ndev': 872, 'ntest': 1821}","{'devacc': np.float64(84.92), 'acc': 91.6, 'ndev': 5452, 'ntest': 500}","{'devacc': np.float64(70.95), 'acc': 70.55, 'f1': 78.44, 'ndev': 4076, 'ntest': 1725}"
allmpnet,SUM-NS_SUM-7-10,"torch.Size([61, 768])",NORMAL,4,0,12,"{'devacc': np.float64(84.89), 'acc': np.float64(85.22), 'ndev': 10662, 'ntest': 10662}","{'devacc': np.float64(87.58), 'acc': np.float64(87.89), 'ndev': 3775, 'ntest': 3775}","{'devacc': np.float64(94.22), 'acc': np.float64(94.47), 'ndev': 10000, 'ntest': 10000}","{'devacc': np.float64(88.32), 'acc': np.float64(88.56), 'ndev': 10606, 'ntest': 10606}","{'devacc': np.float64(89.45), 'acc': 90.5, 'ndev': 872, 'ntest': 1821}","{'devacc': np.float64(84.19), 'acc': 92.4, 'ndev': 5452, 'ntest': 500}","{'devacc': np.float64(69.04), 'acc': 69.57, 'f1': 78.1, 'ndev': 4076, 'ntest': 1725}"
allmpnet,MAX-NS_SUM-7-10,"torch.Size([61, 768])",NORMAL,4,0,12,"{'devacc': np.float64(83.64), 'acc': np.float64(83.48), 'ndev': 10662, 'ntest': 10662}","{'devacc': np.float64(63.77), 'acc': np.float64(66.35), 'ndev': 3775, 'ntest': 3775}","{'devacc': np.float64(93.07), 'acc': np.float64(93.23), 'ndev': 10000, 'ntest': 10000}","{'devacc': np.float64(35.22), 'acc': np.float64(34.87), 'ndev': 10606, 'ntest': 10606}","{'devacc': np.float64(49.08), 'acc': 50.08, 'ndev': 872, 'ntest': 1821}","{'devacc': np.float64(82.48), 'acc': 88.4, 'ndev': 5452, 'ntest': 500}","{'devacc': np.float64(70.95), 'acc': 69.57, 'f1': 77.3, 'ndev': 4076, 'ntest': 1725}"
allmpnet,CLS_SUM-8-11,"torch.Size([61, 768])",NORMAL,4,0,12,"{'devacc': np.float64(84.67), 'acc': np.float64(84.5), 'ndev': 10662, 'ntest': 10662}","{'devacc': np.float64(90.21), 'acc': np.float64(89.91), 'ndev': 3775, 'ntest': 3775}","{'devacc': np.float64(95.29), 'acc': np.float64(95.32), 'ndev': 10000, 'ntest': 10000}","{'devacc': np.float64(87.87), 'acc': np.float64(88.12), 'ndev': 10606, 'ntest': 10606}","{'devacc': np.float64(86.93), 'acc': 86.99, 'ndev': 872, 'ntest': 1821}","{'devacc': np.float64(76.82), 'acc': 81.0, 'ndev': 5452, 'ntest': 500}","{'devacc': np.float64(70.61), 'acc': 71.3, 'f1': 80.4, 'ndev': 4076, 'ntest': 1725}"
allmpnet,AVG_SUM-8-11,"torch.Size([61, 768])",NORMAL,4,0,12,"{'devacc': np.float64(86.48), 'acc': np.float64(86.55), 'ndev': 10662, 'ntest': 10662}","{'devacc': np.float64(91.18), 'acc': np.float64(91.26), 'ndev': 3775, 'ntest': 3775}","{'devacc': np.float64(95.75), 'acc': np.float64(95.69), 'ndev': 10000, 'ntest': 10000}","{'devacc': np.float64(90.22), 'acc': np.float64(90.23), 'ndev': 10606, 'ntest': 10606}","{'devacc': np.float64(90.6), 'acc': 91.43, 'ndev': 872, 'ntest': 1821}","{'devacc': np.float64(90.7), 'acc': 96.2, 'ndev': 5452, 'ntest': 500}","{'devacc': np.float64(74.36), 'acc': 73.62, 'f1': 80.66, 'ndev': 4076, 'ntest': 1725}"
allmpnet,SUM_SUM-8-11,"torch.Size([61, 768])",NORMAL,4,0,12,"{'devacc': np.float64(85.45), 'acc': np.float64(85.25), 'ndev': 10662, 'ntest': 10662}","{'devacc': np.float64(88.67), 'acc': np.float64(88.26), 'ndev': 3775, 'ntest': 3775}","{'devacc': np.float64(94.2), 'acc': np.float64(94.23), 'ndev': 10000, 'ntest': 10000}","{'devacc': np.float64(88.71), 'acc': np.float64(88.7), 'ndev': 10606, 'ntest': 10606}","{'devacc': np.float64(89.79), 'acc': 91.1, 'ndev': 872, 'ntest': 1821}","{'devacc': np.float64(89.18), 'acc': 95.0, 'ndev': 5452, 'ntest': 500}","{'devacc': np.float64(70.9), 'acc': 70.14, 'f1': 78.21, 'ndev': 4076, 'ntest': 1725}"
allmpnet,MAX_SUM-8-11,"torch.Size([61, 768])",NORMAL,4,0,12,"{'devacc': np.float64(84.34), 'acc': np.float64(84.45), 'ndev': 10662, 'ntest': 10662}","{'devacc': np.float64(87.27), 'acc': np.float64(87.5), 'ndev': 3775, 'ntest': 3775}","{'devacc': np.float64(93.61), 'acc': np.float64(93.66), 'ndev': 10000, 'ntest': 10000}","{'devacc': np.float64(88.61), 'acc': np.float64(88.98), 'ndev': 10606, 'ntest': 10606}","{'devacc': np.float64(90.02), 'acc': 90.5, 'ndev': 872, 'ntest': 1821}","{'devacc': np.float64(88.9), 'acc': 93.6, 'ndev': 5452, 'ntest': 500}","{'devacc': np.float64(72.15), 'acc': 73.33, 'f1': 80.36, 'ndev': 4076, 'ntest': 1725}"
allmpnet,AVG-NS_SUM-8-11,"torch.Size([61, 768])",NORMAL,4,0,12,"{'devacc': np.float64(85.82), 'acc': np.float64(85.83), 'ndev': 10662, 'ntest': 10662}","{'devacc': np.float64(89.9), 'acc': np.float64(89.8), 'ndev': 3775, 'ntest': 3775}","{'devacc': np.float64(95.41), 'acc': np.float64(95.55), 'ndev': 10000, 'ntest': 10000}","{'devacc': np.float64(89.19), 'acc': np.float64(89.41), 'ndev': 10606, 'ntest': 10606}","{'devacc': np.float64(91.06), 'acc': 90.55, 'ndev': 872, 'ntest': 1821}","{'devacc': np.float64(85.67), 'acc': 91.8, 'ndev': 5452, 'ntest': 500}","{'devacc': np.float64(72.67), 'acc': 71.83, 'f1': 79.41, 'ndev': 4076, 'ntest': 1725}"
allmpnet,SUM-NS_SUM-8-11,"torch.Size([61, 768])",NORMAL,4,0,12,"{'devacc': np.float64(84.8), 'acc': np.float64(84.71), 'ndev': 10662, 'ntest': 10662}","{'devacc': np.float64(87.38), 'acc': np.float64(87.07), 'ndev': 3775, 'ntest': 3775}","{'devacc': np.float64(93.98), 'acc': np.float64(93.9), 'ndev': 10000, 'ntest': 10000}","{'devacc': np.float64(88.13), 'acc': np.float64(88.7), 'ndev': 10606, 'ntest': 10606}","{'devacc': np.float64(90.48), 'acc': 90.5, 'ndev': 872, 'ntest': 1821}","{'devacc': np.float64(84.08), 'acc': 90.4, 'ndev': 5452, 'ntest': 500}","{'devacc': np.float64(70.63), 'acc': 70.09, 'f1': 78.64, 'ndev': 4076, 'ntest': 1725}"
allmpnet,MAX-NS_SUM-8-11,"torch.Size([61, 768])",NORMAL,4,0,12,"{'devacc': np.float64(83.7), 'acc': np.float64(83.96), 'ndev': 10662, 'ntest': 10662}","{'devacc': np.float64(63.68), 'acc': np.float64(65.88), 'ndev': 3775, 'ntest': 3775}","{'devacc': np.float64(93.14), 'acc': np.float64(93.22), 'ndev': 10000, 'ntest': 10000}","{'devacc': np.float64(40.24), 'acc': np.float64(39.94), 'ndev': 10606, 'ntest': 10606}","{'devacc': np.float64(49.08), 'acc': 50.08, 'ndev': 872, 'ntest': 1821}","{'devacc': np.float64(83.05), 'acc': 87.8, 'ndev': 5452, 'ntest': 500}","{'devacc': np.float64(71.83), 'acc': 70.49, 'f1': 78.2, 'ndev': 4076, 'ntest': 1725}"
allmpnet,CLS_SUM-9-12,"torch.Size([61, 768])",NORMAL,4,0,12,"{'devacc': np.float64(84.43), 'acc': np.float64(84.36), 'ndev': 10662, 'ntest': 10662}","{'devacc': np.float64(88.38), 'acc': np.float64(88.32), 'ndev': 3775, 'ntest': 3775}","{'devacc': np.float64(93.71), 'acc': np.float64(93.64), 'ndev': 10000, 'ntest': 10000}","{'devacc': np.float64(89.48), 'acc': np.float64(89.65), 'ndev': 10606, 'ntest': 10606}","{'devacc': np.float64(89.11), 'acc': 88.03, 'ndev': 872, 'ntest': 1821}","{'devacc': np.float64(88.72), 'acc': 92.0, 'ndev': 5452, 'ntest': 500}","{'devacc': np.float64(73.6), 'acc': 73.51, 'f1': 81.42, 'ndev': 4076, 'ntest': 1725}"
allmpnet,AVG_SUM-9-12,"torch.Size([61, 768])",NORMAL,4,0,12,"{'devacc': np.float64(86.33), 'acc': np.float64(86.31), 'ndev': 10662, 'ntest': 10662}","{'devacc': np.float64(90.83), 'acc': np.float64(90.94), 'ndev': 3775, 'ntest': 3775}","{'devacc': np.float64(95.65), 'acc': np.float64(95.58), 'ndev': 10000, 'ntest': 10000}","{'devacc': np.float64(90.09), 'acc': np.float64(90.24), 'ndev': 10606, 'ntest': 10606}","{'devacc': np.float64(90.6), 'acc': 90.94, 'ndev': 872, 'ntest': 1821}","{'devacc': np.float64(90.48), 'acc': 95.6, 'ndev': 5452, 'ntest': 500}","{'devacc': np.float64(73.5), 'acc': 71.83, 'f1': 79.34, 'ndev': 4076, 'ntest': 1725}"
allmpnet,SUM_SUM-9-12,"torch.Size([61, 768])",NORMAL,4,0,12,"{'devacc': np.float64(85.19), 'acc': np.float64(85.14), 'ndev': 10662, 'ntest': 10662}","{'devacc': np.float64(87.91), 'acc': np.float64(87.5), 'ndev': 3775, 'ntest': 3775}","{'devacc': np.float64(94.09), 'acc': np.float64(94.1), 'ndev': 10000, 'ntest': 10000}","{'devacc': np.float64(88.63), 'acc': np.float64(88.86), 'ndev': 10606, 'ntest': 10606}","{'devacc': np.float64(90.02), 'acc': 90.61, 'ndev': 872, 'ntest': 1821}","{'devacc': np.float64(88.79), 'acc': 95.2, 'ndev': 5452, 'ntest': 500}","{'devacc': np.float64(70.73), 'acc': 70.61, 'f1': 78.47, 'ndev': 4076, 'ntest': 1725}"
allmpnet,MAX_SUM-9-12,"torch.Size([61, 768])",NORMAL,4,0,12,"{'devacc': np.float64(84.31), 'acc': np.float64(84.54), 'ndev': 10662, 'ntest': 10662}","{'devacc': np.float64(87.27), 'acc': np.float64(87.1), 'ndev': 3775, 'ntest': 3775}","{'devacc': np.float64(93.4), 'acc': np.float64(93.74), 'ndev': 10000, 'ntest': 10000}","{'devacc': np.float64(88.67), 'acc': np.float64(88.97), 'ndev': 10606, 'ntest': 10606}","{'devacc': np.float64(88.76), 'acc': 90.5, 'ndev': 872, 'ntest': 1821}","{'devacc': np.float64(89.27), 'acc': 94.2, 'ndev': 5452, 'ntest': 500}","{'devacc': np.float64(71.49), 'acc': 72.64, 'f1': 79.86, 'ndev': 4076, 'ntest': 1725}"
allmpnet,AVG-NS_SUM-9-12,"torch.Size([61, 768])",NORMAL,4,0,12,"{'devacc': np.float64(85.77), 'acc': np.float64(85.77), 'ndev': 10662, 'ntest': 10662}","{'devacc': np.float64(89.79), 'acc': np.float64(90.17), 'ndev': 3775, 'ntest': 3775}","{'devacc': np.float64(95.45), 'acc': np.float64(95.52), 'ndev': 10000, 'ntest': 10000}","{'devacc': np.float64(89.07), 'acc': np.float64(89.4), 'ndev': 10606, 'ntest': 10606}","{'devacc': np.float64(90.48), 'acc': 90.55, 'ndev': 872, 'ntest': 1821}","{'devacc': np.float64(86.33), 'acc': 93.4, 'ndev': 5452, 'ntest': 500}","{'devacc': np.float64(72.35), 'acc': 71.59, 'f1': 79.15, 'ndev': 4076, 'ntest': 1725}"
allmpnet,SUM-NS_SUM-9-12,"torch.Size([61, 768])",NORMAL,4,0,12,"{'devacc': np.float64(84.61), 'acc': np.float64(84.59), 'ndev': 10662, 'ntest': 10662}","{'devacc': np.float64(87.0), 'acc': np.float64(87.04), 'ndev': 3775, 'ntest': 3775}","{'devacc': np.float64(93.96), 'acc': np.float64(93.87), 'ndev': 10000, 'ntest': 10000}","{'devacc': np.float64(88.11), 'acc': np.float64(88.66), 'ndev': 10606, 'ntest': 10606}","{'devacc': np.float64(90.37), 'acc': 90.5, 'ndev': 872, 'ntest': 1821}","{'devacc': np.float64(84.46), 'acc': 90.2, 'ndev': 5452, 'ntest': 500}","{'devacc': np.float64(70.71), 'acc': 70.61, 'f1': 78.04, 'ndev': 4076, 'ntest': 1725}"
allmpnet,MAX-NS_SUM-9-12,"torch.Size([61, 768])",NORMAL,4,0,12,"{'devacc': np.float64(83.61), 'acc': np.float64(84.04), 'ndev': 10662, 'ntest': 10662}","{'devacc': np.float64(63.76), 'acc': np.float64(66.09), 'ndev': 3775, 'ntest': 3775}","{'devacc': np.float64(93.08), 'acc': np.float64(93.4), 'ndev': 10000, 'ntest': 10000}","{'devacc': np.float64(40.36), 'acc': np.float64(40.06), 'ndev': 10606, 'ntest': 10606}","{'devacc': np.float64(49.08), 'acc': 50.08, 'ndev': 872, 'ntest': 1821}","{'devacc': np.float64(83.27), 'acc': 88.8, 'ndev': 5452, 'ntest': 500}","{'devacc': np.float64(71.12), 'acc': 70.38, 'f1': 78.13, 'ndev': 4076, 'ntest': 1725}"
allmpnet,CLS_SUM-1-5,"torch.Size([61, 768])",NORMAL,4,0,12,"{'devacc': np.float64(80.37), 'acc': np.float64(80.34), 'ndev': 10662, 'ntest': 10662}","{'devacc': np.float64(86.12), 'acc': np.float64(85.7), 'ndev': 3775, 'ntest': 3775}","{'devacc': np.float64(95.01), 'acc': np.float64(94.93), 'ndev': 10000, 'ntest': 10000}","{'devacc': np.float64(89.08), 'acc': np.float64(89.23), 'ndev': 10606, 'ntest': 10606}","{'devacc': np.float64(82.45), 'acc': 83.2, 'ndev': 872, 'ntest': 1821}","{'devacc': np.float64(72.21), 'acc': 78.6, 'ndev': 5452, 'ntest': 500}","{'devacc': np.float64(70.68), 'acc': 70.67, 'f1': 80.79, 'ndev': 4076, 'ntest': 1725}"
allmpnet,AVG_SUM-1-5,"torch.Size([61, 768])",NORMAL,4,0,12,"{'devacc': np.float64(82.57), 'acc': np.float64(83.02), 'ndev': 10662, 'ntest': 10662}","{'devacc': np.float64(87.86), 'acc': np.float64(88.13), 'ndev': 3775, 'ntest': 3775}","{'devacc': np.float64(95.46), 'acc': np.float64(95.43), 'ndev': 10000, 'ntest': 10000}","{'devacc': np.float64(89.87), 'acc': np.float64(90.09), 'ndev': 10606, 'ntest': 10606}","{'devacc': np.float64(87.73), 'acc': 87.2, 'ndev': 872, 'ntest': 1821}","{'devacc': np.float64(87.2), 'acc': 91.6, 'ndev': 5452, 'ntest': 500}","{'devacc': np.float64(73.36), 'acc': 73.57, 'f1': 80.84, 'ndev': 4076, 'ntest': 1725}"
allmpnet,SUM_SUM-1-5,"torch.Size([61, 768])",NORMAL,4,0,12,"{'devacc': np.float64(82.0), 'acc': np.float64(82.32), 'ndev': 10662, 'ntest': 10662}","{'devacc': np.float64(83.92), 'acc': np.float64(83.87), 'ndev': 3775, 'ntest': 3775}","{'devacc': np.float64(93.54), 'acc': np.float64(93.72), 'ndev': 10000, 'ntest': 10000}","{'devacc': np.float64(88.7), 'acc': np.float64(88.87), 'ndev': 10606, 'ntest': 10606}","{'devacc': np.float64(86.58), 'acc': 86.55, 'ndev': 872, 'ntest': 1821}","{'devacc': np.float64(85.51), 'acc': 90.6, 'ndev': 5452, 'ntest': 500}","{'devacc': np.float64(70.73), 'acc': 69.1, 'f1': 77.48, 'ndev': 4076, 'ntest': 1725}"
allmpnet,MAX_SUM-1-5,"torch.Size([61, 768])",NORMAL,4,0,12,"{'devacc': np.float64(77.98), 'acc': np.float64(78.18), 'ndev': 10662, 'ntest': 10662}","{'devacc': np.float64(82.05), 'acc': np.float64(82.38), 'ndev': 3775, 'ntest': 3775}","{'devacc': np.float64(92.44), 'acc': np.float64(92.57), 'ndev': 10000, 'ntest': 10000}","{'devacc': np.float64(88.51), 'acc': np.float64(89.0), 'ndev': 10606, 'ntest': 10606}","{'devacc': np.float64(82.8), 'acc': 84.07, 'ndev': 872, 'ntest': 1821}","{'devacc': np.float64(85.68), 'acc': 89.8, 'ndev': 5452, 'ntest': 500}","{'devacc': np.float64(72.37), 'acc': 71.65, 'f1': 78.77, 'ndev': 4076, 'ntest': 1725}"
allmpnet,AVG-NS_SUM-1-5,"torch.Size([61, 768])",NORMAL,4,0,12,"{'devacc': np.float64(81.0), 'acc': np.float64(81.24), 'ndev': 10662, 'ntest': 10662}","{'devacc': np.float64(84.94), 'acc': np.float64(84.98), 'ndev': 3775, 'ntest': 3775}","{'devacc': np.float64(94.93), 'acc': np.float64(95.03), 'ndev': 10000, 'ntest': 10000}","{'devacc': np.float64(88.87), 'acc': np.float64(88.99), 'ndev': 10606, 'ntest': 10606}","{'devacc': np.float64(84.17), 'acc': 85.72, 'ndev': 872, 'ntest': 1821}","{'devacc': np.float64(82.52), 'acc': 86.2, 'ndev': 5452, 'ntest': 500}","{'devacc': np.float64(69.18), 'acc': 71.25, 'f1': 78.91, 'ndev': 4076, 'ntest': 1725}"
allmpnet,SUM-NS_SUM-1-5,"torch.Size([61, 768])",NORMAL,4,0,12,"{'devacc': np.float64(80.26), 'acc': np.float64(80.48), 'ndev': 10662, 'ntest': 10662}","{'devacc': np.float64(80.86), 'acc': np.float64(81.38), 'ndev': 3775, 'ntest': 3775}","{'devacc': np.float64(92.99), 'acc': np.float64(93.09), 'ndev': 10000, 'ntest': 10000}","{'devacc': np.float64(87.92), 'acc': np.float64(88.23), 'ndev': 10606, 'ntest': 10606}","{'devacc': np.float64(83.72), 'acc': 85.28, 'ndev': 872, 'ntest': 1821}","{'devacc': np.float64(80.48), 'acc': 86.8, 'ndev': 5452, 'ntest': 500}","{'devacc': np.float64(68.64), 'acc': 70.09, 'f1': 78.12, 'ndev': 4076, 'ntest': 1725}"
allmpnet,MAX-NS_SUM-1-5,"torch.Size([61, 768])",NORMAL,4,0,12,"{'devacc': np.float64(76.91), 'acc': np.float64(77.39), 'ndev': 10662, 'ntest': 10662}","{'devacc': np.float64(62.97), 'acc': np.float64(65.16), 'ndev': 3775, 'ntest': 3775}","{'devacc': np.float64(91.78), 'acc': np.float64(91.78), 'ndev': 10000, 'ntest': 10000}","{'devacc': np.float64(32.12), 'acc': np.float64(31.75), 'ndev': 10606, 'ntest': 10606}","{'devacc': np.float64(49.08), 'acc': 50.08, 'ndev': 872, 'ntest': 1821}","{'devacc': np.float64(77.88), 'acc': 85.2, 'ndev': 5452, 'ntest': 500}","{'devacc': np.float64(70.8), 'acc': 69.91, 'f1': 77.7, 'ndev': 4076, 'ntest': 1725}"
allmpnet,CLS_SUM-2-6,"torch.Size([61, 768])",NORMAL,4,0,12,"{'devacc': np.float64(83.4), 'acc': np.float64(83.27), 'ndev': 10662, 'ntest': 10662}","{'devacc': np.float64(89.0), 'acc': np.float64(88.9), 'ndev': 3775, 'ntest': 3775}","{'devacc': np.float64(95.74), 'acc': np.float64(95.61), 'ndev': 10000, 'ntest': 10000}","{'devacc': np.float64(89.08), 'acc': np.float64(89.28), 'ndev': 10606, 'ntest': 10606}","{'devacc': np.float64(85.32), 'acc': 86.27, 'ndev': 872, 'ntest': 1821}","{'devacc': np.float64(70.73), 'acc': 81.0, 'ndev': 5452, 'ntest': 500}","{'devacc': np.float64(70.51), 'acc': 70.49, 'f1': 80.12, 'ndev': 4076, 'ntest': 1725}"
allmpnet,AVG_SUM-2-6,"torch.Size([61, 768])",NORMAL,4,0,12,"{'devacc': np.float64(84.1), 'acc': np.float64(84.12), 'ndev': 10662, 'ntest': 10662}","{'devacc': np.float64(89.55), 'acc': np.float64(89.8), 'ndev': 3775, 'ntest': 3775}","{'devacc': np.float64(95.77), 'acc': np.float64(95.76), 'ndev': 10000, 'ntest': 10000}","{'devacc': np.float64(90.19), 'acc': np.float64(90.29), 'ndev': 10606, 'ntest': 10606}","{'devacc': np.float64(88.99), 'acc': 88.85, 'ndev': 872, 'ntest': 1821}","{'devacc': np.float64(88.15), 'acc': 92.4, 'ndev': 5452, 'ntest': 500}","{'devacc': np.float64(74.39), 'acc': 73.57, 'f1': 80.71, 'ndev': 4076, 'ntest': 1725}"
allmpnet,SUM_SUM-2-6,"torch.Size([61, 768])",NORMAL,4,0,12,"{'devacc': np.float64(83.29), 'acc': np.float64(83.44), 'ndev': 10662, 'ntest': 10662}","{'devacc': np.float64(86.2), 'acc': np.float64(86.04), 'ndev': 3775, 'ntest': 3775}","{'devacc': np.float64(94.06), 'acc': np.float64(94.01), 'ndev': 10000, 'ntest': 10000}","{'devacc': np.float64(89.04), 'acc': np.float64(89.36), 'ndev': 10606, 'ntest': 10606}","{'devacc': np.float64(87.84), 'acc': 88.47, 'ndev': 872, 'ntest': 1821}","{'devacc': np.float64(86.74), 'acc': 92.6, 'ndev': 5452, 'ntest': 500}","{'devacc': np.float64(69.28), 'acc': 68.06, 'f1': 76.94, 'ndev': 4076, 'ntest': 1725}"
allmpnet,MAX_SUM-2-6,"torch.Size([61, 768])",NORMAL,4,0,12,"{'devacc': np.float64(80.31), 'acc': np.float64(80.53), 'ndev': 10662, 'ntest': 10662}","{'devacc': np.float64(84.1), 'acc': np.float64(84.03), 'ndev': 3775, 'ntest': 3775}","{'devacc': np.float64(93.24), 'acc': np.float64(93.62), 'ndev': 10000, 'ntest': 10000}","{'devacc': np.float64(88.74), 'acc': np.float64(89.1), 'ndev': 10606, 'ntest': 10606}","{'devacc': np.float64(84.29), 'acc': 87.04, 'ndev': 872, 'ntest': 1821}","{'devacc': np.float64(86.45), 'acc': 92.4, 'ndev': 5452, 'ntest': 500}","{'devacc': np.float64(72.67), 'acc': 72.46, 'f1': 79.92, 'ndev': 4076, 'ntest': 1725}"
allmpnet,AVG-NS_SUM-2-6,"torch.Size([61, 768])",NORMAL,4,0,12,"{'devacc': np.float64(83.0), 'acc': np.float64(83.22), 'ndev': 10662, 'ntest': 10662}","{'devacc': np.float64(87.2), 'acc': np.float64(87.26), 'ndev': 3775, 'ntest': 3775}","{'devacc': np.float64(95.27), 'acc': np.float64(95.34), 'ndev': 10000, 'ntest': 10000}","{'devacc': np.float64(88.92), 'acc': np.float64(89.12), 'ndev': 10606, 'ntest': 10606}","{'devacc': np.float64(86.81), 'acc': 87.81, 'ndev': 872, 'ntest': 1821}","{'devacc': np.float64(83.88), 'acc': 89.2, 'ndev': 5452, 'ntest': 500}","{'devacc': np.float64(69.99), 'acc': 70.03, 'f1': 77.99, 'ndev': 4076, 'ntest': 1725}"
allmpnet,SUM-NS_SUM-2-6,"torch.Size([61, 768])",NORMAL,4,0,12,"{'devacc': np.float64(82.03), 'acc': np.float64(82.1), 'ndev': 10662, 'ntest': 10662}","{'devacc': np.float64(83.37), 'acc': np.float64(83.26), 'ndev': 3775, 'ntest': 3775}","{'devacc': np.float64(93.39), 'acc': np.float64(93.76), 'ndev': 10000, 'ntest': 10000}","{'devacc': np.float64(87.98), 'acc': np.float64(88.42), 'ndev': 10606, 'ntest': 10606}","{'devacc': np.float64(85.32), 'acc': 87.26, 'ndev': 872, 'ntest': 1821}","{'devacc': np.float64(82.26), 'acc': 86.6, 'ndev': 5452, 'ntest': 500}","{'devacc': np.float64(69.45), 'acc': 69.04, 'f1': 77.43, 'ndev': 4076, 'ntest': 1725}"
allmpnet,MAX-NS_SUM-2-6,"torch.Size([61, 768])",NORMAL,4,0,12,"{'devacc': np.float64(79.12), 'acc': np.float64(79.38), 'ndev': 10662, 'ntest': 10662}","{'devacc': np.float64(63.17), 'acc': np.float64(65.46), 'ndev': 3775, 'ntest': 3775}","{'devacc': np.float64(92.51), 'acc': np.float64(92.97), 'ndev': 10000, 'ntest': 10000}","{'devacc': np.float64(32.12), 'acc': np.float64(31.75), 'ndev': 10606, 'ntest': 10606}","{'devacc': np.float64(49.08), 'acc': 50.08, 'ndev': 872, 'ntest': 1821}","{'devacc': np.float64(80.06), 'acc': 88.0, 'ndev': 5452, 'ntest': 500}","{'devacc': np.float64(71.69), 'acc': 72.0, 'f1': 79.53, 'ndev': 4076, 'ntest': 1725}"
allmpnet,CLS_SUM-3-7,"torch.Size([61, 768])",NORMAL,4,0,12,"{'devacc': np.float64(84.25), 'acc': np.float64(84.24), 'ndev': 10662, 'ntest': 10662}","{'devacc': np.float64(90.26), 'acc': np.float64(90.17), 'ndev': 3775, 'ntest': 3775}","{'devacc': np.float64(95.68), 'acc': np.float64(95.72), 'ndev': 10000, 'ntest': 10000}","{'devacc': np.float64(89.18), 'acc': np.float64(89.26), 'ndev': 10606, 'ntest': 10606}","{'devacc': np.float64(87.04), 'acc': 88.14, 'ndev': 872, 'ntest': 1821}","{'devacc': np.float64(73.07), 'acc': 78.0, 'ndev': 5452, 'ntest': 500}","{'devacc': np.float64(70.09), 'acc': 70.03, 'f1': 79.26, 'ndev': 4076, 'ntest': 1725}"
allmpnet,AVG_SUM-3-7,"torch.Size([61, 768])",NORMAL,4,0,12,"{'devacc': np.float64(85.15), 'acc': np.float64(85.42), 'ndev': 10662, 'ntest': 10662}","{'devacc': np.float64(90.27), 'acc': np.float64(90.41), 'ndev': 3775, 'ntest': 3775}","{'devacc': np.float64(95.96), 'acc': np.float64(95.96), 'ndev': 10000, 'ntest': 10000}","{'devacc': np.float64(90.47), 'acc': np.float64(90.57), 'ndev': 10606, 'ntest': 10606}","{'devacc': np.float64(90.02), 'acc': 90.33, 'ndev': 872, 'ntest': 1821}","{'devacc': np.float64(88.9), 'acc': 93.8, 'ndev': 5452, 'ntest': 500}","{'devacc': np.float64(74.12), 'acc': 73.33, 'f1': 80.46, 'ndev': 4076, 'ntest': 1725}"
allmpnet,SUM_SUM-3-7,"torch.Size([61, 768])",NORMAL,4,0,12,"{'devacc': np.float64(84.26), 'acc': np.float64(84.43), 'ndev': 10662, 'ntest': 10662}","{'devacc': np.float64(87.48), 'acc': np.float64(87.2), 'ndev': 3775, 'ntest': 3775}","{'devacc': np.float64(94.39), 'acc': np.float64(94.32), 'ndev': 10000, 'ntest': 10000}","{'devacc': np.float64(89.33), 'acc': np.float64(89.41), 'ndev': 10606, 'ntest': 10606}","{'devacc': np.float64(90.25), 'acc': 89.9, 'ndev': 872, 'ntest': 1821}","{'devacc': np.float64(87.22), 'acc': 93.6, 'ndev': 5452, 'ntest': 500}","{'devacc': np.float64(68.87), 'acc': 67.88, 'f1': 76.82, 'ndev': 4076, 'ntest': 1725}"
allmpnet,MAX_SUM-3-7,"torch.Size([61, 768])",NORMAL,4,0,12,"{'devacc': np.float64(81.92), 'acc': np.float64(82.23), 'ndev': 10662, 'ntest': 10662}","{'devacc': np.float64(85.69), 'acc': np.float64(85.83), 'ndev': 3775, 'ntest': 3775}","{'devacc': np.float64(93.68), 'acc': np.float64(94.03), 'ndev': 10000, 'ntest': 10000}","{'devacc': np.float64(88.93), 'acc': np.float64(89.29), 'ndev': 10606, 'ntest': 10606}","{'devacc': np.float64(86.12), 'acc': 87.42, 'ndev': 872, 'ntest': 1821}","{'devacc': np.float64(86.94), 'acc': 93.0, 'ndev': 5452, 'ntest': 500}","{'devacc': np.float64(72.69), 'acc': 72.17, 'f1': 79.57, 'ndev': 4076, 'ntest': 1725}"
allmpnet,AVG-NS_SUM-3-7,"torch.Size([61, 768])",NORMAL,4,0,12,"{'devacc': np.float64(84.1), 'acc': np.float64(84.19), 'ndev': 10662, 'ntest': 10662}","{'devacc': np.float64(88.51), 'acc': np.float64(88.53), 'ndev': 3775, 'ntest': 3775}","{'devacc': np.float64(95.55), 'acc': np.float64(95.5), 'ndev': 10000, 'ntest': 10000}","{'devacc': np.float64(89.16), 'acc': np.float64(89.22), 'ndev': 10606, 'ntest': 10606}","{'devacc': np.float64(88.65), 'acc': 90.01, 'ndev': 872, 'ntest': 1821}","{'devacc': np.float64(83.79), 'acc': 90.6, 'ndev': 5452, 'ntest': 500}","{'devacc': np.float64(70.95), 'acc': 70.78, 'f1': 78.44, 'ndev': 4076, 'ntest': 1725}"
allmpnet,SUM-NS_SUM-3-7,"torch.Size([61, 768])",NORMAL,4,0,12,"{'devacc': np.float64(83.16), 'acc': np.float64(83.3), 'ndev': 10662, 'ntest': 10662}","{'devacc': np.float64(85.24), 'acc': np.float64(85.19), 'ndev': 3775, 'ntest': 3775}","{'devacc': np.float64(93.85), 'acc': np.float64(93.92), 'ndev': 10000, 'ntest': 10000}","{'devacc': np.float64(88.35), 'acc': np.float64(88.67), 'ndev': 10606, 'ntest': 10606}","{'devacc': np.float64(88.88), 'acc': 88.36, 'ndev': 872, 'ntest': 1821}","{'devacc': np.float64(82.76), 'acc': 89.4, 'ndev': 5452, 'ntest': 500}","{'devacc': np.float64(69.33), 'acc': 68.41, 'f1': 76.74, 'ndev': 4076, 'ntest': 1725}"
allmpnet,MAX-NS_SUM-3-7,"torch.Size([61, 768])",NORMAL,4,0,12,"{'devacc': np.float64(80.87), 'acc': np.float64(80.96), 'ndev': 10662, 'ntest': 10662}","{'devacc': np.float64(63.42), 'acc': np.float64(65.72), 'ndev': 3775, 'ntest': 3775}","{'devacc': np.float64(92.88), 'acc': np.float64(93.42), 'ndev': 10000, 'ntest': 10000}","{'devacc': np.float64(31.74), 'acc': np.float64(31.75), 'ndev': 10606, 'ntest': 10606}","{'devacc': np.float64(49.08), 'acc': 50.08, 'ndev': 872, 'ntest': 1821}","{'devacc': np.float64(81.02), 'acc': 88.2, 'ndev': 5452, 'ntest': 500}","{'devacc': np.float64(72.15), 'acc': 71.54, 'f1': 79.5, 'ndev': 4076, 'ntest': 1725}"
allmpnet,CLS_SUM-4-8,"torch.Size([61, 768])",NORMAL,4,0,12,"{'devacc': np.float64(84.41), 'acc': np.float64(84.26), 'ndev': 10662, 'ntest': 10662}","{'devacc': np.float64(90.28), 'acc': np.float64(90.28), 'ndev': 3775, 'ntest': 3775}","{'devacc': np.float64(95.69), 'acc': np.float64(95.77), 'ndev': 10000, 'ntest': 10000}","{'devacc': np.float64(89.07), 'acc': np.float64(89.15), 'ndev': 10606, 'ntest': 10606}","{'devacc': np.float64(86.47), 'acc': 88.08, 'ndev': 872, 'ntest': 1821}","{'devacc': np.float64(73.15), 'acc': 81.8, 'ndev': 5452, 'ntest': 500}","{'devacc': np.float64(69.97), 'acc': 69.51, 'f1': 78.82, 'ndev': 4076, 'ntest': 1725}"
allmpnet,AVG_SUM-4-8,"torch.Size([61, 768])",NORMAL,4,0,12,"{'devacc': np.float64(85.69), 'acc': np.float64(85.61), 'ndev': 10662, 'ntest': 10662}","{'devacc': np.float64(90.35), 'acc': np.float64(90.52), 'ndev': 3775, 'ntest': 3775}","{'devacc': np.float64(95.93), 'acc': np.float64(96.02), 'ndev': 10000, 'ntest': 10000}","{'devacc': np.float64(90.63), 'acc': np.float64(90.69), 'ndev': 10606, 'ntest': 10606}","{'devacc': np.float64(90.02), 'acc': 91.05, 'ndev': 872, 'ntest': 1821}","{'devacc': np.float64(88.99), 'acc': 94.6, 'ndev': 5452, 'ntest': 500}","{'devacc': np.float64(74.14), 'acc': 73.68, 'f1': 80.46, 'ndev': 4076, 'ntest': 1725}"
allmpnet,SUM_SUM-4-8,"torch.Size([61, 768])",NORMAL,4,0,12,"{'devacc': np.float64(84.82), 'acc': np.float64(84.89), 'ndev': 10662, 'ntest': 10662}","{'devacc': np.float64(87.82), 'acc': np.float64(87.84), 'ndev': 3775, 'ntest': 3775}","{'devacc': np.float64(94.5), 'acc': np.float64(94.55), 'ndev': 10000, 'ntest': 10000}","{'devacc': np.float64(89.44), 'acc': np.float64(89.53), 'ndev': 10606, 'ntest': 10606}","{'devacc': np.float64(89.56), 'acc': 90.66, 'ndev': 872, 'ntest': 1821}","{'devacc': np.float64(87.71), 'acc': 93.6, 'ndev': 5452, 'ntest': 500}","{'devacc': np.float64(69.8), 'acc': 66.78, 'f1': 76.13, 'ndev': 4076, 'ntest': 1725}"
allmpnet,MAX_SUM-4-8,"torch.Size([61, 768])",NORMAL,4,0,12,"{'devacc': np.float64(82.86), 'acc': np.float64(83.16), 'ndev': 10662, 'ntest': 10662}","{'devacc': np.float64(86.86), 'acc': np.float64(86.46), 'ndev': 3775, 'ntest': 3775}","{'devacc': np.float64(93.7), 'acc': np.float64(93.83), 'ndev': 10000, 'ntest': 10000}","{'devacc': np.float64(88.97), 'acc': np.float64(89.0), 'ndev': 10606, 'ntest': 10606}","{'devacc': np.float64(86.7), 'acc': 88.41, 'ndev': 872, 'ntest': 1821}","{'devacc': np.float64(87.22), 'acc': 92.2, 'ndev': 5452, 'ntest': 500}","{'devacc': np.float64(72.89), 'acc': 72.06, 'f1': 79.45, 'ndev': 4076, 'ntest': 1725}"
allmpnet,AVG-NS_SUM-4-8,"torch.Size([61, 768])",NORMAL,4,0,12,"{'devacc': np.float64(84.69), 'acc': np.float64(84.6), 'ndev': 10662, 'ntest': 10662}","{'devacc': np.float64(88.99), 'acc': np.float64(89.06), 'ndev': 3775, 'ntest': 3775}","{'devacc': np.float64(95.6), 'acc': np.float64(95.55), 'ndev': 10000, 'ntest': 10000}","{'devacc': np.float64(89.41), 'acc': np.float64(89.57), 'ndev': 10606, 'ntest': 10606}","{'devacc': np.float64(88.76), 'acc': 90.39, 'ndev': 872, 'ntest': 1821}","{'devacc': np.float64(84.67), 'acc': 89.8, 'ndev': 5452, 'ntest': 500}","{'devacc': np.float64(70.95), 'acc': 69.04, 'f1': 77.06, 'ndev': 4076, 'ntest': 1725}"
allmpnet,SUM-NS_SUM-4-8,"torch.Size([61, 768])",NORMAL,4,0,12,"{'devacc': np.float64(83.86), 'acc': np.float64(83.9), 'ndev': 10662, 'ntest': 10662}","{'devacc': np.float64(86.03), 'acc': np.float64(85.85), 'ndev': 3775, 'ntest': 3775}","{'devacc': np.float64(93.97), 'acc': np.float64(94.02), 'ndev': 10000, 'ntest': 10000}","{'devacc': np.float64(88.44), 'acc': np.float64(88.72), 'ndev': 10606, 'ntest': 10606}","{'devacc': np.float64(89.91), 'acc': 89.24, 'ndev': 872, 'ntest': 1821}","{'devacc': np.float64(83.42), 'acc': 90.0, 'ndev': 5452, 'ntest': 500}","{'devacc': np.float64(69.19), 'acc': 67.65, 'f1': 76.34, 'ndev': 4076, 'ntest': 1725}"
allmpnet,MAX-NS_SUM-4-8,"torch.Size([61, 768])",NORMAL,4,0,12,"{'devacc': np.float64(81.8), 'acc': np.float64(81.94), 'ndev': 10662, 'ntest': 10662}","{'devacc': np.float64(63.56), 'acc': np.float64(65.77), 'ndev': 3775, 'ntest': 3775}","{'devacc': np.float64(92.94), 'acc': np.float64(93.23), 'ndev': 10000, 'ntest': 10000}","{'devacc': np.float64(32.12), 'acc': np.float64(35.5), 'ndev': 10606, 'ntest': 10606}","{'devacc': np.float64(49.08), 'acc': 50.08, 'ndev': 872, 'ntest': 1821}","{'devacc': np.float64(81.64), 'acc': 88.2, 'ndev': 5452, 'ntest': 500}","{'devacc': np.float64(72.1), 'acc': 71.83, 'f1': 79.42, 'ndev': 4076, 'ntest': 1725}"
allmpnet,CLS_SUM-5-9,"torch.Size([61, 768])",NORMAL,4,0,12,"{'devacc': np.float64(84.18), 'acc': np.float64(84.27), 'ndev': 10662, 'ntest': 10662}","{'devacc': np.float64(90.43), 'acc': np.float64(90.3), 'ndev': 3775, 'ntest': 3775}","{'devacc': np.float64(95.58), 'acc': np.float64(95.51), 'ndev': 10000, 'ntest': 10000}","{'devacc': np.float64(88.87), 'acc': np.float64(88.9), 'ndev': 10606, 'ntest': 10606}","{'devacc': np.float64(87.04), 'acc': 87.75, 'ndev': 872, 'ntest': 1821}","{'devacc': np.float64(70.3), 'acc': 75.0, 'ndev': 5452, 'ntest': 500}","{'devacc': np.float64(70.49), 'acc': 69.57, 'f1': 79.04, 'ndev': 4076, 'ntest': 1725}"
allmpnet,AVG_SUM-5-9,"torch.Size([61, 768])",NORMAL,4,0,12,"{'devacc': np.float64(85.88), 'acc': np.float64(86.08), 'ndev': 10662, 'ntest': 10662}","{'devacc': np.float64(90.62), 'acc': np.float64(90.65), 'ndev': 3775, 'ntest': 3775}","{'devacc': np.float64(95.9), 'acc': np.float64(95.94), 'ndev': 10000, 'ntest': 10000}","{'devacc': np.float64(90.56), 'acc': np.float64(90.8), 'ndev': 10606, 'ntest': 10606}","{'devacc': np.float64(89.56), 'acc': 91.27, 'ndev': 872, 'ntest': 1821}","{'devacc': np.float64(89.31), 'acc': 95.2, 'ndev': 5452, 'ntest': 500}","{'devacc': np.float64(74.19), 'acc': 72.87, 'f1': 79.9, 'ndev': 4076, 'ntest': 1725}"
allmpnet,SUM_SUM-5-9,"torch.Size([61, 768])",NORMAL,4,0,12,"{'devacc': np.float64(85.03), 'acc': np.float64(85.25), 'ndev': 10662, 'ntest': 10662}","{'devacc': np.float64(88.24), 'acc': np.float64(87.97), 'ndev': 3775, 'ntest': 3775}","{'devacc': np.float64(94.52), 'acc': np.float64(94.63), 'ndev': 10000, 'ntest': 10000}","{'devacc': np.float64(89.39), 'acc': np.float64(89.66), 'ndev': 10606, 'ntest': 10606}","{'devacc': np.float64(89.33), 'acc': 91.32, 'ndev': 872, 'ntest': 1821}","{'devacc': np.float64(88.0), 'acc': 93.0, 'ndev': 5452, 'ntest': 500}","{'devacc': np.float64(69.06), 'acc': 67.36, 'f1': 75.89, 'ndev': 4076, 'ntest': 1725}"
allmpnet,MAX_SUM-5-9,"torch.Size([61, 768])",NORMAL,4,0,12,"{'devacc': np.float64(83.59), 'acc': np.float64(83.66), 'ndev': 10662, 'ntest': 10662}","{'devacc': np.float64(87.43), 'acc': np.float64(87.29), 'ndev': 3775, 'ntest': 3775}","{'devacc': np.float64(93.7), 'acc': np.float64(93.73), 'ndev': 10000, 'ntest': 10000}","{'devacc': np.float64(89.09), 'acc': np.float64(89.31), 'ndev': 10606, 'ntest': 10606}","{'devacc': np.float64(88.19), 'acc': 89.9, 'ndev': 872, 'ntest': 1821}","{'devacc': np.float64(87.36), 'acc': 92.6, 'ndev': 5452, 'ntest': 500}","{'devacc': np.float64(72.96), 'acc': 71.59, 'f1': 79.01, 'ndev': 4076, 'ntest': 1725}"
allmpnet,AVG-NS_SUM-5-9,"torch.Size([61, 768])",NORMAL,4,0,12,"{'devacc': np.float64(85.13), 'acc': np.float64(85.2), 'ndev': 10662, 'ntest': 10662}","{'devacc': np.float64(89.22), 'acc': np.float64(89.62), 'ndev': 3775, 'ntest': 3775}","{'devacc': np.float64(95.66), 'acc': np.float64(95.73), 'ndev': 10000, 'ntest': 10000}","{'devacc': np.float64(89.57), 'acc': np.float64(89.71), 'ndev': 10606, 'ntest': 10606}","{'devacc': np.float64(88.65), 'acc': 91.21, 'ndev': 872, 'ntest': 1821}","{'devacc': np.float64(85.09), 'acc': 92.0, 'ndev': 5452, 'ntest': 500}","{'devacc': np.float64(70.76), 'acc': 70.55, 'f1': 78.51, 'ndev': 4076, 'ntest': 1725}"
allmpnet,SUM-NS_SUM-5-9,"torch.Size([61, 768])",NORMAL,4,0,12,"{'devacc': np.float64(84.4), 'acc': np.float64(84.52), 'ndev': 10662, 'ntest': 10662}","{'devacc': np.float64(86.83), 'acc': np.float64(86.91), 'ndev': 3775, 'ntest': 3775}","{'devacc': np.float64(94.19), 'acc': np.float64(94.38), 'ndev': 10000, 'ntest': 10000}","{'devacc': np.float64(88.71), 'acc': np.float64(88.93), 'ndev': 10606, 'ntest': 10606}","{'devacc': np.float64(89.79), 'acc': 90.12, 'ndev': 872, 'ntest': 1821}","{'devacc': np.float64(83.88), 'acc': 91.2, 'ndev': 5452, 'ntest': 500}","{'devacc': np.float64(68.92), 'acc': 68.0, 'f1': 76.79, 'ndev': 4076, 'ntest': 1725}"
allmpnet,MAX-NS_SUM-5-9,"torch.Size([61, 768])",NORMAL,4,0,12,"{'devacc': np.float64(82.86), 'acc': np.float64(83.36), 'ndev': 10662, 'ntest': 10662}","{'devacc': np.float64(63.67), 'acc': np.float64(65.8), 'ndev': 3775, 'ntest': 3775}","{'devacc': np.float64(92.98), 'acc': np.float64(93.27), 'ndev': 10000, 'ntest': 10000}","{'devacc': np.float64(32.48), 'acc': np.float64(35.5), 'ndev': 10606, 'ntest': 10606}","{'devacc': np.float64(49.08), 'acc': 50.08, 'ndev': 872, 'ntest': 1821}","{'devacc': np.float64(81.97), 'acc': 88.0, 'ndev': 5452, 'ntest': 500}","{'devacc': np.float64(72.28), 'acc': 71.3, 'f1': 79.03, 'ndev': 4076, 'ntest': 1725}"
allmpnet,CLS_SUM-6-10,"torch.Size([61, 768])",NORMAL,4,0,12,"{'devacc': np.float64(83.62), 'acc': np.float64(83.78), 'ndev': 10662, 'ntest': 10662}","{'devacc': np.float64(90.3), 'acc': np.float64(90.22), 'ndev': 3775, 'ntest': 3775}","{'devacc': np.float64(94.89), 'acc': np.float64(94.89), 'ndev': 10000, 'ntest': 10000}","{'devacc': np.float64(87.7), 'acc': np.float64(87.97), 'ndev': 10606, 'ntest': 10606}","{'devacc': np.float64(87.27), 'acc': 87.04, 'ndev': 872, 'ntest': 1821}","{'devacc': np.float64(55.12), 'acc': 54.4, 'ndev': 5452, 'ntest': 500}","{'devacc': np.float64(69.63), 'acc': 69.39, 'f1': 78.86, 'ndev': 4076, 'ntest': 1725}"
allmpnet,AVG_SUM-6-10,"torch.Size([61, 768])",NORMAL,4,0,12,"{'devacc': np.float64(86.06), 'acc': np.float64(86.44), 'ndev': 10662, 'ntest': 10662}","{'devacc': np.float64(90.81), 'acc': np.float64(91.05), 'ndev': 3775, 'ntest': 3775}","{'devacc': np.float64(95.89), 'acc': np.float64(95.94), 'ndev': 10000, 'ntest': 10000}","{'devacc': np.float64(90.33), 'acc': np.float64(90.42), 'ndev': 10606, 'ntest': 10606}","{'devacc': np.float64(89.33), 'acc': 91.43, 'ndev': 872, 'ntest': 1821}","{'devacc': np.float64(90.02), 'acc': 95.8, 'ndev': 5452, 'ntest': 500}","{'devacc': np.float64(74.29), 'acc': 74.67, 'f1': 81.33, 'ndev': 4076, 'ntest': 1725}"
allmpnet,SUM_SUM-6-10,"torch.Size([61, 768])",NORMAL,4,0,12,"{'devacc': np.float64(85.28), 'acc': np.float64(85.65), 'ndev': 10662, 'ntest': 10662}","{'devacc': np.float64(88.44), 'acc': np.float64(88.53), 'ndev': 3775, 'ntest': 3775}","{'devacc': np.float64(94.46), 'acc': np.float64(94.58), 'ndev': 10000, 'ntest': 10000}","{'devacc': np.float64(89.03), 'acc': np.float64(89.29), 'ndev': 10606, 'ntest': 10606}","{'devacc': np.float64(90.14), 'acc': 91.1, 'ndev': 872, 'ntest': 1821}","{'devacc': np.float64(88.35), 'acc': 94.6, 'ndev': 5452, 'ntest': 500}","{'devacc': np.float64(69.21), 'acc': 69.16, 'f1': 77.85, 'ndev': 4076, 'ntest': 1725}"
allmpnet,MAX_SUM-6-10,"torch.Size([61, 768])",NORMAL,4,0,12,"{'devacc': np.float64(84.29), 'acc': np.float64(84.52), 'ndev': 10662, 'ntest': 10662}","{'devacc': np.float64(88.08), 'acc': np.float64(87.68), 'ndev': 3775, 'ntest': 3775}","{'devacc': np.float64(93.81), 'acc': np.float64(94.12), 'ndev': 10000, 'ntest': 10000}","{'devacc': np.float64(89.12), 'acc': np.float64(89.35), 'ndev': 10606, 'ntest': 10606}","{'devacc': np.float64(89.68), 'acc': 90.5, 'ndev': 872, 'ntest': 1821}","{'devacc': np.float64(87.84), 'acc': 92.4, 'ndev': 5452, 'ntest': 500}","{'devacc': np.float64(73.11), 'acc': 71.65, 'f1': 79.16, 'ndev': 4076, 'ntest': 1725}"
allmpnet,AVG-NS_SUM-6-10,"torch.Size([61, 768])",NORMAL,4,0,12,"{'devacc': np.float64(85.68), 'acc': np.float64(85.82), 'ndev': 10662, 'ntest': 10662}","{'devacc': np.float64(89.67), 'acc': np.float64(90.02), 'ndev': 3775, 'ntest': 3775}","{'devacc': np.float64(95.66), 'acc': np.float64(95.67), 'ndev': 10000, 'ntest': 10000}","{'devacc': np.float64(89.46), 'acc': np.float64(89.74), 'ndev': 10606, 'ntest': 10606}","{'devacc': np.float64(89.91), 'acc': 91.32, 'ndev': 872, 'ntest': 1821}","{'devacc': np.float64(85.12), 'acc': 91.8, 'ndev': 5452, 'ntest': 500}","{'devacc': np.float64(71.0), 'acc': 70.26, 'f1': 78.27, 'ndev': 4076, 'ntest': 1725}"
allmpnet,SUM-NS_SUM-6-10,"torch.Size([61, 768])",NORMAL,4,0,12,"{'devacc': np.float64(84.82), 'acc': np.float64(85.22), 'ndev': 10662, 'ntest': 10662}","{'devacc': np.float64(87.36), 'acc': np.float64(87.42), 'ndev': 3775, 'ntest': 3775}","{'devacc': np.float64(94.27), 'acc': np.float64(94.57), 'ndev': 10000, 'ntest': 10000}","{'devacc': np.float64(88.57), 'acc': np.float64(88.82), 'ndev': 10606, 'ntest': 10606}","{'devacc': np.float64(89.11), 'acc': 90.66, 'ndev': 872, 'ntest': 1821}","{'devacc': np.float64(83.95), 'acc': 91.6, 'ndev': 5452, 'ntest': 500}","{'devacc': np.float64(69.09), 'acc': 69.57, 'f1': 78.33, 'ndev': 4076, 'ntest': 1725}"
allmpnet,MAX-NS_SUM-6-10,"torch.Size([61, 768])",NORMAL,4,0,12,"{'devacc': np.float64(83.5), 'acc': np.float64(83.98), 'ndev': 10662, 'ntest': 10662}","{'devacc': np.float64(63.68), 'acc': np.float64(66.04), 'ndev': 3775, 'ntest': 3775}","{'devacc': np.float64(92.87), 'acc': np.float64(93.13), 'ndev': 10000, 'ntest': 10000}","{'devacc': np.float64(32.48), 'acc': np.float64(35.5), 'ndev': 10606, 'ntest': 10606}","{'devacc': np.float64(49.08), 'acc': 50.08, 'ndev': 872, 'ntest': 1821}","{'devacc': np.float64(82.48), 'acc': 88.6, 'ndev': 5452, 'ntest': 500}","{'devacc': np.float64(71.44), 'acc': 70.84, 'f1': 78.79, 'ndev': 4076, 'ntest': 1725}"
allmpnet,CLS_SUM-7-11,"torch.Size([61, 768])",NORMAL,4,0,12,"{'devacc': np.float64(84.08), 'acc': np.float64(84.08), 'ndev': 10662, 'ntest': 10662}","{'devacc': np.float64(90.26), 'acc': np.float64(90.38), 'ndev': 3775, 'ntest': 3775}","{'devacc': np.float64(95.14), 'acc': np.float64(95.26), 'ndev': 10000, 'ntest': 10000}","{'devacc': np.float64(87.84), 'acc': np.float64(88.02), 'ndev': 10606, 'ntest': 10606}","{'devacc': np.float64(85.55), 'acc': 87.26, 'ndev': 872, 'ntest': 1821}","{'devacc': np.float64(75.83), 'acc': 79.2, 'ndev': 5452, 'ntest': 500}","{'devacc': np.float64(70.19), 'acc': 69.62, 'f1': 78.94, 'ndev': 4076, 'ntest': 1725}"
allmpnet,AVG_SUM-7-11,"torch.Size([61, 768])",NORMAL,4,0,12,"{'devacc': np.float64(86.35), 'acc': np.float64(86.6), 'ndev': 10662, 'ntest': 10662}","{'devacc': np.float64(90.96), 'acc': np.float64(91.05), 'ndev': 3775, 'ntest': 3775}","{'devacc': np.float64(95.82), 'acc': np.float64(95.82), 'ndev': 10000, 'ntest': 10000}","{'devacc': np.float64(90.25), 'acc': np.float64(90.33), 'ndev': 10606, 'ntest': 10606}","{'devacc': np.float64(90.02), 'acc': 91.38, 'ndev': 872, 'ntest': 1821}","{'devacc': np.float64(90.44), 'acc': 95.6, 'ndev': 5452, 'ntest': 500}","{'devacc': np.float64(74.51), 'acc': 73.22, 'f1': 80.21, 'ndev': 4076, 'ntest': 1725}"
allmpnet,SUM_SUM-7-11,"torch.Size([61, 768])",NORMAL,4,0,12,"{'devacc': np.float64(85.46), 'acc': np.float64(85.55), 'ndev': 10662, 'ntest': 10662}","{'devacc': np.float64(88.92), 'acc': np.float64(88.29), 'ndev': 3775, 'ntest': 3775}","{'devacc': np.float64(94.42), 'acc': np.float64(94.36), 'ndev': 10000, 'ntest': 10000}","{'devacc': np.float64(88.91), 'acc': np.float64(89.05), 'ndev': 10606, 'ntest': 10606}","{'devacc': np.float64(89.56), 'acc': 91.21, 'ndev': 872, 'ntest': 1821}","{'devacc': np.float64(89.03), 'acc': 94.6, 'ndev': 5452, 'ntest': 500}","{'devacc': np.float64(70.44), 'acc': 69.68, 'f1': 78.05, 'ndev': 4076, 'ntest': 1725}"
allmpnet,MAX_SUM-7-11,"torch.Size([61, 768])",NORMAL,4,0,12,"{'devacc': np.float64(84.34), 'acc': np.float64(84.45), 'ndev': 10662, 'ntest': 10662}","{'devacc': np.float64(87.22), 'acc': np.float64(87.2), 'ndev': 3775, 'ntest': 3775}","{'devacc': np.float64(93.5), 'acc': np.float64(93.83), 'ndev': 10000, 'ntest': 10000}","{'devacc': np.float64(88.81), 'acc': np.float64(89.02), 'ndev': 10606, 'ntest': 10606}","{'devacc': np.float64(90.25), 'acc': 90.77, 'ndev': 872, 'ntest': 1821}","{'devacc': np.float64(88.55), 'acc': 94.0, 'ndev': 5452, 'ntest': 500}","{'devacc': np.float64(72.18), 'acc': 72.06, 'f1': 79.56, 'ndev': 4076, 'ntest': 1725}"
allmpnet,AVG-NS_SUM-7-11,"torch.Size([61, 768])",NORMAL,4,0,12,"{'devacc': np.float64(85.83), 'acc': np.float64(85.94), 'ndev': 10662, 'ntest': 10662}","{'devacc': np.float64(89.61), 'acc': np.float64(89.86), 'ndev': 3775, 'ntest': 3775}","{'devacc': np.float64(95.57), 'acc': np.float64(95.67), 'ndev': 10000, 'ntest': 10000}","{'devacc': np.float64(89.26), 'acc': np.float64(89.49), 'ndev': 10606, 'ntest': 10606}","{'devacc': np.float64(90.71), 'acc': 90.83, 'ndev': 872, 'ntest': 1821}","{'devacc': np.float64(85.12), 'acc': 91.8, 'ndev': 5452, 'ntest': 500}","{'devacc': np.float64(72.15), 'acc': 71.77, 'f1': 79.55, 'ndev': 4076, 'ntest': 1725}"
allmpnet,SUM-NS_SUM-7-11,"torch.Size([61, 768])",NORMAL,4,0,12,"{'devacc': np.float64(84.79), 'acc': np.float64(85.16), 'ndev': 10662, 'ntest': 10662}","{'devacc': np.float64(87.55), 'acc': np.float64(87.34), 'ndev': 3775, 'ntest': 3775}","{'devacc': np.float64(94.21), 'acc': np.float64(94.4), 'ndev': 10000, 'ntest': 10000}","{'devacc': np.float64(88.3), 'acc': np.float64(88.53), 'ndev': 10606, 'ntest': 10606}","{'devacc': np.float64(89.91), 'acc': 90.55, 'ndev': 872, 'ntest': 1821}","{'devacc': np.float64(84.13), 'acc': 91.4, 'ndev': 5452, 'ntest': 500}","{'devacc': np.float64(69.28), 'acc': 70.43, 'f1': 78.66, 'ndev': 4076, 'ntest': 1725}"
allmpnet,MAX-NS_SUM-7-11,"torch.Size([61, 768])",NORMAL,4,0,12,"{'devacc': np.float64(83.68), 'acc': np.float64(83.74), 'ndev': 10662, 'ntest': 10662}","{'devacc': np.float64(63.71), 'acc': np.float64(65.9), 'ndev': 3775, 'ntest': 3775}","{'devacc': np.float64(92.99), 'acc': np.float64(93.09), 'ndev': 10000, 'ntest': 10000}","{'devacc': np.float64(33.87), 'acc': np.float64(36.79), 'ndev': 10606, 'ntest': 10606}","{'devacc': np.float64(49.08), 'acc': 50.08, 'ndev': 872, 'ntest': 1821}","{'devacc': np.float64(82.63), 'acc': 87.8, 'ndev': 5452, 'ntest': 500}","{'devacc': np.float64(71.39), 'acc': 71.54, 'f1': 79.01, 'ndev': 4076, 'ntest': 1725}"
allmpnet,CLS_SUM-8-12,"torch.Size([61, 768])",NORMAL,4,0,12,"{'devacc': np.float64(85.62), 'acc': np.float64(85.81), 'ndev': 10662, 'ntest': 10662}","{'devacc': np.float64(91.36), 'acc': np.float64(91.58), 'ndev': 3775, 'ntest': 3775}","{'devacc': np.float64(95.4), 'acc': np.float64(95.44), 'ndev': 10000, 'ntest': 10000}","{'devacc': np.float64(89.52), 'acc': np.float64(89.55), 'ndev': 10606, 'ntest': 10606}","{'devacc': np.float64(89.68), 'acc': 89.07, 'ndev': 872, 'ntest': 1821}","{'devacc': np.float64(88.66), 'acc': 91.6, 'ndev': 5452, 'ntest': 500}","{'devacc': np.float64(73.48), 'acc': 73.16, 'f1': 80.97, 'ndev': 4076, 'ntest': 1725}"
allmpnet,AVG_SUM-8-12,"torch.Size([61, 768])",NORMAL,4,0,12,"{'devacc': np.float64(86.3), 'acc': np.float64(86.32), 'ndev': 10662, 'ntest': 10662}","{'devacc': np.float64(90.68), 'acc': np.float64(90.76), 'ndev': 3775, 'ntest': 3775}","{'devacc': np.float64(95.64), 'acc': np.float64(95.63), 'ndev': 10000, 'ntest': 10000}","{'devacc': np.float64(90.12), 'acc': np.float64(90.23), 'ndev': 10606, 'ntest': 10606}","{'devacc': np.float64(90.6), 'acc': 91.32, 'ndev': 872, 'ntest': 1821}","{'devacc': np.float64(90.24), 'acc': 95.8, 'ndev': 5452, 'ntest': 500}","{'devacc': np.float64(73.6), 'acc': 72.7, 'f1': 80.05, 'ndev': 4076, 'ntest': 1725}"
allmpnet,SUM_SUM-8-12,"torch.Size([61, 768])",NORMAL,4,0,12,"{'devacc': np.float64(85.32), 'acc': np.float64(85.17), 'ndev': 10662, 'ntest': 10662}","{'devacc': np.float64(88.02), 'acc': np.float64(87.82), 'ndev': 3775, 'ntest': 3775}","{'devacc': np.float64(94.17), 'acc': np.float64(94.12), 'ndev': 10000, 'ntest': 10000}","{'devacc': np.float64(88.72), 'acc': np.float64(88.89), 'ndev': 10606, 'ntest': 10606}","{'devacc': np.float64(89.79), 'acc': 90.94, 'ndev': 872, 'ntest': 1821}","{'devacc': np.float64(88.7), 'acc': 95.0, 'ndev': 5452, 'ntest': 500}","{'devacc': np.float64(70.63), 'acc': 70.2, 'f1': 78.18, 'ndev': 4076, 'ntest': 1725}"
allmpnet,MAX_SUM-8-12,"torch.Size([61, 768])",NORMAL,4,0,12,"{'devacc': np.float64(84.43), 'acc': np.float64(84.52), 'ndev': 10662, 'ntest': 10662}","{'devacc': np.float64(87.18), 'acc': np.float64(87.71), 'ndev': 3775, 'ntest': 3775}","{'devacc': np.float64(93.58), 'acc': np.float64(93.81), 'ndev': 10000, 'ntest': 10000}","{'devacc': np.float64(88.68), 'acc': np.float64(89.08), 'ndev': 10606, 'ntest': 10606}","{'devacc': np.float64(90.02), 'acc': 90.72, 'ndev': 872, 'ntest': 1821}","{'devacc': np.float64(88.88), 'acc': 92.6, 'ndev': 5452, 'ntest': 500}","{'devacc': np.float64(72.15), 'acc': 72.52, 'f1': 79.64, 'ndev': 4076, 'ntest': 1725}"
allmpnet,AVG-NS_SUM-8-12,"torch.Size([61, 768])",NORMAL,4,0,12,"{'devacc': np.float64(85.8), 'acc': np.float64(85.54), 'ndev': 10662, 'ntest': 10662}","{'devacc': np.float64(89.55), 'acc': np.float64(89.51), 'ndev': 3775, 'ntest': 3775}","{'devacc': np.float64(95.43), 'acc': np.float64(95.49), 'ndev': 10000, 'ntest': 10000}","{'devacc': np.float64(89.13), 'acc': np.float64(89.35), 'ndev': 10606, 'ntest': 10606}","{'devacc': np.float64(90.83), 'acc': 90.94, 'ndev': 872, 'ntest': 1821}","{'devacc': np.float64(85.8), 'acc': 92.8, 'ndev': 5452, 'ntest': 500}","{'devacc': np.float64(71.86), 'acc': 72.0, 'f1': 79.47, 'ndev': 4076, 'ntest': 1725}"
allmpnet,SUM-NS_SUM-8-12,"torch.Size([61, 768])",NORMAL,4,0,12,"{'devacc': np.float64(84.71), 'acc': np.float64(84.85), 'ndev': 10662, 'ntest': 10662}","{'devacc': np.float64(87.28), 'acc': np.float64(87.08), 'ndev': 3775, 'ntest': 3775}","{'devacc': np.float64(93.89), 'acc': np.float64(93.61), 'ndev': 10000, 'ntest': 10000}","{'devacc': np.float64(88.14), 'acc': np.float64(88.71), 'ndev': 10606, 'ntest': 10606}","{'devacc': np.float64(90.14), 'acc': 90.12, 'ndev': 872, 'ntest': 1821}","{'devacc': np.float64(84.43), 'acc': 90.8, 'ndev': 5452, 'ntest': 500}","{'devacc': np.float64(70.63), 'acc': 70.49, 'f1': 78.59, 'ndev': 4076, 'ntest': 1725}"
allmpnet,MAX-NS_SUM-8-12,"torch.Size([61, 768])",NORMAL,4,0,12,"{'devacc': np.float64(83.9), 'acc': np.float64(84.13), 'ndev': 10662, 'ntest': 10662}","{'devacc': np.float64(63.7), 'acc': np.float64(66.01), 'ndev': 3775, 'ntest': 3775}","{'devacc': np.float64(93.18), 'acc': np.float64(93.31), 'ndev': 10000, 'ntest': 10000}","{'devacc': np.float64(40.19), 'acc': np.float64(39.91), 'ndev': 10606, 'ntest': 10606}","{'devacc': np.float64(49.08), 'acc': 50.08, 'ndev': 872, 'ntest': 1821}","{'devacc': np.float64(82.98), 'acc': 90.6, 'ndev': 5452, 'ntest': 500}","{'devacc': np.float64(72.27), 'acc': 70.32, 'f1': 78.1, 'ndev': 4076, 'ntest': 1725}"
allmpnet,CLS_SUM-1-6,"torch.Size([61, 768])",NORMAL,4,0,12,"{'devacc': np.float64(83.4), 'acc': np.float64(83.33), 'ndev': 10662, 'ntest': 10662}","{'devacc': np.float64(88.94), 'acc': np.float64(88.8), 'ndev': 3775, 'ntest': 3775}","{'devacc': np.float64(95.72), 'acc': np.float64(95.81), 'ndev': 10000, 'ntest': 10000}","{'devacc': np.float64(89.08), 'acc': np.float64(88.99), 'ndev': 10606, 'ntest': 10606}","{'devacc': np.float64(85.78), 'acc': 85.67, 'ndev': 872, 'ntest': 1821}","{'devacc': np.float64(67.96), 'acc': 72.6, 'ndev': 5452, 'ntest': 500}","{'devacc': np.float64(70.88), 'acc': 70.32, 'f1': 80.09, 'ndev': 4076, 'ntest': 1725}"
allmpnet,AVG_SUM-1-6,"torch.Size([61, 768])",NORMAL,4,0,12,"{'devacc': np.float64(83.86), 'acc': np.float64(84.0), 'ndev': 10662, 'ntest': 10662}","{'devacc': np.float64(89.29), 'acc': np.float64(89.83), 'ndev': 3775, 'ntest': 3775}","{'devacc': np.float64(95.64), 'acc': np.float64(95.63), 'ndev': 10000, 'ntest': 10000}","{'devacc': np.float64(90.19), 'acc': np.float64(90.21), 'ndev': 10606, 'ntest': 10606}","{'devacc': np.float64(88.42), 'acc': 88.63, 'ndev': 872, 'ntest': 1821}","{'devacc': np.float64(87.51), 'acc': 91.8, 'ndev': 5452, 'ntest': 500}","{'devacc': np.float64(74.24), 'acc': 74.09, 'f1': 81.12, 'ndev': 4076, 'ntest': 1725}"
allmpnet,SUM_SUM-1-6,"torch.Size([61, 768])",NORMAL,4,0,12,"{'devacc': np.float64(83.1), 'acc': np.float64(83.5), 'ndev': 10662, 'ntest': 10662}","{'devacc': np.float64(85.89), 'acc': np.float64(85.78), 'ndev': 3775, 'ntest': 3775}","{'devacc': np.float64(93.92), 'acc': np.float64(94.15), 'ndev': 10000, 'ntest': 10000}","{'devacc': np.float64(89.02), 'acc': np.float64(89.13), 'ndev': 10606, 'ntest': 10606}","{'devacc': np.float64(88.3), 'acc': 87.97, 'ndev': 872, 'ntest': 1821}","{'devacc': np.float64(86.04), 'acc': 91.4, 'ndev': 5452, 'ntest': 500}","{'devacc': np.float64(69.38), 'acc': 68.23, 'f1': 76.94, 'ndev': 4076, 'ntest': 1725}"
allmpnet,MAX_SUM-1-6,"torch.Size([61, 768])",NORMAL,4,0,12,"{'devacc': np.float64(79.7), 'acc': np.float64(79.72), 'ndev': 10662, 'ntest': 10662}","{'devacc': np.float64(83.76), 'acc': np.float64(84.21), 'ndev': 3775, 'ntest': 3775}","{'devacc': np.float64(92.88), 'acc': np.float64(93.17), 'ndev': 10000, 'ntest': 10000}","{'devacc': np.float64(88.78), 'acc': np.float64(89.08), 'ndev': 10606, 'ntest': 10606}","{'devacc': np.float64(84.06), 'acc': 85.01, 'ndev': 872, 'ntest': 1821}","{'devacc': np.float64(86.13), 'acc': 91.0, 'ndev': 5452, 'ntest': 500}","{'devacc': np.float64(72.28), 'acc': 71.83, 'f1': 79.42, 'ndev': 4076, 'ntest': 1725}"
allmpnet,AVG-NS_SUM-1-6,"torch.Size([61, 768])",NORMAL,4,0,12,"{'devacc': np.float64(82.62), 'acc': np.float64(82.84), 'ndev': 10662, 'ntest': 10662}","{'devacc': np.float64(86.72), 'acc': np.float64(86.78), 'ndev': 3775, 'ntest': 3775}","{'devacc': np.float64(95.15), 'acc': np.float64(95.19), 'ndev': 10000, 'ntest': 10000}","{'devacc': np.float64(88.85), 'acc': np.float64(89.08), 'ndev': 10606, 'ntest': 10606}","{'devacc': np.float64(86.24), 'acc': 87.42, 'ndev': 872, 'ntest': 1821}","{'devacc': np.float64(82.74), 'acc': 87.6, 'ndev': 5452, 'ntest': 500}","{'devacc': np.float64(70.44), 'acc': 70.32, 'f1': 78.4, 'ndev': 4076, 'ntest': 1725}"
allmpnet,SUM-NS_SUM-1-6,"torch.Size([61, 768])",NORMAL,4,0,12,"{'devacc': np.float64(81.81), 'acc': np.float64(82.03), 'ndev': 10662, 'ntest': 10662}","{'devacc': np.float64(82.95), 'acc': np.float64(82.6), 'ndev': 3775, 'ntest': 3775}","{'devacc': np.float64(93.34), 'acc': np.float64(93.71), 'ndev': 10000, 'ntest': 10000}","{'devacc': np.float64(87.99), 'acc': np.float64(88.18), 'ndev': 10606, 'ntest': 10606}","{'devacc': np.float64(85.55), 'acc': 87.15, 'ndev': 872, 'ntest': 1821}","{'devacc': np.float64(81.6), 'acc': 87.2, 'ndev': 5452, 'ntest': 500}","{'devacc': np.float64(69.21), 'acc': 68.58, 'f1': 77.34, 'ndev': 4076, 'ntest': 1725}"
allmpnet,MAX-NS_SUM-1-6,"torch.Size([61, 768])",NORMAL,4,0,12,"{'devacc': np.float64(78.55), 'acc': np.float64(78.47), 'ndev': 10662, 'ntest': 10662}","{'devacc': np.float64(63.15), 'acc': np.float64(65.3), 'ndev': 3775, 'ntest': 3775}","{'devacc': np.float64(92.33), 'acc': np.float64(92.42), 'ndev': 10000, 'ntest': 10000}","{'devacc': np.float64(31.74), 'acc': np.float64(31.75), 'ndev': 10606, 'ntest': 10606}","{'devacc': np.float64(49.08), 'acc': 50.08, 'ndev': 872, 'ntest': 1821}","{'devacc': np.float64(78.71), 'acc': 87.6, 'ndev': 5452, 'ntest': 500}","{'devacc': np.float64(71.84), 'acc': 72.52, 'f1': 79.92, 'ndev': 4076, 'ntest': 1725}"
allmpnet,CLS_SUM-2-7,"torch.Size([61, 768])",NORMAL,4,0,12,"{'devacc': np.float64(84.24), 'acc': np.float64(84.32), 'ndev': 10662, 'ntest': 10662}","{'devacc': np.float64(90.27), 'acc': np.float64(90.38), 'ndev': 3775, 'ntest': 3775}","{'devacc': np.float64(95.73), 'acc': np.float64(95.56), 'ndev': 10000, 'ntest': 10000}","{'devacc': np.float64(89.13), 'acc': np.float64(88.94), 'ndev': 10606, 'ntest': 10606}","{'devacc': np.float64(87.39), 'acc': 88.25, 'ndev': 872, 'ntest': 1821}","{'devacc': np.float64(69.24), 'acc': 72.0, 'ndev': 5452, 'ntest': 500}","{'devacc': np.float64(70.22), 'acc': 70.32, 'f1': 79.67, 'ndev': 4076, 'ntest': 1725}"
allmpnet,AVG_SUM-2-7,"torch.Size([61, 768])",NORMAL,4,0,12,"{'devacc': np.float64(84.95), 'acc': np.float64(84.94), 'ndev': 10662, 'ntest': 10662}","{'devacc': np.float64(90.04), 'acc': np.float64(90.23), 'ndev': 3775, 'ntest': 3775}","{'devacc': np.float64(95.89), 'acc': np.float64(95.98), 'ndev': 10000, 'ntest': 10000}","{'devacc': np.float64(90.39), 'acc': np.float64(90.6), 'ndev': 10606, 'ntest': 10606}","{'devacc': np.float64(89.91), 'acc': 90.28, 'ndev': 872, 'ntest': 1821}","{'devacc': np.float64(88.37), 'acc': 93.8, 'ndev': 5452, 'ntest': 500}","{'devacc': np.float64(74.02), 'acc': 73.1, 'f1': 80.49, 'ndev': 4076, 'ntest': 1725}"
allmpnet,SUM_SUM-2-7,"torch.Size([61, 768])",NORMAL,4,0,12,"{'devacc': np.float64(84.2), 'acc': np.float64(84.34), 'ndev': 10662, 'ntest': 10662}","{'devacc': np.float64(87.28), 'acc': np.float64(87.31), 'ndev': 3775, 'ntest': 3775}","{'devacc': np.float64(94.36), 'acc': np.float64(94.38), 'ndev': 10000, 'ntest': 10000}","{'devacc': np.float64(89.3), 'acc': np.float64(89.45), 'ndev': 10606, 'ntest': 10606}","{'devacc': np.float64(89.56), 'acc': 89.57, 'ndev': 872, 'ntest': 1821}","{'devacc': np.float64(86.9), 'acc': 93.0, 'ndev': 5452, 'ntest': 500}","{'devacc': np.float64(69.04), 'acc': 67.94, 'f1': 77.1, 'ndev': 4076, 'ntest': 1725}"
allmpnet,MAX_SUM-2-7,"torch.Size([61, 768])",NORMAL,4,0,12,"{'devacc': np.float64(81.72), 'acc': np.float64(81.88), 'ndev': 10662, 'ntest': 10662}","{'devacc': np.float64(85.5), 'acc': np.float64(85.24), 'ndev': 3775, 'ntest': 3775}","{'devacc': np.float64(93.42), 'acc': np.float64(93.66), 'ndev': 10000, 'ntest': 10000}","{'devacc': np.float64(88.83), 'acc': np.float64(88.98), 'ndev': 10606, 'ntest': 10606}","{'devacc': np.float64(85.89), 'acc': 87.7, 'ndev': 872, 'ntest': 1821}","{'devacc': np.float64(86.74), 'acc': 91.8, 'ndev': 5452, 'ntest': 500}","{'devacc': np.float64(72.42), 'acc': 71.94, 'f1': 79.37, 'ndev': 4076, 'ntest': 1725}"
allmpnet,AVG-NS_SUM-2-7,"torch.Size([61, 768])",NORMAL,4,0,12,"{'devacc': np.float64(83.86), 'acc': np.float64(84.05), 'ndev': 10662, 'ntest': 10662}","{'devacc': np.float64(88.14), 'acc': np.float64(88.19), 'ndev': 3775, 'ntest': 3775}","{'devacc': np.float64(95.44), 'acc': np.float64(95.54), 'ndev': 10000, 'ntest': 10000}","{'devacc': np.float64(88.99), 'acc': np.float64(89.28), 'ndev': 10606, 'ntest': 10606}","{'devacc': np.float64(88.42), 'acc': 89.51, 'ndev': 872, 'ntest': 1821}","{'devacc': np.float64(83.77), 'acc': 89.8, 'ndev': 5452, 'ntest': 500}","{'devacc': np.float64(70.93), 'acc': 69.1, 'f1': 77.25, 'ndev': 4076, 'ntest': 1725}"
allmpnet,SUM-NS_SUM-2-7,"torch.Size([61, 768])",NORMAL,4,0,12,"{'devacc': np.float64(83.07), 'acc': np.float64(83.03), 'ndev': 10662, 'ntest': 10662}","{'devacc': np.float64(85.07), 'acc': np.float64(85.38), 'ndev': 3775, 'ntest': 3775}","{'devacc': np.float64(93.79), 'acc': np.float64(94.01), 'ndev': 10000, 'ntest': 10000}","{'devacc': np.float64(88.12), 'acc': np.float64(88.48), 'ndev': 10606, 'ntest': 10606}","{'devacc': np.float64(88.76), 'acc': 87.86, 'ndev': 872, 'ntest': 1821}","{'devacc': np.float64(82.74), 'acc': 88.0, 'ndev': 5452, 'ntest': 500}","{'devacc': np.float64(68.94), 'acc': 67.88, 'f1': 76.96, 'ndev': 4076, 'ntest': 1725}"
allmpnet,MAX-NS_SUM-2-7,"torch.Size([61, 768])",NORMAL,4,0,12,"{'devacc': np.float64(80.54), 'acc': np.float64(80.73), 'ndev': 10662, 'ntest': 10662}","{'devacc': np.float64(63.37), 'acc': np.float64(65.46), 'ndev': 3775, 'ntest': 3775}","{'devacc': np.float64(92.73), 'acc': np.float64(92.72), 'ndev': 10000, 'ntest': 10000}","{'devacc': np.float64(32.48), 'acc': np.float64(35.5), 'ndev': 10606, 'ntest': 10606}","{'devacc': np.float64(49.08), 'acc': 50.08, 'ndev': 872, 'ntest': 1821}","{'devacc': np.float64(80.56), 'acc': 88.4, 'ndev': 5452, 'ntest': 500}","{'devacc': np.float64(71.49), 'acc': 71.13, 'f1': 79.02, 'ndev': 4076, 'ntest': 1725}"
allmpnet,CLS_SUM-3-8,"torch.Size([61, 768])",NORMAL,4,0,12,"{'devacc': np.float64(84.44), 'acc': np.float64(84.5), 'ndev': 10662, 'ntest': 10662}","{'devacc': np.float64(90.3), 'acc': np.float64(90.2), 'ndev': 3775, 'ntest': 3775}","{'devacc': np.float64(95.68), 'acc': np.float64(95.57), 'ndev': 10000, 'ntest': 10000}","{'devacc': np.float64(89.23), 'acc': np.float64(89.09), 'ndev': 10606, 'ntest': 10606}","{'devacc': np.float64(87.04), 'acc': 88.25, 'ndev': 872, 'ntest': 1821}","{'devacc': np.float64(71.97), 'acc': 79.4, 'ndev': 5452, 'ntest': 500}","{'devacc': np.float64(70.46), 'acc': 69.8, 'f1': 79.28, 'ndev': 4076, 'ntest': 1725}"
allmpnet,AVG_SUM-3-8,"torch.Size([61, 768])",NORMAL,4,0,12,"{'devacc': np.float64(85.58), 'acc': np.float64(85.59), 'ndev': 10662, 'ntest': 10662}","{'devacc': np.float64(90.1), 'acc': np.float64(90.3), 'ndev': 3775, 'ntest': 3775}","{'devacc': np.float64(95.94), 'acc': np.float64(95.95), 'ndev': 10000, 'ntest': 10000}","{'devacc': np.float64(90.5), 'acc': np.float64(90.76), 'ndev': 10606, 'ntest': 10606}","{'devacc': np.float64(90.02), 'acc': 90.83, 'ndev': 872, 'ntest': 1821}","{'devacc': np.float64(88.54), 'acc': 94.2, 'ndev': 5452, 'ntest': 500}","{'devacc': np.float64(74.26), 'acc': 71.94, 'f1': 79.1, 'ndev': 4076, 'ntest': 1725}"
allmpnet,SUM_SUM-3-8,"torch.Size([61, 768])",NORMAL,4,0,12,"{'devacc': np.float64(84.77), 'acc': np.float64(84.75), 'ndev': 10662, 'ntest': 10662}","{'devacc': np.float64(87.79), 'acc': np.float64(88.0), 'ndev': 3775, 'ntest': 3775}","{'devacc': np.float64(94.46), 'acc': np.float64(94.5), 'ndev': 10000, 'ntest': 10000}","{'devacc': np.float64(89.43), 'acc': np.float64(89.74), 'ndev': 10606, 'ntest': 10606}","{'devacc': np.float64(90.25), 'acc': 90.61, 'ndev': 872, 'ntest': 1821}","{'devacc': np.float64(87.75), 'acc': 94.2, 'ndev': 5452, 'ntest': 500}","{'devacc': np.float64(69.24), 'acc': 67.94, 'f1': 76.7, 'ndev': 4076, 'ntest': 1725}"
allmpnet,MAX_SUM-3-8,"torch.Size([61, 768])",NORMAL,4,0,12,"{'devacc': np.float64(82.83), 'acc': np.float64(83.02), 'ndev': 10662, 'ntest': 10662}","{'devacc': np.float64(86.51), 'acc': np.float64(86.31), 'ndev': 3775, 'ntest': 3775}","{'devacc': np.float64(93.64), 'acc': np.float64(94.07), 'ndev': 10000, 'ntest': 10000}","{'devacc': np.float64(88.88), 'acc': np.float64(89.15), 'ndev': 10606, 'ntest': 10606}","{'devacc': np.float64(86.81), 'acc': 88.03, 'ndev': 872, 'ntest': 1821}","{'devacc': np.float64(86.98), 'acc': 92.4, 'ndev': 5452, 'ntest': 500}","{'devacc': np.float64(72.77), 'acc': 72.06, 'f1': 79.75, 'ndev': 4076, 'ntest': 1725}"
allmpnet,AVG-NS_SUM-3-8,"torch.Size([61, 768])",NORMAL,4,0,12,"{'devacc': np.float64(84.46), 'acc': np.float64(84.47), 'ndev': 10662, 'ntest': 10662}","{'devacc': np.float64(88.44), 'acc': np.float64(88.56), 'ndev': 3775, 'ntest': 3775}","{'devacc': np.float64(95.51), 'acc': np.float64(95.45), 'ndev': 10000, 'ntest': 10000}","{'devacc': np.float64(89.24), 'acc': np.float64(89.36), 'ndev': 10606, 'ntest': 10606}","{'devacc': np.float64(88.53), 'acc': 90.44, 'ndev': 872, 'ntest': 1821}","{'devacc': np.float64(84.01), 'acc': 90.0, 'ndev': 5452, 'ntest': 500}","{'devacc': np.float64(71.83), 'acc': 70.55, 'f1': 78.25, 'ndev': 4076, 'ntest': 1725}"
allmpnet,SUM-NS_SUM-3-8,"torch.Size([61, 768])",NORMAL,4,0,12,"{'devacc': np.float64(83.68), 'acc': np.float64(83.72), 'ndev': 10662, 'ntest': 10662}","{'devacc': np.float64(85.89), 'acc': np.float64(85.67), 'ndev': 3775, 'ntest': 3775}","{'devacc': np.float64(93.97), 'acc': np.float64(94.2), 'ndev': 10000, 'ntest': 10000}","{'devacc': np.float64(88.42), 'acc': np.float64(88.73), 'ndev': 10606, 'ntest': 10606}","{'devacc': np.float64(88.42), 'acc': 88.96, 'ndev': 872, 'ntest': 1821}","{'devacc': np.float64(83.2), 'acc': 90.0, 'ndev': 5452, 'ntest': 500}","{'devacc': np.float64(69.33), 'acc': 67.42, 'f1': 76.35, 'ndev': 4076, 'ntest': 1725}"
allmpnet,MAX-NS_SUM-3-8,"torch.Size([61, 768])",NORMAL,4,0,12,"{'devacc': np.float64(81.68), 'acc': np.float64(81.65), 'ndev': 10662, 'ntest': 10662}","{'devacc': np.float64(63.52), 'acc': np.float64(65.72), 'ndev': 3775, 'ntest': 3775}","{'devacc': np.float64(92.9), 'acc': np.float64(93.14), 'ndev': 10000, 'ntest': 10000}","{'devacc': np.float64(33.96), 'acc': np.float64(35.5), 'ndev': 10606, 'ntest': 10606}","{'devacc': np.float64(49.08), 'acc': 50.08, 'ndev': 872, 'ntest': 1821}","{'devacc': np.float64(81.25), 'acc': 88.8, 'ndev': 5452, 'ntest': 500}","{'devacc': np.float64(72.62), 'acc': 71.54, 'f1': 79.45, 'ndev': 4076, 'ntest': 1725}"
allmpnet,CLS_SUM-4-9,"torch.Size([61, 768])",NORMAL,4,0,12,"{'devacc': np.float64(84.39), 'acc': np.float64(84.57), 'ndev': 10662, 'ntest': 10662}","{'devacc': np.float64(90.3), 'acc': np.float64(90.33), 'ndev': 3775, 'ntest': 3775}","{'devacc': np.float64(95.71), 'acc': np.float64(95.71), 'ndev': 10000, 'ntest': 10000}","{'devacc': np.float64(89.08), 'acc': np.float64(89.18), 'ndev': 10606, 'ntest': 10606}","{'devacc': np.float64(87.04), 'acc': 88.08, 'ndev': 872, 'ntest': 1821}","{'devacc': np.float64(71.33), 'acc': 78.0, 'ndev': 5452, 'ntest': 500}","{'devacc': np.float64(70.04), 'acc': 69.68, 'f1': 78.92, 'ndev': 4076, 'ntest': 1725}"
allmpnet,AVG_SUM-4-9,"torch.Size([61, 768])",NORMAL,4,0,12,"{'devacc': np.float64(85.76), 'acc': np.float64(85.9), 'ndev': 10662, 'ntest': 10662}","{'devacc': np.float64(90.38), 'acc': np.float64(90.41), 'ndev': 3775, 'ntest': 3775}","{'devacc': np.float64(95.83), 'acc': np.float64(95.97), 'ndev': 10000, 'ntest': 10000}","{'devacc': np.float64(90.54), 'acc': np.float64(90.59), 'ndev': 10606, 'ntest': 10606}","{'devacc': np.float64(89.68), 'acc': 90.99, 'ndev': 872, 'ntest': 1821}","{'devacc': np.float64(89.27), 'acc': 95.0, 'ndev': 5452, 'ntest': 500}","{'devacc': np.float64(74.29), 'acc': 73.51, 'f1': 80.53, 'ndev': 4076, 'ntest': 1725}"
allmpnet,SUM_SUM-4-9,"torch.Size([61, 768])",NORMAL,4,0,12,"{'devacc': np.float64(85.04), 'acc': np.float64(85.03), 'ndev': 10662, 'ntest': 10662}","{'devacc': np.float64(88.13), 'acc': np.float64(87.87), 'ndev': 3775, 'ntest': 3775}","{'devacc': np.float64(94.54), 'acc': np.float64(94.58), 'ndev': 10000, 'ntest': 10000}","{'devacc': np.float64(89.48), 'acc': np.float64(89.56), 'ndev': 10606, 'ntest': 10606}","{'devacc': np.float64(89.79), 'acc': 90.99, 'ndev': 872, 'ntest': 1821}","{'devacc': np.float64(88.1), 'acc': 94.0, 'ndev': 5452, 'ntest': 500}","{'devacc': np.float64(69.14), 'acc': 67.54, 'f1': 76.69, 'ndev': 4076, 'ntest': 1725}"
allmpnet,MAX_SUM-4-9,"torch.Size([61, 768])",NORMAL,4,0,12,"{'devacc': np.float64(83.45), 'acc': np.float64(83.56), 'ndev': 10662, 'ntest': 10662}","{'devacc': np.float64(87.21), 'acc': np.float64(87.23), 'ndev': 3775, 'ntest': 3775}","{'devacc': np.float64(93.62), 'acc': np.float64(93.65), 'ndev': 10000, 'ntest': 10000}","{'devacc': np.float64(89.03), 'acc': np.float64(89.03), 'ndev': 10606, 'ntest': 10606}","{'devacc': np.float64(86.93), 'acc': 89.46, 'ndev': 872, 'ntest': 1821}","{'devacc': np.float64(87.73), 'acc': 93.6, 'ndev': 5452, 'ntest': 500}","{'devacc': np.float64(72.62), 'acc': 72.0, 'f1': 79.49, 'ndev': 4076, 'ntest': 1725}"
allmpnet,AVG-NS_SUM-4-9,"torch.Size([61, 768])",NORMAL,4,0,12,"{'devacc': np.float64(84.89), 'acc': np.float64(84.85), 'ndev': 10662, 'ntest': 10662}","{'devacc': np.float64(88.91), 'acc': np.float64(89.19), 'ndev': 3775, 'ntest': 3775}","{'devacc': np.float64(95.52), 'acc': np.float64(95.44), 'ndev': 10000, 'ntest': 10000}","{'devacc': np.float64(89.4), 'acc': np.float64(89.68), 'ndev': 10606, 'ntest': 10606}","{'devacc': np.float64(88.53), 'acc': 90.99, 'ndev': 872, 'ntest': 1821}","{'devacc': np.float64(84.65), 'acc': 91.0, 'ndev': 5452, 'ntest': 500}","{'devacc': np.float64(71.81), 'acc': 70.14, 'f1': 78.02, 'ndev': 4076, 'ntest': 1725}"
allmpnet,SUM-NS_SUM-4-9,"torch.Size([61, 768])",NORMAL,4,0,12,"{'devacc': np.float64(84.3), 'acc': np.float64(84.32), 'ndev': 10662, 'ntest': 10662}","{'devacc': np.float64(86.73), 'acc': np.float64(86.65), 'ndev': 3775, 'ntest': 3775}","{'devacc': np.float64(94.14), 'acc': np.float64(94.3), 'ndev': 10000, 'ntest': 10000}","{'devacc': np.float64(88.54), 'acc': np.float64(88.77), 'ndev': 10606, 'ntest': 10606}","{'devacc': np.float64(89.68), 'acc': 89.51, 'ndev': 872, 'ntest': 1821}","{'devacc': np.float64(83.64), 'acc': 90.2, 'ndev': 5452, 'ntest': 500}","{'devacc': np.float64(69.23), 'acc': 68.46, 'f1': 77.5, 'ndev': 4076, 'ntest': 1725}"
allmpnet,MAX-NS_SUM-4-9,"torch.Size([61, 768])",NORMAL,4,0,12,"{'devacc': np.float64(82.62), 'acc': np.float64(82.95), 'ndev': 10662, 'ntest': 10662}","{'devacc': np.float64(63.61), 'acc': np.float64(65.9), 'ndev': 3775, 'ntest': 3775}","{'devacc': np.float64(92.86), 'acc': np.float64(93.25), 'ndev': 10000, 'ntest': 10000}","{'devacc': np.float64(33.59), 'acc': np.float64(35.5), 'ndev': 10606, 'ntest': 10606}","{'devacc': np.float64(49.08), 'acc': 50.08, 'ndev': 872, 'ntest': 1821}","{'devacc': np.float64(81.82), 'acc': 88.8, 'ndev': 5452, 'ntest': 500}","{'devacc': np.float64(71.93), 'acc': 72.81, 'f1': 80.27, 'ndev': 4076, 'ntest': 1725}"
allmpnet,CLS_SUM-5-10,"torch.Size([61, 768])",NORMAL,4,0,12,"{'devacc': np.float64(84.14), 'acc': np.float64(84.22), 'ndev': 10662, 'ntest': 10662}","{'devacc': np.float64(90.37), 'acc': np.float64(90.33), 'ndev': 3775, 'ntest': 3775}","{'devacc': np.float64(95.57), 'acc': np.float64(95.56), 'ndev': 10000, 'ntest': 10000}","{'devacc': np.float64(88.8), 'acc': np.float64(88.84), 'ndev': 10606, 'ntest': 10606}","{'devacc': np.float64(87.96), 'acc': 88.03, 'ndev': 872, 'ntest': 1821}","{'devacc': np.float64(68.76), 'acc': 73.8, 'ndev': 5452, 'ntest': 500}","{'devacc': np.float64(70.41), 'acc': 69.86, 'f1': 79.33, 'ndev': 4076, 'ntest': 1725}"
allmpnet,AVG_SUM-5-10,"torch.Size([61, 768])",NORMAL,4,0,12,"{'devacc': np.float64(86.01), 'acc': np.float64(86.25), 'ndev': 10662, 'ntest': 10662}","{'devacc': np.float64(90.53), 'acc': np.float64(90.6), 'ndev': 3775, 'ntest': 3775}","{'devacc': np.float64(95.85), 'acc': np.float64(95.97), 'ndev': 10000, 'ntest': 10000}","{'devacc': np.float64(90.33), 'acc': np.float64(90.49), 'ndev': 10606, 'ntest': 10606}","{'devacc': np.float64(89.56), 'acc': 91.32, 'ndev': 872, 'ntest': 1821}","{'devacc': np.float64(89.71), 'acc': 95.0, 'ndev': 5452, 'ntest': 500}","{'devacc': np.float64(74.8), 'acc': 75.07, 'f1': 81.62, 'ndev': 4076, 'ntest': 1725}"
allmpnet,SUM_SUM-5-10,"torch.Size([61, 768])",NORMAL,4,0,12,"{'devacc': np.float64(85.33), 'acc': np.float64(85.7), 'ndev': 10662, 'ntest': 10662}","{'devacc': np.float64(88.39), 'acc': np.float64(88.4), 'ndev': 3775, 'ntest': 3775}","{'devacc': np.float64(94.53), 'acc': np.float64(94.79), 'ndev': 10000, 'ntest': 10000}","{'devacc': np.float64(89.29), 'acc': np.float64(89.61), 'ndev': 10606, 'ntest': 10606}","{'devacc': np.float64(89.45), 'acc': 90.94, 'ndev': 872, 'ntest': 1821}","{'devacc': np.float64(88.59), 'acc': 94.6, 'ndev': 5452, 'ntest': 500}","{'devacc': np.float64(68.92), 'acc': 67.3, 'f1': 76.69, 'ndev': 4076, 'ntest': 1725}"
allmpnet,MAX_SUM-5-10,"torch.Size([61, 768])",NORMAL,4,0,12,"{'devacc': np.float64(84.01), 'acc': np.float64(84.17), 'ndev': 10662, 'ntest': 10662}","{'devacc': np.float64(87.78), 'acc': np.float64(87.42), 'ndev': 3775, 'ntest': 3775}","{'devacc': np.float64(93.72), 'acc': np.float64(93.89), 'ndev': 10000, 'ntest': 10000}","{'devacc': np.float64(89.13), 'acc': np.float64(89.24), 'ndev': 10606, 'ntest': 10606}","{'devacc': np.float64(88.76), 'acc': 90.06, 'ndev': 872, 'ntest': 1821}","{'devacc': np.float64(87.69), 'acc': 93.2, 'ndev': 5452, 'ntest': 500}","{'devacc': np.float64(73.01), 'acc': 70.49, 'f1': 78.15, 'ndev': 4076, 'ntest': 1725}"
allmpnet,AVG-NS_SUM-5-10,"torch.Size([61, 768])",NORMAL,4,0,12,"{'devacc': np.float64(85.42), 'acc': np.float64(85.41), 'ndev': 10662, 'ntest': 10662}","{'devacc': np.float64(89.24), 'acc': np.float64(89.56), 'ndev': 3775, 'ntest': 3775}","{'devacc': np.float64(95.62), 'acc': np.float64(95.63), 'ndev': 10000, 'ntest': 10000}","{'devacc': np.float64(89.48), 'acc': np.float64(89.77), 'ndev': 10606, 'ntest': 10606}","{'devacc': np.float64(90.02), 'acc': 90.99, 'ndev': 872, 'ntest': 1821}","{'devacc': np.float64(85.09), 'acc': 91.8, 'ndev': 5452, 'ntest': 500}","{'devacc': np.float64(71.61), 'acc': 71.13, 'f1': 78.81, 'ndev': 4076, 'ntest': 1725}"
allmpnet,SUM-NS_SUM-5-10,"torch.Size([61, 768])",NORMAL,4,0,12,"{'devacc': np.float64(84.69), 'acc': np.float64(85.04), 'ndev': 10662, 'ntest': 10662}","{'devacc': np.float64(87.17), 'acc': np.float64(87.36), 'ndev': 3775, 'ntest': 3775}","{'devacc': np.float64(94.25), 'acc': np.float64(94.56), 'ndev': 10000, 'ntest': 10000}","{'devacc': np.float64(88.57), 'acc': np.float64(88.94), 'ndev': 10606, 'ntest': 10606}","{'devacc': np.float64(89.68), 'acc': 90.23, 'ndev': 872, 'ntest': 1821}","{'devacc': np.float64(84.02), 'acc': 91.2, 'ndev': 5452, 'ntest': 500}","{'devacc': np.float64(68.99), 'acc': 68.17, 'f1': 77.0, 'ndev': 4076, 'ntest': 1725}"
allmpnet,MAX-NS_SUM-5-10,"torch.Size([61, 768])",NORMAL,4,0,12,"{'devacc': np.float64(83.25), 'acc': np.float64(83.54), 'ndev': 10662, 'ntest': 10662}","{'devacc': np.float64(63.59), 'acc': np.float64(65.72), 'ndev': 3775, 'ntest': 3775}","{'devacc': np.float64(92.78), 'acc': np.float64(93.0), 'ndev': 10000, 'ntest': 10000}","{'devacc': np.float64(34.34), 'acc': np.float64(35.5), 'ndev': 10606, 'ntest': 10606}","{'devacc': np.float64(49.08), 'acc': 50.08, 'ndev': 872, 'ntest': 1821}","{'devacc': np.float64(82.34), 'acc': 89.4, 'ndev': 5452, 'ntest': 500}","{'devacc': np.float64(72.42), 'acc': 70.78, 'f1': 78.61, 'ndev': 4076, 'ntest': 1725}"
allmpnet,CLS_SUM-6-11,"torch.Size([61, 768])",NORMAL,4,0,12,"{'devacc': np.float64(83.77), 'acc': np.float64(83.75), 'ndev': 10662, 'ntest': 10662}","{'devacc': np.float64(90.31), 'acc': np.float64(90.14), 'ndev': 3775, 'ntest': 3775}","{'devacc': np.float64(95.12), 'acc': np.float64(95.22), 'ndev': 10000, 'ntest': 10000}","{'devacc': np.float64(88.32), 'acc': np.float64(88.41), 'ndev': 10606, 'ntest': 10606}","{'devacc': np.float64(85.44), 'acc': 86.16, 'ndev': 872, 'ntest': 1821}","{'devacc': np.float64(75.05), 'acc': 80.4, 'ndev': 5452, 'ntest': 500}","{'devacc': np.float64(70.09), 'acc': 68.75, 'f1': 78.41, 'ndev': 4076, 'ntest': 1725}"
allmpnet,AVG_SUM-6-11,"torch.Size([61, 768])",NORMAL,4,0,12,"{'devacc': np.float64(86.2), 'acc': np.float64(86.46), 'ndev': 10662, 'ntest': 10662}","{'devacc': np.float64(90.71), 'acc': np.float64(90.81), 'ndev': 3775, 'ntest': 3775}","{'devacc': np.float64(95.85), 'acc': np.float64(95.91), 'ndev': 10000, 'ntest': 10000}","{'devacc': np.float64(90.22), 'acc': np.float64(90.45), 'ndev': 10606, 'ntest': 10606}","{'devacc': np.float64(89.33), 'acc': 91.38, 'ndev': 872, 'ntest': 1821}","{'devacc': np.float64(90.19), 'acc': 95.8, 'ndev': 5452, 'ntest': 500}","{'devacc': np.float64(75.17), 'acc': 73.91, 'f1': 80.79, 'ndev': 4076, 'ntest': 1725}"
allmpnet,SUM_SUM-6-11,"torch.Size([61, 768])",NORMAL,4,0,12,"{'devacc': np.float64(85.39), 'acc': np.float64(85.65), 'ndev': 10662, 'ntest': 10662}","{'devacc': np.float64(88.74), 'acc': np.float64(88.53), 'ndev': 3775, 'ntest': 3775}","{'devacc': np.float64(94.56), 'acc': np.float64(94.67), 'ndev': 10000, 'ntest': 10000}","{'devacc': np.float64(89.03), 'acc': np.float64(89.24), 'ndev': 10606, 'ntest': 10606}","{'devacc': np.float64(89.68), 'acc': 91.1, 'ndev': 872, 'ntest': 1821}","{'devacc': np.float64(88.77), 'acc': 94.6, 'ndev': 5452, 'ntest': 500}","{'devacc': np.float64(69.73), 'acc': 69.39, 'f1': 78.47, 'ndev': 4076, 'ntest': 1725}"
allmpnet,MAX_SUM-6-11,"torch.Size([61, 768])",NORMAL,4,0,12,"{'devacc': np.float64(84.27), 'acc': np.float64(84.54), 'ndev': 10662, 'ntest': 10662}","{'devacc': np.float64(87.11), 'acc': np.float64(87.21), 'ndev': 3775, 'ntest': 3775}","{'devacc': np.float64(93.57), 'acc': np.float64(93.9), 'ndev': 10000, 'ntest': 10000}","{'devacc': np.float64(89.06), 'acc': np.float64(89.45), 'ndev': 10606, 'ntest': 10606}","{'devacc': np.float64(90.48), 'acc': 90.61, 'ndev': 872, 'ntest': 1821}","{'devacc': np.float64(88.3), 'acc': 94.2, 'ndev': 5452, 'ntest': 500}","{'devacc': np.float64(72.3), 'acc': 72.0, 'f1': 79.56, 'ndev': 4076, 'ntest': 1725}"
allmpnet,AVG-NS_SUM-6-11,"torch.Size([61, 768])",NORMAL,4,0,12,"{'devacc': np.float64(85.7), 'acc': np.float64(85.78), 'ndev': 10662, 'ntest': 10662}","{'devacc': np.float64(89.42), 'acc': np.float64(89.75), 'ndev': 3775, 'ntest': 3775}","{'devacc': np.float64(95.59), 'acc': np.float64(95.64), 'ndev': 10000, 'ntest': 10000}","{'devacc': np.float64(89.31), 'acc': np.float64(89.56), 'ndev': 10606, 'ntest': 10606}","{'devacc': np.float64(90.48), 'acc': 91.1, 'ndev': 872, 'ntest': 1821}","{'devacc': np.float64(85.16), 'acc': 91.8, 'ndev': 5452, 'ntest': 500}","{'devacc': np.float64(72.47), 'acc': 72.06, 'f1': 79.45, 'ndev': 4076, 'ntest': 1725}"
allmpnet,SUM-NS_SUM-6-11,"torch.Size([61, 768])",NORMAL,4,0,12,"{'devacc': np.float64(84.8), 'acc': np.float64(85.39), 'ndev': 10662, 'ntest': 10662}","{'devacc': np.float64(87.38), 'acc': np.float64(87.55), 'ndev': 3775, 'ntest': 3775}","{'devacc': np.float64(94.31), 'acc': np.float64(94.51), 'ndev': 10000, 'ntest': 10000}","{'devacc': np.float64(88.5), 'acc': np.float64(88.91), 'ndev': 10606, 'ntest': 10606}","{'devacc': np.float64(89.91), 'acc': 90.61, 'ndev': 872, 'ntest': 1821}","{'devacc': np.float64(84.26), 'acc': 90.6, 'ndev': 5452, 'ntest': 500}","{'devacc': np.float64(69.48), 'acc': 68.64, 'f1': 78.0, 'ndev': 4076, 'ntest': 1725}"
allmpnet,MAX-NS_SUM-6-11,"torch.Size([61, 768])",NORMAL,4,0,12,"{'devacc': np.float64(83.7), 'acc': np.float64(83.95), 'ndev': 10662, 'ntest': 10662}","{'devacc': np.float64(63.69), 'acc': np.float64(66.04), 'ndev': 3775, 'ntest': 3775}","{'devacc': np.float64(92.87), 'acc': np.float64(93.05), 'ndev': 10000, 'ntest': 10000}","{'devacc': np.float64(33.97), 'acc': np.float64(35.5), 'ndev': 10606, 'ntest': 10606}","{'devacc': np.float64(49.08), 'acc': 50.08, 'ndev': 872, 'ntest': 1821}","{'devacc': np.float64(82.39), 'acc': 89.4, 'ndev': 5452, 'ntest': 500}","{'devacc': np.float64(71.86), 'acc': 70.72, 'f1': 78.63, 'ndev': 4076, 'ntest': 1725}"
allmpnet,CLS_SUM-7-12,"torch.Size([61, 768])",NORMAL,4,0,12,"{'devacc': np.float64(85.36), 'acc': np.float64(85.57), 'ndev': 10662, 'ntest': 10662}","{'devacc': np.float64(91.2), 'acc': np.float64(91.15), 'ndev': 3775, 'ntest': 3775}","{'devacc': np.float64(95.83), 'acc': np.float64(95.78), 'ndev': 10000, 'ntest': 10000}","{'devacc': np.float64(89.53), 'acc': np.float64(89.47), 'ndev': 10606, 'ntest': 10606}","{'devacc': np.float64(89.91), 'acc': 89.4, 'ndev': 872, 'ntest': 1821}","{'devacc': np.float64(88.43), 'acc': 92.4, 'ndev': 5452, 'ntest': 500}","{'devacc': np.float64(71.05), 'acc': 71.36, 'f1': 79.79, 'ndev': 4076, 'ntest': 1725}"
allmpnet,AVG_SUM-7-12,"torch.Size([61, 768])",NORMAL,4,0,12,"{'devacc': np.float64(86.32), 'acc': np.float64(86.29), 'ndev': 10662, 'ntest': 10662}","{'devacc': np.float64(90.6), 'acc': np.float64(90.7), 'ndev': 3775, 'ntest': 3775}","{'devacc': np.float64(95.76), 'acc': np.float64(95.8), 'ndev': 10000, 'ntest': 10000}","{'devacc': np.float64(90.27), 'acc': np.float64(90.23), 'ndev': 10606, 'ntest': 10606}","{'devacc': np.float64(90.02), 'acc': 91.32, 'ndev': 872, 'ntest': 1821}","{'devacc': np.float64(90.15), 'acc': 96.2, 'ndev': 5452, 'ntest': 500}","{'devacc': np.float64(74.02), 'acc': 74.2, 'f1': 81.25, 'ndev': 4076, 'ntest': 1725}"
allmpnet,SUM_SUM-7-12,"torch.Size([61, 768])",NORMAL,4,0,12,"{'devacc': np.float64(85.47), 'acc': np.float64(85.34), 'ndev': 10662, 'ntest': 10662}","{'devacc': np.float64(88.54), 'acc': np.float64(88.05), 'ndev': 3775, 'ntest': 3775}","{'devacc': np.float64(94.39), 'acc': np.float64(94.39), 'ndev': 10000, 'ntest': 10000}","{'devacc': np.float64(89.05), 'acc': np.float64(89.12), 'ndev': 10606, 'ntest': 10606}","{'devacc': np.float64(89.33), 'acc': 91.21, 'ndev': 872, 'ntest': 1821}","{'devacc': np.float64(88.83), 'acc': 94.8, 'ndev': 5452, 'ntest': 500}","{'devacc': np.float64(70.34), 'acc': 69.74, 'f1': 78.39, 'ndev': 4076, 'ntest': 1725}"
allmpnet,MAX_SUM-7-12,"torch.Size([61, 768])",NORMAL,4,0,12,"{'devacc': np.float64(84.44), 'acc': np.float64(84.6), 'ndev': 10662, 'ntest': 10662}","{'devacc': np.float64(87.08), 'acc': np.float64(87.1), 'ndev': 3775, 'ntest': 3775}","{'devacc': np.float64(93.55), 'acc': np.float64(93.69), 'ndev': 10000, 'ntest': 10000}","{'devacc': np.float64(88.8), 'acc': np.float64(89.06), 'ndev': 10606, 'ntest': 10606}","{'devacc': np.float64(90.37), 'acc': 90.94, 'ndev': 872, 'ntest': 1821}","{'devacc': np.float64(88.98), 'acc': 92.8, 'ndev': 5452, 'ntest': 500}","{'devacc': np.float64(72.3), 'acc': 72.29, 'f1': 79.75, 'ndev': 4076, 'ntest': 1725}"
allmpnet,AVG-NS_SUM-7-12,"torch.Size([61, 768])",NORMAL,4,0,12,"{'devacc': np.float64(85.87), 'acc': np.float64(85.87), 'ndev': 10662, 'ntest': 10662}","{'devacc': np.float64(89.35), 'acc': np.float64(89.48), 'ndev': 3775, 'ntest': 3775}","{'devacc': np.float64(95.55), 'acc': np.float64(95.58), 'ndev': 10000, 'ntest': 10000}","{'devacc': np.float64(89.25), 'acc': np.float64(89.61), 'ndev': 10606, 'ntest': 10606}","{'devacc': np.float64(90.94), 'acc': 90.77, 'ndev': 872, 'ntest': 1821}","{'devacc': np.float64(85.34), 'acc': 91.8, 'ndev': 5452, 'ntest': 500}","{'devacc': np.float64(72.15), 'acc': 72.46, 'f1': 80.0, 'ndev': 4076, 'ntest': 1725}"
allmpnet,SUM-NS_SUM-7-12,"torch.Size([61, 768])",NORMAL,4,0,12,"{'devacc': np.float64(84.8), 'acc': np.float64(85.16), 'ndev': 10662, 'ntest': 10662}","{'devacc': np.float64(87.37), 'acc': np.float64(87.18), 'ndev': 3775, 'ntest': 3775}","{'devacc': np.float64(94.17), 'acc': np.float64(94.38), 'ndev': 10000, 'ntest': 10000}","{'devacc': np.float64(88.34), 'acc': np.float64(88.6), 'ndev': 10606, 'ntest': 10606}","{'devacc': np.float64(90.02), 'acc': 90.55, 'ndev': 872, 'ntest': 1821}","{'devacc': np.float64(84.23), 'acc': 91.4, 'ndev': 5452, 'ntest': 500}","{'devacc': np.float64(70.09), 'acc': 70.43, 'f1': 78.89, 'ndev': 4076, 'ntest': 1725}"
allmpnet,MAX-NS_SUM-7-12,"torch.Size([61, 768])",NORMAL,4,0,12,"{'devacc': np.float64(83.84), 'acc': np.float64(83.99), 'ndev': 10662, 'ntest': 10662}","{'devacc': np.float64(63.63), 'acc': np.float64(65.88), 'ndev': 3775, 'ntest': 3775}","{'devacc': np.float64(93.08), 'acc': np.float64(93.25), 'ndev': 10000, 'ntest': 10000}","{'devacc': np.float64(33.98), 'acc': np.float64(36.53), 'ndev': 10606, 'ntest': 10606}","{'devacc': np.float64(49.08), 'acc': 50.08, 'ndev': 872, 'ntest': 1821}","{'devacc': np.float64(82.9), 'acc': 88.0, 'ndev': 5452, 'ntest': 500}","{'devacc': np.float64(71.81), 'acc': 71.77, 'f1': 79.27, 'ndev': 4076, 'ntest': 1725}"
allmpnet,CLS_SUM-1-7,"torch.Size([61, 768])",NORMAL,4,0,12,"{'devacc': np.float64(84.21), 'acc': np.float64(83.94), 'ndev': 10662, 'ntest': 10662}","{'devacc': np.float64(90.24), 'acc': np.float64(90.41), 'ndev': 3775, 'ntest': 3775}","{'devacc': np.float64(95.66), 'acc': np.float64(95.62), 'ndev': 10000, 'ntest': 10000}","{'devacc': np.float64(88.97), 'acc': np.float64(89.15), 'ndev': 10606, 'ntest': 10606}","{'devacc': np.float64(86.7), 'acc': 86.88, 'ndev': 872, 'ntest': 1821}","{'devacc': np.float64(67.66), 'acc': 72.6, 'ndev': 5452, 'ntest': 500}","{'devacc': np.float64(70.58), 'acc': 70.84, 'f1': 80.53, 'ndev': 4076, 'ntest': 1725}"
allmpnet,AVG_SUM-1-7,"torch.Size([61, 768])",NORMAL,4,0,12,"{'devacc': np.float64(84.66), 'acc': np.float64(84.66), 'ndev': 10662, 'ntest': 10662}","{'devacc': np.float64(89.91), 'acc': np.float64(89.99), 'ndev': 3775, 'ntest': 3775}","{'devacc': np.float64(95.77), 'acc': np.float64(95.88), 'ndev': 10000, 'ntest': 10000}","{'devacc': np.float64(90.25), 'acc': np.float64(90.46), 'ndev': 10606, 'ntest': 10606}","{'devacc': np.float64(90.14), 'acc': 90.01, 'ndev': 872, 'ntest': 1821}","{'devacc': np.float64(87.93), 'acc': 92.8, 'ndev': 5452, 'ntest': 500}","{'devacc': np.float64(73.9), 'acc': 73.45, 'f1': 80.61, 'ndev': 4076, 'ntest': 1725}"
allmpnet,SUM_SUM-1-7,"torch.Size([61, 768])",NORMAL,4,0,12,"{'devacc': np.float64(84.07), 'acc': np.float64(84.11), 'ndev': 10662, 'ntest': 10662}","{'devacc': np.float64(87.15), 'acc': np.float64(87.26), 'ndev': 3775, 'ntest': 3775}","{'devacc': np.float64(94.28), 'acc': np.float64(94.4), 'ndev': 10000, 'ntest': 10000}","{'devacc': np.float64(89.25), 'acc': np.float64(89.52), 'ndev': 10606, 'ntest': 10606}","{'devacc': np.float64(89.68), 'acc': 89.29, 'ndev': 872, 'ntest': 1821}","{'devacc': np.float64(86.19), 'acc': 92.4, 'ndev': 5452, 'ntest': 500}","{'devacc': np.float64(69.33), 'acc': 67.54, 'f1': 76.61, 'ndev': 4076, 'ntest': 1725}"
allmpnet,MAX_SUM-1-7,"torch.Size([61, 768])",NORMAL,4,0,12,"{'devacc': np.float64(81.22), 'acc': np.float64(81.18), 'ndev': 10662, 'ntest': 10662}","{'devacc': np.float64(85.4), 'acc': np.float64(84.85), 'ndev': 3775, 'ntest': 3775}","{'devacc': np.float64(93.2), 'acc': np.float64(93.28), 'ndev': 10000, 'ntest': 10000}","{'devacc': np.float64(88.81), 'acc': np.float64(89.05), 'ndev': 10606, 'ntest': 10606}","{'devacc': np.float64(85.55), 'acc': 87.1, 'ndev': 872, 'ntest': 1821}","{'devacc': np.float64(86.37), 'acc': 91.4, 'ndev': 5452, 'ntest': 500}","{'devacc': np.float64(71.91), 'acc': 71.77, 'f1': 79.16, 'ndev': 4076, 'ntest': 1725}"
allmpnet,AVG-NS_SUM-1-7,"torch.Size([61, 768])",NORMAL,4,0,12,"{'devacc': np.float64(83.56), 'acc': np.float64(83.67), 'ndev': 10662, 'ntest': 10662}","{'devacc': np.float64(87.7), 'acc': np.float64(87.39), 'ndev': 3775, 'ntest': 3775}","{'devacc': np.float64(95.34), 'acc': np.float64(95.5), 'ndev': 10000, 'ntest': 10000}","{'devacc': np.float64(88.96), 'acc': np.float64(89.1), 'ndev': 10606, 'ntest': 10606}","{'devacc': np.float64(88.19), 'acc': 89.18, 'ndev': 872, 'ntest': 1821}","{'devacc': np.float64(82.76), 'acc': 88.8, 'ndev': 5452, 'ntest': 500}","{'devacc': np.float64(70.58), 'acc': 69.04, 'f1': 77.26, 'ndev': 4076, 'ntest': 1725}"
allmpnet,SUM-NS_SUM-1-7,"torch.Size([61, 768])",NORMAL,4,0,12,"{'devacc': np.float64(82.87), 'acc': np.float64(82.82), 'ndev': 10662, 'ntest': 10662}","{'devacc': np.float64(84.91), 'acc': np.float64(84.5), 'ndev': 3775, 'ntest': 3775}","{'devacc': np.float64(93.77), 'acc': np.float64(93.95), 'ndev': 10000, 'ntest': 10000}","{'devacc': np.float64(88.07), 'acc': np.float64(88.34), 'ndev': 10606, 'ntest': 10606}","{'devacc': np.float64(87.96), 'acc': 87.7, 'ndev': 872, 'ntest': 1821}","{'devacc': np.float64(81.66), 'acc': 88.0, 'ndev': 5452, 'ntest': 500}","{'devacc': np.float64(69.14), 'acc': 68.12, 'f1': 77.29, 'ndev': 4076, 'ntest': 1725}"
allmpnet,MAX-NS_SUM-1-7,"torch.Size([61, 768])",NORMAL,4,0,12,"{'devacc': np.float64(80.12), 'acc': np.float64(80.49), 'ndev': 10662, 'ntest': 10662}","{'devacc': np.float64(63.3), 'acc': np.float64(65.46), 'ndev': 3775, 'ntest': 3775}","{'devacc': np.float64(92.5), 'acc': np.float64(92.63), 'ndev': 10000, 'ntest': 10000}","{'devacc': np.float64(33.96), 'acc': np.float64(35.5), 'ndev': 10606, 'ntest': 10606}","{'devacc': np.float64(49.08), 'acc': 50.08, 'ndev': 872, 'ntest': 1821}","{'devacc': np.float64(79.49), 'acc': 87.4, 'ndev': 5452, 'ntest': 500}","{'devacc': np.float64(71.17), 'acc': 71.3, 'f1': 79.3, 'ndev': 4076, 'ntest': 1725}"
allmpnet,CLS_SUM-2-8,"torch.Size([61, 768])",NORMAL,4,0,12,"{'devacc': np.float64(84.5), 'acc': np.float64(84.55), 'ndev': 10662, 'ntest': 10662}","{'devacc': np.float64(90.33), 'acc': np.float64(90.23), 'ndev': 3775, 'ntest': 3775}","{'devacc': np.float64(95.73), 'acc': np.float64(95.74), 'ndev': 10000, 'ntest': 10000}","{'devacc': np.float64(89.11), 'acc': np.float64(89.18), 'ndev': 10606, 'ntest': 10606}","{'devacc': np.float64(87.5), 'acc': 88.47, 'ndev': 872, 'ntest': 1821}","{'devacc': np.float64(69.19), 'acc': 75.4, 'ndev': 5452, 'ntest': 500}","{'devacc': np.float64(70.34), 'acc': 70.67, 'f1': 80.27, 'ndev': 4076, 'ntest': 1725}"
allmpnet,AVG_SUM-2-8,"torch.Size([61, 768])",NORMAL,4,0,12,"{'devacc': np.float64(85.39), 'acc': np.float64(85.56), 'ndev': 10662, 'ntest': 10662}","{'devacc': np.float64(90.07), 'acc': np.float64(90.28), 'ndev': 3775, 'ntest': 3775}","{'devacc': np.float64(95.89), 'acc': np.float64(96.04), 'ndev': 10000, 'ntest': 10000}","{'devacc': np.float64(90.38), 'acc': np.float64(90.45), 'ndev': 10606, 'ntest': 10606}","{'devacc': np.float64(89.79), 'acc': 90.88, 'ndev': 872, 'ntest': 1821}","{'devacc': np.float64(88.37), 'acc': 94.0, 'ndev': 5452, 'ntest': 500}","{'devacc': np.float64(74.02), 'acc': 72.87, 'f1': 80.1, 'ndev': 4076, 'ntest': 1725}"
allmpnet,SUM_SUM-2-8,"torch.Size([61, 768])",NORMAL,4,0,12,"{'devacc': np.float64(84.56), 'acc': np.float64(84.61), 'ndev': 10662, 'ntest': 10662}","{'devacc': np.float64(87.66), 'acc': np.float64(88.13), 'ndev': 3775, 'ntest': 3775}","{'devacc': np.float64(94.44), 'acc': np.float64(94.71), 'ndev': 10000, 'ntest': 10000}","{'devacc': np.float64(89.35), 'acc': np.float64(89.68), 'ndev': 10606, 'ntest': 10606}","{'devacc': np.float64(89.91), 'acc': 90.55, 'ndev': 872, 'ntest': 1821}","{'devacc': np.float64(87.07), 'acc': 93.4, 'ndev': 5452, 'ntest': 500}","{'devacc': np.float64(69.48), 'acc': 68.23, 'f1': 77.13, 'ndev': 4076, 'ntest': 1725}"
allmpnet,MAX_SUM-2-8,"torch.Size([61, 768])",NORMAL,4,0,12,"{'devacc': np.float64(82.62), 'acc': np.float64(82.67), 'ndev': 10662, 'ntest': 10662}","{'devacc': np.float64(86.02), 'acc': np.float64(85.96), 'ndev': 3775, 'ntest': 3775}","{'devacc': np.float64(93.34), 'acc': np.float64(93.54), 'ndev': 10000, 'ntest': 10000}","{'devacc': np.float64(88.83), 'acc': np.float64(89.16), 'ndev': 10606, 'ntest': 10606}","{'devacc': np.float64(86.58), 'acc': 88.25, 'ndev': 872, 'ntest': 1821}","{'devacc': np.float64(87.01), 'acc': 91.8, 'ndev': 5452, 'ntest': 500}","{'devacc': np.float64(72.1), 'acc': 71.13, 'f1': 79.01, 'ndev': 4076, 'ntest': 1725}"
allmpnet,AVG-NS_SUM-2-8,"torch.Size([61, 768])",NORMAL,4,0,12,"{'devacc': np.float64(84.19), 'acc': np.float64(84.3), 'ndev': 10662, 'ntest': 10662}","{'devacc': np.float64(88.3), 'acc': np.float64(88.4), 'ndev': 3775, 'ntest': 3775}","{'devacc': np.float64(95.45), 'acc': np.float64(95.52), 'ndev': 10000, 'ntest': 10000}","{'devacc': np.float64(89.03), 'acc': np.float64(89.42), 'ndev': 10606, 'ntest': 10606}","{'devacc': np.float64(88.42), 'acc': 90.06, 'ndev': 872, 'ntest': 1821}","{'devacc': np.float64(83.62), 'acc': 89.2, 'ndev': 5452, 'ntest': 500}","{'devacc': np.float64(71.52), 'acc': 71.42, 'f1': 79.14, 'ndev': 4076, 'ntest': 1725}"
allmpnet,SUM-NS_SUM-2-8,"torch.Size([61, 768])",NORMAL,4,0,12,"{'devacc': np.float64(83.48), 'acc': np.float64(83.87), 'ndev': 10662, 'ntest': 10662}","{'devacc': np.float64(85.67), 'acc': np.float64(85.75), 'ndev': 3775, 'ntest': 3775}","{'devacc': np.float64(93.99), 'acc': np.float64(94.27), 'ndev': 10000, 'ntest': 10000}","{'devacc': np.float64(88.24), 'acc': np.float64(88.65), 'ndev': 10606, 'ntest': 10606}","{'devacc': np.float64(88.3), 'acc': 88.69, 'ndev': 872, 'ntest': 1821}","{'devacc': np.float64(82.87), 'acc': 88.2, 'ndev': 5452, 'ntest': 500}","{'devacc': np.float64(69.23), 'acc': 67.94, 'f1': 77.08, 'ndev': 4076, 'ntest': 1725}"
allmpnet,MAX-NS_SUM-2-8,"torch.Size([61, 768])",NORMAL,4,0,12,"{'devacc': np.float64(81.62), 'acc': np.float64(81.62), 'ndev': 10662, 'ntest': 10662}","{'devacc': np.float64(66.56), 'acc': np.float64(65.61), 'ndev': 3775, 'ntest': 3775}","{'devacc': np.float64(92.83), 'acc': np.float64(93.09), 'ndev': 10000, 'ntest': 10000}","{'devacc': np.float64(34.34), 'acc': np.float64(35.5), 'ndev': 10606, 'ntest': 10606}","{'devacc': np.float64(49.08), 'acc': 50.08, 'ndev': 872, 'ntest': 1821}","{'devacc': np.float64(81.07), 'acc': 88.4, 'ndev': 5452, 'ntest': 500}","{'devacc': np.float64(71.69), 'acc': 71.71, 'f1': 79.53, 'ndev': 4076, 'ntest': 1725}"
allmpnet,CLS_SUM-3-9,"torch.Size([61, 768])",NORMAL,4,0,12,"{'devacc': np.float64(84.42), 'acc': np.float64(84.54), 'ndev': 10662, 'ntest': 10662}","{'devacc': np.float64(90.31), 'acc': np.float64(90.39), 'ndev': 3775, 'ntest': 3775}","{'devacc': np.float64(95.72), 'acc': np.float64(95.7), 'ndev': 10000, 'ntest': 10000}","{'devacc': np.float64(89.18), 'acc': np.float64(89.21), 'ndev': 10606, 'ntest': 10606}","{'devacc': np.float64(87.5), 'acc': 88.96, 'ndev': 872, 'ntest': 1821}","{'devacc': np.float64(69.88), 'acc': 78.2, 'ndev': 5452, 'ntest': 500}","{'devacc': np.float64(70.19), 'acc': 69.74, 'f1': 79.43, 'ndev': 4076, 'ntest': 1725}"
allmpnet,AVG_SUM-3-9,"torch.Size([61, 768])",NORMAL,4,0,12,"{'devacc': np.float64(85.71), 'acc': np.float64(85.92), 'ndev': 10662, 'ntest': 10662}","{'devacc': np.float64(90.15), 'acc': np.float64(90.36), 'ndev': 3775, 'ntest': 3775}","{'devacc': np.float64(95.84), 'acc': np.float64(95.9), 'ndev': 10000, 'ntest': 10000}","{'devacc': np.float64(90.49), 'acc': np.float64(90.53), 'ndev': 10606, 'ntest': 10606}","{'devacc': np.float64(90.02), 'acc': 91.05, 'ndev': 872, 'ntest': 1821}","{'devacc': np.float64(89.21), 'acc': 94.8, 'ndev': 5452, 'ntest': 500}","{'devacc': np.float64(73.97), 'acc': 72.99, 'f1': 79.88, 'ndev': 4076, 'ntest': 1725}"
allmpnet,SUM_SUM-3-9,"torch.Size([61, 768])",NORMAL,4,0,12,"{'devacc': np.float64(85.04), 'acc': np.float64(85.19), 'ndev': 10662, 'ntest': 10662}","{'devacc': np.float64(88.0), 'acc': np.float64(88.08), 'ndev': 3775, 'ntest': 3775}","{'devacc': np.float64(94.53), 'acc': np.float64(94.63), 'ndev': 10000, 'ntest': 10000}","{'devacc': np.float64(89.44), 'acc': np.float64(89.41), 'ndev': 10606, 'ntest': 10606}","{'devacc': np.float64(89.68), 'acc': 90.72, 'ndev': 872, 'ntest': 1821}","{'devacc': np.float64(88.13), 'acc': 94.4, 'ndev': 5452, 'ntest': 500}","{'devacc': np.float64(69.19), 'acc': 67.3, 'f1': 76.56, 'ndev': 4076, 'ntest': 1725}"
allmpnet,MAX_SUM-3-9,"torch.Size([61, 768])",NORMAL,4,0,12,"{'devacc': np.float64(83.4), 'acc': np.float64(83.54), 'ndev': 10662, 'ntest': 10662}","{'devacc': np.float64(86.72), 'acc': np.float64(86.52), 'ndev': 3775, 'ntest': 3775}","{'devacc': np.float64(93.46), 'acc': np.float64(93.81), 'ndev': 10000, 'ntest': 10000}","{'devacc': np.float64(88.87), 'acc': np.float64(89.18), 'ndev': 10606, 'ntest': 10606}","{'devacc': np.float64(87.84), 'acc': 89.18, 'ndev': 872, 'ntest': 1821}","{'devacc': np.float64(87.36), 'acc': 93.2, 'ndev': 5452, 'ntest': 500}","{'devacc': np.float64(72.57), 'acc': 71.13, 'f1': 78.81, 'ndev': 4076, 'ntest': 1725}"
allmpnet,AVG-NS_SUM-3-9,"torch.Size([61, 768])",NORMAL,4,0,12,"{'devacc': np.float64(84.74), 'acc': np.float64(84.81), 'ndev': 10662, 'ntest': 10662}","{'devacc': np.float64(88.62), 'acc': np.float64(88.82), 'ndev': 3775, 'ntest': 3775}","{'devacc': np.float64(95.47), 'acc': np.float64(95.45), 'ndev': 10000, 'ntest': 10000}","{'devacc': np.float64(89.36), 'acc': np.float64(89.62), 'ndev': 10606, 'ntest': 10606}","{'devacc': np.float64(88.88), 'acc': 90.83, 'ndev': 872, 'ntest': 1821}","{'devacc': np.float64(84.34), 'acc': 90.8, 'ndev': 5452, 'ntest': 500}","{'devacc': np.float64(71.81), 'acc': 70.67, 'f1': 78.49, 'ndev': 4076, 'ntest': 1725}"
allmpnet,SUM-NS_SUM-3-9,"torch.Size([61, 768])",NORMAL,4,0,12,"{'devacc': np.float64(84.15), 'acc': np.float64(84.15), 'ndev': 10662, 'ntest': 10662}","{'devacc': np.float64(86.46), 'acc': np.float64(86.12), 'ndev': 3775, 'ntest': 3775}","{'devacc': np.float64(94.11), 'acc': np.float64(94.23), 'ndev': 10000, 'ntest': 10000}","{'devacc': np.float64(88.56), 'acc': np.float64(88.85), 'ndev': 10606, 'ntest': 10606}","{'devacc': np.float64(88.65), 'acc': 89.46, 'ndev': 872, 'ntest': 1821}","{'devacc': np.float64(83.29), 'acc': 90.2, 'ndev': 5452, 'ntest': 500}","{'devacc': np.float64(69.41), 'acc': 67.36, 'f1': 76.47, 'ndev': 4076, 'ntest': 1725}"
allmpnet,MAX-NS_SUM-3-9,"torch.Size([61, 768])",NORMAL,4,0,12,"{'devacc': np.float64(82.4), 'acc': np.float64(82.57), 'ndev': 10662, 'ntest': 10662}","{'devacc': np.float64(68.85), 'acc': np.float64(65.75), 'ndev': 3775, 'ntest': 3775}","{'devacc': np.float64(92.81), 'acc': np.float64(93.26), 'ndev': 10000, 'ntest': 10000}","{'devacc': np.float64(35.82), 'acc': np.float64(35.5), 'ndev': 10606, 'ntest': 10606}","{'devacc': np.float64(49.08), 'acc': 50.08, 'ndev': 872, 'ntest': 1821}","{'devacc': np.float64(81.64), 'acc': 88.6, 'ndev': 5452, 'ntest': 500}","{'devacc': np.float64(71.56), 'acc': 70.61, 'f1': 78.62, 'ndev': 4076, 'ntest': 1725}"
allmpnet,CLS_SUM-4-10,"torch.Size([61, 768])",NORMAL,4,0,12,"{'devacc': np.float64(84.4), 'acc': np.float64(84.44), 'ndev': 10662, 'ntest': 10662}","{'devacc': np.float64(90.32), 'acc': np.float64(90.38), 'ndev': 3775, 'ntest': 3775}","{'devacc': np.float64(95.74), 'acc': np.float64(95.84), 'ndev': 10000, 'ntest': 10000}","{'devacc': np.float64(89.04), 'acc': np.float64(88.92), 'ndev': 10606, 'ntest': 10606}","{'devacc': np.float64(86.58), 'acc': 88.03, 'ndev': 872, 'ntest': 1821}","{'devacc': np.float64(69.64), 'acc': 79.4, 'ndev': 5452, 'ntest': 500}","{'devacc': np.float64(70.29), 'acc': 69.68, 'f1': 79.17, 'ndev': 4076, 'ntest': 1725}"
allmpnet,AVG_SUM-4-10,"torch.Size([61, 768])",NORMAL,4,0,12,"{'devacc': np.float64(85.93), 'acc': np.float64(86.04), 'ndev': 10662, 'ntest': 10662}","{'devacc': np.float64(90.17), 'acc': np.float64(90.23), 'ndev': 3775, 'ntest': 3775}","{'devacc': np.float64(95.81), 'acc': np.float64(96.02), 'ndev': 10000, 'ntest': 10000}","{'devacc': np.float64(90.34), 'acc': np.float64(90.54), 'ndev': 10606, 'ntest': 10606}","{'devacc': np.float64(89.33), 'acc': 91.54, 'ndev': 872, 'ntest': 1821}","{'devacc': np.float64(89.51), 'acc': 95.4, 'ndev': 5452, 'ntest': 500}","{'devacc': np.float64(74.34), 'acc': 72.64, 'f1': 79.64, 'ndev': 4076, 'ntest': 1725}"
allmpnet,SUM_SUM-4-10,"torch.Size([61, 768])",NORMAL,4,0,12,"{'devacc': np.float64(85.29), 'acc': np.float64(85.51), 'ndev': 10662, 'ntest': 10662}","{'devacc': np.float64(88.29), 'acc': np.float64(88.11), 'ndev': 3775, 'ntest': 3775}","{'devacc': np.float64(94.5), 'acc': np.float64(94.51), 'ndev': 10000, 'ntest': 10000}","{'devacc': np.float64(89.42), 'acc': np.float64(89.63), 'ndev': 10606, 'ntest': 10606}","{'devacc': np.float64(90.02), 'acc': 90.88, 'ndev': 872, 'ntest': 1821}","{'devacc': np.float64(88.68), 'acc': 94.4, 'ndev': 5452, 'ntest': 500}","{'devacc': np.float64(68.97), 'acc': 67.42, 'f1': 76.82, 'ndev': 4076, 'ntest': 1725}"
allmpnet,MAX_SUM-4-10,"torch.Size([61, 768])",NORMAL,4,0,12,"{'devacc': np.float64(83.91), 'acc': np.float64(83.97), 'ndev': 10662, 'ntest': 10662}","{'devacc': np.float64(87.24), 'acc': np.float64(86.99), 'ndev': 3775, 'ntest': 3775}","{'devacc': np.float64(93.55), 'acc': np.float64(93.84), 'ndev': 10000, 'ntest': 10000}","{'devacc': np.float64(89.07), 'acc': np.float64(89.11), 'ndev': 10606, 'ntest': 10606}","{'devacc': np.float64(88.07), 'acc': 90.06, 'ndev': 872, 'ntest': 1821}","{'devacc': np.float64(87.86), 'acc': 93.4, 'ndev': 5452, 'ntest': 500}","{'devacc': np.float64(72.94), 'acc': 71.19, 'f1': 78.82, 'ndev': 4076, 'ntest': 1725}"
allmpnet,AVG-NS_SUM-4-10,"torch.Size([61, 768])",NORMAL,4,0,12,"{'devacc': np.float64(85.18), 'acc': np.float64(85.28), 'ndev': 10662, 'ntest': 10662}","{'devacc': np.float64(88.86), 'acc': np.float64(88.98), 'ndev': 3775, 'ntest': 3775}","{'devacc': np.float64(95.49), 'acc': np.float64(95.54), 'ndev': 10000, 'ntest': 10000}","{'devacc': np.float64(89.35), 'acc': np.float64(89.54), 'ndev': 10606, 'ntest': 10606}","{'devacc': np.float64(89.45), 'acc': 90.99, 'ndev': 872, 'ntest': 1821}","{'devacc': np.float64(84.7), 'acc': 91.4, 'ndev': 5452, 'ntest': 500}","{'devacc': np.float64(72.15), 'acc': 70.09, 'f1': 78.12, 'ndev': 4076, 'ntest': 1725}"
allmpnet,SUM-NS_SUM-4-10,"torch.Size([61, 768])",NORMAL,4,0,12,"{'devacc': np.float64(84.57), 'acc': np.float64(84.57), 'ndev': 10662, 'ntest': 10662}","{'devacc': np.float64(87.04), 'acc': np.float64(87.02), 'ndev': 3775, 'ntest': 3775}","{'devacc': np.float64(94.19), 'acc': np.float64(94.33), 'ndev': 10000, 'ntest': 10000}","{'devacc': np.float64(88.56), 'acc': np.float64(88.7), 'ndev': 10606, 'ntest': 10606}","{'devacc': np.float64(89.56), 'acc': 90.44, 'ndev': 872, 'ntest': 1821}","{'devacc': np.float64(83.58), 'acc': 91.8, 'ndev': 5452, 'ntest': 500}","{'devacc': np.float64(68.82), 'acc': 67.77, 'f1': 76.78, 'ndev': 4076, 'ntest': 1725}"
allmpnet,MAX-NS_SUM-4-10,"torch.Size([61, 768])",NORMAL,4,0,12,"{'devacc': np.float64(83.16), 'acc': np.float64(83.47), 'ndev': 10662, 'ntest': 10662}","{'devacc': np.float64(64.01), 'acc': np.float64(67.31), 'ndev': 3775, 'ntest': 3775}","{'devacc': np.float64(92.74), 'acc': np.float64(93.05), 'ndev': 10000, 'ntest': 10000}","{'devacc': np.float64(34.71), 'acc': np.float64(35.5), 'ndev': 10606, 'ntest': 10606}","{'devacc': np.float64(49.08), 'acc': 50.08, 'ndev': 872, 'ntest': 1821}","{'devacc': np.float64(82.02), 'acc': 90.6, 'ndev': 5452, 'ntest': 500}","{'devacc': np.float64(71.96), 'acc': 72.7, 'f1': 80.05, 'ndev': 4076, 'ntest': 1725}"
allmpnet,CLS_SUM-5-11,"torch.Size([61, 768])",NORMAL,4,0,12,"{'devacc': np.float64(84.2), 'acc': np.float64(84.29), 'ndev': 10662, 'ntest': 10662}","{'devacc': np.float64(90.33), 'acc': np.float64(90.23), 'ndev': 3775, 'ntest': 3775}","{'devacc': np.float64(95.58), 'acc': np.float64(95.66), 'ndev': 10000, 'ntest': 10000}","{'devacc': np.float64(89.14), 'acc': np.float64(89.08), 'ndev': 10606, 'ntest': 10606}","{'devacc': np.float64(86.7), 'acc': 87.75, 'ndev': 872, 'ntest': 1821}","{'devacc': np.float64(76.78), 'acc': 80.2, 'ndev': 5452, 'ntest': 500}","{'devacc': np.float64(70.19), 'acc': 69.39, 'f1': 79.03, 'ndev': 4076, 'ntest': 1725}"
allmpnet,AVG_SUM-5-11,"torch.Size([61, 768])",NORMAL,4,0,12,"{'devacc': np.float64(86.11), 'acc': np.float64(86.19), 'ndev': 10662, 'ntest': 10662}","{'devacc': np.float64(90.42), 'acc': np.float64(90.49), 'ndev': 3775, 'ntest': 3775}","{'devacc': np.float64(95.82), 'acc': np.float64(95.94), 'ndev': 10000, 'ntest': 10000}","{'devacc': np.float64(90.24), 'acc': np.float64(90.32), 'ndev': 10606, 'ntest': 10606}","{'devacc': np.float64(89.56), 'acc': 91.38, 'ndev': 872, 'ntest': 1821}","{'devacc': np.float64(90.24), 'acc': 95.2, 'ndev': 5452, 'ntest': 500}","{'devacc': np.float64(75.24), 'acc': 73.74, 'f1': 80.57, 'ndev': 4076, 'ntest': 1725}"
allmpnet,SUM_SUM-5-11,"torch.Size([61, 768])",NORMAL,4,0,12,"{'devacc': np.float64(85.39), 'acc': np.float64(85.46), 'ndev': 10662, 'ntest': 10662}","{'devacc': np.float64(88.67), 'acc': np.float64(88.58), 'ndev': 3775, 'ntest': 3775}","{'devacc': np.float64(94.6), 'acc': np.float64(94.75), 'ndev': 10000, 'ntest': 10000}","{'devacc': np.float64(89.2), 'acc': np.float64(89.5), 'ndev': 10606, 'ntest': 10606}","{'devacc': np.float64(89.45), 'acc': 90.88, 'ndev': 872, 'ntest': 1821}","{'devacc': np.float64(89.1), 'acc': 94.2, 'ndev': 5452, 'ntest': 500}","{'devacc': np.float64(69.21), 'acc': 69.57, 'f1': 78.39, 'ndev': 4076, 'ntest': 1725}"
allmpnet,MAX_SUM-5-11,"torch.Size([61, 768])",NORMAL,4,0,12,"{'devacc': np.float64(84.16), 'acc': np.float64(84.27), 'ndev': 10662, 'ntest': 10662}","{'devacc': np.float64(87.08), 'acc': np.float64(87.71), 'ndev': 3775, 'ntest': 3775}","{'devacc': np.float64(93.55), 'acc': np.float64(93.78), 'ndev': 10000, 'ntest': 10000}","{'devacc': np.float64(89.15), 'acc': np.float64(89.42), 'ndev': 10606, 'ntest': 10606}","{'devacc': np.float64(90.48), 'acc': 90.17, 'ndev': 872, 'ntest': 1821}","{'devacc': np.float64(88.06), 'acc': 93.8, 'ndev': 5452, 'ntest': 500}","{'devacc': np.float64(72.59), 'acc': 71.3, 'f1': 79.03, 'ndev': 4076, 'ntest': 1725}"
allmpnet,AVG-NS_SUM-5-11,"torch.Size([61, 768])",NORMAL,4,0,12,"{'devacc': np.float64(85.56), 'acc': np.float64(85.62), 'ndev': 10662, 'ntest': 10662}","{'devacc': np.float64(89.11), 'acc': np.float64(89.22), 'ndev': 3775, 'ntest': 3775}","{'devacc': np.float64(95.58), 'acc': np.float64(95.65), 'ndev': 10000, 'ntest': 10000}","{'devacc': np.float64(89.28), 'acc': np.float64(89.52), 'ndev': 10606, 'ntest': 10606}","{'devacc': np.float64(89.91), 'acc': 91.32, 'ndev': 872, 'ntest': 1821}","{'devacc': np.float64(84.96), 'acc': 91.4, 'ndev': 5452, 'ntest': 500}","{'devacc': np.float64(72.28), 'acc': 70.55, 'f1': 78.4, 'ndev': 4076, 'ntest': 1725}"
allmpnet,SUM-NS_SUM-5-11,"torch.Size([61, 768])",NORMAL,4,0,12,"{'devacc': np.float64(84.84), 'acc': np.float64(84.95), 'ndev': 10662, 'ntest': 10662}","{'devacc': np.float64(87.29), 'acc': np.float64(87.05), 'ndev': 3775, 'ntest': 3775}","{'devacc': np.float64(94.33), 'acc': np.float64(94.72), 'ndev': 10000, 'ntest': 10000}","{'devacc': np.float64(88.63), 'acc': np.float64(88.91), 'ndev': 10606, 'ntest': 10606}","{'devacc': np.float64(89.79), 'acc': 90.01, 'ndev': 872, 'ntest': 1821}","{'devacc': np.float64(84.21), 'acc': 92.0, 'ndev': 5452, 'ntest': 500}","{'devacc': np.float64(69.36), 'acc': 69.62, 'f1': 78.49, 'ndev': 4076, 'ntest': 1725}"
allmpnet,MAX-NS_SUM-5-11,"torch.Size([61, 768])",NORMAL,4,0,12,"{'devacc': np.float64(83.55), 'acc': np.float64(83.71), 'ndev': 10662, 'ntest': 10662}","{'devacc': np.float64(63.6), 'acc': np.float64(65.64), 'ndev': 3775, 'ntest': 3775}","{'devacc': np.float64(92.85), 'acc': np.float64(93.2), 'ndev': 10000, 'ntest': 10000}","{'devacc': np.float64(35.93), 'acc': np.float64(35.5), 'ndev': 10606, 'ntest': 10606}","{'devacc': np.float64(49.08), 'acc': 50.08, 'ndev': 872, 'ntest': 1821}","{'devacc': np.float64(82.39), 'acc': 89.8, 'ndev': 5452, 'ntest': 500}","{'devacc': np.float64(71.44), 'acc': 70.72, 'f1': 78.48, 'ndev': 4076, 'ntest': 1725}"
allmpnet,CLS_SUM-6-12,"torch.Size([61, 768])",NORMAL,4,0,12,"{'devacc': np.float64(85.26), 'acc': np.float64(85.76), 'ndev': 10662, 'ntest': 10662}","{'devacc': np.float64(90.99), 'acc': np.float64(90.97), 'ndev': 3775, 'ntest': 3775}","{'devacc': np.float64(95.91), 'acc': np.float64(95.98), 'ndev': 10000, 'ntest': 10000}","{'devacc': np.float64(89.55), 'acc': np.float64(89.62), 'ndev': 10606, 'ntest': 10606}","{'devacc': np.float64(89.68), 'acc': 89.73, 'ndev': 872, 'ntest': 1821}","{'devacc': np.float64(88.11), 'acc': 91.0, 'ndev': 5452, 'ntest': 500}","{'devacc': np.float64(70.95), 'acc': 70.09, 'f1': 78.8, 'ndev': 4076, 'ntest': 1725}"
allmpnet,AVG_SUM-6-12,"torch.Size([61, 768])",NORMAL,4,0,12,"{'devacc': np.float64(86.19), 'acc': np.float64(86.11), 'ndev': 10662, 'ntest': 10662}","{'devacc': np.float64(90.38), 'acc': np.float64(90.52), 'ndev': 3775, 'ntest': 3775}","{'devacc': np.float64(95.83), 'acc': np.float64(96.0), 'ndev': 10000, 'ntest': 10000}","{'devacc': np.float64(90.31), 'acc': np.float64(90.51), 'ndev': 10606, 'ntest': 10606}","{'devacc': np.float64(89.45), 'acc': 91.6, 'ndev': 872, 'ntest': 1821}","{'devacc': np.float64(90.04), 'acc': 95.0, 'ndev': 5452, 'ntest': 500}","{'devacc': np.float64(73.9), 'acc': 73.1, 'f1': 80.22, 'ndev': 4076, 'ntest': 1725}"
allmpnet,SUM_SUM-6-12,"torch.Size([61, 768])",NORMAL,4,0,12,"{'devacc': np.float64(85.28), 'acc': np.float64(85.47), 'ndev': 10662, 'ntest': 10662}","{'devacc': np.float64(88.52), 'acc': np.float64(88.0), 'ndev': 3775, 'ntest': 3775}","{'devacc': np.float64(94.49), 'acc': np.float64(94.54), 'ndev': 10000, 'ntest': 10000}","{'devacc': np.float64(89.09), 'acc': np.float64(89.41), 'ndev': 10606, 'ntest': 10606}","{'devacc': np.float64(89.22), 'acc': 91.38, 'ndev': 872, 'ntest': 1821}","{'devacc': np.float64(88.7), 'acc': 94.4, 'ndev': 5452, 'ntest': 500}","{'devacc': np.float64(69.77), 'acc': 70.09, 'f1': 78.46, 'ndev': 4076, 'ntest': 1725}"
allmpnet,MAX_SUM-6-12,"torch.Size([61, 768])",NORMAL,4,0,12,"{'devacc': np.float64(84.38), 'acc': np.float64(84.56), 'ndev': 10662, 'ntest': 10662}","{'devacc': np.float64(87.13), 'acc': np.float64(87.31), 'ndev': 3775, 'ntest': 3775}","{'devacc': np.float64(93.54), 'acc': np.float64(93.57), 'ndev': 10000, 'ntest': 10000}","{'devacc': np.float64(89.08), 'acc': np.float64(89.47), 'ndev': 10606, 'ntest': 10606}","{'devacc': np.float64(90.48), 'acc': 90.5, 'ndev': 872, 'ntest': 1821}","{'devacc': np.float64(88.55), 'acc': 94.4, 'ndev': 5452, 'ntest': 500}","{'devacc': np.float64(73.06), 'acc': 72.0, 'f1': 79.47, 'ndev': 4076, 'ntest': 1725}"
allmpnet,AVG-NS_SUM-6-12,"torch.Size([61, 768])",NORMAL,4,0,12,"{'devacc': np.float64(85.83), 'acc': np.float64(85.83), 'ndev': 10662, 'ntest': 10662}","{'devacc': np.float64(89.25), 'acc': np.float64(89.54), 'ndev': 3775, 'ntest': 3775}","{'devacc': np.float64(95.59), 'acc': np.float64(95.65), 'ndev': 10000, 'ntest': 10000}","{'devacc': np.float64(89.3), 'acc': np.float64(89.7), 'ndev': 10606, 'ntest': 10606}","{'devacc': np.float64(90.48), 'acc': 91.16, 'ndev': 872, 'ntest': 1821}","{'devacc': np.float64(85.6), 'acc': 92.4, 'ndev': 5452, 'ntest': 500}","{'devacc': np.float64(72.57), 'acc': 71.48, 'f1': 79.13, 'ndev': 4076, 'ntest': 1725}"
allmpnet,SUM-NS_SUM-6-12,"torch.Size([61, 768])",NORMAL,4,0,12,"{'devacc': np.float64(84.84), 'acc': np.float64(85.0), 'ndev': 10662, 'ntest': 10662}","{'devacc': np.float64(87.33), 'acc': np.float64(87.52), 'ndev': 3775, 'ntest': 3775}","{'devacc': np.float64(94.3), 'acc': np.float64(94.43), 'ndev': 10000, 'ntest': 10000}","{'devacc': np.float64(88.51), 'acc': np.float64(88.91), 'ndev': 10606, 'ntest': 10606}","{'devacc': np.float64(89.79), 'acc': 90.33, 'ndev': 872, 'ntest': 1821}","{'devacc': np.float64(84.61), 'acc': 90.6, 'ndev': 5452, 'ntest': 500}","{'devacc': np.float64(69.63), 'acc': 70.55, 'f1': 79.13, 'ndev': 4076, 'ntest': 1725}"
allmpnet,MAX-NS_SUM-6-12,"torch.Size([61, 768])",NORMAL,4,0,12,"{'devacc': np.float64(83.88), 'acc': np.float64(84.23), 'ndev': 10662, 'ntest': 10662}","{'devacc': np.float64(63.65), 'acc': np.float64(65.93), 'ndev': 3775, 'ntest': 3775}","{'devacc': np.float64(92.98), 'acc': np.float64(93.06), 'ndev': 10000, 'ntest': 10000}","{'devacc': np.float64(35.45), 'acc': np.float64(35.5), 'ndev': 10606, 'ntest': 10606}","{'devacc': np.float64(49.08), 'acc': 50.08, 'ndev': 872, 'ntest': 1821}","{'devacc': np.float64(82.85), 'acc': 89.8, 'ndev': 5452, 'ntest': 500}","{'devacc': np.float64(71.61), 'acc': 71.25, 'f1': 78.93, 'ndev': 4076, 'ntest': 1725}"
allmpnet,CLS_SUM-1-8,"torch.Size([61, 768])",NORMAL,4,0,12,"{'devacc': np.float64(84.48), 'acc': np.float64(84.79), 'ndev': 10662, 'ntest': 10662}","{'devacc': np.float64(90.35), 'acc': np.float64(90.25), 'ndev': 3775, 'ntest': 3775}","{'devacc': np.float64(95.73), 'acc': np.float64(95.88), 'ndev': 10000, 'ntest': 10000}","{'devacc': np.float64(89.08), 'acc': np.float64(89.1), 'ndev': 10606, 'ntest': 10606}","{'devacc': np.float64(87.39), 'acc': 88.63, 'ndev': 872, 'ntest': 1821}","{'devacc': np.float64(67.43), 'acc': 73.0, 'ndev': 5452, 'ntest': 500}","{'devacc': np.float64(70.26), 'acc': 69.62, 'f1': 79.29, 'ndev': 4076, 'ntest': 1725}"
allmpnet,AVG_SUM-1-8,"torch.Size([61, 768])",NORMAL,4,0,12,"{'devacc': np.float64(85.27), 'acc': np.float64(85.31), 'ndev': 10662, 'ntest': 10662}","{'devacc': np.float64(90.0), 'acc': np.float64(90.12), 'ndev': 3775, 'ntest': 3775}","{'devacc': np.float64(95.8), 'acc': np.float64(95.98), 'ndev': 10000, 'ntest': 10000}","{'devacc': np.float64(90.33), 'acc': np.float64(90.52), 'ndev': 10606, 'ntest': 10606}","{'devacc': np.float64(90.02), 'acc': 90.66, 'ndev': 872, 'ntest': 1821}","{'devacc': np.float64(87.97), 'acc': 93.2, 'ndev': 5452, 'ntest': 500}","{'devacc': np.float64(74.04), 'acc': 72.99, 'f1': 80.25, 'ndev': 4076, 'ntest': 1725}"
allmpnet,SUM_SUM-1-8,"torch.Size([61, 768])",NORMAL,4,0,12,"{'devacc': np.float64(84.43), 'acc': np.float64(84.61), 'ndev': 10662, 'ntest': 10662}","{'devacc': np.float64(87.56), 'acc': np.float64(87.76), 'ndev': 3775, 'ntest': 3775}","{'devacc': np.float64(94.4), 'acc': np.float64(94.58), 'ndev': 10000, 'ntest': 10000}","{'devacc': np.float64(89.41), 'acc': np.float64(89.64), 'ndev': 10606, 'ntest': 10606}","{'devacc': np.float64(90.02), 'acc': 90.33, 'ndev': 872, 'ntest': 1821}","{'devacc': np.float64(86.85), 'acc': 93.6, 'ndev': 5452, 'ntest': 500}","{'devacc': np.float64(69.46), 'acc': 68.35, 'f1': 77.42, 'ndev': 4076, 'ntest': 1725}"
allmpnet,MAX_SUM-1-8,"torch.Size([61, 768])",NORMAL,4,0,12,"{'devacc': np.float64(82.27), 'acc': np.float64(82.43), 'ndev': 10662, 'ntest': 10662}","{'devacc': np.float64(85.84), 'acc': np.float64(85.46), 'ndev': 3775, 'ntest': 3775}","{'devacc': np.float64(93.18), 'acc': np.float64(93.21), 'ndev': 10000, 'ntest': 10000}","{'devacc': np.float64(88.82), 'acc': np.float64(88.92), 'ndev': 10606, 'ntest': 10606}","{'devacc': np.float64(87.16), 'acc': 87.53, 'ndev': 872, 'ntest': 1821}","{'devacc': np.float64(86.89), 'acc': 91.6, 'ndev': 5452, 'ntest': 500}","{'devacc': np.float64(71.49), 'acc': 71.77, 'f1': 79.2, 'ndev': 4076, 'ntest': 1725}"
allmpnet,AVG-NS_SUM-1-8,"torch.Size([61, 768])",NORMAL,4,0,12,"{'devacc': np.float64(83.92), 'acc': np.float64(83.98), 'ndev': 10662, 'ntest': 10662}","{'devacc': np.float64(87.94), 'acc': np.float64(88.13), 'ndev': 3775, 'ntest': 3775}","{'devacc': np.float64(95.38), 'acc': np.float64(95.58), 'ndev': 10000, 'ntest': 10000}","{'devacc': np.float64(88.98), 'acc': np.float64(89.02), 'ndev': 10606, 'ntest': 10606}","{'devacc': np.float64(88.53), 'acc': 89.51, 'ndev': 872, 'ntest': 1821}","{'devacc': np.float64(83.09), 'acc': 89.4, 'ndev': 5452, 'ntest': 500}","{'devacc': np.float64(71.05), 'acc': 70.43, 'f1': 78.3, 'ndev': 4076, 'ntest': 1725}"
allmpnet,SUM-NS_SUM-1-8,"torch.Size([61, 768])",NORMAL,4,0,12,"{'devacc': np.float64(83.31), 'acc': np.float64(83.55), 'ndev': 10662, 'ntest': 10662}","{'devacc': np.float64(85.58), 'acc': np.float64(85.51), 'ndev': 3775, 'ntest': 3775}","{'devacc': np.float64(93.9), 'acc': np.float64(94.09), 'ndev': 10000, 'ntest': 10000}","{'devacc': np.float64(88.26), 'acc': np.float64(88.62), 'ndev': 10606, 'ntest': 10606}","{'devacc': np.float64(88.19), 'acc': 88.14, 'ndev': 872, 'ntest': 1821}","{'devacc': np.float64(82.01), 'acc': 88.0, 'ndev': 5452, 'ntest': 500}","{'devacc': np.float64(69.36), 'acc': 67.83, 'f1': 77.15, 'ndev': 4076, 'ntest': 1725}"
allmpnet,MAX-NS_SUM-1-8,"torch.Size([61, 768])",NORMAL,4,0,12,"{'devacc': np.float64(81.04), 'acc': np.float64(81.15), 'ndev': 10662, 'ntest': 10662}","{'devacc': np.float64(68.58), 'acc': np.float64(65.69), 'ndev': 3775, 'ntest': 3775}","{'devacc': np.float64(92.58), 'acc': np.float64(92.68), 'ndev': 10000, 'ntest': 10000}","{'devacc': np.float64(35.45), 'acc': np.float64(35.5), 'ndev': 10606, 'ntest': 10606}","{'devacc': np.float64(49.08), 'acc': 50.08, 'ndev': 872, 'ntest': 1821}","{'devacc': np.float64(80.12), 'acc': 87.8, 'ndev': 5452, 'ntest': 500}","{'devacc': np.float64(71.32), 'acc': 70.9, 'f1': 78.75, 'ndev': 4076, 'ntest': 1725}"
allmpnet,CLS_SUM-2-9,"torch.Size([61, 768])",NORMAL,4,0,12,"{'devacc': np.float64(84.48), 'acc': np.float64(84.58), 'ndev': 10662, 'ntest': 10662}","{'devacc': np.float64(90.29), 'acc': np.float64(90.25), 'ndev': 3775, 'ntest': 3775}","{'devacc': np.float64(95.71), 'acc': np.float64(95.64), 'ndev': 10000, 'ntest': 10000}","{'devacc': np.float64(89.1), 'acc': np.float64(89.11), 'ndev': 10606, 'ntest': 10606}","{'devacc': np.float64(86.58), 'acc': 88.03, 'ndev': 872, 'ntest': 1821}","{'devacc': np.float64(67.96), 'acc': 74.2, 'ndev': 5452, 'ntest': 500}","{'devacc': np.float64(69.82), 'acc': 69.45, 'f1': 79.05, 'ndev': 4076, 'ntest': 1725}"
allmpnet,AVG_SUM-2-9,"torch.Size([61, 768])",NORMAL,4,0,12,"{'devacc': np.float64(85.54), 'acc': np.float64(85.58), 'ndev': 10662, 'ntest': 10662}","{'devacc': np.float64(89.97), 'acc': np.float64(90.23), 'ndev': 3775, 'ntest': 3775}","{'devacc': np.float64(95.85), 'acc': np.float64(96.0), 'ndev': 10000, 'ntest': 10000}","{'devacc': np.float64(90.45), 'acc': np.float64(90.58), 'ndev': 10606, 'ntest': 10606}","{'devacc': np.float64(89.79), 'acc': 90.77, 'ndev': 872, 'ntest': 1821}","{'devacc': np.float64(88.88), 'acc': 94.6, 'ndev': 5452, 'ntest': 500}","{'devacc': np.float64(74.58), 'acc': 73.33, 'f1': 80.27, 'ndev': 4076, 'ntest': 1725}"
allmpnet,SUM_SUM-2-9,"torch.Size([61, 768])",NORMAL,4,0,12,"{'devacc': np.float64(84.96), 'acc': np.float64(84.89), 'ndev': 10662, 'ntest': 10662}","{'devacc': np.float64(87.84), 'acc': np.float64(88.26), 'ndev': 3775, 'ntest': 3775}","{'devacc': np.float64(94.56), 'acc': np.float64(94.85), 'ndev': 10000, 'ntest': 10000}","{'devacc': np.float64(89.44), 'acc': np.float64(89.59), 'ndev': 10606, 'ntest': 10606}","{'devacc': np.float64(90.25), 'acc': 90.55, 'ndev': 872, 'ntest': 1821}","{'devacc': np.float64(87.73), 'acc': 94.6, 'ndev': 5452, 'ntest': 500}","{'devacc': np.float64(69.24), 'acc': 67.59, 'f1': 76.64, 'ndev': 4076, 'ntest': 1725}"
allmpnet,MAX_SUM-2-9,"torch.Size([61, 768])",NORMAL,4,0,12,"{'devacc': np.float64(83.26), 'acc': np.float64(83.49), 'ndev': 10662, 'ntest': 10662}","{'devacc': np.float64(86.36), 'acc': np.float64(86.12), 'ndev': 3775, 'ntest': 3775}","{'devacc': np.float64(93.3), 'acc': np.float64(93.83), 'ndev': 10000, 'ntest': 10000}","{'devacc': np.float64(88.95), 'acc': np.float64(89.16), 'ndev': 10606, 'ntest': 10606}","{'devacc': np.float64(87.61), 'acc': 88.69, 'ndev': 872, 'ntest': 1821}","{'devacc': np.float64(87.36), 'acc': 92.4, 'ndev': 5452, 'ntest': 500}","{'devacc': np.float64(71.66), 'acc': 70.61, 'f1': 78.49, 'ndev': 4076, 'ntest': 1725}"
allmpnet,AVG-NS_SUM-2-9,"torch.Size([61, 768])",NORMAL,4,0,12,"{'devacc': np.float64(84.52), 'acc': np.float64(84.53), 'ndev': 10662, 'ntest': 10662}","{'devacc': np.float64(88.42), 'acc': np.float64(88.56), 'ndev': 3775, 'ntest': 3775}","{'devacc': np.float64(95.44), 'acc': np.float64(95.6), 'ndev': 10000, 'ntest': 10000}","{'devacc': np.float64(89.25), 'acc': np.float64(89.6), 'ndev': 10606, 'ntest': 10606}","{'devacc': np.float64(88.53), 'acc': 90.83, 'ndev': 872, 'ntest': 1821}","{'devacc': np.float64(84.26), 'acc': 90.4, 'ndev': 5452, 'ntest': 500}","{'devacc': np.float64(71.64), 'acc': 70.49, 'f1': 78.29, 'ndev': 4076, 'ntest': 1725}"
allmpnet,SUM-NS_SUM-2-9,"torch.Size([61, 768])",NORMAL,4,0,12,"{'devacc': np.float64(83.82), 'acc': np.float64(84.05), 'ndev': 10662, 'ntest': 10662}","{'devacc': np.float64(86.26), 'acc': np.float64(86.25), 'ndev': 3775, 'ntest': 3775}","{'devacc': np.float64(94.13), 'acc': np.float64(94.17), 'ndev': 10000, 'ntest': 10000}","{'devacc': np.float64(88.47), 'acc': np.float64(88.71), 'ndev': 10606, 'ntest': 10606}","{'devacc': np.float64(88.76), 'acc': 89.46, 'ndev': 872, 'ntest': 1821}","{'devacc': np.float64(82.81), 'acc': 90.0, 'ndev': 5452, 'ntest': 500}","{'devacc': np.float64(69.01), 'acc': 68.87, 'f1': 78.22, 'ndev': 4076, 'ntest': 1725}"
allmpnet,MAX-NS_SUM-2-9,"torch.Size([61, 768])",NORMAL,4,0,12,"{'devacc': np.float64(82.38), 'acc': np.float64(82.73), 'ndev': 10662, 'ntest': 10662}","{'devacc': np.float64(67.87), 'acc': np.float64(65.8), 'ndev': 3775, 'ntest': 3775}","{'devacc': np.float64(92.73), 'acc': np.float64(93.08), 'ndev': 10000, 'ntest': 10000}","{'devacc': np.float64(35.45), 'acc': np.float64(35.5), 'ndev': 10606, 'ntest': 10606}","{'devacc': np.float64(49.08), 'acc': 50.08, 'ndev': 872, 'ntest': 1821}","{'devacc': np.float64(81.07), 'acc': 87.6, 'ndev': 5452, 'ntest': 500}","{'devacc': np.float64(71.88), 'acc': 70.14, 'f1': 78.24, 'ndev': 4076, 'ntest': 1725}"
allmpnet,CLS_SUM-3-10,"torch.Size([61, 768])",NORMAL,4,0,12,"{'devacc': np.float64(84.52), 'acc': np.float64(84.5), 'ndev': 10662, 'ntest': 10662}","{'devacc': np.float64(90.34), 'acc': np.float64(90.28), 'ndev': 3775, 'ntest': 3775}","{'devacc': np.float64(95.7), 'acc': np.float64(95.73), 'ndev': 10000, 'ntest': 10000}","{'devacc': np.float64(89.16), 'acc': np.float64(89.16), 'ndev': 10606, 'ntest': 10606}","{'devacc': np.float64(86.7), 'acc': 88.08, 'ndev': 872, 'ntest': 1821}","{'devacc': np.float64(69.18), 'acc': 73.6, 'ndev': 5452, 'ntest': 500}","{'devacc': np.float64(70.09), 'acc': 69.39, 'f1': 79.26, 'ndev': 4076, 'ntest': 1725}"
allmpnet,AVG_SUM-3-10,"torch.Size([61, 768])",NORMAL,4,0,12,"{'devacc': np.float64(85.86), 'acc': np.float64(86.04), 'ndev': 10662, 'ntest': 10662}","{'devacc': np.float64(90.03), 'acc': np.float64(90.2), 'ndev': 3775, 'ntest': 3775}","{'devacc': np.float64(95.79), 'acc': np.float64(95.9), 'ndev': 10000, 'ntest': 10000}","{'devacc': np.float64(90.34), 'acc': np.float64(90.62), 'ndev': 10606, 'ntest': 10606}","{'devacc': np.float64(89.56), 'acc': 91.27, 'ndev': 872, 'ntest': 1821}","{'devacc': np.float64(89.69), 'acc': 95.4, 'ndev': 5452, 'ntest': 500}","{'devacc': np.float64(74.73), 'acc': 73.62, 'f1': 80.4, 'ndev': 4076, 'ntest': 1725}"
allmpnet,SUM_SUM-3-10,"torch.Size([61, 768])",NORMAL,4,0,12,"{'devacc': np.float64(85.3), 'acc': np.float64(85.53), 'ndev': 10662, 'ntest': 10662}","{'devacc': np.float64(88.09), 'acc': np.float64(87.92), 'ndev': 3775, 'ntest': 3775}","{'devacc': np.float64(94.59), 'acc': np.float64(94.72), 'ndev': 10000, 'ntest': 10000}","{'devacc': np.float64(89.4), 'acc': np.float64(89.62), 'ndev': 10606, 'ntest': 10606}","{'devacc': np.float64(90.02), 'acc': 90.61, 'ndev': 872, 'ntest': 1821}","{'devacc': np.float64(88.39), 'acc': 94.2, 'ndev': 5452, 'ntest': 500}","{'devacc': np.float64(69.16), 'acc': 66.9, 'f1': 76.16, 'ndev': 4076, 'ntest': 1725}"
allmpnet,MAX_SUM-3-10,"torch.Size([61, 768])",NORMAL,4,0,12,"{'devacc': np.float64(83.93), 'acc': np.float64(83.88), 'ndev': 10662, 'ntest': 10662}","{'devacc': np.float64(86.7), 'acc': np.float64(86.44), 'ndev': 3775, 'ntest': 3775}","{'devacc': np.float64(93.48), 'acc': np.float64(93.71), 'ndev': 10000, 'ntest': 10000}","{'devacc': np.float64(88.94), 'acc': np.float64(89.2), 'ndev': 10606, 'ntest': 10606}","{'devacc': np.float64(88.65), 'acc': 89.84, 'ndev': 872, 'ntest': 1821}","{'devacc': np.float64(87.84), 'acc': 92.6, 'ndev': 5452, 'ntest': 500}","{'devacc': np.float64(72.18), 'acc': 71.42, 'f1': 78.89, 'ndev': 4076, 'ntest': 1725}"
allmpnet,AVG-NS_SUM-3-10,"torch.Size([61, 768])",NORMAL,4,0,12,"{'devacc': np.float64(84.99), 'acc': np.float64(85.21), 'ndev': 10662, 'ntest': 10662}","{'devacc': np.float64(88.61), 'acc': np.float64(88.82), 'ndev': 3775, 'ntest': 3775}","{'devacc': np.float64(95.43), 'acc': np.float64(95.59), 'ndev': 10000, 'ntest': 10000}","{'devacc': np.float64(89.33), 'acc': np.float64(89.41), 'ndev': 10606, 'ntest': 10606}","{'devacc': np.float64(89.68), 'acc': 91.27, 'ndev': 872, 'ntest': 1821}","{'devacc': np.float64(85.03), 'acc': 91.8, 'ndev': 5452, 'ntest': 500}","{'devacc': np.float64(72.13), 'acc': 69.8, 'f1': 77.91, 'ndev': 4076, 'ntest': 1725}"
allmpnet,SUM-NS_SUM-3-10,"torch.Size([61, 768])",NORMAL,4,0,12,"{'devacc': np.float64(84.41), 'acc': np.float64(84.57), 'ndev': 10662, 'ntest': 10662}","{'devacc': np.float64(86.92), 'acc': np.float64(86.7), 'ndev': 3775, 'ntest': 3775}","{'devacc': np.float64(94.18), 'acc': np.float64(94.24), 'ndev': 10000, 'ntest': 10000}","{'devacc': np.float64(88.62), 'acc': np.float64(88.94), 'ndev': 10606, 'ntest': 10606}","{'devacc': np.float64(89.33), 'acc': 89.79, 'ndev': 872, 'ntest': 1821}","{'devacc': np.float64(83.88), 'acc': 90.2, 'ndev': 5452, 'ntest': 500}","{'devacc': np.float64(69.04), 'acc': 66.26, 'f1': 75.46, 'ndev': 4076, 'ntest': 1725}"
allmpnet,MAX-NS_SUM-3-10,"torch.Size([61, 768])",NORMAL,4,0,12,"{'devacc': np.float64(82.9), 'acc': np.float64(83.2), 'ndev': 10662, 'ntest': 10662}","{'devacc': np.float64(68.09), 'acc': np.float64(65.75), 'ndev': 3775, 'ntest': 3775}","{'devacc': np.float64(92.84), 'acc': np.float64(93.09), 'ndev': 10000, 'ntest': 10000}","{'devacc': np.float64(35.82), 'acc': np.float64(35.5), 'ndev': 10606, 'ntest': 10606}","{'devacc': np.float64(49.08), 'acc': 50.08, 'ndev': 872, 'ntest': 1821}","{'devacc': np.float64(81.86), 'acc': 89.8, 'ndev': 5452, 'ntest': 500}","{'devacc': np.float64(71.88), 'acc': 71.54, 'f1': 79.38, 'ndev': 4076, 'ntest': 1725}"
allmpnet,CLS_SUM-4-11,"torch.Size([61, 768])",NORMAL,4,0,12,"{'devacc': np.float64(84.43), 'acc': np.float64(84.64), 'ndev': 10662, 'ntest': 10662}","{'devacc': np.float64(90.3), 'acc': np.float64(90.2), 'ndev': 3775, 'ntest': 3775}","{'devacc': np.float64(95.74), 'acc': np.float64(95.74), 'ndev': 10000, 'ntest': 10000}","{'devacc': np.float64(89.12), 'acc': np.float64(89.17), 'ndev': 10606, 'ntest': 10606}","{'devacc': np.float64(86.35), 'acc': 87.48, 'ndev': 872, 'ntest': 1821}","{'devacc': np.float64(74.76), 'acc': 83.8, 'ndev': 5452, 'ntest': 500}","{'devacc': np.float64(69.95), 'acc': 69.04, 'f1': 79.03, 'ndev': 4076, 'ntest': 1725}"
allmpnet,AVG_SUM-4-11,"torch.Size([61, 768])",NORMAL,4,0,12,"{'devacc': np.float64(86.04), 'acc': np.float64(86.0), 'ndev': 10662, 'ntest': 10662}","{'devacc': np.float64(90.23), 'acc': np.float64(90.33), 'ndev': 3775, 'ntest': 3775}","{'devacc': np.float64(95.78), 'acc': np.float64(95.86), 'ndev': 10000, 'ntest': 10000}","{'devacc': np.float64(90.22), 'acc': np.float64(90.41), 'ndev': 10606, 'ntest': 10606}","{'devacc': np.float64(89.33), 'acc': 91.71, 'ndev': 872, 'ntest': 1821}","{'devacc': np.float64(89.95), 'acc': 95.0, 'ndev': 5452, 'ntest': 500}","{'devacc': np.float64(75.1), 'acc': 74.38, 'f1': 80.96, 'ndev': 4076, 'ntest': 1725}"
allmpnet,SUM_SUM-4-11,"torch.Size([61, 768])",NORMAL,4,0,12,"{'devacc': np.float64(85.35), 'acc': np.float64(85.65), 'ndev': 10662, 'ntest': 10662}","{'devacc': np.float64(88.54), 'acc': np.float64(88.24), 'ndev': 3775, 'ntest': 3775}","{'devacc': np.float64(94.54), 'acc': np.float64(94.74), 'ndev': 10000, 'ntest': 10000}","{'devacc': np.float64(89.32), 'acc': np.float64(89.72), 'ndev': 10606, 'ntest': 10606}","{'devacc': np.float64(89.79), 'acc': 90.72, 'ndev': 872, 'ntest': 1821}","{'devacc': np.float64(89.14), 'acc': 94.2, 'ndev': 5452, 'ntest': 500}","{'devacc': np.float64(69.82), 'acc': 68.06, 'f1': 77.26, 'ndev': 4076, 'ntest': 1725}"
allmpnet,MAX_SUM-4-11,"torch.Size([61, 768])",NORMAL,4,0,12,"{'devacc': np.float64(84.21), 'acc': np.float64(84.19), 'ndev': 10662, 'ntest': 10662}","{'devacc': np.float64(86.77), 'acc': np.float64(87.47), 'ndev': 3775, 'ntest': 3775}","{'devacc': np.float64(93.56), 'acc': np.float64(93.74), 'ndev': 10000, 'ntest': 10000}","{'devacc': np.float64(89.11), 'acc': np.float64(89.24), 'ndev': 10606, 'ntest': 10606}","{'devacc': np.float64(88.65), 'acc': 89.68, 'ndev': 872, 'ntest': 1821}","{'devacc': np.float64(88.0), 'acc': 93.6, 'ndev': 5452, 'ntest': 500}","{'devacc': np.float64(73.06), 'acc': 70.61, 'f1': 78.47, 'ndev': 4076, 'ntest': 1725}"
allmpnet,AVG-NS_SUM-4-11,"torch.Size([61, 768])",NORMAL,4,0,12,"{'devacc': np.float64(85.35), 'acc': np.float64(85.51), 'ndev': 10662, 'ntest': 10662}","{'devacc': np.float64(88.86), 'acc': np.float64(88.82), 'ndev': 3775, 'ntest': 3775}","{'devacc': np.float64(95.49), 'acc': np.float64(95.69), 'ndev': 10000, 'ntest': 10000}","{'devacc': np.float64(89.2), 'acc': np.float64(89.65), 'ndev': 10606, 'ntest': 10606}","{'devacc': np.float64(89.91), 'acc': 91.38, 'ndev': 872, 'ntest': 1821}","{'devacc': np.float64(84.72), 'acc': 91.4, 'ndev': 5452, 'ntest': 500}","{'devacc': np.float64(72.32), 'acc': 71.01, 'f1': 78.67, 'ndev': 4076, 'ntest': 1725}"
allmpnet,SUM-NS_SUM-4-11,"torch.Size([61, 768])",NORMAL,4,0,12,"{'devacc': np.float64(84.71), 'acc': np.float64(84.86), 'ndev': 10662, 'ntest': 10662}","{'devacc': np.float64(87.2), 'acc': np.float64(86.94), 'ndev': 3775, 'ntest': 3775}","{'devacc': np.float64(94.28), 'acc': np.float64(94.61), 'ndev': 10000, 'ntest': 10000}","{'devacc': np.float64(88.6), 'acc': np.float64(88.84), 'ndev': 10606, 'ntest': 10606}","{'devacc': np.float64(89.91), 'acc': 90.01, 'ndev': 872, 'ntest': 1821}","{'devacc': np.float64(84.01), 'acc': 91.2, 'ndev': 5452, 'ntest': 500}","{'devacc': np.float64(68.79), 'acc': 68.46, 'f1': 77.54, 'ndev': 4076, 'ntest': 1725}"
allmpnet,MAX-NS_SUM-4-11,"torch.Size([61, 768])",NORMAL,4,0,12,"{'devacc': np.float64(83.41), 'acc': np.float64(83.75), 'ndev': 10662, 'ntest': 10662}","{'devacc': np.float64(66.9), 'acc': np.float64(65.98), 'ndev': 3775, 'ntest': 3775}","{'devacc': np.float64(92.82), 'acc': np.float64(93.17), 'ndev': 10000, 'ntest': 10000}","{'devacc': np.float64(36.56), 'acc': np.float64(35.5), 'ndev': 10606, 'ntest': 10606}","{'devacc': np.float64(49.08), 'acc': 50.08, 'ndev': 872, 'ntest': 1821}","{'devacc': np.float64(82.47), 'acc': 90.0, 'ndev': 5452, 'ntest': 500}","{'devacc': np.float64(72.05), 'acc': 71.48, 'f1': 79.38, 'ndev': 4076, 'ntest': 1725}"
allmpnet,CLS_SUM-5-12,"torch.Size([61, 768])",NORMAL,4,0,12,"{'devacc': np.float64(85.5), 'acc': np.float64(85.84), 'ndev': 10662, 'ntest': 10662}","{'devacc': np.float64(90.85), 'acc': np.float64(91.07), 'ndev': 3775, 'ntest': 3775}","{'devacc': np.float64(95.94), 'acc': np.float64(96.04), 'ndev': 10000, 'ntest': 10000}","{'devacc': np.float64(89.6), 'acc': np.float64(89.73), 'ndev': 10606, 'ntest': 10606}","{'devacc': np.float64(88.99), 'acc': 89.95, 'ndev': 872, 'ntest': 1821}","{'devacc': np.float64(88.0), 'acc': 91.4, 'ndev': 5452, 'ntest': 500}","{'devacc': np.float64(70.68), 'acc': 70.84, 'f1': 79.76, 'ndev': 4076, 'ntest': 1725}"
allmpnet,AVG_SUM-5-12,"torch.Size([61, 768])",NORMAL,4,0,12,"{'devacc': np.float64(86.12), 'acc': np.float64(86.05), 'ndev': 10662, 'ntest': 10662}","{'devacc': np.float64(90.11), 'acc': np.float64(90.36), 'ndev': 3775, 'ntest': 3775}","{'devacc': np.float64(95.8), 'acc': np.float64(95.9), 'ndev': 10000, 'ntest': 10000}","{'devacc': np.float64(90.24), 'acc': np.float64(90.42), 'ndev': 10606, 'ntest': 10606}","{'devacc': np.float64(89.68), 'acc': 91.43, 'ndev': 872, 'ntest': 1821}","{'devacc': np.float64(90.11), 'acc': 95.4, 'ndev': 5452, 'ntest': 500}","{'devacc': np.float64(74.7), 'acc': 73.45, 'f1': 80.44, 'ndev': 4076, 'ntest': 1725}"
allmpnet,SUM_SUM-5-12,"torch.Size([61, 768])",NORMAL,4,0,12,"{'devacc': np.float64(85.24), 'acc': np.float64(85.38), 'ndev': 10662, 'ntest': 10662}","{'devacc': np.float64(88.44), 'acc': np.float64(88.32), 'ndev': 3775, 'ntest': 3775}","{'devacc': np.float64(94.49), 'acc': np.float64(94.65), 'ndev': 10000, 'ntest': 10000}","{'devacc': np.float64(89.22), 'acc': np.float64(89.62), 'ndev': 10606, 'ntest': 10606}","{'devacc': np.float64(88.99), 'acc': 91.21, 'ndev': 872, 'ntest': 1821}","{'devacc': np.float64(88.9), 'acc': 94.4, 'ndev': 5452, 'ntest': 500}","{'devacc': np.float64(70.07), 'acc': 69.1, 'f1': 77.93, 'ndev': 4076, 'ntest': 1725}"
allmpnet,MAX_SUM-5-12,"torch.Size([61, 768])",NORMAL,4,0,12,"{'devacc': np.float64(84.3), 'acc': np.float64(84.39), 'ndev': 10662, 'ntest': 10662}","{'devacc': np.float64(87.25), 'acc': np.float64(87.34), 'ndev': 3775, 'ntest': 3775}","{'devacc': np.float64(93.58), 'acc': np.float64(93.63), 'ndev': 10000, 'ntest': 10000}","{'devacc': np.float64(89.17), 'acc': np.float64(89.52), 'ndev': 10606, 'ntest': 10606}","{'devacc': np.float64(90.6), 'acc': 90.33, 'ndev': 872, 'ntest': 1821}","{'devacc': np.float64(88.33), 'acc': 93.6, 'ndev': 5452, 'ntest': 500}","{'devacc': np.float64(72.52), 'acc': 71.25, 'f1': 78.82, 'ndev': 4076, 'ntest': 1725}"
allmpnet,AVG-NS_SUM-5-12,"torch.Size([61, 768])",NORMAL,4,0,12,"{'devacc': np.float64(85.67), 'acc': np.float64(85.85), 'ndev': 10662, 'ntest': 10662}","{'devacc': np.float64(88.96), 'acc': np.float64(89.43), 'ndev': 3775, 'ntest': 3775}","{'devacc': np.float64(95.57), 'acc': np.float64(95.57), 'ndev': 10000, 'ntest': 10000}","{'devacc': np.float64(89.28), 'acc': np.float64(89.62), 'ndev': 10606, 'ntest': 10606}","{'devacc': np.float64(90.25), 'acc': 90.99, 'ndev': 872, 'ntest': 1821}","{'devacc': np.float64(85.53), 'acc': 91.8, 'ndev': 5452, 'ntest': 500}","{'devacc': np.float64(71.96), 'acc': 71.59, 'f1': 79.02, 'ndev': 4076, 'ntest': 1725}"
allmpnet,SUM-NS_SUM-5-12,"torch.Size([61, 768])",NORMAL,4,0,12,"{'devacc': np.float64(84.86), 'acc': np.float64(85.13), 'ndev': 10662, 'ntest': 10662}","{'devacc': np.float64(87.1), 'acc': np.float64(87.21), 'ndev': 3775, 'ntest': 3775}","{'devacc': np.float64(94.34), 'acc': np.float64(94.53), 'ndev': 10000, 'ntest': 10000}","{'devacc': np.float64(88.65), 'acc': np.float64(88.98), 'ndev': 10606, 'ntest': 10606}","{'devacc': np.float64(89.91), 'acc': 89.79, 'ndev': 872, 'ntest': 1821}","{'devacc': np.float64(84.46), 'acc': 91.2, 'ndev': 5452, 'ntest': 500}","{'devacc': np.float64(69.38), 'acc': 69.86, 'f1': 78.42, 'ndev': 4076, 'ntest': 1725}"
allmpnet,MAX-NS_SUM-5-12,"torch.Size([61, 768])",NORMAL,4,0,12,"{'devacc': np.float64(83.75), 'acc': np.float64(84.01), 'ndev': 10662, 'ntest': 10662}","{'devacc': np.float64(63.6), 'acc': np.float64(69.29), 'ndev': 3775, 'ntest': 3775}","{'devacc': np.float64(92.98), 'acc': np.float64(93.31), 'ndev': 10000, 'ntest': 10000}","{'devacc': np.float64(35.57), 'acc': np.float64(35.5), 'ndev': 10606, 'ntest': 10606}","{'devacc': np.float64(49.08), 'acc': 50.08, 'ndev': 872, 'ntest': 1821}","{'devacc': np.float64(82.76), 'acc': 90.0, 'ndev': 5452, 'ntest': 500}","{'devacc': np.float64(71.88), 'acc': 70.61, 'f1': 78.51, 'ndev': 4076, 'ntest': 1725}"
allmpnet,CLS_SUM-1-9,"torch.Size([61, 768])",NORMAL,4,0,12,"{'devacc': np.float64(84.54), 'acc': np.float64(84.28), 'ndev': 10662, 'ntest': 10662}","{'devacc': np.float64(90.39), 'acc': np.float64(90.23), 'ndev': 3775, 'ntest': 3775}","{'devacc': np.float64(95.73), 'acc': np.float64(95.79), 'ndev': 10000, 'ntest': 10000}","{'devacc': np.float64(89.03), 'acc': np.float64(89.09), 'ndev': 10606, 'ntest': 10606}","{'devacc': np.float64(87.27), 'acc': 88.52, 'ndev': 872, 'ntest': 1821}","{'devacc': np.float64(63.74), 'acc': 69.6, 'ndev': 5452, 'ntest': 500}","{'devacc': np.float64(70.19), 'acc': 69.33, 'f1': 79.1, 'ndev': 4076, 'ntest': 1725}"
allmpnet,AVG_SUM-1-9,"torch.Size([61, 768])",NORMAL,4,0,12,"{'devacc': np.float64(85.42), 'acc': np.float64(85.52), 'ndev': 10662, 'ntest': 10662}","{'devacc': np.float64(89.95), 'acc': np.float64(90.33), 'ndev': 3775, 'ntest': 3775}","{'devacc': np.float64(95.78), 'acc': np.float64(95.93), 'ndev': 10000, 'ntest': 10000}","{'devacc': np.float64(90.44), 'acc': np.float64(90.46), 'ndev': 10606, 'ntest': 10606}","{'devacc': np.float64(90.6), 'acc': 90.88, 'ndev': 872, 'ntest': 1821}","{'devacc': np.float64(88.63), 'acc': 93.8, 'ndev': 5452, 'ntest': 500}","{'devacc': np.float64(74.46), 'acc': 73.16, 'f1': 80.44, 'ndev': 4076, 'ntest': 1725}"
allmpnet,SUM_SUM-1-9,"torch.Size([61, 768])",NORMAL,4,0,12,"{'devacc': np.float64(84.76), 'acc': np.float64(84.82), 'ndev': 10662, 'ntest': 10662}","{'devacc': np.float64(87.8), 'acc': np.float64(88.42), 'ndev': 3775, 'ntest': 3775}","{'devacc': np.float64(94.55), 'acc': np.float64(94.83), 'ndev': 10000, 'ntest': 10000}","{'devacc': np.float64(89.54), 'acc': np.float64(89.49), 'ndev': 10606, 'ntest': 10606}","{'devacc': np.float64(90.94), 'acc': 90.17, 'ndev': 872, 'ntest': 1821}","{'devacc': np.float64(87.29), 'acc': 93.8, 'ndev': 5452, 'ntest': 500}","{'devacc': np.float64(69.19), 'acc': 67.25, 'f1': 76.59, 'ndev': 4076, 'ntest': 1725}"
allmpnet,MAX_SUM-1-9,"torch.Size([61, 768])",NORMAL,4,0,12,"{'devacc': np.float64(83.11), 'acc': np.float64(83.14), 'ndev': 10662, 'ntest': 10662}","{'devacc': np.float64(86.09), 'acc': np.float64(85.83), 'ndev': 3775, 'ntest': 3775}","{'devacc': np.float64(93.21), 'acc': np.float64(93.28), 'ndev': 10000, 'ntest': 10000}","{'devacc': np.float64(88.83), 'acc': np.float64(89.16), 'ndev': 10606, 'ntest': 10606}","{'devacc': np.float64(88.07), 'acc': 88.69, 'ndev': 872, 'ntest': 1821}","{'devacc': np.float64(87.23), 'acc': 93.2, 'ndev': 5452, 'ntest': 500}","{'devacc': np.float64(71.27), 'acc': 70.61, 'f1': 78.34, 'ndev': 4076, 'ntest': 1725}"
allmpnet,AVG-NS_SUM-1-9,"torch.Size([61, 768])",NORMAL,4,0,12,"{'devacc': np.float64(84.28), 'acc': np.float64(84.6), 'ndev': 10662, 'ntest': 10662}","{'devacc': np.float64(88.35), 'acc': np.float64(88.0), 'ndev': 3775, 'ntest': 3775}","{'devacc': np.float64(95.41), 'acc': np.float64(95.63), 'ndev': 10000, 'ntest': 10000}","{'devacc': np.float64(89.18), 'acc': np.float64(89.39), 'ndev': 10606, 'ntest': 10606}","{'devacc': np.float64(88.88), 'acc': 90.33, 'ndev': 872, 'ntest': 1821}","{'devacc': np.float64(83.62), 'acc': 89.8, 'ndev': 5452, 'ntest': 500}","{'devacc': np.float64(71.79), 'acc': 71.07, 'f1': 78.74, 'ndev': 4076, 'ntest': 1725}"
allmpnet,SUM-NS_SUM-1-9,"torch.Size([61, 768])",NORMAL,4,0,12,"{'devacc': np.float64(83.74), 'acc': np.float64(83.82), 'ndev': 10662, 'ntest': 10662}","{'devacc': np.float64(86.31), 'acc': np.float64(86.49), 'ndev': 3775, 'ntest': 3775}","{'devacc': np.float64(94.12), 'acc': np.float64(94.2), 'ndev': 10000, 'ntest': 10000}","{'devacc': np.float64(88.42), 'acc': np.float64(88.63), 'ndev': 10606, 'ntest': 10606}","{'devacc': np.float64(88.42), 'acc': 89.29, 'ndev': 872, 'ntest': 1821}","{'devacc': np.float64(82.54), 'acc': 89.4, 'ndev': 5452, 'ntest': 500}","{'devacc': np.float64(69.23), 'acc': 67.88, 'f1': 77.28, 'ndev': 4076, 'ntest': 1725}"
allmpnet,MAX-NS_SUM-1-9,"torch.Size([61, 768])",NORMAL,4,0,12,"{'devacc': np.float64(82.03), 'acc': np.float64(82.32), 'ndev': 10662, 'ntest': 10662}","{'devacc': np.float64(67.02), 'acc': np.float64(65.83), 'ndev': 3775, 'ntest': 3775}","{'devacc': np.float64(92.66), 'acc': np.float64(92.77), 'ndev': 10000, 'ntest': 10000}","{'devacc': np.float64(35.82), 'acc': np.float64(35.5), 'ndev': 10606, 'ntest': 10606}","{'devacc': np.float64(49.08), 'acc': 50.08, 'ndev': 872, 'ntest': 1821}","{'devacc': np.float64(80.34), 'acc': 90.0, 'ndev': 5452, 'ntest': 500}","{'devacc': np.float64(71.37), 'acc': 70.43, 'f1': 78.24, 'ndev': 4076, 'ntest': 1725}"
allmpnet,CLS_SUM-2-10,"torch.Size([61, 768])",NORMAL,4,0,12,"{'devacc': np.float64(84.49), 'acc': np.float64(84.56), 'ndev': 10662, 'ntest': 10662}","{'devacc': np.float64(90.38), 'acc': np.float64(90.36), 'ndev': 3775, 'ntest': 3775}","{'devacc': np.float64(95.69), 'acc': np.float64(95.81), 'ndev': 10000, 'ntest': 10000}","{'devacc': np.float64(89.05), 'acc': np.float64(88.97), 'ndev': 10606, 'ntest': 10606}","{'devacc': np.float64(86.93), 'acc': 88.3, 'ndev': 872, 'ntest': 1821}","{'devacc': np.float64(65.4), 'acc': 68.0, 'ndev': 5452, 'ntest': 500}","{'devacc': np.float64(69.95), 'acc': 70.43, 'f1': 80.34, 'ndev': 4076, 'ntest': 1725}"
allmpnet,AVG_SUM-2-10,"torch.Size([61, 768])",NORMAL,4,0,12,"{'devacc': np.float64(85.67), 'acc': np.float64(85.8), 'ndev': 10662, 'ntest': 10662}","{'devacc': np.float64(89.86), 'acc': np.float64(90.28), 'ndev': 3775, 'ntest': 3775}","{'devacc': np.float64(95.78), 'acc': np.float64(95.92), 'ndev': 10000, 'ntest': 10000}","{'devacc': np.float64(90.37), 'acc': np.float64(90.54), 'ndev': 10606, 'ntest': 10606}","{'devacc': np.float64(90.02), 'acc': 91.27, 'ndev': 872, 'ntest': 1821}","{'devacc': np.float64(89.36), 'acc': 94.8, 'ndev': 5452, 'ntest': 500}","{'devacc': np.float64(74.22), 'acc': 73.57, 'f1': 80.55, 'ndev': 4076, 'ntest': 1725}"
allmpnet,SUM_SUM-2-10,"torch.Size([61, 768])",NORMAL,4,0,12,"{'devacc': np.float64(85.1), 'acc': np.float64(85.01), 'ndev': 10662, 'ntest': 10662}","{'devacc': np.float64(88.04), 'acc': np.float64(88.0), 'ndev': 3775, 'ntest': 3775}","{'devacc': np.float64(94.6), 'acc': np.float64(94.73), 'ndev': 10000, 'ntest': 10000}","{'devacc': np.float64(89.4), 'acc': np.float64(89.54), 'ndev': 10606, 'ntest': 10606}","{'devacc': np.float64(90.25), 'acc': 90.44, 'ndev': 872, 'ntest': 1821}","{'devacc': np.float64(88.54), 'acc': 94.2, 'ndev': 5452, 'ntest': 500}","{'devacc': np.float64(69.11), 'acc': 66.61, 'f1': 75.76, 'ndev': 4076, 'ntest': 1725}"
allmpnet,MAX_SUM-2-10,"torch.Size([61, 768])",NORMAL,4,0,12,"{'devacc': np.float64(83.88), 'acc': np.float64(84.02), 'ndev': 10662, 'ntest': 10662}","{'devacc': np.float64(86.32), 'acc': np.float64(86.3), 'ndev': 3775, 'ntest': 3775}","{'devacc': np.float64(93.4), 'acc': np.float64(93.74), 'ndev': 10000, 'ntest': 10000}","{'devacc': np.float64(89.01), 'acc': np.float64(89.37), 'ndev': 10606, 'ntest': 10606}","{'devacc': np.float64(88.53), 'acc': 89.35, 'ndev': 872, 'ntest': 1821}","{'devacc': np.float64(87.97), 'acc': 92.6, 'ndev': 5452, 'ntest': 500}","{'devacc': np.float64(71.49), 'acc': 70.84, 'f1': 78.48, 'ndev': 4076, 'ntest': 1725}"
allmpnet,AVG-NS_SUM-2-10,"torch.Size([61, 768])",NORMAL,4,0,12,"{'devacc': np.float64(84.8), 'acc': np.float64(84.91), 'ndev': 10662, 'ntest': 10662}","{'devacc': np.float64(88.42), 'acc': np.float64(88.4), 'ndev': 3775, 'ntest': 3775}","{'devacc': np.float64(95.46), 'acc': np.float64(95.56), 'ndev': 10000, 'ntest': 10000}","{'devacc': np.float64(89.31), 'acc': np.float64(89.53), 'ndev': 10606, 'ntest': 10606}","{'devacc': np.float64(89.22), 'acc': 91.05, 'ndev': 872, 'ntest': 1821}","{'devacc': np.float64(84.45), 'acc': 91.2, 'ndev': 5452, 'ntest': 500}","{'devacc': np.float64(72.01), 'acc': 70.78, 'f1': 78.73, 'ndev': 4076, 'ntest': 1725}"
allmpnet,SUM-NS_SUM-2-10,"torch.Size([61, 768])",NORMAL,4,0,12,"{'devacc': np.float64(84.17), 'acc': np.float64(84.22), 'ndev': 10662, 'ntest': 10662}","{'devacc': np.float64(86.68), 'acc': np.float64(86.52), 'ndev': 3775, 'ntest': 3775}","{'devacc': np.float64(94.19), 'acc': np.float64(94.3), 'ndev': 10000, 'ntest': 10000}","{'devacc': np.float64(88.54), 'acc': np.float64(88.72), 'ndev': 10606, 'ntest': 10606}","{'devacc': np.float64(89.68), 'acc': 90.06, 'ndev': 872, 'ntest': 1821}","{'devacc': np.float64(83.36), 'acc': 90.2, 'ndev': 5452, 'ntest': 500}","{'devacc': np.float64(69.04), 'acc': 66.9, 'f1': 75.84, 'ndev': 4076, 'ntest': 1725}"
allmpnet,MAX-NS_SUM-2-10,"torch.Size([61, 768])",NORMAL,4,0,12,"{'devacc': np.float64(82.85), 'acc': np.float64(83.02), 'ndev': 10662, 'ntest': 10662}","{'devacc': np.float64(66.37), 'acc': np.float64(65.77), 'ndev': 3775, 'ntest': 3775}","{'devacc': np.float64(92.7), 'acc': np.float64(93.14), 'ndev': 10000, 'ntest': 10000}","{'devacc': np.float64(36.93), 'acc': np.float64(35.5), 'ndev': 10606, 'ntest': 10606}","{'devacc': np.float64(49.08), 'acc': 50.08, 'ndev': 872, 'ntest': 1821}","{'devacc': np.float64(81.38), 'acc': 89.0, 'ndev': 5452, 'ntest': 500}","{'devacc': np.float64(71.39), 'acc': 71.48, 'f1': 79.08, 'ndev': 4076, 'ntest': 1725}"
allmpnet,CLS_SUM-3-11,"torch.Size([61, 768])",NORMAL,4,0,12,"{'devacc': np.float64(84.47), 'acc': np.float64(84.65), 'ndev': 10662, 'ntest': 10662}","{'devacc': np.float64(90.31), 'acc': np.float64(90.28), 'ndev': 3775, 'ntest': 3775}","{'devacc': np.float64(95.71), 'acc': np.float64(95.67), 'ndev': 10000, 'ntest': 10000}","{'devacc': np.float64(89.29), 'acc': np.float64(89.32), 'ndev': 10606, 'ntest': 10606}","{'devacc': np.float64(86.58), 'acc': 88.03, 'ndev': 872, 'ntest': 1821}","{'devacc': np.float64(73.07), 'acc': 80.2, 'ndev': 5452, 'ntest': 500}","{'devacc': np.float64(70.34), 'acc': 69.8, 'f1': 79.45, 'ndev': 4076, 'ntest': 1725}"
allmpnet,AVG_SUM-3-11,"torch.Size([61, 768])",NORMAL,4,0,12,"{'devacc': np.float64(85.96), 'acc': np.float64(86.08), 'ndev': 10662, 'ntest': 10662}","{'devacc': np.float64(90.03), 'acc': np.float64(90.12), 'ndev': 3775, 'ntest': 3775}","{'devacc': np.float64(95.74), 'acc': np.float64(95.91), 'ndev': 10000, 'ntest': 10000}","{'devacc': np.float64(90.25), 'acc': np.float64(90.52), 'ndev': 10606, 'ntest': 10606}","{'devacc': np.float64(89.45), 'acc': 91.49, 'ndev': 872, 'ntest': 1821}","{'devacc': np.float64(89.99), 'acc': 95.2, 'ndev': 5452, 'ntest': 500}","{'devacc': np.float64(74.93), 'acc': 73.51, 'f1': 80.33, 'ndev': 4076, 'ntest': 1725}"
allmpnet,SUM_SUM-3-11,"torch.Size([61, 768])",NORMAL,4,0,12,"{'devacc': np.float64(85.24), 'acc': np.float64(85.44), 'ndev': 10662, 'ntest': 10662}","{'devacc': np.float64(88.26), 'acc': np.float64(88.34), 'ndev': 3775, 'ntest': 3775}","{'devacc': np.float64(94.55), 'acc': np.float64(94.58), 'ndev': 10000, 'ntest': 10000}","{'devacc': np.float64(89.41), 'acc': np.float64(89.62), 'ndev': 10606, 'ntest': 10606}","{'devacc': np.float64(90.02), 'acc': 90.55, 'ndev': 872, 'ntest': 1821}","{'devacc': np.float64(89.23), 'acc': 93.8, 'ndev': 5452, 'ntest': 500}","{'devacc': np.float64(69.46), 'acc': 68.23, 'f1': 77.99, 'ndev': 4076, 'ntest': 1725}"
allmpnet,MAX_SUM-3-11,"torch.Size([61, 768])",NORMAL,4,0,12,"{'devacc': np.float64(84.23), 'acc': np.float64(84.24), 'ndev': 10662, 'ntest': 10662}","{'devacc': np.float64(86.5), 'acc': np.float64(86.49), 'ndev': 3775, 'ntest': 3775}","{'devacc': np.float64(93.49), 'acc': np.float64(93.8), 'ndev': 10000, 'ntest': 10000}","{'devacc': np.float64(89.06), 'acc': np.float64(89.28), 'ndev': 10606, 'ntest': 10606}","{'devacc': np.float64(88.88), 'acc': 89.57, 'ndev': 872, 'ntest': 1821}","{'devacc': np.float64(87.86), 'acc': 92.8, 'ndev': 5452, 'ntest': 500}","{'devacc': np.float64(71.71), 'acc': 70.9, 'f1': 78.73, 'ndev': 4076, 'ntest': 1725}"
allmpnet,AVG-NS_SUM-3-11,"torch.Size([61, 768])",NORMAL,4,0,12,"{'devacc': np.float64(85.16), 'acc': np.float64(85.34), 'ndev': 10662, 'ntest': 10662}","{'devacc': np.float64(88.57), 'acc': np.float64(88.53), 'ndev': 3775, 'ntest': 3775}","{'devacc': np.float64(95.4), 'acc': np.float64(95.57), 'ndev': 10000, 'ntest': 10000}","{'devacc': np.float64(89.27), 'acc': np.float64(89.45), 'ndev': 10606, 'ntest': 10606}","{'devacc': np.float64(89.79), 'acc': 91.27, 'ndev': 872, 'ntest': 1821}","{'devacc': np.float64(85.0), 'acc': 92.0, 'ndev': 5452, 'ntest': 500}","{'devacc': np.float64(72.3), 'acc': 70.38, 'f1': 78.34, 'ndev': 4076, 'ntest': 1725}"
allmpnet,SUM-NS_SUM-3-11,"torch.Size([61, 768])",NORMAL,4,0,12,"{'devacc': np.float64(84.58), 'acc': np.float64(84.85), 'ndev': 10662, 'ntest': 10662}","{'devacc': np.float64(87.02), 'acc': np.float64(86.67), 'ndev': 3775, 'ntest': 3775}","{'devacc': np.float64(94.19), 'acc': np.float64(94.4), 'ndev': 10000, 'ntest': 10000}","{'devacc': np.float64(88.64), 'acc': np.float64(88.92), 'ndev': 10606, 'ntest': 10606}","{'devacc': np.float64(90.02), 'acc': 89.95, 'ndev': 872, 'ntest': 1821}","{'devacc': np.float64(83.99), 'acc': 90.6, 'ndev': 5452, 'ntest': 500}","{'devacc': np.float64(69.01), 'acc': 68.41, 'f1': 77.53, 'ndev': 4076, 'ntest': 1725}"
allmpnet,MAX-NS_SUM-3-11,"torch.Size([61, 768])",NORMAL,4,0,12,"{'devacc': np.float64(83.14), 'acc': np.float64(83.24), 'ndev': 10662, 'ntest': 10662}","{'devacc': np.float64(68.29), 'acc': np.float64(65.72), 'ndev': 3775, 'ntest': 3775}","{'devacc': np.float64(92.82), 'acc': np.float64(92.92), 'ndev': 10000, 'ntest': 10000}","{'devacc': np.float64(37.29), 'acc': np.float64(35.5), 'ndev': 10606, 'ntest': 10606}","{'devacc': np.float64(49.08), 'acc': 50.08, 'ndev': 872, 'ntest': 1821}","{'devacc': np.float64(81.95), 'acc': 90.4, 'ndev': 5452, 'ntest': 500}","{'devacc': np.float64(71.47), 'acc': 71.42, 'f1': 79.15, 'ndev': 4076, 'ntest': 1725}"
allmpnet,CLS_SUM-4-12,"torch.Size([61, 768])",NORMAL,4,0,12,"{'devacc': np.float64(85.48), 'acc': np.float64(85.85), 'ndev': 10662, 'ntest': 10662}","{'devacc': np.float64(90.79), 'acc': np.float64(90.94), 'ndev': 3775, 'ntest': 3775}","{'devacc': np.float64(95.92), 'acc': np.float64(95.97), 'ndev': 10000, 'ntest': 10000}","{'devacc': np.float64(89.66), 'acc': np.float64(89.77), 'ndev': 10606, 'ntest': 10606}","{'devacc': np.float64(89.33), 'acc': 90.44, 'ndev': 872, 'ntest': 1821}","{'devacc': np.float64(87.77), 'acc': 91.2, 'ndev': 5452, 'ntest': 500}","{'devacc': np.float64(70.41), 'acc': 71.13, 'f1': 79.66, 'ndev': 4076, 'ntest': 1725}"
allmpnet,AVG_SUM-4-12,"torch.Size([61, 768])",NORMAL,4,0,12,"{'devacc': np.float64(86.08), 'acc': np.float64(86.03), 'ndev': 10662, 'ntest': 10662}","{'devacc': np.float64(90.06), 'acc': np.float64(90.25), 'ndev': 3775, 'ntest': 3775}","{'devacc': np.float64(95.73), 'acc': np.float64(95.84), 'ndev': 10000, 'ntest': 10000}","{'devacc': np.float64(90.19), 'acc': np.float64(90.3), 'ndev': 10606, 'ntest': 10606}","{'devacc': np.float64(89.68), 'acc': 91.54, 'ndev': 872, 'ntest': 1821}","{'devacc': np.float64(90.15), 'acc': 95.2, 'ndev': 5452, 'ntest': 500}","{'devacc': np.float64(74.85), 'acc': 74.38, 'f1': 81.18, 'ndev': 4076, 'ntest': 1725}"
allmpnet,SUM_SUM-4-12,"torch.Size([61, 768])",NORMAL,4,0,12,"{'devacc': np.float64(85.28), 'acc': np.float64(85.37), 'ndev': 10662, 'ntest': 10662}","{'devacc': np.float64(88.33), 'acc': np.float64(88.34), 'ndev': 3775, 'ntest': 3775}","{'devacc': np.float64(94.49), 'acc': np.float64(94.61), 'ndev': 10000, 'ntest': 10000}","{'devacc': np.float64(89.22), 'acc': np.float64(89.47), 'ndev': 10606, 'ntest': 10606}","{'devacc': np.float64(89.79), 'acc': 90.99, 'ndev': 872, 'ntest': 1821}","{'devacc': np.float64(89.18), 'acc': 94.4, 'ndev': 5452, 'ntest': 500}","{'devacc': np.float64(69.55), 'acc': 68.58, 'f1': 77.51, 'ndev': 4076, 'ntest': 1725}"
allmpnet,MAX_SUM-4-12,"torch.Size([61, 768])",NORMAL,4,0,12,"{'devacc': np.float64(84.36), 'acc': np.float64(84.42), 'ndev': 10662, 'ntest': 10662}","{'devacc': np.float64(86.65), 'acc': np.float64(87.13), 'ndev': 3775, 'ntest': 3775}","{'devacc': np.float64(93.62), 'acc': np.float64(93.68), 'ndev': 10000, 'ntest': 10000}","{'devacc': np.float64(89.09), 'acc': np.float64(89.21), 'ndev': 10606, 'ntest': 10606}","{'devacc': np.float64(89.56), 'acc': 89.73, 'ndev': 872, 'ntest': 1821}","{'devacc': np.float64(88.3), 'acc': 93.0, 'ndev': 5452, 'ntest': 500}","{'devacc': np.float64(72.69), 'acc': 71.36, 'f1': 79.21, 'ndev': 4076, 'ntest': 1725}"
allmpnet,AVG-NS_SUM-4-12,"torch.Size([61, 768])",NORMAL,4,0,12,"{'devacc': np.float64(85.49), 'acc': np.float64(85.61), 'ndev': 10662, 'ntest': 10662}","{'devacc': np.float64(88.78), 'acc': np.float64(89.17), 'ndev': 3775, 'ntest': 3775}","{'devacc': np.float64(95.49), 'acc': np.float64(95.6), 'ndev': 10000, 'ntest': 10000}","{'devacc': np.float64(89.23), 'acc': np.float64(89.62), 'ndev': 10606, 'ntest': 10606}","{'devacc': np.float64(90.37), 'acc': 91.54, 'ndev': 872, 'ntest': 1821}","{'devacc': np.float64(85.18), 'acc': 91.6, 'ndev': 5452, 'ntest': 500}","{'devacc': np.float64(72.13), 'acc': 71.88, 'f1': 79.25, 'ndev': 4076, 'ntest': 1725}"
allmpnet,SUM-NS_SUM-4-12,"torch.Size([61, 768])",NORMAL,4,0,12,"{'devacc': np.float64(84.86), 'acc': np.float64(85.03), 'ndev': 10662, 'ntest': 10662}","{'devacc': np.float64(87.1), 'acc': np.float64(86.7), 'ndev': 3775, 'ntest': 3775}","{'devacc': np.float64(94.22), 'acc': np.float64(94.54), 'ndev': 10000, 'ntest': 10000}","{'devacc': np.float64(88.64), 'acc': np.float64(88.99), 'ndev': 10606, 'ntest': 10606}","{'devacc': np.float64(90.25), 'acc': 90.23, 'ndev': 872, 'ntest': 1821}","{'devacc': np.float64(84.59), 'acc': 91.0, 'ndev': 5452, 'ntest': 500}","{'devacc': np.float64(69.04), 'acc': 69.39, 'f1': 78.47, 'ndev': 4076, 'ntest': 1725}"
allmpnet,MAX-NS_SUM-4-12,"torch.Size([61, 768])",NORMAL,4,0,12,"{'devacc': np.float64(83.65), 'acc': np.float64(83.93), 'ndev': 10662, 'ntest': 10662}","{'devacc': np.float64(68.13), 'acc': np.float64(65.61), 'ndev': 3775, 'ntest': 3775}","{'devacc': np.float64(92.95), 'acc': np.float64(93.26), 'ndev': 10000, 'ntest': 10000}","{'devacc': np.float64(37.29), 'acc': np.float64(35.5), 'ndev': 10606, 'ntest': 10606}","{'devacc': np.float64(49.08), 'acc': 50.08, 'ndev': 872, 'ntest': 1821}","{'devacc': np.float64(82.59), 'acc': 90.4, 'ndev': 5452, 'ntest': 500}","{'devacc': np.float64(71.93), 'acc': 71.25, 'f1': 78.84, 'ndev': 4076, 'ntest': 1725}"
allmpnet,CLS_SUM-1-10,"torch.Size([61, 768])",NORMAL,4,0,12,"{'devacc': np.float64(84.48), 'acc': np.float64(84.63), 'ndev': 10662, 'ntest': 10662}","{'devacc': np.float64(90.34), 'acc': np.float64(90.09), 'ndev': 3775, 'ntest': 3775}","{'devacc': np.float64(95.7), 'acc': np.float64(95.83), 'ndev': 10000, 'ntest': 10000}","{'devacc': np.float64(89.01), 'acc': np.float64(88.86), 'ndev': 10606, 'ntest': 10606}","{'devacc': np.float64(87.84), 'acc': 87.97, 'ndev': 872, 'ntest': 1821}","{'devacc': np.float64(64.4), 'acc': 71.0, 'ndev': 5452, 'ntest': 500}","{'devacc': np.float64(70.36), 'acc': 69.45, 'f1': 79.28, 'ndev': 4076, 'ntest': 1725}"
allmpnet,AVG_SUM-1-10,"torch.Size([61, 768])",NORMAL,4,0,12,"{'devacc': np.float64(85.59), 'acc': np.float64(85.76), 'ndev': 10662, 'ntest': 10662}","{'devacc': np.float64(89.8), 'acc': np.float64(90.2), 'ndev': 3775, 'ntest': 3775}","{'devacc': np.float64(95.76), 'acc': np.float64(95.9), 'ndev': 10000, 'ntest': 10000}","{'devacc': np.float64(90.35), 'acc': np.float64(90.46), 'ndev': 10606, 'ntest': 10606}","{'devacc': np.float64(90.6), 'acc': 91.38, 'ndev': 872, 'ntest': 1821}","{'devacc': np.float64(89.14), 'acc': 93.8, 'ndev': 5452, 'ntest': 500}","{'devacc': np.float64(74.22), 'acc': 73.62, 'f1': 80.56, 'ndev': 4076, 'ntest': 1725}"
allmpnet,SUM_SUM-1-10,"torch.Size([61, 768])",NORMAL,4,0,12,"{'devacc': np.float64(84.94), 'acc': np.float64(85.02), 'ndev': 10662, 'ntest': 10662}","{'devacc': np.float64(87.98), 'acc': np.float64(88.48), 'ndev': 3775, 'ntest': 3775}","{'devacc': np.float64(94.6), 'acc': np.float64(94.64), 'ndev': 10000, 'ntest': 10000}","{'devacc': np.float64(89.56), 'acc': np.float64(89.66), 'ndev': 10606, 'ntest': 10606}","{'devacc': np.float64(90.48), 'acc': 90.23, 'ndev': 872, 'ntest': 1821}","{'devacc': np.float64(88.13), 'acc': 93.4, 'ndev': 5452, 'ntest': 500}","{'devacc': np.float64(69.04), 'acc': 68.0, 'f1': 77.32, 'ndev': 4076, 'ntest': 1725}"
allmpnet,MAX_SUM-1-10,"torch.Size([61, 768])",NORMAL,4,0,12,"{'devacc': np.float64(83.76), 'acc': np.float64(83.66), 'ndev': 10662, 'ntest': 10662}","{'devacc': np.float64(86.08), 'acc': np.float64(85.7), 'ndev': 3775, 'ntest': 3775}","{'devacc': np.float64(93.36), 'acc': np.float64(93.66), 'ndev': 10000, 'ntest': 10000}","{'devacc': np.float64(88.98), 'acc': np.float64(89.28), 'ndev': 10606, 'ntest': 10606}","{'devacc': np.float64(88.42), 'acc': 89.02, 'ndev': 872, 'ntest': 1821}","{'devacc': np.float64(87.66), 'acc': 92.0, 'ndev': 5452, 'ntest': 500}","{'devacc': np.float64(71.29), 'acc': 71.36, 'f1': 78.89, 'ndev': 4076, 'ntest': 1725}"
allmpnet,AVG-NS_SUM-1-10,"torch.Size([61, 768])",NORMAL,4,0,12,"{'devacc': np.float64(84.62), 'acc': np.float64(84.87), 'ndev': 10662, 'ntest': 10662}","{'devacc': np.float64(88.25), 'acc': np.float64(88.16), 'ndev': 3775, 'ntest': 3775}","{'devacc': np.float64(95.42), 'acc': np.float64(95.6), 'ndev': 10000, 'ntest': 10000}","{'devacc': np.float64(89.27), 'acc': np.float64(89.36), 'ndev': 10606, 'ntest': 10606}","{'devacc': np.float64(89.91), 'acc': 90.94, 'ndev': 872, 'ntest': 1821}","{'devacc': np.float64(84.1), 'acc': 90.0, 'ndev': 5452, 'ntest': 500}","{'devacc': np.float64(71.39), 'acc': 70.32, 'f1': 78.21, 'ndev': 4076, 'ntest': 1725}"
allmpnet,SUM-NS_SUM-1-10,"torch.Size([61, 768])",NORMAL,4,0,12,"{'devacc': np.float64(84.03), 'acc': np.float64(84.09), 'ndev': 10662, 'ntest': 10662}","{'devacc': np.float64(86.59), 'acc': np.float64(86.44), 'ndev': 3775, 'ntest': 3775}","{'devacc': np.float64(94.19), 'acc': np.float64(94.26), 'ndev': 10000, 'ntest': 10000}","{'devacc': np.float64(88.53), 'acc': np.float64(88.68), 'ndev': 10606, 'ntest': 10606}","{'devacc': np.float64(89.79), 'acc': 89.9, 'ndev': 872, 'ntest': 1821}","{'devacc': np.float64(83.22), 'acc': 90.0, 'ndev': 5452, 'ntest': 500}","{'devacc': np.float64(69.55), 'acc': 66.49, 'f1': 76.08, 'ndev': 4076, 'ntest': 1725}"
allmpnet,MAX-NS_SUM-1-10,"torch.Size([61, 768])",NORMAL,4,0,12,"{'devacc': np.float64(82.53), 'acc': np.float64(82.55), 'ndev': 10662, 'ntest': 10662}","{'devacc': np.float64(66.23), 'acc': np.float64(68.77), 'ndev': 3775, 'ntest': 3775}","{'devacc': np.float64(92.87), 'acc': np.float64(92.98), 'ndev': 10000, 'ntest': 10000}","{'devacc': np.float64(36.92), 'acc': np.float64(35.5), 'ndev': 10606, 'ntest': 10606}","{'devacc': np.float64(49.08), 'acc': 50.08, 'ndev': 872, 'ntest': 1821}","{'devacc': np.float64(80.7), 'acc': 89.0, 'ndev': 5452, 'ntest': 500}","{'devacc': np.float64(71.39), 'acc': 70.38, 'f1': 78.36, 'ndev': 4076, 'ntest': 1725}"
allmpnet,CLS_SUM-2-11,"torch.Size([61, 768])",NORMAL,4,0,12,"{'devacc': np.float64(84.5), 'acc': np.float64(84.51), 'ndev': 10662, 'ntest': 10662}","{'devacc': np.float64(90.26), 'acc': np.float64(90.15), 'ndev': 3775, 'ntest': 3775}","{'devacc': np.float64(95.7), 'acc': np.float64(95.78), 'ndev': 10000, 'ntest': 10000}","{'devacc': np.float64(89.25), 'acc': np.float64(89.24), 'ndev': 10606, 'ntest': 10606}","{'devacc': np.float64(86.12), 'acc': 87.48, 'ndev': 872, 'ntest': 1821}","{'devacc': np.float64(69.22), 'acc': 79.4, 'ndev': 5452, 'ntest': 500}","{'devacc': np.float64(70.22), 'acc': 69.45, 'f1': 79.36, 'ndev': 4076, 'ntest': 1725}"
allmpnet,AVG_SUM-2-11,"torch.Size([61, 768])",NORMAL,4,0,12,"{'devacc': np.float64(85.82), 'acc': np.float64(86.0), 'ndev': 10662, 'ntest': 10662}","{'devacc': np.float64(89.94), 'acc': np.float64(90.15), 'ndev': 3775, 'ntest': 3775}","{'devacc': np.float64(95.73), 'acc': np.float64(95.88), 'ndev': 10000, 'ntest': 10000}","{'devacc': np.float64(90.32), 'acc': np.float64(90.52), 'ndev': 10606, 'ntest': 10606}","{'devacc': np.float64(90.14), 'acc': 91.38, 'ndev': 872, 'ntest': 1821}","{'devacc': np.float64(89.95), 'acc': 95.2, 'ndev': 5452, 'ntest': 500}","{'devacc': np.float64(75.15), 'acc': 73.97, 'f1': 80.85, 'ndev': 4076, 'ntest': 1725}"
allmpnet,SUM_SUM-2-11,"torch.Size([61, 768])",NORMAL,4,0,12,"{'devacc': np.float64(85.08), 'acc': np.float64(85.41), 'ndev': 10662, 'ntest': 10662}","{'devacc': np.float64(88.27), 'acc': np.float64(88.19), 'ndev': 3775, 'ntest': 3775}","{'devacc': np.float64(94.56), 'acc': np.float64(94.77), 'ndev': 10000, 'ntest': 10000}","{'devacc': np.float64(89.42), 'acc': np.float64(89.76), 'ndev': 10606, 'ntest': 10606}","{'devacc': np.float64(90.48), 'acc': 90.61, 'ndev': 872, 'ntest': 1821}","{'devacc': np.float64(89.1), 'acc': 93.8, 'ndev': 5452, 'ntest': 500}","{'devacc': np.float64(69.46), 'acc': 67.19, 'f1': 76.75, 'ndev': 4076, 'ntest': 1725}"
allmpnet,MAX_SUM-2-11,"torch.Size([61, 768])",NORMAL,4,0,12,"{'devacc': np.float64(84.13), 'acc': np.float64(84.29), 'ndev': 10662, 'ntest': 10662}","{'devacc': np.float64(86.25), 'acc': np.float64(86.07), 'ndev': 3775, 'ntest': 3775}","{'devacc': np.float64(93.43), 'acc': np.float64(93.98), 'ndev': 10000, 'ntest': 10000}","{'devacc': np.float64(89.09), 'acc': np.float64(89.24), 'ndev': 10606, 'ntest': 10606}","{'devacc': np.float64(88.53), 'acc': 89.62, 'ndev': 872, 'ntest': 1821}","{'devacc': np.float64(87.93), 'acc': 92.0, 'ndev': 5452, 'ntest': 500}","{'devacc': np.float64(71.76), 'acc': 71.42, 'f1': 78.9, 'ndev': 4076, 'ntest': 1725}"
allmpnet,AVG-NS_SUM-2-11,"torch.Size([61, 768])",NORMAL,4,0,12,"{'devacc': np.float64(84.96), 'acc': np.float64(85.16), 'ndev': 10662, 'ntest': 10662}","{'devacc': np.float64(88.3), 'acc': np.float64(88.34), 'ndev': 3775, 'ntest': 3775}","{'devacc': np.float64(95.34), 'acc': np.float64(95.53), 'ndev': 10000, 'ntest': 10000}","{'devacc': np.float64(89.25), 'acc': np.float64(89.55), 'ndev': 10606, 'ntest': 10606}","{'devacc': np.float64(89.56), 'acc': 91.16, 'ndev': 872, 'ntest': 1821}","{'devacc': np.float64(84.41), 'acc': 91.2, 'ndev': 5452, 'ntest': 500}","{'devacc': np.float64(71.61), 'acc': 71.54, 'f1': 79.24, 'ndev': 4076, 'ntest': 1725}"
allmpnet,SUM-NS_SUM-2-11,"torch.Size([61, 768])",NORMAL,4,0,12,"{'devacc': np.float64(84.44), 'acc': np.float64(84.7), 'ndev': 10662, 'ntest': 10662}","{'devacc': np.float64(86.89), 'acc': np.float64(86.52), 'ndev': 3775, 'ntest': 3775}","{'devacc': np.float64(94.18), 'acc': np.float64(94.26), 'ndev': 10000, 'ntest': 10000}","{'devacc': np.float64(88.71), 'acc': np.float64(88.88), 'ndev': 10606, 'ntest': 10606}","{'devacc': np.float64(89.91), 'acc': 90.17, 'ndev': 872, 'ntest': 1821}","{'devacc': np.float64(83.86), 'acc': 90.0, 'ndev': 5452, 'ntest': 500}","{'devacc': np.float64(68.92), 'acc': 68.12, 'f1': 77.61, 'ndev': 4076, 'ntest': 1725}"
allmpnet,MAX-NS_SUM-2-11,"torch.Size([61, 768])",NORMAL,4,0,12,"{'devacc': np.float64(82.98), 'acc': np.float64(83.12), 'ndev': 10662, 'ntest': 10662}","{'devacc': np.float64(66.43), 'acc': np.float64(65.96), 'ndev': 3775, 'ntest': 3775}","{'devacc': np.float64(92.77), 'acc': np.float64(93.16), 'ndev': 10000, 'ntest': 10000}","{'devacc': np.float64(36.93), 'acc': np.float64(35.5), 'ndev': 10606, 'ntest': 10606}","{'devacc': np.float64(49.08), 'acc': 50.08, 'ndev': 872, 'ntest': 1821}","{'devacc': np.float64(81.55), 'acc': 90.4, 'ndev': 5452, 'ntest': 500}","{'devacc': np.float64(71.64), 'acc': 71.48, 'f1': 79.31, 'ndev': 4076, 'ntest': 1725}"
allmpnet,CLS_SUM-3-12,"torch.Size([61, 768])",NORMAL,4,0,12,"{'devacc': np.float64(85.55), 'acc': np.float64(85.88), 'ndev': 10662, 'ntest': 10662}","{'devacc': np.float64(90.81), 'acc': np.float64(90.97), 'ndev': 3775, 'ntest': 3775}","{'devacc': np.float64(95.94), 'acc': np.float64(96.02), 'ndev': 10000, 'ntest': 10000}","{'devacc': np.float64(89.62), 'acc': np.float64(89.62), 'ndev': 10606, 'ntest': 10606}","{'devacc': np.float64(89.22), 'acc': 90.44, 'ndev': 872, 'ntest': 1821}","{'devacc': np.float64(87.38), 'acc': 91.0, 'ndev': 5452, 'ntest': 500}","{'devacc': np.float64(70.73), 'acc': 69.91, 'f1': 78.72, 'ndev': 4076, 'ntest': 1725}"
allmpnet,AVG_SUM-3-12,"torch.Size([61, 768])",NORMAL,4,0,12,"{'devacc': np.float64(86.01), 'acc': np.float64(85.97), 'ndev': 10662, 'ntest': 10662}","{'devacc': np.float64(89.91), 'acc': np.float64(90.15), 'ndev': 3775, 'ntest': 3775}","{'devacc': np.float64(95.68), 'acc': np.float64(95.84), 'ndev': 10000, 'ntest': 10000}","{'devacc': np.float64(90.22), 'acc': np.float64(90.4), 'ndev': 10606, 'ntest': 10606}","{'devacc': np.float64(89.33), 'acc': 91.54, 'ndev': 872, 'ntest': 1821}","{'devacc': np.float64(90.19), 'acc': 95.0, 'ndev': 5452, 'ntest': 500}","{'devacc': np.float64(75.2), 'acc': 73.86, 'f1': 80.69, 'ndev': 4076, 'ntest': 1725}"
allmpnet,SUM_SUM-3-12,"torch.Size([61, 768])",NORMAL,4,0,12,"{'devacc': np.float64(85.19), 'acc': np.float64(85.55), 'ndev': 10662, 'ntest': 10662}","{'devacc': np.float64(88.26), 'acc': np.float64(88.64), 'ndev': 3775, 'ntest': 3775}","{'devacc': np.float64(94.46), 'acc': np.float64(94.66), 'ndev': 10000, 'ntest': 10000}","{'devacc': np.float64(89.35), 'acc': np.float64(89.76), 'ndev': 10606, 'ntest': 10606}","{'devacc': np.float64(89.91), 'acc': 90.94, 'ndev': 872, 'ntest': 1821}","{'devacc': np.float64(89.18), 'acc': 93.8, 'ndev': 5452, 'ntest': 500}","{'devacc': np.float64(69.46), 'acc': 68.29, 'f1': 77.54, 'ndev': 4076, 'ntest': 1725}"
allmpnet,MAX_SUM-3-12,"torch.Size([61, 768])",NORMAL,4,0,12,"{'devacc': np.float64(84.38), 'acc': np.float64(84.51), 'ndev': 10662, 'ntest': 10662}","{'devacc': np.float64(86.24), 'acc': np.float64(86.81), 'ndev': 3775, 'ntest': 3775}","{'devacc': np.float64(93.45), 'acc': np.float64(93.72), 'ndev': 10000, 'ntest': 10000}","{'devacc': np.float64(89.11), 'acc': np.float64(89.32), 'ndev': 10606, 'ntest': 10606}","{'devacc': np.float64(89.45), 'acc': 89.62, 'ndev': 872, 'ntest': 1821}","{'devacc': np.float64(88.04), 'acc': 93.4, 'ndev': 5452, 'ntest': 500}","{'devacc': np.float64(72.1), 'acc': 70.84, 'f1': 78.53, 'ndev': 4076, 'ntest': 1725}"
allmpnet,AVG-NS_SUM-3-12,"torch.Size([61, 768])",NORMAL,4,0,12,"{'devacc': np.float64(85.31), 'acc': np.float64(85.46), 'ndev': 10662, 'ntest': 10662}","{'devacc': np.float64(88.5), 'acc': np.float64(88.88), 'ndev': 3775, 'ntest': 3775}","{'devacc': np.float64(95.38), 'acc': np.float64(95.56), 'ndev': 10000, 'ntest': 10000}","{'devacc': np.float64(89.29), 'acc': np.float64(89.57), 'ndev': 10606, 'ntest': 10606}","{'devacc': np.float64(90.37), 'acc': 91.38, 'ndev': 872, 'ntest': 1821}","{'devacc': np.float64(85.07), 'acc': 92.0, 'ndev': 5452, 'ntest': 500}","{'devacc': np.float64(71.91), 'acc': 72.41, 'f1': 79.68, 'ndev': 4076, 'ntest': 1725}"
allmpnet,SUM-NS_SUM-3-12,"torch.Size([61, 768])",NORMAL,4,0,12,"{'devacc': np.float64(84.72), 'acc': np.float64(84.96), 'ndev': 10662, 'ntest': 10662}","{'devacc': np.float64(87.03), 'acc': np.float64(86.33), 'ndev': 3775, 'ntest': 3775}","{'devacc': np.float64(94.2), 'acc': np.float64(94.45), 'ndev': 10000, 'ntest': 10000}","{'devacc': np.float64(88.73), 'acc': np.float64(89.05), 'ndev': 10606, 'ntest': 10606}","{'devacc': np.float64(90.02), 'acc': 90.01, 'ndev': 872, 'ntest': 1821}","{'devacc': np.float64(84.19), 'acc': 91.0, 'ndev': 5452, 'ntest': 500}","{'devacc': np.float64(69.16), 'acc': 68.29, 'f1': 77.5, 'ndev': 4076, 'ntest': 1725}"
allmpnet,MAX-NS_SUM-3-12,"torch.Size([61, 768])",NORMAL,4,0,12,"{'devacc': np.float64(83.4), 'acc': np.float64(83.69), 'ndev': 10662, 'ntest': 10662}","{'devacc': np.float64(66.7), 'acc': np.float64(65.85), 'ndev': 3775, 'ntest': 3775}","{'devacc': np.float64(93.03), 'acc': np.float64(93.29), 'ndev': 10000, 'ntest': 10000}","{'devacc': np.float64(37.37), 'acc': np.float64(35.5), 'ndev': 10606, 'ntest': 10606}","{'devacc': np.float64(49.08), 'acc': 50.08, 'ndev': 872, 'ntest': 1821}","{'devacc': np.float64(81.97), 'acc': 90.0, 'ndev': 5452, 'ntest': 500}","{'devacc': np.float64(71.54), 'acc': 71.42, 'f1': 79.28, 'ndev': 4076, 'ntest': 1725}"
allmpnet,CLS_SUM-1-11,"torch.Size([61, 768])",NORMAL,4,0,12,"{'devacc': np.float64(84.51), 'acc': np.float64(84.33), 'ndev': 10662, 'ntest': 10662}","{'devacc': np.float64(90.33), 'acc': np.float64(90.04), 'ndev': 3775, 'ntest': 3775}","{'devacc': np.float64(95.73), 'acc': np.float64(95.8), 'ndev': 10000, 'ntest': 10000}","{'devacc': np.float64(89.19), 'acc': np.float64(89.27), 'ndev': 10606, 'ntest': 10606}","{'devacc': np.float64(86.58), 'acc': 88.47, 'ndev': 872, 'ntest': 1821}","{'devacc': np.float64(68.6), 'acc': 76.6, 'ndev': 5452, 'ntest': 500}","{'devacc': np.float64(70.41), 'acc': 70.09, 'f1': 79.34, 'ndev': 4076, 'ntest': 1725}"
allmpnet,AVG_SUM-1-11,"torch.Size([61, 768])",NORMAL,4,0,12,"{'devacc': np.float64(85.75), 'acc': np.float64(85.88), 'ndev': 10662, 'ntest': 10662}","{'devacc': np.float64(89.93), 'acc': np.float64(89.99), 'ndev': 3775, 'ntest': 3775}","{'devacc': np.float64(95.73), 'acc': np.float64(95.76), 'ndev': 10000, 'ntest': 10000}","{'devacc': np.float64(90.24), 'acc': np.float64(90.56), 'ndev': 10606, 'ntest': 10606}","{'devacc': np.float64(90.6), 'acc': 91.6, 'ndev': 872, 'ntest': 1821}","{'devacc': np.float64(89.71), 'acc': 94.8, 'ndev': 5452, 'ntest': 500}","{'devacc': np.float64(74.9), 'acc': 74.14, 'f1': 80.73, 'ndev': 4076, 'ntest': 1725}"
allmpnet,SUM_SUM-1-11,"torch.Size([61, 768])",NORMAL,4,0,12,"{'devacc': np.float64(85.05), 'acc': np.float64(85.22), 'ndev': 10662, 'ntest': 10662}","{'devacc': np.float64(88.37), 'acc': np.float64(88.21), 'ndev': 3775, 'ntest': 3775}","{'devacc': np.float64(94.56), 'acc': np.float64(94.65), 'ndev': 10000, 'ntest': 10000}","{'devacc': np.float64(89.45), 'acc': np.float64(89.72), 'ndev': 10606, 'ntest': 10606}","{'devacc': np.float64(90.48), 'acc': 90.66, 'ndev': 872, 'ntest': 1821}","{'devacc': np.float64(88.83), 'acc': 94.8, 'ndev': 5452, 'ntest': 500}","{'devacc': np.float64(69.41), 'acc': 67.42, 'f1': 77.17, 'ndev': 4076, 'ntest': 1725}"
allmpnet,MAX_SUM-1-11,"torch.Size([61, 768])",NORMAL,4,0,12,"{'devacc': np.float64(83.96), 'acc': np.float64(84.23), 'ndev': 10662, 'ntest': 10662}","{'devacc': np.float64(86.12), 'acc': np.float64(86.28), 'ndev': 3775, 'ntest': 3775}","{'devacc': np.float64(93.34), 'acc': np.float64(93.57), 'ndev': 10000, 'ntest': 10000}","{'devacc': np.float64(88.99), 'acc': np.float64(89.26), 'ndev': 10606, 'ntest': 10606}","{'devacc': np.float64(88.65), 'acc': 89.18, 'ndev': 872, 'ntest': 1821}","{'devacc': np.float64(87.93), 'acc': 93.4, 'ndev': 5452, 'ntest': 500}","{'devacc': np.float64(71.44), 'acc': 70.38, 'f1': 78.19, 'ndev': 4076, 'ntest': 1725}"
allmpnet,AVG-NS_SUM-1-11,"torch.Size([61, 768])",NORMAL,4,0,12,"{'devacc': np.float64(84.86), 'acc': np.float64(84.98), 'ndev': 10662, 'ntest': 10662}","{'devacc': np.float64(88.13), 'acc': np.float64(88.0), 'ndev': 3775, 'ntest': 3775}","{'devacc': np.float64(95.34), 'acc': np.float64(95.49), 'ndev': 10000, 'ntest': 10000}","{'devacc': np.float64(89.24), 'acc': np.float64(89.31), 'ndev': 10606, 'ntest': 10606}","{'devacc': np.float64(89.79), 'acc': 91.1, 'ndev': 872, 'ntest': 1821}","{'devacc': np.float64(84.54), 'acc': 89.8, 'ndev': 5452, 'ntest': 500}","{'devacc': np.float64(71.27), 'acc': 70.78, 'f1': 78.73, 'ndev': 4076, 'ntest': 1725}"
allmpnet,SUM-NS_SUM-1-11,"torch.Size([61, 768])",NORMAL,4,0,12,"{'devacc': np.float64(84.27), 'acc': np.float64(84.43), 'ndev': 10662, 'ntest': 10662}","{'devacc': np.float64(86.77), 'acc': np.float64(86.89), 'ndev': 3775, 'ntest': 3775}","{'devacc': np.float64(94.21), 'acc': np.float64(94.3), 'ndev': 10000, 'ntest': 10000}","{'devacc': np.float64(88.63), 'acc': np.float64(88.79), 'ndev': 10606, 'ntest': 10606}","{'devacc': np.float64(90.14), 'acc': 90.12, 'ndev': 872, 'ntest': 1821}","{'devacc': np.float64(83.36), 'acc': 89.4, 'ndev': 5452, 'ntest': 500}","{'devacc': np.float64(69.23), 'acc': 67.88, 'f1': 77.46, 'ndev': 4076, 'ntest': 1725}"
allmpnet,MAX-NS_SUM-1-11,"torch.Size([61, 768])",NORMAL,4,0,12,"{'devacc': np.float64(82.8), 'acc': np.float64(82.88), 'ndev': 10662, 'ntest': 10662}","{'devacc': np.float64(66.23), 'acc': np.float64(65.9), 'ndev': 3775, 'ntest': 3775}","{'devacc': np.float64(92.8), 'acc': np.float64(93.16), 'ndev': 10000, 'ntest': 10000}","{'devacc': np.float64(38.48), 'acc': np.float64(35.5), 'ndev': 10606, 'ntest': 10606}","{'devacc': np.float64(49.08), 'acc': 50.08, 'ndev': 872, 'ntest': 1821}","{'devacc': np.float64(81.05), 'acc': 90.2, 'ndev': 5452, 'ntest': 500}","{'devacc': np.float64(71.83), 'acc': 70.03, 'f1': 77.9, 'ndev': 4076, 'ntest': 1725}"
allmpnet,CLS_SUM-2-12,"torch.Size([61, 768])",NORMAL,4,0,12,"{'devacc': np.float64(85.63), 'acc': np.float64(85.99), 'ndev': 10662, 'ntest': 10662}","{'devacc': np.float64(90.81), 'acc': np.float64(90.65), 'ndev': 3775, 'ntest': 3775}","{'devacc': np.float64(95.92), 'acc': np.float64(96.07), 'ndev': 10000, 'ntest': 10000}","{'devacc': np.float64(89.61), 'acc': np.float64(89.59), 'ndev': 10606, 'ntest': 10606}","{'devacc': np.float64(88.99), 'acc': 89.57, 'ndev': 872, 'ntest': 1821}","{'devacc': np.float64(86.45), 'acc': 87.8, 'ndev': 5452, 'ntest': 500}","{'devacc': np.float64(70.41), 'acc': 70.96, 'f1': 80.42, 'ndev': 4076, 'ntest': 1725}"
allmpnet,AVG_SUM-2-12,"torch.Size([61, 768])",NORMAL,4,0,12,"{'devacc': np.float64(85.84), 'acc': np.float64(85.92), 'ndev': 10662, 'ntest': 10662}","{'devacc': np.float64(89.87), 'acc': np.float64(89.8), 'ndev': 3775, 'ntest': 3775}","{'devacc': np.float64(95.65), 'acc': np.float64(95.7), 'ndev': 10000, 'ntest': 10000}","{'devacc': np.float64(90.24), 'acc': np.float64(90.34), 'ndev': 10606, 'ntest': 10606}","{'devacc': np.float64(89.45), 'acc': 91.6, 'ndev': 872, 'ntest': 1821}","{'devacc': np.float64(90.13), 'acc': 95.0, 'ndev': 5452, 'ntest': 500}","{'devacc': np.float64(74.85), 'acc': 73.04, 'f1': 80.12, 'ndev': 4076, 'ntest': 1725}"
allmpnet,SUM_SUM-2-12,"torch.Size([61, 768])",NORMAL,4,0,12,"{'devacc': np.float64(85.1), 'acc': np.float64(85.2), 'ndev': 10662, 'ntest': 10662}","{'devacc': np.float64(88.28), 'acc': np.float64(88.42), 'ndev': 3775, 'ntest': 3775}","{'devacc': np.float64(94.52), 'acc': np.float64(94.52), 'ndev': 10000, 'ntest': 10000}","{'devacc': np.float64(89.38), 'acc': np.float64(89.47), 'ndev': 10606, 'ntest': 10606}","{'devacc': np.float64(90.6), 'acc': 90.66, 'ndev': 872, 'ntest': 1821}","{'devacc': np.float64(89.14), 'acc': 93.8, 'ndev': 5452, 'ntest': 500}","{'devacc': np.float64(69.33), 'acc': 67.48, 'f1': 76.92, 'ndev': 4076, 'ntest': 1725}"
allmpnet,MAX_SUM-2-12,"torch.Size([61, 768])",NORMAL,4,0,12,"{'devacc': np.float64(84.26), 'acc': np.float64(84.34), 'ndev': 10662, 'ntest': 10662}","{'devacc': np.float64(86.19), 'acc': np.float64(86.17), 'ndev': 3775, 'ntest': 3775}","{'devacc': np.float64(93.5), 'acc': np.float64(93.88), 'ndev': 10000, 'ntest': 10000}","{'devacc': np.float64(89.08), 'acc': np.float64(89.38), 'ndev': 10606, 'ntest': 10606}","{'devacc': np.float64(88.99), 'acc': 89.29, 'ndev': 872, 'ntest': 1821}","{'devacc': np.float64(88.15), 'acc': 93.2, 'ndev': 5452, 'ntest': 500}","{'devacc': np.float64(71.37), 'acc': 71.3, 'f1': 78.54, 'ndev': 4076, 'ntest': 1725}"
allmpnet,AVG-NS_SUM-2-12,"torch.Size([61, 768])",NORMAL,4,0,12,"{'devacc': np.float64(85.2), 'acc': np.float64(85.3), 'ndev': 10662, 'ntest': 10662}","{'devacc': np.float64(88.35), 'acc': np.float64(88.45), 'ndev': 3775, 'ntest': 3775}","{'devacc': np.float64(95.32), 'acc': np.float64(95.4), 'ndev': 10000, 'ntest': 10000}","{'devacc': np.float64(89.29), 'acc': np.float64(89.65), 'ndev': 10606, 'ntest': 10606}","{'devacc': np.float64(90.02), 'acc': 91.38, 'ndev': 872, 'ntest': 1821}","{'devacc': np.float64(84.87), 'acc': 90.2, 'ndev': 5452, 'ntest': 500}","{'devacc': np.float64(71.61), 'acc': 71.71, 'f1': 79.36, 'ndev': 4076, 'ntest': 1725}"
allmpnet,SUM-NS_SUM-2-12,"torch.Size([61, 768])",NORMAL,4,0,12,"{'devacc': np.float64(84.57), 'acc': np.float64(84.81), 'ndev': 10662, 'ntest': 10662}","{'devacc': np.float64(86.94), 'acc': np.float64(86.28), 'ndev': 3775, 'ntest': 3775}","{'devacc': np.float64(94.19), 'acc': np.float64(94.24), 'ndev': 10000, 'ntest': 10000}","{'devacc': np.float64(88.72), 'acc': np.float64(88.98), 'ndev': 10606, 'ntest': 10606}","{'devacc': np.float64(90.14), 'acc': 90.17, 'ndev': 872, 'ntest': 1821}","{'devacc': np.float64(83.95), 'acc': 90.2, 'ndev': 5452, 'ntest': 500}","{'devacc': np.float64(68.87), 'acc': 67.71, 'f1': 76.95, 'ndev': 4076, 'ntest': 1725}"
allmpnet,MAX-NS_SUM-2-12,"torch.Size([61, 768])",NORMAL,4,0,12,"{'devacc': np.float64(83.2), 'acc': np.float64(83.34), 'ndev': 10662, 'ntest': 10662}","{'devacc': np.float64(67.03), 'acc': np.float64(69.37), 'ndev': 3775, 'ntest': 3775}","{'devacc': np.float64(92.85), 'acc': np.float64(93.18), 'ndev': 10000, 'ntest': 10000}","{'devacc': np.float64(37.66), 'acc': np.float64(35.5), 'ndev': 10606, 'ntest': 10606}","{'devacc': np.float64(49.08), 'acc': 50.08, 'ndev': 872, 'ntest': 1821}","{'devacc': np.float64(81.88), 'acc': 90.8, 'ndev': 5452, 'ntest': 500}","{'devacc': np.float64(71.61), 'acc': 71.42, 'f1': 79.1, 'ndev': 4076, 'ntest': 1725}"
allmpnet,CLS_SUM-1-12,"torch.Size([61, 768])",NORMAL,4,0,12,"{'devacc': np.float64(85.75), 'acc': np.float64(85.81), 'ndev': 10662, 'ntest': 10662}","{'devacc': np.float64(90.91), 'acc': np.float64(91.1), 'ndev': 3775, 'ntest': 3775}","{'devacc': np.float64(95.98), 'acc': np.float64(95.93), 'ndev': 10000, 'ntest': 10000}","{'devacc': np.float64(89.57), 'acc': np.float64(89.53), 'ndev': 10606, 'ntest': 10606}","{'devacc': np.float64(89.33), 'acc': 89.79, 'ndev': 872, 'ntest': 1821}","{'devacc': np.float64(86.12), 'acc': 88.0, 'ndev': 5452, 'ntest': 500}","{'devacc': np.float64(70.48), 'acc': 70.38, 'f1': 79.87, 'ndev': 4076, 'ntest': 1725}"
allmpnet,AVG_SUM-1-12,"torch.Size([61, 768])",NORMAL,4,0,12,"{'devacc': np.float64(85.78), 'acc': np.float64(85.88), 'ndev': 10662, 'ntest': 10662}","{'devacc': np.float64(89.88), 'acc': np.float64(89.88), 'ndev': 3775, 'ntest': 3775}","{'devacc': np.float64(95.66), 'acc': np.float64(95.69), 'ndev': 10000, 'ntest': 10000}","{'devacc': np.float64(90.23), 'acc': np.float64(90.47), 'ndev': 10606, 'ntest': 10606}","{'devacc': np.float64(90.02), 'acc': 91.6, 'ndev': 872, 'ntest': 1821}","{'devacc': np.float64(89.82), 'acc': 95.0, 'ndev': 5452, 'ntest': 500}","{'devacc': np.float64(74.71), 'acc': 75.19, 'f1': 81.73, 'ndev': 4076, 'ntest': 1725}"
allmpnet,SUM_SUM-1-12,"torch.Size([61, 768])",NORMAL,4,0,12,"{'devacc': np.float64(85.07), 'acc': np.float64(85.06), 'ndev': 10662, 'ntest': 10662}","{'devacc': np.float64(88.32), 'acc': np.float64(88.42), 'ndev': 3775, 'ntest': 3775}","{'devacc': np.float64(94.48), 'acc': np.float64(94.67), 'ndev': 10000, 'ntest': 10000}","{'devacc': np.float64(89.48), 'acc': np.float64(89.74), 'ndev': 10606, 'ntest': 10606}","{'devacc': np.float64(90.6), 'acc': 90.72, 'ndev': 872, 'ntest': 1821}","{'devacc': np.float64(88.83), 'acc': 94.2, 'ndev': 5452, 'ntest': 500}","{'devacc': np.float64(69.11), 'acc': 67.54, 'f1': 76.72, 'ndev': 4076, 'ntest': 1725}"
allmpnet,MAX_SUM-1-12,"torch.Size([61, 768])",NORMAL,4,0,12,"{'devacc': np.float64(84.05), 'acc': np.float64(84.32), 'ndev': 10662, 'ntest': 10662}","{'devacc': np.float64(86.02), 'acc': np.float64(86.44), 'ndev': 3775, 'ntest': 3775}","{'devacc': np.float64(93.41), 'acc': np.float64(93.65), 'ndev': 10000, 'ntest': 10000}","{'devacc': np.float64(89.02), 'acc': np.float64(89.41), 'ndev': 10606, 'ntest': 10606}","{'devacc': np.float64(88.76), 'acc': 89.18, 'ndev': 872, 'ntest': 1821}","{'devacc': np.float64(88.11), 'acc': 93.6, 'ndev': 5452, 'ntest': 500}","{'devacc': np.float64(71.78), 'acc': 69.68, 'f1': 77.52, 'ndev': 4076, 'ntest': 1725}"
allmpnet,AVG-NS_SUM-1-12,"torch.Size([61, 768])",NORMAL,4,0,12,"{'devacc': np.float64(85.06), 'acc': np.float64(85.31), 'ndev': 10662, 'ntest': 10662}","{'devacc': np.float64(88.18), 'acc': np.float64(88.21), 'ndev': 3775, 'ntest': 3775}","{'devacc': np.float64(95.28), 'acc': np.float64(95.27), 'ndev': 10000, 'ntest': 10000}","{'devacc': np.float64(89.24), 'acc': np.float64(89.54), 'ndev': 10606, 'ntest': 10606}","{'devacc': np.float64(89.91), 'acc': 91.32, 'ndev': 872, 'ntest': 1821}","{'devacc': np.float64(84.9), 'acc': 90.0, 'ndev': 5452, 'ntest': 500}","{'devacc': np.float64(71.54), 'acc': 71.19, 'f1': 78.93, 'ndev': 4076, 'ntest': 1725}"
allmpnet,SUM-NS_SUM-1-12,"torch.Size([61, 768])",NORMAL,4,0,12,"{'devacc': np.float64(84.4), 'acc': np.float64(84.58), 'ndev': 10662, 'ntest': 10662}","{'devacc': np.float64(86.9), 'acc': np.float64(86.73), 'ndev': 3775, 'ntest': 3775}","{'devacc': np.float64(94.22), 'acc': np.float64(94.24), 'ndev': 10000, 'ntest': 10000}","{'devacc': np.float64(88.72), 'acc': np.float64(88.95), 'ndev': 10606, 'ntest': 10606}","{'devacc': np.float64(90.02), 'acc': 89.84, 'ndev': 872, 'ntest': 1821}","{'devacc': np.float64(83.8), 'acc': 89.6, 'ndev': 5452, 'ntest': 500}","{'devacc': np.float64(68.82), 'acc': 68.41, 'f1': 77.67, 'ndev': 4076, 'ntest': 1725}"
allmpnet,MAX-NS_SUM-1-12,"torch.Size([61, 768])",NORMAL,4,0,12,"{'devacc': np.float64(83.06), 'acc': np.float64(83.35), 'ndev': 10662, 'ntest': 10662}","{'devacc': np.float64(66.56), 'acc': np.float64(69.03), 'ndev': 3775, 'ntest': 3775}","{'devacc': np.float64(92.93), 'acc': np.float64(93.08), 'ndev': 10000, 'ntest': 10000}","{'devacc': np.float64(38.03), 'acc': np.float64(35.5), 'ndev': 10606, 'ntest': 10606}","{'devacc': np.float64(49.08), 'acc': 50.08, 'ndev': 872, 'ntest': 1821}","{'devacc': np.float64(81.13), 'acc': 91.2, 'ndev': 5452, 'ntest': 500}","{'devacc': np.float64(71.32), 'acc': 69.86, 'f1': 77.7, 'ndev': 4076, 'ntest': 1725}"
