model,pooling,out_vec_size,best_layers,epochs,nhid,qtd_layers,MR,CR,SUBJ,MPQA,SST2,TREC,MRPC
deberta-base,CLS_SUM-1-2,"torch.Size([61, 768])",NORMAL,4,0,12,"{'devacc': np.float64(64.64), 'acc': np.float64(64.77), 'ndev': 10662, 'ntest': 10662}","{'devacc': np.float64(66.33), 'acc': np.float64(66.46), 'ndev': 3775, 'ntest': 3775}","{'devacc': np.float64(81.76), 'acc': np.float64(81.58), 'ndev': 10000, 'ntest': 10000}","{'devacc': np.float64(79.35), 'acc': np.float64(79.48), 'ndev': 10606, 'ntest': 10606}","{'devacc': np.float64(64.79), 'acc': 64.85, 'ndev': 872, 'ntest': 1821}","{'devacc': np.float64(55.8), 'acc': 63.0, 'ndev': 5452, 'ntest': 500}","{'devacc': np.float64(67.84), 'acc': 67.01, 'f1': 79.6, 'ndev': 4076, 'ntest': 1725}"
deberta-base,AVG_SUM-1-2,"torch.Size([61, 768])",NORMAL,4,0,12,"{'devacc': np.float64(77.9), 'acc': np.float64(78.26), 'ndev': 10662, 'ntest': 10662}","{'devacc': np.float64(80.75), 'acc': np.float64(81.11), 'ndev': 3775, 'ntest': 3775}","{'devacc': np.float64(92.97), 'acc': np.float64(93.07), 'ndev': 10000, 'ntest': 10000}","{'devacc': np.float64(88.92), 'acc': np.float64(89.1), 'ndev': 10606, 'ntest': 10606}","{'devacc': np.float64(82.45), 'acc': 81.93, 'ndev': 872, 'ntest': 1821}","{'devacc': np.float64(83.84), 'acc': 89.4, 'ndev': 5452, 'ntest': 500}","{'devacc': np.float64(72.57), 'acc': 71.65, 'f1': 79.62, 'ndev': 4076, 'ntest': 1725}"
deberta-base,SUM_SUM-1-2,"torch.Size([61, 768])",NORMAL,4,0,12,"{'devacc': np.float64(77.18), 'acc': np.float64(77.2), 'ndev': 10662, 'ntest': 10662}","{'devacc': np.float64(77.2), 'acc': np.float64(78.2), 'ndev': 3775, 'ntest': 3775}","{'devacc': np.float64(91.16), 'acc': np.float64(91.67), 'ndev': 10000, 'ntest': 10000}","{'devacc': np.float64(87.64), 'acc': np.float64(87.75), 'ndev': 10606, 'ntest': 10606}","{'devacc': np.float64(83.03), 'acc': 82.87, 'ndev': 872, 'ntest': 1821}","{'devacc': np.float64(81.73), 'acc': 87.8, 'ndev': 5452, 'ntest': 500}","{'devacc': np.float64(70.31), 'acc': 71.07, 'f1': 79.35, 'ndev': 4076, 'ntest': 1725}"
deberta-base,MAX_SUM-1-2,"torch.Size([61, 768])",NORMAL,4,0,12,"{'devacc': np.float64(72.3), 'acc': np.float64(72.28), 'ndev': 10662, 'ntest': 10662}","{'devacc': np.float64(75.38), 'acc': np.float64(76.32), 'ndev': 3775, 'ntest': 3775}","{'devacc': np.float64(88.59), 'acc': np.float64(89.07), 'ndev': 10000, 'ntest': 10000}","{'devacc': np.float64(87.17), 'acc': np.float64(87.5), 'ndev': 10606, 'ntest': 10606}","{'devacc': np.float64(76.49), 'acc': 75.84, 'ndev': 872, 'ntest': 1821}","{'devacc': np.float64(81.46), 'acc': 85.4, 'ndev': 5452, 'ntest': 500}","{'devacc': np.float64(67.98), 'acc': 68.12, 'f1': 76.31, 'ndev': 4076, 'ntest': 1725}"
deberta-base,AVG-NS_SUM-1-2,"torch.Size([61, 768])",NORMAL,4,0,12,"{'devacc': np.float64(77.59), 'acc': np.float64(77.72), 'ndev': 10662, 'ntest': 10662}","{'devacc': np.float64(80.44), 'acc': np.float64(80.96), 'ndev': 3775, 'ntest': 3775}","{'devacc': np.float64(92.84), 'acc': np.float64(92.97), 'ndev': 10000, 'ntest': 10000}","{'devacc': np.float64(88.33), 'acc': np.float64(88.65), 'ndev': 10606, 'ntest': 10606}","{'devacc': np.float64(82.0), 'acc': 82.1, 'ndev': 872, 'ntest': 1821}","{'devacc': np.float64(83.44), 'acc': 90.0, 'ndev': 5452, 'ntest': 500}","{'devacc': np.float64(73.13), 'acc': 71.48, 'f1': 79.22, 'ndev': 4076, 'ntest': 1725}"
deberta-base,SUM-NS_SUM-1-2,"torch.Size([61, 768])",NORMAL,4,0,12,"{'devacc': np.float64(76.9), 'acc': np.float64(77.12), 'ndev': 10662, 'ntest': 10662}","{'devacc': np.float64(76.98), 'acc': np.float64(77.64), 'ndev': 3775, 'ntest': 3775}","{'devacc': np.float64(91.2), 'acc': np.float64(91.45), 'ndev': 10000, 'ntest': 10000}","{'devacc': np.float64(87.66), 'acc': np.float64(87.71), 'ndev': 10606, 'ntest': 10606}","{'devacc': np.float64(82.11), 'acc': 82.15, 'ndev': 872, 'ntest': 1821}","{'devacc': np.float64(81.68), 'acc': 89.2, 'ndev': 5452, 'ntest': 500}","{'devacc': np.float64(70.78), 'acc': 70.14, 'f1': 78.64, 'ndev': 4076, 'ntest': 1725}"
deberta-base,MAX-NS_SUM-1-2,"torch.Size([61, 768])",NORMAL,4,0,12,"{'devacc': np.float64(72.09), 'acc': np.float64(72.26), 'ndev': 10662, 'ntest': 10662}","{'devacc': np.float64(62.42), 'acc': np.float64(64.85), 'ndev': 3775, 'ntest': 3775}","{'devacc': np.float64(88.61), 'acc': np.float64(88.82), 'ndev': 10000, 'ntest': 10000}","{'devacc': np.float64(57.61), 'acc': np.float64(48.96), 'ndev': 10606, 'ntest': 10606}","{'devacc': np.float64(76.15), 'acc': 75.51, 'ndev': 872, 'ntest': 1821}","{'devacc': np.float64(81.44), 'acc': 85.2, 'ndev': 5452, 'ntest': 500}","{'devacc': np.float64(68.13), 'acc': 68.52, 'f1': 76.84, 'ndev': 4076, 'ntest': 1725}"
deberta-base,CLS_SUM-2-3,"torch.Size([61, 768])",NORMAL,4,0,12,"{'devacc': np.float64(68.67), 'acc': np.float64(68.89), 'ndev': 10662, 'ntest': 10662}","{'devacc': np.float64(69.12), 'acc': np.float64(69.03), 'ndev': 3775, 'ntest': 3775}","{'devacc': np.float64(86.97), 'acc': np.float64(86.99), 'ndev': 10000, 'ntest': 10000}","{'devacc': np.float64(84.64), 'acc': np.float64(84.95), 'ndev': 10606, 'ntest': 10606}","{'devacc': np.float64(72.48), 'acc': 72.27, 'ndev': 872, 'ntest': 1821}","{'devacc': np.float64(68.42), 'acc': 71.6, 'ndev': 5452, 'ntest': 500}","{'devacc': np.float64(68.67), 'acc': 69.04, 'f1': 80.25, 'ndev': 4076, 'ntest': 1725}"
deberta-base,AVG_SUM-2-3,"torch.Size([61, 768])",NORMAL,4,0,12,"{'devacc': np.float64(79.1), 'acc': np.float64(79.19), 'ndev': 10662, 'ntest': 10662}","{'devacc': np.float64(81.69), 'acc': np.float64(81.56), 'ndev': 3775, 'ntest': 3775}","{'devacc': np.float64(93.94), 'acc': np.float64(94.06), 'ndev': 10000, 'ntest': 10000}","{'devacc': np.float64(89.29), 'acc': np.float64(89.57), 'ndev': 10606, 'ntest': 10606}","{'devacc': np.float64(84.52), 'acc': 84.02, 'ndev': 872, 'ntest': 1821}","{'devacc': np.float64(84.61), 'acc': 91.4, 'ndev': 5452, 'ntest': 500}","{'devacc': np.float64(74.02), 'acc': 74.03, 'f1': 81.27, 'ndev': 4076, 'ntest': 1725}"
deberta-base,SUM_SUM-2-3,"torch.Size([61, 768])",NORMAL,4,0,12,"{'devacc': np.float64(78.42), 'acc': np.float64(78.39), 'ndev': 10662, 'ntest': 10662}","{'devacc': np.float64(77.8), 'acc': np.float64(78.78), 'ndev': 3775, 'ntest': 3775}","{'devacc': np.float64(92.06), 'acc': np.float64(92.46), 'ndev': 10000, 'ntest': 10000}","{'devacc': np.float64(87.8), 'acc': np.float64(88.13), 'ndev': 10606, 'ntest': 10606}","{'devacc': np.float64(84.06), 'acc': 83.25, 'ndev': 872, 'ntest': 1821}","{'devacc': np.float64(82.98), 'acc': 90.0, 'ndev': 5452, 'ntest': 500}","{'devacc': np.float64(70.76), 'acc': 70.49, 'f1': 79.7, 'ndev': 4076, 'ntest': 1725}"
deberta-base,MAX_SUM-2-3,"torch.Size([61, 768])",NORMAL,4,0,12,"{'devacc': np.float64(73.59), 'acc': np.float64(73.96), 'ndev': 10662, 'ntest': 10662}","{'devacc': np.float64(76.44), 'acc': np.float64(76.82), 'ndev': 3775, 'ntest': 3775}","{'devacc': np.float64(89.66), 'acc': np.float64(89.84), 'ndev': 10000, 'ntest': 10000}","{'devacc': np.float64(87.68), 'acc': np.float64(88.08), 'ndev': 10606, 'ntest': 10606}","{'devacc': np.float64(77.52), 'acc': 77.7, 'ndev': 872, 'ntest': 1821}","{'devacc': np.float64(82.94), 'acc': 90.6, 'ndev': 5452, 'ntest': 500}","{'devacc': np.float64(70.07), 'acc': 70.55, 'f1': 78.71, 'ndev': 4076, 'ntest': 1725}"
deberta-base,AVG-NS_SUM-2-3,"torch.Size([61, 768])",NORMAL,4,0,12,"{'devacc': np.float64(78.72), 'acc': np.float64(78.76), 'ndev': 10662, 'ntest': 10662}","{'devacc': np.float64(81.23), 'acc': np.float64(81.01), 'ndev': 3775, 'ntest': 3775}","{'devacc': np.float64(93.88), 'acc': np.float64(94.02), 'ndev': 10000, 'ntest': 10000}","{'devacc': np.float64(88.59), 'acc': np.float64(88.91), 'ndev': 10606, 'ntest': 10606}","{'devacc': np.float64(83.37), 'acc': 83.75, 'ndev': 872, 'ntest': 1821}","{'devacc': np.float64(84.63), 'acc': 91.8, 'ndev': 5452, 'ntest': 500}","{'devacc': np.float64(74.24), 'acc': 74.61, 'f1': 81.93, 'ndev': 4076, 'ntest': 1725}"
deberta-base,SUM-NS_SUM-2-3,"torch.Size([61, 768])",NORMAL,4,0,12,"{'devacc': np.float64(78.08), 'acc': np.float64(78.13), 'ndev': 10662, 'ntest': 10662}","{'devacc': np.float64(77.68), 'acc': np.float64(78.94), 'ndev': 3775, 'ntest': 3775}","{'devacc': np.float64(92.02), 'acc': np.float64(92.34), 'ndev': 10000, 'ntest': 10000}","{'devacc': np.float64(87.83), 'acc': np.float64(88.06), 'ndev': 10606, 'ntest': 10606}","{'devacc': np.float64(83.03), 'acc': 83.25, 'ndev': 872, 'ntest': 1821}","{'devacc': np.float64(82.94), 'acc': 90.0, 'ndev': 5452, 'ntest': 500}","{'devacc': np.float64(70.44), 'acc': 72.06, 'f1': 81.19, 'ndev': 4076, 'ntest': 1725}"
deberta-base,MAX-NS_SUM-2-3,"torch.Size([61, 768])",NORMAL,4,0,12,"{'devacc': np.float64(73.58), 'acc': np.float64(74.19), 'ndev': 10662, 'ntest': 10662}","{'devacc': np.float64(62.58), 'acc': np.float64(65.03), 'ndev': 3775, 'ntest': 3775}","{'devacc': np.float64(89.72), 'acc': np.float64(89.85), 'ndev': 10000, 'ntest': 10000}","{'devacc': np.float64(57.82), 'acc': np.float64(49.0), 'ndev': 10606, 'ntest': 10606}","{'devacc': np.float64(77.64), 'acc': 77.7, 'ndev': 872, 'ntest': 1821}","{'devacc': np.float64(83.05), 'acc': 89.8, 'ndev': 5452, 'ntest': 500}","{'devacc': np.float64(69.77), 'acc': 70.61, 'f1': 78.53, 'ndev': 4076, 'ntest': 1725}"
deberta-base,CLS_SUM-3-4,"torch.Size([61, 768])",NORMAL,4,0,12,"{'devacc': np.float64(68.55), 'acc': np.float64(69.03), 'ndev': 10662, 'ntest': 10662}","{'devacc': np.float64(68.87), 'acc': np.float64(69.09), 'ndev': 3775, 'ntest': 3775}","{'devacc': np.float64(86.78), 'acc': np.float64(87.03), 'ndev': 10000, 'ntest': 10000}","{'devacc': np.float64(83.65), 'acc': np.float64(83.74), 'ndev': 10606, 'ntest': 10606}","{'devacc': np.float64(73.28), 'acc': 72.76, 'ndev': 872, 'ntest': 1821}","{'devacc': np.float64(66.38), 'acc': 67.4, 'ndev': 5452, 'ntest': 500}","{'devacc': np.float64(68.13), 'acc': 67.54, 'f1': 79.52, 'ndev': 4076, 'ntest': 1725}"
deberta-base,AVG_SUM-3-4,"torch.Size([61, 768])",NORMAL,4,0,12,"{'devacc': np.float64(80.37), 'acc': np.float64(80.27), 'ndev': 10662, 'ntest': 10662}","{'devacc': np.float64(84.1), 'acc': np.float64(83.98), 'ndev': 3775, 'ntest': 3775}","{'devacc': np.float64(94.31), 'acc': np.float64(94.4), 'ndev': 10000, 'ntest': 10000}","{'devacc': np.float64(89.48), 'acc': np.float64(89.44), 'ndev': 10606, 'ntest': 10606}","{'devacc': np.float64(86.12), 'acc': 85.34, 'ndev': 872, 'ntest': 1821}","{'devacc': np.float64(85.6), 'acc': 93.6, 'ndev': 5452, 'ntest': 500}","{'devacc': np.float64(74.66), 'acc': 72.7, 'f1': 80.19, 'ndev': 4076, 'ntest': 1725}"
deberta-base,SUM_SUM-3-4,"torch.Size([61, 768])",NORMAL,4,0,12,"{'devacc': np.float64(79.68), 'acc': np.float64(80.13), 'ndev': 10662, 'ntest': 10662}","{'devacc': np.float64(80.75), 'acc': np.float64(81.25), 'ndev': 3775, 'ntest': 3775}","{'devacc': np.float64(92.45), 'acc': np.float64(92.61), 'ndev': 10000, 'ntest': 10000}","{'devacc': np.float64(88.32), 'acc': np.float64(88.5), 'ndev': 10606, 'ntest': 10606}","{'devacc': np.float64(85.32), 'acc': 85.06, 'ndev': 872, 'ntest': 1821}","{'devacc': np.float64(84.01), 'acc': 92.2, 'ndev': 5452, 'ntest': 500}","{'devacc': np.float64(71.32), 'acc': 70.78, 'f1': 80.14, 'ndev': 4076, 'ntest': 1725}"
deberta-base,MAX_SUM-3-4,"torch.Size([61, 768])",NORMAL,4,0,12,"{'devacc': np.float64(74.93), 'acc': np.float64(74.94), 'ndev': 10662, 'ntest': 10662}","{'devacc': np.float64(78.75), 'acc': np.float64(79.5), 'ndev': 3775, 'ntest': 3775}","{'devacc': np.float64(90.85), 'acc': np.float64(91.28), 'ndev': 10000, 'ntest': 10000}","{'devacc': np.float64(87.97), 'acc': np.float64(88.37), 'ndev': 10606, 'ntest': 10606}","{'devacc': np.float64(79.47), 'acc': 79.41, 'ndev': 872, 'ntest': 1821}","{'devacc': np.float64(84.45), 'acc': 93.0, 'ndev': 5452, 'ntest': 500}","{'devacc': np.float64(71.07), 'acc': 71.13, 'f1': 79.01, 'ndev': 4076, 'ntest': 1725}"
deberta-base,AVG-NS_SUM-3-4,"torch.Size([61, 768])",NORMAL,4,0,12,"{'devacc': np.float64(80.01), 'acc': np.float64(80.01), 'ndev': 10662, 'ntest': 10662}","{'devacc': np.float64(83.51), 'acc': np.float64(83.71), 'ndev': 3775, 'ntest': 3775}","{'devacc': np.float64(94.27), 'acc': np.float64(94.42), 'ndev': 10000, 'ntest': 10000}","{'devacc': np.float64(88.9), 'acc': np.float64(89.25), 'ndev': 10606, 'ntest': 10606}","{'devacc': np.float64(86.24), 'acc': 85.17, 'ndev': 872, 'ntest': 1821}","{'devacc': np.float64(85.75), 'acc': 93.4, 'ndev': 5452, 'ntest': 500}","{'devacc': np.float64(74.02), 'acc': 73.33, 'f1': 80.59, 'ndev': 4076, 'ntest': 1725}"
deberta-base,SUM-NS_SUM-3-4,"torch.Size([61, 768])",NORMAL,4,0,12,"{'devacc': np.float64(79.42), 'acc': np.float64(79.71), 'ndev': 10662, 'ntest': 10662}","{'devacc': np.float64(80.4), 'acc': np.float64(80.88), 'ndev': 3775, 'ntest': 3775}","{'devacc': np.float64(92.39), 'acc': np.float64(92.46), 'ndev': 10000, 'ntest': 10000}","{'devacc': np.float64(88.26), 'acc': np.float64(88.31), 'ndev': 10606, 'ntest': 10606}","{'devacc': np.float64(85.21), 'acc': 85.01, 'ndev': 872, 'ntest': 1821}","{'devacc': np.float64(84.52), 'acc': 92.0, 'ndev': 5452, 'ntest': 500}","{'devacc': np.float64(71.44), 'acc': 70.49, 'f1': 79.55, 'ndev': 4076, 'ntest': 1725}"
deberta-base,MAX-NS_SUM-3-4,"torch.Size([61, 768])",NORMAL,4,0,12,"{'devacc': np.float64(74.77), 'acc': np.float64(74.93), 'ndev': 10662, 'ntest': 10662}","{'devacc': np.float64(62.78), 'acc': np.float64(65.4), 'ndev': 3775, 'ntest': 3775}","{'devacc': np.float64(90.89), 'acc': np.float64(91.13), 'ndev': 10000, 'ntest': 10000}","{'devacc': np.float64(57.92), 'acc': np.float64(49.3), 'ndev': 10606, 'ntest': 10606}","{'devacc': np.float64(79.7), 'acc': 79.57, 'ndev': 872, 'ntest': 1821}","{'devacc': np.float64(84.54), 'acc': 91.6, 'ndev': 5452, 'ntest': 500}","{'devacc': np.float64(71.15), 'acc': 71.94, 'f1': 79.51, 'ndev': 4076, 'ntest': 1725}"
deberta-base,CLS_SUM-4-5,"torch.Size([61, 768])",NORMAL,4,0,12,"{'devacc': np.float64(63.45), 'acc': np.float64(64.58), 'ndev': 10662, 'ntest': 10662}","{'devacc': np.float64(63.76), 'acc': np.float64(63.76), 'ndev': 3775, 'ntest': 3775}","{'devacc': np.float64(80.11), 'acc': np.float64(80.44), 'ndev': 10000, 'ntest': 10000}","{'devacc': np.float64(69.21), 'acc': np.float64(69.34), 'ndev': 10606, 'ntest': 10606}","{'devacc': np.float64(72.82), 'acc': 70.68, 'ndev': 872, 'ntest': 1821}","{'devacc': np.float64(55.5), 'acc': 63.8, 'ndev': 5452, 'ntest': 500}","{'devacc': np.float64(67.81), 'acc': 66.38, 'f1': 79.51, 'ndev': 4076, 'ntest': 1725}"
deberta-base,AVG_SUM-4-5,"torch.Size([61, 768])",NORMAL,4,0,12,"{'devacc': np.float64(81.4), 'acc': np.float64(81.6), 'ndev': 10662, 'ntest': 10662}","{'devacc': np.float64(85.94), 'acc': np.float64(86.07), 'ndev': 3775, 'ntest': 3775}","{'devacc': np.float64(94.8), 'acc': np.float64(94.76), 'ndev': 10000, 'ntest': 10000}","{'devacc': np.float64(89.73), 'acc': np.float64(89.71), 'ndev': 10606, 'ntest': 10606}","{'devacc': np.float64(86.58), 'acc': 86.82, 'ndev': 872, 'ntest': 1821}","{'devacc': np.float64(87.99), 'acc': 93.8, 'ndev': 5452, 'ntest': 500}","{'devacc': np.float64(74.31), 'acc': 73.62, 'f1': 80.78, 'ndev': 4076, 'ntest': 1725}"
deberta-base,SUM_SUM-4-5,"torch.Size([61, 768])",NORMAL,4,0,12,"{'devacc': np.float64(80.54), 'acc': np.float64(80.77), 'ndev': 10662, 'ntest': 10662}","{'devacc': np.float64(82.59), 'acc': np.float64(82.76), 'ndev': 3775, 'ntest': 3775}","{'devacc': np.float64(92.94), 'acc': np.float64(93.18), 'ndev': 10000, 'ntest': 10000}","{'devacc': np.float64(88.47), 'acc': np.float64(88.77), 'ndev': 10606, 'ntest': 10606}","{'devacc': np.float64(85.44), 'acc': 86.16, 'ndev': 872, 'ntest': 1821}","{'devacc': np.float64(85.99), 'acc': 92.8, 'ndev': 5452, 'ntest': 500}","{'devacc': np.float64(70.95), 'acc': 69.68, 'f1': 78.52, 'ndev': 4076, 'ntest': 1725}"
deberta-base,MAX_SUM-4-5,"torch.Size([61, 768])",NORMAL,4,0,12,"{'devacc': np.float64(76.82), 'acc': np.float64(77.12), 'ndev': 10662, 'ntest': 10662}","{'devacc': np.float64(80.58), 'acc': np.float64(81.06), 'ndev': 3775, 'ntest': 3775}","{'devacc': np.float64(91.68), 'acc': np.float64(91.85), 'ndev': 10000, 'ntest': 10000}","{'devacc': np.float64(88.5), 'acc': np.float64(88.52), 'ndev': 10606, 'ntest': 10606}","{'devacc': np.float64(81.31), 'acc': 80.83, 'ndev': 872, 'ntest': 1821}","{'devacc': np.float64(86.24), 'acc': 92.2, 'ndev': 5452, 'ntest': 500}","{'devacc': np.float64(70.27), 'acc': 71.13, 'f1': 78.9, 'ndev': 4076, 'ntest': 1725}"
deberta-base,AVG-NS_SUM-4-5,"torch.Size([61, 768])",NORMAL,4,0,12,"{'devacc': np.float64(81.1), 'acc': np.float64(81.39), 'ndev': 10662, 'ntest': 10662}","{'devacc': np.float64(85.39), 'acc': np.float64(85.83), 'ndev': 3775, 'ntest': 3775}","{'devacc': np.float64(94.81), 'acc': np.float64(94.9), 'ndev': 10000, 'ntest': 10000}","{'devacc': np.float64(89.18), 'acc': np.float64(89.4), 'ndev': 10606, 'ntest': 10606}","{'devacc': np.float64(86.81), 'acc': 87.1, 'ndev': 872, 'ntest': 1821}","{'devacc': np.float64(88.06), 'acc': 93.8, 'ndev': 5452, 'ntest': 500}","{'devacc': np.float64(73.85), 'acc': 72.75, 'f1': 80.42, 'ndev': 4076, 'ntest': 1725}"
deberta-base,SUM-NS_SUM-4-5,"torch.Size([61, 768])",NORMAL,4,0,12,"{'devacc': np.float64(80.48), 'acc': np.float64(80.77), 'ndev': 10662, 'ntest': 10662}","{'devacc': np.float64(82.17), 'acc': np.float64(82.04), 'ndev': 3775, 'ntest': 3775}","{'devacc': np.float64(93.09), 'acc': np.float64(93.45), 'ndev': 10000, 'ntest': 10000}","{'devacc': np.float64(88.41), 'acc': np.float64(88.71), 'ndev': 10606, 'ntest': 10606}","{'devacc': np.float64(85.89), 'acc': 86.33, 'ndev': 872, 'ntest': 1821}","{'devacc': np.float64(86.26), 'acc': 93.0, 'ndev': 5452, 'ntest': 500}","{'devacc': np.float64(71.32), 'acc': 70.14, 'f1': 79.16, 'ndev': 4076, 'ntest': 1725}"
deberta-base,MAX-NS_SUM-4-5,"torch.Size([61, 768])",NORMAL,4,0,12,"{'devacc': np.float64(76.67), 'acc': np.float64(76.77), 'ndev': 10662, 'ntest': 10662}","{'devacc': np.float64(63.05), 'acc': np.float64(65.54), 'ndev': 3775, 'ntest': 3775}","{'devacc': np.float64(91.67), 'acc': np.float64(91.83), 'ndev': 10000, 'ntest': 10000}","{'devacc': np.float64(57.99), 'acc': np.float64(49.46), 'ndev': 10606, 'ntest': 10606}","{'devacc': np.float64(81.08), 'acc': 80.67, 'ndev': 872, 'ntest': 1821}","{'devacc': np.float64(86.39), 'acc': 92.4, 'ndev': 5452, 'ntest': 500}","{'devacc': np.float64(70.29), 'acc': 70.72, 'f1': 78.45, 'ndev': 4076, 'ntest': 1725}"
deberta-base,CLS_SUM-5-6,"torch.Size([61, 768])",NORMAL,4,0,12,"{'devacc': np.float64(63.11), 'acc': np.float64(62.81), 'ndev': 10662, 'ntest': 10662}","{'devacc': np.float64(63.81), 'acc': np.float64(63.84), 'ndev': 3775, 'ntest': 3775}","{'devacc': np.float64(80.59), 'acc': np.float64(80.53), 'ndev': 10000, 'ntest': 10000}","{'devacc': np.float64(69.15), 'acc': np.float64(69.37), 'ndev': 10606, 'ntest': 10606}","{'devacc': np.float64(67.89), 'acc': 67.0, 'ndev': 872, 'ntest': 1821}","{'devacc': np.float64(54.31), 'acc': 62.2, 'ndev': 5452, 'ntest': 500}","{'devacc': np.float64(68.06), 'acc': 66.2, 'f1': 79.07, 'ndev': 4076, 'ntest': 1725}"
deberta-base,AVG_SUM-5-6,"torch.Size([61, 768])",NORMAL,4,0,12,"{'devacc': np.float64(82.73), 'acc': np.float64(82.49), 'ndev': 10662, 'ntest': 10662}","{'devacc': np.float64(88.03), 'acc': np.float64(88.74), 'ndev': 3775, 'ntest': 3775}","{'devacc': np.float64(95.47), 'acc': np.float64(95.55), 'ndev': 10000, 'ntest': 10000}","{'devacc': np.float64(90.24), 'acc': np.float64(90.47), 'ndev': 10606, 'ntest': 10606}","{'devacc': np.float64(87.73), 'acc': 87.86, 'ndev': 872, 'ntest': 1821}","{'devacc': np.float64(88.98), 'acc': 94.8, 'ndev': 5452, 'ntest': 500}","{'devacc': np.float64(73.97), 'acc': 74.9, 'f1': 81.74, 'ndev': 4076, 'ntest': 1725}"
deberta-base,SUM_SUM-5-6,"torch.Size([61, 768])",NORMAL,4,0,12,"{'devacc': np.float64(81.93), 'acc': np.float64(82.0), 'ndev': 10662, 'ntest': 10662}","{'devacc': np.float64(84.65), 'acc': np.float64(85.16), 'ndev': 3775, 'ntest': 3775}","{'devacc': np.float64(93.64), 'acc': np.float64(93.47), 'ndev': 10000, 'ntest': 10000}","{'devacc': np.float64(88.69), 'acc': np.float64(89.2), 'ndev': 10606, 'ntest': 10606}","{'devacc': np.float64(86.01), 'acc': 86.71, 'ndev': 872, 'ntest': 1821}","{'devacc': np.float64(87.55), 'acc': 94.4, 'ndev': 5452, 'ntest': 500}","{'devacc': np.float64(71.05), 'acc': 69.62, 'f1': 78.29, 'ndev': 4076, 'ntest': 1725}"
deberta-base,MAX_SUM-5-6,"torch.Size([61, 768])",NORMAL,4,0,12,"{'devacc': np.float64(78.2), 'acc': np.float64(78.26), 'ndev': 10662, 'ntest': 10662}","{'devacc': np.float64(82.0), 'acc': np.float64(82.54), 'ndev': 3775, 'ntest': 3775}","{'devacc': np.float64(92.37), 'acc': np.float64(92.73), 'ndev': 10000, 'ntest': 10000}","{'devacc': np.float64(88.7), 'acc': np.float64(88.96), 'ndev': 10606, 'ntest': 10606}","{'devacc': np.float64(81.19), 'acc': 82.65, 'ndev': 872, 'ntest': 1821}","{'devacc': np.float64(87.25), 'acc': 93.8, 'ndev': 5452, 'ntest': 500}","{'devacc': np.float64(70.34), 'acc': 71.07, 'f1': 78.46, 'ndev': 4076, 'ntest': 1725}"
deberta-base,AVG-NS_SUM-5-6,"torch.Size([61, 768])",NORMAL,4,0,12,"{'devacc': np.float64(82.63), 'acc': np.float64(82.58), 'ndev': 10662, 'ntest': 10662}","{'devacc': np.float64(87.75), 'acc': np.float64(88.27), 'ndev': 3775, 'ntest': 3775}","{'devacc': np.float64(95.43), 'acc': np.float64(95.46), 'ndev': 10000, 'ntest': 10000}","{'devacc': np.float64(89.86), 'acc': np.float64(90.18), 'ndev': 10606, 'ntest': 10606}","{'devacc': np.float64(87.61), 'acc': 88.14, 'ndev': 872, 'ntest': 1821}","{'devacc': np.float64(89.21), 'acc': 94.4, 'ndev': 5452, 'ntest': 500}","{'devacc': np.float64(73.94), 'acc': 73.28, 'f1': 80.69, 'ndev': 4076, 'ntest': 1725}"
deberta-base,SUM-NS_SUM-5-6,"torch.Size([61, 768])",NORMAL,4,0,12,"{'devacc': np.float64(81.92), 'acc': np.float64(81.77), 'ndev': 10662, 'ntest': 10662}","{'devacc': np.float64(84.48), 'acc': np.float64(85.19), 'ndev': 3775, 'ntest': 3775}","{'devacc': np.float64(93.71), 'acc': np.float64(93.68), 'ndev': 10000, 'ntest': 10000}","{'devacc': np.float64(88.71), 'acc': np.float64(89.26), 'ndev': 10606, 'ntest': 10606}","{'devacc': np.float64(86.12), 'acc': 86.99, 'ndev': 872, 'ntest': 1821}","{'devacc': np.float64(87.71), 'acc': 93.6, 'ndev': 5452, 'ntest': 500}","{'devacc': np.float64(70.98), 'acc': 70.49, 'f1': 79.42, 'ndev': 4076, 'ntest': 1725}"
deberta-base,MAX-NS_SUM-5-6,"torch.Size([61, 768])",NORMAL,4,0,12,"{'devacc': np.float64(78.1), 'acc': np.float64(78.35), 'ndev': 10662, 'ntest': 10662}","{'devacc': np.float64(63.22), 'acc': np.float64(65.72), 'ndev': 3775, 'ntest': 3775}","{'devacc': np.float64(92.35), 'acc': np.float64(92.73), 'ndev': 10000, 'ntest': 10000}","{'devacc': np.float64(58.17), 'acc': np.float64(73.87), 'ndev': 10606, 'ntest': 10606}","{'devacc': np.float64(82.11), 'acc': 82.87, 'ndev': 872, 'ntest': 1821}","{'devacc': np.float64(87.44), 'acc': 92.6, 'ndev': 5452, 'ntest': 500}","{'devacc': np.float64(70.83), 'acc': 70.96, 'f1': 78.6, 'ndev': 4076, 'ntest': 1725}"
deberta-base,CLS_SUM-6-7,"torch.Size([61, 768])",NORMAL,4,0,12,"{'devacc': np.float64(59.82), 'acc': np.float64(53.72), 'ndev': 10662, 'ntest': 10662}","{'devacc': np.float64(63.76), 'acc': np.float64(63.76), 'ndev': 3775, 'ntest': 3775}","{'devacc': np.float64(76.56), 'acc': np.float64(76.56), 'ndev': 10000, 'ntest': 10000}","{'devacc': np.float64(68.77), 'acc': np.float64(68.77), 'ndev': 10606, 'ntest': 10606}","{'devacc': np.float64(50.92), 'acc': 49.92, 'ndev': 872, 'ntest': 1821}","{'devacc': np.float64(55.91), 'acc': 60.6, 'ndev': 5452, 'ntest': 500}","{'devacc': np.float64(67.54), 'acc': 66.49, 'f1': 79.87, 'ndev': 4076, 'ntest': 1725}"
deberta-base,AVG_SUM-6-7,"torch.Size([61, 768])",NORMAL,4,0,12,"{'devacc': np.float64(84.71), 'acc': np.float64(84.68), 'ndev': 10662, 'ntest': 10662}","{'devacc': np.float64(89.58), 'acc': np.float64(90.07), 'ndev': 3775, 'ntest': 3775}","{'devacc': np.float64(95.92), 'acc': np.float64(95.9), 'ndev': 10000, 'ntest': 10000}","{'devacc': np.float64(90.56), 'acc': np.float64(90.72), 'ndev': 10606, 'ntest': 10606}","{'devacc': np.float64(88.99), 'acc': 89.79, 'ndev': 872, 'ntest': 1821}","{'devacc': np.float64(88.76), 'acc': 95.2, 'ndev': 5452, 'ntest': 500}","{'devacc': np.float64(75.56), 'acc': 74.96, 'f1': 81.89, 'ndev': 4076, 'ntest': 1725}"
deberta-base,SUM_SUM-6-7,"torch.Size([61, 768])",NORMAL,4,0,12,"{'devacc': np.float64(83.77), 'acc': np.float64(83.81), 'ndev': 10662, 'ntest': 10662}","{'devacc': np.float64(86.42), 'acc': np.float64(86.62), 'ndev': 3775, 'ntest': 3775}","{'devacc': np.float64(94.14), 'acc': np.float64(94.14), 'ndev': 10000, 'ntest': 10000}","{'devacc': np.float64(89.05), 'acc': np.float64(89.42), 'ndev': 10606, 'ntest': 10606}","{'devacc': np.float64(88.65), 'acc': 89.4, 'ndev': 872, 'ntest': 1821}","{'devacc': np.float64(87.53), 'acc': 95.2, 'ndev': 5452, 'ntest': 500}","{'devacc': np.float64(70.9), 'acc': 70.72, 'f1': 79.07, 'ndev': 4076, 'ntest': 1725}"
deberta-base,MAX_SUM-6-7,"torch.Size([61, 768])",NORMAL,4,0,12,"{'devacc': np.float64(80.48), 'acc': np.float64(80.63), 'ndev': 10662, 'ntest': 10662}","{'devacc': np.float64(84.14), 'acc': np.float64(84.24), 'ndev': 3775, 'ntest': 3775}","{'devacc': np.float64(92.95), 'acc': np.float64(93.07), 'ndev': 10000, 'ntest': 10000}","{'devacc': np.float64(88.83), 'acc': np.float64(88.95), 'ndev': 10606, 'ntest': 10606}","{'devacc': np.float64(84.75), 'acc': 85.94, 'ndev': 872, 'ntest': 1821}","{'devacc': np.float64(87.84), 'acc': 95.0, 'ndev': 5452, 'ntest': 500}","{'devacc': np.float64(71.74), 'acc': 71.83, 'f1': 79.3, 'ndev': 4076, 'ntest': 1725}"
deberta-base,AVG-NS_SUM-6-7,"torch.Size([61, 768])",NORMAL,4,0,12,"{'devacc': np.float64(84.61), 'acc': np.float64(84.72), 'ndev': 10662, 'ntest': 10662}","{'devacc': np.float64(89.42), 'acc': np.float64(89.88), 'ndev': 3775, 'ntest': 3775}","{'devacc': np.float64(95.91), 'acc': np.float64(95.82), 'ndev': 10000, 'ntest': 10000}","{'devacc': np.float64(90.07), 'acc': np.float64(90.29), 'ndev': 10606, 'ntest': 10606}","{'devacc': np.float64(89.45), 'acc': 90.44, 'ndev': 872, 'ntest': 1821}","{'devacc': np.float64(88.74), 'acc': 95.2, 'ndev': 5452, 'ntest': 500}","{'devacc': np.float64(75.17), 'acc': 74.14, 'f1': 81.39, 'ndev': 4076, 'ntest': 1725}"
deberta-base,SUM-NS_SUM-6-7,"torch.Size([61, 768])",NORMAL,4,0,12,"{'devacc': np.float64(83.74), 'acc': np.float64(83.92), 'ndev': 10662, 'ntest': 10662}","{'devacc': np.float64(86.04), 'acc': np.float64(86.2), 'ndev': 3775, 'ntest': 3775}","{'devacc': np.float64(94.15), 'acc': np.float64(94.38), 'ndev': 10000, 'ntest': 10000}","{'devacc': np.float64(89.06), 'acc': np.float64(89.52), 'ndev': 10606, 'ntest': 10606}","{'devacc': np.float64(88.65), 'acc': 89.4, 'ndev': 872, 'ntest': 1821}","{'devacc': np.float64(87.23), 'acc': 95.0, 'ndev': 5452, 'ntest': 500}","{'devacc': np.float64(71.25), 'acc': 71.13, 'f1': 79.64, 'ndev': 4076, 'ntest': 1725}"
deberta-base,MAX-NS_SUM-6-7,"torch.Size([61, 768])",NORMAL,4,0,12,"{'devacc': np.float64(80.4), 'acc': np.float64(80.84), 'ndev': 10662, 'ntest': 10662}","{'devacc': np.float64(63.4), 'acc': np.float64(65.77), 'ndev': 3775, 'ntest': 3775}","{'devacc': np.float64(93.04), 'acc': np.float64(93.33), 'ndev': 10000, 'ntest': 10000}","{'devacc': np.float64(58.24), 'acc': np.float64(72.9), 'ndev': 10606, 'ntest': 10606}","{'devacc': np.float64(85.21), 'acc': 85.56, 'ndev': 872, 'ntest': 1821}","{'devacc': np.float64(87.95), 'acc': 94.8, 'ndev': 5452, 'ntest': 500}","{'devacc': np.float64(71.49), 'acc': 71.88, 'f1': 79.44, 'ndev': 4076, 'ntest': 1725}"
deberta-base,CLS_SUM-7-8,"torch.Size([61, 768])",NORMAL,4,0,12,"{'devacc': np.float64(77.81), 'acc': np.float64(77.7), 'ndev': 10662, 'ntest': 10662}","{'devacc': np.float64(63.76), 'acc': np.float64(63.76), 'ndev': 3775, 'ntest': 3775}","{'devacc': np.float64(89.13), 'acc': np.float64(89.09), 'ndev': 10000, 'ntest': 10000}","{'devacc': np.float64(68.77), 'acc': np.float64(68.77), 'ndev': 10606, 'ntest': 10606}","{'devacc': np.float64(80.28), 'acc': 81.27, 'ndev': 872, 'ntest': 1821}","{'devacc': np.float64(55.04), 'acc': 55.4, 'ndev': 5452, 'ntest': 500}","{'devacc': np.float64(67.54), 'acc': 66.49, 'f1': 79.87, 'ndev': 4076, 'ntest': 1725}"
deberta-base,AVG_SUM-7-8,"torch.Size([61, 768])",NORMAL,4,0,12,"{'devacc': np.float64(85.87), 'acc': np.float64(85.95), 'ndev': 10662, 'ntest': 10662}","{'devacc': np.float64(90.6), 'acc': np.float64(90.73), 'ndev': 3775, 'ntest': 3775}","{'devacc': np.float64(95.97), 'acc': np.float64(95.93), 'ndev': 10000, 'ntest': 10000}","{'devacc': np.float64(90.34), 'acc': np.float64(90.52), 'ndev': 10606, 'ntest': 10606}","{'devacc': np.float64(91.28), 'acc': 91.43, 'ndev': 872, 'ntest': 1821}","{'devacc': np.float64(88.83), 'acc': 95.6, 'ndev': 5452, 'ntest': 500}","{'devacc': np.float64(75.88), 'acc': 75.01, 'f1': 81.93, 'ndev': 4076, 'ntest': 1725}"
deberta-base,SUM_SUM-7-8,"torch.Size([61, 768])",NORMAL,4,0,12,"{'devacc': np.float64(84.82), 'acc': np.float64(84.96), 'ndev': 10662, 'ntest': 10662}","{'devacc': np.float64(87.65), 'acc': np.float64(87.47), 'ndev': 3775, 'ntest': 3775}","{'devacc': np.float64(94.25), 'acc': np.float64(94.46), 'ndev': 10000, 'ntest': 10000}","{'devacc': np.float64(88.76), 'acc': np.float64(89.01), 'ndev': 10606, 'ntest': 10606}","{'devacc': np.float64(90.14), 'acc': 91.05, 'ndev': 872, 'ntest': 1821}","{'devacc': np.float64(87.64), 'acc': 95.8, 'ndev': 5452, 'ntest': 500}","{'devacc': np.float64(71.88), 'acc': 70.96, 'f1': 79.22, 'ndev': 4076, 'ntest': 1725}"
deberta-base,MAX_SUM-7-8,"torch.Size([61, 768])",NORMAL,4,0,12,"{'devacc': np.float64(82.42), 'acc': np.float64(82.59), 'ndev': 10662, 'ntest': 10662}","{'devacc': np.float64(86.04), 'acc': np.float64(86.68), 'ndev': 3775, 'ntest': 3775}","{'devacc': np.float64(93.26), 'acc': np.float64(93.7), 'ndev': 10000, 'ntest': 10000}","{'devacc': np.float64(88.69), 'acc': np.float64(88.97), 'ndev': 10606, 'ntest': 10606}","{'devacc': np.float64(84.75), 'acc': 88.91, 'ndev': 872, 'ntest': 1821}","{'devacc': np.float64(87.93), 'acc': 95.6, 'ndev': 5452, 'ntest': 500}","{'devacc': np.float64(71.91), 'acc': 72.12, 'f1': 79.4, 'ndev': 4076, 'ntest': 1725}"
deberta-base,AVG-NS_SUM-7-8,"torch.Size([61, 768])",NORMAL,4,0,12,"{'devacc': np.float64(85.77), 'acc': np.float64(85.86), 'ndev': 10662, 'ntest': 10662}","{'devacc': np.float64(90.4), 'acc': np.float64(90.6), 'ndev': 3775, 'ntest': 3775}","{'devacc': np.float64(95.95), 'acc': np.float64(95.93), 'ndev': 10000, 'ntest': 10000}","{'devacc': np.float64(89.85), 'acc': np.float64(90.2), 'ndev': 10606, 'ntest': 10606}","{'devacc': np.float64(90.25), 'acc': 91.27, 'ndev': 872, 'ntest': 1821}","{'devacc': np.float64(88.66), 'acc': 95.6, 'ndev': 5452, 'ntest': 500}","{'devacc': np.float64(75.93), 'acc': 76.46, 'f1': 82.93, 'ndev': 4076, 'ntest': 1725}"
deberta-base,SUM-NS_SUM-7-8,"torch.Size([61, 768])",NORMAL,4,0,12,"{'devacc': np.float64(84.83), 'acc': np.float64(84.97), 'ndev': 10662, 'ntest': 10662}","{'devacc': np.float64(87.58), 'acc': np.float64(87.31), 'ndev': 3775, 'ntest': 3775}","{'devacc': np.float64(94.2), 'acc': np.float64(94.4), 'ndev': 10000, 'ntest': 10000}","{'devacc': np.float64(88.78), 'acc': np.float64(89.28), 'ndev': 10606, 'ntest': 10606}","{'devacc': np.float64(89.22), 'acc': 91.16, 'ndev': 872, 'ntest': 1821}","{'devacc': np.float64(87.69), 'acc': 95.8, 'ndev': 5452, 'ntest': 500}","{'devacc': np.float64(72.01), 'acc': 72.99, 'f1': 81.3, 'ndev': 4076, 'ntest': 1725}"
deberta-base,MAX-NS_SUM-7-8,"torch.Size([61, 768])",NORMAL,4,0,12,"{'devacc': np.float64(82.4), 'acc': np.float64(82.49), 'ndev': 10662, 'ntest': 10662}","{'devacc': np.float64(63.63), 'acc': np.float64(65.9), 'ndev': 3775, 'ntest': 3775}","{'devacc': np.float64(93.23), 'acc': np.float64(93.55), 'ndev': 10000, 'ntest': 10000}","{'devacc': np.float64(75.43), 'acc': np.float64(74.14), 'ndev': 10606, 'ntest': 10606}","{'devacc': np.float64(86.01), 'acc': 88.8, 'ndev': 872, 'ntest': 1821}","{'devacc': np.float64(88.13), 'acc': 95.4, 'ndev': 5452, 'ntest': 500}","{'devacc': np.float64(71.69), 'acc': 71.36, 'f1': 79.0, 'ndev': 4076, 'ntest': 1725}"
deberta-base,CLS_SUM-8-9,"torch.Size([61, 768])",NORMAL,4,0,12,"{'devacc': np.float64(81.21), 'acc': np.float64(81.13), 'ndev': 10662, 'ntest': 10662}","{'devacc': np.float64(80.01), 'acc': np.float64(80.82), 'ndev': 3775, 'ntest': 3775}","{'devacc': np.float64(89.53), 'acc': np.float64(89.24), 'ndev': 10000, 'ntest': 10000}","{'devacc': np.float64(82.53), 'acc': np.float64(82.19), 'ndev': 10606, 'ntest': 10606}","{'devacc': np.float64(84.75), 'acc': 87.26, 'ndev': 872, 'ntest': 1821}","{'devacc': np.float64(73.13), 'acc': 88.0, 'ndev': 5452, 'ntest': 500}","{'devacc': np.float64(70.56), 'acc': 71.83, 'f1': 82.03, 'ndev': 4076, 'ntest': 1725}"
deberta-base,AVG_SUM-8-9,"torch.Size([61, 768])",NORMAL,4,0,12,"{'devacc': np.float64(86.67), 'acc': np.float64(86.92), 'ndev': 10662, 'ntest': 10662}","{'devacc': np.float64(91.21), 'acc': np.float64(91.39), 'ndev': 3775, 'ntest': 3775}","{'devacc': np.float64(96.16), 'acc': np.float64(95.99), 'ndev': 10000, 'ntest': 10000}","{'devacc': np.float64(90.31), 'acc': np.float64(90.52), 'ndev': 10606, 'ntest': 10606}","{'devacc': np.float64(91.63), 'acc': 91.76, 'ndev': 872, 'ntest': 1821}","{'devacc': np.float64(89.29), 'acc': 96.0, 'ndev': 5452, 'ntest': 500}","{'devacc': np.float64(76.86), 'acc': 75.77, 'f1': 82.68, 'ndev': 4076, 'ntest': 1725}"
deberta-base,SUM_SUM-8-9,"torch.Size([61, 768])",NORMAL,4,0,12,"{'devacc': np.float64(85.53), 'acc': np.float64(85.87), 'ndev': 10662, 'ntest': 10662}","{'devacc': np.float64(88.72), 'acc': np.float64(88.48), 'ndev': 3775, 'ntest': 3775}","{'devacc': np.float64(94.56), 'acc': np.float64(94.42), 'ndev': 10000, 'ntest': 10000}","{'devacc': np.float64(88.83), 'acc': np.float64(89.34), 'ndev': 10606, 'ntest': 10606}","{'devacc': np.float64(91.74), 'acc': 91.1, 'ndev': 872, 'ntest': 1821}","{'devacc': np.float64(87.34), 'acc': 95.4, 'ndev': 5452, 'ntest': 500}","{'devacc': np.float64(73.68), 'acc': 73.8, 'f1': 81.72, 'ndev': 4076, 'ntest': 1725}"
deberta-base,MAX_SUM-8-9,"torch.Size([61, 768])",NORMAL,4,0,12,"{'devacc': np.float64(83.98), 'acc': np.float64(84.01), 'ndev': 10662, 'ntest': 10662}","{'devacc': np.float64(87.74), 'acc': np.float64(87.44), 'ndev': 3775, 'ntest': 3775}","{'devacc': np.float64(93.56), 'acc': np.float64(93.64), 'ndev': 10000, 'ntest': 10000}","{'devacc': np.float64(88.71), 'acc': np.float64(88.68), 'ndev': 10606, 'ntest': 10606}","{'devacc': np.float64(86.7), 'acc': 88.85, 'ndev': 872, 'ntest': 1821}","{'devacc': np.float64(87.53), 'acc': 95.0, 'ndev': 5452, 'ntest': 500}","{'devacc': np.float64(73.8), 'acc': 72.46, 'f1': 80.03, 'ndev': 4076, 'ntest': 1725}"
deberta-base,AVG-NS_SUM-8-9,"torch.Size([61, 768])",NORMAL,4,0,12,"{'devacc': np.float64(86.53), 'acc': np.float64(86.89), 'ndev': 10662, 'ntest': 10662}","{'devacc': np.float64(90.99), 'acc': np.float64(91.42), 'ndev': 3775, 'ntest': 3775}","{'devacc': np.float64(96.06), 'acc': np.float64(95.95), 'ndev': 10000, 'ntest': 10000}","{'devacc': np.float64(89.78), 'acc': np.float64(90.06), 'ndev': 10606, 'ntest': 10606}","{'devacc': np.float64(91.51), 'acc': 92.37, 'ndev': 872, 'ntest': 1821}","{'devacc': np.float64(89.12), 'acc': 96.2, 'ndev': 5452, 'ntest': 500}","{'devacc': np.float64(76.67), 'acc': 75.54, 'f1': 82.31, 'ndev': 4076, 'ntest': 1725}"
deberta-base,SUM-NS_SUM-8-9,"torch.Size([61, 768])",NORMAL,4,0,12,"{'devacc': np.float64(85.56), 'acc': np.float64(85.85), 'ndev': 10662, 'ntest': 10662}","{'devacc': np.float64(88.58), 'acc': np.float64(88.45), 'ndev': 3775, 'ntest': 3775}","{'devacc': np.float64(94.55), 'acc': np.float64(94.12), 'ndev': 10000, 'ntest': 10000}","{'devacc': np.float64(88.75), 'acc': np.float64(89.18), 'ndev': 10606, 'ntest': 10606}","{'devacc': np.float64(91.28), 'acc': 91.21, 'ndev': 872, 'ntest': 1821}","{'devacc': np.float64(87.44), 'acc': 95.6, 'ndev': 5452, 'ntest': 500}","{'devacc': np.float64(73.14), 'acc': 73.51, 'f1': 81.97, 'ndev': 4076, 'ntest': 1725}"
deberta-base,MAX-NS_SUM-8-9,"torch.Size([61, 768])",NORMAL,4,0,12,"{'devacc': np.float64(83.77), 'acc': np.float64(84.03), 'ndev': 10662, 'ntest': 10662}","{'devacc': np.float64(63.85), 'acc': np.float64(66.22), 'ndev': 3775, 'ntest': 3775}","{'devacc': np.float64(93.52), 'acc': np.float64(93.59), 'ndev': 10000, 'ntest': 10000}","{'devacc': np.float64(75.15), 'acc': np.float64(74.11), 'ndev': 10606, 'ntest': 10606}","{'devacc': np.float64(87.04), 'acc': 89.02, 'ndev': 872, 'ntest': 1821}","{'devacc': np.float64(87.62), 'acc': 94.4, 'ndev': 5452, 'ntest': 500}","{'devacc': np.float64(73.92), 'acc': 70.55, 'f1': 78.23, 'ndev': 4076, 'ntest': 1725}"
deberta-base,CLS_SUM-9-10,"torch.Size([61, 768])",NORMAL,4,0,12,"{'devacc': np.float64(81.79), 'acc': np.float64(81.86), 'ndev': 10662, 'ntest': 10662}","{'devacc': np.float64(81.86), 'acc': np.float64(82.54), 'ndev': 3775, 'ntest': 3775}","{'devacc': np.float64(89.52), 'acc': np.float64(89.67), 'ndev': 10000, 'ntest': 10000}","{'devacc': np.float64(83.02), 'acc': np.float64(83.08), 'ndev': 10606, 'ntest': 10606}","{'devacc': np.float64(84.98), 'acc': 86.99, 'ndev': 872, 'ntest': 1821}","{'devacc': np.float64(74.65), 'acc': 88.2, 'ndev': 5452, 'ntest': 500}","{'devacc': np.float64(71.15), 'acc': 71.01, 'f1': 81.25, 'ndev': 4076, 'ntest': 1725}"
deberta-base,AVG_SUM-9-10,"torch.Size([61, 768])",NORMAL,4,0,12,"{'devacc': np.float64(87.78), 'acc': np.float64(87.95), 'ndev': 10662, 'ntest': 10662}","{'devacc': np.float64(91.72), 'acc': np.float64(92.21), 'ndev': 3775, 'ntest': 3775}","{'devacc': np.float64(96.1), 'acc': np.float64(96.03), 'ndev': 10000, 'ntest': 10000}","{'devacc': np.float64(90.28), 'acc': np.float64(90.44), 'ndev': 10606, 'ntest': 10606}","{'devacc': np.float64(91.4), 'acc': 92.09, 'ndev': 872, 'ntest': 1821}","{'devacc': np.float64(88.1), 'acc': 96.2, 'ndev': 5452, 'ntest': 500}","{'devacc': np.float64(77.04), 'acc': 75.65, 'f1': 82.51, 'ndev': 4076, 'ntest': 1725}"
deberta-base,SUM_SUM-9-10,"torch.Size([61, 768])",NORMAL,4,0,12,"{'devacc': np.float64(86.63), 'acc': np.float64(86.89), 'ndev': 10662, 'ntest': 10662}","{'devacc': np.float64(89.15), 'acc': np.float64(89.09), 'ndev': 3775, 'ntest': 3775}","{'devacc': np.float64(94.73), 'acc': np.float64(94.7), 'ndev': 10000, 'ntest': 10000}","{'devacc': np.float64(88.84), 'acc': np.float64(89.08), 'ndev': 10606, 'ntest': 10606}","{'devacc': np.float64(91.28), 'acc': 91.32, 'ndev': 872, 'ntest': 1821}","{'devacc': np.float64(86.87), 'acc': 95.6, 'ndev': 5452, 'ntest': 500}","{'devacc': np.float64(73.43), 'acc': 73.16, 'f1': 81.26, 'ndev': 4076, 'ntest': 1725}"
deberta-base,MAX_SUM-9-10,"torch.Size([61, 768])",NORMAL,4,0,12,"{'devacc': np.float64(84.94), 'acc': np.float64(85.04), 'ndev': 10662, 'ntest': 10662}","{'devacc': np.float64(89.07), 'acc': np.float64(88.98), 'ndev': 3775, 'ntest': 3775}","{'devacc': np.float64(93.4), 'acc': np.float64(93.58), 'ndev': 10000, 'ntest': 10000}","{'devacc': np.float64(88.85), 'acc': np.float64(89.02), 'ndev': 10606, 'ntest': 10606}","{'devacc': np.float64(88.88), 'acc': 89.79, 'ndev': 872, 'ntest': 1821}","{'devacc': np.float64(86.57), 'acc': 94.8, 'ndev': 5452, 'ntest': 500}","{'devacc': np.float64(73.77), 'acc': 70.96, 'f1': 78.64, 'ndev': 4076, 'ntest': 1725}"
deberta-base,AVG-NS_SUM-9-10,"torch.Size([61, 768])",NORMAL,4,0,12,"{'devacc': np.float64(87.59), 'acc': np.float64(87.74), 'ndev': 10662, 'ntest': 10662}","{'devacc': np.float64(91.63), 'acc': np.float64(91.92), 'ndev': 3775, 'ntest': 3775}","{'devacc': np.float64(96.08), 'acc': np.float64(96.03), 'ndev': 10000, 'ntest': 10000}","{'devacc': np.float64(89.96), 'acc': np.float64(89.96), 'ndev': 10606, 'ntest': 10606}","{'devacc': np.float64(91.06), 'acc': 92.09, 'ndev': 872, 'ntest': 1821}","{'devacc': np.float64(87.97), 'acc': 96.4, 'ndev': 5452, 'ntest': 500}","{'devacc': np.float64(76.72), 'acc': 75.83, 'f1': 82.7, 'ndev': 4076, 'ntest': 1725}"
deberta-base,SUM-NS_SUM-9-10,"torch.Size([61, 768])",NORMAL,4,0,12,"{'devacc': np.float64(86.55), 'acc': np.float64(86.66), 'ndev': 10662, 'ntest': 10662}","{'devacc': np.float64(89.08), 'acc': np.float64(89.06), 'ndev': 3775, 'ntest': 3775}","{'devacc': np.float64(94.75), 'acc': np.float64(94.39), 'ndev': 10000, 'ntest': 10000}","{'devacc': np.float64(88.79), 'acc': np.float64(89.02), 'ndev': 10606, 'ntest': 10606}","{'devacc': np.float64(91.86), 'acc': 90.94, 'ndev': 872, 'ntest': 1821}","{'devacc': np.float64(87.09), 'acc': 95.2, 'ndev': 5452, 'ntest': 500}","{'devacc': np.float64(73.36), 'acc': 73.57, 'f1': 81.7, 'ndev': 4076, 'ntest': 1725}"
deberta-base,MAX-NS_SUM-9-10,"torch.Size([61, 768])",NORMAL,4,0,12,"{'devacc': np.float64(84.9), 'acc': np.float64(84.96), 'ndev': 10662, 'ntest': 10662}","{'devacc': np.float64(64.02), 'acc': np.float64(66.06), 'ndev': 3775, 'ntest': 3775}","{'devacc': np.float64(93.26), 'acc': np.float64(93.59), 'ndev': 10000, 'ntest': 10000}","{'devacc': np.float64(75.31), 'acc': np.float64(74.1), 'ndev': 10606, 'ntest': 10606}","{'devacc': np.float64(88.99), 'acc': 89.73, 'ndev': 872, 'ntest': 1821}","{'devacc': np.float64(86.87), 'acc': 94.2, 'ndev': 5452, 'ntest': 500}","{'devacc': np.float64(73.7), 'acc': 70.38, 'f1': 78.23, 'ndev': 4076, 'ntest': 1725}"
deberta-base,CLS_SUM-10-11,"torch.Size([61, 768])",NORMAL,4,0,12,"{'devacc': np.float64(85.01), 'acc': np.float64(85.06), 'ndev': 10662, 'ntest': 10662}","{'devacc': np.float64(88.42), 'acc': np.float64(88.66), 'ndev': 3775, 'ntest': 3775}","{'devacc': np.float64(94.3), 'acc': np.float64(94.23), 'ndev': 10000, 'ntest': 10000}","{'devacc': np.float64(85.5), 'acc': np.float64(85.73), 'ndev': 10606, 'ntest': 10606}","{'devacc': np.float64(88.19), 'acc': 88.52, 'ndev': 872, 'ntest': 1821}","{'devacc': np.float64(63.21), 'acc': 68.8, 'ndev': 5452, 'ntest': 500}","{'devacc': np.float64(71.79), 'acc': 71.13, 'f1': 80.24, 'ndev': 4076, 'ntest': 1725}"
deberta-base,AVG_SUM-10-11,"torch.Size([61, 768])",NORMAL,4,0,12,"{'devacc': np.float64(88.12), 'acc': np.float64(88.24), 'ndev': 10662, 'ntest': 10662}","{'devacc': np.float64(91.92), 'acc': np.float64(91.97), 'ndev': 3775, 'ntest': 3775}","{'devacc': np.float64(96.13), 'acc': np.float64(96.18), 'ndev': 10000, 'ntest': 10000}","{'devacc': np.float64(90.21), 'acc': np.float64(90.39), 'ndev': 10606, 'ntest': 10606}","{'devacc': np.float64(91.86), 'acc': 92.48, 'ndev': 872, 'ntest': 1821}","{'devacc': np.float64(87.29), 'acc': 95.4, 'ndev': 5452, 'ntest': 500}","{'devacc': np.float64(76.32), 'acc': 75.13, 'f1': 82.31, 'ndev': 4076, 'ntest': 1725}"
deberta-base,SUM_SUM-10-11,"torch.Size([61, 768])",NORMAL,4,0,12,"{'devacc': np.float64(86.92), 'acc': np.float64(86.98), 'ndev': 10662, 'ntest': 10662}","{'devacc': np.float64(89.21), 'acc': np.float64(89.56), 'ndev': 3775, 'ntest': 3775}","{'devacc': np.float64(94.55), 'acc': np.float64(94.51), 'ndev': 10000, 'ntest': 10000}","{'devacc': np.float64(89.01), 'acc': np.float64(89.27), 'ndev': 10606, 'ntest': 10606}","{'devacc': np.float64(92.32), 'acc': 91.38, 'ndev': 872, 'ntest': 1821}","{'devacc': np.float64(86.28), 'acc': 94.8, 'ndev': 5452, 'ntest': 500}","{'devacc': np.float64(72.84), 'acc': 72.58, 'f1': 81.15, 'ndev': 4076, 'ntest': 1725}"
deberta-base,MAX_SUM-10-11,"torch.Size([61, 768])",NORMAL,4,0,12,"{'devacc': np.float64(84.73), 'acc': np.float64(84.88), 'ndev': 10662, 'ntest': 10662}","{'devacc': np.float64(87.97), 'acc': np.float64(87.39), 'ndev': 3775, 'ntest': 3775}","{'devacc': np.float64(93.67), 'acc': np.float64(93.93), 'ndev': 10000, 'ntest': 10000}","{'devacc': np.float64(88.44), 'acc': np.float64(88.77), 'ndev': 10606, 'ntest': 10606}","{'devacc': np.float64(88.65), 'acc': 89.79, 'ndev': 872, 'ntest': 1821}","{'devacc': np.float64(85.75), 'acc': 93.8, 'ndev': 5452, 'ntest': 500}","{'devacc': np.float64(73.23), 'acc': 71.01, 'f1': 78.67, 'ndev': 4076, 'ntest': 1725}"
deberta-base,AVG-NS_SUM-10-11,"torch.Size([61, 768])",NORMAL,4,0,12,"{'devacc': np.float64(87.95), 'acc': np.float64(88.17), 'ndev': 10662, 'ntest': 10662}","{'devacc': np.float64(91.65), 'acc': np.float64(91.5), 'ndev': 3775, 'ntest': 3775}","{'devacc': np.float64(96.15), 'acc': np.float64(96.19), 'ndev': 10000, 'ntest': 10000}","{'devacc': np.float64(89.96), 'acc': np.float64(89.86), 'ndev': 10606, 'ntest': 10606}","{'devacc': np.float64(91.06), 'acc': 92.15, 'ndev': 872, 'ntest': 1821}","{'devacc': np.float64(86.98), 'acc': 95.8, 'ndev': 5452, 'ntest': 500}","{'devacc': np.float64(76.03), 'acc': 75.94, 'f1': 82.9, 'ndev': 4076, 'ntest': 1725}"
deberta-base,SUM-NS_SUM-10-11,"torch.Size([61, 768])",NORMAL,4,0,12,"{'devacc': np.float64(86.88), 'acc': np.float64(86.82), 'ndev': 10662, 'ntest': 10662}","{'devacc': np.float64(89.17), 'acc': np.float64(89.3), 'ndev': 3775, 'ntest': 3775}","{'devacc': np.float64(94.58), 'acc': np.float64(94.39), 'ndev': 10000, 'ntest': 10000}","{'devacc': np.float64(88.93), 'acc': np.float64(89.25), 'ndev': 10606, 'ntest': 10606}","{'devacc': np.float64(91.51), 'acc': 91.38, 'ndev': 872, 'ntest': 1821}","{'devacc': np.float64(86.19), 'acc': 94.6, 'ndev': 5452, 'ntest': 500}","{'devacc': np.float64(72.06), 'acc': 72.58, 'f1': 81.33, 'ndev': 4076, 'ntest': 1725}"
deberta-base,MAX-NS_SUM-10-11,"torch.Size([61, 768])",NORMAL,4,0,12,"{'devacc': np.float64(84.61), 'acc': np.float64(84.79), 'ndev': 10662, 'ntest': 10662}","{'devacc': np.float64(63.87), 'acc': np.float64(65.98), 'ndev': 3775, 'ntest': 3775}","{'devacc': np.float64(93.64), 'acc': np.float64(93.94), 'ndev': 10000, 'ntest': 10000}","{'devacc': np.float64(75.85), 'acc': np.float64(73.4), 'ndev': 10606, 'ntest': 10606}","{'devacc': np.float64(88.19), 'acc': 90.39, 'ndev': 872, 'ntest': 1821}","{'devacc': np.float64(85.56), 'acc': 94.2, 'ndev': 5452, 'ntest': 500}","{'devacc': np.float64(73.45), 'acc': 71.88, 'f1': 79.6, 'ndev': 4076, 'ntest': 1725}"
deberta-base,CLS_SUM-11-12,"torch.Size([61, 768])",NORMAL,4,0,12,"{'devacc': np.float64(85.05), 'acc': np.float64(84.83), 'ndev': 10662, 'ntest': 10662}","{'devacc': np.float64(88.31), 'acc': np.float64(88.19), 'ndev': 3775, 'ntest': 3775}","{'devacc': np.float64(94.49), 'acc': np.float64(94.5), 'ndev': 10000, 'ntest': 10000}","{'devacc': np.float64(87.59), 'acc': np.float64(87.45), 'ndev': 10606, 'ntest': 10606}","{'devacc': np.float64(85.32), 'acc': 86.88, 'ndev': 872, 'ntest': 1821}","{'devacc': np.float64(64.36), 'acc': 72.6, 'ndev': 5452, 'ntest': 500}","{'devacc': np.float64(70.73), 'acc': 72.17, 'f1': 80.98, 'ndev': 4076, 'ntest': 1725}"
deberta-base,AVG_SUM-11-12,"torch.Size([61, 768])",NORMAL,4,0,12,"{'devacc': np.float64(87.42), 'acc': np.float64(87.51), 'ndev': 10662, 'ntest': 10662}","{'devacc': np.float64(90.83), 'acc': np.float64(91.18), 'ndev': 3775, 'ntest': 3775}","{'devacc': np.float64(95.75), 'acc': np.float64(95.75), 'ndev': 10000, 'ntest': 10000}","{'devacc': np.float64(89.7), 'acc': np.float64(89.93), 'ndev': 10606, 'ntest': 10606}","{'devacc': np.float64(91.06), 'acc': 91.93, 'ndev': 872, 'ntest': 1821}","{'devacc': np.float64(84.13), 'acc': 93.0, 'ndev': 5452, 'ntest': 500}","{'devacc': np.float64(72.13), 'acc': 70.32, 'f1': 79.6, 'ndev': 4076, 'ntest': 1725}"
deberta-base,SUM_SUM-11-12,"torch.Size([61, 768])",NORMAL,4,0,12,"{'devacc': np.float64(87.02), 'acc': np.float64(86.87), 'ndev': 10662, 'ntest': 10662}","{'devacc': np.float64(89.9), 'acc': np.float64(89.83), 'ndev': 3775, 'ntest': 3775}","{'devacc': np.float64(95.22), 'acc': np.float64(95.15), 'ndev': 10000, 'ntest': 10000}","{'devacc': np.float64(89.0), 'acc': np.float64(89.12), 'ndev': 10606, 'ntest': 10606}","{'devacc': np.float64(91.06), 'acc': 91.43, 'ndev': 872, 'ntest': 1821}","{'devacc': np.float64(83.68), 'acc': 93.4, 'ndev': 5452, 'ntest': 500}","{'devacc': np.float64(70.07), 'acc': 68.06, 'f1': 79.75, 'ndev': 4076, 'ntest': 1725}"
deberta-base,MAX_SUM-11-12,"torch.Size([61, 768])",NORMAL,4,0,12,"{'devacc': np.float64(82.88), 'acc': np.float64(82.97), 'ndev': 10662, 'ntest': 10662}","{'devacc': np.float64(86.08), 'acc': np.float64(86.12), 'ndev': 3775, 'ntest': 3775}","{'devacc': np.float64(92.59), 'acc': np.float64(92.72), 'ndev': 10000, 'ntest': 10000}","{'devacc': np.float64(87.93), 'acc': np.float64(88.02), 'ndev': 10606, 'ntest': 10606}","{'devacc': np.float64(86.01), 'acc': 87.75, 'ndev': 872, 'ntest': 1821}","{'devacc': np.float64(82.26), 'acc': 90.6, 'ndev': 5452, 'ntest': 500}","{'devacc': np.float64(70.93), 'acc': 70.96, 'f1': 80.21, 'ndev': 4076, 'ntest': 1725}"
deberta-base,AVG-NS_SUM-11-12,"torch.Size([61, 768])",NORMAL,4,0,12,"{'devacc': np.float64(87.42), 'acc': np.float64(87.58), 'ndev': 10662, 'ntest': 10662}","{'devacc': np.float64(90.76), 'acc': np.float64(90.92), 'ndev': 3775, 'ntest': 3775}","{'devacc': np.float64(95.74), 'acc': np.float64(95.65), 'ndev': 10000, 'ntest': 10000}","{'devacc': np.float64(89.54), 'acc': np.float64(89.59), 'ndev': 10606, 'ntest': 10606}","{'devacc': np.float64(90.94), 'acc': 92.26, 'ndev': 872, 'ntest': 1821}","{'devacc': np.float64(84.28), 'acc': 91.8, 'ndev': 5452, 'ntest': 500}","{'devacc': np.float64(72.1), 'acc': 70.67, 'f1': 79.74, 'ndev': 4076, 'ntest': 1725}"
deberta-base,SUM-NS_SUM-11-12,"torch.Size([61, 768])",NORMAL,4,0,12,"{'devacc': np.float64(86.89), 'acc': np.float64(87.08), 'ndev': 10662, 'ntest': 10662}","{'devacc': np.float64(89.59), 'acc': np.float64(89.4), 'ndev': 3775, 'ntest': 3775}","{'devacc': np.float64(95.1), 'acc': np.float64(95.15), 'ndev': 10000, 'ntest': 10000}","{'devacc': np.float64(88.98), 'acc': np.float64(88.95), 'ndev': 10606, 'ntest': 10606}","{'devacc': np.float64(90.94), 'acc': 91.49, 'ndev': 872, 'ntest': 1821}","{'devacc': np.float64(84.08), 'acc': 93.6, 'ndev': 5452, 'ntest': 500}","{'devacc': np.float64(69.85), 'acc': 68.87, 'f1': 80.28, 'ndev': 4076, 'ntest': 1725}"
deberta-base,MAX-NS_SUM-11-12,"torch.Size([61, 768])",NORMAL,4,0,12,"{'devacc': np.float64(82.7), 'acc': np.float64(82.93), 'ndev': 10662, 'ntest': 10662}","{'devacc': np.float64(66.47), 'acc': np.float64(65.72), 'ndev': 3775, 'ntest': 3775}","{'devacc': np.float64(92.57), 'acc': np.float64(92.69), 'ndev': 10000, 'ntest': 10000}","{'devacc': np.float64(77.0), 'acc': np.float64(74.25), 'ndev': 10606, 'ntest': 10606}","{'devacc': np.float64(84.75), 'acc': 87.59, 'ndev': 872, 'ntest': 1821}","{'devacc': np.float64(82.63), 'acc': 92.0, 'ndev': 5452, 'ntest': 500}","{'devacc': np.float64(71.64), 'acc': 70.2, 'f1': 79.59, 'ndev': 4076, 'ntest': 1725}"
deberta-base,CLS_SUM-1-3,"torch.Size([61, 768])",NORMAL,4,0,12,"{'devacc': np.float64(69.27), 'acc': np.float64(69.43), 'ndev': 10662, 'ntest': 10662}","{'devacc': np.float64(71.29), 'acc': np.float64(71.68), 'ndev': 3775, 'ntest': 3775}","{'devacc': np.float64(87.22), 'acc': np.float64(87.55), 'ndev': 10000, 'ntest': 10000}","{'devacc': np.float64(84.29), 'acc': np.float64(84.59), 'ndev': 10606, 'ntest': 10606}","{'devacc': np.float64(70.53), 'acc': 70.51, 'ndev': 872, 'ntest': 1821}","{'devacc': np.float64(63.85), 'acc': 66.4, 'ndev': 5452, 'ntest': 500}","{'devacc': np.float64(68.06), 'acc': 67.42, 'f1': 79.78, 'ndev': 4076, 'ntest': 1725}"
deberta-base,AVG_SUM-1-3,"torch.Size([61, 768])",NORMAL,4,0,12,"{'devacc': np.float64(78.67), 'acc': np.float64(78.82), 'ndev': 10662, 'ntest': 10662}","{'devacc': np.float64(80.65), 'acc': np.float64(80.77), 'ndev': 3775, 'ntest': 3775}","{'devacc': np.float64(93.52), 'acc': np.float64(93.55), 'ndev': 10000, 'ntest': 10000}","{'devacc': np.float64(88.93), 'acc': np.float64(89.17), 'ndev': 10606, 'ntest': 10606}","{'devacc': np.float64(83.72), 'acc': 83.36, 'ndev': 872, 'ntest': 1821}","{'devacc': np.float64(84.26), 'acc': 90.4, 'ndev': 5452, 'ntest': 500}","{'devacc': np.float64(73.87), 'acc': 73.28, 'f1': 80.7, 'ndev': 4076, 'ntest': 1725}"
deberta-base,SUM_SUM-1-3,"torch.Size([61, 768])",NORMAL,4,0,12,"{'devacc': np.float64(77.98), 'acc': np.float64(78.08), 'ndev': 10662, 'ntest': 10662}","{'devacc': np.float64(77.54), 'acc': np.float64(77.67), 'ndev': 3775, 'ntest': 3775}","{'devacc': np.float64(91.79), 'acc': np.float64(92.23), 'ndev': 10000, 'ntest': 10000}","{'devacc': np.float64(87.85), 'acc': np.float64(88.14), 'ndev': 10606, 'ntest': 10606}","{'devacc': np.float64(83.37), 'acc': 83.31, 'ndev': 872, 'ntest': 1821}","{'devacc': np.float64(82.37), 'acc': 89.0, 'ndev': 5452, 'ntest': 500}","{'devacc': np.float64(69.87), 'acc': 70.72, 'f1': 79.5, 'ndev': 4076, 'ntest': 1725}"
deberta-base,MAX_SUM-1-3,"torch.Size([61, 768])",NORMAL,4,0,12,"{'devacc': np.float64(73.18), 'acc': np.float64(73.21), 'ndev': 10662, 'ntest': 10662}","{'devacc': np.float64(75.63), 'acc': np.float64(76.21), 'ndev': 3775, 'ntest': 3775}","{'devacc': np.float64(89.14), 'acc': np.float64(89.17), 'ndev': 10000, 'ntest': 10000}","{'devacc': np.float64(87.42), 'acc': np.float64(87.98), 'ndev': 10606, 'ntest': 10606}","{'devacc': np.float64(77.52), 'acc': 77.21, 'ndev': 872, 'ntest': 1821}","{'devacc': np.float64(82.19), 'acc': 87.4, 'ndev': 5452, 'ntest': 500}","{'devacc': np.float64(68.96), 'acc': 68.64, 'f1': 76.85, 'ndev': 4076, 'ntest': 1725}"
deberta-base,AVG-NS_SUM-1-3,"torch.Size([61, 768])",NORMAL,4,0,12,"{'devacc': np.float64(78.23), 'acc': np.float64(78.53), 'ndev': 10662, 'ntest': 10662}","{'devacc': np.float64(80.17), 'acc': np.float64(80.64), 'ndev': 3775, 'ntest': 3775}","{'devacc': np.float64(93.37), 'acc': np.float64(93.54), 'ndev': 10000, 'ntest': 10000}","{'devacc': np.float64(88.44), 'acc': np.float64(88.79), 'ndev': 10606, 'ntest': 10606}","{'devacc': np.float64(83.03), 'acc': 82.81, 'ndev': 872, 'ntest': 1821}","{'devacc': np.float64(83.48), 'acc': 90.0, 'ndev': 5452, 'ntest': 500}","{'devacc': np.float64(74.39), 'acc': 72.35, 'f1': 79.86, 'ndev': 4076, 'ntest': 1725}"
deberta-base,SUM-NS_SUM-1-3,"torch.Size([61, 768])",NORMAL,4,0,12,"{'devacc': np.float64(77.69), 'acc': np.float64(77.88), 'ndev': 10662, 'ntest': 10662}","{'devacc': np.float64(77.24), 'acc': np.float64(77.88), 'ndev': 3775, 'ntest': 3775}","{'devacc': np.float64(91.68), 'acc': np.float64(91.7), 'ndev': 10000, 'ntest': 10000}","{'devacc': np.float64(87.81), 'acc': np.float64(87.93), 'ndev': 10606, 'ntest': 10606}","{'devacc': np.float64(82.22), 'acc': 83.25, 'ndev': 872, 'ntest': 1821}","{'devacc': np.float64(82.45), 'acc': 89.0, 'ndev': 5452, 'ntest': 500}","{'devacc': np.float64(70.22), 'acc': 70.55, 'f1': 79.21, 'ndev': 4076, 'ntest': 1725}"
deberta-base,MAX-NS_SUM-1-3,"torch.Size([61, 768])",NORMAL,4,0,12,"{'devacc': np.float64(72.92), 'acc': np.float64(73.01), 'ndev': 10662, 'ntest': 10662}","{'devacc': np.float64(62.55), 'acc': np.float64(64.87), 'ndev': 3775, 'ntest': 3775}","{'devacc': np.float64(89.16), 'acc': np.float64(89.25), 'ndev': 10000, 'ntest': 10000}","{'devacc': np.float64(74.92), 'acc': np.float64(49.12), 'ndev': 10606, 'ntest': 10606}","{'devacc': np.float64(77.98), 'acc': 77.87, 'ndev': 872, 'ntest': 1821}","{'devacc': np.float64(82.3), 'acc': 88.0, 'ndev': 5452, 'ntest': 500}","{'devacc': np.float64(69.09), 'acc': 69.62, 'f1': 77.61, 'ndev': 4076, 'ntest': 1725}"
deberta-base,CLS_SUM-2-4,"torch.Size([61, 768])",NORMAL,4,0,12,"{'devacc': np.float64(69.12), 'acc': np.float64(69.28), 'ndev': 10662, 'ntest': 10662}","{'devacc': np.float64(69.57), 'acc': np.float64(70.15), 'ndev': 3775, 'ntest': 3775}","{'devacc': np.float64(87.6), 'acc': np.float64(87.77), 'ndev': 10000, 'ntest': 10000}","{'devacc': np.float64(84.67), 'acc': np.float64(84.77), 'ndev': 10606, 'ntest': 10606}","{'devacc': np.float64(71.79), 'acc': 71.5, 'ndev': 872, 'ntest': 1821}","{'devacc': np.float64(66.36), 'acc': 67.2, 'ndev': 5452, 'ntest': 500}","{'devacc': np.float64(68.43), 'acc': 68.35, 'f1': 79.69, 'ndev': 4076, 'ntest': 1725}"
deberta-base,AVG_SUM-2-4,"torch.Size([61, 768])",NORMAL,4,0,12,"{'devacc': np.float64(79.96), 'acc': np.float64(80.02), 'ndev': 10662, 'ntest': 10662}","{'devacc': np.float64(82.94), 'acc': np.float64(83.26), 'ndev': 3775, 'ntest': 3775}","{'devacc': np.float64(94.1), 'acc': np.float64(94.17), 'ndev': 10000, 'ntest': 10000}","{'devacc': np.float64(89.28), 'acc': np.float64(89.37), 'ndev': 10606, 'ntest': 10606}","{'devacc': np.float64(85.78), 'acc': 85.39, 'ndev': 872, 'ntest': 1821}","{'devacc': np.float64(85.07), 'acc': 92.4, 'ndev': 5452, 'ntest': 500}","{'devacc': np.float64(74.53), 'acc': 73.57, 'f1': 80.71, 'ndev': 4076, 'ntest': 1725}"
deberta-base,SUM_SUM-2-4,"torch.Size([61, 768])",NORMAL,4,0,12,"{'devacc': np.float64(79.32), 'acc': np.float64(79.72), 'ndev': 10662, 'ntest': 10662}","{'devacc': np.float64(79.96), 'acc': np.float64(80.69), 'ndev': 3775, 'ntest': 3775}","{'devacc': np.float64(92.48), 'acc': np.float64(92.73), 'ndev': 10000, 'ntest': 10000}","{'devacc': np.float64(88.28), 'acc': np.float64(88.51), 'ndev': 10606, 'ntest': 10606}","{'devacc': np.float64(84.52), 'acc': 84.68, 'ndev': 872, 'ntest': 1821}","{'devacc': np.float64(83.71), 'acc': 90.8, 'ndev': 5452, 'ntest': 500}","{'devacc': np.float64(70.49), 'acc': 70.61, 'f1': 79.82, 'ndev': 4076, 'ntest': 1725}"
deberta-base,MAX_SUM-2-4,"torch.Size([61, 768])",NORMAL,4,0,12,"{'devacc': np.float64(74.75), 'acc': np.float64(74.93), 'ndev': 10662, 'ntest': 10662}","{'devacc': np.float64(77.87), 'acc': np.float64(78.57), 'ndev': 3775, 'ntest': 3775}","{'devacc': np.float64(90.11), 'acc': np.float64(90.63), 'ndev': 10000, 'ntest': 10000}","{'devacc': np.float64(87.84), 'acc': np.float64(88.25), 'ndev': 10606, 'ntest': 10606}","{'devacc': np.float64(78.67), 'acc': 78.69, 'ndev': 872, 'ntest': 1821}","{'devacc': np.float64(84.17), 'acc': 91.6, 'ndev': 5452, 'ntest': 500}","{'devacc': np.float64(70.41), 'acc': 69.68, 'f1': 77.74, 'ndev': 4076, 'ntest': 1725}"
deberta-base,AVG-NS_SUM-2-4,"torch.Size([61, 768])",NORMAL,4,0,12,"{'devacc': np.float64(79.65), 'acc': np.float64(79.54), 'ndev': 10662, 'ntest': 10662}","{'devacc': np.float64(82.22), 'acc': np.float64(82.68), 'ndev': 3775, 'ntest': 3775}","{'devacc': np.float64(93.98), 'acc': np.float64(94.11), 'ndev': 10000, 'ntest': 10000}","{'devacc': np.float64(88.71), 'acc': np.float64(88.99), 'ndev': 10606, 'ntest': 10606}","{'devacc': np.float64(85.89), 'acc': 84.79, 'ndev': 872, 'ntest': 1821}","{'devacc': np.float64(85.09), 'acc': 92.4, 'ndev': 5452, 'ntest': 500}","{'devacc': np.float64(74.93), 'acc': 74.2, 'f1': 81.36, 'ndev': 4076, 'ntest': 1725}"
deberta-base,SUM-NS_SUM-2-4,"torch.Size([61, 768])",NORMAL,4,0,12,"{'devacc': np.float64(79.11), 'acc': np.float64(79.27), 'ndev': 10662, 'ntest': 10662}","{'devacc': np.float64(79.72), 'acc': np.float64(80.34), 'ndev': 3775, 'ntest': 3775}","{'devacc': np.float64(92.52), 'acc': np.float64(92.92), 'ndev': 10000, 'ntest': 10000}","{'devacc': np.float64(88.22), 'acc': np.float64(88.42), 'ndev': 10606, 'ntest': 10606}","{'devacc': np.float64(83.94), 'acc': 84.84, 'ndev': 872, 'ntest': 1821}","{'devacc': np.float64(83.84), 'acc': 90.8, 'ndev': 5452, 'ntest': 500}","{'devacc': np.float64(71.03), 'acc': 70.14, 'f1': 79.28, 'ndev': 4076, 'ntest': 1725}"
deberta-base,MAX-NS_SUM-2-4,"torch.Size([61, 768])",NORMAL,4,0,12,"{'devacc': np.float64(74.63), 'acc': np.float64(74.94), 'ndev': 10662, 'ntest': 10662}","{'devacc': np.float64(62.67), 'acc': np.float64(64.79), 'ndev': 3775, 'ntest': 3775}","{'devacc': np.float64(90.29), 'acc': np.float64(90.79), 'ndev': 10000, 'ntest': 10000}","{'devacc': np.float64(57.82), 'acc': np.float64(49.28), 'ndev': 10606, 'ntest': 10606}","{'devacc': np.float64(79.59), 'acc': 78.47, 'ndev': 872, 'ntest': 1821}","{'devacc': np.float64(84.17), 'acc': 90.4, 'ndev': 5452, 'ntest': 500}","{'devacc': np.float64(70.58), 'acc': 70.43, 'f1': 78.3, 'ndev': 4076, 'ntest': 1725}"
deberta-base,CLS_SUM-3-5,"torch.Size([61, 768])",NORMAL,4,0,12,"{'devacc': np.float64(69.81), 'acc': np.float64(70.07), 'ndev': 10662, 'ntest': 10662}","{'devacc': np.float64(69.61), 'acc': np.float64(70.25), 'ndev': 3775, 'ntest': 3775}","{'devacc': np.float64(87.91), 'acc': np.float64(88.06), 'ndev': 10000, 'ntest': 10000}","{'devacc': np.float64(83.7), 'acc': np.float64(83.81), 'ndev': 10606, 'ntest': 10606}","{'devacc': np.float64(73.74), 'acc': 74.74, 'ndev': 872, 'ntest': 1821}","{'devacc': np.float64(65.9), 'acc': 69.0, 'ndev': 5452, 'ntest': 500}","{'devacc': np.float64(68.84), 'acc': 68.35, 'f1': 79.76, 'ndev': 4076, 'ntest': 1725}"
deberta-base,AVG_SUM-3-5,"torch.Size([61, 768])",NORMAL,4,0,12,"{'devacc': np.float64(80.93), 'acc': np.float64(80.95), 'ndev': 10662, 'ntest': 10662}","{'devacc': np.float64(84.66), 'acc': np.float64(85.11), 'ndev': 3775, 'ntest': 3775}","{'devacc': np.float64(94.51), 'acc': np.float64(94.62), 'ndev': 10000, 'ntest': 10000}","{'devacc': np.float64(89.4), 'acc': np.float64(89.56), 'ndev': 10606, 'ntest': 10606}","{'devacc': np.float64(86.01), 'acc': 86.55, 'ndev': 872, 'ntest': 1821}","{'devacc': np.float64(86.54), 'acc': 93.0, 'ndev': 5452, 'ntest': 500}","{'devacc': np.float64(75.03), 'acc': 73.39, 'f1': 80.38, 'ndev': 4076, 'ntest': 1725}"
deberta-base,SUM_SUM-3-5,"torch.Size([61, 768])",NORMAL,4,0,12,"{'devacc': np.float64(80.46), 'acc': np.float64(80.69), 'ndev': 10662, 'ntest': 10662}","{'devacc': np.float64(81.93), 'acc': np.float64(82.49), 'ndev': 3775, 'ntest': 3775}","{'devacc': np.float64(92.98), 'acc': np.float64(93.17), 'ndev': 10000, 'ntest': 10000}","{'devacc': np.float64(88.4), 'acc': np.float64(88.71), 'ndev': 10606, 'ntest': 10606}","{'devacc': np.float64(85.55), 'acc': 86.44, 'ndev': 872, 'ntest': 1821}","{'devacc': np.float64(85.53), 'acc': 92.8, 'ndev': 5452, 'ntest': 500}","{'devacc': np.float64(70.73), 'acc': 70.2, 'f1': 79.34, 'ndev': 4076, 'ntest': 1725}"
deberta-base,MAX_SUM-3-5,"torch.Size([61, 768])",NORMAL,4,0,12,"{'devacc': np.float64(76.31), 'acc': np.float64(76.6), 'ndev': 10662, 'ntest': 10662}","{'devacc': np.float64(79.42), 'acc': np.float64(80.34), 'ndev': 3775, 'ntest': 3775}","{'devacc': np.float64(91.16), 'acc': np.float64(91.42), 'ndev': 10000, 'ntest': 10000}","{'devacc': np.float64(88.23), 'acc': np.float64(88.51), 'ndev': 10606, 'ntest': 10606}","{'devacc': np.float64(81.42), 'acc': 80.4, 'ndev': 872, 'ntest': 1821}","{'devacc': np.float64(85.75), 'acc': 93.2, 'ndev': 5452, 'ntest': 500}","{'devacc': np.float64(71.1), 'acc': 71.25, 'f1': 79.07, 'ndev': 4076, 'ntest': 1725}"
deberta-base,AVG-NS_SUM-3-5,"torch.Size([61, 768])",NORMAL,4,0,12,"{'devacc': np.float64(80.64), 'acc': np.float64(80.66), 'ndev': 10662, 'ntest': 10662}","{'devacc': np.float64(84.24), 'acc': np.float64(84.85), 'ndev': 3775, 'ntest': 3775}","{'devacc': np.float64(94.48), 'acc': np.float64(94.67), 'ndev': 10000, 'ntest': 10000}","{'devacc': np.float64(88.9), 'acc': np.float64(89.29), 'ndev': 10606, 'ntest': 10606}","{'devacc': np.float64(86.93), 'acc': 86.55, 'ndev': 872, 'ntest': 1821}","{'devacc': np.float64(86.41), 'acc': 93.6, 'ndev': 5452, 'ntest': 500}","{'devacc': np.float64(75.02), 'acc': 74.78, 'f1': 81.75, 'ndev': 4076, 'ntest': 1725}"
deberta-base,SUM-NS_SUM-3-5,"torch.Size([61, 768])",NORMAL,4,0,12,"{'devacc': np.float64(80.28), 'acc': np.float64(80.46), 'ndev': 10662, 'ntest': 10662}","{'devacc': np.float64(81.66), 'acc': np.float64(82.07), 'ndev': 3775, 'ntest': 3775}","{'devacc': np.float64(92.89), 'acc': np.float64(93.09), 'ndev': 10000, 'ntest': 10000}","{'devacc': np.float64(88.37), 'acc': np.float64(88.55), 'ndev': 10606, 'ntest': 10606}","{'devacc': np.float64(85.67), 'acc': 86.55, 'ndev': 872, 'ntest': 1821}","{'devacc': np.float64(85.68), 'acc': 93.2, 'ndev': 5452, 'ntest': 500}","{'devacc': np.float64(71.12), 'acc': 69.57, 'f1': 78.75, 'ndev': 4076, 'ntest': 1725}"
deberta-base,MAX-NS_SUM-3-5,"torch.Size([61, 768])",NORMAL,4,0,12,"{'devacc': np.float64(75.98), 'acc': np.float64(76.08), 'ndev': 10662, 'ntest': 10662}","{'devacc': np.float64(62.9), 'acc': np.float64(65.46), 'ndev': 3775, 'ntest': 3775}","{'devacc': np.float64(91.18), 'acc': np.float64(91.41), 'ndev': 10000, 'ntest': 10000}","{'devacc': np.float64(57.89), 'acc': np.float64(49.34), 'ndev': 10606, 'ntest': 10606}","{'devacc': np.float64(81.54), 'acc': 80.34, 'ndev': 872, 'ntest': 1821}","{'devacc': np.float64(85.99), 'acc': 92.8, 'ndev': 5452, 'ntest': 500}","{'devacc': np.float64(71.0), 'acc': 71.3, 'f1': 79.11, 'ndev': 4076, 'ntest': 1725}"
deberta-base,CLS_SUM-4-6,"torch.Size([61, 768])",NORMAL,4,0,12,"{'devacc': np.float64(65.37), 'acc': np.float64(65.83), 'ndev': 10662, 'ntest': 10662}","{'devacc': np.float64(63.85), 'acc': np.float64(63.92), 'ndev': 3775, 'ntest': 3775}","{'devacc': np.float64(82.4), 'acc': np.float64(82.84), 'ndev': 10000, 'ntest': 10000}","{'devacc': np.float64(69.47), 'acc': np.float64(69.57), 'ndev': 10606, 'ntest': 10606}","{'devacc': np.float64(74.31), 'acc': 74.03, 'ndev': 872, 'ntest': 1821}","{'devacc': np.float64(57.39), 'acc': 66.4, 'ndev': 5452, 'ntest': 500}","{'devacc': np.float64(67.81), 'acc': 66.55, 'f1': 79.22, 'ndev': 4076, 'ntest': 1725}"
deberta-base,AVG_SUM-4-6,"torch.Size([61, 768])",NORMAL,4,0,12,"{'devacc': np.float64(82.27), 'acc': np.float64(81.96), 'ndev': 10662, 'ntest': 10662}","{'devacc': np.float64(87.06), 'acc': np.float64(86.99), 'ndev': 3775, 'ntest': 3775}","{'devacc': np.float64(95.1), 'acc': np.float64(95.01), 'ndev': 10000, 'ntest': 10000}","{'devacc': np.float64(89.87), 'acc': np.float64(90.09), 'ndev': 10606, 'ntest': 10606}","{'devacc': np.float64(86.81), 'acc': 87.86, 'ndev': 872, 'ntest': 1821}","{'devacc': np.float64(88.37), 'acc': 94.2, 'ndev': 5452, 'ntest': 500}","{'devacc': np.float64(74.63), 'acc': 74.67, 'f1': 81.62, 'ndev': 4076, 'ntest': 1725}"
deberta-base,SUM_SUM-4-6,"torch.Size([61, 768])",NORMAL,4,0,12,"{'devacc': np.float64(81.45), 'acc': np.float64(81.55), 'ndev': 10662, 'ntest': 10662}","{'devacc': np.float64(83.89), 'acc': np.float64(84.13), 'ndev': 3775, 'ntest': 3775}","{'devacc': np.float64(93.4), 'acc': np.float64(93.44), 'ndev': 10000, 'ntest': 10000}","{'devacc': np.float64(88.84), 'acc': np.float64(89.01), 'ndev': 10606, 'ntest': 10606}","{'devacc': np.float64(85.89), 'acc': 87.15, 'ndev': 872, 'ntest': 1821}","{'devacc': np.float64(86.89), 'acc': 94.2, 'ndev': 5452, 'ntest': 500}","{'devacc': np.float64(70.51), 'acc': 70.49, 'f1': 79.27, 'ndev': 4076, 'ntest': 1725}"
deberta-base,MAX_SUM-4-6,"torch.Size([61, 768])",NORMAL,4,0,12,"{'devacc': np.float64(77.5), 'acc': np.float64(77.65), 'ndev': 10662, 'ntest': 10662}","{'devacc': np.float64(81.27), 'acc': np.float64(81.88), 'ndev': 3775, 'ntest': 3775}","{'devacc': np.float64(91.94), 'acc': np.float64(92.34), 'ndev': 10000, 'ntest': 10000}","{'devacc': np.float64(88.47), 'acc': np.float64(88.88), 'ndev': 10606, 'ntest': 10606}","{'devacc': np.float64(82.0), 'acc': 81.22, 'ndev': 872, 'ntest': 1821}","{'devacc': np.float64(86.78), 'acc': 92.8, 'ndev': 5452, 'ntest': 500}","{'devacc': np.float64(70.98), 'acc': 71.19, 'f1': 78.97, 'ndev': 4076, 'ntest': 1725}"
deberta-base,AVG-NS_SUM-4-6,"torch.Size([61, 768])",NORMAL,4,0,12,"{'devacc': np.float64(82.07), 'acc': np.float64(81.94), 'ndev': 10662, 'ntest': 10662}","{'devacc': np.float64(86.57), 'acc': np.float64(87.02), 'ndev': 3775, 'ntest': 3775}","{'devacc': np.float64(95.05), 'acc': np.float64(95.1), 'ndev': 10000, 'ntest': 10000}","{'devacc': np.float64(89.47), 'acc': np.float64(89.73), 'ndev': 10606, 'ntest': 10606}","{'devacc': np.float64(87.5), 'acc': 87.59, 'ndev': 872, 'ntest': 1821}","{'devacc': np.float64(88.61), 'acc': 93.8, 'ndev': 5452, 'ntest': 500}","{'devacc': np.float64(75.27), 'acc': 74.09, 'f1': 81.15, 'ndev': 4076, 'ntest': 1725}"
deberta-base,SUM-NS_SUM-4-6,"torch.Size([61, 768])",NORMAL,4,0,12,"{'devacc': np.float64(81.6), 'acc': np.float64(81.49), 'ndev': 10662, 'ntest': 10662}","{'devacc': np.float64(83.84), 'acc': np.float64(84.13), 'ndev': 3775, 'ntest': 3775}","{'devacc': np.float64(93.36), 'acc': np.float64(93.34), 'ndev': 10000, 'ntest': 10000}","{'devacc': np.float64(88.84), 'acc': np.float64(88.82), 'ndev': 10606, 'ntest': 10606}","{'devacc': np.float64(85.89), 'acc': 87.26, 'ndev': 872, 'ntest': 1821}","{'devacc': np.float64(87.25), 'acc': 94.6, 'ndev': 5452, 'ntest': 500}","{'devacc': np.float64(70.58), 'acc': 70.09, 'f1': 79.26, 'ndev': 4076, 'ntest': 1725}"
deberta-base,MAX-NS_SUM-4-6,"torch.Size([61, 768])",NORMAL,4,0,12,"{'devacc': np.float64(77.54), 'acc': np.float64(77.59), 'ndev': 10662, 'ntest': 10662}","{'devacc': np.float64(63.17), 'acc': np.float64(65.69), 'ndev': 3775, 'ntest': 3775}","{'devacc': np.float64(91.94), 'acc': np.float64(92.03), 'ndev': 10000, 'ntest': 10000}","{'devacc': np.float64(58.09), 'acc': np.float64(49.52), 'ndev': 10606, 'ntest': 10606}","{'devacc': np.float64(83.6), 'acc': 81.66, 'ndev': 872, 'ntest': 1821}","{'devacc': np.float64(86.63), 'acc': 92.6, 'ndev': 5452, 'ntest': 500}","{'devacc': np.float64(71.12), 'acc': 71.19, 'f1': 78.84, 'ndev': 4076, 'ntest': 1725}"
deberta-base,CLS_SUM-5-7,"torch.Size([61, 768])",NORMAL,4,0,12,"{'devacc': np.float64(67.59), 'acc': np.float64(67.73), 'ndev': 10662, 'ntest': 10662}","{'devacc': np.float64(63.98), 'acc': np.float64(64.08), 'ndev': 3775, 'ntest': 3775}","{'devacc': np.float64(85.41), 'acc': np.float64(85.49), 'ndev': 10000, 'ntest': 10000}","{'devacc': np.float64(69.5), 'acc': np.float64(69.68), 'ndev': 10606, 'ntest': 10606}","{'devacc': np.float64(80.5), 'acc': 80.72, 'ndev': 872, 'ntest': 1821}","{'devacc': np.float64(62.09), 'acc': 70.6, 'ndev': 5452, 'ntest': 500}","{'devacc': np.float64(68.13), 'acc': 66.32, 'f1': 79.05, 'ndev': 4076, 'ntest': 1725}"
deberta-base,AVG_SUM-5-7,"torch.Size([61, 768])",NORMAL,4,0,12,"{'devacc': np.float64(83.86), 'acc': np.float64(83.79), 'ndev': 10662, 'ntest': 10662}","{'devacc': np.float64(88.85), 'acc': np.float64(89.11), 'ndev': 3775, 'ntest': 3775}","{'devacc': np.float64(95.69), 'acc': np.float64(95.66), 'ndev': 10000, 'ntest': 10000}","{'devacc': np.float64(90.3), 'acc': np.float64(90.42), 'ndev': 10606, 'ntest': 10606}","{'devacc': np.float64(88.19), 'acc': 89.18, 'ndev': 872, 'ntest': 1821}","{'devacc': np.float64(89.05), 'acc': 95.0, 'ndev': 5452, 'ntest': 500}","{'devacc': np.float64(75.17), 'acc': 74.84, 'f1': 81.89, 'ndev': 4076, 'ntest': 1725}"
deberta-base,SUM_SUM-5-7,"torch.Size([61, 768])",NORMAL,4,0,12,"{'devacc': np.float64(83.22), 'acc': np.float64(83.23), 'ndev': 10662, 'ntest': 10662}","{'devacc': np.float64(86.18), 'acc': np.float64(86.09), 'ndev': 3775, 'ntest': 3775}","{'devacc': np.float64(94.1), 'acc': np.float64(94.21), 'ndev': 10000, 'ntest': 10000}","{'devacc': np.float64(88.96), 'acc': np.float64(89.27), 'ndev': 10606, 'ntest': 10606}","{'devacc': np.float64(87.73), 'acc': 88.03, 'ndev': 872, 'ntest': 1821}","{'devacc': np.float64(87.25), 'acc': 93.8, 'ndev': 5452, 'ntest': 500}","{'devacc': np.float64(70.56), 'acc': 70.09, 'f1': 79.52, 'ndev': 4076, 'ntest': 1725}"
deberta-base,MAX_SUM-5-7,"torch.Size([61, 768])",NORMAL,4,0,12,"{'devacc': np.float64(79.43), 'acc': np.float64(79.69), 'ndev': 10662, 'ntest': 10662}","{'devacc': np.float64(83.23), 'acc': np.float64(82.91), 'ndev': 3775, 'ntest': 3775}","{'devacc': np.float64(92.46), 'acc': np.float64(92.84), 'ndev': 10000, 'ntest': 10000}","{'devacc': np.float64(88.73), 'acc': np.float64(89.15), 'ndev': 10606, 'ntest': 10606}","{'devacc': np.float64(83.94), 'acc': 83.86, 'ndev': 872, 'ntest': 1821}","{'devacc': np.float64(87.84), 'acc': 93.8, 'ndev': 5452, 'ntest': 500}","{'devacc': np.float64(71.39), 'acc': 71.48, 'f1': 78.99, 'ndev': 4076, 'ntest': 1725}"
deberta-base,AVG-NS_SUM-5-7,"torch.Size([61, 768])",NORMAL,4,0,12,"{'devacc': np.float64(83.78), 'acc': np.float64(83.93), 'ndev': 10662, 'ntest': 10662}","{'devacc': np.float64(88.61), 'acc': np.float64(88.93), 'ndev': 3775, 'ntest': 3775}","{'devacc': np.float64(95.69), 'acc': np.float64(95.54), 'ndev': 10000, 'ntest': 10000}","{'devacc': np.float64(89.8), 'acc': np.float64(90.18), 'ndev': 10606, 'ntest': 10606}","{'devacc': np.float64(88.42), 'acc': 89.24, 'ndev': 872, 'ntest': 1821}","{'devacc': np.float64(88.9), 'acc': 94.4, 'ndev': 5452, 'ntest': 500}","{'devacc': np.float64(75.24), 'acc': 73.33, 'f1': 80.66, 'ndev': 4076, 'ntest': 1725}"
deberta-base,SUM-NS_SUM-5-7,"torch.Size([61, 768])",NORMAL,4,0,12,"{'devacc': np.float64(83.13), 'acc': np.float64(83.05), 'ndev': 10662, 'ntest': 10662}","{'devacc': np.float64(86.01), 'acc': np.float64(85.59), 'ndev': 3775, 'ntest': 3775}","{'devacc': np.float64(94.12), 'acc': np.float64(94.25), 'ndev': 10000, 'ntest': 10000}","{'devacc': np.float64(88.97), 'acc': np.float64(89.26), 'ndev': 10606, 'ntest': 10606}","{'devacc': np.float64(87.39), 'acc': 88.41, 'ndev': 872, 'ntest': 1821}","{'devacc': np.float64(87.51), 'acc': 93.8, 'ndev': 5452, 'ntest': 500}","{'devacc': np.float64(70.88), 'acc': 69.57, 'f1': 79.09, 'ndev': 4076, 'ntest': 1725}"
deberta-base,MAX-NS_SUM-5-7,"torch.Size([61, 768])",NORMAL,4,0,12,"{'devacc': np.float64(79.29), 'acc': np.float64(79.42), 'ndev': 10662, 'ntest': 10662}","{'devacc': np.float64(63.38), 'acc': np.float64(65.72), 'ndev': 3775, 'ntest': 3775}","{'devacc': np.float64(92.42), 'acc': np.float64(92.7), 'ndev': 10000, 'ntest': 10000}","{'devacc': np.float64(58.18), 'acc': np.float64(49.55), 'ndev': 10606, 'ntest': 10606}","{'devacc': np.float64(83.83), 'acc': 84.07, 'ndev': 872, 'ntest': 1821}","{'devacc': np.float64(87.64), 'acc': 94.0, 'ndev': 5452, 'ntest': 500}","{'devacc': np.float64(71.34), 'acc': 71.19, 'f1': 78.84, 'ndev': 4076, 'ntest': 1725}"
deberta-base,CLS_SUM-6-8,"torch.Size([61, 768])",NORMAL,4,0,12,"{'devacc': np.float64(76.93), 'acc': np.float64(77.36), 'ndev': 10662, 'ntest': 10662}","{'devacc': np.float64(63.76), 'acc': np.float64(63.76), 'ndev': 3775, 'ntest': 3775}","{'devacc': np.float64(89.34), 'acc': np.float64(89.46), 'ndev': 10000, 'ntest': 10000}","{'devacc': np.float64(68.77), 'acc': np.float64(68.77), 'ndev': 10606, 'ntest': 10606}","{'devacc': np.float64(84.29), 'acc': 83.53, 'ndev': 872, 'ntest': 1821}","{'devacc': np.float64(57.78), 'acc': 55.8, 'ndev': 5452, 'ntest': 500}","{'devacc': np.float64(67.66), 'acc': 66.55, 'f1': 79.86, 'ndev': 4076, 'ntest': 1725}"
deberta-base,AVG_SUM-6-8,"torch.Size([61, 768])",NORMAL,4,0,12,"{'devacc': np.float64(85.19), 'acc': np.float64(85.52), 'ndev': 10662, 'ntest': 10662}","{'devacc': np.float64(89.79), 'acc': np.float64(90.01), 'ndev': 3775, 'ntest': 3775}","{'devacc': np.float64(95.87), 'acc': np.float64(95.91), 'ndev': 10000, 'ntest': 10000}","{'devacc': np.float64(90.18), 'acc': np.float64(90.36), 'ndev': 10606, 'ntest': 10606}","{'devacc': np.float64(90.48), 'acc': 90.83, 'ndev': 872, 'ntest': 1821}","{'devacc': np.float64(88.65), 'acc': 95.6, 'ndev': 5452, 'ntest': 500}","{'devacc': np.float64(76.23), 'acc': 75.07, 'f1': 81.9, 'ndev': 4076, 'ntest': 1725}"
deberta-base,SUM_SUM-6-8,"torch.Size([61, 768])",NORMAL,4,0,12,"{'devacc': np.float64(84.44), 'acc': np.float64(84.63), 'ndev': 10662, 'ntest': 10662}","{'devacc': np.float64(87.23), 'acc': np.float64(87.6), 'ndev': 3775, 'ntest': 3775}","{'devacc': np.float64(94.29), 'acc': np.float64(94.32), 'ndev': 10000, 'ntest': 10000}","{'devacc': np.float64(88.98), 'acc': np.float64(89.14), 'ndev': 10606, 'ntest': 10606}","{'devacc': np.float64(89.45), 'acc': 90.12, 'ndev': 872, 'ntest': 1821}","{'devacc': np.float64(87.4), 'acc': 95.0, 'ndev': 5452, 'ntest': 500}","{'devacc': np.float64(71.27), 'acc': 71.77, 'f1': 80.51, 'ndev': 4076, 'ntest': 1725}"
deberta-base,MAX_SUM-6-8,"torch.Size([61, 768])",NORMAL,4,0,12,"{'devacc': np.float64(81.69), 'acc': np.float64(81.62), 'ndev': 10662, 'ntest': 10662}","{'devacc': np.float64(84.8), 'acc': np.float64(85.16), 'ndev': 3775, 'ntest': 3775}","{'devacc': np.float64(92.87), 'acc': np.float64(93.41), 'ndev': 10000, 'ntest': 10000}","{'devacc': np.float64(88.56), 'acc': np.float64(88.79), 'ndev': 10606, 'ntest': 10606}","{'devacc': np.float64(85.32), 'acc': 87.59, 'ndev': 872, 'ntest': 1821}","{'devacc': np.float64(87.93), 'acc': 95.0, 'ndev': 5452, 'ntest': 500}","{'devacc': np.float64(72.15), 'acc': 71.59, 'f1': 79.48, 'ndev': 4076, 'ntest': 1725}"
deberta-base,AVG-NS_SUM-6-8,"torch.Size([61, 768])",NORMAL,4,0,12,"{'devacc': np.float64(85.1), 'acc': np.float64(85.42), 'ndev': 10662, 'ntest': 10662}","{'devacc': np.float64(89.35), 'acc': np.float64(89.72), 'ndev': 3775, 'ntest': 3775}","{'devacc': np.float64(95.84), 'acc': np.float64(95.77), 'ndev': 10000, 'ntest': 10000}","{'devacc': np.float64(89.78), 'acc': np.float64(90.26), 'ndev': 10606, 'ntest': 10606}","{'devacc': np.float64(90.71), 'acc': 91.16, 'ndev': 872, 'ntest': 1821}","{'devacc': np.float64(88.59), 'acc': 95.6, 'ndev': 5452, 'ntest': 500}","{'devacc': np.float64(75.78), 'acc': 74.67, 'f1': 81.49, 'ndev': 4076, 'ntest': 1725}"
deberta-base,SUM-NS_SUM-6-8,"torch.Size([61, 768])",NORMAL,4,0,12,"{'devacc': np.float64(84.4), 'acc': np.float64(84.52), 'ndev': 10662, 'ntest': 10662}","{'devacc': np.float64(87.1), 'acc': np.float64(87.07), 'ndev': 3775, 'ntest': 3775}","{'devacc': np.float64(94.34), 'acc': np.float64(94.22), 'ndev': 10000, 'ntest': 10000}","{'devacc': np.float64(88.98), 'acc': np.float64(89.27), 'ndev': 10606, 'ntest': 10606}","{'devacc': np.float64(89.11), 'acc': 90.39, 'ndev': 872, 'ntest': 1821}","{'devacc': np.float64(87.29), 'acc': 95.4, 'ndev': 5452, 'ntest': 500}","{'devacc': np.float64(71.52), 'acc': 71.71, 'f1': 80.59, 'ndev': 4076, 'ntest': 1725}"
deberta-base,MAX-NS_SUM-6-8,"torch.Size([61, 768])",NORMAL,4,0,12,"{'devacc': np.float64(81.62), 'acc': np.float64(81.43), 'ndev': 10662, 'ntest': 10662}","{'devacc': np.float64(63.51), 'acc': np.float64(65.96), 'ndev': 3775, 'ntest': 3775}","{'devacc': np.float64(92.9), 'acc': np.float64(93.28), 'ndev': 10000, 'ntest': 10000}","{'devacc': np.float64(58.13), 'acc': np.float64(49.66), 'ndev': 10606, 'ntest': 10606}","{'devacc': np.float64(85.78), 'acc': 87.53, 'ndev': 872, 'ntest': 1821}","{'devacc': np.float64(87.93), 'acc': 94.8, 'ndev': 5452, 'ntest': 500}","{'devacc': np.float64(72.11), 'acc': 71.54, 'f1': 79.29, 'ndev': 4076, 'ntest': 1725}"
deberta-base,CLS_SUM-7-9,"torch.Size([61, 768])",NORMAL,4,0,12,"{'devacc': np.float64(81.6), 'acc': np.float64(81.81), 'ndev': 10662, 'ntest': 10662}","{'devacc': np.float64(80.56), 'acc': np.float64(81.48), 'ndev': 3775, 'ntest': 3775}","{'devacc': np.float64(90.23), 'acc': np.float64(90.11), 'ndev': 10000, 'ntest': 10000}","{'devacc': np.float64(82.48), 'acc': np.float64(82.86), 'ndev': 10606, 'ntest': 10606}","{'devacc': np.float64(85.89), 'acc': 87.59, 'ndev': 872, 'ntest': 1821}","{'devacc': np.float64(74.78), 'acc': 88.6, 'ndev': 5452, 'ntest': 500}","{'devacc': np.float64(71.12), 'acc': 70.9, 'f1': 81.38, 'ndev': 4076, 'ntest': 1725}"
deberta-base,AVG_SUM-7-9,"torch.Size([61, 768])",NORMAL,4,0,12,"{'devacc': np.float64(86.28), 'acc': np.float64(86.64), 'ndev': 10662, 'ntest': 10662}","{'devacc': np.float64(90.52), 'acc': np.float64(90.86), 'ndev': 3775, 'ntest': 3775}","{'devacc': np.float64(95.88), 'acc': np.float64(95.75), 'ndev': 10000, 'ntest': 10000}","{'devacc': np.float64(90.06), 'acc': np.float64(90.25), 'ndev': 10606, 'ntest': 10606}","{'devacc': np.float64(91.97), 'acc': 91.6, 'ndev': 872, 'ntest': 1821}","{'devacc': np.float64(88.65), 'acc': 95.2, 'ndev': 5452, 'ntest': 500}","{'devacc': np.float64(76.91), 'acc': 75.59, 'f1': 82.27, 'ndev': 4076, 'ntest': 1725}"
deberta-base,SUM_SUM-7-9,"torch.Size([61, 768])",NORMAL,4,0,12,"{'devacc': np.float64(85.4), 'acc': np.float64(85.56), 'ndev': 10662, 'ntest': 10662}","{'devacc': np.float64(88.27), 'acc': np.float64(88.26), 'ndev': 3775, 'ntest': 3775}","{'devacc': np.float64(94.42), 'acc': np.float64(94.34), 'ndev': 10000, 'ntest': 10000}","{'devacc': np.float64(88.78), 'acc': np.float64(89.32), 'ndev': 10606, 'ntest': 10606}","{'devacc': np.float64(90.37), 'acc': 91.49, 'ndev': 872, 'ntest': 1821}","{'devacc': np.float64(87.34), 'acc': 95.2, 'ndev': 5452, 'ntest': 500}","{'devacc': np.float64(72.23), 'acc': 72.87, 'f1': 81.22, 'ndev': 4076, 'ntest': 1725}"
deberta-base,MAX_SUM-7-9,"torch.Size([61, 768])",NORMAL,4,0,12,"{'devacc': np.float64(83.31), 'acc': np.float64(83.59), 'ndev': 10662, 'ntest': 10662}","{'devacc': np.float64(86.43), 'acc': np.float64(86.2), 'ndev': 3775, 'ntest': 3775}","{'devacc': np.float64(93.4), 'acc': np.float64(93.58), 'ndev': 10000, 'ntest': 10000}","{'devacc': np.float64(88.48), 'acc': np.float64(88.7), 'ndev': 10606, 'ntest': 10606}","{'devacc': np.float64(86.47), 'acc': 89.13, 'ndev': 872, 'ntest': 1821}","{'devacc': np.float64(88.02), 'acc': 94.4, 'ndev': 5452, 'ntest': 500}","{'devacc': np.float64(72.82), 'acc': 71.88, 'f1': 79.65, 'ndev': 4076, 'ntest': 1725}"
deberta-base,AVG-NS_SUM-7-9,"torch.Size([61, 768])",NORMAL,4,0,12,"{'devacc': np.float64(86.17), 'acc': np.float64(86.37), 'ndev': 10662, 'ntest': 10662}","{'devacc': np.float64(90.27), 'acc': np.float64(90.76), 'ndev': 3775, 'ntest': 3775}","{'devacc': np.float64(95.82), 'acc': np.float64(95.7), 'ndev': 10000, 'ntest': 10000}","{'devacc': np.float64(89.63), 'acc': np.float64(90.17), 'ndev': 10606, 'ntest': 10606}","{'devacc': np.float64(91.28), 'acc': 91.76, 'ndev': 872, 'ntest': 1821}","{'devacc': np.float64(88.41), 'acc': 95.4, 'ndev': 5452, 'ntest': 500}","{'devacc': np.float64(75.39), 'acc': 75.59, 'f1': 82.18, 'ndev': 4076, 'ntest': 1725}"
deberta-base,SUM-NS_SUM-7-9,"torch.Size([61, 768])",NORMAL,4,0,12,"{'devacc': np.float64(85.4), 'acc': np.float64(85.42), 'ndev': 10662, 'ntest': 10662}","{'devacc': np.float64(88.16), 'acc': np.float64(88.0), 'ndev': 3775, 'ntest': 3775}","{'devacc': np.float64(94.49), 'acc': np.float64(94.27), 'ndev': 10000, 'ntest': 10000}","{'devacc': np.float64(88.79), 'acc': np.float64(89.36), 'ndev': 10606, 'ntest': 10606}","{'devacc': np.float64(90.14), 'acc': 91.65, 'ndev': 872, 'ntest': 1821}","{'devacc': np.float64(87.33), 'acc': 95.8, 'ndev': 5452, 'ntest': 500}","{'devacc': np.float64(72.13), 'acc': 72.64, 'f1': 81.28, 'ndev': 4076, 'ntest': 1725}"
deberta-base,MAX-NS_SUM-7-9,"torch.Size([61, 768])",NORMAL,4,0,12,"{'devacc': np.float64(83.39), 'acc': np.float64(83.47), 'ndev': 10662, 'ntest': 10662}","{'devacc': np.float64(63.69), 'acc': np.float64(65.8), 'ndev': 3775, 'ntest': 3775}","{'devacc': np.float64(93.29), 'acc': np.float64(93.42), 'ndev': 10000, 'ntest': 10000}","{'devacc': np.float64(58.07), 'acc': np.float64(49.68), 'ndev': 10606, 'ntest': 10606}","{'devacc': np.float64(86.81), 'acc': 89.4, 'ndev': 872, 'ntest': 1821}","{'devacc': np.float64(88.08), 'acc': 93.8, 'ndev': 5452, 'ntest': 500}","{'devacc': np.float64(73.11), 'acc': 72.41, 'f1': 80.0, 'ndev': 4076, 'ntest': 1725}"
deberta-base,CLS_SUM-8-10,"torch.Size([61, 768])",NORMAL,4,0,12,"{'devacc': np.float64(82.26), 'acc': np.float64(82.3), 'ndev': 10662, 'ntest': 10662}","{'devacc': np.float64(82.37), 'acc': np.float64(83.1), 'ndev': 3775, 'ntest': 3775}","{'devacc': np.float64(91.01), 'acc': np.float64(91.09), 'ndev': 10000, 'ntest': 10000}","{'devacc': np.float64(83.16), 'acc': np.float64(83.39), 'ndev': 10606, 'ntest': 10606}","{'devacc': np.float64(85.21), 'acc': 87.1, 'ndev': 872, 'ntest': 1821}","{'devacc': np.float64(75.02), 'acc': 88.0, 'ndev': 5452, 'ntest': 500}","{'devacc': np.float64(71.59), 'acc': 72.12, 'f1': 81.96, 'ndev': 4076, 'ntest': 1725}"
deberta-base,AVG_SUM-8-10,"torch.Size([61, 768])",NORMAL,4,0,12,"{'devacc': np.float64(87.14), 'acc': np.float64(87.49), 'ndev': 10662, 'ntest': 10662}","{'devacc': np.float64(91.18), 'acc': np.float64(91.5), 'ndev': 3775, 'ntest': 3775}","{'devacc': np.float64(96.06), 'acc': np.float64(96.15), 'ndev': 10000, 'ntest': 10000}","{'devacc': np.float64(90.06), 'acc': np.float64(90.23), 'ndev': 10606, 'ntest': 10606}","{'devacc': np.float64(91.97), 'acc': 92.37, 'ndev': 872, 'ntest': 1821}","{'devacc': np.float64(88.55), 'acc': 95.6, 'ndev': 5452, 'ntest': 500}","{'devacc': np.float64(76.35), 'acc': 76.06, 'f1': 82.49, 'ndev': 4076, 'ntest': 1725}"
deberta-base,SUM_SUM-8-10,"torch.Size([61, 768])",NORMAL,4,0,12,"{'devacc': np.float64(86.25), 'acc': np.float64(86.42), 'ndev': 10662, 'ntest': 10662}","{'devacc': np.float64(89.14), 'acc': np.float64(89.4), 'ndev': 3775, 'ntest': 3775}","{'devacc': np.float64(94.71), 'acc': np.float64(94.65), 'ndev': 10000, 'ntest': 10000}","{'devacc': np.float64(88.9), 'acc': np.float64(89.36), 'ndev': 10606, 'ntest': 10606}","{'devacc': np.float64(92.09), 'acc': 91.76, 'ndev': 872, 'ntest': 1821}","{'devacc': np.float64(87.31), 'acc': 95.4, 'ndev': 5452, 'ntest': 500}","{'devacc': np.float64(72.43), 'acc': 73.28, 'f1': 81.61, 'ndev': 4076, 'ntest': 1725}"
deberta-base,MAX_SUM-8-10,"torch.Size([61, 768])",NORMAL,4,0,12,"{'devacc': np.float64(84.39), 'acc': np.float64(84.54), 'ndev': 10662, 'ntest': 10662}","{'devacc': np.float64(88.38), 'acc': np.float64(88.18), 'ndev': 3775, 'ntest': 3775}","{'devacc': np.float64(93.28), 'acc': np.float64(93.48), 'ndev': 10000, 'ntest': 10000}","{'devacc': np.float64(88.68), 'acc': np.float64(88.92), 'ndev': 10606, 'ntest': 10606}","{'devacc': np.float64(88.42), 'acc': 89.79, 'ndev': 872, 'ntest': 1821}","{'devacc': np.float64(87.55), 'acc': 93.8, 'ndev': 5452, 'ntest': 500}","{'devacc': np.float64(73.33), 'acc': 71.77, 'f1': 79.72, 'ndev': 4076, 'ntest': 1725}"
deberta-base,AVG-NS_SUM-8-10,"torch.Size([61, 768])",NORMAL,4,0,12,"{'devacc': np.float64(86.92), 'acc': np.float64(87.31), 'ndev': 10662, 'ntest': 10662}","{'devacc': np.float64(90.9), 'acc': np.float64(91.34), 'ndev': 3775, 'ntest': 3775}","{'devacc': np.float64(96.0), 'acc': np.float64(95.96), 'ndev': 10000, 'ntest': 10000}","{'devacc': np.float64(89.59), 'acc': np.float64(89.91), 'ndev': 10606, 'ntest': 10606}","{'devacc': np.float64(91.97), 'acc': 92.15, 'ndev': 872, 'ntest': 1821}","{'devacc': np.float64(88.5), 'acc': 95.8, 'ndev': 5452, 'ntest': 500}","{'devacc': np.float64(76.57), 'acc': 76.17, 'f1': 82.9, 'ndev': 4076, 'ntest': 1725}"
deberta-base,SUM-NS_SUM-8-10,"torch.Size([61, 768])",NORMAL,4,0,12,"{'devacc': np.float64(86.19), 'acc': np.float64(86.42), 'ndev': 10662, 'ntest': 10662}","{'devacc': np.float64(88.99), 'acc': np.float64(88.95), 'ndev': 3775, 'ntest': 3775}","{'devacc': np.float64(94.7), 'acc': np.float64(94.44), 'ndev': 10000, 'ntest': 10000}","{'devacc': np.float64(88.82), 'acc': np.float64(89.27), 'ndev': 10606, 'ntest': 10606}","{'devacc': np.float64(91.63), 'acc': 91.65, 'ndev': 872, 'ntest': 1821}","{'devacc': np.float64(87.29), 'acc': 95.2, 'ndev': 5452, 'ntest': 500}","{'devacc': np.float64(72.82), 'acc': 72.35, 'f1': 81.12, 'ndev': 4076, 'ntest': 1725}"
deberta-base,MAX-NS_SUM-8-10,"torch.Size([61, 768])",NORMAL,4,0,12,"{'devacc': np.float64(84.3), 'acc': np.float64(84.39), 'ndev': 10662, 'ntest': 10662}","{'devacc': np.float64(63.99), 'acc': np.float64(65.83), 'ndev': 3775, 'ntest': 3775}","{'devacc': np.float64(93.15), 'acc': np.float64(93.22), 'ndev': 10000, 'ntest': 10000}","{'devacc': np.float64(58.09), 'acc': np.float64(49.49), 'ndev': 10606, 'ntest': 10606}","{'devacc': np.float64(88.42), 'acc': 89.9, 'ndev': 872, 'ntest': 1821}","{'devacc': np.float64(87.71), 'acc': 94.0, 'ndev': 5452, 'ntest': 500}","{'devacc': np.float64(73.43), 'acc': 72.23, 'f1': 79.76, 'ndev': 4076, 'ntest': 1725}"
deberta-base,CLS_SUM-9-11,"torch.Size([61, 768])",NORMAL,4,0,12,"{'devacc': np.float64(84.86), 'acc': np.float64(84.92), 'ndev': 10662, 'ntest': 10662}","{'devacc': np.float64(88.42), 'acc': np.float64(88.58), 'ndev': 3775, 'ntest': 3775}","{'devacc': np.float64(94.31), 'acc': np.float64(94.3), 'ndev': 10000, 'ntest': 10000}","{'devacc': np.float64(86.08), 'acc': np.float64(85.82), 'ndev': 10606, 'ntest': 10606}","{'devacc': np.float64(87.16), 'acc': 87.81, 'ndev': 872, 'ntest': 1821}","{'devacc': np.float64(62.29), 'acc': 66.2, 'ndev': 5452, 'ntest': 500}","{'devacc': np.float64(72.01), 'acc': 71.71, 'f1': 80.54, 'ndev': 4076, 'ntest': 1725}"
deberta-base,AVG_SUM-9-11,"torch.Size([61, 768])",NORMAL,4,0,12,"{'devacc': np.float64(87.82), 'acc': np.float64(87.94), 'ndev': 10662, 'ntest': 10662}","{'devacc': np.float64(91.62), 'acc': np.float64(91.73), 'ndev': 3775, 'ntest': 3775}","{'devacc': np.float64(96.06), 'acc': np.float64(95.97), 'ndev': 10000, 'ntest': 10000}","{'devacc': np.float64(90.12), 'acc': np.float64(90.49), 'ndev': 10606, 'ntest': 10606}","{'devacc': np.float64(91.74), 'acc': 92.42, 'ndev': 872, 'ntest': 1821}","{'devacc': np.float64(87.44), 'acc': 96.2, 'ndev': 5452, 'ntest': 500}","{'devacc': np.float64(76.84), 'acc': 74.96, 'f1': 82.15, 'ndev': 4076, 'ntest': 1725}"
deberta-base,SUM_SUM-9-11,"torch.Size([61, 768])",NORMAL,4,0,12,"{'devacc': np.float64(86.9), 'acc': np.float64(86.9), 'ndev': 10662, 'ntest': 10662}","{'devacc': np.float64(89.16), 'acc': np.float64(89.01), 'ndev': 3775, 'ntest': 3775}","{'devacc': np.float64(94.7), 'acc': np.float64(94.63), 'ndev': 10000, 'ntest': 10000}","{'devacc': np.float64(88.9), 'acc': np.float64(89.0), 'ndev': 10606, 'ntest': 10606}","{'devacc': np.float64(91.97), 'acc': 91.27, 'ndev': 872, 'ntest': 1821}","{'devacc': np.float64(86.81), 'acc': 96.0, 'ndev': 5452, 'ntest': 500}","{'devacc': np.float64(73.04), 'acc': 72.87, 'f1': 81.49, 'ndev': 4076, 'ntest': 1725}"
deberta-base,MAX_SUM-9-11,"torch.Size([61, 768])",NORMAL,4,0,12,"{'devacc': np.float64(84.92), 'acc': np.float64(85.1), 'ndev': 10662, 'ntest': 10662}","{'devacc': np.float64(88.33), 'acc': np.float64(88.05), 'ndev': 3775, 'ntest': 3775}","{'devacc': np.float64(93.26), 'acc': np.float64(93.66), 'ndev': 10000, 'ntest': 10000}","{'devacc': np.float64(88.4), 'acc': np.float64(88.65), 'ndev': 10606, 'ntest': 10606}","{'devacc': np.float64(87.27), 'acc': 90.5, 'ndev': 872, 'ntest': 1821}","{'devacc': np.float64(86.26), 'acc': 94.2, 'ndev': 5452, 'ntest': 500}","{'devacc': np.float64(73.33), 'acc': 70.49, 'f1': 78.69, 'ndev': 4076, 'ntest': 1725}"
deberta-base,AVG-NS_SUM-9-11,"torch.Size([61, 768])",NORMAL,4,0,12,"{'devacc': np.float64(87.65), 'acc': np.float64(87.72), 'ndev': 10662, 'ntest': 10662}","{'devacc': np.float64(91.42), 'acc': np.float64(91.31), 'ndev': 3775, 'ntest': 3775}","{'devacc': np.float64(96.03), 'acc': np.float64(95.99), 'ndev': 10000, 'ntest': 10000}","{'devacc': np.float64(89.85), 'acc': np.float64(89.9), 'ndev': 10606, 'ntest': 10606}","{'devacc': np.float64(91.4), 'acc': 92.48, 'ndev': 872, 'ntest': 1821}","{'devacc': np.float64(87.62), 'acc': 96.6, 'ndev': 5452, 'ntest': 500}","{'devacc': np.float64(76.47), 'acc': 75.54, 'f1': 82.18, 'ndev': 4076, 'ntest': 1725}"
deberta-base,SUM-NS_SUM-9-11,"torch.Size([61, 768])",NORMAL,4,0,12,"{'devacc': np.float64(86.75), 'acc': np.float64(87.03), 'ndev': 10662, 'ntest': 10662}","{'devacc': np.float64(89.04), 'acc': np.float64(88.96), 'ndev': 3775, 'ntest': 3775}","{'devacc': np.float64(94.63), 'acc': np.float64(94.74), 'ndev': 10000, 'ntest': 10000}","{'devacc': np.float64(88.88), 'acc': np.float64(89.16), 'ndev': 10606, 'ntest': 10606}","{'devacc': np.float64(91.4), 'acc': 91.38, 'ndev': 872, 'ntest': 1821}","{'devacc': np.float64(86.83), 'acc': 95.6, 'ndev': 5452, 'ntest': 500}","{'devacc': np.float64(71.96), 'acc': 72.75, 'f1': 81.71, 'ndev': 4076, 'ntest': 1725}"
deberta-base,MAX-NS_SUM-9-11,"torch.Size([61, 768])",NORMAL,4,0,12,"{'devacc': np.float64(84.82), 'acc': np.float64(84.8), 'ndev': 10662, 'ntest': 10662}","{'devacc': np.float64(64.01), 'acc': np.float64(65.96), 'ndev': 3775, 'ntest': 3775}","{'devacc': np.float64(93.16), 'acc': np.float64(93.57), 'ndev': 10000, 'ntest': 10000}","{'devacc': np.float64(58.13), 'acc': np.float64(49.53), 'ndev': 10606, 'ntest': 10606}","{'devacc': np.float64(87.96), 'acc': 90.61, 'ndev': 872, 'ntest': 1821}","{'devacc': np.float64(86.87), 'acc': 93.0, 'ndev': 5452, 'ntest': 500}","{'devacc': np.float64(73.7), 'acc': 71.07, 'f1': 78.99, 'ndev': 4076, 'ntest': 1725}"
deberta-base,CLS_SUM-10-12,"torch.Size([61, 768])",NORMAL,4,0,12,"{'devacc': np.float64(84.92), 'acc': np.float64(84.75), 'ndev': 10662, 'ntest': 10662}","{'devacc': np.float64(88.18), 'acc': np.float64(88.08), 'ndev': 3775, 'ntest': 3775}","{'devacc': np.float64(94.43), 'acc': np.float64(94.21), 'ndev': 10000, 'ntest': 10000}","{'devacc': np.float64(87.57), 'acc': np.float64(87.38), 'ndev': 10606, 'ntest': 10606}","{'devacc': np.float64(85.55), 'acc': 87.31, 'ndev': 872, 'ntest': 1821}","{'devacc': np.float64(63.7), 'acc': 68.8, 'ndev': 5452, 'ntest': 500}","{'devacc': np.float64(70.71), 'acc': 70.72, 'f1': 80.45, 'ndev': 4076, 'ntest': 1725}"
deberta-base,AVG_SUM-10-12,"torch.Size([61, 768])",NORMAL,4,0,12,"{'devacc': np.float64(87.43), 'acc': np.float64(87.51), 'ndev': 10662, 'ntest': 10662}","{'devacc': np.float64(91.26), 'acc': np.float64(91.21), 'ndev': 3775, 'ntest': 3775}","{'devacc': np.float64(95.8), 'acc': np.float64(95.81), 'ndev': 10000, 'ntest': 10000}","{'devacc': np.float64(89.71), 'acc': np.float64(89.79), 'ndev': 10606, 'ntest': 10606}","{'devacc': np.float64(91.28), 'acc': 92.15, 'ndev': 872, 'ntest': 1821}","{'devacc': np.float64(85.56), 'acc': 94.4, 'ndev': 5452, 'ntest': 500}","{'devacc': np.float64(72.96), 'acc': 72.17, 'f1': 80.75, 'ndev': 4076, 'ntest': 1725}"
deberta-base,SUM_SUM-10-12,"torch.Size([61, 768])",NORMAL,4,0,12,"{'devacc': np.float64(87.04), 'acc': np.float64(87.17), 'ndev': 10662, 'ntest': 10662}","{'devacc': np.float64(89.79), 'acc': np.float64(90.18), 'ndev': 3775, 'ntest': 3775}","{'devacc': np.float64(95.03), 'acc': np.float64(95.07), 'ndev': 10000, 'ntest': 10000}","{'devacc': np.float64(88.89), 'acc': np.float64(88.95), 'ndev': 10606, 'ntest': 10606}","{'devacc': np.float64(92.2), 'acc': 91.93, 'ndev': 872, 'ntest': 1821}","{'devacc': np.float64(85.42), 'acc': 94.0, 'ndev': 5452, 'ntest': 500}","{'devacc': np.float64(69.73), 'acc': 68.7, 'f1': 80.0, 'ndev': 4076, 'ntest': 1725}"
deberta-base,MAX_SUM-10-12,"torch.Size([61, 768])",NORMAL,4,0,12,"{'devacc': np.float64(83.94), 'acc': np.float64(84.01), 'ndev': 10662, 'ntest': 10662}","{'devacc': np.float64(86.92), 'acc': np.float64(87.1), 'ndev': 3775, 'ntest': 3775}","{'devacc': np.float64(93.15), 'acc': np.float64(93.45), 'ndev': 10000, 'ntest': 10000}","{'devacc': np.float64(88.43), 'acc': np.float64(88.54), 'ndev': 10606, 'ntest': 10606}","{'devacc': np.float64(87.04), 'acc': 88.63, 'ndev': 872, 'ntest': 1821}","{'devacc': np.float64(84.68), 'acc': 93.8, 'ndev': 5452, 'ntest': 500}","{'devacc': np.float64(72.13), 'acc': 69.91, 'f1': 79.15, 'ndev': 4076, 'ntest': 1725}"
deberta-base,AVG-NS_SUM-10-12,"torch.Size([61, 768])",NORMAL,4,0,12,"{'devacc': np.float64(87.39), 'acc': np.float64(87.63), 'ndev': 10662, 'ntest': 10662}","{'devacc': np.float64(90.95), 'acc': np.float64(91.05), 'ndev': 3775, 'ntest': 3775}","{'devacc': np.float64(95.75), 'acc': np.float64(95.69), 'ndev': 10000, 'ntest': 10000}","{'devacc': np.float64(89.55), 'acc': np.float64(89.54), 'ndev': 10606, 'ntest': 10606}","{'devacc': np.float64(90.48), 'acc': 92.59, 'ndev': 872, 'ntest': 1821}","{'devacc': np.float64(85.69), 'acc': 95.2, 'ndev': 5452, 'ntest': 500}","{'devacc': np.float64(73.31), 'acc': 72.52, 'f1': 80.7, 'ndev': 4076, 'ntest': 1725}"
deberta-base,SUM-NS_SUM-10-12,"torch.Size([61, 768])",NORMAL,4,0,12,"{'devacc': np.float64(87.08), 'acc': np.float64(87.09), 'ndev': 10662, 'ntest': 10662}","{'devacc': np.float64(89.59), 'acc': np.float64(89.99), 'ndev': 3775, 'ntest': 3775}","{'devacc': np.float64(95.01), 'acc': np.float64(94.83), 'ndev': 10000, 'ntest': 10000}","{'devacc': np.float64(88.85), 'acc': np.float64(88.85), 'ndev': 10606, 'ntest': 10606}","{'devacc': np.float64(91.51), 'acc': 91.71, 'ndev': 872, 'ntest': 1821}","{'devacc': np.float64(85.51), 'acc': 94.0, 'ndev': 5452, 'ntest': 500}","{'devacc': np.float64(69.77), 'acc': 68.29, 'f1': 79.75, 'ndev': 4076, 'ntest': 1725}"
deberta-base,MAX-NS_SUM-10-12,"torch.Size([61, 768])",NORMAL,4,0,12,"{'devacc': np.float64(83.84), 'acc': np.float64(84.02), 'ndev': 10662, 'ntest': 10662}","{'devacc': np.float64(66.53), 'acc': np.float64(66.06), 'ndev': 3775, 'ntest': 3775}","{'devacc': np.float64(93.28), 'acc': np.float64(93.53), 'ndev': 10000, 'ntest': 10000}","{'devacc': np.float64(78.13), 'acc': np.float64(72.91), 'ndev': 10606, 'ntest': 10606}","{'devacc': np.float64(86.24), 'acc': 89.07, 'ndev': 872, 'ntest': 1821}","{'devacc': np.float64(84.67), 'acc': 93.8, 'ndev': 5452, 'ntest': 500}","{'devacc': np.float64(72.33), 'acc': 70.38, 'f1': 79.25, 'ndev': 4076, 'ntest': 1725}"
deberta-base,CLS_SUM-1-4,"torch.Size([61, 768])",NORMAL,4,0,12,"{'devacc': np.float64(69.35), 'acc': np.float64(69.69), 'ndev': 10662, 'ntest': 10662}","{'devacc': np.float64(71.62), 'acc': np.float64(71.6), 'ndev': 3775, 'ntest': 3775}","{'devacc': np.float64(87.28), 'acc': np.float64(87.65), 'ndev': 10000, 'ntest': 10000}","{'devacc': np.float64(84.28), 'acc': np.float64(84.53), 'ndev': 10606, 'ntest': 10606}","{'devacc': np.float64(71.44), 'acc': 71.72, 'ndev': 872, 'ntest': 1821}","{'devacc': np.float64(62.36), 'acc': 64.8, 'ndev': 5452, 'ntest': 500}","{'devacc': np.float64(67.81), 'acc': 67.88, 'f1': 79.72, 'ndev': 4076, 'ntest': 1725}"
deberta-base,AVG_SUM-1-4,"torch.Size([61, 768])",NORMAL,4,0,12,"{'devacc': np.float64(79.54), 'acc': np.float64(79.71), 'ndev': 10662, 'ntest': 10662}","{'devacc': np.float64(82.0), 'acc': np.float64(82.52), 'ndev': 3775, 'ntest': 3775}","{'devacc': np.float64(93.71), 'acc': np.float64(93.77), 'ndev': 10000, 'ntest': 10000}","{'devacc': np.float64(89.03), 'acc': np.float64(89.15), 'ndev': 10606, 'ntest': 10606}","{'devacc': np.float64(85.78), 'acc': 84.68, 'ndev': 872, 'ntest': 1821}","{'devacc': np.float64(84.52), 'acc': 91.2, 'ndev': 5452, 'ntest': 500}","{'devacc': np.float64(74.24), 'acc': 70.9, 'f1': 78.32, 'ndev': 4076, 'ntest': 1725}"
deberta-base,SUM_SUM-1-4,"torch.Size([61, 768])",NORMAL,4,0,12,"{'devacc': np.float64(79.13), 'acc': np.float64(79.34), 'ndev': 10662, 'ntest': 10662}","{'devacc': np.float64(78.9), 'acc': np.float64(79.58), 'ndev': 3775, 'ntest': 3775}","{'devacc': np.float64(92.21), 'acc': np.float64(92.55), 'ndev': 10000, 'ntest': 10000}","{'devacc': np.float64(88.15), 'acc': np.float64(88.43), 'ndev': 10606, 'ntest': 10606}","{'devacc': np.float64(85.89), 'acc': 84.68, 'ndev': 872, 'ntest': 1821}","{'devacc': np.float64(82.87), 'acc': 89.6, 'ndev': 5452, 'ntest': 500}","{'devacc': np.float64(69.94), 'acc': 69.62, 'f1': 79.07, 'ndev': 4076, 'ntest': 1725}"
deberta-base,MAX_SUM-1-4,"torch.Size([61, 768])",NORMAL,4,0,12,"{'devacc': np.float64(74.21), 'acc': np.float64(74.8), 'ndev': 10662, 'ntest': 10662}","{'devacc': np.float64(77.0), 'acc': np.float64(77.14), 'ndev': 3775, 'ntest': 3775}","{'devacc': np.float64(89.75), 'acc': np.float64(89.94), 'ndev': 10000, 'ntest': 10000}","{'devacc': np.float64(87.68), 'acc': np.float64(88.15), 'ndev': 10606, 'ntest': 10606}","{'devacc': np.float64(79.93), 'acc': 78.53, 'ndev': 872, 'ntest': 1821}","{'devacc': np.float64(83.12), 'acc': 89.8, 'ndev': 5452, 'ntest': 500}","{'devacc': np.float64(69.26), 'acc': 68.35, 'f1': 76.59, 'ndev': 4076, 'ntest': 1725}"
deberta-base,AVG-NS_SUM-1-4,"torch.Size([61, 768])",NORMAL,4,0,12,"{'devacc': np.float64(79.14), 'acc': np.float64(79.25), 'ndev': 10662, 'ntest': 10662}","{'devacc': np.float64(81.11), 'acc': np.float64(81.64), 'ndev': 3775, 'ntest': 3775}","{'devacc': np.float64(93.64), 'acc': np.float64(93.68), 'ndev': 10000, 'ntest': 10000}","{'devacc': np.float64(88.58), 'acc': np.float64(89.0), 'ndev': 10606, 'ntest': 10606}","{'devacc': np.float64(85.09), 'acc': 84.35, 'ndev': 872, 'ntest': 1821}","{'devacc': np.float64(84.47), 'acc': 92.0, 'ndev': 5452, 'ntest': 500}","{'devacc': np.float64(74.26), 'acc': 73.51, 'f1': 80.61, 'ndev': 4076, 'ntest': 1725}"
deberta-base,SUM-NS_SUM-1-4,"torch.Size([61, 768])",NORMAL,4,0,12,"{'devacc': np.float64(78.77), 'acc': np.float64(78.93), 'ndev': 10662, 'ntest': 10662}","{'devacc': np.float64(78.71), 'acc': np.float64(79.31), 'ndev': 3775, 'ntest': 3775}","{'devacc': np.float64(92.11), 'acc': np.float64(92.37), 'ndev': 10000, 'ntest': 10000}","{'devacc': np.float64(88.14), 'acc': np.float64(88.47), 'ndev': 10606, 'ntest': 10606}","{'devacc': np.float64(84.17), 'acc': 85.01, 'ndev': 872, 'ntest': 1821}","{'devacc': np.float64(82.94), 'acc': 89.6, 'ndev': 5452, 'ntest': 500}","{'devacc': np.float64(70.12), 'acc': 70.32, 'f1': 79.67, 'ndev': 4076, 'ntest': 1725}"
deberta-base,MAX-NS_SUM-1-4,"torch.Size([61, 768])",NORMAL,4,0,12,"{'devacc': np.float64(73.99), 'acc': np.float64(74.65), 'ndev': 10662, 'ntest': 10662}","{'devacc': np.float64(62.68), 'acc': np.float64(64.71), 'ndev': 3775, 'ntest': 3775}","{'devacc': np.float64(89.91), 'acc': np.float64(90.16), 'ndev': 10000, 'ntest': 10000}","{'devacc': np.float64(57.8), 'acc': np.float64(49.06), 'ndev': 10606, 'ntest': 10606}","{'devacc': np.float64(79.13), 'acc': 78.42, 'ndev': 872, 'ntest': 1821}","{'devacc': np.float64(83.0), 'acc': 89.6, 'ndev': 5452, 'ntest': 500}","{'devacc': np.float64(69.26), 'acc': 68.46, 'f1': 76.75, 'ndev': 4076, 'ntest': 1725}"
deberta-base,CLS_SUM-2-5,"torch.Size([61, 768])",NORMAL,4,0,12,"{'devacc': np.float64(69.71), 'acc': np.float64(69.91), 'ndev': 10662, 'ntest': 10662}","{'devacc': np.float64(70.36), 'acc': np.float64(70.89), 'ndev': 3775, 'ntest': 3775}","{'devacc': np.float64(88.25), 'acc': np.float64(88.5), 'ndev': 10000, 'ntest': 10000}","{'devacc': np.float64(84.68), 'acc': np.float64(85.05), 'ndev': 10606, 'ntest': 10606}","{'devacc': np.float64(73.17), 'acc': 74.03, 'ndev': 872, 'ntest': 1821}","{'devacc': np.float64(65.57), 'acc': 66.0, 'ndev': 5452, 'ntest': 500}","{'devacc': np.float64(68.94), 'acc': 68.75, 'f1': 79.59, 'ndev': 4076, 'ntest': 1725}"
deberta-base,AVG_SUM-2-5,"torch.Size([61, 768])",NORMAL,4,0,12,"{'devacc': np.float64(80.5), 'acc': np.float64(80.79), 'ndev': 10662, 'ntest': 10662}","{'devacc': np.float64(83.71), 'acc': np.float64(84.0), 'ndev': 3775, 'ntest': 3775}","{'devacc': np.float64(94.26), 'acc': np.float64(94.41), 'ndev': 10000, 'ntest': 10000}","{'devacc': np.float64(89.26), 'acc': np.float64(89.44), 'ndev': 10606, 'ntest': 10606}","{'devacc': np.float64(86.01), 'acc': 87.26, 'ndev': 872, 'ntest': 1821}","{'devacc': np.float64(86.01), 'acc': 92.8, 'ndev': 5452, 'ntest': 500}","{'devacc': np.float64(74.9), 'acc': 74.09, 'f1': 81.07, 'ndev': 4076, 'ntest': 1725}"
deberta-base,SUM_SUM-2-5,"torch.Size([61, 768])",NORMAL,4,0,12,"{'devacc': np.float64(80.19), 'acc': np.float64(80.42), 'ndev': 10662, 'ntest': 10662}","{'devacc': np.float64(81.19), 'acc': np.float64(82.09), 'ndev': 3775, 'ntest': 3775}","{'devacc': np.float64(92.98), 'acc': np.float64(93.25), 'ndev': 10000, 'ntest': 10000}","{'devacc': np.float64(88.4), 'acc': np.float64(88.39), 'ndev': 10606, 'ntest': 10606}","{'devacc': np.float64(85.55), 'acc': 85.94, 'ndev': 872, 'ntest': 1821}","{'devacc': np.float64(85.18), 'acc': 92.0, 'ndev': 5452, 'ntest': 500}","{'devacc': np.float64(70.83), 'acc': 69.91, 'f1': 79.18, 'ndev': 4076, 'ntest': 1725}"
deberta-base,MAX_SUM-2-5,"torch.Size([61, 768])",NORMAL,4,0,12,"{'devacc': np.float64(75.74), 'acc': np.float64(75.73), 'ndev': 10662, 'ntest': 10662}","{'devacc': np.float64(79.07), 'acc': np.float64(79.58), 'ndev': 3775, 'ntest': 3775}","{'devacc': np.float64(90.61), 'acc': np.float64(91.22), 'ndev': 10000, 'ntest': 10000}","{'devacc': np.float64(88.11), 'acc': np.float64(88.36), 'ndev': 10606, 'ntest': 10606}","{'devacc': np.float64(80.39), 'acc': 79.57, 'ndev': 872, 'ntest': 1821}","{'devacc': np.float64(85.11), 'acc': 92.0, 'ndev': 5452, 'ntest': 500}","{'devacc': np.float64(70.44), 'acc': 70.2, 'f1': 78.37, 'ndev': 4076, 'ntest': 1725}"
deberta-base,AVG-NS_SUM-2-5,"torch.Size([61, 768])",NORMAL,4,0,12,"{'devacc': np.float64(80.3), 'acc': np.float64(80.29), 'ndev': 10662, 'ntest': 10662}","{'devacc': np.float64(83.15), 'acc': np.float64(83.2), 'ndev': 3775, 'ntest': 3775}","{'devacc': np.float64(94.22), 'acc': np.float64(94.39), 'ndev': 10000, 'ntest': 10000}","{'devacc': np.float64(88.84), 'acc': np.float64(89.09), 'ndev': 10606, 'ntest': 10606}","{'devacc': np.float64(85.67), 'acc': 86.49, 'ndev': 872, 'ntest': 1821}","{'devacc': np.float64(85.95), 'acc': 92.8, 'ndev': 5452, 'ntest': 500}","{'devacc': np.float64(74.83), 'acc': 74.84, 'f1': 81.72, 'ndev': 4076, 'ntest': 1725}"
deberta-base,SUM-NS_SUM-2-5,"torch.Size([61, 768])",NORMAL,4,0,12,"{'devacc': np.float64(79.95), 'acc': np.float64(79.88), 'ndev': 10662, 'ntest': 10662}","{'devacc': np.float64(80.9), 'acc': np.float64(81.4), 'ndev': 3775, 'ntest': 3775}","{'devacc': np.float64(92.95), 'acc': np.float64(93.17), 'ndev': 10000, 'ntest': 10000}","{'devacc': np.float64(88.35), 'acc': np.float64(88.57), 'ndev': 10606, 'ntest': 10606}","{'devacc': np.float64(84.86), 'acc': 86.11, 'ndev': 872, 'ntest': 1821}","{'devacc': np.float64(85.07), 'acc': 91.4, 'ndev': 5452, 'ntest': 500}","{'devacc': np.float64(70.8), 'acc': 69.74, 'f1': 79.15, 'ndev': 4076, 'ntest': 1725}"
deberta-base,MAX-NS_SUM-2-5,"torch.Size([61, 768])",NORMAL,4,0,12,"{'devacc': np.float64(75.54), 'acc': np.float64(75.72), 'ndev': 10662, 'ntest': 10662}","{'devacc': np.float64(62.8), 'acc': np.float64(65.14), 'ndev': 3775, 'ntest': 3775}","{'devacc': np.float64(90.63), 'acc': np.float64(91.08), 'ndev': 10000, 'ntest': 10000}","{'devacc': np.float64(57.83), 'acc': np.float64(88.64), 'ndev': 10606, 'ntest': 10606}","{'devacc': np.float64(80.5), 'acc': 79.41, 'ndev': 872, 'ntest': 1821}","{'devacc': np.float64(85.18), 'acc': 90.6, 'ndev': 5452, 'ntest': 500}","{'devacc': np.float64(70.22), 'acc': 70.96, 'f1': 79.13, 'ndev': 4076, 'ntest': 1725}"
deberta-base,CLS_SUM-3-6,"torch.Size([61, 768])",NORMAL,4,0,12,"{'devacc': np.float64(70.35), 'acc': np.float64(70.57), 'ndev': 10662, 'ntest': 10662}","{'devacc': np.float64(70.17), 'acc': np.float64(70.68), 'ndev': 3775, 'ntest': 3775}","{'devacc': np.float64(88.34), 'acc': np.float64(88.42), 'ndev': 10000, 'ntest': 10000}","{'devacc': np.float64(83.97), 'acc': np.float64(84.05), 'ndev': 10606, 'ntest': 10606}","{'devacc': np.float64(74.77), 'acc': 74.35, 'ndev': 872, 'ntest': 1821}","{'devacc': np.float64(65.79), 'acc': 68.4, 'ndev': 5452, 'ntest': 500}","{'devacc': np.float64(68.79), 'acc': 68.06, 'f1': 79.74, 'ndev': 4076, 'ntest': 1725}"
deberta-base,AVG_SUM-3-6,"torch.Size([61, 768])",NORMAL,4,0,12,"{'devacc': np.float64(81.88), 'acc': np.float64(81.99), 'ndev': 10662, 'ntest': 10662}","{'devacc': np.float64(85.84), 'acc': np.float64(86.23), 'ndev': 3775, 'ntest': 3775}","{'devacc': np.float64(94.82), 'acc': np.float64(94.8), 'ndev': 10000, 'ntest': 10000}","{'devacc': np.float64(89.6), 'acc': np.float64(89.79), 'ndev': 10606, 'ntest': 10606}","{'devacc': np.float64(86.35), 'acc': 87.92, 'ndev': 872, 'ntest': 1821}","{'devacc': np.float64(87.78), 'acc': 94.0, 'ndev': 5452, 'ntest': 500}","{'devacc': np.float64(74.71), 'acc': 73.68, 'f1': 80.89, 'ndev': 4076, 'ntest': 1725}"
deberta-base,SUM_SUM-3-6,"torch.Size([61, 768])",NORMAL,4,0,12,"{'devacc': np.float64(81.4), 'acc': np.float64(81.31), 'ndev': 10662, 'ntest': 10662}","{'devacc': np.float64(83.18), 'acc': np.float64(83.82), 'ndev': 3775, 'ntest': 3775}","{'devacc': np.float64(93.4), 'acc': np.float64(93.68), 'ndev': 10000, 'ntest': 10000}","{'devacc': np.float64(88.79), 'acc': np.float64(89.02), 'ndev': 10606, 'ntest': 10606}","{'devacc': np.float64(86.24), 'acc': 87.26, 'ndev': 872, 'ntest': 1821}","{'devacc': np.float64(86.45), 'acc': 94.2, 'ndev': 5452, 'ntest': 500}","{'devacc': np.float64(70.39), 'acc': 70.38, 'f1': 79.13, 'ndev': 4076, 'ntest': 1725}"
deberta-base,MAX_SUM-3-6,"torch.Size([61, 768])",NORMAL,4,0,12,"{'devacc': np.float64(77.3), 'acc': np.float64(77.5), 'ndev': 10662, 'ntest': 10662}","{'devacc': np.float64(80.57), 'acc': np.float64(81.72), 'ndev': 3775, 'ntest': 3775}","{'devacc': np.float64(91.67), 'acc': np.float64(91.89), 'ndev': 10000, 'ntest': 10000}","{'devacc': np.float64(88.38), 'acc': np.float64(88.56), 'ndev': 10606, 'ntest': 10606}","{'devacc': np.float64(82.8), 'acc': 81.44, 'ndev': 872, 'ntest': 1821}","{'devacc': np.float64(86.52), 'acc': 92.6, 'ndev': 5452, 'ntest': 500}","{'devacc': np.float64(70.46), 'acc': 70.61, 'f1': 78.74, 'ndev': 4076, 'ntest': 1725}"
deberta-base,AVG-NS_SUM-3-6,"torch.Size([61, 768])",NORMAL,4,0,12,"{'devacc': np.float64(81.69), 'acc': np.float64(81.75), 'ndev': 10662, 'ntest': 10662}","{'devacc': np.float64(85.35), 'acc': np.float64(86.15), 'ndev': 3775, 'ntest': 3775}","{'devacc': np.float64(94.73), 'acc': np.float64(94.94), 'ndev': 10000, 'ntest': 10000}","{'devacc': np.float64(89.25), 'acc': np.float64(89.53), 'ndev': 10606, 'ntest': 10606}","{'devacc': np.float64(86.93), 'acc': 87.53, 'ndev': 872, 'ntest': 1821}","{'devacc': np.float64(87.49), 'acc': 93.8, 'ndev': 5452, 'ntest': 500}","{'devacc': np.float64(74.88), 'acc': 74.32, 'f1': 81.44, 'ndev': 4076, 'ntest': 1725}"
deberta-base,SUM-NS_SUM-3-6,"torch.Size([61, 768])",NORMAL,4,0,12,"{'devacc': np.float64(81.4), 'acc': np.float64(81.38), 'ndev': 10662, 'ntest': 10662}","{'devacc': np.float64(83.1), 'acc': np.float64(83.71), 'ndev': 3775, 'ntest': 3775}","{'devacc': np.float64(93.33), 'acc': np.float64(93.47), 'ndev': 10000, 'ntest': 10000}","{'devacc': np.float64(88.72), 'acc': np.float64(88.99), 'ndev': 10606, 'ntest': 10606}","{'devacc': np.float64(86.58), 'acc': 87.7, 'ndev': 872, 'ntest': 1821}","{'devacc': np.float64(86.59), 'acc': 94.0, 'ndev': 5452, 'ntest': 500}","{'devacc': np.float64(70.83), 'acc': 69.91, 'f1': 79.13, 'ndev': 4076, 'ntest': 1725}"
deberta-base,MAX-NS_SUM-3-6,"torch.Size([61, 768])",NORMAL,4,0,12,"{'devacc': np.float64(77.15), 'acc': np.float64(77.01), 'ndev': 10662, 'ntest': 10662}","{'devacc': np.float64(63.07), 'acc': np.float64(66.17), 'ndev': 3775, 'ntest': 3775}","{'devacc': np.float64(91.64), 'acc': np.float64(91.97), 'ndev': 10000, 'ntest': 10000}","{'devacc': np.float64(57.98), 'acc': np.float64(89.3), 'ndev': 10606, 'ntest': 10606}","{'devacc': np.float64(83.14), 'acc': 81.16, 'ndev': 872, 'ntest': 1821}","{'devacc': np.float64(86.67), 'acc': 91.8, 'ndev': 5452, 'ntest': 500}","{'devacc': np.float64(70.17), 'acc': 71.07, 'f1': 78.99, 'ndev': 4076, 'ntest': 1725}"
deberta-base,CLS_SUM-4-7,"torch.Size([61, 768])",NORMAL,4,0,12,"{'devacc': np.float64(69.89), 'acc': np.float64(70.16), 'ndev': 10662, 'ntest': 10662}","{'devacc': np.float64(64.06), 'acc': np.float64(64.29), 'ndev': 3775, 'ntest': 3775}","{'devacc': np.float64(86.27), 'acc': np.float64(86.14), 'ndev': 10000, 'ntest': 10000}","{'devacc': np.float64(70.02), 'acc': np.float64(70.45), 'ndev': 10606, 'ntest': 10606}","{'devacc': np.float64(78.9), 'acc': 78.03, 'ndev': 872, 'ntest': 1821}","{'devacc': np.float64(62.49), 'acc': 73.2, 'ndev': 5452, 'ntest': 500}","{'devacc': np.float64(67.71), 'acc': 66.43, 'f1': 79.03, 'ndev': 4076, 'ntest': 1725}"
deberta-base,AVG_SUM-4-7,"torch.Size([61, 768])",NORMAL,4,0,12,"{'devacc': np.float64(83.39), 'acc': np.float64(83.64), 'ndev': 10662, 'ntest': 10662}","{'devacc': np.float64(88.21), 'acc': np.float64(88.82), 'ndev': 3775, 'ntest': 3775}","{'devacc': np.float64(95.36), 'acc': np.float64(95.27), 'ndev': 10000, 'ntest': 10000}","{'devacc': np.float64(90.06), 'acc': np.float64(90.38), 'ndev': 10606, 'ntest': 10606}","{'devacc': np.float64(88.76), 'acc': 89.24, 'ndev': 872, 'ntest': 1821}","{'devacc': np.float64(88.54), 'acc': 95.0, 'ndev': 5452, 'ntest': 500}","{'devacc': np.float64(75.2), 'acc': 74.9, 'f1': 81.78, 'ndev': 4076, 'ntest': 1725}"
deberta-base,SUM_SUM-4-7,"torch.Size([61, 768])",NORMAL,4,0,12,"{'devacc': np.float64(82.85), 'acc': np.float64(82.97), 'ndev': 10662, 'ntest': 10662}","{'devacc': np.float64(85.68), 'acc': np.float64(85.56), 'ndev': 3775, 'ntest': 3775}","{'devacc': np.float64(93.97), 'acc': np.float64(94.05), 'ndev': 10000, 'ntest': 10000}","{'devacc': np.float64(89.12), 'acc': np.float64(89.38), 'ndev': 10606, 'ntest': 10606}","{'devacc': np.float64(88.19), 'acc': 87.75, 'ndev': 872, 'ntest': 1821}","{'devacc': np.float64(87.09), 'acc': 94.4, 'ndev': 5452, 'ntest': 500}","{'devacc': np.float64(70.36), 'acc': 70.26, 'f1': 79.15, 'ndev': 4076, 'ntest': 1725}"
deberta-base,MAX_SUM-4-7,"torch.Size([61, 768])",NORMAL,4,0,12,"{'devacc': np.float64(78.76), 'acc': np.float64(78.79), 'ndev': 10662, 'ntest': 10662}","{'devacc': np.float64(82.76), 'acc': np.float64(83.1), 'ndev': 3775, 'ntest': 3775}","{'devacc': np.float64(92.24), 'acc': np.float64(92.71), 'ndev': 10000, 'ntest': 10000}","{'devacc': np.float64(88.67), 'acc': np.float64(88.97), 'ndev': 10606, 'ntest': 10606}","{'devacc': np.float64(83.37), 'acc': 83.31, 'ndev': 872, 'ntest': 1821}","{'devacc': np.float64(87.69), 'acc': 93.4, 'ndev': 5452, 'ntest': 500}","{'devacc': np.float64(70.34), 'acc': 71.3, 'f1': 79.16, 'ndev': 4076, 'ntest': 1725}"
deberta-base,AVG-NS_SUM-4-7,"torch.Size([61, 768])",NORMAL,4,0,12,"{'devacc': np.float64(83.2), 'acc': np.float64(83.34), 'ndev': 10662, 'ntest': 10662}","{'devacc': np.float64(87.89), 'acc': np.float64(88.18), 'ndev': 3775, 'ntest': 3775}","{'devacc': np.float64(95.29), 'acc': np.float64(95.31), 'ndev': 10000, 'ntest': 10000}","{'devacc': np.float64(89.68), 'acc': np.float64(89.83), 'ndev': 10606, 'ntest': 10606}","{'devacc': np.float64(88.53), 'acc': 89.13, 'ndev': 872, 'ntest': 1821}","{'devacc': np.float64(88.37), 'acc': 94.8, 'ndev': 5452, 'ntest': 500}","{'devacc': np.float64(75.15), 'acc': 74.26, 'f1': 81.33, 'ndev': 4076, 'ntest': 1725}"
deberta-base,SUM-NS_SUM-4-7,"torch.Size([61, 768])",NORMAL,4,0,12,"{'devacc': np.float64(82.79), 'acc': np.float64(82.69), 'ndev': 10662, 'ntest': 10662}","{'devacc': np.float64(85.43), 'acc': np.float64(85.75), 'ndev': 3775, 'ntest': 3775}","{'devacc': np.float64(93.97), 'acc': np.float64(93.9), 'ndev': 10000, 'ntest': 10000}","{'devacc': np.float64(89.11), 'acc': np.float64(89.41), 'ndev': 10606, 'ntest': 10606}","{'devacc': np.float64(88.19), 'acc': 87.86, 'ndev': 872, 'ntest': 1821}","{'devacc': np.float64(87.31), 'acc': 94.6, 'ndev': 5452, 'ntest': 500}","{'devacc': np.float64(70.88), 'acc': 70.09, 'f1': 79.26, 'ndev': 4076, 'ntest': 1725}"
deberta-base,MAX-NS_SUM-4-7,"torch.Size([61, 768])",NORMAL,4,0,12,"{'devacc': np.float64(78.77), 'acc': np.float64(78.98), 'ndev': 10662, 'ntest': 10662}","{'devacc': np.float64(63.3), 'acc': np.float64(67.26), 'ndev': 3775, 'ntest': 3775}","{'devacc': np.float64(92.22), 'acc': np.float64(92.44), 'ndev': 10000, 'ntest': 10000}","{'devacc': np.float64(58.12), 'acc': np.float64(83.79), 'ndev': 10606, 'ntest': 10606}","{'devacc': np.float64(83.6), 'acc': 82.37, 'ndev': 872, 'ntest': 1821}","{'devacc': np.float64(87.86), 'acc': 93.6, 'ndev': 5452, 'ntest': 500}","{'devacc': np.float64(70.04), 'acc': 71.19, 'f1': 79.16, 'ndev': 4076, 'ntest': 1725}"
deberta-base,CLS_SUM-5-8,"torch.Size([61, 768])",NORMAL,4,0,12,"{'devacc': np.float64(72.59), 'acc': np.float64(73.03), 'ndev': 10662, 'ntest': 10662}","{'devacc': np.float64(64.22), 'acc': np.float64(64.5), 'ndev': 3775, 'ntest': 3775}","{'devacc': np.float64(89.14), 'acc': np.float64(89.42), 'ndev': 10000, 'ntest': 10000}","{'devacc': np.float64(69.74), 'acc': np.float64(70.22), 'ndev': 10606, 'ntest': 10606}","{'devacc': np.float64(80.85), 'acc': 79.9, 'ndev': 872, 'ntest': 1821}","{'devacc': np.float64(63.98), 'acc': 74.0, 'ndev': 5452, 'ntest': 500}","{'devacc': np.float64(68.35), 'acc': 66.72, 'f1': 79.25, 'ndev': 4076, 'ntest': 1725}"
deberta-base,AVG_SUM-5-8,"torch.Size([61, 768])",NORMAL,4,0,12,"{'devacc': np.float64(84.66), 'acc': np.float64(84.81), 'ndev': 10662, 'ntest': 10662}","{'devacc': np.float64(89.21), 'acc': np.float64(89.38), 'ndev': 3775, 'ntest': 3775}","{'devacc': np.float64(95.7), 'acc': np.float64(95.65), 'ndev': 10000, 'ntest': 10000}","{'devacc': np.float64(90.11), 'acc': np.float64(90.36), 'ndev': 10606, 'ntest': 10606}","{'devacc': np.float64(89.33), 'acc': 90.39, 'ndev': 872, 'ntest': 1821}","{'devacc': np.float64(88.85), 'acc': 94.6, 'ndev': 5452, 'ntest': 500}","{'devacc': np.float64(75.74), 'acc': 74.32, 'f1': 81.33, 'ndev': 4076, 'ntest': 1725}"
deberta-base,SUM_SUM-5-8,"torch.Size([61, 768])",NORMAL,4,0,12,"{'devacc': np.float64(84.1), 'acc': np.float64(84.28), 'ndev': 10662, 'ntest': 10662}","{'devacc': np.float64(87.12), 'acc': np.float64(87.68), 'ndev': 3775, 'ntest': 3775}","{'devacc': np.float64(94.31), 'acc': np.float64(94.43), 'ndev': 10000, 'ntest': 10000}","{'devacc': np.float64(88.98), 'acc': np.float64(89.27), 'ndev': 10606, 'ntest': 10606}","{'devacc': np.float64(88.88), 'acc': 89.4, 'ndev': 872, 'ntest': 1821}","{'devacc': np.float64(87.56), 'acc': 94.6, 'ndev': 5452, 'ntest': 500}","{'devacc': np.float64(71.32), 'acc': 70.43, 'f1': 79.45, 'ndev': 4076, 'ntest': 1725}"
deberta-base,MAX_SUM-5-8,"torch.Size([61, 768])",NORMAL,4,0,12,"{'devacc': np.float64(80.67), 'acc': np.float64(80.75), 'ndev': 10662, 'ntest': 10662}","{'devacc': np.float64(84.25), 'acc': np.float64(84.45), 'ndev': 3775, 'ntest': 3775}","{'devacc': np.float64(92.64), 'acc': np.float64(93.01), 'ndev': 10000, 'ntest': 10000}","{'devacc': np.float64(88.54), 'acc': np.float64(88.97), 'ndev': 10606, 'ntest': 10606}","{'devacc': np.float64(84.63), 'acc': 86.22, 'ndev': 872, 'ntest': 1821}","{'devacc': np.float64(87.84), 'acc': 95.4, 'ndev': 5452, 'ntest': 500}","{'devacc': np.float64(70.68), 'acc': 71.54, 'f1': 79.2, 'ndev': 4076, 'ntest': 1725}"
deberta-base,AVG-NS_SUM-5-8,"torch.Size([61, 768])",NORMAL,4,0,12,"{'devacc': np.float64(84.65), 'acc': np.float64(84.64), 'ndev': 10662, 'ntest': 10662}","{'devacc': np.float64(88.91), 'acc': np.float64(89.03), 'ndev': 3775, 'ntest': 3775}","{'devacc': np.float64(95.66), 'acc': np.float64(95.53), 'ndev': 10000, 'ntest': 10000}","{'devacc': np.float64(89.77), 'acc': np.float64(90.01), 'ndev': 10606, 'ntest': 10606}","{'devacc': np.float64(89.91), 'acc': 90.55, 'ndev': 872, 'ntest': 1821}","{'devacc': np.float64(88.55), 'acc': 95.0, 'ndev': 5452, 'ntest': 500}","{'devacc': np.float64(75.86), 'acc': 74.78, 'f1': 81.81, 'ndev': 4076, 'ntest': 1725}"
deberta-base,SUM-NS_SUM-5-8,"torch.Size([61, 768])",NORMAL,4,0,12,"{'devacc': np.float64(84.04), 'acc': np.float64(84.05), 'ndev': 10662, 'ntest': 10662}","{'devacc': np.float64(86.92), 'acc': np.float64(87.05), 'ndev': 3775, 'ntest': 3775}","{'devacc': np.float64(94.41), 'acc': np.float64(94.21), 'ndev': 10000, 'ntest': 10000}","{'devacc': np.float64(88.98), 'acc': np.float64(89.27), 'ndev': 10606, 'ntest': 10606}","{'devacc': np.float64(88.99), 'acc': 89.51, 'ndev': 872, 'ntest': 1821}","{'devacc': np.float64(87.56), 'acc': 94.0, 'ndev': 5452, 'ntest': 500}","{'devacc': np.float64(71.34), 'acc': 70.72, 'f1': 80.06, 'ndev': 4076, 'ntest': 1725}"
deberta-base,MAX-NS_SUM-5-8,"torch.Size([61, 768])",NORMAL,4,0,12,"{'devacc': np.float64(80.75), 'acc': np.float64(80.75), 'ndev': 10662, 'ntest': 10662}","{'devacc': np.float64(68.2), 'acc': np.float64(66.83), 'ndev': 3775, 'ntest': 3775}","{'devacc': np.float64(92.61), 'acc': np.float64(92.97), 'ndev': 10000, 'ntest': 10000}","{'devacc': np.float64(83.82), 'acc': np.float64(72.83), 'ndev': 10606, 'ntest': 10606}","{'devacc': np.float64(84.98), 'acc': 86.66, 'ndev': 872, 'ntest': 1821}","{'devacc': np.float64(87.95), 'acc': 94.4, 'ndev': 5452, 'ntest': 500}","{'devacc': np.float64(70.78), 'acc': 71.42, 'f1': 79.65, 'ndev': 4076, 'ntest': 1725}"
deberta-base,CLS_SUM-6-9,"torch.Size([61, 768])",NORMAL,4,0,12,"{'devacc': np.float64(81.21), 'acc': np.float64(81.23), 'ndev': 10662, 'ntest': 10662}","{'devacc': np.float64(81.02), 'acc': np.float64(81.93), 'ndev': 3775, 'ntest': 3775}","{'devacc': np.float64(90.42), 'acc': np.float64(90.01), 'ndev': 10000, 'ntest': 10000}","{'devacc': np.float64(83.06), 'acc': np.float64(83.3), 'ndev': 10606, 'ntest': 10606}","{'devacc': np.float64(85.55), 'acc': 87.31, 'ndev': 872, 'ntest': 1821}","{'devacc': np.float64(75.0), 'acc': 87.8, 'ndev': 5452, 'ntest': 500}","{'devacc': np.float64(71.32), 'acc': 71.71, 'f1': 81.82, 'ndev': 4076, 'ntest': 1725}"
deberta-base,AVG_SUM-6-9,"torch.Size([61, 768])",NORMAL,4,0,12,"{'devacc': np.float64(85.78), 'acc': np.float64(86.1), 'ndev': 10662, 'ntest': 10662}","{'devacc': np.float64(89.92), 'acc': np.float64(90.15), 'ndev': 3775, 'ntest': 3775}","{'devacc': np.float64(95.79), 'acc': np.float64(95.71), 'ndev': 10000, 'ntest': 10000}","{'devacc': np.float64(89.97), 'acc': np.float64(90.18), 'ndev': 10606, 'ntest': 10606}","{'devacc': np.float64(92.09), 'acc': 91.32, 'ndev': 872, 'ntest': 1821}","{'devacc': np.float64(88.65), 'acc': 95.2, 'ndev': 5452, 'ntest': 500}","{'devacc': np.float64(76.27), 'acc': 75.13, 'f1': 81.6, 'ndev': 4076, 'ntest': 1725}"
deberta-base,SUM_SUM-6-9,"torch.Size([61, 768])",NORMAL,4,0,12,"{'devacc': np.float64(85.13), 'acc': np.float64(85.25), 'ndev': 10662, 'ntest': 10662}","{'devacc': np.float64(87.77), 'acc': np.float64(88.29), 'ndev': 3775, 'ntest': 3775}","{'devacc': np.float64(94.52), 'acc': np.float64(94.6), 'ndev': 10000, 'ntest': 10000}","{'devacc': np.float64(89.03), 'acc': np.float64(89.21), 'ndev': 10606, 'ntest': 10606}","{'devacc': np.float64(90.37), 'acc': 90.83, 'ndev': 872, 'ntest': 1821}","{'devacc': np.float64(87.34), 'acc': 95.0, 'ndev': 5452, 'ntest': 500}","{'devacc': np.float64(71.59), 'acc': 72.17, 'f1': 80.68, 'ndev': 4076, 'ntest': 1725}"
deberta-base,MAX_SUM-6-9,"torch.Size([61, 768])",NORMAL,4,0,12,"{'devacc': np.float64(82.54), 'acc': np.float64(82.58), 'ndev': 10662, 'ntest': 10662}","{'devacc': np.float64(85.67), 'acc': np.float64(86.44), 'ndev': 3775, 'ntest': 3775}","{'devacc': np.float64(92.86), 'acc': np.float64(93.21), 'ndev': 10000, 'ntest': 10000}","{'devacc': np.float64(88.52), 'acc': np.float64(88.76), 'ndev': 10606, 'ntest': 10606}","{'devacc': np.float64(85.55), 'acc': 88.91, 'ndev': 872, 'ntest': 1821}","{'devacc': np.float64(88.24), 'acc': 94.8, 'ndev': 5452, 'ntest': 500}","{'devacc': np.float64(71.93), 'acc': 72.12, 'f1': 79.76, 'ndev': 4076, 'ntest': 1725}"
deberta-base,AVG-NS_SUM-6-9,"torch.Size([61, 768])",NORMAL,4,0,12,"{'devacc': np.float64(85.77), 'acc': np.float64(85.73), 'ndev': 10662, 'ntest': 10662}","{'devacc': np.float64(89.53), 'acc': np.float64(89.91), 'ndev': 3775, 'ntest': 3775}","{'devacc': np.float64(95.76), 'acc': np.float64(95.53), 'ndev': 10000, 'ntest': 10000}","{'devacc': np.float64(89.61), 'acc': np.float64(90.29), 'ndev': 10606, 'ntest': 10606}","{'devacc': np.float64(91.51), 'acc': 91.43, 'ndev': 872, 'ntest': 1821}","{'devacc': np.float64(88.35), 'acc': 95.4, 'ndev': 5452, 'ntest': 500}","{'devacc': np.float64(76.64), 'acc': 75.36, 'f1': 82.36, 'ndev': 4076, 'ntest': 1725}"
deberta-base,SUM-NS_SUM-6-9,"torch.Size([61, 768])",NORMAL,4,0,12,"{'devacc': np.float64(85.13), 'acc': np.float64(85.52), 'ndev': 10662, 'ntest': 10662}","{'devacc': np.float64(87.74), 'acc': np.float64(87.92), 'ndev': 3775, 'ntest': 3775}","{'devacc': np.float64(94.56), 'acc': np.float64(94.43), 'ndev': 10000, 'ntest': 10000}","{'devacc': np.float64(89.0), 'acc': np.float64(89.38), 'ndev': 10606, 'ntest': 10606}","{'devacc': np.float64(89.91), 'acc': 90.99, 'ndev': 872, 'ntest': 1821}","{'devacc': np.float64(87.4), 'acc': 95.2, 'ndev': 5452, 'ntest': 500}","{'devacc': np.float64(71.49), 'acc': 71.42, 'f1': 80.61, 'ndev': 4076, 'ntest': 1725}"
deberta-base,MAX-NS_SUM-6-9,"torch.Size([61, 768])",NORMAL,4,0,12,"{'devacc': np.float64(82.56), 'acc': np.float64(82.6), 'ndev': 10662, 'ntest': 10662}","{'devacc': np.float64(69.2), 'acc': np.float64(65.93), 'ndev': 3775, 'ntest': 3775}","{'devacc': np.float64(92.88), 'acc': np.float64(93.09), 'ndev': 10000, 'ntest': 10000}","{'devacc': np.float64(80.65), 'acc': np.float64(73.05), 'ndev': 10606, 'ntest': 10606}","{'devacc': np.float64(86.35), 'acc': 88.74, 'ndev': 872, 'ntest': 1821}","{'devacc': np.float64(88.44), 'acc': 95.2, 'ndev': 5452, 'ntest': 500}","{'devacc': np.float64(71.49), 'acc': 71.83, 'f1': 79.73, 'ndev': 4076, 'ntest': 1725}"
deberta-base,CLS_SUM-7-10,"torch.Size([61, 768])",NORMAL,4,0,12,"{'devacc': np.float64(82.32), 'acc': np.float64(82.14), 'ndev': 10662, 'ntest': 10662}","{'devacc': np.float64(83.06), 'acc': np.float64(83.42), 'ndev': 3775, 'ntest': 3775}","{'devacc': np.float64(91.31), 'acc': np.float64(91.08), 'ndev': 10000, 'ntest': 10000}","{'devacc': np.float64(83.37), 'acc': np.float64(83.69), 'ndev': 10606, 'ntest': 10606}","{'devacc': np.float64(85.44), 'acc': 87.37, 'ndev': 872, 'ntest': 1821}","{'devacc': np.float64(76.32), 'acc': 88.4, 'ndev': 5452, 'ntest': 500}","{'devacc': np.float64(72.15), 'acc': 71.83, 'f1': 81.74, 'ndev': 4076, 'ntest': 1725}"
deberta-base,AVG_SUM-7-10,"torch.Size([61, 768])",NORMAL,4,0,12,"{'devacc': np.float64(86.75), 'acc': np.float64(87.06), 'ndev': 10662, 'ntest': 10662}","{'devacc': np.float64(90.59), 'acc': np.float64(90.92), 'ndev': 3775, 'ntest': 3775}","{'devacc': np.float64(95.85), 'acc': np.float64(95.8), 'ndev': 10000, 'ntest': 10000}","{'devacc': np.float64(89.89), 'acc': np.float64(90.02), 'ndev': 10606, 'ntest': 10606}","{'devacc': np.float64(91.51), 'acc': 92.59, 'ndev': 872, 'ntest': 1821}","{'devacc': np.float64(88.3), 'acc': 96.0, 'ndev': 5452, 'ntest': 500}","{'devacc': np.float64(77.16), 'acc': 75.83, 'f1': 82.66, 'ndev': 4076, 'ntest': 1725}"
deberta-base,SUM_SUM-7-10,"torch.Size([61, 768])",NORMAL,4,0,12,"{'devacc': np.float64(86.02), 'acc': np.float64(86.2), 'ndev': 10662, 'ntest': 10662}","{'devacc': np.float64(88.69), 'acc': np.float64(88.53), 'ndev': 3775, 'ntest': 3775}","{'devacc': np.float64(94.61), 'acc': np.float64(94.58), 'ndev': 10000, 'ntest': 10000}","{'devacc': np.float64(88.92), 'acc': np.float64(89.34), 'ndev': 10606, 'ntest': 10606}","{'devacc': np.float64(91.06), 'acc': 91.82, 'ndev': 872, 'ntest': 1821}","{'devacc': np.float64(87.18), 'acc': 95.8, 'ndev': 5452, 'ntest': 500}","{'devacc': np.float64(72.06), 'acc': 72.87, 'f1': 81.4, 'ndev': 4076, 'ntest': 1725}"
deberta-base,MAX_SUM-7-10,"torch.Size([61, 768])",NORMAL,4,0,12,"{'devacc': np.float64(83.98), 'acc': np.float64(84.31), 'ndev': 10662, 'ntest': 10662}","{'devacc': np.float64(87.4), 'acc': np.float64(87.42), 'ndev': 3775, 'ntest': 3775}","{'devacc': np.float64(93.19), 'acc': np.float64(93.41), 'ndev': 10000, 'ntest': 10000}","{'devacc': np.float64(88.62), 'acc': np.float64(88.92), 'ndev': 10606, 'ntest': 10606}","{'devacc': np.float64(87.73), 'acc': 89.79, 'ndev': 872, 'ntest': 1821}","{'devacc': np.float64(87.86), 'acc': 94.0, 'ndev': 5452, 'ntest': 500}","{'devacc': np.float64(72.57), 'acc': 70.96, 'f1': 78.98, 'ndev': 4076, 'ntest': 1725}"
deberta-base,AVG-NS_SUM-7-10,"torch.Size([61, 768])",NORMAL,4,0,12,"{'devacc': np.float64(86.62), 'acc': np.float64(86.9), 'ndev': 10662, 'ntest': 10662}","{'devacc': np.float64(90.25), 'acc': np.float64(90.7), 'ndev': 3775, 'ntest': 3775}","{'devacc': np.float64(95.81), 'acc': np.float64(95.77), 'ndev': 10000, 'ntest': 10000}","{'devacc': np.float64(89.54), 'acc': np.float64(89.95), 'ndev': 10606, 'ntest': 10606}","{'devacc': np.float64(91.63), 'acc': 92.31, 'ndev': 872, 'ntest': 1821}","{'devacc': np.float64(88.32), 'acc': 95.8, 'ndev': 5452, 'ntest': 500}","{'devacc': np.float64(76.59), 'acc': 76.23, 'f1': 83.06, 'ndev': 4076, 'ntest': 1725}"
deberta-base,SUM-NS_SUM-7-10,"torch.Size([61, 768])",NORMAL,4,0,12,"{'devacc': np.float64(85.97), 'acc': np.float64(86.32), 'ndev': 10662, 'ntest': 10662}","{'devacc': np.float64(88.56), 'acc': np.float64(88.72), 'ndev': 3775, 'ntest': 3775}","{'devacc': np.float64(94.65), 'acc': np.float64(94.45), 'ndev': 10000, 'ntest': 10000}","{'devacc': np.float64(88.92), 'acc': np.float64(89.26), 'ndev': 10606, 'ntest': 10606}","{'devacc': np.float64(91.17), 'acc': 91.65, 'ndev': 872, 'ntest': 1821}","{'devacc': np.float64(87.64), 'acc': 95.2, 'ndev': 5452, 'ntest': 500}","{'devacc': np.float64(71.86), 'acc': 72.46, 'f1': 80.76, 'ndev': 4076, 'ntest': 1725}"
deberta-base,MAX-NS_SUM-7-10,"torch.Size([61, 768])",NORMAL,4,0,12,"{'devacc': np.float64(83.93), 'acc': np.float64(84.04), 'ndev': 10662, 'ntest': 10662}","{'devacc': np.float64(67.51), 'acc': np.float64(65.77), 'ndev': 3775, 'ntest': 3775}","{'devacc': np.float64(93.18), 'acc': np.float64(93.71), 'ndev': 10000, 'ntest': 10000}","{'devacc': np.float64(74.43), 'acc': np.float64(77.99), 'ndev': 10606, 'ntest': 10606}","{'devacc': np.float64(87.5), 'acc': 89.57, 'ndev': 872, 'ntest': 1821}","{'devacc': np.float64(88.02), 'acc': 95.2, 'ndev': 5452, 'ntest': 500}","{'devacc': np.float64(72.23), 'acc': 71.54, 'f1': 79.52, 'ndev': 4076, 'ntest': 1725}"
deberta-base,CLS_SUM-8-11,"torch.Size([61, 768])",NORMAL,4,0,12,"{'devacc': np.float64(84.57), 'acc': np.float64(84.99), 'ndev': 10662, 'ntest': 10662}","{'devacc': np.float64(88.36), 'acc': np.float64(88.24), 'ndev': 3775, 'ntest': 3775}","{'devacc': np.float64(94.01), 'acc': np.float64(93.94), 'ndev': 10000, 'ntest': 10000}","{'devacc': np.float64(85.49), 'acc': np.float64(85.54), 'ndev': 10606, 'ntest': 10606}","{'devacc': np.float64(86.47), 'acc': 87.53, 'ndev': 872, 'ntest': 1821}","{'devacc': np.float64(60.38), 'acc': 64.2, 'ndev': 5452, 'ntest': 500}","{'devacc': np.float64(71.37), 'acc': 71.07, 'f1': 80.92, 'ndev': 4076, 'ntest': 1725}"
deberta-base,AVG_SUM-8-11,"torch.Size([61, 768])",NORMAL,4,0,12,"{'devacc': np.float64(87.32), 'acc': np.float64(87.61), 'ndev': 10662, 'ntest': 10662}","{'devacc': np.float64(91.04), 'acc': np.float64(91.23), 'ndev': 3775, 'ntest': 3775}","{'devacc': np.float64(95.96), 'acc': np.float64(95.92), 'ndev': 10000, 'ntest': 10000}","{'devacc': np.float64(89.93), 'acc': np.float64(90.09), 'ndev': 10606, 'ntest': 10606}","{'devacc': np.float64(91.28), 'acc': 92.42, 'ndev': 872, 'ntest': 1821}","{'devacc': np.float64(88.1), 'acc': 96.4, 'ndev': 5452, 'ntest': 500}","{'devacc': np.float64(76.86), 'acc': 76.58, 'f1': 83.12, 'ndev': 4076, 'ntest': 1725}"
deberta-base,SUM_SUM-8-11,"torch.Size([61, 768])",NORMAL,4,0,12,"{'devacc': np.float64(86.64), 'acc': np.float64(86.95), 'ndev': 10662, 'ntest': 10662}","{'devacc': np.float64(89.1), 'acc': np.float64(88.9), 'ndev': 3775, 'ntest': 3775}","{'devacc': np.float64(94.79), 'acc': np.float64(94.64), 'ndev': 10000, 'ntest': 10000}","{'devacc': np.float64(89.0), 'acc': np.float64(89.2), 'ndev': 10606, 'ntest': 10606}","{'devacc': np.float64(92.2), 'acc': 91.76, 'ndev': 872, 'ntest': 1821}","{'devacc': np.float64(87.44), 'acc': 95.6, 'ndev': 5452, 'ntest': 500}","{'devacc': np.float64(73.06), 'acc': 72.93, 'f1': 81.31, 'ndev': 4076, 'ntest': 1725}"
deberta-base,MAX_SUM-8-11,"torch.Size([61, 768])",NORMAL,4,0,12,"{'devacc': np.float64(84.7), 'acc': np.float64(84.74), 'ndev': 10662, 'ntest': 10662}","{'devacc': np.float64(88.19), 'acc': np.float64(87.84), 'ndev': 3775, 'ntest': 3775}","{'devacc': np.float64(93.27), 'acc': np.float64(93.65), 'ndev': 10000, 'ntest': 10000}","{'devacc': np.float64(88.64), 'acc': np.float64(89.14), 'ndev': 10606, 'ntest': 10606}","{'devacc': np.float64(87.27), 'acc': 90.39, 'ndev': 872, 'ntest': 1821}","{'devacc': np.float64(87.27), 'acc': 94.4, 'ndev': 5452, 'ntest': 500}","{'devacc': np.float64(72.99), 'acc': 70.43, 'f1': 78.79, 'ndev': 4076, 'ntest': 1725}"
deberta-base,AVG-NS_SUM-8-11,"torch.Size([61, 768])",NORMAL,4,0,12,"{'devacc': np.float64(87.1), 'acc': np.float64(87.4), 'ndev': 10662, 'ntest': 10662}","{'devacc': np.float64(90.8), 'acc': np.float64(90.97), 'ndev': 3775, 'ntest': 3775}","{'devacc': np.float64(95.91), 'acc': np.float64(95.87), 'ndev': 10000, 'ntest': 10000}","{'devacc': np.float64(89.61), 'acc': np.float64(90.0), 'ndev': 10606, 'ntest': 10606}","{'devacc': np.float64(91.4), 'acc': 92.48, 'ndev': 872, 'ntest': 1821}","{'devacc': np.float64(87.67), 'acc': 96.4, 'ndev': 5452, 'ntest': 500}","{'devacc': np.float64(76.74), 'acc': 76.17, 'f1': 82.98, 'ndev': 4076, 'ntest': 1725}"
deberta-base,SUM-NS_SUM-8-11,"torch.Size([61, 768])",NORMAL,4,0,12,"{'devacc': np.float64(86.48), 'acc': np.float64(86.67), 'ndev': 10662, 'ntest': 10662}","{'devacc': np.float64(88.98), 'acc': np.float64(88.85), 'ndev': 3775, 'ntest': 3775}","{'devacc': np.float64(94.77), 'acc': np.float64(94.65), 'ndev': 10000, 'ntest': 10000}","{'devacc': np.float64(88.96), 'acc': np.float64(89.08), 'ndev': 10606, 'ntest': 10606}","{'devacc': np.float64(91.63), 'acc': 91.93, 'ndev': 872, 'ntest': 1821}","{'devacc': np.float64(87.42), 'acc': 95.2, 'ndev': 5452, 'ntest': 500}","{'devacc': np.float64(72.33), 'acc': 71.54, 'f1': 80.75, 'ndev': 4076, 'ntest': 1725}"
deberta-base,MAX-NS_SUM-8-11,"torch.Size([61, 768])",NORMAL,4,0,12,"{'devacc': np.float64(84.56), 'acc': np.float64(84.61), 'ndev': 10662, 'ntest': 10662}","{'devacc': np.float64(67.25), 'acc': np.float64(66.01), 'ndev': 3775, 'ntest': 3775}","{'devacc': np.float64(93.22), 'acc': np.float64(93.5), 'ndev': 10000, 'ntest': 10000}","{'devacc': np.float64(81.72), 'acc': np.float64(72.78), 'ndev': 10606, 'ntest': 10606}","{'devacc': np.float64(88.3), 'acc': 90.5, 'ndev': 872, 'ntest': 1821}","{'devacc': np.float64(87.56), 'acc': 94.0, 'ndev': 5452, 'ntest': 500}","{'devacc': np.float64(72.79), 'acc': 69.97, 'f1': 78.33, 'ndev': 4076, 'ntest': 1725}"
deberta-base,CLS_SUM-9-12,"torch.Size([61, 768])",NORMAL,4,0,12,"{'devacc': np.float64(84.96), 'acc': np.float64(85.18), 'ndev': 10662, 'ntest': 10662}","{'devacc': np.float64(88.06), 'acc': np.float64(87.84), 'ndev': 3775, 'ntest': 3775}","{'devacc': np.float64(94.48), 'acc': np.float64(94.2), 'ndev': 10000, 'ntest': 10000}","{'devacc': np.float64(87.78), 'acc': np.float64(87.5), 'ndev': 10606, 'ntest': 10606}","{'devacc': np.float64(85.55), 'acc': 87.31, 'ndev': 872, 'ntest': 1821}","{'devacc': np.float64(64.14), 'acc': 68.4, 'ndev': 5452, 'ntest': 500}","{'devacc': np.float64(70.76), 'acc': 70.67, 'f1': 80.51, 'ndev': 4076, 'ntest': 1725}"
deberta-base,AVG_SUM-9-12,"torch.Size([61, 768])",NORMAL,4,0,12,"{'devacc': np.float64(87.42), 'acc': np.float64(87.52), 'ndev': 10662, 'ntest': 10662}","{'devacc': np.float64(91.03), 'acc': np.float64(91.39), 'ndev': 3775, 'ntest': 3775}","{'devacc': np.float64(95.82), 'acc': np.float64(95.74), 'ndev': 10000, 'ntest': 10000}","{'devacc': np.float64(89.75), 'acc': np.float64(89.75), 'ndev': 10606, 'ntest': 10606}","{'devacc': np.float64(90.71), 'acc': 92.59, 'ndev': 872, 'ntest': 1821}","{'devacc': np.float64(86.39), 'acc': 95.4, 'ndev': 5452, 'ntest': 500}","{'devacc': np.float64(73.72), 'acc': 73.45, 'f1': 81.4, 'ndev': 4076, 'ntest': 1725}"
deberta-base,SUM_SUM-9-12,"torch.Size([61, 768])",NORMAL,4,0,12,"{'devacc': np.float64(86.95), 'acc': np.float64(86.85), 'ndev': 10662, 'ntest': 10662}","{'devacc': np.float64(89.62), 'acc': np.float64(90.52), 'ndev': 3775, 'ntest': 3775}","{'devacc': np.float64(95.02), 'acc': np.float64(95.03), 'ndev': 10000, 'ntest': 10000}","{'devacc': np.float64(88.95), 'acc': np.float64(89.02), 'ndev': 10606, 'ntest': 10606}","{'devacc': np.float64(92.2), 'acc': 91.49, 'ndev': 872, 'ntest': 1821}","{'devacc': np.float64(86.19), 'acc': 94.4, 'ndev': 5452, 'ntest': 500}","{'devacc': np.float64(70.04), 'acc': 69.45, 'f1': 80.08, 'ndev': 4076, 'ntest': 1725}"
deberta-base,MAX_SUM-9-12,"torch.Size([61, 768])",NORMAL,4,0,12,"{'devacc': np.float64(83.94), 'acc': np.float64(83.86), 'ndev': 10662, 'ntest': 10662}","{'devacc': np.float64(87.1), 'acc': np.float64(87.1), 'ndev': 3775, 'ntest': 3775}","{'devacc': np.float64(93.25), 'acc': np.float64(93.39), 'ndev': 10000, 'ntest': 10000}","{'devacc': np.float64(88.61), 'acc': np.float64(88.58), 'ndev': 10606, 'ntest': 10606}","{'devacc': np.float64(87.39), 'acc': 88.96, 'ndev': 872, 'ntest': 1821}","{'devacc': np.float64(85.38), 'acc': 94.8, 'ndev': 5452, 'ntest': 500}","{'devacc': np.float64(71.15), 'acc': 69.86, 'f1': 78.78, 'ndev': 4076, 'ntest': 1725}"
deberta-base,AVG-NS_SUM-9-12,"torch.Size([61, 768])",NORMAL,4,0,12,"{'devacc': np.float64(87.27), 'acc': np.float64(87.36), 'ndev': 10662, 'ntest': 10662}","{'devacc': np.float64(90.75), 'acc': np.float64(91.07), 'ndev': 3775, 'ntest': 3775}","{'devacc': np.float64(95.78), 'acc': np.float64(95.77), 'ndev': 10000, 'ntest': 10000}","{'devacc': np.float64(89.64), 'acc': np.float64(89.71), 'ndev': 10606, 'ntest': 10606}","{'devacc': np.float64(90.71), 'acc': 92.53, 'ndev': 872, 'ntest': 1821}","{'devacc': np.float64(86.48), 'acc': 95.8, 'ndev': 5452, 'ntest': 500}","{'devacc': np.float64(73.58), 'acc': 72.87, 'f1': 81.04, 'ndev': 4076, 'ntest': 1725}"
deberta-base,SUM-NS_SUM-9-12,"torch.Size([61, 768])",NORMAL,4,0,12,"{'devacc': np.float64(86.83), 'acc': np.float64(87.02), 'ndev': 10662, 'ntest': 10662}","{'devacc': np.float64(89.51), 'acc': np.float64(90.15), 'ndev': 3775, 'ntest': 3775}","{'devacc': np.float64(94.96), 'acc': np.float64(94.81), 'ndev': 10000, 'ntest': 10000}","{'devacc': np.float64(88.93), 'acc': np.float64(89.14), 'ndev': 10606, 'ntest': 10606}","{'devacc': np.float64(91.74), 'acc': 91.76, 'ndev': 872, 'ntest': 1821}","{'devacc': np.float64(86.44), 'acc': 95.2, 'ndev': 5452, 'ntest': 500}","{'devacc': np.float64(70.51), 'acc': 68.52, 'f1': 79.58, 'ndev': 4076, 'ntest': 1725}"
deberta-base,MAX-NS_SUM-9-12,"torch.Size([61, 768])",NORMAL,4,0,12,"{'devacc': np.float64(84.1), 'acc': np.float64(84.22), 'ndev': 10662, 'ntest': 10662}","{'devacc': np.float64(68.31), 'acc': np.float64(67.15), 'ndev': 3775, 'ntest': 3775}","{'devacc': np.float64(93.2), 'acc': np.float64(93.49), 'ndev': 10000, 'ntest': 10000}","{'devacc': np.float64(74.51), 'acc': np.float64(49.23), 'ndev': 10606, 'ntest': 10606}","{'devacc': np.float64(87.73), 'acc': 89.02, 'ndev': 872, 'ntest': 1821}","{'devacc': np.float64(85.75), 'acc': 94.0, 'ndev': 5452, 'ntest': 500}","{'devacc': np.float64(70.95), 'acc': 70.09, 'f1': 79.28, 'ndev': 4076, 'ntest': 1725}"
deberta-base,CLS_SUM-1-5,"torch.Size([61, 768])",NORMAL,4,0,12,"{'devacc': np.float64(69.58), 'acc': np.float64(69.78), 'ndev': 10662, 'ntest': 10662}","{'devacc': np.float64(72.05), 'acc': np.float64(72.42), 'ndev': 3775, 'ntest': 3775}","{'devacc': np.float64(87.75), 'acc': np.float64(87.56), 'ndev': 10000, 'ntest': 10000}","{'devacc': np.float64(84.12), 'acc': np.float64(84.19), 'ndev': 10606, 'ntest': 10606}","{'devacc': np.float64(70.87), 'acc': 70.68, 'ndev': 872, 'ntest': 1821}","{'devacc': np.float64(62.09), 'acc': 63.2, 'ndev': 5452, 'ntest': 500}","{'devacc': np.float64(67.81), 'acc': 67.71, 'f1': 79.83, 'ndev': 4076, 'ntest': 1725}"
deberta-base,AVG_SUM-1-5,"torch.Size([61, 768])",NORMAL,4,0,12,"{'devacc': np.float64(80.32), 'acc': np.float64(80.37), 'ndev': 10662, 'ntest': 10662}","{'devacc': np.float64(82.75), 'acc': np.float64(83.26), 'ndev': 3775, 'ntest': 3775}","{'devacc': np.float64(94.06), 'acc': np.float64(94.25), 'ndev': 10000, 'ntest': 10000}","{'devacc': np.float64(89.07), 'acc': np.float64(89.12), 'ndev': 10606, 'ntest': 10606}","{'devacc': np.float64(86.58), 'acc': 86.66, 'ndev': 872, 'ntest': 1821}","{'devacc': np.float64(85.36), 'acc': 92.0, 'ndev': 5452, 'ntest': 500}","{'devacc': np.float64(74.51), 'acc': 74.78, 'f1': 81.59, 'ndev': 4076, 'ntest': 1725}"
deberta-base,SUM_SUM-1-5,"torch.Size([61, 768])",NORMAL,4,0,12,"{'devacc': np.float64(79.93), 'acc': np.float64(79.84), 'ndev': 10662, 'ntest': 10662}","{'devacc': np.float64(80.85), 'acc': np.float64(81.06), 'ndev': 3775, 'ntest': 3775}","{'devacc': np.float64(92.76), 'acc': np.float64(93.18), 'ndev': 10000, 'ntest': 10000}","{'devacc': np.float64(88.21), 'acc': np.float64(88.5), 'ndev': 10606, 'ntest': 10606}","{'devacc': np.float64(85.78), 'acc': 86.38, 'ndev': 872, 'ntest': 1821}","{'devacc': np.float64(84.15), 'acc': 91.0, 'ndev': 5452, 'ntest': 500}","{'devacc': np.float64(69.94), 'acc': 69.68, 'f1': 78.8, 'ndev': 4076, 'ntest': 1725}"
deberta-base,MAX_SUM-1-5,"torch.Size([61, 768])",NORMAL,4,0,12,"{'devacc': np.float64(75.09), 'acc': np.float64(75.82), 'ndev': 10662, 'ntest': 10662}","{'devacc': np.float64(77.77), 'acc': np.float64(78.23), 'ndev': 3775, 'ntest': 3775}","{'devacc': np.float64(90.28), 'acc': np.float64(90.74), 'ndev': 10000, 'ntest': 10000}","{'devacc': np.float64(87.81), 'acc': np.float64(88.0), 'ndev': 10606, 'ntest': 10606}","{'devacc': np.float64(80.96), 'acc': 79.08, 'ndev': 872, 'ntest': 1821}","{'devacc': np.float64(84.15), 'acc': 90.6, 'ndev': 5452, 'ntest': 500}","{'devacc': np.float64(69.48), 'acc': 68.75, 'f1': 76.96, 'ndev': 4076, 'ntest': 1725}"
deberta-base,AVG-NS_SUM-1-5,"torch.Size([61, 768])",NORMAL,4,0,12,"{'devacc': np.float64(79.88), 'acc': np.float64(79.96), 'ndev': 10662, 'ntest': 10662}","{'devacc': np.float64(82.19), 'acc': np.float64(82.46), 'ndev': 3775, 'ntest': 3775}","{'devacc': np.float64(93.92), 'acc': np.float64(94.05), 'ndev': 10000, 'ntest': 10000}","{'devacc': np.float64(88.68), 'acc': np.float64(89.07), 'ndev': 10606, 'ntest': 10606}","{'devacc': np.float64(85.89), 'acc': 85.94, 'ndev': 872, 'ntest': 1821}","{'devacc': np.float64(85.18), 'acc': 92.0, 'ndev': 5452, 'ntest': 500}","{'devacc': np.float64(74.73), 'acc': 74.9, 'f1': 81.84, 'ndev': 4076, 'ntest': 1725}"
deberta-base,SUM-NS_SUM-1-5,"torch.Size([61, 768])",NORMAL,4,0,12,"{'devacc': np.float64(79.52), 'acc': np.float64(79.52), 'ndev': 10662, 'ntest': 10662}","{'devacc': np.float64(80.6), 'acc': np.float64(80.88), 'ndev': 3775, 'ntest': 3775}","{'devacc': np.float64(92.71), 'acc': np.float64(92.87), 'ndev': 10000, 'ntest': 10000}","{'devacc': np.float64(88.18), 'acc': np.float64(88.41), 'ndev': 10606, 'ntest': 10606}","{'devacc': np.float64(84.63), 'acc': 86.05, 'ndev': 872, 'ntest': 1821}","{'devacc': np.float64(84.37), 'acc': 90.6, 'ndev': 5452, 'ntest': 500}","{'devacc': np.float64(70.68), 'acc': 69.86, 'f1': 79.43, 'ndev': 4076, 'ntest': 1725}"
deberta-base,MAX-NS_SUM-1-5,"torch.Size([61, 768])",NORMAL,4,0,12,"{'devacc': np.float64(74.97), 'acc': np.float64(75.59), 'ndev': 10662, 'ntest': 10662}","{'devacc': np.float64(65.48), 'acc': np.float64(64.71), 'ndev': 3775, 'ntest': 3775}","{'devacc': np.float64(90.38), 'acc': np.float64(90.73), 'ndev': 10000, 'ntest': 10000}","{'devacc': np.float64(82.54), 'acc': np.float64(74.05), 'ndev': 10606, 'ntest': 10606}","{'devacc': np.float64(80.05), 'acc': 79.57, 'ndev': 872, 'ntest': 1821}","{'devacc': np.float64(84.37), 'acc': 91.0, 'ndev': 5452, 'ntest': 500}","{'devacc': np.float64(69.28), 'acc': 68.23, 'f1': 76.52, 'ndev': 4076, 'ntest': 1725}"
deberta-base,CLS_SUM-2-6,"torch.Size([61, 768])",NORMAL,4,0,12,"{'devacc': np.float64(70.37), 'acc': np.float64(70.77), 'ndev': 10662, 'ntest': 10662}","{'devacc': np.float64(70.93), 'acc': np.float64(71.6), 'ndev': 3775, 'ntest': 3775}","{'devacc': np.float64(88.63), 'acc': np.float64(88.73), 'ndev': 10000, 'ntest': 10000}","{'devacc': np.float64(84.99), 'acc': np.float64(85.21), 'ndev': 10606, 'ntest': 10606}","{'devacc': np.float64(73.05), 'acc': 74.24, 'ndev': 872, 'ntest': 1821}","{'devacc': np.float64(65.28), 'acc': 67.6, 'ndev': 5452, 'ntest': 500}","{'devacc': np.float64(68.65), 'acc': 67.59, 'f1': 79.02, 'ndev': 4076, 'ntest': 1725}"
deberta-base,AVG_SUM-2-6,"torch.Size([61, 768])",NORMAL,4,0,12,"{'devacc': np.float64(81.54), 'acc': np.float64(81.39), 'ndev': 10662, 'ntest': 10662}","{'devacc': np.float64(85.18), 'acc': np.float64(85.96), 'ndev': 3775, 'ntest': 3775}","{'devacc': np.float64(94.69), 'acc': np.float64(94.82), 'ndev': 10000, 'ntest': 10000}","{'devacc': np.float64(89.46), 'acc': np.float64(89.68), 'ndev': 10606, 'ntest': 10606}","{'devacc': np.float64(86.47), 'acc': 87.75, 'ndev': 872, 'ntest': 1821}","{'devacc': np.float64(86.98), 'acc': 93.4, 'ndev': 5452, 'ntest': 500}","{'devacc': np.float64(75.05), 'acc': 75.36, 'f1': 82.17, 'ndev': 4076, 'ntest': 1725}"
deberta-base,SUM_SUM-2-6,"torch.Size([61, 768])",NORMAL,4,0,12,"{'devacc': np.float64(81.2), 'acc': np.float64(81.32), 'ndev': 10662, 'ntest': 10662}","{'devacc': np.float64(83.19), 'acc': np.float64(83.95), 'ndev': 3775, 'ntest': 3775}","{'devacc': np.float64(93.44), 'acc': np.float64(93.66), 'ndev': 10000, 'ntest': 10000}","{'devacc': np.float64(88.79), 'acc': np.float64(88.88), 'ndev': 10606, 'ntest': 10606}","{'devacc': np.float64(86.35), 'acc': 87.1, 'ndev': 872, 'ntest': 1821}","{'devacc': np.float64(85.91), 'acc': 92.4, 'ndev': 5452, 'ntest': 500}","{'devacc': np.float64(70.83), 'acc': 70.32, 'f1': 79.87, 'ndev': 4076, 'ntest': 1725}"
deberta-base,MAX_SUM-2-6,"torch.Size([61, 768])",NORMAL,4,0,12,"{'devacc': np.float64(76.9), 'acc': np.float64(77.12), 'ndev': 10662, 'ntest': 10662}","{'devacc': np.float64(79.83), 'acc': np.float64(80.02), 'ndev': 3775, 'ntest': 3775}","{'devacc': np.float64(91.24), 'acc': np.float64(91.59), 'ndev': 10000, 'ntest': 10000}","{'devacc': np.float64(88.17), 'acc': np.float64(88.39), 'ndev': 10606, 'ntest': 10606}","{'devacc': np.float64(82.91), 'acc': 81.11, 'ndev': 872, 'ntest': 1821}","{'devacc': np.float64(85.88), 'acc': 93.0, 'ndev': 5452, 'ntest': 500}","{'devacc': np.float64(69.65), 'acc': 70.03, 'f1': 78.4, 'ndev': 4076, 'ntest': 1725}"
deberta-base,AVG-NS_SUM-2-6,"torch.Size([61, 768])",NORMAL,4,0,12,"{'devacc': np.float64(81.39), 'acc': np.float64(81.23), 'ndev': 10662, 'ntest': 10662}","{'devacc': np.float64(84.62), 'acc': np.float64(85.46), 'ndev': 3775, 'ntest': 3775}","{'devacc': np.float64(94.58), 'acc': np.float64(94.82), 'ndev': 10000, 'ntest': 10000}","{'devacc': np.float64(89.11), 'acc': np.float64(89.48), 'ndev': 10606, 'ntest': 10606}","{'devacc': np.float64(86.93), 'acc': 87.48, 'ndev': 872, 'ntest': 1821}","{'devacc': np.float64(86.85), 'acc': 93.4, 'ndev': 5452, 'ntest': 500}","{'devacc': np.float64(75.02), 'acc': 75.07, 'f1': 82.02, 'ndev': 4076, 'ntest': 1725}"
deberta-base,SUM-NS_SUM-2-6,"torch.Size([61, 768])",NORMAL,4,0,12,"{'devacc': np.float64(81.08), 'acc': np.float64(80.95), 'ndev': 10662, 'ntest': 10662}","{'devacc': np.float64(82.94), 'acc': np.float64(83.87), 'ndev': 3775, 'ntest': 3775}","{'devacc': np.float64(93.43), 'acc': np.float64(93.6), 'ndev': 10000, 'ntest': 10000}","{'devacc': np.float64(88.82), 'acc': np.float64(88.93), 'ndev': 10606, 'ntest': 10606}","{'devacc': np.float64(85.78), 'acc': 86.88, 'ndev': 872, 'ntest': 1821}","{'devacc': np.float64(86.1), 'acc': 92.4, 'ndev': 5452, 'ntest': 500}","{'devacc': np.float64(70.78), 'acc': 68.99, 'f1': 78.57, 'ndev': 4076, 'ntest': 1725}"
deberta-base,MAX-NS_SUM-2-6,"torch.Size([61, 768])",NORMAL,4,0,12,"{'devacc': np.float64(76.74), 'acc': np.float64(76.8), 'ndev': 10662, 'ntest': 10662}","{'devacc': np.float64(66.09), 'acc': np.float64(65.46), 'ndev': 3775, 'ntest': 3775}","{'devacc': np.float64(91.3), 'acc': np.float64(91.65), 'ndev': 10000, 'ntest': 10000}","{'devacc': np.float64(75.86), 'acc': np.float64(84.9), 'ndev': 10606, 'ntest': 10606}","{'devacc': np.float64(81.65), 'acc': 80.72, 'ndev': 872, 'ntest': 1821}","{'devacc': np.float64(85.97), 'acc': 92.6, 'ndev': 5452, 'ntest': 500}","{'devacc': np.float64(69.82), 'acc': 69.97, 'f1': 78.27, 'ndev': 4076, 'ntest': 1725}"
deberta-base,CLS_SUM-3-7,"torch.Size([61, 768])",NORMAL,4,0,12,"{'devacc': np.float64(71.77), 'acc': np.float64(72.09), 'ndev': 10662, 'ntest': 10662}","{'devacc': np.float64(71.65), 'acc': np.float64(72.19), 'ndev': 3775, 'ntest': 3775}","{'devacc': np.float64(89.38), 'acc': np.float64(89.49), 'ndev': 10000, 'ntest': 10000}","{'devacc': np.float64(84.17), 'acc': np.float64(84.2), 'ndev': 10606, 'ntest': 10606}","{'devacc': np.float64(75.57), 'acc': 74.52, 'ndev': 872, 'ntest': 1821}","{'devacc': np.float64(65.9), 'acc': 68.6, 'ndev': 5452, 'ntest': 500}","{'devacc': np.float64(68.45), 'acc': 68.23, 'f1': 79.29, 'ndev': 4076, 'ntest': 1725}"
deberta-base,AVG_SUM-3-7,"torch.Size([61, 768])",NORMAL,4,0,12,"{'devacc': np.float64(82.97), 'acc': np.float64(83.0), 'ndev': 10662, 'ntest': 10662}","{'devacc': np.float64(87.43), 'acc': np.float64(88.05), 'ndev': 3775, 'ntest': 3775}","{'devacc': np.float64(95.07), 'acc': np.float64(95.08), 'ndev': 10000, 'ntest': 10000}","{'devacc': np.float64(89.9), 'acc': np.float64(90.14), 'ndev': 10606, 'ntest': 10606}","{'devacc': np.float64(88.76), 'acc': 88.96, 'ndev': 872, 'ntest': 1821}","{'devacc': np.float64(88.0), 'acc': 94.2, 'ndev': 5452, 'ntest': 500}","{'devacc': np.float64(75.12), 'acc': 74.43, 'f1': 81.34, 'ndev': 4076, 'ntest': 1725}"
deberta-base,SUM_SUM-3-7,"torch.Size([61, 768])",NORMAL,4,0,12,"{'devacc': np.float64(82.68), 'acc': np.float64(82.53), 'ndev': 10662, 'ntest': 10662}","{'devacc': np.float64(85.27), 'acc': np.float64(86.2), 'ndev': 3775, 'ntest': 3775}","{'devacc': np.float64(93.91), 'acc': np.float64(94.0), 'ndev': 10000, 'ntest': 10000}","{'devacc': np.float64(89.2), 'acc': np.float64(89.46), 'ndev': 10606, 'ntest': 10606}","{'devacc': np.float64(87.73), 'acc': 87.97, 'ndev': 872, 'ntest': 1821}","{'devacc': np.float64(86.74), 'acc': 94.4, 'ndev': 5452, 'ntest': 500}","{'devacc': np.float64(70.29), 'acc': 70.49, 'f1': 79.62, 'ndev': 4076, 'ntest': 1725}"
deberta-base,MAX_SUM-3-7,"torch.Size([61, 768])",NORMAL,4,0,12,"{'devacc': np.float64(78.56), 'acc': np.float64(78.54), 'ndev': 10662, 'ntest': 10662}","{'devacc': np.float64(81.85), 'acc': np.float64(83.26), 'ndev': 3775, 'ntest': 3775}","{'devacc': np.float64(92.09), 'acc': np.float64(92.41), 'ndev': 10000, 'ntest': 10000}","{'devacc': np.float64(88.61), 'acc': np.float64(88.89), 'ndev': 10606, 'ntest': 10606}","{'devacc': np.float64(83.37), 'acc': 82.37, 'ndev': 872, 'ntest': 1821}","{'devacc': np.float64(87.49), 'acc': 93.2, 'ndev': 5452, 'ntest': 500}","{'devacc': np.float64(69.21), 'acc': 70.55, 'f1': 78.58, 'ndev': 4076, 'ntest': 1725}"
deberta-base,AVG-NS_SUM-3-7,"torch.Size([61, 768])",NORMAL,4,0,12,"{'devacc': np.float64(82.8), 'acc': np.float64(82.84), 'ndev': 10662, 'ntest': 10662}","{'devacc': np.float64(87.03), 'acc': np.float64(87.5), 'ndev': 3775, 'ntest': 3775}","{'devacc': np.float64(94.97), 'acc': np.float64(95.07), 'ndev': 10000, 'ntest': 10000}","{'devacc': np.float64(89.51), 'acc': np.float64(89.64), 'ndev': 10606, 'ntest': 10606}","{'devacc': np.float64(88.19), 'acc': 88.52, 'ndev': 872, 'ntest': 1821}","{'devacc': np.float64(88.06), 'acc': 94.6, 'ndev': 5452, 'ntest': 500}","{'devacc': np.float64(75.64), 'acc': 74.43, 'f1': 81.42, 'ndev': 4076, 'ntest': 1725}"
deberta-base,SUM-NS_SUM-3-7,"torch.Size([61, 768])",NORMAL,4,0,12,"{'devacc': np.float64(82.53), 'acc': np.float64(82.17), 'ndev': 10662, 'ntest': 10662}","{'devacc': np.float64(85.04), 'acc': np.float64(85.46), 'ndev': 3775, 'ntest': 3775}","{'devacc': np.float64(93.87), 'acc': np.float64(93.98), 'ndev': 10000, 'ntest': 10000}","{'devacc': np.float64(89.16), 'acc': np.float64(89.43), 'ndev': 10606, 'ntest': 10606}","{'devacc': np.float64(87.39), 'acc': 87.92, 'ndev': 872, 'ntest': 1821}","{'devacc': np.float64(87.07), 'acc': 94.4, 'ndev': 5452, 'ntest': 500}","{'devacc': np.float64(70.56), 'acc': 70.26, 'f1': 79.78, 'ndev': 4076, 'ntest': 1725}"
deberta-base,MAX-NS_SUM-3-7,"torch.Size([61, 768])",NORMAL,4,0,12,"{'devacc': np.float64(78.52), 'acc': np.float64(78.53), 'ndev': 10662, 'ntest': 10662}","{'devacc': np.float64(66.42), 'acc': np.float64(65.67), 'ndev': 3775, 'ntest': 3775}","{'devacc': np.float64(91.97), 'acc': np.float64(92.38), 'ndev': 10000, 'ntest': 10000}","{'devacc': np.float64(74.91), 'acc': np.float64(85.3), 'ndev': 10606, 'ntest': 10606}","{'devacc': np.float64(83.83), 'acc': 81.93, 'ndev': 872, 'ntest': 1821}","{'devacc': np.float64(87.55), 'acc': 93.2, 'ndev': 5452, 'ntest': 500}","{'devacc': np.float64(69.8), 'acc': 70.38, 'f1': 78.57, 'ndev': 4076, 'ntest': 1725}"
deberta-base,CLS_SUM-4-8,"torch.Size([61, 768])",NORMAL,4,0,12,"{'devacc': np.float64(74.59), 'acc': np.float64(74.53), 'ndev': 10662, 'ntest': 10662}","{'devacc': np.float64(64.64), 'acc': np.float64(64.85), 'ndev': 3775, 'ntest': 3775}","{'devacc': np.float64(89.21), 'acc': np.float64(89.46), 'ndev': 10000, 'ntest': 10000}","{'devacc': np.float64(70.45), 'acc': np.float64(71.13), 'ndev': 10606, 'ntest': 10606}","{'devacc': np.float64(81.19), 'acc': 80.78, 'ndev': 872, 'ntest': 1821}","{'devacc': np.float64(64.29), 'acc': 75.2, 'ndev': 5452, 'ntest': 500}","{'devacc': np.float64(67.74), 'acc': 66.49, 'f1': 79.01, 'ndev': 4076, 'ntest': 1725}"
deberta-base,AVG_SUM-4-8,"torch.Size([61, 768])",NORMAL,4,0,12,"{'devacc': np.float64(84.3), 'acc': np.float64(84.4), 'ndev': 10662, 'ntest': 10662}","{'devacc': np.float64(88.88), 'acc': np.float64(89.48), 'ndev': 3775, 'ntest': 3775}","{'devacc': np.float64(95.49), 'acc': np.float64(95.4), 'ndev': 10000, 'ntest': 10000}","{'devacc': np.float64(89.95), 'acc': np.float64(90.25), 'ndev': 10606, 'ntest': 10606}","{'devacc': np.float64(89.79), 'acc': 90.17, 'ndev': 872, 'ntest': 1821}","{'devacc': np.float64(88.65), 'acc': 94.6, 'ndev': 5452, 'ntest': 500}","{'devacc': np.float64(75.69), 'acc': 75.07, 'f1': 81.87, 'ndev': 4076, 'ntest': 1725}"
deberta-base,SUM_SUM-4-8,"torch.Size([61, 768])",NORMAL,4,0,12,"{'devacc': np.float64(83.87), 'acc': np.float64(84.05), 'ndev': 10662, 'ntest': 10662}","{'devacc': np.float64(86.84), 'acc': np.float64(86.86), 'ndev': 3775, 'ntest': 3775}","{'devacc': np.float64(94.3), 'acc': np.float64(94.41), 'ndev': 10000, 'ntest': 10000}","{'devacc': np.float64(89.13), 'acc': np.float64(89.49), 'ndev': 10606, 'ntest': 10606}","{'devacc': np.float64(89.79), 'acc': 89.07, 'ndev': 872, 'ntest': 1821}","{'devacc': np.float64(87.44), 'acc': 94.8, 'ndev': 5452, 'ntest': 500}","{'devacc': np.float64(70.95), 'acc': 71.07, 'f1': 80.21, 'ndev': 4076, 'ntest': 1725}"
deberta-base,MAX_SUM-4-8,"torch.Size([61, 768])",NORMAL,4,0,12,"{'devacc': np.float64(80.2), 'acc': np.float64(80.3), 'ndev': 10662, 'ntest': 10662}","{'devacc': np.float64(83.77), 'acc': np.float64(84.37), 'ndev': 3775, 'ntest': 3775}","{'devacc': np.float64(92.57), 'acc': np.float64(92.95), 'ndev': 10000, 'ntest': 10000}","{'devacc': np.float64(88.54), 'acc': np.float64(88.74), 'ndev': 10606, 'ntest': 10606}","{'devacc': np.float64(84.63), 'acc': 85.23, 'ndev': 872, 'ntest': 1821}","{'devacc': np.float64(87.93), 'acc': 94.0, 'ndev': 5452, 'ntest': 500}","{'devacc': np.float64(69.95), 'acc': 70.14, 'f1': 78.26, 'ndev': 4076, 'ntest': 1725}"
deberta-base,AVG-NS_SUM-4-8,"torch.Size([61, 768])",NORMAL,4,0,12,"{'devacc': np.float64(84.28), 'acc': np.float64(84.26), 'ndev': 10662, 'ntest': 10662}","{'devacc': np.float64(88.58), 'acc': np.float64(88.87), 'ndev': 3775, 'ntest': 3775}","{'devacc': np.float64(95.42), 'acc': np.float64(95.44), 'ndev': 10000, 'ntest': 10000}","{'devacc': np.float64(89.66), 'acc': np.float64(90.0), 'ndev': 10606, 'ntest': 10606}","{'devacc': np.float64(89.33), 'acc': 90.28, 'ndev': 872, 'ntest': 1821}","{'devacc': np.float64(88.37), 'acc': 94.0, 'ndev': 5452, 'ntest': 500}","{'devacc': np.float64(76.05), 'acc': 74.78, 'f1': 81.58, 'ndev': 4076, 'ntest': 1725}"
deberta-base,SUM-NS_SUM-4-8,"torch.Size([61, 768])",NORMAL,4,0,12,"{'devacc': np.float64(83.9), 'acc': np.float64(83.78), 'ndev': 10662, 'ntest': 10662}","{'devacc': np.float64(86.72), 'acc': np.float64(86.73), 'ndev': 3775, 'ntest': 3775}","{'devacc': np.float64(94.3), 'acc': np.float64(94.22), 'ndev': 10000, 'ntest': 10000}","{'devacc': np.float64(89.1), 'acc': np.float64(89.55), 'ndev': 10606, 'ntest': 10606}","{'devacc': np.float64(89.56), 'acc': 88.96, 'ndev': 872, 'ntest': 1821}","{'devacc': np.float64(87.4), 'acc': 94.6, 'ndev': 5452, 'ntest': 500}","{'devacc': np.float64(70.61), 'acc': 70.32, 'f1': 79.57, 'ndev': 4076, 'ntest': 1725}"
deberta-base,MAX-NS_SUM-4-8,"torch.Size([61, 768])",NORMAL,4,0,12,"{'devacc': np.float64(80.22), 'acc': np.float64(80.19), 'ndev': 10662, 'ntest': 10662}","{'devacc': np.float64(66.72), 'acc': np.float64(65.72), 'ndev': 3775, 'ntest': 3775}","{'devacc': np.float64(92.4), 'acc': np.float64(92.83), 'ndev': 10000, 'ntest': 10000}","{'devacc': np.float64(76.26), 'acc': np.float64(77.96), 'ndev': 10606, 'ntest': 10606}","{'devacc': np.float64(84.29), 'acc': 84.68, 'ndev': 872, 'ntest': 1821}","{'devacc': np.float64(87.64), 'acc': 93.6, 'ndev': 5452, 'ntest': 500}","{'devacc': np.float64(69.92), 'acc': 70.38, 'f1': 78.59, 'ndev': 4076, 'ntest': 1725}"
deberta-base,CLS_SUM-5-9,"torch.Size([61, 768])",NORMAL,4,0,12,"{'devacc': np.float64(81.75), 'acc': np.float64(81.68), 'ndev': 10662, 'ntest': 10662}","{'devacc': np.float64(81.57), 'acc': np.float64(82.52), 'ndev': 3775, 'ntest': 3775}","{'devacc': np.float64(91.29), 'acc': np.float64(91.12), 'ndev': 10000, 'ntest': 10000}","{'devacc': np.float64(83.15), 'acc': np.float64(83.39), 'ndev': 10606, 'ntest': 10606}","{'devacc': np.float64(86.24), 'acc': 87.37, 'ndev': 872, 'ntest': 1821}","{'devacc': np.float64(76.43), 'acc': 88.8, 'ndev': 5452, 'ntest': 500}","{'devacc': np.float64(71.17), 'acc': 69.91, 'f1': 80.7, 'ndev': 4076, 'ntest': 1725}"
deberta-base,AVG_SUM-5-9,"torch.Size([61, 768])",NORMAL,4,0,12,"{'devacc': np.float64(85.41), 'acc': np.float64(85.55), 'ndev': 10662, 'ntest': 10662}","{'devacc': np.float64(89.35), 'acc': np.float64(89.75), 'ndev': 3775, 'ntest': 3775}","{'devacc': np.float64(95.7), 'acc': np.float64(95.59), 'ndev': 10000, 'ntest': 10000}","{'devacc': np.float64(89.97), 'acc': np.float64(90.32), 'ndev': 10606, 'ntest': 10606}","{'devacc': np.float64(91.06), 'acc': 90.83, 'ndev': 872, 'ntest': 1821}","{'devacc': np.float64(89.01), 'acc': 94.6, 'ndev': 5452, 'ntest': 500}","{'devacc': np.float64(76.15), 'acc': 74.96, 'f1': 81.92, 'ndev': 4076, 'ntest': 1725}"
deberta-base,SUM_SUM-5-9,"torch.Size([61, 768])",NORMAL,4,0,12,"{'devacc': np.float64(84.92), 'acc': np.float64(85.04), 'ndev': 10662, 'ntest': 10662}","{'devacc': np.float64(87.86), 'acc': np.float64(88.21), 'ndev': 3775, 'ntest': 3775}","{'devacc': np.float64(94.54), 'acc': np.float64(94.49), 'ndev': 10000, 'ntest': 10000}","{'devacc': np.float64(89.09), 'acc': np.float64(89.31), 'ndev': 10606, 'ntest': 10606}","{'devacc': np.float64(90.25), 'acc': 90.06, 'ndev': 872, 'ntest': 1821}","{'devacc': np.float64(87.67), 'acc': 94.2, 'ndev': 5452, 'ntest': 500}","{'devacc': np.float64(71.3), 'acc': 71.36, 'f1': 80.52, 'ndev': 4076, 'ntest': 1725}"
deberta-base,MAX_SUM-5-9,"torch.Size([61, 768])",NORMAL,4,0,12,"{'devacc': np.float64(81.67), 'acc': np.float64(81.64), 'ndev': 10662, 'ntest': 10662}","{'devacc': np.float64(84.5), 'acc': np.float64(84.88), 'ndev': 3775, 'ntest': 3775}","{'devacc': np.float64(92.69), 'acc': np.float64(93.03), 'ndev': 10000, 'ntest': 10000}","{'devacc': np.float64(88.54), 'acc': np.float64(88.93), 'ndev': 10606, 'ntest': 10606}","{'devacc': np.float64(86.12), 'acc': 87.64, 'ndev': 872, 'ntest': 1821}","{'devacc': np.float64(88.5), 'acc': 95.2, 'ndev': 5452, 'ntest': 500}","{'devacc': np.float64(70.04), 'acc': 70.38, 'f1': 78.77, 'ndev': 4076, 'ntest': 1725}"
deberta-base,AVG-NS_SUM-5-9,"torch.Size([61, 768])",NORMAL,4,0,12,"{'devacc': np.float64(85.41), 'acc': np.float64(85.53), 'ndev': 10662, 'ntest': 10662}","{'devacc': np.float64(89.09), 'acc': np.float64(89.3), 'ndev': 3775, 'ntest': 3775}","{'devacc': np.float64(95.69), 'acc': np.float64(95.5), 'ndev': 10000, 'ntest': 10000}","{'devacc': np.float64(89.69), 'acc': np.float64(90.12), 'ndev': 10606, 'ntest': 10606}","{'devacc': np.float64(91.17), 'acc': 91.27, 'ndev': 872, 'ntest': 1821}","{'devacc': np.float64(88.83), 'acc': 94.4, 'ndev': 5452, 'ntest': 500}","{'devacc': np.float64(76.1), 'acc': 75.88, 'f1': 82.72, 'ndev': 4076, 'ntest': 1725}"
deberta-base,SUM-NS_SUM-5-9,"torch.Size([61, 768])",NORMAL,4,0,12,"{'devacc': np.float64(84.86), 'acc': np.float64(85.15), 'ndev': 10662, 'ntest': 10662}","{'devacc': np.float64(87.81), 'acc': np.float64(87.68), 'ndev': 3775, 'ntest': 3775}","{'devacc': np.float64(94.56), 'acc': np.float64(94.32), 'ndev': 10000, 'ntest': 10000}","{'devacc': np.float64(89.11), 'acc': np.float64(89.17), 'ndev': 10606, 'ntest': 10606}","{'devacc': np.float64(89.56), 'acc': 90.5, 'ndev': 872, 'ntest': 1821}","{'devacc': np.float64(87.73), 'acc': 94.2, 'ndev': 5452, 'ntest': 500}","{'devacc': np.float64(71.3), 'acc': 71.01, 'f1': 80.22, 'ndev': 4076, 'ntest': 1725}"
deberta-base,MAX-NS_SUM-5-9,"torch.Size([61, 768])",NORMAL,4,0,12,"{'devacc': np.float64(81.7), 'acc': np.float64(81.71), 'ndev': 10662, 'ntest': 10662}","{'devacc': np.float64(66.5), 'acc': np.float64(67.47), 'ndev': 3775, 'ntest': 3775}","{'devacc': np.float64(92.67), 'acc': np.float64(93.18), 'ndev': 10000, 'ntest': 10000}","{'devacc': np.float64(76.57), 'acc': np.float64(72.9), 'ndev': 10606, 'ntest': 10606}","{'devacc': np.float64(86.01), 'acc': 88.19, 'ndev': 872, 'ntest': 1821}","{'devacc': np.float64(88.13), 'acc': 95.4, 'ndev': 5452, 'ntest': 500}","{'devacc': np.float64(70.54), 'acc': 70.14, 'f1': 78.51, 'ndev': 4076, 'ntest': 1725}"
deberta-base,CLS_SUM-6-10,"torch.Size([61, 768])",NORMAL,4,0,12,"{'devacc': np.float64(82.43), 'acc': np.float64(82.4), 'ndev': 10662, 'ntest': 10662}","{'devacc': np.float64(83.41), 'acc': np.float64(84.19), 'ndev': 3775, 'ntest': 3775}","{'devacc': np.float64(91.52), 'acc': np.float64(91.46), 'ndev': 10000, 'ntest': 10000}","{'devacc': np.float64(83.81), 'acc': np.float64(83.94), 'ndev': 10606, 'ntest': 10606}","{'devacc': np.float64(85.44), 'acc': 87.2, 'ndev': 872, 'ntest': 1821}","{'devacc': np.float64(76.32), 'acc': 88.8, 'ndev': 5452, 'ntest': 500}","{'devacc': np.float64(71.93), 'acc': 72.0, 'f1': 81.78, 'ndev': 4076, 'ntest': 1725}"
deberta-base,AVG_SUM-6-10,"torch.Size([61, 768])",NORMAL,4,0,12,"{'devacc': np.float64(86.41), 'acc': np.float64(86.6), 'ndev': 10662, 'ntest': 10662}","{'devacc': np.float64(90.07), 'acc': np.float64(90.38), 'ndev': 3775, 'ntest': 3775}","{'devacc': np.float64(95.73), 'acc': np.float64(95.69), 'ndev': 10000, 'ntest': 10000}","{'devacc': np.float64(89.85), 'acc': np.float64(90.14), 'ndev': 10606, 'ntest': 10606}","{'devacc': np.float64(91.63), 'acc': 92.04, 'ndev': 872, 'ntest': 1821}","{'devacc': np.float64(88.59), 'acc': 95.4, 'ndev': 5452, 'ntest': 500}","{'devacc': np.float64(76.94), 'acc': 76.52, 'f1': 83.22, 'ndev': 4076, 'ntest': 1725}"
deberta-base,SUM_SUM-6-10,"torch.Size([61, 768])",NORMAL,4,0,12,"{'devacc': np.float64(85.75), 'acc': np.float64(85.97), 'ndev': 10662, 'ntest': 10662}","{'devacc': np.float64(88.27), 'acc': np.float64(88.24), 'ndev': 3775, 'ntest': 3775}","{'devacc': np.float64(94.64), 'acc': np.float64(94.54), 'ndev': 10000, 'ntest': 10000}","{'devacc': np.float64(89.01), 'acc': np.float64(89.32), 'ndev': 10606, 'ntest': 10606}","{'devacc': np.float64(90.94), 'acc': 90.88, 'ndev': 872, 'ntest': 1821}","{'devacc': np.float64(87.6), 'acc': 95.4, 'ndev': 5452, 'ntest': 500}","{'devacc': np.float64(71.96), 'acc': 72.41, 'f1': 81.52, 'ndev': 4076, 'ntest': 1725}"
deberta-base,MAX_SUM-6-10,"torch.Size([61, 768])",NORMAL,4,0,12,"{'devacc': np.float64(83.4), 'acc': np.float64(83.21), 'ndev': 10662, 'ntest': 10662}","{'devacc': np.float64(86.2), 'acc': np.float64(85.96), 'ndev': 3775, 'ntest': 3775}","{'devacc': np.float64(92.97), 'acc': np.float64(93.22), 'ndev': 10000, 'ntest': 10000}","{'devacc': np.float64(88.56), 'acc': np.float64(88.98), 'ndev': 10606, 'ntest': 10606}","{'devacc': np.float64(87.04), 'acc': 88.91, 'ndev': 872, 'ntest': 1821}","{'devacc': np.float64(88.04), 'acc': 95.0, 'ndev': 5452, 'ntest': 500}","{'devacc': np.float64(71.07), 'acc': 70.49, 'f1': 78.75, 'ndev': 4076, 'ntest': 1725}"
deberta-base,AVG-NS_SUM-6-10,"torch.Size([61, 768])",NORMAL,4,0,12,"{'devacc': np.float64(86.32), 'acc': np.float64(86.5), 'ndev': 10662, 'ntest': 10662}","{'devacc': np.float64(89.72), 'acc': np.float64(89.94), 'ndev': 3775, 'ntest': 3775}","{'devacc': np.float64(95.67), 'acc': np.float64(95.57), 'ndev': 10000, 'ntest': 10000}","{'devacc': np.float64(89.61), 'acc': np.float64(90.2), 'ndev': 10606, 'ntest': 10606}","{'devacc': np.float64(91.74), 'acc': 91.93, 'ndev': 872, 'ntest': 1821}","{'devacc': np.float64(88.43), 'acc': 95.6, 'ndev': 5452, 'ntest': 500}","{'devacc': np.float64(76.59), 'acc': 75.83, 'f1': 82.76, 'ndev': 4076, 'ntest': 1725}"
deberta-base,SUM-NS_SUM-6-10,"torch.Size([61, 768])",NORMAL,4,0,12,"{'devacc': np.float64(85.71), 'acc': np.float64(86.13), 'ndev': 10662, 'ntest': 10662}","{'devacc': np.float64(88.23), 'acc': np.float64(88.26), 'ndev': 3775, 'ntest': 3775}","{'devacc': np.float64(94.61), 'acc': np.float64(94.58), 'ndev': 10000, 'ntest': 10000}","{'devacc': np.float64(89.09), 'acc': np.float64(89.33), 'ndev': 10606, 'ntest': 10606}","{'devacc': np.float64(91.17), 'acc': 91.21, 'ndev': 872, 'ntest': 1821}","{'devacc': np.float64(87.51), 'acc': 95.2, 'ndev': 5452, 'ntest': 500}","{'devacc': np.float64(71.44), 'acc': 72.52, 'f1': 81.37, 'ndev': 4076, 'ntest': 1725}"
deberta-base,MAX-NS_SUM-6-10,"torch.Size([61, 768])",NORMAL,4,0,12,"{'devacc': np.float64(83.37), 'acc': np.float64(83.28), 'ndev': 10662, 'ntest': 10662}","{'devacc': np.float64(66.53), 'acc': np.float64(65.9), 'ndev': 3775, 'ntest': 3775}","{'devacc': np.float64(92.98), 'acc': np.float64(93.29), 'ndev': 10000, 'ntest': 10000}","{'devacc': np.float64(79.0), 'acc': np.float64(73.0), 'ndev': 10606, 'ntest': 10606}","{'devacc': np.float64(87.16), 'acc': 89.18, 'ndev': 872, 'ntest': 1821}","{'devacc': np.float64(88.11), 'acc': 95.0, 'ndev': 5452, 'ntest': 500}","{'devacc': np.float64(71.37), 'acc': 70.67, 'f1': 79.13, 'ndev': 4076, 'ntest': 1725}"
deberta-base,CLS_SUM-7-11,"torch.Size([61, 768])",NORMAL,4,0,12,"{'devacc': np.float64(84.48), 'acc': np.float64(84.65), 'ndev': 10662, 'ntest': 10662}","{'devacc': np.float64(88.24), 'acc': np.float64(88.64), 'ndev': 3775, 'ntest': 3775}","{'devacc': np.float64(94.11), 'acc': np.float64(93.97), 'ndev': 10000, 'ntest': 10000}","{'devacc': np.float64(85.22), 'acc': np.float64(85.1), 'ndev': 10606, 'ntest': 10606}","{'devacc': np.float64(86.47), 'acc': 87.37, 'ndev': 872, 'ntest': 1821}","{'devacc': np.float64(59.68), 'acc': 65.6, 'ndev': 5452, 'ntest': 500}","{'devacc': np.float64(71.96), 'acc': 70.78, 'f1': 80.25, 'ndev': 4076, 'ntest': 1725}"
deberta-base,AVG_SUM-7-11,"torch.Size([61, 768])",NORMAL,4,0,12,"{'devacc': np.float64(87.0), 'acc': np.float64(87.25), 'ndev': 10662, 'ntest': 10662}","{'devacc': np.float64(90.47), 'acc': np.float64(90.78), 'ndev': 3775, 'ntest': 3775}","{'devacc': np.float64(95.83), 'acc': np.float64(95.93), 'ndev': 10000, 'ntest': 10000}","{'devacc': np.float64(89.85), 'acc': np.float64(90.04), 'ndev': 10606, 'ntest': 10606}","{'devacc': np.float64(91.51), 'acc': 92.64, 'ndev': 872, 'ntest': 1821}","{'devacc': np.float64(88.26), 'acc': 96.2, 'ndev': 5452, 'ntest': 500}","{'devacc': np.float64(76.99), 'acc': 76.64, 'f1': 83.56, 'ndev': 4076, 'ntest': 1725}"
deberta-base,SUM_SUM-7-11,"torch.Size([61, 768])",NORMAL,4,0,12,"{'devacc': np.float64(86.42), 'acc': np.float64(86.66), 'ndev': 10662, 'ntest': 10662}","{'devacc': np.float64(88.79), 'acc': np.float64(88.56), 'ndev': 3775, 'ntest': 3775}","{'devacc': np.float64(94.74), 'acc': np.float64(94.62), 'ndev': 10000, 'ntest': 10000}","{'devacc': np.float64(89.08), 'acc': np.float64(89.49), 'ndev': 10606, 'ntest': 10606}","{'devacc': np.float64(91.28), 'acc': 91.98, 'ndev': 872, 'ntest': 1821}","{'devacc': np.float64(87.58), 'acc': 94.6, 'ndev': 5452, 'ntest': 500}","{'devacc': np.float64(72.52), 'acc': 73.22, 'f1': 81.92, 'ndev': 4076, 'ntest': 1725}"
deberta-base,MAX_SUM-7-11,"torch.Size([61, 768])",NORMAL,4,0,12,"{'devacc': np.float64(84.18), 'acc': np.float64(84.38), 'ndev': 10662, 'ntest': 10662}","{'devacc': np.float64(87.48), 'acc': np.float64(87.15), 'ndev': 3775, 'ntest': 3775}","{'devacc': np.float64(93.33), 'acc': np.float64(93.6), 'ndev': 10000, 'ntest': 10000}","{'devacc': np.float64(88.68), 'acc': np.float64(88.87), 'ndev': 10606, 'ntest': 10606}","{'devacc': np.float64(87.04), 'acc': 90.33, 'ndev': 872, 'ntest': 1821}","{'devacc': np.float64(87.64), 'acc': 94.4, 'ndev': 5452, 'ntest': 500}","{'devacc': np.float64(72.1), 'acc': 70.26, 'f1': 78.7, 'ndev': 4076, 'ntest': 1725}"
deberta-base,AVG-NS_SUM-7-11,"torch.Size([61, 768])",NORMAL,4,0,12,"{'devacc': np.float64(86.8), 'acc': np.float64(86.91), 'ndev': 10662, 'ntest': 10662}","{'devacc': np.float64(90.15), 'acc': np.float64(90.44), 'ndev': 3775, 'ntest': 3775}","{'devacc': np.float64(95.78), 'acc': np.float64(95.84), 'ndev': 10000, 'ntest': 10000}","{'devacc': np.float64(89.56), 'acc': np.float64(90.09), 'ndev': 10606, 'ntest': 10606}","{'devacc': np.float64(91.28), 'acc': 92.42, 'ndev': 872, 'ntest': 1821}","{'devacc': np.float64(88.04), 'acc': 96.0, 'ndev': 5452, 'ntest': 500}","{'devacc': np.float64(76.91), 'acc': 76.99, 'f1': 83.48, 'ndev': 4076, 'ntest': 1725}"
deberta-base,SUM-NS_SUM-7-11,"torch.Size([61, 768])",NORMAL,4,0,12,"{'devacc': np.float64(86.33), 'acc': np.float64(86.34), 'ndev': 10662, 'ntest': 10662}","{'devacc': np.float64(88.65), 'acc': np.float64(88.58), 'ndev': 3775, 'ntest': 3775}","{'devacc': np.float64(94.78), 'acc': np.float64(94.66), 'ndev': 10000, 'ntest': 10000}","{'devacc': np.float64(88.98), 'acc': np.float64(89.43), 'ndev': 10606, 'ntest': 10606}","{'devacc': np.float64(91.4), 'acc': 91.76, 'ndev': 872, 'ntest': 1821}","{'devacc': np.float64(87.69), 'acc': 95.0, 'ndev': 5452, 'ntest': 500}","{'devacc': np.float64(72.3), 'acc': 72.0, 'f1': 81.1, 'ndev': 4076, 'ntest': 1725}"
deberta-base,MAX-NS_SUM-7-11,"torch.Size([61, 768])",NORMAL,4,0,12,"{'devacc': np.float64(84.15), 'acc': np.float64(84.25), 'ndev': 10662, 'ntest': 10662}","{'devacc': np.float64(66.63), 'acc': np.float64(65.75), 'ndev': 3775, 'ntest': 3775}","{'devacc': np.float64(93.25), 'acc': np.float64(93.44), 'ndev': 10000, 'ntest': 10000}","{'devacc': np.float64(82.06), 'acc': np.float64(72.77), 'ndev': 10606, 'ntest': 10606}","{'devacc': np.float64(87.04), 'acc': 90.39, 'ndev': 872, 'ntest': 1821}","{'devacc': np.float64(87.67), 'acc': 94.2, 'ndev': 5452, 'ntest': 500}","{'devacc': np.float64(71.66), 'acc': 69.86, 'f1': 78.3, 'ndev': 4076, 'ntest': 1725}"
deberta-base,CLS_SUM-8-12,"torch.Size([61, 768])",NORMAL,4,0,12,"{'devacc': np.float64(84.9), 'acc': np.float64(84.8), 'ndev': 10662, 'ntest': 10662}","{'devacc': np.float64(87.98), 'acc': np.float64(87.58), 'ndev': 3775, 'ntest': 3775}","{'devacc': np.float64(94.39), 'acc': np.float64(94.2), 'ndev': 10000, 'ntest': 10000}","{'devacc': np.float64(87.55), 'acc': np.float64(87.37), 'ndev': 10606, 'ntest': 10606}","{'devacc': np.float64(87.39), 'acc': 88.85, 'ndev': 872, 'ntest': 1821}","{'devacc': np.float64(63.96), 'acc': 69.4, 'ndev': 5452, 'ntest': 500}","{'devacc': np.float64(70.68), 'acc': 69.33, 'f1': 79.94, 'ndev': 4076, 'ntest': 1725}"
deberta-base,AVG_SUM-8-12,"torch.Size([61, 768])",NORMAL,4,0,12,"{'devacc': np.float64(87.2), 'acc': np.float64(87.08), 'ndev': 10662, 'ntest': 10662}","{'devacc': np.float64(90.59), 'acc': np.float64(90.99), 'ndev': 3775, 'ntest': 3775}","{'devacc': np.float64(95.86), 'acc': np.float64(95.79), 'ndev': 10000, 'ntest': 10000}","{'devacc': np.float64(89.75), 'acc': np.float64(90.11), 'ndev': 10606, 'ntest': 10606}","{'devacc': np.float64(90.94), 'acc': 92.64, 'ndev': 872, 'ntest': 1821}","{'devacc': np.float64(87.33), 'acc': 95.2, 'ndev': 5452, 'ntest': 500}","{'devacc': np.float64(74.63), 'acc': 73.68, 'f1': 81.51, 'ndev': 4076, 'ntest': 1725}"
deberta-base,SUM_SUM-8-12,"torch.Size([61, 768])",NORMAL,4,0,12,"{'devacc': np.float64(86.8), 'acc': np.float64(86.8), 'ndev': 10662, 'ntest': 10662}","{'devacc': np.float64(89.38), 'acc': np.float64(90.07), 'ndev': 3775, 'ntest': 3775}","{'devacc': np.float64(95.23), 'acc': np.float64(95.21), 'ndev': 10000, 'ntest': 10000}","{'devacc': np.float64(89.06), 'acc': np.float64(89.11), 'ndev': 10606, 'ntest': 10606}","{'devacc': np.float64(91.86), 'acc': 91.43, 'ndev': 872, 'ntest': 1821}","{'devacc': np.float64(87.09), 'acc': 95.2, 'ndev': 5452, 'ntest': 500}","{'devacc': np.float64(70.88), 'acc': 69.86, 'f1': 80.48, 'ndev': 4076, 'ntest': 1725}"
deberta-base,MAX_SUM-8-12,"torch.Size([61, 768])",NORMAL,4,0,12,"{'devacc': np.float64(84.01), 'acc': np.float64(83.92), 'ndev': 10662, 'ntest': 10662}","{'devacc': np.float64(87.24), 'acc': np.float64(87.5), 'ndev': 3775, 'ntest': 3775}","{'devacc': np.float64(93.44), 'acc': np.float64(93.79), 'ndev': 10000, 'ntest': 10000}","{'devacc': np.float64(88.74), 'acc': np.float64(88.71), 'ndev': 10606, 'ntest': 10606}","{'devacc': np.float64(88.19), 'acc': 90.23, 'ndev': 872, 'ntest': 1821}","{'devacc': np.float64(86.54), 'acc': 95.2, 'ndev': 5452, 'ntest': 500}","{'devacc': np.float64(70.66), 'acc': 69.33, 'f1': 78.57, 'ndev': 4076, 'ntest': 1725}"
deberta-base,AVG-NS_SUM-8-12,"torch.Size([61, 768])",NORMAL,4,0,12,"{'devacc': np.float64(87.08), 'acc': np.float64(87.24), 'ndev': 10662, 'ntest': 10662}","{'devacc': np.float64(90.4), 'acc': np.float64(90.92), 'ndev': 3775, 'ntest': 3775}","{'devacc': np.float64(95.8), 'acc': np.float64(95.67), 'ndev': 10000, 'ntest': 10000}","{'devacc': np.float64(89.5), 'acc': np.float64(89.76), 'ndev': 10606, 'ntest': 10606}","{'devacc': np.float64(90.71), 'acc': 92.26, 'ndev': 872, 'ntest': 1821}","{'devacc': np.float64(87.25), 'acc': 95.8, 'ndev': 5452, 'ntest': 500}","{'devacc': np.float64(75.66), 'acc': 76.0, 'f1': 82.76, 'ndev': 4076, 'ntest': 1725}"
deberta-base,SUM-NS_SUM-8-12,"torch.Size([61, 768])",NORMAL,4,0,12,"{'devacc': np.float64(86.72), 'acc': np.float64(86.87), 'ndev': 10662, 'ntest': 10662}","{'devacc': np.float64(89.27), 'acc': np.float64(89.94), 'ndev': 3775, 'ntest': 3775}","{'devacc': np.float64(95.2), 'acc': np.float64(94.95), 'ndev': 10000, 'ntest': 10000}","{'devacc': np.float64(89.03), 'acc': np.float64(89.29), 'ndev': 10606, 'ntest': 10606}","{'devacc': np.float64(91.51), 'acc': 91.76, 'ndev': 872, 'ntest': 1821}","{'devacc': np.float64(87.22), 'acc': 95.4, 'ndev': 5452, 'ntest': 500}","{'devacc': np.float64(70.51), 'acc': 69.22, 'f1': 79.94, 'ndev': 4076, 'ntest': 1725}"
deberta-base,MAX-NS_SUM-8-12,"torch.Size([61, 768])",NORMAL,4,0,12,"{'devacc': np.float64(84.01), 'acc': np.float64(84.21), 'ndev': 10662, 'ntest': 10662}","{'devacc': np.float64(67.84), 'acc': np.float64(65.8), 'ndev': 3775, 'ntest': 3775}","{'devacc': np.float64(93.39), 'acc': np.float64(93.7), 'ndev': 10000, 'ntest': 10000}","{'devacc': np.float64(58.14), 'acc': np.float64(49.55), 'ndev': 10606, 'ntest': 10606}","{'devacc': np.float64(88.19), 'acc': 89.79, 'ndev': 872, 'ntest': 1821}","{'devacc': np.float64(86.96), 'acc': 93.8, 'ndev': 5452, 'ntest': 500}","{'devacc': np.float64(70.83), 'acc': 68.99, 'f1': 78.38, 'ndev': 4076, 'ntest': 1725}"
deberta-base,CLS_SUM-1-6,"torch.Size([61, 768])",NORMAL,4,0,12,"{'devacc': np.float64(69.67), 'acc': np.float64(69.86), 'ndev': 10662, 'ntest': 10662}","{'devacc': np.float64(72.57), 'acc': np.float64(72.93), 'ndev': 3775, 'ntest': 3775}","{'devacc': np.float64(87.64), 'acc': np.float64(87.48), 'ndev': 10000, 'ntest': 10000}","{'devacc': np.float64(84.15), 'acc': np.float64(84.32), 'ndev': 10606, 'ntest': 10606}","{'devacc': np.float64(71.67), 'acc': 72.38, 'ndev': 872, 'ntest': 1821}","{'devacc': np.float64(61.13), 'acc': 66.0, 'ndev': 5452, 'ntest': 500}","{'devacc': np.float64(67.64), 'acc': 66.38, 'f1': 79.12, 'ndev': 4076, 'ntest': 1725}"
deberta-base,AVG_SUM-1-6,"torch.Size([61, 768])",NORMAL,4,0,12,"{'devacc': np.float64(81.07), 'acc': np.float64(81.11), 'ndev': 10662, 'ntest': 10662}","{'devacc': np.float64(84.13), 'acc': np.float64(85.22), 'ndev': 3775, 'ntest': 3775}","{'devacc': np.float64(94.34), 'acc': np.float64(94.57), 'ndev': 10000, 'ntest': 10000}","{'devacc': np.float64(89.35), 'acc': np.float64(89.68), 'ndev': 10606, 'ntest': 10606}","{'devacc': np.float64(86.93), 'acc': 87.53, 'ndev': 872, 'ntest': 1821}","{'devacc': np.float64(86.02), 'acc': 92.6, 'ndev': 5452, 'ntest': 500}","{'devacc': np.float64(74.63), 'acc': 75.59, 'f1': 82.39, 'ndev': 4076, 'ntest': 1725}"
deberta-base,SUM_SUM-1-6,"torch.Size([61, 768])",NORMAL,4,0,12,"{'devacc': np.float64(80.8), 'acc': np.float64(80.88), 'ndev': 10662, 'ntest': 10662}","{'devacc': np.float64(82.55), 'acc': np.float64(83.92), 'ndev': 3775, 'ntest': 3775}","{'devacc': np.float64(93.28), 'acc': np.float64(93.6), 'ndev': 10000, 'ntest': 10000}","{'devacc': np.float64(88.69), 'acc': np.float64(89.21), 'ndev': 10606, 'ntest': 10606}","{'devacc': np.float64(86.24), 'acc': 86.77, 'ndev': 872, 'ntest': 1821}","{'devacc': np.float64(85.34), 'acc': 92.0, 'ndev': 5452, 'ntest': 500}","{'devacc': np.float64(70.26), 'acc': 70.2, 'f1': 79.36, 'ndev': 4076, 'ntest': 1725}"
deberta-base,MAX_SUM-1-6,"torch.Size([61, 768])",NORMAL,4,0,12,"{'devacc': np.float64(76.05), 'acc': np.float64(76.42), 'ndev': 10662, 'ntest': 10662}","{'devacc': np.float64(78.8), 'acc': np.float64(78.81), 'ndev': 3775, 'ntest': 3775}","{'devacc': np.float64(90.82), 'acc': np.float64(91.29), 'ndev': 10000, 'ntest': 10000}","{'devacc': np.float64(88.03), 'acc': np.float64(88.37), 'ndev': 10606, 'ntest': 10606}","{'devacc': np.float64(82.11), 'acc': 80.29, 'ndev': 872, 'ntest': 1821}","{'devacc': np.float64(85.57), 'acc': 92.0, 'ndev': 5452, 'ntest': 500}","{'devacc': np.float64(69.14), 'acc': 68.87, 'f1': 77.14, 'ndev': 4076, 'ntest': 1725}"
deberta-base,AVG-NS_SUM-1-6,"torch.Size([61, 768])",NORMAL,4,0,12,"{'devacc': np.float64(80.87), 'acc': np.float64(80.66), 'ndev': 10662, 'ntest': 10662}","{'devacc': np.float64(83.67), 'acc': np.float64(84.29), 'ndev': 3775, 'ntest': 3775}","{'devacc': np.float64(94.27), 'acc': np.float64(94.35), 'ndev': 10000, 'ntest': 10000}","{'devacc': np.float64(89.04), 'acc': np.float64(89.31), 'ndev': 10606, 'ntest': 10606}","{'devacc': np.float64(86.24), 'acc': 86.93, 'ndev': 872, 'ntest': 1821}","{'devacc': np.float64(86.21), 'acc': 91.8, 'ndev': 5452, 'ntest': 500}","{'devacc': np.float64(75.05), 'acc': 75.65, 'f1': 82.57, 'ndev': 4076, 'ntest': 1725}"
deberta-base,SUM-NS_SUM-1-6,"torch.Size([61, 768])",NORMAL,4,0,12,"{'devacc': np.float64(80.59), 'acc': np.float64(80.59), 'ndev': 10662, 'ntest': 10662}","{'devacc': np.float64(82.18), 'acc': np.float64(83.1), 'ndev': 3775, 'ntest': 3775}","{'devacc': np.float64(93.25), 'acc': np.float64(93.29), 'ndev': 10000, 'ntest': 10000}","{'devacc': np.float64(88.68), 'acc': np.float64(89.01), 'ndev': 10606, 'ntest': 10606}","{'devacc': np.float64(85.55), 'acc': 87.04, 'ndev': 872, 'ntest': 1821}","{'devacc': np.float64(85.4), 'acc': 91.8, 'ndev': 5452, 'ntest': 500}","{'devacc': np.float64(70.83), 'acc': 69.8, 'f1': 79.43, 'ndev': 4076, 'ntest': 1725}"
deberta-base,MAX-NS_SUM-1-6,"torch.Size([61, 768])",NORMAL,4,0,12,"{'devacc': np.float64(76.06), 'acc': np.float64(76.61), 'ndev': 10662, 'ntest': 10662}","{'devacc': np.float64(65.84), 'acc': np.float64(66.25), 'ndev': 3775, 'ntest': 3775}","{'devacc': np.float64(90.78), 'acc': np.float64(91.1), 'ndev': 10000, 'ntest': 10000}","{'devacc': np.float64(82.78), 'acc': np.float64(72.61), 'ndev': 10606, 'ntest': 10606}","{'devacc': np.float64(82.0), 'acc': 79.9, 'ndev': 872, 'ntest': 1821}","{'devacc': np.float64(85.53), 'acc': 91.8, 'ndev': 5452, 'ntest': 500}","{'devacc': np.float64(69.28), 'acc': 69.04, 'f1': 77.26, 'ndev': 4076, 'ntest': 1725}"
deberta-base,CLS_SUM-2-7,"torch.Size([61, 768])",NORMAL,4,0,12,"{'devacc': np.float64(71.75), 'acc': np.float64(71.65), 'ndev': 10662, 'ntest': 10662}","{'devacc': np.float64(72.36), 'acc': np.float64(72.5), 'ndev': 3775, 'ntest': 3775}","{'devacc': np.float64(89.32), 'acc': np.float64(89.41), 'ndev': 10000, 'ntest': 10000}","{'devacc': np.float64(85.18), 'acc': np.float64(85.39), 'ndev': 10606, 'ntest': 10606}","{'devacc': np.float64(74.31), 'acc': 75.18, 'ndev': 872, 'ntest': 1821}","{'devacc': np.float64(64.97), 'acc': 65.8, 'ndev': 5452, 'ntest': 500}","{'devacc': np.float64(68.79), 'acc': 67.3, 'f1': 79.81, 'ndev': 4076, 'ntest': 1725}"
deberta-base,AVG_SUM-2-7,"torch.Size([61, 768])",NORMAL,4,0,12,"{'devacc': np.float64(82.63), 'acc': np.float64(82.43), 'ndev': 10662, 'ntest': 10662}","{'devacc': np.float64(86.7), 'acc': np.float64(87.5), 'ndev': 3775, 'ntest': 3775}","{'devacc': np.float64(94.9), 'acc': np.float64(95.1), 'ndev': 10000, 'ntest': 10000}","{'devacc': np.float64(89.76), 'acc': np.float64(89.91), 'ndev': 10606, 'ntest': 10606}","{'devacc': np.float64(88.07), 'acc': 88.91, 'ndev': 872, 'ntest': 1821}","{'devacc': np.float64(87.58), 'acc': 93.8, 'ndev': 5452, 'ntest': 500}","{'devacc': np.float64(75.44), 'acc': 75.83, 'f1': 82.56, 'ndev': 4076, 'ntest': 1725}"
deberta-base,SUM_SUM-2-7,"torch.Size([61, 768])",NORMAL,4,0,12,"{'devacc': np.float64(82.47), 'acc': np.float64(82.47), 'ndev': 10662, 'ntest': 10662}","{'devacc': np.float64(84.95), 'acc': np.float64(86.23), 'ndev': 3775, 'ntest': 3775}","{'devacc': np.float64(93.88), 'acc': np.float64(94.06), 'ndev': 10000, 'ntest': 10000}","{'devacc': np.float64(89.25), 'acc': np.float64(89.36), 'ndev': 10606, 'ntest': 10606}","{'devacc': np.float64(87.27), 'acc': 87.86, 'ndev': 872, 'ntest': 1821}","{'devacc': np.float64(86.52), 'acc': 93.0, 'ndev': 5452, 'ntest': 500}","{'devacc': np.float64(70.53), 'acc': 69.8, 'f1': 78.86, 'ndev': 4076, 'ntest': 1725}"
deberta-base,MAX_SUM-2-7,"torch.Size([61, 768])",NORMAL,4,0,12,"{'devacc': np.float64(78.02), 'acc': np.float64(78.12), 'ndev': 10662, 'ntest': 10662}","{'devacc': np.float64(81.36), 'acc': np.float64(82.06), 'ndev': 3775, 'ntest': 3775}","{'devacc': np.float64(91.69), 'acc': np.float64(92.13), 'ndev': 10000, 'ntest': 10000}","{'devacc': np.float64(88.34), 'acc': np.float64(88.64), 'ndev': 10606, 'ntest': 10606}","{'devacc': np.float64(83.37), 'acc': 82.26, 'ndev': 872, 'ntest': 1821}","{'devacc': np.float64(86.89), 'acc': 93.6, 'ndev': 5452, 'ntest': 500}","{'devacc': np.float64(69.04), 'acc': 70.03, 'f1': 78.54, 'ndev': 4076, 'ntest': 1725}"
deberta-base,AVG-NS_SUM-2-7,"torch.Size([61, 768])",NORMAL,4,0,12,"{'devacc': np.float64(82.58), 'acc': np.float64(82.49), 'ndev': 10662, 'ntest': 10662}","{'devacc': np.float64(86.2), 'acc': np.float64(86.78), 'ndev': 3775, 'ntest': 3775}","{'devacc': np.float64(94.84), 'acc': np.float64(94.96), 'ndev': 10000, 'ntest': 10000}","{'devacc': np.float64(89.37), 'acc': np.float64(89.4), 'ndev': 10606, 'ntest': 10606}","{'devacc': np.float64(87.96), 'acc': 88.69, 'ndev': 872, 'ntest': 1821}","{'devacc': np.float64(87.53), 'acc': 94.0, 'ndev': 5452, 'ntest': 500}","{'devacc': np.float64(75.49), 'acc': 75.71, 'f1': 82.49, 'ndev': 4076, 'ntest': 1725}"
deberta-base,SUM-NS_SUM-2-7,"torch.Size([61, 768])",NORMAL,4,0,12,"{'devacc': np.float64(82.28), 'acc': np.float64(82.16), 'ndev': 10662, 'ntest': 10662}","{'devacc': np.float64(84.69), 'acc': np.float64(85.0), 'ndev': 3775, 'ntest': 3775}","{'devacc': np.float64(93.85), 'acc': np.float64(94.06), 'ndev': 10000, 'ntest': 10000}","{'devacc': np.float64(89.15), 'acc': np.float64(89.35), 'ndev': 10606, 'ntest': 10606}","{'devacc': np.float64(87.84), 'acc': 87.92, 'ndev': 872, 'ntest': 1821}","{'devacc': np.float64(86.65), 'acc': 93.2, 'ndev': 5452, 'ntest': 500}","{'devacc': np.float64(70.51), 'acc': 70.26, 'f1': 79.46, 'ndev': 4076, 'ntest': 1725}"
deberta-base,MAX-NS_SUM-2-7,"torch.Size([61, 768])",NORMAL,4,0,12,"{'devacc': np.float64(78.03), 'acc': np.float64(77.89), 'ndev': 10662, 'ntest': 10662}","{'devacc': np.float64(69.43), 'acc': np.float64(65.77), 'ndev': 3775, 'ntest': 3775}","{'devacc': np.float64(91.73), 'acc': np.float64(92.2), 'ndev': 10000, 'ntest': 10000}","{'devacc': np.float64(76.91), 'acc': np.float64(72.79), 'ndev': 10606, 'ntest': 10606}","{'devacc': np.float64(82.45), 'acc': 81.66, 'ndev': 872, 'ntest': 1821}","{'devacc': np.float64(86.94), 'acc': 92.6, 'ndev': 5452, 'ntest': 500}","{'devacc': np.float64(68.67), 'acc': 69.68, 'f1': 78.45, 'ndev': 4076, 'ntest': 1725}"
deberta-base,CLS_SUM-3-8,"torch.Size([61, 768])",NORMAL,4,0,12,"{'devacc': np.float64(73.79), 'acc': np.float64(74.11), 'ndev': 10662, 'ntest': 10662}","{'devacc': np.float64(72.88), 'acc': np.float64(73.88), 'ndev': 3775, 'ntest': 3775}","{'devacc': np.float64(90.27), 'acc': np.float64(90.36), 'ndev': 10000, 'ntest': 10000}","{'devacc': np.float64(84.38), 'acc': np.float64(84.52), 'ndev': 10606, 'ntest': 10606}","{'devacc': np.float64(79.24), 'acc': 77.92, 'ndev': 872, 'ntest': 1821}","{'devacc': np.float64(65.98), 'acc': 67.8, 'ndev': 5452, 'ntest': 500}","{'devacc': np.float64(68.43), 'acc': 67.3, 'f1': 79.05, 'ndev': 4076, 'ntest': 1725}"
deberta-base,AVG_SUM-3-8,"torch.Size([61, 768])",NORMAL,4,0,12,"{'devacc': np.float64(83.97), 'acc': np.float64(84.14), 'ndev': 10662, 'ntest': 10662}","{'devacc': np.float64(88.35), 'acc': np.float64(89.09), 'ndev': 3775, 'ntest': 3775}","{'devacc': np.float64(95.27), 'acc': np.float64(95.3), 'ndev': 10000, 'ntest': 10000}","{'devacc': np.float64(89.78), 'acc': np.float64(90.07), 'ndev': 10606, 'ntest': 10606}","{'devacc': np.float64(89.56), 'acc': 89.46, 'ndev': 872, 'ntest': 1821}","{'devacc': np.float64(88.32), 'acc': 94.8, 'ndev': 5452, 'ntest': 500}","{'devacc': np.float64(75.44), 'acc': 75.01, 'f1': 81.96, 'ndev': 4076, 'ntest': 1725}"
deberta-base,SUM_SUM-3-8,"torch.Size([61, 768])",NORMAL,4,0,12,"{'devacc': np.float64(83.73), 'acc': np.float64(83.73), 'ndev': 10662, 'ntest': 10662}","{'devacc': np.float64(86.49), 'acc': np.float64(86.94), 'ndev': 3775, 'ntest': 3775}","{'devacc': np.float64(94.28), 'acc': np.float64(94.37), 'ndev': 10000, 'ntest': 10000}","{'devacc': np.float64(89.13), 'acc': np.float64(89.61), 'ndev': 10606, 'ntest': 10606}","{'devacc': np.float64(89.56), 'acc': 88.69, 'ndev': 872, 'ntest': 1821}","{'devacc': np.float64(87.34), 'acc': 93.2, 'ndev': 5452, 'ntest': 500}","{'devacc': np.float64(70.49), 'acc': 71.54, 'f1': 80.54, 'ndev': 4076, 'ntest': 1725}"
deberta-base,MAX_SUM-3-8,"torch.Size([61, 768])",NORMAL,4,0,12,"{'devacc': np.float64(79.92), 'acc': np.float64(80.01), 'ndev': 10662, 'ntest': 10662}","{'devacc': np.float64(83.46), 'acc': np.float64(84.03), 'ndev': 3775, 'ntest': 3775}","{'devacc': np.float64(92.33), 'acc': np.float64(92.67), 'ndev': 10000, 'ntest': 10000}","{'devacc': np.float64(88.61), 'acc': np.float64(88.99), 'ndev': 10606, 'ntest': 10606}","{'devacc': np.float64(84.63), 'acc': 85.61, 'ndev': 872, 'ntest': 1821}","{'devacc': np.float64(87.99), 'acc': 93.4, 'ndev': 5452, 'ntest': 500}","{'devacc': np.float64(69.21), 'acc': 70.32, 'f1': 78.4, 'ndev': 4076, 'ntest': 1725}"
deberta-base,AVG-NS_SUM-3-8,"torch.Size([61, 768])",NORMAL,4,0,12,"{'devacc': np.float64(83.96), 'acc': np.float64(83.81), 'ndev': 10662, 'ntest': 10662}","{'devacc': np.float64(88.04), 'acc': np.float64(88.21), 'ndev': 3775, 'ntest': 3775}","{'devacc': np.float64(95.19), 'acc': np.float64(95.2), 'ndev': 10000, 'ntest': 10000}","{'devacc': np.float64(89.52), 'acc': np.float64(89.85), 'ndev': 10606, 'ntest': 10606}","{'devacc': np.float64(89.45), 'acc': 89.73, 'ndev': 872, 'ntest': 1821}","{'devacc': np.float64(88.08), 'acc': 95.2, 'ndev': 5452, 'ntest': 500}","{'devacc': np.float64(75.27), 'acc': 74.49, 'f1': 81.47, 'ndev': 4076, 'ntest': 1725}"
deberta-base,SUM-NS_SUM-3-8,"torch.Size([61, 768])",NORMAL,4,0,12,"{'devacc': np.float64(83.69), 'acc': np.float64(83.68), 'ndev': 10662, 'ntest': 10662}","{'devacc': np.float64(86.32), 'acc': np.float64(86.28), 'ndev': 3775, 'ntest': 3775}","{'devacc': np.float64(94.27), 'acc': np.float64(94.31), 'ndev': 10000, 'ntest': 10000}","{'devacc': np.float64(89.14), 'acc': np.float64(89.55), 'ndev': 10606, 'ntest': 10606}","{'devacc': np.float64(89.56), 'acc': 88.41, 'ndev': 872, 'ntest': 1821}","{'devacc': np.float64(87.33), 'acc': 94.2, 'ndev': 5452, 'ntest': 500}","{'devacc': np.float64(70.8), 'acc': 70.61, 'f1': 79.4, 'ndev': 4076, 'ntest': 1725}"
deberta-base,MAX-NS_SUM-3-8,"torch.Size([61, 768])",NORMAL,4,0,12,"{'devacc': np.float64(79.91), 'acc': np.float64(79.97), 'ndev': 10662, 'ntest': 10662}","{'devacc': np.float64(66.34), 'acc': np.float64(66.83), 'ndev': 3775, 'ntest': 3775}","{'devacc': np.float64(92.21), 'acc': np.float64(92.57), 'ndev': 10000, 'ntest': 10000}","{'devacc': np.float64(75.41), 'acc': np.float64(49.49), 'ndev': 10606, 'ntest': 10606}","{'devacc': np.float64(84.17), 'acc': 84.73, 'ndev': 872, 'ntest': 1821}","{'devacc': np.float64(87.89), 'acc': 93.4, 'ndev': 5452, 'ntest': 500}","{'devacc': np.float64(68.89), 'acc': 68.99, 'f1': 77.59, 'ndev': 4076, 'ntest': 1725}"
deberta-base,CLS_SUM-4-9,"torch.Size([61, 768])",NORMAL,4,0,12,"{'devacc': np.float64(82.27), 'acc': np.float64(82.17), 'ndev': 10662, 'ntest': 10662}","{'devacc': np.float64(81.93), 'acc': np.float64(83.07), 'ndev': 3775, 'ntest': 3775}","{'devacc': np.float64(91.27), 'acc': np.float64(91.73), 'ndev': 10000, 'ntest': 10000}","{'devacc': np.float64(83.29), 'acc': np.float64(83.39), 'ndev': 10606, 'ntest': 10606}","{'devacc': np.float64(86.12), 'acc': 86.77, 'ndev': 872, 'ntest': 1821}","{'devacc': np.float64(76.6), 'acc': 88.2, 'ndev': 5452, 'ntest': 500}","{'devacc': np.float64(70.83), 'acc': 68.87, 'f1': 79.87, 'ndev': 4076, 'ntest': 1725}"
deberta-base,AVG_SUM-4-9,"torch.Size([61, 768])",NORMAL,4,0,12,"{'devacc': np.float64(85.13), 'acc': np.float64(85.15), 'ndev': 10662, 'ntest': 10662}","{'devacc': np.float64(89.15), 'acc': np.float64(89.56), 'ndev': 3775, 'ntest': 3775}","{'devacc': np.float64(95.48), 'acc': np.float64(95.46), 'ndev': 10000, 'ntest': 10000}","{'devacc': np.float64(89.95), 'acc': np.float64(90.28), 'ndev': 10606, 'ntest': 10606}","{'devacc': np.float64(90.25), 'acc': 90.5, 'ndev': 872, 'ntest': 1821}","{'devacc': np.float64(88.7), 'acc': 94.8, 'ndev': 5452, 'ntest': 500}","{'devacc': np.float64(76.03), 'acc': 74.14, 'f1': 81.2, 'ndev': 4076, 'ntest': 1725}"
deberta-base,SUM_SUM-4-9,"torch.Size([61, 768])",NORMAL,4,0,12,"{'devacc': np.float64(84.74), 'acc': np.float64(84.8), 'ndev': 10662, 'ntest': 10662}","{'devacc': np.float64(87.65), 'acc': np.float64(88.16), 'ndev': 3775, 'ntest': 3775}","{'devacc': np.float64(94.54), 'acc': np.float64(94.38), 'ndev': 10000, 'ntest': 10000}","{'devacc': np.float64(89.2), 'acc': np.float64(89.52), 'ndev': 10606, 'ntest': 10606}","{'devacc': np.float64(90.71), 'acc': 89.79, 'ndev': 872, 'ntest': 1821}","{'devacc': np.float64(87.84), 'acc': 94.0, 'ndev': 5452, 'ntest': 500}","{'devacc': np.float64(70.8), 'acc': 71.01, 'f1': 80.19, 'ndev': 4076, 'ntest': 1725}"
deberta-base,MAX_SUM-4-9,"torch.Size([61, 768])",NORMAL,4,0,12,"{'devacc': np.float64(81.19), 'acc': np.float64(81.27), 'ndev': 10662, 'ntest': 10662}","{'devacc': np.float64(84.33), 'acc': np.float64(84.29), 'ndev': 3775, 'ntest': 3775}","{'devacc': np.float64(92.67), 'acc': np.float64(93.04), 'ndev': 10000, 'ntest': 10000}","{'devacc': np.float64(88.58), 'acc': np.float64(88.79), 'ndev': 10606, 'ntest': 10606}","{'devacc': np.float64(85.67), 'acc': 86.88, 'ndev': 872, 'ntest': 1821}","{'devacc': np.float64(88.1), 'acc': 95.4, 'ndev': 5452, 'ntest': 500}","{'devacc': np.float64(69.6), 'acc': 71.19, 'f1': 79.13, 'ndev': 4076, 'ntest': 1725}"
deberta-base,AVG-NS_SUM-4-9,"torch.Size([61, 768])",NORMAL,4,0,12,"{'devacc': np.float64(85.07), 'acc': np.float64(85.3), 'ndev': 10662, 'ntest': 10662}","{'devacc': np.float64(88.82), 'acc': np.float64(89.27), 'ndev': 3775, 'ntest': 3775}","{'devacc': np.float64(95.47), 'acc': np.float64(95.29), 'ndev': 10000, 'ntest': 10000}","{'devacc': np.float64(89.67), 'acc': np.float64(90.05), 'ndev': 10606, 'ntest': 10606}","{'devacc': np.float64(89.91), 'acc': 90.88, 'ndev': 872, 'ntest': 1821}","{'devacc': np.float64(88.46), 'acc': 94.8, 'ndev': 5452, 'ntest': 500}","{'devacc': np.float64(76.13), 'acc': 75.77, 'f1': 82.6, 'ndev': 4076, 'ntest': 1725}"
deberta-base,SUM-NS_SUM-4-9,"torch.Size([61, 768])",NORMAL,4,0,12,"{'devacc': np.float64(84.72), 'acc': np.float64(84.75), 'ndev': 10662, 'ntest': 10662}","{'devacc': np.float64(87.66), 'acc': np.float64(87.47), 'ndev': 3775, 'ntest': 3775}","{'devacc': np.float64(94.54), 'acc': np.float64(94.28), 'ndev': 10000, 'ntest': 10000}","{'devacc': np.float64(89.16), 'acc': np.float64(89.66), 'ndev': 10606, 'ntest': 10606}","{'devacc': np.float64(90.37), 'acc': 90.17, 'ndev': 872, 'ntest': 1821}","{'devacc': np.float64(88.0), 'acc': 93.6, 'ndev': 5452, 'ntest': 500}","{'devacc': np.float64(71.3), 'acc': 71.19, 'f1': 80.53, 'ndev': 4076, 'ntest': 1725}"
deberta-base,MAX-NS_SUM-4-9,"torch.Size([61, 768])",NORMAL,4,0,12,"{'devacc': np.float64(81.21), 'acc': np.float64(81.63), 'ndev': 10662, 'ntest': 10662}","{'devacc': np.float64(70.95), 'acc': np.float64(65.67), 'ndev': 3775, 'ntest': 3775}","{'devacc': np.float64(92.59), 'acc': np.float64(93.2), 'ndev': 10000, 'ntest': 10000}","{'devacc': np.float64(79.29), 'acc': np.float64(49.5), 'ndev': 10606, 'ntest': 10606}","{'devacc': np.float64(85.67), 'acc': 86.88, 'ndev': 872, 'ntest': 1821}","{'devacc': np.float64(87.99), 'acc': 94.0, 'ndev': 5452, 'ntest': 500}","{'devacc': np.float64(69.7), 'acc': 69.39, 'f1': 77.74, 'ndev': 4076, 'ntest': 1725}"
deberta-base,CLS_SUM-5-10,"torch.Size([61, 768])",NORMAL,4,0,12,"{'devacc': np.float64(82.34), 'acc': np.float64(82.53), 'ndev': 10662, 'ntest': 10662}","{'devacc': np.float64(83.73), 'acc': np.float64(84.56), 'ndev': 3775, 'ntest': 3775}","{'devacc': np.float64(91.53), 'acc': np.float64(91.67), 'ndev': 10000, 'ntest': 10000}","{'devacc': np.float64(83.94), 'acc': np.float64(84.33), 'ndev': 10606, 'ntest': 10606}","{'devacc': np.float64(86.12), 'acc': 87.04, 'ndev': 872, 'ntest': 1821}","{'devacc': np.float64(76.98), 'acc': 89.0, 'ndev': 5452, 'ntest': 500}","{'devacc': np.float64(72.15), 'acc': 71.71, 'f1': 81.43, 'ndev': 4076, 'ntest': 1725}"
deberta-base,AVG_SUM-5-10,"torch.Size([61, 768])",NORMAL,4,0,12,"{'devacc': np.float64(86.11), 'acc': np.float64(86.24), 'ndev': 10662, 'ntest': 10662}","{'devacc': np.float64(89.7), 'acc': np.float64(89.67), 'ndev': 3775, 'ntest': 3775}","{'devacc': np.float64(95.59), 'acc': np.float64(95.68), 'ndev': 10000, 'ntest': 10000}","{'devacc': np.float64(89.88), 'acc': np.float64(90.2), 'ndev': 10606, 'ntest': 10606}","{'devacc': np.float64(92.09), 'acc': 91.27, 'ndev': 872, 'ntest': 1821}","{'devacc': np.float64(88.81), 'acc': 94.8, 'ndev': 5452, 'ntest': 500}","{'devacc': np.float64(76.13), 'acc': 75.48, 'f1': 81.96, 'ndev': 4076, 'ntest': 1725}"
deberta-base,SUM_SUM-5-10,"torch.Size([61, 768])",NORMAL,4,0,12,"{'devacc': np.float64(85.62), 'acc': np.float64(85.83), 'ndev': 10662, 'ntest': 10662}","{'devacc': np.float64(88.26), 'acc': np.float64(88.5), 'ndev': 3775, 'ntest': 3775}","{'devacc': np.float64(94.7), 'acc': np.float64(94.59), 'ndev': 10000, 'ntest': 10000}","{'devacc': np.float64(89.17), 'acc': np.float64(89.27), 'ndev': 10606, 'ntest': 10606}","{'devacc': np.float64(90.94), 'acc': 90.61, 'ndev': 872, 'ntest': 1821}","{'devacc': np.float64(87.97), 'acc': 94.6, 'ndev': 5452, 'ntest': 500}","{'devacc': np.float64(71.27), 'acc': 71.19, 'f1': 80.43, 'ndev': 4076, 'ntest': 1725}"
deberta-base,MAX_SUM-5-10,"torch.Size([61, 768])",NORMAL,4,0,12,"{'devacc': np.float64(82.58), 'acc': np.float64(82.83), 'ndev': 10662, 'ntest': 10662}","{'devacc': np.float64(85.63), 'acc': np.float64(85.96), 'ndev': 3775, 'ntest': 3775}","{'devacc': np.float64(92.87), 'acc': np.float64(93.23), 'ndev': 10000, 'ntest': 10000}","{'devacc': np.float64(88.54), 'acc': np.float64(88.96), 'ndev': 10606, 'ntest': 10606}","{'devacc': np.float64(85.78), 'acc': 88.74, 'ndev': 872, 'ntest': 1821}","{'devacc': np.float64(88.41), 'acc': 95.2, 'ndev': 5452, 'ntest': 500}","{'devacc': np.float64(70.34), 'acc': 70.32, 'f1': 78.51, 'ndev': 4076, 'ntest': 1725}"
deberta-base,AVG-NS_SUM-5-10,"torch.Size([61, 768])",NORMAL,4,0,12,"{'devacc': np.float64(86.02), 'acc': np.float64(86.28), 'ndev': 10662, 'ntest': 10662}","{'devacc': np.float64(89.38), 'acc': np.float64(89.25), 'ndev': 3775, 'ntest': 3775}","{'devacc': np.float64(95.59), 'acc': np.float64(95.56), 'ndev': 10000, 'ntest': 10000}","{'devacc': np.float64(89.65), 'acc': np.float64(90.23), 'ndev': 10606, 'ntest': 10606}","{'devacc': np.float64(91.51), 'acc': 91.71, 'ndev': 872, 'ntest': 1821}","{'devacc': np.float64(88.68), 'acc': 94.6, 'ndev': 5452, 'ntest': 500}","{'devacc': np.float64(76.5), 'acc': 75.71, 'f1': 82.75, 'ndev': 4076, 'ntest': 1725}"
deberta-base,SUM-NS_SUM-5-10,"torch.Size([61, 768])",NORMAL,4,0,12,"{'devacc': np.float64(85.52), 'acc': np.float64(85.86), 'ndev': 10662, 'ntest': 10662}","{'devacc': np.float64(88.13), 'acc': np.float64(88.34), 'ndev': 3775, 'ntest': 3775}","{'devacc': np.float64(94.66), 'acc': np.float64(94.52), 'ndev': 10000, 'ntest': 10000}","{'devacc': np.float64(89.13), 'acc': np.float64(89.34), 'ndev': 10606, 'ntest': 10606}","{'devacc': np.float64(90.94), 'acc': 90.83, 'ndev': 872, 'ntest': 1821}","{'devacc': np.float64(88.02), 'acc': 94.8, 'ndev': 5452, 'ntest': 500}","{'devacc': np.float64(71.3), 'acc': 70.61, 'f1': 79.79, 'ndev': 4076, 'ntest': 1725}"
deberta-base,MAX-NS_SUM-5-10,"torch.Size([61, 768])",NORMAL,4,0,12,"{'devacc': np.float64(82.57), 'acc': np.float64(82.88), 'ndev': 10662, 'ntest': 10662}","{'devacc': np.float64(68.48), 'acc': np.float64(65.96), 'ndev': 3775, 'ntest': 3775}","{'devacc': np.float64(92.84), 'acc': np.float64(93.06), 'ndev': 10000, 'ntest': 10000}","{'devacc': np.float64(75.99), 'acc': np.float64(49.62), 'ndev': 10606, 'ntest': 10606}","{'devacc': np.float64(86.7), 'acc': 88.91, 'ndev': 872, 'ntest': 1821}","{'devacc': np.float64(88.1), 'acc': 94.8, 'ndev': 5452, 'ntest': 500}","{'devacc': np.float64(70.66), 'acc': 70.38, 'f1': 78.81, 'ndev': 4076, 'ntest': 1725}"
deberta-base,CLS_SUM-6-11,"torch.Size([61, 768])",NORMAL,4,0,12,"{'devacc': np.float64(84.43), 'acc': np.float64(84.45), 'ndev': 10662, 'ntest': 10662}","{'devacc': np.float64(88.24), 'acc': np.float64(88.58), 'ndev': 3775, 'ntest': 3775}","{'devacc': np.float64(94.04), 'acc': np.float64(93.95), 'ndev': 10000, 'ntest': 10000}","{'devacc': np.float64(85.2), 'acc': np.float64(84.73), 'ndev': 10606, 'ntest': 10606}","{'devacc': np.float64(86.7), 'acc': 87.97, 'ndev': 872, 'ntest': 1821}","{'devacc': np.float64(58.97), 'acc': 64.0, 'ndev': 5452, 'ntest': 500}","{'devacc': np.float64(71.59), 'acc': 71.25, 'f1': 80.67, 'ndev': 4076, 'ntest': 1725}"
deberta-base,AVG_SUM-6-11,"torch.Size([61, 768])",NORMAL,4,0,12,"{'devacc': np.float64(86.58), 'acc': np.float64(86.75), 'ndev': 10662, 'ntest': 10662}","{'devacc': np.float64(89.95), 'acc': np.float64(90.39), 'ndev': 3775, 'ntest': 3775}","{'devacc': np.float64(95.69), 'acc': np.float64(95.7), 'ndev': 10000, 'ntest': 10000}","{'devacc': np.float64(89.8), 'acc': np.float64(90.11), 'ndev': 10606, 'ntest': 10606}","{'devacc': np.float64(91.63), 'acc': 92.37, 'ndev': 872, 'ntest': 1821}","{'devacc': np.float64(88.43), 'acc': 95.8, 'ndev': 5452, 'ntest': 500}","{'devacc': np.float64(76.27), 'acc': 75.65, 'f1': 82.64, 'ndev': 4076, 'ntest': 1725}"
deberta-base,SUM_SUM-6-11,"torch.Size([61, 768])",NORMAL,4,0,12,"{'devacc': np.float64(86.1), 'acc': np.float64(86.28), 'ndev': 10662, 'ntest': 10662}","{'devacc': np.float64(88.48), 'acc': np.float64(88.5), 'ndev': 3775, 'ntest': 3775}","{'devacc': np.float64(94.76), 'acc': np.float64(94.59), 'ndev': 10000, 'ntest': 10000}","{'devacc': np.float64(89.2), 'acc': np.float64(89.31), 'ndev': 10606, 'ntest': 10606}","{'devacc': np.float64(91.51), 'acc': 91.54, 'ndev': 872, 'ntest': 1821}","{'devacc': np.float64(87.62), 'acc': 95.4, 'ndev': 5452, 'ntest': 500}","{'devacc': np.float64(72.18), 'acc': 72.29, 'f1': 81.14, 'ndev': 4076, 'ntest': 1725}"
deberta-base,MAX_SUM-6-11,"torch.Size([61, 768])",NORMAL,4,0,12,"{'devacc': np.float64(83.63), 'acc': np.float64(83.73), 'ndev': 10662, 'ntest': 10662}","{'devacc': np.float64(86.84), 'acc': np.float64(86.46), 'ndev': 3775, 'ntest': 3775}","{'devacc': np.float64(93.08), 'acc': np.float64(93.42), 'ndev': 10000, 'ntest': 10000}","{'devacc': np.float64(88.61), 'acc': np.float64(88.86), 'ndev': 10606, 'ntest': 10606}","{'devacc': np.float64(86.81), 'acc': 89.4, 'ndev': 872, 'ntest': 1821}","{'devacc': np.float64(88.19), 'acc': 94.4, 'ndev': 5452, 'ntest': 500}","{'devacc': np.float64(70.85), 'acc': 70.09, 'f1': 78.61, 'ndev': 4076, 'ntest': 1725}"
deberta-base,AVG-NS_SUM-6-11,"torch.Size([61, 768])",NORMAL,4,0,12,"{'devacc': np.float64(86.49), 'acc': np.float64(86.7), 'ndev': 10662, 'ntest': 10662}","{'devacc': np.float64(89.6), 'acc': np.float64(89.7), 'ndev': 3775, 'ntest': 3775}","{'devacc': np.float64(95.64), 'acc': np.float64(95.58), 'ndev': 10000, 'ntest': 10000}","{'devacc': np.float64(89.59), 'acc': np.float64(90.2), 'ndev': 10606, 'ntest': 10606}","{'devacc': np.float64(90.83), 'acc': 92.09, 'ndev': 872, 'ntest': 1821}","{'devacc': np.float64(88.28), 'acc': 95.4, 'ndev': 5452, 'ntest': 500}","{'devacc': np.float64(76.64), 'acc': 75.65, 'f1': 82.23, 'ndev': 4076, 'ntest': 1725}"
deberta-base,SUM-NS_SUM-6-11,"torch.Size([61, 768])",NORMAL,4,0,12,"{'devacc': np.float64(86.06), 'acc': np.float64(86.19), 'ndev': 10662, 'ntest': 10662}","{'devacc': np.float64(88.32), 'acc': np.float64(88.42), 'ndev': 3775, 'ntest': 3775}","{'devacc': np.float64(94.79), 'acc': np.float64(94.69), 'ndev': 10000, 'ntest': 10000}","{'devacc': np.float64(89.16), 'acc': np.float64(89.51), 'ndev': 10606, 'ntest': 10606}","{'devacc': np.float64(91.17), 'acc': 91.6, 'ndev': 872, 'ntest': 1821}","{'devacc': np.float64(87.78), 'acc': 95.2, 'ndev': 5452, 'ntest': 500}","{'devacc': np.float64(71.69), 'acc': 71.88, 'f1': 81.02, 'ndev': 4076, 'ntest': 1725}"
deberta-base,MAX-NS_SUM-6-11,"torch.Size([61, 768])",NORMAL,4,0,12,"{'devacc': np.float64(83.62), 'acc': np.float64(83.93), 'ndev': 10662, 'ntest': 10662}","{'devacc': np.float64(66.78), 'acc': np.float64(65.98), 'ndev': 3775, 'ntest': 3775}","{'devacc': np.float64(93.06), 'acc': np.float64(93.2), 'ndev': 10000, 'ntest': 10000}","{'devacc': np.float64(74.52), 'acc': np.float64(49.46), 'ndev': 10606, 'ntest': 10606}","{'devacc': np.float64(87.27), 'acc': 89.57, 'ndev': 872, 'ntest': 1821}","{'devacc': np.float64(88.0), 'acc': 95.0, 'ndev': 5452, 'ntest': 500}","{'devacc': np.float64(71.2), 'acc': 70.03, 'f1': 78.12, 'ndev': 4076, 'ntest': 1725}"
deberta-base,CLS_SUM-7-12,"torch.Size([61, 768])",NORMAL,4,0,12,"{'devacc': np.float64(84.73), 'acc': np.float64(84.54), 'ndev': 10662, 'ntest': 10662}","{'devacc': np.float64(87.98), 'acc': np.float64(87.74), 'ndev': 3775, 'ntest': 3775}","{'devacc': np.float64(94.29), 'acc': np.float64(94.26), 'ndev': 10000, 'ntest': 10000}","{'devacc': np.float64(87.54), 'acc': np.float64(87.46), 'ndev': 10606, 'ntest': 10606}","{'devacc': np.float64(85.55), 'acc': 87.2, 'ndev': 872, 'ntest': 1821}","{'devacc': np.float64(62.75), 'acc': 69.4, 'ndev': 5452, 'ntest': 500}","{'devacc': np.float64(70.85), 'acc': 71.13, 'f1': 80.82, 'ndev': 4076, 'ntest': 1725}"
deberta-base,AVG_SUM-7-12,"torch.Size([61, 768])",NORMAL,4,0,12,"{'devacc': np.float64(86.96), 'acc': np.float64(87.0), 'ndev': 10662, 'ntest': 10662}","{'devacc': np.float64(90.17), 'acc': np.float64(90.36), 'ndev': 3775, 'ntest': 3775}","{'devacc': np.float64(95.78), 'acc': np.float64(95.73), 'ndev': 10000, 'ntest': 10000}","{'devacc': np.float64(89.72), 'acc': np.float64(90.08), 'ndev': 10606, 'ntest': 10606}","{'devacc': np.float64(91.4), 'acc': 91.98, 'ndev': 872, 'ntest': 1821}","{'devacc': np.float64(88.19), 'acc': 95.6, 'ndev': 5452, 'ntest': 500}","{'devacc': np.float64(75.49), 'acc': 74.61, 'f1': 82.02, 'ndev': 4076, 'ntest': 1725}"
deberta-base,SUM_SUM-7-12,"torch.Size([61, 768])",NORMAL,4,0,12,"{'devacc': np.float64(86.51), 'acc': np.float64(86.64), 'ndev': 10662, 'ntest': 10662}","{'devacc': np.float64(89.02), 'acc': np.float64(89.56), 'ndev': 3775, 'ntest': 3775}","{'devacc': np.float64(95.11), 'acc': np.float64(94.98), 'ndev': 10000, 'ntest': 10000}","{'devacc': np.float64(89.17), 'acc': np.float64(89.59), 'ndev': 10606, 'ntest': 10606}","{'devacc': np.float64(91.86), 'acc': 91.98, 'ndev': 872, 'ntest': 1821}","{'devacc': np.float64(87.66), 'acc': 96.0, 'ndev': 5452, 'ntest': 500}","{'devacc': np.float64(70.83), 'acc': 68.52, 'f1': 79.56, 'ndev': 4076, 'ntest': 1725}"
deberta-base,MAX_SUM-7-12,"torch.Size([61, 768])",NORMAL,4,0,12,"{'devacc': np.float64(83.62), 'acc': np.float64(83.84), 'ndev': 10662, 'ntest': 10662}","{'devacc': np.float64(87.12), 'acc': np.float64(87.34), 'ndev': 3775, 'ntest': 3775}","{'devacc': np.float64(93.52), 'acc': np.float64(93.83), 'ndev': 10000, 'ntest': 10000}","{'devacc': np.float64(88.72), 'acc': np.float64(88.72), 'ndev': 10606, 'ntest': 10606}","{'devacc': np.float64(87.16), 'acc': 89.95, 'ndev': 872, 'ntest': 1821}","{'devacc': np.float64(87.29), 'acc': 94.6, 'ndev': 5452, 'ntest': 500}","{'devacc': np.float64(70.17), 'acc': 68.81, 'f1': 78.11, 'ndev': 4076, 'ntest': 1725}"
deberta-base,AVG-NS_SUM-7-12,"torch.Size([61, 768])",NORMAL,4,0,12,"{'devacc': np.float64(86.9), 'acc': np.float64(86.91), 'ndev': 10662, 'ntest': 10662}","{'devacc': np.float64(89.91), 'acc': np.float64(90.07), 'ndev': 3775, 'ntest': 3775}","{'devacc': np.float64(95.66), 'acc': np.float64(95.65), 'ndev': 10000, 'ntest': 10000}","{'devacc': np.float64(89.58), 'acc': np.float64(90.09), 'ndev': 10606, 'ntest': 10606}","{'devacc': np.float64(90.94), 'acc': 92.04, 'ndev': 872, 'ntest': 1821}","{'devacc': np.float64(88.11), 'acc': 96.0, 'ndev': 5452, 'ntest': 500}","{'devacc': np.float64(74.75), 'acc': 73.62, 'f1': 81.45, 'ndev': 4076, 'ntest': 1725}"
deberta-base,SUM-NS_SUM-7-12,"torch.Size([61, 768])",NORMAL,4,0,12,"{'devacc': np.float64(86.44), 'acc': np.float64(86.78), 'ndev': 10662, 'ntest': 10662}","{'devacc': np.float64(88.88), 'acc': np.float64(89.16), 'ndev': 3775, 'ntest': 3775}","{'devacc': np.float64(95.0), 'acc': np.float64(95.0), 'ndev': 10000, 'ntest': 10000}","{'devacc': np.float64(89.15), 'acc': np.float64(89.63), 'ndev': 10606, 'ntest': 10606}","{'devacc': np.float64(91.51), 'acc': 91.93, 'ndev': 872, 'ntest': 1821}","{'devacc': np.float64(87.8), 'acc': 96.0, 'ndev': 5452, 'ntest': 500}","{'devacc': np.float64(70.66), 'acc': 70.03, 'f1': 80.61, 'ndev': 4076, 'ntest': 1725}"
deberta-base,MAX-NS_SUM-7-12,"torch.Size([61, 768])",NORMAL,4,0,12,"{'devacc': np.float64(83.72), 'acc': np.float64(84.11), 'ndev': 10662, 'ntest': 10662}","{'devacc': np.float64(67.49), 'acc': np.float64(66.09), 'ndev': 3775, 'ntest': 3775}","{'devacc': np.float64(93.51), 'acc': np.float64(93.87), 'ndev': 10000, 'ntest': 10000}","{'devacc': np.float64(74.6), 'acc': np.float64(76.43), 'ndev': 10606, 'ntest': 10606}","{'devacc': np.float64(87.16), 'acc': 89.68, 'ndev': 872, 'ntest': 1821}","{'devacc': np.float64(87.44), 'acc': 94.0, 'ndev': 5452, 'ntest': 500}","{'devacc': np.float64(69.94), 'acc': 67.65, 'f1': 77.02, 'ndev': 4076, 'ntest': 1725}"
deberta-base,CLS_SUM-1-7,"torch.Size([61, 768])",NORMAL,4,0,12,"{'devacc': np.float64(70.11), 'acc': np.float64(70.15), 'ndev': 10662, 'ntest': 10662}","{'devacc': np.float64(73.2), 'acc': np.float64(73.19), 'ndev': 3775, 'ntest': 3775}","{'devacc': np.float64(88.78), 'acc': np.float64(88.64), 'ndev': 10000, 'ntest': 10000}","{'devacc': np.float64(84.18), 'acc': np.float64(84.46), 'ndev': 10606, 'ntest': 10606}","{'devacc': np.float64(71.33), 'acc': 72.21, 'ndev': 872, 'ntest': 1821}","{'devacc': np.float64(60.77), 'acc': 63.2, 'ndev': 5452, 'ntest': 500}","{'devacc': np.float64(67.76), 'acc': 66.61, 'f1': 79.7, 'ndev': 4076, 'ntest': 1725}"
deberta-base,AVG_SUM-1-7,"torch.Size([61, 768])",NORMAL,4,0,12,"{'devacc': np.float64(82.28), 'acc': np.float64(82.24), 'ndev': 10662, 'ntest': 10662}","{'devacc': np.float64(86.02), 'acc': np.float64(86.94), 'ndev': 3775, 'ntest': 3775}","{'devacc': np.float64(94.65), 'acc': np.float64(94.78), 'ndev': 10000, 'ntest': 10000}","{'devacc': np.float64(89.64), 'acc': np.float64(89.84), 'ndev': 10606, 'ntest': 10606}","{'devacc': np.float64(87.73), 'acc': 88.69, 'ndev': 872, 'ntest': 1821}","{'devacc': np.float64(86.89), 'acc': 93.2, 'ndev': 5452, 'ntest': 500}","{'devacc': np.float64(74.43), 'acc': 75.25, 'f1': 82.08, 'ndev': 4076, 'ntest': 1725}"
deberta-base,SUM_SUM-1-7,"torch.Size([61, 768])",NORMAL,4,0,12,"{'devacc': np.float64(82.05), 'acc': np.float64(82.18), 'ndev': 10662, 'ntest': 10662}","{'devacc': np.float64(84.41), 'acc': np.float64(85.75), 'ndev': 3775, 'ntest': 3775}","{'devacc': np.float64(93.72), 'acc': np.float64(93.74), 'ndev': 10000, 'ntest': 10000}","{'devacc': np.float64(89.07), 'acc': np.float64(89.5), 'ndev': 10606, 'ntest': 10606}","{'devacc': np.float64(87.39), 'acc': 87.97, 'ndev': 872, 'ntest': 1821}","{'devacc': np.float64(86.13), 'acc': 92.2, 'ndev': 5452, 'ntest': 500}","{'devacc': np.float64(70.39), 'acc': 70.38, 'f1': 79.58, 'ndev': 4076, 'ntest': 1725}"
deberta-base,MAX_SUM-1-7,"torch.Size([61, 768])",NORMAL,4,0,12,"{'devacc': np.float64(77.42), 'acc': np.float64(77.6), 'ndev': 10662, 'ntest': 10662}","{'devacc': np.float64(80.15), 'acc': np.float64(79.97), 'ndev': 3775, 'ntest': 3775}","{'devacc': np.float64(91.27), 'acc': np.float64(91.54), 'ndev': 10000, 'ntest': 10000}","{'devacc': np.float64(88.2), 'acc': np.float64(88.41), 'ndev': 10606, 'ntest': 10606}","{'devacc': np.float64(83.26), 'acc': 81.6, 'ndev': 872, 'ntest': 1821}","{'devacc': np.float64(86.26), 'acc': 92.6, 'ndev': 5452, 'ntest': 500}","{'devacc': np.float64(68.08), 'acc': 68.06, 'f1': 76.96, 'ndev': 4076, 'ntest': 1725}"
deberta-base,AVG-NS_SUM-1-7,"torch.Size([61, 768])",NORMAL,4,0,12,"{'devacc': np.float64(82.23), 'acc': np.float64(82.1), 'ndev': 10662, 'ntest': 10662}","{'devacc': np.float64(85.52), 'acc': np.float64(86.01), 'ndev': 3775, 'ntest': 3775}","{'devacc': np.float64(94.56), 'acc': np.float64(94.73), 'ndev': 10000, 'ntest': 10000}","{'devacc': np.float64(89.29), 'acc': np.float64(89.61), 'ndev': 10606, 'ntest': 10606}","{'devacc': np.float64(87.16), 'acc': 88.25, 'ndev': 872, 'ntest': 1821}","{'devacc': np.float64(87.03), 'acc': 92.6, 'ndev': 5452, 'ntest': 500}","{'devacc': np.float64(75.15), 'acc': 75.07, 'f1': 81.95, 'ndev': 4076, 'ntest': 1725}"
deberta-base,SUM-NS_SUM-1-7,"torch.Size([61, 768])",NORMAL,4,0,12,"{'devacc': np.float64(81.99), 'acc': np.float64(81.78), 'ndev': 10662, 'ntest': 10662}","{'devacc': np.float64(84.18), 'acc': np.float64(84.87), 'ndev': 3775, 'ntest': 3775}","{'devacc': np.float64(93.74), 'acc': np.float64(93.86), 'ndev': 10000, 'ntest': 10000}","{'devacc': np.float64(89.06), 'acc': np.float64(89.51), 'ndev': 10606, 'ntest': 10606}","{'devacc': np.float64(87.5), 'acc': 87.53, 'ndev': 872, 'ntest': 1821}","{'devacc': np.float64(86.3), 'acc': 92.8, 'ndev': 5452, 'ntest': 500}","{'devacc': np.float64(70.9), 'acc': 70.32, 'f1': 79.92, 'ndev': 4076, 'ntest': 1725}"
deberta-base,MAX-NS_SUM-1-7,"torch.Size([61, 768])",NORMAL,4,0,12,"{'devacc': np.float64(77.45), 'acc': np.float64(77.93), 'ndev': 10662, 'ntest': 10662}","{'devacc': np.float64(67.59), 'acc': np.float64(65.46), 'ndev': 3775, 'ntest': 3775}","{'devacc': np.float64(91.24), 'acc': np.float64(91.57), 'ndev': 10000, 'ntest': 10000}","{'devacc': np.float64(74.57), 'acc': np.float64(49.5), 'ndev': 10606, 'ntest': 10606}","{'devacc': np.float64(82.8), 'acc': 81.6, 'ndev': 872, 'ntest': 1821}","{'devacc': np.float64(86.48), 'acc': 93.2, 'ndev': 5452, 'ntest': 500}","{'devacc': np.float64(68.18), 'acc': 66.78, 'f1': 75.97, 'ndev': 4076, 'ntest': 1725}"
deberta-base,CLS_SUM-2-8,"torch.Size([61, 768])",NORMAL,4,0,12,"{'devacc': np.float64(73.27), 'acc': np.float64(73.55), 'ndev': 10662, 'ntest': 10662}","{'devacc': np.float64(73.48), 'acc': np.float64(73.67), 'ndev': 3775, 'ntest': 3775}","{'devacc': np.float64(90.2), 'acc': np.float64(90.38), 'ndev': 10000, 'ntest': 10000}","{'devacc': np.float64(85.2), 'acc': np.float64(85.56), 'ndev': 10606, 'ntest': 10606}","{'devacc': np.float64(77.41), 'acc': 77.16, 'ndev': 872, 'ntest': 1821}","{'devacc': np.float64(65.44), 'acc': 69.0, 'ndev': 5452, 'ntest': 500}","{'devacc': np.float64(68.52), 'acc': 66.26, 'f1': 79.14, 'ndev': 4076, 'ntest': 1725}"
deberta-base,AVG_SUM-2-8,"torch.Size([61, 768])",NORMAL,4,0,12,"{'devacc': np.float64(83.8), 'acc': np.float64(83.73), 'ndev': 10662, 'ntest': 10662}","{'devacc': np.float64(87.93), 'acc': np.float64(88.61), 'ndev': 3775, 'ntest': 3775}","{'devacc': np.float64(95.11), 'acc': np.float64(95.2), 'ndev': 10000, 'ntest': 10000}","{'devacc': np.float64(89.72), 'acc': np.float64(90.03), 'ndev': 10606, 'ntest': 10606}","{'devacc': np.float64(88.65), 'acc': 89.57, 'ndev': 872, 'ntest': 1821}","{'devacc': np.float64(87.84), 'acc': 95.0, 'ndev': 5452, 'ntest': 500}","{'devacc': np.float64(75.34), 'acc': 75.94, 'f1': 82.82, 'ndev': 4076, 'ntest': 1725}"
deberta-base,SUM_SUM-2-8,"torch.Size([61, 768])",NORMAL,4,0,12,"{'devacc': np.float64(83.59), 'acc': np.float64(83.63), 'ndev': 10662, 'ntest': 10662}","{'devacc': np.float64(86.28), 'acc': np.float64(86.97), 'ndev': 3775, 'ntest': 3775}","{'devacc': np.float64(94.26), 'acc': np.float64(94.45), 'ndev': 10000, 'ntest': 10000}","{'devacc': np.float64(89.18), 'acc': np.float64(89.41), 'ndev': 10606, 'ntest': 10606}","{'devacc': np.float64(89.11), 'acc': 88.36, 'ndev': 872, 'ntest': 1821}","{'devacc': np.float64(87.14), 'acc': 94.4, 'ndev': 5452, 'ntest': 500}","{'devacc': np.float64(70.71), 'acc': 71.71, 'f1': 80.91, 'ndev': 4076, 'ntest': 1725}"
deberta-base,MAX_SUM-2-8,"torch.Size([61, 768])",NORMAL,4,0,12,"{'devacc': np.float64(79.31), 'acc': np.float64(79.4), 'ndev': 10662, 'ntest': 10662}","{'devacc': np.float64(83.03), 'acc': np.float64(83.71), 'ndev': 3775, 'ntest': 3775}","{'devacc': np.float64(91.96), 'acc': np.float64(92.3), 'ndev': 10000, 'ntest': 10000}","{'devacc': np.float64(88.53), 'acc': np.float64(88.78), 'ndev': 10606, 'ntest': 10606}","{'devacc': np.float64(84.06), 'acc': 84.79, 'ndev': 872, 'ntest': 1821}","{'devacc': np.float64(87.77), 'acc': 93.0, 'ndev': 5452, 'ntest': 500}","{'devacc': np.float64(68.23), 'acc': 69.8, 'f1': 78.34, 'ndev': 4076, 'ntest': 1725}"
deberta-base,AVG-NS_SUM-2-8,"torch.Size([61, 768])",NORMAL,4,0,12,"{'devacc': np.float64(83.81), 'acc': np.float64(83.78), 'ndev': 10662, 'ntest': 10662}","{'devacc': np.float64(87.44), 'acc': np.float64(87.82), 'ndev': 3775, 'ntest': 3775}","{'devacc': np.float64(95.04), 'acc': np.float64(95.16), 'ndev': 10000, 'ntest': 10000}","{'devacc': np.float64(89.43), 'acc': np.float64(89.68), 'ndev': 10606, 'ntest': 10606}","{'devacc': np.float64(88.65), 'acc': 89.73, 'ndev': 872, 'ntest': 1821}","{'devacc': np.float64(87.82), 'acc': 95.4, 'ndev': 5452, 'ntest': 500}","{'devacc': np.float64(75.51), 'acc': 75.36, 'f1': 82.31, 'ndev': 4076, 'ntest': 1725}"
deberta-base,SUM-NS_SUM-2-8,"torch.Size([61, 768])",NORMAL,4,0,12,"{'devacc': np.float64(83.55), 'acc': np.float64(83.67), 'ndev': 10662, 'ntest': 10662}","{'devacc': np.float64(86.06), 'acc': np.float64(86.36), 'ndev': 3775, 'ntest': 3775}","{'devacc': np.float64(94.25), 'acc': np.float64(94.31), 'ndev': 10000, 'ntest': 10000}","{'devacc': np.float64(89.17), 'acc': np.float64(89.34), 'ndev': 10606, 'ntest': 10606}","{'devacc': np.float64(89.22), 'acc': 88.47, 'ndev': 872, 'ntest': 1821}","{'devacc': np.float64(87.03), 'acc': 94.2, 'ndev': 5452, 'ntest': 500}","{'devacc': np.float64(70.93), 'acc': 70.03, 'f1': 79.62, 'ndev': 4076, 'ntest': 1725}"
deberta-base,MAX-NS_SUM-2-8,"torch.Size([61, 768])",NORMAL,4,0,12,"{'devacc': np.float64(79.3), 'acc': np.float64(79.4), 'ndev': 10662, 'ntest': 10662}","{'devacc': np.float64(68.6), 'acc': np.float64(65.77), 'ndev': 3775, 'ntest': 3775}","{'devacc': np.float64(91.91), 'acc': np.float64(92.24), 'ndev': 10000, 'ntest': 10000}","{'devacc': np.float64(58.02), 'acc': np.float64(49.39), 'ndev': 10606, 'ntest': 10606}","{'devacc': np.float64(84.29), 'acc': 84.24, 'ndev': 872, 'ntest': 1821}","{'devacc': np.float64(87.6), 'acc': 94.0, 'ndev': 5452, 'ntest': 500}","{'devacc': np.float64(67.89), 'acc': 68.75, 'f1': 77.57, 'ndev': 4076, 'ntest': 1725}"
deberta-base,CLS_SUM-3-9,"torch.Size([61, 768])",NORMAL,4,0,12,"{'devacc': np.float64(81.98), 'acc': np.float64(82.25), 'ndev': 10662, 'ntest': 10662}","{'devacc': np.float64(83.78), 'acc': np.float64(84.13), 'ndev': 3775, 'ntest': 3775}","{'devacc': np.float64(92.47), 'acc': np.float64(92.37), 'ndev': 10000, 'ntest': 10000}","{'devacc': np.float64(86.44), 'acc': np.float64(86.31), 'ndev': 10606, 'ntest': 10606}","{'devacc': np.float64(86.7), 'acc': 86.82, 'ndev': 872, 'ntest': 1821}","{'devacc': np.float64(70.41), 'acc': 76.6, 'ndev': 5452, 'ntest': 500}","{'devacc': np.float64(69.23), 'acc': 69.28, 'f1': 79.69, 'ndev': 4076, 'ntest': 1725}"
deberta-base,AVG_SUM-3-9,"torch.Size([61, 768])",NORMAL,4,0,12,"{'devacc': np.float64(84.85), 'acc': np.float64(84.89), 'ndev': 10662, 'ntest': 10662}","{'devacc': np.float64(88.77), 'acc': np.float64(89.32), 'ndev': 3775, 'ntest': 3775}","{'devacc': np.float64(95.32), 'acc': np.float64(95.38), 'ndev': 10000, 'ntest': 10000}","{'devacc': np.float64(89.85), 'acc': np.float64(90.14), 'ndev': 10606, 'ntest': 10606}","{'devacc': np.float64(90.02), 'acc': 90.39, 'ndev': 872, 'ntest': 1821}","{'devacc': np.float64(88.32), 'acc': 94.4, 'ndev': 5452, 'ntest': 500}","{'devacc': np.float64(75.64), 'acc': 75.07, 'f1': 82.16, 'ndev': 4076, 'ntest': 1725}"
deberta-base,SUM_SUM-3-9,"torch.Size([61, 768])",NORMAL,4,0,12,"{'devacc': np.float64(84.62), 'acc': np.float64(84.74), 'ndev': 10662, 'ntest': 10662}","{'devacc': np.float64(87.33), 'acc': np.float64(87.52), 'ndev': 3775, 'ntest': 3775}","{'devacc': np.float64(94.5), 'acc': np.float64(94.59), 'ndev': 10000, 'ntest': 10000}","{'devacc': np.float64(89.23), 'acc': np.float64(89.71), 'ndev': 10606, 'ntest': 10606}","{'devacc': np.float64(90.6), 'acc': 89.29, 'ndev': 872, 'ntest': 1821}","{'devacc': np.float64(87.73), 'acc': 94.4, 'ndev': 5452, 'ntest': 500}","{'devacc': np.float64(70.76), 'acc': 71.07, 'f1': 80.32, 'ndev': 4076, 'ntest': 1725}"
deberta-base,MAX_SUM-3-9,"torch.Size([61, 768])",NORMAL,4,0,12,"{'devacc': np.float64(80.92), 'acc': np.float64(80.84), 'ndev': 10662, 'ntest': 10662}","{'devacc': np.float64(84.14), 'acc': np.float64(84.71), 'ndev': 3775, 'ntest': 3775}","{'devacc': np.float64(92.48), 'acc': np.float64(92.85), 'ndev': 10000, 'ntest': 10000}","{'devacc': np.float64(88.73), 'acc': np.float64(88.96), 'ndev': 10606, 'ntest': 10606}","{'devacc': np.float64(85.09), 'acc': 87.04, 'ndev': 872, 'ntest': 1821}","{'devacc': np.float64(88.48), 'acc': 94.4, 'ndev': 5452, 'ntest': 500}","{'devacc': np.float64(68.72), 'acc': 70.09, 'f1': 78.32, 'ndev': 4076, 'ntest': 1725}"
deberta-base,AVG-NS_SUM-3-9,"torch.Size([61, 768])",NORMAL,4,0,12,"{'devacc': np.float64(84.83), 'acc': np.float64(84.94), 'ndev': 10662, 'ntest': 10662}","{'devacc': np.float64(88.43), 'acc': np.float64(88.82), 'ndev': 3775, 'ntest': 3775}","{'devacc': np.float64(95.23), 'acc': np.float64(95.26), 'ndev': 10000, 'ntest': 10000}","{'devacc': np.float64(89.58), 'acc': np.float64(90.13), 'ndev': 10606, 'ntest': 10606}","{'devacc': np.float64(89.68), 'acc': 90.61, 'ndev': 872, 'ntest': 1821}","{'devacc': np.float64(88.33), 'acc': 94.2, 'ndev': 5452, 'ntest': 500}","{'devacc': np.float64(75.76), 'acc': 75.59, 'f1': 82.51, 'ndev': 4076, 'ntest': 1725}"
deberta-base,SUM-NS_SUM-3-9,"torch.Size([61, 768])",NORMAL,4,0,12,"{'devacc': np.float64(84.5), 'acc': np.float64(84.55), 'ndev': 10662, 'ntest': 10662}","{'devacc': np.float64(87.27), 'acc': np.float64(86.86), 'ndev': 3775, 'ntest': 3775}","{'devacc': np.float64(94.44), 'acc': np.float64(94.51), 'ndev': 10000, 'ntest': 10000}","{'devacc': np.float64(89.22), 'acc': np.float64(89.66), 'ndev': 10606, 'ntest': 10606}","{'devacc': np.float64(90.48), 'acc': 89.84, 'ndev': 872, 'ntest': 1821}","{'devacc': np.float64(87.67), 'acc': 94.4, 'ndev': 5452, 'ntest': 500}","{'devacc': np.float64(70.85), 'acc': 70.14, 'f1': 80.05, 'ndev': 4076, 'ntest': 1725}"
deberta-base,MAX-NS_SUM-3-9,"torch.Size([61, 768])",NORMAL,4,0,12,"{'devacc': np.float64(80.88), 'acc': np.float64(81.05), 'ndev': 10662, 'ntest': 10662}","{'devacc': np.float64(66.74), 'acc': np.float64(65.85), 'ndev': 3775, 'ntest': 3775}","{'devacc': np.float64(92.4), 'acc': np.float64(92.96), 'ndev': 10000, 'ntest': 10000}","{'devacc': np.float64(58.14), 'acc': np.float64(49.51), 'ndev': 10606, 'ntest': 10606}","{'devacc': np.float64(84.63), 'acc': 86.44, 'ndev': 872, 'ntest': 1821}","{'devacc': np.float64(88.55), 'acc': 95.6, 'ndev': 5452, 'ntest': 500}","{'devacc': np.float64(68.35), 'acc': 69.28, 'f1': 77.77, 'ndev': 4076, 'ntest': 1725}"
deberta-base,CLS_SUM-4-10,"torch.Size([61, 768])",NORMAL,4,0,12,"{'devacc': np.float64(82.69), 'acc': np.float64(82.94), 'ndev': 10662, 'ntest': 10662}","{'devacc': np.float64(84.07), 'acc': np.float64(84.85), 'ndev': 3775, 'ntest': 3775}","{'devacc': np.float64(91.65), 'acc': np.float64(91.88), 'ndev': 10000, 'ntest': 10000}","{'devacc': np.float64(84.19), 'acc': np.float64(84.34), 'ndev': 10606, 'ntest': 10606}","{'devacc': np.float64(86.47), 'acc': 87.15, 'ndev': 872, 'ntest': 1821}","{'devacc': np.float64(77.02), 'acc': 87.8, 'ndev': 5452, 'ntest': 500}","{'devacc': np.float64(71.15), 'acc': 69.51, 'f1': 79.98, 'ndev': 4076, 'ntest': 1725}"
deberta-base,AVG_SUM-4-10,"torch.Size([61, 768])",NORMAL,4,0,12,"{'devacc': np.float64(85.9), 'acc': np.float64(86.1), 'ndev': 10662, 'ntest': 10662}","{'devacc': np.float64(89.36), 'acc': np.float64(89.48), 'ndev': 3775, 'ntest': 3775}","{'devacc': np.float64(95.48), 'acc': np.float64(95.5), 'ndev': 10000, 'ntest': 10000}","{'devacc': np.float64(89.9), 'acc': np.float64(90.18), 'ndev': 10606, 'ntest': 10606}","{'devacc': np.float64(92.09), 'acc': 91.27, 'ndev': 872, 'ntest': 1821}","{'devacc': np.float64(88.66), 'acc': 95.0, 'ndev': 5452, 'ntest': 500}","{'devacc': np.float64(75.88), 'acc': 76.81, 'f1': 83.37, 'ndev': 4076, 'ntest': 1725}"
deberta-base,SUM_SUM-4-10,"torch.Size([61, 768])",NORMAL,4,0,12,"{'devacc': np.float64(85.44), 'acc': np.float64(85.62), 'ndev': 10662, 'ntest': 10662}","{'devacc': np.float64(88.23), 'acc': np.float64(88.08), 'ndev': 3775, 'ntest': 3775}","{'devacc': np.float64(94.71), 'acc': np.float64(94.67), 'ndev': 10000, 'ntest': 10000}","{'devacc': np.float64(89.24), 'acc': np.float64(89.46), 'ndev': 10606, 'ntest': 10606}","{'devacc': np.float64(91.06), 'acc': 90.33, 'ndev': 872, 'ntest': 1821}","{'devacc': np.float64(88.13), 'acc': 94.4, 'ndev': 5452, 'ntest': 500}","{'devacc': np.float64(71.25), 'acc': 71.71, 'f1': 80.82, 'ndev': 4076, 'ntest': 1725}"
deberta-base,MAX_SUM-4-10,"torch.Size([61, 768])",NORMAL,4,0,12,"{'devacc': np.float64(82.16), 'acc': np.float64(82.19), 'ndev': 10662, 'ntest': 10662}","{'devacc': np.float64(85.14), 'acc': np.float64(85.54), 'ndev': 3775, 'ntest': 3775}","{'devacc': np.float64(92.74), 'acc': np.float64(93.28), 'ndev': 10000, 'ntest': 10000}","{'devacc': np.float64(88.69), 'acc': np.float64(88.98), 'ndev': 10606, 'ntest': 10606}","{'devacc': np.float64(85.44), 'acc': 88.41, 'ndev': 872, 'ntest': 1821}","{'devacc': np.float64(88.37), 'acc': 94.8, 'ndev': 5452, 'ntest': 500}","{'devacc': np.float64(69.53), 'acc': 69.16, 'f1': 77.5, 'ndev': 4076, 'ntest': 1725}"
deberta-base,AVG-NS_SUM-4-10,"torch.Size([61, 768])",NORMAL,4,0,12,"{'devacc': np.float64(85.82), 'acc': np.float64(86.07), 'ndev': 10662, 'ntest': 10662}","{'devacc': np.float64(89.14), 'acc': np.float64(89.32), 'ndev': 3775, 'ntest': 3775}","{'devacc': np.float64(95.38), 'acc': np.float64(95.45), 'ndev': 10000, 'ntest': 10000}","{'devacc': np.float64(89.66), 'acc': np.float64(90.11), 'ndev': 10606, 'ntest': 10606}","{'devacc': np.float64(91.17), 'acc': 91.6, 'ndev': 872, 'ntest': 1821}","{'devacc': np.float64(88.68), 'acc': 94.6, 'ndev': 5452, 'ntest': 500}","{'devacc': np.float64(76.1), 'acc': 75.65, 'f1': 82.49, 'ndev': 4076, 'ntest': 1725}"
deberta-base,SUM-NS_SUM-4-10,"torch.Size([61, 768])",NORMAL,4,0,12,"{'devacc': np.float64(85.51), 'acc': np.float64(85.67), 'ndev': 10662, 'ntest': 10662}","{'devacc': np.float64(88.1), 'acc': np.float64(88.45), 'ndev': 3775, 'ntest': 3775}","{'devacc': np.float64(94.6), 'acc': np.float64(94.62), 'ndev': 10000, 'ntest': 10000}","{'devacc': np.float64(89.24), 'acc': np.float64(89.4), 'ndev': 10606, 'ntest': 10606}","{'devacc': np.float64(90.83), 'acc': 90.61, 'ndev': 872, 'ntest': 1821}","{'devacc': np.float64(88.32), 'acc': 94.8, 'ndev': 5452, 'ntest': 500}","{'devacc': np.float64(71.44), 'acc': 71.07, 'f1': 80.47, 'ndev': 4076, 'ntest': 1725}"
deberta-base,MAX-NS_SUM-4-10,"torch.Size([61, 768])",NORMAL,4,0,12,"{'devacc': np.float64(82.12), 'acc': np.float64(82.33), 'ndev': 10662, 'ntest': 10662}","{'devacc': np.float64(69.35), 'acc': np.float64(67.97), 'ndev': 3775, 'ntest': 3775}","{'devacc': np.float64(92.57), 'acc': np.float64(93.18), 'ndev': 10000, 'ntest': 10000}","{'devacc': np.float64(58.18), 'acc': np.float64(49.58), 'ndev': 10606, 'ntest': 10606}","{'devacc': np.float64(86.24), 'acc': 88.36, 'ndev': 872, 'ntest': 1821}","{'devacc': np.float64(88.37), 'acc': 94.8, 'ndev': 5452, 'ntest': 500}","{'devacc': np.float64(69.23), 'acc': 69.45, 'f1': 77.75, 'ndev': 4076, 'ntest': 1725}"
deberta-base,CLS_SUM-5-11,"torch.Size([61, 768])",NORMAL,4,0,12,"{'devacc': np.float64(84.19), 'acc': np.float64(84.08), 'ndev': 10662, 'ntest': 10662}","{'devacc': np.float64(88.15), 'acc': np.float64(88.11), 'ndev': 3775, 'ntest': 3775}","{'devacc': np.float64(94.3), 'acc': np.float64(94.45), 'ndev': 10000, 'ntest': 10000}","{'devacc': np.float64(85.25), 'acc': np.float64(85.23), 'ndev': 10606, 'ntest': 10606}","{'devacc': np.float64(87.16), 'acc': 87.92, 'ndev': 872, 'ntest': 1821}","{'devacc': np.float64(58.6), 'acc': 62.6, 'ndev': 5452, 'ntest': 500}","{'devacc': np.float64(70.93), 'acc': 70.78, 'f1': 80.53, 'ndev': 4076, 'ntest': 1725}"
deberta-base,AVG_SUM-5-11,"torch.Size([61, 768])",NORMAL,4,0,12,"{'devacc': np.float64(86.34), 'acc': np.float64(86.4), 'ndev': 10662, 'ntest': 10662}","{'devacc': np.float64(89.66), 'acc': np.float64(89.64), 'ndev': 3775, 'ntest': 3775}","{'devacc': np.float64(95.59), 'acc': np.float64(95.5), 'ndev': 10000, 'ntest': 10000}","{'devacc': np.float64(89.88), 'acc': np.float64(90.13), 'ndev': 10606, 'ntest': 10606}","{'devacc': np.float64(91.63), 'acc': 91.76, 'ndev': 872, 'ntest': 1821}","{'devacc': np.float64(88.63), 'acc': 95.2, 'ndev': 5452, 'ntest': 500}","{'devacc': np.float64(76.25), 'acc': 75.65, 'f1': 82.66, 'ndev': 4076, 'ntest': 1725}"
deberta-base,SUM_SUM-5-11,"torch.Size([61, 768])",NORMAL,4,0,12,"{'devacc': np.float64(85.88), 'acc': np.float64(86.01), 'ndev': 10662, 'ntest': 10662}","{'devacc': np.float64(88.45), 'acc': np.float64(88.72), 'ndev': 3775, 'ntest': 3775}","{'devacc': np.float64(94.69), 'acc': np.float64(94.61), 'ndev': 10000, 'ntest': 10000}","{'devacc': np.float64(89.24), 'acc': np.float64(89.32), 'ndev': 10606, 'ntest': 10606}","{'devacc': np.float64(91.63), 'acc': 90.99, 'ndev': 872, 'ntest': 1821}","{'devacc': np.float64(88.08), 'acc': 94.8, 'ndev': 5452, 'ntest': 500}","{'devacc': np.float64(71.69), 'acc': 72.58, 'f1': 81.18, 'ndev': 4076, 'ntest': 1725}"
deberta-base,MAX_SUM-5-11,"torch.Size([61, 768])",NORMAL,4,0,12,"{'devacc': np.float64(83.06), 'acc': np.float64(82.96), 'ndev': 10662, 'ntest': 10662}","{'devacc': np.float64(86.27), 'acc': np.float64(86.25), 'ndev': 3775, 'ntest': 3775}","{'devacc': np.float64(92.97), 'acc': np.float64(93.18), 'ndev': 10000, 'ntest': 10000}","{'devacc': np.float64(88.62), 'acc': np.float64(88.89), 'ndev': 10606, 'ntest': 10606}","{'devacc': np.float64(86.47), 'acc': 89.57, 'ndev': 872, 'ntest': 1821}","{'devacc': np.float64(88.55), 'acc': 94.8, 'ndev': 5452, 'ntest': 500}","{'devacc': np.float64(70.24), 'acc': 69.28, 'f1': 77.54, 'ndev': 4076, 'ntest': 1725}"
deberta-base,AVG-NS_SUM-5-11,"torch.Size([61, 768])",NORMAL,4,0,12,"{'devacc': np.float64(86.32), 'acc': np.float64(86.55), 'ndev': 10662, 'ntest': 10662}","{'devacc': np.float64(89.33), 'acc': np.float64(89.54), 'ndev': 3775, 'ntest': 3775}","{'devacc': np.float64(95.55), 'acc': np.float64(95.45), 'ndev': 10000, 'ntest': 10000}","{'devacc': np.float64(89.68), 'acc': np.float64(90.08), 'ndev': 10606, 'ntest': 10606}","{'devacc': np.float64(91.28), 'acc': 91.71, 'ndev': 872, 'ntest': 1821}","{'devacc': np.float64(88.41), 'acc': 95.0, 'ndev': 5452, 'ntest': 500}","{'devacc': np.float64(76.22), 'acc': 75.65, 'f1': 82.67, 'ndev': 4076, 'ntest': 1725}"
deberta-base,SUM-NS_SUM-5-11,"torch.Size([61, 768])",NORMAL,4,0,12,"{'devacc': np.float64(85.8), 'acc': np.float64(85.99), 'ndev': 10662, 'ntest': 10662}","{'devacc': np.float64(88.33), 'acc': np.float64(88.82), 'ndev': 3775, 'ntest': 3775}","{'devacc': np.float64(94.78), 'acc': np.float64(94.75), 'ndev': 10000, 'ntest': 10000}","{'devacc': np.float64(89.19), 'acc': np.float64(89.31), 'ndev': 10606, 'ntest': 10606}","{'devacc': np.float64(91.17), 'acc': 90.99, 'ndev': 872, 'ntest': 1821}","{'devacc': np.float64(88.04), 'acc': 95.4, 'ndev': 5452, 'ntest': 500}","{'devacc': np.float64(71.05), 'acc': 72.06, 'f1': 81.23, 'ndev': 4076, 'ntest': 1725}"
deberta-base,MAX-NS_SUM-5-11,"torch.Size([61, 768])",NORMAL,4,0,12,"{'devacc': np.float64(83.07), 'acc': np.float64(83.23), 'ndev': 10662, 'ntest': 10662}","{'devacc': np.float64(67.1), 'acc': np.float64(65.9), 'ndev': 3775, 'ntest': 3775}","{'devacc': np.float64(92.85), 'acc': np.float64(93.02), 'ndev': 10000, 'ntest': 10000}","{'devacc': np.float64(58.17), 'acc': np.float64(49.57), 'ndev': 10606, 'ntest': 10606}","{'devacc': np.float64(86.93), 'acc': 89.35, 'ndev': 872, 'ntest': 1821}","{'devacc': np.float64(88.61), 'acc': 95.0, 'ndev': 5452, 'ntest': 500}","{'devacc': np.float64(70.02), 'acc': 69.74, 'f1': 78.2, 'ndev': 4076, 'ntest': 1725}"
deberta-base,CLS_SUM-6-12,"torch.Size([61, 768])",NORMAL,4,0,12,"{'devacc': np.float64(84.54), 'acc': np.float64(84.36), 'ndev': 10662, 'ntest': 10662}","{'devacc': np.float64(87.97), 'acc': np.float64(87.76), 'ndev': 3775, 'ntest': 3775}","{'devacc': np.float64(94.25), 'acc': np.float64(94.17), 'ndev': 10000, 'ntest': 10000}","{'devacc': np.float64(87.43), 'acc': np.float64(87.29), 'ndev': 10606, 'ntest': 10606}","{'devacc': np.float64(86.12), 'acc': 88.14, 'ndev': 872, 'ntest': 1821}","{'devacc': np.float64(62.86), 'acc': 68.2, 'ndev': 5452, 'ntest': 500}","{'devacc': np.float64(70.68), 'acc': 70.55, 'f1': 80.42, 'ndev': 4076, 'ntest': 1725}"
deberta-base,AVG_SUM-6-12,"torch.Size([61, 768])",NORMAL,4,0,12,"{'devacc': np.float64(86.69), 'acc': np.float64(86.77), 'ndev': 10662, 'ntest': 10662}","{'devacc': np.float64(89.71), 'acc': np.float64(90.2), 'ndev': 3775, 'ntest': 3775}","{'devacc': np.float64(95.73), 'acc': np.float64(95.71), 'ndev': 10000, 'ntest': 10000}","{'devacc': np.float64(89.85), 'acc': np.float64(90.2), 'ndev': 10606, 'ntest': 10606}","{'devacc': np.float64(92.09), 'acc': 92.04, 'ndev': 872, 'ntest': 1821}","{'devacc': np.float64(88.7), 'acc': 96.2, 'ndev': 5452, 'ntest': 500}","{'devacc': np.float64(75.37), 'acc': 73.45, 'f1': 81.23, 'ndev': 4076, 'ntest': 1725}"
deberta-base,SUM_SUM-6-12,"torch.Size([61, 768])",NORMAL,4,0,12,"{'devacc': np.float64(86.32), 'acc': np.float64(86.24), 'ndev': 10662, 'ntest': 10662}","{'devacc': np.float64(88.67), 'acc': np.float64(89.17), 'ndev': 3775, 'ntest': 3775}","{'devacc': np.float64(95.14), 'acc': np.float64(94.93), 'ndev': 10000, 'ntest': 10000}","{'devacc': np.float64(89.35), 'acc': np.float64(89.69), 'ndev': 10606, 'ntest': 10606}","{'devacc': np.float64(91.86), 'acc': 91.32, 'ndev': 872, 'ntest': 1821}","{'devacc': np.float64(88.1), 'acc': 95.2, 'ndev': 5452, 'ntest': 500}","{'devacc': np.float64(71.27), 'acc': 69.97, 'f1': 80.39, 'ndev': 4076, 'ntest': 1725}"
deberta-base,MAX_SUM-6-12,"torch.Size([61, 768])",NORMAL,4,0,12,"{'devacc': np.float64(83.36), 'acc': np.float64(83.89), 'ndev': 10662, 'ntest': 10662}","{'devacc': np.float64(86.8), 'acc': np.float64(86.81), 'ndev': 3775, 'ntest': 3775}","{'devacc': np.float64(93.36), 'acc': np.float64(93.35), 'ndev': 10000, 'ntest': 10000}","{'devacc': np.float64(88.72), 'acc': np.float64(88.68), 'ndev': 10606, 'ntest': 10606}","{'devacc': np.float64(86.81), 'acc': 89.4, 'ndev': 872, 'ntest': 1821}","{'devacc': np.float64(87.82), 'acc': 94.4, 'ndev': 5452, 'ntest': 500}","{'devacc': np.float64(69.53), 'acc': 68.64, 'f1': 77.82, 'ndev': 4076, 'ntest': 1725}"
deberta-base,AVG-NS_SUM-6-12,"torch.Size([61, 768])",NORMAL,4,0,12,"{'devacc': np.float64(86.7), 'acc': np.float64(86.84), 'ndev': 10662, 'ntest': 10662}","{'devacc': np.float64(89.3), 'acc': np.float64(89.54), 'ndev': 3775, 'ntest': 3775}","{'devacc': np.float64(95.65), 'acc': np.float64(95.59), 'ndev': 10000, 'ntest': 10000}","{'devacc': np.float64(89.67), 'acc': np.float64(90.18), 'ndev': 10606, 'ntest': 10606}","{'devacc': np.float64(90.94), 'acc': 91.49, 'ndev': 872, 'ntest': 1821}","{'devacc': np.float64(88.48), 'acc': 95.6, 'ndev': 5452, 'ntest': 500}","{'devacc': np.float64(75.59), 'acc': 74.49, 'f1': 82.04, 'ndev': 4076, 'ntest': 1725}"
deberta-base,SUM-NS_SUM-6-12,"torch.Size([61, 768])",NORMAL,4,0,12,"{'devacc': np.float64(86.24), 'acc': np.float64(86.2), 'ndev': 10662, 'ntest': 10662}","{'devacc': np.float64(88.74), 'acc': np.float64(89.14), 'ndev': 3775, 'ntest': 3775}","{'devacc': np.float64(95.06), 'acc': np.float64(94.92), 'ndev': 10000, 'ntest': 10000}","{'devacc': np.float64(89.27), 'acc': np.float64(89.83), 'ndev': 10606, 'ntest': 10606}","{'devacc': np.float64(91.51), 'acc': 91.54, 'ndev': 872, 'ntest': 1821}","{'devacc': np.float64(88.02), 'acc': 95.6, 'ndev': 5452, 'ntest': 500}","{'devacc': np.float64(70.76), 'acc': 69.51, 'f1': 79.82, 'ndev': 4076, 'ntest': 1725}"
deberta-base,MAX-NS_SUM-6-12,"torch.Size([61, 768])",NORMAL,4,0,12,"{'devacc': np.float64(83.38), 'acc': np.float64(83.54), 'ndev': 10662, 'ntest': 10662}","{'devacc': np.float64(67.09), 'acc': np.float64(66.86), 'ndev': 3775, 'ntest': 3775}","{'devacc': np.float64(93.3), 'acc': np.float64(93.71), 'ndev': 10000, 'ntest': 10000}","{'devacc': np.float64(78.7), 'acc': np.float64(73.58), 'ndev': 10606, 'ntest': 10606}","{'devacc': np.float64(86.7), 'acc': 89.29, 'ndev': 872, 'ntest': 1821}","{'devacc': np.float64(87.91), 'acc': 95.0, 'ndev': 5452, 'ntest': 500}","{'devacc': np.float64(69.94), 'acc': 68.06, 'f1': 77.7, 'ndev': 4076, 'ntest': 1725}"
deberta-base,CLS_SUM-1-8,"torch.Size([61, 768])",NORMAL,4,0,12,"{'devacc': np.float64(71.02), 'acc': np.float64(70.96), 'ndev': 10662, 'ntest': 10662}","{'devacc': np.float64(73.96), 'acc': np.float64(74.3), 'ndev': 3775, 'ntest': 3775}","{'devacc': np.float64(88.61), 'acc': np.float64(88.8), 'ndev': 10000, 'ntest': 10000}","{'devacc': np.float64(84.08), 'acc': np.float64(83.81), 'ndev': 10606, 'ntest': 10606}","{'devacc': np.float64(72.25), 'acc': 72.49, 'ndev': 872, 'ntest': 1821}","{'devacc': np.float64(58.93), 'acc': 63.2, 'ndev': 5452, 'ntest': 500}","{'devacc': np.float64(67.69), 'acc': 66.9, 'f1': 79.54, 'ndev': 4076, 'ntest': 1725}"
deberta-base,AVG_SUM-1-8,"torch.Size([61, 768])",NORMAL,4,0,12,"{'devacc': np.float64(83.55), 'acc': np.float64(83.55), 'ndev': 10662, 'ntest': 10662}","{'devacc': np.float64(87.3), 'acc': np.float64(88.21), 'ndev': 3775, 'ntest': 3775}","{'devacc': np.float64(94.91), 'acc': np.float64(94.96), 'ndev': 10000, 'ntest': 10000}","{'devacc': np.float64(89.66), 'acc': np.float64(89.98), 'ndev': 10606, 'ntest': 10606}","{'devacc': np.float64(88.3), 'acc': 89.35, 'ndev': 872, 'ntest': 1821}","{'devacc': np.float64(87.49), 'acc': 94.4, 'ndev': 5452, 'ntest': 500}","{'devacc': np.float64(73.82), 'acc': 75.36, 'f1': 82.31, 'ndev': 4076, 'ntest': 1725}"
deberta-base,SUM_SUM-1-8,"torch.Size([61, 768])",NORMAL,4,0,12,"{'devacc': np.float64(83.3), 'acc': np.float64(83.53), 'ndev': 10662, 'ntest': 10662}","{'devacc': np.float64(85.94), 'acc': np.float64(87.26), 'ndev': 3775, 'ntest': 3775}","{'devacc': np.float64(94.22), 'acc': np.float64(94.35), 'ndev': 10000, 'ntest': 10000}","{'devacc': np.float64(89.17), 'acc': np.float64(89.67), 'ndev': 10606, 'ntest': 10606}","{'devacc': np.float64(88.42), 'acc': 88.47, 'ndev': 872, 'ntest': 1821}","{'devacc': np.float64(86.81), 'acc': 93.6, 'ndev': 5452, 'ntest': 500}","{'devacc': np.float64(70.44), 'acc': 70.55, 'f1': 79.95, 'ndev': 4076, 'ntest': 1725}"
deberta-base,MAX_SUM-1-8,"torch.Size([61, 768])",NORMAL,4,0,12,"{'devacc': np.float64(78.79), 'acc': np.float64(78.77), 'ndev': 10662, 'ntest': 10662}","{'devacc': np.float64(81.57), 'acc': np.float64(81.59), 'ndev': 3775, 'ntest': 3775}","{'devacc': np.float64(91.76), 'acc': np.float64(92.1), 'ndev': 10000, 'ntest': 10000}","{'devacc': np.float64(88.32), 'acc': np.float64(88.45), 'ndev': 10606, 'ntest': 10606}","{'devacc': np.float64(83.94), 'acc': 84.35, 'ndev': 872, 'ntest': 1821}","{'devacc': np.float64(86.98), 'acc': 93.6, 'ndev': 5452, 'ntest': 500}","{'devacc': np.float64(67.44), 'acc': 67.59, 'f1': 76.81, 'ndev': 4076, 'ntest': 1725}"
deberta-base,AVG-NS_SUM-1-8,"torch.Size([61, 768])",NORMAL,4,0,12,"{'devacc': np.float64(83.47), 'acc': np.float64(83.45), 'ndev': 10662, 'ntest': 10662}","{'devacc': np.float64(86.91), 'acc': np.float64(87.47), 'ndev': 3775, 'ntest': 3775}","{'devacc': np.float64(94.83), 'acc': np.float64(95.03), 'ndev': 10000, 'ntest': 10000}","{'devacc': np.float64(89.41), 'acc': np.float64(89.81), 'ndev': 10606, 'ntest': 10606}","{'devacc': np.float64(88.07), 'acc': 89.29, 'ndev': 872, 'ntest': 1821}","{'devacc': np.float64(87.44), 'acc': 93.4, 'ndev': 5452, 'ntest': 500}","{'devacc': np.float64(75.51), 'acc': 75.25, 'f1': 82.42, 'ndev': 4076, 'ntest': 1725}"
deberta-base,SUM-NS_SUM-1-8,"torch.Size([61, 768])",NORMAL,4,0,12,"{'devacc': np.float64(83.3), 'acc': np.float64(83.58), 'ndev': 10662, 'ntest': 10662}","{'devacc': np.float64(85.78), 'acc': np.float64(86.15), 'ndev': 3775, 'ntest': 3775}","{'devacc': np.float64(94.04), 'acc': np.float64(94.31), 'ndev': 10000, 'ntest': 10000}","{'devacc': np.float64(89.15), 'acc': np.float64(89.37), 'ndev': 10606, 'ntest': 10606}","{'devacc': np.float64(89.33), 'acc': 88.63, 'ndev': 872, 'ntest': 1821}","{'devacc': np.float64(86.68), 'acc': 93.4, 'ndev': 5452, 'ntest': 500}","{'devacc': np.float64(70.73), 'acc': 69.8, 'f1': 79.45, 'ndev': 4076, 'ntest': 1725}"
deberta-base,MAX-NS_SUM-1-8,"torch.Size([61, 768])",NORMAL,4,0,12,"{'devacc': np.float64(78.8), 'acc': np.float64(78.94), 'ndev': 10662, 'ntest': 10662}","{'devacc': np.float64(69.3), 'acc': np.float64(67.05), 'ndev': 3775, 'ntest': 3775}","{'devacc': np.float64(91.65), 'acc': np.float64(91.86), 'ndev': 10000, 'ntest': 10000}","{'devacc': np.float64(57.97), 'acc': np.float64(49.5), 'ndev': 10606, 'ntest': 10606}","{'devacc': np.float64(84.17), 'acc': 83.64, 'ndev': 872, 'ntest': 1821}","{'devacc': np.float64(87.12), 'acc': 92.8, 'ndev': 5452, 'ntest': 500}","{'devacc': np.float64(67.49), 'acc': 67.83, 'f1': 76.67, 'ndev': 4076, 'ntest': 1725}"
deberta-base,CLS_SUM-2-9,"torch.Size([61, 768])",NORMAL,4,0,12,"{'devacc': np.float64(81.89), 'acc': np.float64(82.1), 'ndev': 10662, 'ntest': 10662}","{'devacc': np.float64(83.87), 'acc': np.float64(84.19), 'ndev': 3775, 'ntest': 3775}","{'devacc': np.float64(92.63), 'acc': np.float64(92.74), 'ndev': 10000, 'ntest': 10000}","{'devacc': np.float64(86.73), 'acc': np.float64(86.92), 'ndev': 10606, 'ntest': 10606}","{'devacc': np.float64(85.55), 'acc': 85.61, 'ndev': 872, 'ntest': 1821}","{'devacc': np.float64(67.87), 'acc': 77.6, 'ndev': 5452, 'ntest': 500}","{'devacc': np.float64(69.09), 'acc': 66.67, 'f1': 79.22, 'ndev': 4076, 'ntest': 1725}"
deberta-base,AVG_SUM-2-9,"torch.Size([61, 768])",NORMAL,4,0,12,"{'devacc': np.float64(84.65), 'acc': np.float64(84.63), 'ndev': 10662, 'ntest': 10662}","{'devacc': np.float64(88.53), 'acc': np.float64(88.93), 'ndev': 3775, 'ntest': 3775}","{'devacc': np.float64(95.2), 'acc': np.float64(95.29), 'ndev': 10000, 'ntest': 10000}","{'devacc': np.float64(89.73), 'acc': np.float64(90.12), 'ndev': 10606, 'ntest': 10606}","{'devacc': np.float64(89.56), 'acc': 90.39, 'ndev': 872, 'ntest': 1821}","{'devacc': np.float64(88.21), 'acc': 94.4, 'ndev': 5452, 'ntest': 500}","{'devacc': np.float64(75.96), 'acc': 75.88, 'f1': 82.59, 'ndev': 4076, 'ntest': 1725}"
deberta-base,SUM_SUM-2-9,"torch.Size([61, 768])",NORMAL,4,0,12,"{'devacc': np.float64(84.47), 'acc': np.float64(84.6), 'ndev': 10662, 'ntest': 10662}","{'devacc': np.float64(87.17), 'acc': np.float64(87.58), 'ndev': 3775, 'ntest': 3775}","{'devacc': np.float64(94.43), 'acc': np.float64(94.66), 'ndev': 10000, 'ntest': 10000}","{'devacc': np.float64(89.26), 'acc': np.float64(89.54), 'ndev': 10606, 'ntest': 10606}","{'devacc': np.float64(89.91), 'acc': 89.35, 'ndev': 872, 'ntest': 1821}","{'devacc': np.float64(87.18), 'acc': 93.2, 'ndev': 5452, 'ntest': 500}","{'devacc': np.float64(70.85), 'acc': 71.42, 'f1': 79.97, 'ndev': 4076, 'ntest': 1725}"
deberta-base,MAX_SUM-2-9,"torch.Size([61, 768])",NORMAL,4,0,12,"{'devacc': np.float64(80.33), 'acc': np.float64(80.21), 'ndev': 10662, 'ntest': 10662}","{'devacc': np.float64(83.65), 'acc': np.float64(84.05), 'ndev': 3775, 'ntest': 3775}","{'devacc': np.float64(92.31), 'acc': np.float64(92.44), 'ndev': 10000, 'ntest': 10000}","{'devacc': np.float64(88.79), 'acc': np.float64(88.92), 'ndev': 10606, 'ntest': 10606}","{'devacc': np.float64(84.86), 'acc': 86.6, 'ndev': 872, 'ntest': 1821}","{'devacc': np.float64(87.93), 'acc': 95.0, 'ndev': 5452, 'ntest': 500}","{'devacc': np.float64(68.13), 'acc': 68.0, 'f1': 77.4, 'ndev': 4076, 'ntest': 1725}"
deberta-base,AVG-NS_SUM-2-9,"torch.Size([61, 768])",NORMAL,4,0,12,"{'devacc': np.float64(84.6), 'acc': np.float64(84.51), 'ndev': 10662, 'ntest': 10662}","{'devacc': np.float64(88.18), 'acc': np.float64(88.5), 'ndev': 3775, 'ntest': 3775}","{'devacc': np.float64(95.09), 'acc': np.float64(95.25), 'ndev': 10000, 'ntest': 10000}","{'devacc': np.float64(89.47), 'acc': np.float64(89.86), 'ndev': 10606, 'ntest': 10606}","{'devacc': np.float64(89.33), 'acc': 90.5, 'ndev': 872, 'ntest': 1821}","{'devacc': np.float64(87.86), 'acc': 94.2, 'ndev': 5452, 'ntest': 500}","{'devacc': np.float64(75.76), 'acc': 76.12, 'f1': 82.95, 'ndev': 4076, 'ntest': 1725}"
deberta-base,SUM-NS_SUM-2-9,"torch.Size([61, 768])",NORMAL,4,0,12,"{'devacc': np.float64(84.3), 'acc': np.float64(84.33), 'ndev': 10662, 'ntest': 10662}","{'devacc': np.float64(86.91), 'acc': np.float64(86.84), 'ndev': 3775, 'ntest': 3775}","{'devacc': np.float64(94.42), 'acc': np.float64(94.55), 'ndev': 10000, 'ntest': 10000}","{'devacc': np.float64(89.2), 'acc': np.float64(89.49), 'ndev': 10606, 'ntest': 10606}","{'devacc': np.float64(90.37), 'acc': 89.68, 'ndev': 872, 'ntest': 1821}","{'devacc': np.float64(87.6), 'acc': 94.0, 'ndev': 5452, 'ntest': 500}","{'devacc': np.float64(70.85), 'acc': 70.43, 'f1': 80.06, 'ndev': 4076, 'ntest': 1725}"
deberta-base,MAX-NS_SUM-2-9,"torch.Size([61, 768])",NORMAL,4,0,12,"{'devacc': np.float64(80.31), 'acc': np.float64(80.39), 'ndev': 10662, 'ntest': 10662}","{'devacc': np.float64(67.82), 'acc': np.float64(68.58), 'ndev': 3775, 'ntest': 3775}","{'devacc': np.float64(92.2), 'acc': np.float64(92.62), 'ndev': 10000, 'ntest': 10000}","{'devacc': np.float64(58.08), 'acc': np.float64(85.94), 'ndev': 10606, 'ntest': 10606}","{'devacc': np.float64(84.4), 'acc': 85.72, 'ndev': 872, 'ntest': 1821}","{'devacc': np.float64(88.0), 'acc': 94.0, 'ndev': 5452, 'ntest': 500}","{'devacc': np.float64(68.13), 'acc': 68.7, 'f1': 77.65, 'ndev': 4076, 'ntest': 1725}"
deberta-base,CLS_SUM-3-10,"torch.Size([61, 768])",NORMAL,4,0,12,"{'devacc': np.float64(82.58), 'acc': np.float64(82.29), 'ndev': 10662, 'ntest': 10662}","{'devacc': np.float64(85.32), 'acc': np.float64(85.59), 'ndev': 3775, 'ntest': 3775}","{'devacc': np.float64(92.84), 'acc': np.float64(93.12), 'ndev': 10000, 'ntest': 10000}","{'devacc': np.float64(86.72), 'acc': np.float64(86.92), 'ndev': 10606, 'ntest': 10606}","{'devacc': np.float64(86.93), 'acc': 86.99, 'ndev': 872, 'ntest': 1821}","{'devacc': np.float64(70.43), 'acc': 76.6, 'ndev': 5452, 'ntest': 500}","{'devacc': np.float64(69.41), 'acc': 69.51, 'f1': 79.91, 'ndev': 4076, 'ntest': 1725}"
deberta-base,AVG_SUM-3-10,"torch.Size([61, 768])",NORMAL,4,0,12,"{'devacc': np.float64(85.78), 'acc': np.float64(86.04), 'ndev': 10662, 'ntest': 10662}","{'devacc': np.float64(89.08), 'acc': np.float64(89.38), 'ndev': 3775, 'ntest': 3775}","{'devacc': np.float64(95.3), 'acc': np.float64(95.42), 'ndev': 10000, 'ntest': 10000}","{'devacc': np.float64(89.8), 'acc': np.float64(90.1), 'ndev': 10606, 'ntest': 10606}","{'devacc': np.float64(91.06), 'acc': 91.05, 'ndev': 872, 'ntest': 1821}","{'devacc': np.float64(88.3), 'acc': 94.6, 'ndev': 5452, 'ntest': 500}","{'devacc': np.float64(75.64), 'acc': 75.71, 'f1': 82.75, 'ndev': 4076, 'ntest': 1725}"
deberta-base,SUM_SUM-3-10,"torch.Size([61, 768])",NORMAL,4,0,12,"{'devacc': np.float64(85.28), 'acc': np.float64(85.38), 'ndev': 10662, 'ntest': 10662}","{'devacc': np.float64(87.95), 'acc': np.float64(88.42), 'ndev': 3775, 'ntest': 3775}","{'devacc': np.float64(94.63), 'acc': np.float64(94.57), 'ndev': 10000, 'ntest': 10000}","{'devacc': np.float64(89.21), 'acc': np.float64(89.5), 'ndev': 10606, 'ntest': 10606}","{'devacc': np.float64(90.94), 'acc': 90.39, 'ndev': 872, 'ntest': 1821}","{'devacc': np.float64(87.91), 'acc': 93.8, 'ndev': 5452, 'ntest': 500}","{'devacc': np.float64(70.8), 'acc': 70.78, 'f1': 79.95, 'ndev': 4076, 'ntest': 1725}"
deberta-base,MAX_SUM-3-10,"torch.Size([61, 768])",NORMAL,4,0,12,"{'devacc': np.float64(81.79), 'acc': np.float64(81.69), 'ndev': 10662, 'ntest': 10662}","{'devacc': np.float64(84.72), 'acc': np.float64(85.32), 'ndev': 3775, 'ntest': 3775}","{'devacc': np.float64(92.54), 'acc': np.float64(92.9), 'ndev': 10000, 'ntest': 10000}","{'devacc': np.float64(88.73), 'acc': np.float64(88.81), 'ndev': 10606, 'ntest': 10606}","{'devacc': np.float64(85.67), 'acc': 87.97, 'ndev': 872, 'ntest': 1821}","{'devacc': np.float64(88.44), 'acc': 95.8, 'ndev': 5452, 'ntest': 500}","{'devacc': np.float64(69.19), 'acc': 67.77, 'f1': 77.16, 'ndev': 4076, 'ntest': 1725}"
deberta-base,AVG-NS_SUM-3-10,"torch.Size([61, 768])",NORMAL,4,0,12,"{'devacc': np.float64(85.67), 'acc': np.float64(85.78), 'ndev': 10662, 'ntest': 10662}","{'devacc': np.float64(88.9), 'acc': np.float64(89.4), 'ndev': 3775, 'ntest': 3775}","{'devacc': np.float64(95.2), 'acc': np.float64(95.31), 'ndev': 10000, 'ntest': 10000}","{'devacc': np.float64(89.61), 'acc': np.float64(90.18), 'ndev': 10606, 'ntest': 10606}","{'devacc': np.float64(90.83), 'acc': 91.49, 'ndev': 872, 'ntest': 1821}","{'devacc': np.float64(88.26), 'acc': 94.4, 'ndev': 5452, 'ntest': 500}","{'devacc': np.float64(75.64), 'acc': 76.23, 'f1': 82.9, 'ndev': 4076, 'ntest': 1725}"
deberta-base,SUM-NS_SUM-3-10,"torch.Size([61, 768])",NORMAL,4,0,12,"{'devacc': np.float64(85.34), 'acc': np.float64(85.46), 'ndev': 10662, 'ntest': 10662}","{'devacc': np.float64(87.89), 'acc': np.float64(88.32), 'ndev': 3775, 'ntest': 3775}","{'devacc': np.float64(94.52), 'acc': np.float64(94.4), 'ndev': 10000, 'ntest': 10000}","{'devacc': np.float64(89.17), 'acc': np.float64(89.5), 'ndev': 10606, 'ntest': 10606}","{'devacc': np.float64(90.83), 'acc': 90.55, 'ndev': 872, 'ntest': 1821}","{'devacc': np.float64(87.75), 'acc': 93.8, 'ndev': 5452, 'ntest': 500}","{'devacc': np.float64(70.78), 'acc': 70.9, 'f1': 80.57, 'ndev': 4076, 'ntest': 1725}"
deberta-base,MAX-NS_SUM-3-10,"torch.Size([61, 768])",NORMAL,4,0,12,"{'devacc': np.float64(81.79), 'acc': np.float64(81.81), 'ndev': 10662, 'ntest': 10662}","{'devacc': np.float64(66.96), 'acc': np.float64(67.31), 'ndev': 3775, 'ntest': 3775}","{'devacc': np.float64(92.39), 'acc': np.float64(92.93), 'ndev': 10000, 'ntest': 10000}","{'devacc': np.float64(78.52), 'acc': np.float64(86.27), 'ndev': 10606, 'ntest': 10606}","{'devacc': np.float64(86.01), 'acc': 87.86, 'ndev': 872, 'ntest': 1821}","{'devacc': np.float64(88.48), 'acc': 95.6, 'ndev': 5452, 'ntest': 500}","{'devacc': np.float64(68.74), 'acc': 68.52, 'f1': 77.52, 'ndev': 4076, 'ntest': 1725}"
deberta-base,CLS_SUM-4-11,"torch.Size([61, 768])",NORMAL,4,0,12,"{'devacc': np.float64(84.17), 'acc': np.float64(84.06), 'ndev': 10662, 'ntest': 10662}","{'devacc': np.float64(88.07), 'acc': np.float64(88.34), 'ndev': 3775, 'ntest': 3775}","{'devacc': np.float64(94.4), 'acc': np.float64(94.27), 'ndev': 10000, 'ntest': 10000}","{'devacc': np.float64(85.4), 'acc': np.float64(85.0), 'ndev': 10606, 'ntest': 10606}","{'devacc': np.float64(86.7), 'acc': 87.64, 'ndev': 872, 'ntest': 1821}","{'devacc': np.float64(57.76), 'acc': 62.2, 'ndev': 5452, 'ntest': 500}","{'devacc': np.float64(71.17), 'acc': 70.96, 'f1': 80.51, 'ndev': 4076, 'ntest': 1725}"
deberta-base,AVG_SUM-4-11,"torch.Size([61, 768])",NORMAL,4,0,12,"{'devacc': np.float64(86.25), 'acc': np.float64(86.51), 'ndev': 10662, 'ntest': 10662}","{'devacc': np.float64(89.38), 'acc': np.float64(89.78), 'ndev': 3775, 'ntest': 3775}","{'devacc': np.float64(95.45), 'acc': np.float64(95.33), 'ndev': 10000, 'ntest': 10000}","{'devacc': np.float64(89.9), 'acc': np.float64(90.18), 'ndev': 10606, 'ntest': 10606}","{'devacc': np.float64(90.94), 'acc': 91.49, 'ndev': 872, 'ntest': 1821}","{'devacc': np.float64(88.57), 'acc': 95.6, 'ndev': 5452, 'ntest': 500}","{'devacc': np.float64(75.54), 'acc': 76.75, 'f1': 83.34, 'ndev': 4076, 'ntest': 1725}"
deberta-base,SUM_SUM-4-11,"torch.Size([61, 768])",NORMAL,4,0,12,"{'devacc': np.float64(85.8), 'acc': np.float64(85.96), 'ndev': 10662, 'ntest': 10662}","{'devacc': np.float64(88.38), 'acc': np.float64(88.77), 'ndev': 3775, 'ntest': 3775}","{'devacc': np.float64(94.7), 'acc': np.float64(94.71), 'ndev': 10000, 'ntest': 10000}","{'devacc': np.float64(89.27), 'acc': np.float64(89.43), 'ndev': 10606, 'ntest': 10606}","{'devacc': np.float64(91.06), 'acc': 90.28, 'ndev': 872, 'ntest': 1821}","{'devacc': np.float64(88.13), 'acc': 95.2, 'ndev': 5452, 'ntest': 500}","{'devacc': np.float64(71.03), 'acc': 71.13, 'f1': 80.38, 'ndev': 4076, 'ntest': 1725}"
deberta-base,MAX_SUM-4-11,"torch.Size([61, 768])",NORMAL,4,0,12,"{'devacc': np.float64(82.57), 'acc': np.float64(82.81), 'ndev': 10662, 'ntest': 10662}","{'devacc': np.float64(85.8), 'acc': np.float64(85.86), 'ndev': 3775, 'ntest': 3775}","{'devacc': np.float64(92.82), 'acc': np.float64(93.03), 'ndev': 10000, 'ntest': 10000}","{'devacc': np.float64(88.73), 'acc': np.float64(89.15), 'ndev': 10606, 'ntest': 10606}","{'devacc': np.float64(86.7), 'acc': 88.69, 'ndev': 872, 'ntest': 1821}","{'devacc': np.float64(88.63), 'acc': 95.2, 'ndev': 5452, 'ntest': 500}","{'devacc': np.float64(69.28), 'acc': 68.7, 'f1': 78.05, 'ndev': 4076, 'ntest': 1725}"
deberta-base,AVG-NS_SUM-4-11,"torch.Size([61, 768])",NORMAL,4,0,12,"{'devacc': np.float64(86.18), 'acc': np.float64(86.42), 'ndev': 10662, 'ntest': 10662}","{'devacc': np.float64(89.18), 'acc': np.float64(89.46), 'ndev': 3775, 'ntest': 3775}","{'devacc': np.float64(95.36), 'acc': np.float64(95.38), 'ndev': 10000, 'ntest': 10000}","{'devacc': np.float64(89.72), 'acc': np.float64(90.14), 'ndev': 10606, 'ntest': 10606}","{'devacc': np.float64(90.83), 'acc': 91.32, 'ndev': 872, 'ntest': 1821}","{'devacc': np.float64(88.54), 'acc': 95.2, 'ndev': 5452, 'ntest': 500}","{'devacc': np.float64(76.0), 'acc': 75.59, 'f1': 82.44, 'ndev': 4076, 'ntest': 1725}"
deberta-base,SUM-NS_SUM-4-11,"torch.Size([61, 768])",NORMAL,4,0,12,"{'devacc': np.float64(85.75), 'acc': np.float64(85.95), 'ndev': 10662, 'ntest': 10662}","{'devacc': np.float64(88.24), 'acc': np.float64(88.8), 'ndev': 3775, 'ntest': 3775}","{'devacc': np.float64(94.7), 'acc': np.float64(94.78), 'ndev': 10000, 'ntest': 10000}","{'devacc': np.float64(89.21), 'acc': np.float64(89.44), 'ndev': 10606, 'ntest': 10606}","{'devacc': np.float64(90.94), 'acc': 90.5, 'ndev': 872, 'ntest': 1821}","{'devacc': np.float64(88.32), 'acc': 94.8, 'ndev': 5452, 'ntest': 500}","{'devacc': np.float64(70.88), 'acc': 71.13, 'f1': 80.71, 'ndev': 4076, 'ntest': 1725}"
deberta-base,MAX-NS_SUM-4-11,"torch.Size([61, 768])",NORMAL,4,0,12,"{'devacc': np.float64(82.58), 'acc': np.float64(82.93), 'ndev': 10662, 'ntest': 10662}","{'devacc': np.float64(67.4), 'acc': np.float64(67.26), 'ndev': 3775, 'ntest': 3775}","{'devacc': np.float64(92.73), 'acc': np.float64(93.29), 'ndev': 10000, 'ntest': 10000}","{'devacc': np.float64(82.57), 'acc': np.float64(85.7), 'ndev': 10606, 'ntest': 10606}","{'devacc': np.float64(86.35), 'acc': 89.02, 'ndev': 872, 'ntest': 1821}","{'devacc': np.float64(88.61), 'acc': 94.4, 'ndev': 5452, 'ntest': 500}","{'devacc': np.float64(69.11), 'acc': 68.46, 'f1': 77.83, 'ndev': 4076, 'ntest': 1725}"
deberta-base,CLS_SUM-5-12,"torch.Size([61, 768])",NORMAL,4,0,12,"{'devacc': np.float64(84.56), 'acc': np.float64(84.33), 'ndev': 10662, 'ntest': 10662}","{'devacc': np.float64(88.02), 'acc': np.float64(87.63), 'ndev': 3775, 'ntest': 3775}","{'devacc': np.float64(94.2), 'acc': np.float64(93.92), 'ndev': 10000, 'ntest': 10000}","{'devacc': np.float64(87.35), 'acc': np.float64(87.07), 'ndev': 10606, 'ntest': 10606}","{'devacc': np.float64(85.78), 'acc': 85.83, 'ndev': 872, 'ntest': 1821}","{'devacc': np.float64(62.58), 'acc': 69.4, 'ndev': 5452, 'ntest': 500}","{'devacc': np.float64(70.51), 'acc': 69.39, 'f1': 79.16, 'ndev': 4076, 'ntest': 1725}"
deberta-base,AVG_SUM-5-12,"torch.Size([61, 768])",NORMAL,4,0,12,"{'devacc': np.float64(86.47), 'acc': np.float64(86.64), 'ndev': 10662, 'ntest': 10662}","{'devacc': np.float64(89.57), 'acc': np.float64(89.83), 'ndev': 3775, 'ntest': 3775}","{'devacc': np.float64(95.78), 'acc': np.float64(95.69), 'ndev': 10000, 'ntest': 10000}","{'devacc': np.float64(89.93), 'acc': np.float64(90.36), 'ndev': 10606, 'ntest': 10606}","{'devacc': np.float64(92.09), 'acc': 91.82, 'ndev': 872, 'ntest': 1821}","{'devacc': np.float64(88.52), 'acc': 96.0, 'ndev': 5452, 'ntest': 500}","{'devacc': np.float64(75.02), 'acc': 74.2, 'f1': 81.72, 'ndev': 4076, 'ntest': 1725}"
deberta-base,SUM_SUM-5-12,"torch.Size([61, 768])",NORMAL,4,0,12,"{'devacc': np.float64(86.08), 'acc': np.float64(86.06), 'ndev': 10662, 'ntest': 10662}","{'devacc': np.float64(88.55), 'acc': np.float64(88.8), 'ndev': 3775, 'ntest': 3775}","{'devacc': np.float64(95.16), 'acc': np.float64(95.04), 'ndev': 10000, 'ntest': 10000}","{'devacc': np.float64(89.42), 'acc': np.float64(89.76), 'ndev': 10606, 'ntest': 10606}","{'devacc': np.float64(91.63), 'acc': 90.83, 'ndev': 872, 'ntest': 1821}","{'devacc': np.float64(88.3), 'acc': 95.4, 'ndev': 5452, 'ntest': 500}","{'devacc': np.float64(70.98), 'acc': 70.09, 'f1': 80.18, 'ndev': 4076, 'ntest': 1725}"
deberta-base,MAX_SUM-5-12,"torch.Size([61, 768])",NORMAL,4,0,12,"{'devacc': np.float64(83.02), 'acc': np.float64(83.29), 'ndev': 10662, 'ntest': 10662}","{'devacc': np.float64(86.56), 'acc': np.float64(86.76), 'ndev': 3775, 'ntest': 3775}","{'devacc': np.float64(93.18), 'acc': np.float64(93.18), 'ndev': 10000, 'ntest': 10000}","{'devacc': np.float64(88.71), 'acc': np.float64(88.71), 'ndev': 10606, 'ntest': 10606}","{'devacc': np.float64(86.47), 'acc': 89.02, 'ndev': 872, 'ntest': 1821}","{'devacc': np.float64(88.17), 'acc': 94.6, 'ndev': 5452, 'ntest': 500}","{'devacc': np.float64(69.26), 'acc': 68.06, 'f1': 77.48, 'ndev': 4076, 'ntest': 1725}"
deberta-base,AVG-NS_SUM-5-12,"torch.Size([61, 768])",NORMAL,4,0,12,"{'devacc': np.float64(86.48), 'acc': np.float64(86.43), 'ndev': 10662, 'ntest': 10662}","{'devacc': np.float64(89.19), 'acc': np.float64(89.48), 'ndev': 3775, 'ntest': 3775}","{'devacc': np.float64(95.66), 'acc': np.float64(95.58), 'ndev': 10000, 'ntest': 10000}","{'devacc': np.float64(89.84), 'acc': np.float64(90.47), 'ndev': 10606, 'ntest': 10606}","{'devacc': np.float64(91.74), 'acc': 91.32, 'ndev': 872, 'ntest': 1821}","{'devacc': np.float64(88.65), 'acc': 95.4, 'ndev': 5452, 'ntest': 500}","{'devacc': np.float64(75.32), 'acc': 74.43, 'f1': 81.87, 'ndev': 4076, 'ntest': 1725}"
deberta-base,SUM-NS_SUM-5-12,"torch.Size([61, 768])",NORMAL,4,0,12,"{'devacc': np.float64(86.05), 'acc': np.float64(86.02), 'ndev': 10662, 'ntest': 10662}","{'devacc': np.float64(88.56), 'acc': np.float64(89.19), 'ndev': 3775, 'ntest': 3775}","{'devacc': np.float64(95.08), 'acc': np.float64(94.94), 'ndev': 10000, 'ntest': 10000}","{'devacc': np.float64(89.34), 'acc': np.float64(89.81), 'ndev': 10606, 'ntest': 10606}","{'devacc': np.float64(91.63), 'acc': 91.1, 'ndev': 872, 'ntest': 1821}","{'devacc': np.float64(88.28), 'acc': 95.6, 'ndev': 5452, 'ntest': 500}","{'devacc': np.float64(70.36), 'acc': 70.55, 'f1': 80.52, 'ndev': 4076, 'ntest': 1725}"
deberta-base,MAX-NS_SUM-5-12,"torch.Size([61, 768])",NORMAL,4,0,12,"{'devacc': np.float64(82.98), 'acc': np.float64(83.07), 'ndev': 10662, 'ntest': 10662}","{'devacc': np.float64(66.83), 'acc': np.float64(67.28), 'ndev': 3775, 'ntest': 3775}","{'devacc': np.float64(93.06), 'acc': np.float64(93.58), 'ndev': 10000, 'ntest': 10000}","{'devacc': np.float64(81.9), 'acc': np.float64(87.44), 'ndev': 10606, 'ntest': 10606}","{'devacc': np.float64(86.7), 'acc': 89.07, 'ndev': 872, 'ntest': 1821}","{'devacc': np.float64(88.35), 'acc': 93.8, 'ndev': 5452, 'ntest': 500}","{'devacc': np.float64(69.45), 'acc': 68.06, 'f1': 78.2, 'ndev': 4076, 'ntest': 1725}"
deberta-base,CLS_SUM-1-9,"torch.Size([61, 768])",NORMAL,4,0,12,"{'devacc': np.float64(78.91), 'acc': np.float64(78.94), 'ndev': 10662, 'ntest': 10662}","{'devacc': np.float64(81.81), 'acc': np.float64(81.43), 'ndev': 3775, 'ntest': 3775}","{'devacc': np.float64(91.67), 'acc': np.float64(91.52), 'ndev': 10000, 'ntest': 10000}","{'devacc': np.float64(85.6), 'acc': np.float64(85.61), 'ndev': 10606, 'ntest': 10606}","{'devacc': np.float64(80.28), 'acc': 82.21, 'ndev': 872, 'ntest': 1821}","{'devacc': np.float64(61.3), 'acc': 66.8, 'ndev': 5452, 'ntest': 500}","{'devacc': np.float64(67.79), 'acc': 66.72, 'f1': 79.19, 'ndev': 4076, 'ntest': 1725}"
deberta-base,AVG_SUM-1-9,"torch.Size([61, 768])",NORMAL,4,0,12,"{'devacc': np.float64(84.49), 'acc': np.float64(84.42), 'ndev': 10662, 'ntest': 10662}","{'devacc': np.float64(88.05), 'acc': np.float64(88.85), 'ndev': 3775, 'ntest': 3775}","{'devacc': np.float64(95.06), 'acc': np.float64(95.22), 'ndev': 10000, 'ntest': 10000}","{'devacc': np.float64(89.69), 'acc': np.float64(90.11), 'ndev': 10606, 'ntest': 10606}","{'devacc': np.float64(88.99), 'acc': 90.23, 'ndev': 872, 'ntest': 1821}","{'devacc': np.float64(87.66), 'acc': 95.4, 'ndev': 5452, 'ntest': 500}","{'devacc': np.float64(74.97), 'acc': 75.65, 'f1': 82.56, 'ndev': 4076, 'ntest': 1725}"
deberta-base,SUM_SUM-1-9,"torch.Size([61, 768])",NORMAL,4,0,12,"{'devacc': np.float64(84.22), 'acc': np.float64(84.63), 'ndev': 10662, 'ntest': 10662}","{'devacc': np.float64(86.84), 'acc': np.float64(87.52), 'ndev': 3775, 'ntest': 3775}","{'devacc': np.float64(94.35), 'acc': np.float64(94.49), 'ndev': 10000, 'ntest': 10000}","{'devacc': np.float64(89.24), 'acc': np.float64(89.58), 'ndev': 10606, 'ntest': 10606}","{'devacc': np.float64(89.56), 'acc': 88.85, 'ndev': 872, 'ntest': 1821}","{'devacc': np.float64(86.94), 'acc': 94.4, 'ndev': 5452, 'ntest': 500}","{'devacc': np.float64(70.44), 'acc': 71.13, 'f1': 80.32, 'ndev': 4076, 'ntest': 1725}"
deberta-base,MAX_SUM-1-9,"torch.Size([61, 768])",NORMAL,4,0,12,"{'devacc': np.float64(79.82), 'acc': np.float64(80.0), 'ndev': 10662, 'ntest': 10662}","{'devacc': np.float64(82.72), 'acc': np.float64(83.47), 'ndev': 3775, 'ntest': 3775}","{'devacc': np.float64(92.02), 'acc': np.float64(92.3), 'ndev': 10000, 'ntest': 10000}","{'devacc': np.float64(88.46), 'acc': np.float64(88.62), 'ndev': 10606, 'ntest': 10606}","{'devacc': np.float64(85.21), 'acc': 86.05, 'ndev': 872, 'ntest': 1821}","{'devacc': np.float64(87.33), 'acc': 93.0, 'ndev': 5452, 'ntest': 500}","{'devacc': np.float64(67.66), 'acc': 68.0, 'f1': 77.1, 'ndev': 4076, 'ntest': 1725}"
deberta-base,AVG-NS_SUM-1-9,"torch.Size([61, 768])",NORMAL,4,0,12,"{'devacc': np.float64(84.47), 'acc': np.float64(84.37), 'ndev': 10662, 'ntest': 10662}","{'devacc': np.float64(87.71), 'acc': np.float64(88.24), 'ndev': 3775, 'ntest': 3775}","{'devacc': np.float64(94.96), 'acc': np.float64(95.06), 'ndev': 10000, 'ntest': 10000}","{'devacc': np.float64(89.47), 'acc': np.float64(89.84), 'ndev': 10606, 'ntest': 10606}","{'devacc': np.float64(89.45), 'acc': 90.39, 'ndev': 872, 'ntest': 1821}","{'devacc': np.float64(87.82), 'acc': 94.0, 'ndev': 5452, 'ntest': 500}","{'devacc': np.float64(75.59), 'acc': 75.54, 'f1': 82.5, 'ndev': 4076, 'ntest': 1725}"
deberta-base,SUM-NS_SUM-1-9,"torch.Size([61, 768])",NORMAL,4,0,12,"{'devacc': np.float64(84.16), 'acc': np.float64(84.26), 'ndev': 10662, 'ntest': 10662}","{'devacc': np.float64(86.58), 'acc': np.float64(87.1), 'ndev': 3775, 'ntest': 3775}","{'devacc': np.float64(94.38), 'acc': np.float64(94.47), 'ndev': 10000, 'ntest': 10000}","{'devacc': np.float64(89.2), 'acc': np.float64(89.5), 'ndev': 10606, 'ntest': 10606}","{'devacc': np.float64(90.02), 'acc': 88.69, 'ndev': 872, 'ntest': 1821}","{'devacc': np.float64(87.14), 'acc': 94.4, 'ndev': 5452, 'ntest': 500}","{'devacc': np.float64(71.15), 'acc': 70.49, 'f1': 80.23, 'ndev': 4076, 'ntest': 1725}"
deberta-base,MAX-NS_SUM-1-9,"torch.Size([61, 768])",NORMAL,4,0,12,"{'devacc': np.float64(79.79), 'acc': np.float64(79.99), 'ndev': 10662, 'ntest': 10662}","{'devacc': np.float64(67.78), 'acc': np.float64(67.87), 'ndev': 3775, 'ntest': 3775}","{'devacc': np.float64(91.83), 'acc': np.float64(92.27), 'ndev': 10000, 'ntest': 10000}","{'devacc': np.float64(80.53), 'acc': np.float64(87.86), 'ndev': 10606, 'ntest': 10606}","{'devacc': np.float64(84.98), 'acc': 85.12, 'ndev': 872, 'ntest': 1821}","{'devacc': np.float64(87.66), 'acc': 93.2, 'ndev': 5452, 'ntest': 500}","{'devacc': np.float64(67.27), 'acc': 68.29, 'f1': 77.48, 'ndev': 4076, 'ntest': 1725}"
deberta-base,CLS_SUM-2-10,"torch.Size([61, 768])",NORMAL,4,0,12,"{'devacc': np.float64(82.4), 'acc': np.float64(82.41), 'ndev': 10662, 'ntest': 10662}","{'devacc': np.float64(85.19), 'acc': np.float64(85.22), 'ndev': 3775, 'ntest': 3775}","{'devacc': np.float64(93.02), 'acc': np.float64(93.06), 'ndev': 10000, 'ntest': 10000}","{'devacc': np.float64(86.93), 'acc': np.float64(86.92), 'ndev': 10606, 'ntest': 10606}","{'devacc': np.float64(86.47), 'acc': 86.05, 'ndev': 872, 'ntest': 1821}","{'devacc': np.float64(68.64), 'acc': 77.4, 'ndev': 5452, 'ntest': 500}","{'devacc': np.float64(69.38), 'acc': 67.71, 'f1': 79.12, 'ndev': 4076, 'ntest': 1725}"
deberta-base,AVG_SUM-2-10,"torch.Size([61, 768])",NORMAL,4,0,12,"{'devacc': np.float64(85.51), 'acc': np.float64(85.46), 'ndev': 10662, 'ntest': 10662}","{'devacc': np.float64(88.92), 'acc': np.float64(89.22), 'ndev': 3775, 'ntest': 3775}","{'devacc': np.float64(95.21), 'acc': np.float64(95.32), 'ndev': 10000, 'ntest': 10000}","{'devacc': np.float64(89.77), 'acc': np.float64(90.1), 'ndev': 10606, 'ntest': 10606}","{'devacc': np.float64(90.83), 'acc': 91.21, 'ndev': 872, 'ntest': 1821}","{'devacc': np.float64(88.26), 'acc': 95.0, 'ndev': 5452, 'ntest': 500}","{'devacc': np.float64(75.27), 'acc': 75.88, 'f1': 82.59, 'ndev': 4076, 'ntest': 1725}"
deberta-base,SUM_SUM-2-10,"torch.Size([61, 768])",NORMAL,4,0,12,"{'devacc': np.float64(85.17), 'acc': np.float64(85.36), 'ndev': 10662, 'ntest': 10662}","{'devacc': np.float64(87.89), 'acc': np.float64(88.24), 'ndev': 3775, 'ntest': 3775}","{'devacc': np.float64(94.51), 'acc': np.float64(94.55), 'ndev': 10000, 'ntest': 10000}","{'devacc': np.float64(89.24), 'acc': np.float64(89.71), 'ndev': 10606, 'ntest': 10606}","{'devacc': np.float64(90.94), 'acc': 90.72, 'ndev': 872, 'ntest': 1821}","{'devacc': np.float64(87.71), 'acc': 93.4, 'ndev': 5452, 'ntest': 500}","{'devacc': np.float64(71.15), 'acc': 70.49, 'f1': 79.66, 'ndev': 4076, 'ntest': 1725}"
deberta-base,MAX_SUM-2-10,"torch.Size([61, 768])",NORMAL,4,0,12,"{'devacc': np.float64(81.39), 'acc': np.float64(81.46), 'ndev': 10662, 'ntest': 10662}","{'devacc': np.float64(84.69), 'acc': np.float64(85.22), 'ndev': 3775, 'ntest': 3775}","{'devacc': np.float64(92.35), 'acc': np.float64(92.48), 'ndev': 10000, 'ntest': 10000}","{'devacc': np.float64(88.73), 'acc': np.float64(88.84), 'ndev': 10606, 'ntest': 10606}","{'devacc': np.float64(86.35), 'acc': 87.04, 'ndev': 872, 'ntest': 1821}","{'devacc': np.float64(88.1), 'acc': 96.0, 'ndev': 5452, 'ntest': 500}","{'devacc': np.float64(68.25), 'acc': 68.0, 'f1': 77.08, 'ndev': 4076, 'ntest': 1725}"
deberta-base,AVG-NS_SUM-2-10,"torch.Size([61, 768])",NORMAL,4,0,12,"{'devacc': np.float64(85.52), 'acc': np.float64(85.59), 'ndev': 10662, 'ntest': 10662}","{'devacc': np.float64(88.63), 'acc': np.float64(88.9), 'ndev': 3775, 'ntest': 3775}","{'devacc': np.float64(95.09), 'acc': np.float64(95.09), 'ndev': 10000, 'ntest': 10000}","{'devacc': np.float64(89.52), 'acc': np.float64(89.98), 'ndev': 10606, 'ntest': 10606}","{'devacc': np.float64(90.48), 'acc': 91.6, 'ndev': 872, 'ntest': 1821}","{'devacc': np.float64(88.52), 'acc': 94.8, 'ndev': 5452, 'ntest': 500}","{'devacc': np.float64(75.49), 'acc': 76.0, 'f1': 82.74, 'ndev': 4076, 'ntest': 1725}"
deberta-base,SUM-NS_SUM-2-10,"torch.Size([61, 768])",NORMAL,4,0,12,"{'devacc': np.float64(85.19), 'acc': np.float64(85.19), 'ndev': 10662, 'ntest': 10662}","{'devacc': np.float64(87.75), 'acc': np.float64(88.08), 'ndev': 3775, 'ntest': 3775}","{'devacc': np.float64(94.55), 'acc': np.float64(94.73), 'ndev': 10000, 'ntest': 10000}","{'devacc': np.float64(89.18), 'acc': np.float64(89.52), 'ndev': 10606, 'ntest': 10606}","{'devacc': np.float64(90.83), 'acc': 90.77, 'ndev': 872, 'ntest': 1821}","{'devacc': np.float64(87.89), 'acc': 94.0, 'ndev': 5452, 'ntest': 500}","{'devacc': np.float64(70.73), 'acc': 70.55, 'f1': 80.39, 'ndev': 4076, 'ntest': 1725}"
deberta-base,MAX-NS_SUM-2-10,"torch.Size([61, 768])",NORMAL,4,0,12,"{'devacc': np.float64(81.33), 'acc': np.float64(81.42), 'ndev': 10662, 'ntest': 10662}","{'devacc': np.float64(71.09), 'acc': np.float64(69.4), 'ndev': 3775, 'ntest': 3775}","{'devacc': np.float64(92.19), 'acc': np.float64(92.48), 'ndev': 10000, 'ntest': 10000}","{'devacc': np.float64(83.89), 'acc': np.float64(89.15), 'ndev': 10606, 'ntest': 10606}","{'devacc': np.float64(85.44), 'acc': 87.31, 'ndev': 872, 'ntest': 1821}","{'devacc': np.float64(88.33), 'acc': 96.0, 'ndev': 5452, 'ntest': 500}","{'devacc': np.float64(68.35), 'acc': 67.94, 'f1': 77.14, 'ndev': 4076, 'ntest': 1725}"
deberta-base,CLS_SUM-3-11,"torch.Size([61, 768])",NORMAL,4,0,12,"{'devacc': np.float64(84.11), 'acc': np.float64(83.99), 'ndev': 10662, 'ntest': 10662}","{'devacc': np.float64(88.02), 'acc': np.float64(87.68), 'ndev': 3775, 'ntest': 3775}","{'devacc': np.float64(93.88), 'acc': np.float64(93.68), 'ndev': 10000, 'ntest': 10000}","{'devacc': np.float64(85.77), 'acc': np.float64(85.23), 'ndev': 10606, 'ntest': 10606}","{'devacc': np.float64(85.55), 'acc': 87.37, 'ndev': 872, 'ntest': 1821}","{'devacc': np.float64(60.69), 'acc': 67.4, 'ndev': 5452, 'ntest': 500}","{'devacc': np.float64(70.26), 'acc': 69.16, 'f1': 79.54, 'ndev': 4076, 'ntest': 1725}"
deberta-base,AVG_SUM-3-11,"torch.Size([61, 768])",NORMAL,4,0,12,"{'devacc': np.float64(86.17), 'acc': np.float64(86.41), 'ndev': 10662, 'ntest': 10662}","{'devacc': np.float64(89.06), 'acc': np.float64(89.96), 'ndev': 3775, 'ntest': 3775}","{'devacc': np.float64(95.29), 'acc': np.float64(95.22), 'ndev': 10000, 'ntest': 10000}","{'devacc': np.float64(89.89), 'acc': np.float64(90.09), 'ndev': 10606, 'ntest': 10606}","{'devacc': np.float64(91.06), 'acc': 91.54, 'ndev': 872, 'ntest': 1821}","{'devacc': np.float64(88.32), 'acc': 94.8, 'ndev': 5452, 'ntest': 500}","{'devacc': np.float64(75.64), 'acc': 76.17, 'f1': 83.05, 'ndev': 4076, 'ntest': 1725}"
deberta-base,SUM_SUM-3-11,"torch.Size([61, 768])",NORMAL,4,0,12,"{'devacc': np.float64(85.64), 'acc': np.float64(85.86), 'ndev': 10662, 'ntest': 10662}","{'devacc': np.float64(88.22), 'acc': np.float64(88.61), 'ndev': 3775, 'ntest': 3775}","{'devacc': np.float64(94.63), 'acc': np.float64(94.86), 'ndev': 10000, 'ntest': 10000}","{'devacc': np.float64(89.32), 'acc': np.float64(89.39), 'ndev': 10606, 'ntest': 10606}","{'devacc': np.float64(90.71), 'acc': 90.17, 'ndev': 872, 'ntest': 1821}","{'devacc': np.float64(87.73), 'acc': 94.8, 'ndev': 5452, 'ntest': 500}","{'devacc': np.float64(71.29), 'acc': 72.0, 'f1': 80.99, 'ndev': 4076, 'ntest': 1725}"
deberta-base,MAX_SUM-3-11,"torch.Size([61, 768])",NORMAL,4,0,12,"{'devacc': np.float64(82.34), 'acc': np.float64(82.42), 'ndev': 10662, 'ntest': 10662}","{'devacc': np.float64(85.13), 'acc': np.float64(85.11), 'ndev': 3775, 'ntest': 3775}","{'devacc': np.float64(92.68), 'acc': np.float64(92.93), 'ndev': 10000, 'ntest': 10000}","{'devacc': np.float64(88.79), 'acc': np.float64(89.0), 'ndev': 10606, 'ntest': 10606}","{'devacc': np.float64(86.7), 'acc': 88.03, 'ndev': 872, 'ntest': 1821}","{'devacc': np.float64(88.55), 'acc': 95.6, 'ndev': 5452, 'ntest': 500}","{'devacc': np.float64(68.74), 'acc': 68.52, 'f1': 77.77, 'ndev': 4076, 'ntest': 1725}"
deberta-base,AVG-NS_SUM-3-11,"torch.Size([61, 768])",NORMAL,4,0,12,"{'devacc': np.float64(86.12), 'acc': np.float64(86.25), 'ndev': 10662, 'ntest': 10662}","{'devacc': np.float64(88.94), 'acc': np.float64(89.19), 'ndev': 3775, 'ntest': 3775}","{'devacc': np.float64(95.16), 'acc': np.float64(95.2), 'ndev': 10000, 'ntest': 10000}","{'devacc': np.float64(89.61), 'acc': np.float64(90.32), 'ndev': 10606, 'ntest': 10606}","{'devacc': np.float64(90.83), 'acc': 91.21, 'ndev': 872, 'ntest': 1821}","{'devacc': np.float64(88.26), 'acc': 94.8, 'ndev': 5452, 'ntest': 500}","{'devacc': np.float64(75.69), 'acc': 76.0, 'f1': 82.81, 'ndev': 4076, 'ntest': 1725}"
deberta-base,SUM-NS_SUM-3-11,"torch.Size([61, 768])",NORMAL,4,0,12,"{'devacc': np.float64(85.71), 'acc': np.float64(85.61), 'ndev': 10662, 'ntest': 10662}","{'devacc': np.float64(88.01), 'acc': np.float64(88.58), 'ndev': 3775, 'ntest': 3775}","{'devacc': np.float64(94.63), 'acc': np.float64(94.58), 'ndev': 10000, 'ntest': 10000}","{'devacc': np.float64(89.25), 'acc': np.float64(89.38), 'ndev': 10606, 'ntest': 10606}","{'devacc': np.float64(90.94), 'acc': 90.55, 'ndev': 872, 'ntest': 1821}","{'devacc': np.float64(87.84), 'acc': 95.0, 'ndev': 5452, 'ntest': 500}","{'devacc': np.float64(71.07), 'acc': 70.72, 'f1': 80.46, 'ndev': 4076, 'ntest': 1725}"
deberta-base,MAX-NS_SUM-3-11,"torch.Size([61, 768])",NORMAL,4,0,12,"{'devacc': np.float64(82.23), 'acc': np.float64(82.51), 'ndev': 10662, 'ntest': 10662}","{'devacc': np.float64(66.84), 'acc': np.float64(65.75), 'ndev': 3775, 'ntest': 3775}","{'devacc': np.float64(92.56), 'acc': np.float64(92.75), 'ndev': 10000, 'ntest': 10000}","{'devacc': np.float64(83.67), 'acc': np.float64(89.99), 'ndev': 10606, 'ntest': 10606}","{'devacc': np.float64(86.01), 'acc': 88.19, 'ndev': 872, 'ntest': 1821}","{'devacc': np.float64(88.54), 'acc': 95.0, 'ndev': 5452, 'ntest': 500}","{'devacc': np.float64(68.35), 'acc': 67.94, 'f1': 77.47, 'ndev': 4076, 'ntest': 1725}"
deberta-base,CLS_SUM-4-12,"torch.Size([61, 768])",NORMAL,4,0,12,"{'devacc': np.float64(84.52), 'acc': np.float64(84.27), 'ndev': 10662, 'ntest': 10662}","{'devacc': np.float64(87.97), 'acc': np.float64(87.66), 'ndev': 3775, 'ntest': 3775}","{'devacc': np.float64(94.14), 'acc': np.float64(93.8), 'ndev': 10000, 'ntest': 10000}","{'devacc': np.float64(87.34), 'acc': np.float64(87.3), 'ndev': 10606, 'ntest': 10606}","{'devacc': np.float64(87.39), 'acc': 88.58, 'ndev': 872, 'ntest': 1821}","{'devacc': np.float64(62.51), 'acc': 67.6, 'ndev': 5452, 'ntest': 500}","{'devacc': np.float64(70.85), 'acc': 70.67, 'f1': 80.48, 'ndev': 4076, 'ntest': 1725}"
deberta-base,AVG_SUM-4-12,"torch.Size([61, 768])",NORMAL,4,0,12,"{'devacc': np.float64(86.4), 'acc': np.float64(86.33), 'ndev': 10662, 'ntest': 10662}","{'devacc': np.float64(89.31), 'acc': np.float64(89.75), 'ndev': 3775, 'ntest': 3775}","{'devacc': np.float64(95.6), 'acc': np.float64(95.65), 'ndev': 10000, 'ntest': 10000}","{'devacc': np.float64(89.99), 'acc': np.float64(90.35), 'ndev': 10606, 'ntest': 10606}","{'devacc': np.float64(91.74), 'acc': 91.38, 'ndev': 872, 'ntest': 1821}","{'devacc': np.float64(88.68), 'acc': 95.8, 'ndev': 5452, 'ntest': 500}","{'devacc': np.float64(75.32), 'acc': 74.96, 'f1': 82.35, 'ndev': 4076, 'ntest': 1725}"
deberta-base,SUM_SUM-4-12,"torch.Size([61, 768])",NORMAL,4,0,12,"{'devacc': np.float64(86.0), 'acc': np.float64(85.91), 'ndev': 10662, 'ntest': 10662}","{'devacc': np.float64(88.5), 'acc': np.float64(89.16), 'ndev': 3775, 'ntest': 3775}","{'devacc': np.float64(95.1), 'acc': np.float64(95.11), 'ndev': 10000, 'ntest': 10000}","{'devacc': np.float64(89.39), 'acc': np.float64(89.85), 'ndev': 10606, 'ntest': 10606}","{'devacc': np.float64(91.06), 'acc': 90.33, 'ndev': 872, 'ntest': 1821}","{'devacc': np.float64(88.33), 'acc': 95.4, 'ndev': 5452, 'ntest': 500}","{'devacc': np.float64(71.2), 'acc': 70.67, 'f1': 80.67, 'ndev': 4076, 'ntest': 1725}"
deberta-base,MAX_SUM-4-12,"torch.Size([61, 768])",NORMAL,4,0,12,"{'devacc': np.float64(82.65), 'acc': np.float64(82.86), 'ndev': 10662, 'ntest': 10662}","{'devacc': np.float64(85.66), 'acc': np.float64(85.83), 'ndev': 3775, 'ntest': 3775}","{'devacc': np.float64(92.93), 'acc': np.float64(93.24), 'ndev': 10000, 'ntest': 10000}","{'devacc': np.float64(88.74), 'acc': np.float64(88.96), 'ndev': 10606, 'ntest': 10606}","{'devacc': np.float64(86.24), 'acc': 88.47, 'ndev': 872, 'ntest': 1821}","{'devacc': np.float64(88.61), 'acc': 95.2, 'ndev': 5452, 'ntest': 500}","{'devacc': np.float64(69.38), 'acc': 67.65, 'f1': 77.66, 'ndev': 4076, 'ntest': 1725}"
deberta-base,AVG-NS_SUM-4-12,"torch.Size([61, 768])",NORMAL,4,0,12,"{'devacc': np.float64(86.41), 'acc': np.float64(86.24), 'ndev': 10662, 'ntest': 10662}","{'devacc': np.float64(89.17), 'acc': np.float64(89.19), 'ndev': 3775, 'ntest': 3775}","{'devacc': np.float64(95.55), 'acc': np.float64(95.61), 'ndev': 10000, 'ntest': 10000}","{'devacc': np.float64(89.85), 'acc': np.float64(90.47), 'ndev': 10606, 'ntest': 10606}","{'devacc': np.float64(91.63), 'acc': 91.76, 'ndev': 872, 'ntest': 1821}","{'devacc': np.float64(88.72), 'acc': 95.4, 'ndev': 5452, 'ntest': 500}","{'devacc': np.float64(74.68), 'acc': 74.09, 'f1': 81.76, 'ndev': 4076, 'ntest': 1725}"
deberta-base,SUM-NS_SUM-4-12,"torch.Size([61, 768])",NORMAL,4,0,12,"{'devacc': np.float64(85.92), 'acc': np.float64(85.8), 'ndev': 10662, 'ntest': 10662}","{'devacc': np.float64(88.61), 'acc': np.float64(89.22), 'ndev': 3775, 'ntest': 3775}","{'devacc': np.float64(95.08), 'acc': np.float64(95.1), 'ndev': 10000, 'ntest': 10000}","{'devacc': np.float64(89.32), 'acc': np.float64(89.76), 'ndev': 10606, 'ntest': 10606}","{'devacc': np.float64(91.17), 'acc': 90.61, 'ndev': 872, 'ntest': 1821}","{'devacc': np.float64(88.19), 'acc': 95.4, 'ndev': 5452, 'ntest': 500}","{'devacc': np.float64(70.63), 'acc': 71.3, 'f1': 81.34, 'ndev': 4076, 'ntest': 1725}"
deberta-base,MAX-NS_SUM-4-12,"torch.Size([61, 768])",NORMAL,4,0,12,"{'devacc': np.float64(82.57), 'acc': np.float64(82.62), 'ndev': 10662, 'ntest': 10662}","{'devacc': np.float64(67.07), 'acc': np.float64(65.67), 'ndev': 3775, 'ntest': 3775}","{'devacc': np.float64(92.93), 'acc': np.float64(93.47), 'ndev': 10000, 'ntest': 10000}","{'devacc': np.float64(84.59), 'acc': np.float64(89.7), 'ndev': 10606, 'ntest': 10606}","{'devacc': np.float64(85.89), 'acc': 88.91, 'ndev': 872, 'ntest': 1821}","{'devacc': np.float64(88.55), 'acc': 93.2, 'ndev': 5452, 'ntest': 500}","{'devacc': np.float64(68.91), 'acc': 68.06, 'f1': 77.28, 'ndev': 4076, 'ntest': 1725}"
deberta-base,CLS_SUM-1-10,"torch.Size([61, 768])",NORMAL,4,0,12,"{'devacc': np.float64(79.9), 'acc': np.float64(79.52), 'ndev': 10662, 'ntest': 10662}","{'devacc': np.float64(83.29), 'acc': np.float64(83.42), 'ndev': 3775, 'ntest': 3775}","{'devacc': np.float64(91.87), 'acc': np.float64(92.12), 'ndev': 10000, 'ntest': 10000}","{'devacc': np.float64(86.27), 'acc': np.float64(86.13), 'ndev': 10606, 'ntest': 10606}","{'devacc': np.float64(80.39), 'acc': 80.83, 'ndev': 872, 'ntest': 1821}","{'devacc': np.float64(60.45), 'acc': 66.0, 'ndev': 5452, 'ntest': 500}","{'devacc': np.float64(67.57), 'acc': 66.43, 'f1': 79.21, 'ndev': 4076, 'ntest': 1725}"
deberta-base,AVG_SUM-1-10,"torch.Size([61, 768])",NORMAL,4,0,12,"{'devacc': np.float64(85.28), 'acc': np.float64(85.34), 'ndev': 10662, 'ntest': 10662}","{'devacc': np.float64(88.52), 'acc': np.float64(88.93), 'ndev': 3775, 'ntest': 3775}","{'devacc': np.float64(95.09), 'acc': np.float64(95.24), 'ndev': 10000, 'ntest': 10000}","{'devacc': np.float64(89.72), 'acc': np.float64(89.93), 'ndev': 10606, 'ntest': 10606}","{'devacc': np.float64(90.6), 'acc': 91.32, 'ndev': 872, 'ntest': 1821}","{'devacc': np.float64(88.08), 'acc': 94.6, 'ndev': 5452, 'ntest': 500}","{'devacc': np.float64(75.29), 'acc': 76.41, 'f1': 82.98, 'ndev': 4076, 'ntest': 1725}"
deberta-base,SUM_SUM-1-10,"torch.Size([61, 768])",NORMAL,4,0,12,"{'devacc': np.float64(85.0), 'acc': np.float64(85.24), 'ndev': 10662, 'ntest': 10662}","{'devacc': np.float64(87.58), 'acc': np.float64(88.37), 'ndev': 3775, 'ntest': 3775}","{'devacc': np.float64(94.43), 'acc': np.float64(94.46), 'ndev': 10000, 'ntest': 10000}","{'devacc': np.float64(89.29), 'acc': np.float64(89.55), 'ndev': 10606, 'ntest': 10606}","{'devacc': np.float64(91.28), 'acc': 90.33, 'ndev': 872, 'ntest': 1821}","{'devacc': np.float64(87.66), 'acc': 94.8, 'ndev': 5452, 'ntest': 500}","{'devacc': np.float64(70.73), 'acc': 70.96, 'f1': 80.56, 'ndev': 4076, 'ntest': 1725}"
deberta-base,MAX_SUM-1-10,"torch.Size([61, 768])",NORMAL,4,0,12,"{'devacc': np.float64(80.89), 'acc': np.float64(81.31), 'ndev': 10662, 'ntest': 10662}","{'devacc': np.float64(82.89), 'acc': np.float64(83.18), 'ndev': 3775, 'ntest': 3775}","{'devacc': np.float64(92.02), 'acc': np.float64(92.31), 'ndev': 10000, 'ntest': 10000}","{'devacc': np.float64(88.56), 'acc': np.float64(88.59), 'ndev': 10606, 'ntest': 10606}","{'devacc': np.float64(84.63), 'acc': 86.6, 'ndev': 872, 'ntest': 1821}","{'devacc': np.float64(87.77), 'acc': 94.6, 'ndev': 5452, 'ntest': 500}","{'devacc': np.float64(68.08), 'acc': 67.07, 'f1': 76.7, 'ndev': 4076, 'ntest': 1725}"
deberta-base,AVG-NS_SUM-1-10,"torch.Size([61, 768])",NORMAL,4,0,12,"{'devacc': np.float64(85.31), 'acc': np.float64(85.36), 'ndev': 10662, 'ntest': 10662}","{'devacc': np.float64(88.24), 'acc': np.float64(88.82), 'ndev': 3775, 'ntest': 3775}","{'devacc': np.float64(95.05), 'acc': np.float64(95.23), 'ndev': 10000, 'ntest': 10000}","{'devacc': np.float64(89.49), 'acc': np.float64(89.86), 'ndev': 10606, 'ntest': 10606}","{'devacc': np.float64(90.25), 'acc': 91.6, 'ndev': 872, 'ntest': 1821}","{'devacc': np.float64(88.11), 'acc': 94.8, 'ndev': 5452, 'ntest': 500}","{'devacc': np.float64(75.81), 'acc': 75.59, 'f1': 82.44, 'ndev': 4076, 'ntest': 1725}"
deberta-base,SUM-NS_SUM-1-10,"torch.Size([61, 768])",NORMAL,4,0,12,"{'devacc': np.float64(85.01), 'acc': np.float64(85.15), 'ndev': 10662, 'ntest': 10662}","{'devacc': np.float64(87.43), 'acc': np.float64(88.08), 'ndev': 3775, 'ntest': 3775}","{'devacc': np.float64(94.45), 'acc': np.float64(94.72), 'ndev': 10000, 'ntest': 10000}","{'devacc': np.float64(89.21), 'acc': np.float64(89.63), 'ndev': 10606, 'ntest': 10606}","{'devacc': np.float64(90.71), 'acc': 90.33, 'ndev': 872, 'ntest': 1821}","{'devacc': np.float64(87.4), 'acc': 94.0, 'ndev': 5452, 'ntest': 500}","{'devacc': np.float64(71.17), 'acc': 70.26, 'f1': 80.09, 'ndev': 4076, 'ntest': 1725}"
deberta-base,MAX-NS_SUM-1-10,"torch.Size([61, 768])",NORMAL,4,0,12,"{'devacc': np.float64(80.98), 'acc': np.float64(81.02), 'ndev': 10662, 'ntest': 10662}","{'devacc': np.float64(68.48), 'acc': np.float64(68.72), 'ndev': 3775, 'ntest': 3775}","{'devacc': np.float64(91.95), 'acc': np.float64(92.24), 'ndev': 10000, 'ntest': 10000}","{'devacc': np.float64(84.34), 'acc': np.float64(89.81), 'ndev': 10606, 'ntest': 10606}","{'devacc': np.float64(85.44), 'acc': 86.55, 'ndev': 872, 'ntest': 1821}","{'devacc': np.float64(87.78), 'acc': 95.0, 'ndev': 5452, 'ntest': 500}","{'devacc': np.float64(67.35), 'acc': 67.54, 'f1': 77.01, 'ndev': 4076, 'ntest': 1725}"
deberta-base,CLS_SUM-2-11,"torch.Size([61, 768])",NORMAL,4,0,12,"{'devacc': np.float64(84.12), 'acc': np.float64(84.6), 'ndev': 10662, 'ntest': 10662}","{'devacc': np.float64(87.98), 'acc': np.float64(88.08), 'ndev': 3775, 'ntest': 3775}","{'devacc': np.float64(93.85), 'acc': np.float64(93.65), 'ndev': 10000, 'ntest': 10000}","{'devacc': np.float64(85.9), 'acc': np.float64(85.57), 'ndev': 10606, 'ntest': 10606}","{'devacc': np.float64(86.47), 'acc': 87.7, 'ndev': 872, 'ntest': 1821}","{'devacc': np.float64(60.73), 'acc': 65.6, 'ndev': 5452, 'ntest': 500}","{'devacc': np.float64(70.36), 'acc': 69.28, 'f1': 79.77, 'ndev': 4076, 'ntest': 1725}"
deberta-base,AVG_SUM-2-11,"torch.Size([61, 768])",NORMAL,4,0,12,"{'devacc': np.float64(86.0), 'acc': np.float64(86.18), 'ndev': 10662, 'ntest': 10662}","{'devacc': np.float64(88.98), 'acc': np.float64(89.67), 'ndev': 3775, 'ntest': 3775}","{'devacc': np.float64(95.17), 'acc': np.float64(95.16), 'ndev': 10000, 'ntest': 10000}","{'devacc': np.float64(89.81), 'acc': np.float64(90.16), 'ndev': 10606, 'ntest': 10606}","{'devacc': np.float64(90.94), 'acc': 91.87, 'ndev': 872, 'ntest': 1821}","{'devacc': np.float64(88.61), 'acc': 95.2, 'ndev': 5452, 'ntest': 500}","{'devacc': np.float64(75.05), 'acc': 76.23, 'f1': 82.9, 'ndev': 4076, 'ntest': 1725}"
deberta-base,SUM_SUM-2-11,"torch.Size([61, 768])",NORMAL,4,0,12,"{'devacc': np.float64(85.55), 'acc': np.float64(85.43), 'ndev': 10662, 'ntest': 10662}","{'devacc': np.float64(88.14), 'acc': np.float64(88.5), 'ndev': 3775, 'ntest': 3775}","{'devacc': np.float64(94.59), 'acc': np.float64(94.63), 'ndev': 10000, 'ntest': 10000}","{'devacc': np.float64(89.3), 'acc': np.float64(89.58), 'ndev': 10606, 'ntest': 10606}","{'devacc': np.float64(90.48), 'acc': 90.44, 'ndev': 872, 'ntest': 1821}","{'devacc': np.float64(87.99), 'acc': 94.8, 'ndev': 5452, 'ntest': 500}","{'devacc': np.float64(71.42), 'acc': 71.48, 'f1': 80.66, 'ndev': 4076, 'ntest': 1725}"
deberta-base,MAX_SUM-2-11,"torch.Size([61, 768])",NORMAL,4,0,12,"{'devacc': np.float64(81.96), 'acc': np.float64(81.93), 'ndev': 10662, 'ntest': 10662}","{'devacc': np.float64(84.22), 'acc': np.float64(84.48), 'ndev': 3775, 'ntest': 3775}","{'devacc': np.float64(92.45), 'acc': np.float64(92.73), 'ndev': 10000, 'ntest': 10000}","{'devacc': np.float64(88.82), 'acc': np.float64(88.88), 'ndev': 10606, 'ntest': 10606}","{'devacc': np.float64(86.7), 'acc': 88.19, 'ndev': 872, 'ntest': 1821}","{'devacc': np.float64(88.35), 'acc': 95.8, 'ndev': 5452, 'ntest': 500}","{'devacc': np.float64(68.42), 'acc': 67.71, 'f1': 77.07, 'ndev': 4076, 'ntest': 1725}"
deberta-base,AVG-NS_SUM-2-11,"torch.Size([61, 768])",NORMAL,4,0,12,"{'devacc': np.float64(86.05), 'acc': np.float64(86.1), 'ndev': 10662, 'ntest': 10662}","{'devacc': np.float64(88.81), 'acc': np.float64(89.43), 'ndev': 3775, 'ntest': 3775}","{'devacc': np.float64(95.15), 'acc': np.float64(95.12), 'ndev': 10000, 'ntest': 10000}","{'devacc': np.float64(89.57), 'acc': np.float64(90.0), 'ndev': 10606, 'ntest': 10606}","{'devacc': np.float64(90.48), 'acc': 91.54, 'ndev': 872, 'ntest': 1821}","{'devacc': np.float64(88.02), 'acc': 94.2, 'ndev': 5452, 'ntest': 500}","{'devacc': np.float64(75.42), 'acc': 75.07, 'f1': 82.32, 'ndev': 4076, 'ntest': 1725}"
deberta-base,SUM-NS_SUM-2-11,"torch.Size([61, 768])",NORMAL,4,0,12,"{'devacc': np.float64(85.58), 'acc': np.float64(85.53), 'ndev': 10662, 'ntest': 10662}","{'devacc': np.float64(87.86), 'acc': np.float64(88.5), 'ndev': 3775, 'ntest': 3775}","{'devacc': np.float64(94.58), 'acc': np.float64(94.68), 'ndev': 10000, 'ntest': 10000}","{'devacc': np.float64(89.27), 'acc': np.float64(89.67), 'ndev': 10606, 'ntest': 10606}","{'devacc': np.float64(91.17), 'acc': 90.72, 'ndev': 872, 'ntest': 1821}","{'devacc': np.float64(87.82), 'acc': 94.4, 'ndev': 5452, 'ntest': 500}","{'devacc': np.float64(71.07), 'acc': 70.78, 'f1': 80.4, 'ndev': 4076, 'ntest': 1725}"
deberta-base,MAX-NS_SUM-2-11,"torch.Size([61, 768])",NORMAL,4,0,12,"{'devacc': np.float64(81.88), 'acc': np.float64(81.99), 'ndev': 10662, 'ntest': 10662}","{'devacc': np.float64(67.16), 'acc': np.float64(69.43), 'ndev': 3775, 'ntest': 3775}","{'devacc': np.float64(92.39), 'acc': np.float64(92.8), 'ndev': 10000, 'ntest': 10000}","{'devacc': np.float64(84.04), 'acc': np.float64(89.93), 'ndev': 10606, 'ntest': 10606}","{'devacc': np.float64(85.78), 'acc': 88.14, 'ndev': 872, 'ntest': 1821}","{'devacc': np.float64(88.39), 'acc': 95.6, 'ndev': 5452, 'ntest': 500}","{'devacc': np.float64(68.57), 'acc': 67.48, 'f1': 77.04, 'ndev': 4076, 'ntest': 1725}"
deberta-base,CLS_SUM-3-12,"torch.Size([61, 768])",NORMAL,4,0,12,"{'devacc': np.float64(84.52), 'acc': np.float64(84.54), 'ndev': 10662, 'ntest': 10662}","{'devacc': np.float64(87.84), 'acc': np.float64(87.28), 'ndev': 3775, 'ntest': 3775}","{'devacc': np.float64(94.72), 'acc': np.float64(94.48), 'ndev': 10000, 'ntest': 10000}","{'devacc': np.float64(87.33), 'acc': np.float64(87.25), 'ndev': 10606, 'ntest': 10606}","{'devacc': np.float64(85.89), 'acc': 85.94, 'ndev': 872, 'ntest': 1821}","{'devacc': np.float64(62.44), 'acc': 70.6, 'ndev': 5452, 'ntest': 500}","{'devacc': np.float64(70.39), 'acc': 70.09, 'f1': 79.91, 'ndev': 4076, 'ntest': 1725}"
deberta-base,AVG_SUM-3-12,"torch.Size([61, 768])",NORMAL,4,0,12,"{'devacc': np.float64(86.3), 'acc': np.float64(86.38), 'ndev': 10662, 'ntest': 10662}","{'devacc': np.float64(89.18), 'acc': np.float64(89.54), 'ndev': 3775, 'ntest': 3775}","{'devacc': np.float64(95.43), 'acc': np.float64(95.56), 'ndev': 10000, 'ntest': 10000}","{'devacc': np.float64(89.96), 'acc': np.float64(90.35), 'ndev': 10606, 'ntest': 10606}","{'devacc': np.float64(91.28), 'acc': 91.43, 'ndev': 872, 'ntest': 1821}","{'devacc': np.float64(88.37), 'acc': 95.6, 'ndev': 5452, 'ntest': 500}","{'devacc': np.float64(75.2), 'acc': 74.09, 'f1': 81.94, 'ndev': 4076, 'ntest': 1725}"
deberta-base,SUM_SUM-3-12,"torch.Size([61, 768])",NORMAL,4,0,12,"{'devacc': np.float64(85.94), 'acc': np.float64(85.98), 'ndev': 10662, 'ntest': 10662}","{'devacc': np.float64(88.42), 'acc': np.float64(89.54), 'ndev': 3775, 'ntest': 3775}","{'devacc': np.float64(94.97), 'acc': np.float64(94.94), 'ndev': 10000, 'ntest': 10000}","{'devacc': np.float64(89.48), 'acc': np.float64(89.74), 'ndev': 10606, 'ntest': 10606}","{'devacc': np.float64(90.83), 'acc': 90.23, 'ndev': 872, 'ntest': 1821}","{'devacc': np.float64(88.13), 'acc': 95.4, 'ndev': 5452, 'ntest': 500}","{'devacc': np.float64(71.15), 'acc': 70.2, 'f1': 79.95, 'ndev': 4076, 'ntest': 1725}"
deberta-base,MAX_SUM-3-12,"torch.Size([61, 768])",NORMAL,4,0,12,"{'devacc': np.float64(82.32), 'acc': np.float64(82.43), 'ndev': 10662, 'ntest': 10662}","{'devacc': np.float64(84.83), 'acc': np.float64(84.95), 'ndev': 3775, 'ntest': 3775}","{'devacc': np.float64(92.65), 'acc': np.float64(93.05), 'ndev': 10000, 'ntest': 10000}","{'devacc': np.float64(88.72), 'acc': np.float64(88.82), 'ndev': 10606, 'ntest': 10606}","{'devacc': np.float64(85.89), 'acc': 88.36, 'ndev': 872, 'ntest': 1821}","{'devacc': np.float64(88.48), 'acc': 95.2, 'ndev': 5452, 'ntest': 500}","{'devacc': np.float64(69.01), 'acc': 68.52, 'f1': 78.44, 'ndev': 4076, 'ntest': 1725}"
deberta-base,AVG-NS_SUM-3-12,"torch.Size([61, 768])",NORMAL,4,0,12,"{'devacc': np.float64(86.27), 'acc': np.float64(86.16), 'ndev': 10662, 'ntest': 10662}","{'devacc': np.float64(89.02), 'acc': np.float64(89.22), 'ndev': 3775, 'ntest': 3775}","{'devacc': np.float64(95.38), 'acc': np.float64(95.51), 'ndev': 10000, 'ntest': 10000}","{'devacc': np.float64(89.8), 'acc': np.float64(90.3), 'ndev': 10606, 'ntest': 10606}","{'devacc': np.float64(91.28), 'acc': 92.04, 'ndev': 872, 'ntest': 1821}","{'devacc': np.float64(88.61), 'acc': 95.2, 'ndev': 5452, 'ntest': 500}","{'devacc': np.float64(74.39), 'acc': 73.51, 'f1': 81.59, 'ndev': 4076, 'ntest': 1725}"
deberta-base,SUM-NS_SUM-3-12,"torch.Size([61, 768])",NORMAL,4,0,12,"{'devacc': np.float64(85.86), 'acc': np.float64(85.83), 'ndev': 10662, 'ntest': 10662}","{'devacc': np.float64(88.41), 'acc': np.float64(89.19), 'ndev': 3775, 'ntest': 3775}","{'devacc': np.float64(94.93), 'acc': np.float64(94.93), 'ndev': 10000, 'ntest': 10000}","{'devacc': np.float64(89.38), 'acc': np.float64(89.61), 'ndev': 10606, 'ntest': 10606}","{'devacc': np.float64(91.06), 'acc': 90.28, 'ndev': 872, 'ntest': 1821}","{'devacc': np.float64(88.22), 'acc': 95.2, 'ndev': 5452, 'ntest': 500}","{'devacc': np.float64(70.61), 'acc': 70.26, 'f1': 80.25, 'ndev': 4076, 'ntest': 1725}"
deberta-base,MAX-NS_SUM-3-12,"torch.Size([61, 768])",NORMAL,4,0,12,"{'devacc': np.float64(82.32), 'acc': np.float64(82.31), 'ndev': 10662, 'ntest': 10662}","{'devacc': np.float64(68.5), 'acc': np.float64(65.67), 'ndev': 3775, 'ntest': 3775}","{'devacc': np.float64(92.69), 'acc': np.float64(93.19), 'ndev': 10000, 'ntest': 10000}","{'devacc': np.float64(88.3), 'acc': np.float64(72.8), 'ndev': 10606, 'ntest': 10606}","{'devacc': np.float64(85.32), 'acc': 88.8, 'ndev': 872, 'ntest': 1821}","{'devacc': np.float64(88.44), 'acc': 94.2, 'ndev': 5452, 'ntest': 500}","{'devacc': np.float64(68.4), 'acc': 67.54, 'f1': 77.56, 'ndev': 4076, 'ntest': 1725}"
deberta-base,CLS_SUM-1-11,"torch.Size([61, 768])",NORMAL,4,0,12,"{'devacc': np.float64(83.34), 'acc': np.float64(83.41), 'ndev': 10662, 'ntest': 10662}","{'devacc': np.float64(87.61), 'acc': np.float64(87.97), 'ndev': 3775, 'ntest': 3775}","{'devacc': np.float64(93.83), 'acc': np.float64(93.87), 'ndev': 10000, 'ntest': 10000}","{'devacc': np.float64(85.81), 'acc': np.float64(85.67), 'ndev': 10606, 'ntest': 10606}","{'devacc': np.float64(86.01), 'acc': 88.36, 'ndev': 872, 'ntest': 1821}","{'devacc': np.float64(60.31), 'acc': 62.0, 'ndev': 5452, 'ntest': 500}","{'devacc': np.float64(69.7), 'acc': 70.26, 'f1': 79.73, 'ndev': 4076, 'ntest': 1725}"
deberta-base,AVG_SUM-1-11,"torch.Size([61, 768])",NORMAL,4,0,12,"{'devacc': np.float64(85.87), 'acc': np.float64(85.73), 'ndev': 10662, 'ntest': 10662}","{'devacc': np.float64(88.66), 'acc': np.float64(89.62), 'ndev': 3775, 'ntest': 3775}","{'devacc': np.float64(95.09), 'acc': np.float64(95.14), 'ndev': 10000, 'ntest': 10000}","{'devacc': np.float64(89.79), 'acc': np.float64(90.22), 'ndev': 10606, 'ntest': 10606}","{'devacc': np.float64(90.71), 'acc': 91.54, 'ndev': 872, 'ntest': 1821}","{'devacc': np.float64(88.1), 'acc': 94.4, 'ndev': 5452, 'ntest': 500}","{'devacc': np.float64(75.29), 'acc': 74.49, 'f1': 82.06, 'ndev': 4076, 'ntest': 1725}"
deberta-base,SUM_SUM-1-11,"torch.Size([61, 768])",NORMAL,4,0,12,"{'devacc': np.float64(85.35), 'acc': np.float64(85.47), 'ndev': 10662, 'ntest': 10662}","{'devacc': np.float64(87.83), 'acc': np.float64(88.66), 'ndev': 3775, 'ntest': 3775}","{'devacc': np.float64(94.54), 'acc': np.float64(94.57), 'ndev': 10000, 'ntest': 10000}","{'devacc': np.float64(89.28), 'acc': np.float64(89.46), 'ndev': 10606, 'ntest': 10606}","{'devacc': np.float64(91.63), 'acc': 90.5, 'ndev': 872, 'ntest': 1821}","{'devacc': np.float64(88.0), 'acc': 94.6, 'ndev': 5452, 'ntest': 500}","{'devacc': np.float64(71.39), 'acc': 70.84, 'f1': 79.89, 'ndev': 4076, 'ntest': 1725}"
deberta-base,MAX_SUM-1-11,"torch.Size([61, 768])",NORMAL,4,0,12,"{'devacc': np.float64(81.57), 'acc': np.float64(81.56), 'ndev': 10662, 'ntest': 10662}","{'devacc': np.float64(83.35), 'acc': np.float64(83.47), 'ndev': 3775, 'ntest': 3775}","{'devacc': np.float64(92.2), 'acc': np.float64(92.52), 'ndev': 10000, 'ntest': 10000}","{'devacc': np.float64(88.52), 'acc': np.float64(88.69), 'ndev': 10606, 'ntest': 10606}","{'devacc': np.float64(85.44), 'acc': 87.64, 'ndev': 872, 'ntest': 1821}","{'devacc': np.float64(88.26), 'acc': 94.8, 'ndev': 5452, 'ntest': 500}","{'devacc': np.float64(67.47), 'acc': 67.71, 'f1': 77.2, 'ndev': 4076, 'ntest': 1725}"
deberta-base,AVG-NS_SUM-1-11,"torch.Size([61, 768])",NORMAL,4,0,12,"{'devacc': np.float64(85.86), 'acc': np.float64(85.91), 'ndev': 10662, 'ntest': 10662}","{'devacc': np.float64(88.44), 'acc': np.float64(89.24), 'ndev': 3775, 'ntest': 3775}","{'devacc': np.float64(95.06), 'acc': np.float64(95.09), 'ndev': 10000, 'ntest': 10000}","{'devacc': np.float64(89.48), 'acc': np.float64(89.88), 'ndev': 10606, 'ntest': 10606}","{'devacc': np.float64(90.14), 'acc': 91.65, 'ndev': 872, 'ntest': 1821}","{'devacc': np.float64(88.24), 'acc': 94.8, 'ndev': 5452, 'ntest': 500}","{'devacc': np.float64(75.07), 'acc': 75.07, 'f1': 82.28, 'ndev': 4076, 'ntest': 1725}"
deberta-base,SUM-NS_SUM-1-11,"torch.Size([61, 768])",NORMAL,4,0,12,"{'devacc': np.float64(85.36), 'acc': np.float64(85.43), 'ndev': 10662, 'ntest': 10662}","{'devacc': np.float64(87.71), 'acc': np.float64(88.32), 'ndev': 3775, 'ntest': 3775}","{'devacc': np.float64(94.57), 'acc': np.float64(94.58), 'ndev': 10000, 'ntest': 10000}","{'devacc': np.float64(89.2), 'acc': np.float64(89.53), 'ndev': 10606, 'ntest': 10606}","{'devacc': np.float64(91.06), 'acc': 90.33, 'ndev': 872, 'ntest': 1821}","{'devacc': np.float64(87.8), 'acc': 94.6, 'ndev': 5452, 'ntest': 500}","{'devacc': np.float64(71.3), 'acc': 70.61, 'f1': 80.42, 'ndev': 4076, 'ntest': 1725}"
deberta-base,MAX-NS_SUM-1-11,"torch.Size([61, 768])",NORMAL,4,0,12,"{'devacc': np.float64(81.51), 'acc': np.float64(81.51), 'ndev': 10662, 'ntest': 10662}","{'devacc': np.float64(66.3), 'acc': np.float64(68.56), 'ndev': 3775, 'ntest': 3775}","{'devacc': np.float64(92.06), 'acc': np.float64(92.44), 'ndev': 10000, 'ntest': 10000}","{'devacc': np.float64(89.61), 'acc': np.float64(85.23), 'ndev': 10606, 'ntest': 10606}","{'devacc': np.float64(85.32), 'acc': 86.99, 'ndev': 872, 'ntest': 1821}","{'devacc': np.float64(87.95), 'acc': 95.8, 'ndev': 5452, 'ntest': 500}","{'devacc': np.float64(67.34), 'acc': 67.71, 'f1': 77.16, 'ndev': 4076, 'ntest': 1725}"
deberta-base,CLS_SUM-2-12,"torch.Size([61, 768])",NORMAL,4,0,12,"{'devacc': np.float64(84.46), 'acc': np.float64(84.38), 'ndev': 10662, 'ntest': 10662}","{'devacc': np.float64(87.82), 'acc': np.float64(87.52), 'ndev': 3775, 'ntest': 3775}","{'devacc': np.float64(94.58), 'acc': np.float64(94.72), 'ndev': 10000, 'ntest': 10000}","{'devacc': np.float64(87.37), 'acc': np.float64(87.47), 'ndev': 10606, 'ntest': 10606}","{'devacc': np.float64(85.78), 'acc': 86.77, 'ndev': 872, 'ntest': 1821}","{'devacc': np.float64(62.03), 'acc': 67.4, 'ndev': 5452, 'ntest': 500}","{'devacc': np.float64(70.36), 'acc': 70.43, 'f1': 80.34, 'ndev': 4076, 'ntest': 1725}"
deberta-base,AVG_SUM-2-12,"torch.Size([61, 768])",NORMAL,4,0,12,"{'devacc': np.float64(86.27), 'acc': np.float64(86.32), 'ndev': 10662, 'ntest': 10662}","{'devacc': np.float64(89.03), 'acc': np.float64(89.78), 'ndev': 3775, 'ntest': 3775}","{'devacc': np.float64(95.34), 'acc': np.float64(95.52), 'ndev': 10000, 'ntest': 10000}","{'devacc': np.float64(89.93), 'acc': np.float64(90.27), 'ndev': 10606, 'ntest': 10606}","{'devacc': np.float64(91.4), 'acc': 91.6, 'ndev': 872, 'ntest': 1821}","{'devacc': np.float64(88.26), 'acc': 95.6, 'ndev': 5452, 'ntest': 500}","{'devacc': np.float64(74.39), 'acc': 73.97, 'f1': 81.41, 'ndev': 4076, 'ntest': 1725}"
deberta-base,SUM_SUM-2-12,"torch.Size([61, 768])",NORMAL,4,0,12,"{'devacc': np.float64(85.84), 'acc': np.float64(86.02), 'ndev': 10662, 'ntest': 10662}","{'devacc': np.float64(88.42), 'acc': np.float64(89.56), 'ndev': 3775, 'ntest': 3775}","{'devacc': np.float64(94.88), 'acc': np.float64(95.03), 'ndev': 10000, 'ntest': 10000}","{'devacc': np.float64(89.45), 'acc': np.float64(89.58), 'ndev': 10606, 'ntest': 10606}","{'devacc': np.float64(90.6), 'acc': 90.33, 'ndev': 872, 'ntest': 1821}","{'devacc': np.float64(88.06), 'acc': 95.4, 'ndev': 5452, 'ntest': 500}","{'devacc': np.float64(70.98), 'acc': 71.13, 'f1': 80.42, 'ndev': 4076, 'ntest': 1725}"
deberta-base,MAX_SUM-2-12,"torch.Size([61, 768])",NORMAL,4,0,12,"{'devacc': np.float64(82.14), 'acc': np.float64(82.3), 'ndev': 10662, 'ntest': 10662}","{'devacc': np.float64(84.79), 'acc': np.float64(84.21), 'ndev': 3775, 'ntest': 3775}","{'devacc': np.float64(92.57), 'acc': np.float64(92.93), 'ndev': 10000, 'ntest': 10000}","{'devacc': np.float64(88.8), 'acc': np.float64(89.2), 'ndev': 10606, 'ntest': 10606}","{'devacc': np.float64(86.01), 'acc': 88.08, 'ndev': 872, 'ntest': 1821}","{'devacc': np.float64(88.57), 'acc': 95.2, 'ndev': 5452, 'ntest': 500}","{'devacc': np.float64(68.1), 'acc': 68.17, 'f1': 77.34, 'ndev': 4076, 'ntest': 1725}"
deberta-base,AVG-NS_SUM-2-12,"torch.Size([61, 768])",NORMAL,4,0,12,"{'devacc': np.float64(86.22), 'acc': np.float64(86.26), 'ndev': 10662, 'ntest': 10662}","{'devacc': np.float64(88.83), 'acc': np.float64(89.51), 'ndev': 3775, 'ntest': 3775}","{'devacc': np.float64(95.3), 'acc': np.float64(95.51), 'ndev': 10000, 'ntest': 10000}","{'devacc': np.float64(89.63), 'acc': np.float64(90.14), 'ndev': 10606, 'ntest': 10606}","{'devacc': np.float64(90.83), 'acc': 91.98, 'ndev': 872, 'ntest': 1821}","{'devacc': np.float64(88.59), 'acc': 95.4, 'ndev': 5452, 'ntest': 500}","{'devacc': np.float64(74.17), 'acc': 73.45, 'f1': 81.35, 'ndev': 4076, 'ntest': 1725}"
deberta-base,SUM-NS_SUM-2-12,"torch.Size([61, 768])",NORMAL,4,0,12,"{'devacc': np.float64(85.7), 'acc': np.float64(85.73), 'ndev': 10662, 'ntest': 10662}","{'devacc': np.float64(88.44), 'acc': np.float64(89.35), 'ndev': 3775, 'ntest': 3775}","{'devacc': np.float64(94.9), 'acc': np.float64(94.9), 'ndev': 10000, 'ntest': 10000}","{'devacc': np.float64(89.34), 'acc': np.float64(89.63), 'ndev': 10606, 'ntest': 10606}","{'devacc': np.float64(90.94), 'acc': 90.94, 'ndev': 872, 'ntest': 1821}","{'devacc': np.float64(88.24), 'acc': 95.0, 'ndev': 5452, 'ntest': 500}","{'devacc': np.float64(70.29), 'acc': 70.49, 'f1': 80.58, 'ndev': 4076, 'ntest': 1725}"
deberta-base,MAX-NS_SUM-2-12,"torch.Size([61, 768])",NORMAL,4,0,12,"{'devacc': np.float64(82.15), 'acc': np.float64(82.23), 'ndev': 10662, 'ntest': 10662}","{'devacc': np.float64(66.54), 'acc': np.float64(65.67), 'ndev': 3775, 'ntest': 3775}","{'devacc': np.float64(92.72), 'acc': np.float64(92.92), 'ndev': 10000, 'ntest': 10000}","{'devacc': np.float64(84.56), 'acc': np.float64(73.99), 'ndev': 10606, 'ntest': 10606}","{'devacc': np.float64(85.89), 'acc': 88.14, 'ndev': 872, 'ntest': 1821}","{'devacc': np.float64(88.43), 'acc': 94.6, 'ndev': 5452, 'ntest': 500}","{'devacc': np.float64(68.2), 'acc': 67.65, 'f1': 77.75, 'ndev': 4076, 'ntest': 1725}"
deberta-base,CLS_SUM-1-12,"torch.Size([61, 768])",NORMAL,4,0,12,"{'devacc': np.float64(84.28), 'acc': np.float64(84.14), 'ndev': 10662, 'ntest': 10662}","{'devacc': np.float64(87.62), 'acc': np.float64(87.18), 'ndev': 3775, 'ntest': 3775}","{'devacc': np.float64(94.08), 'acc': np.float64(94.04), 'ndev': 10000, 'ntest': 10000}","{'devacc': np.float64(87.18), 'acc': np.float64(87.22), 'ndev': 10606, 'ntest': 10606}","{'devacc': np.float64(85.89), 'acc': 87.81, 'ndev': 872, 'ntest': 1821}","{'devacc': np.float64(61.65), 'acc': 65.2, 'ndev': 5452, 'ntest': 500}","{'devacc': np.float64(69.9), 'acc': 70.32, 'f1': 80.37, 'ndev': 4076, 'ntest': 1725}"
deberta-base,AVG_SUM-1-12,"torch.Size([61, 768])",NORMAL,4,0,12,"{'devacc': np.float64(86.01), 'acc': np.float64(86.2), 'ndev': 10662, 'ntest': 10662}","{'devacc': np.float64(88.84), 'acc': np.float64(89.56), 'ndev': 3775, 'ntest': 3775}","{'devacc': np.float64(95.24), 'acc': np.float64(95.29), 'ndev': 10000, 'ntest': 10000}","{'devacc': np.float64(89.89), 'acc': np.float64(90.11), 'ndev': 10606, 'ntest': 10606}","{'devacc': np.float64(91.51), 'acc': 91.65, 'ndev': 872, 'ntest': 1821}","{'devacc': np.float64(87.93), 'acc': 95.6, 'ndev': 5452, 'ntest': 500}","{'devacc': np.float64(74.34), 'acc': 73.1, 'f1': 81.12, 'ndev': 4076, 'ntest': 1725}"
deberta-base,SUM_SUM-1-12,"torch.Size([61, 768])",NORMAL,4,0,12,"{'devacc': np.float64(85.55), 'acc': np.float64(85.62), 'ndev': 10662, 'ntest': 10662}","{'devacc': np.float64(88.21), 'acc': np.float64(88.9), 'ndev': 3775, 'ntest': 3775}","{'devacc': np.float64(94.82), 'acc': np.float64(94.93), 'ndev': 10000, 'ntest': 10000}","{'devacc': np.float64(89.44), 'acc': np.float64(89.43), 'ndev': 10606, 'ntest': 10606}","{'devacc': np.float64(91.63), 'acc': 90.33, 'ndev': 872, 'ntest': 1821}","{'devacc': np.float64(87.91), 'acc': 95.0, 'ndev': 5452, 'ntest': 500}","{'devacc': np.float64(70.83), 'acc': 71.07, 'f1': 80.56, 'ndev': 4076, 'ntest': 1725}"
deberta-base,MAX_SUM-1-12,"torch.Size([61, 768])",NORMAL,4,0,12,"{'devacc': np.float64(81.95), 'acc': np.float64(81.95), 'ndev': 10662, 'ntest': 10662}","{'devacc': np.float64(84.24), 'acc': np.float64(84.08), 'ndev': 3775, 'ntest': 3775}","{'devacc': np.float64(92.39), 'acc': np.float64(92.76), 'ndev': 10000, 'ntest': 10000}","{'devacc': np.float64(88.65), 'acc': np.float64(88.75), 'ndev': 10606, 'ntest': 10606}","{'devacc': np.float64(85.78), 'acc': 87.81, 'ndev': 872, 'ntest': 1821}","{'devacc': np.float64(88.0), 'acc': 94.6, 'ndev': 5452, 'ntest': 500}","{'devacc': np.float64(68.23), 'acc': 67.94, 'f1': 77.14, 'ndev': 4076, 'ntest': 1725}"
deberta-base,AVG-NS_SUM-1-12,"torch.Size([61, 768])",NORMAL,4,0,12,"{'devacc': np.float64(86.02), 'acc': np.float64(85.88), 'ndev': 10662, 'ntest': 10662}","{'devacc': np.float64(88.61), 'acc': np.float64(89.19), 'ndev': 3775, 'ntest': 3775}","{'devacc': np.float64(95.17), 'acc': np.float64(95.3), 'ndev': 10000, 'ntest': 10000}","{'devacc': np.float64(89.54), 'acc': np.float64(90.11), 'ndev': 10606, 'ntest': 10606}","{'devacc': np.float64(90.6), 'acc': 91.98, 'ndev': 872, 'ntest': 1821}","{'devacc': np.float64(88.39), 'acc': 95.2, 'ndev': 5452, 'ntest': 500}","{'devacc': np.float64(74.19), 'acc': 73.1, 'f1': 81.01, 'ndev': 4076, 'ntest': 1725}"
deberta-base,SUM-NS_SUM-1-12,"torch.Size([61, 768])",NORMAL,4,0,12,"{'devacc': np.float64(85.46), 'acc': np.float64(85.47), 'ndev': 10662, 'ntest': 10662}","{'devacc': np.float64(88.22), 'acc': np.float64(89.19), 'ndev': 3775, 'ntest': 3775}","{'devacc': np.float64(94.82), 'acc': np.float64(94.93), 'ndev': 10000, 'ntest': 10000}","{'devacc': np.float64(89.32), 'acc': np.float64(89.57), 'ndev': 10606, 'ntest': 10606}","{'devacc': np.float64(90.94), 'acc': 90.61, 'ndev': 872, 'ntest': 1821}","{'devacc': np.float64(88.04), 'acc': 94.4, 'ndev': 5452, 'ntest': 500}","{'devacc': np.float64(70.58), 'acc': 70.72, 'f1': 80.75, 'ndev': 4076, 'ntest': 1725}"
deberta-base,MAX-NS_SUM-1-12,"torch.Size([61, 768])",NORMAL,4,0,12,"{'devacc': np.float64(81.89), 'acc': np.float64(81.9), 'ndev': 10662, 'ntest': 10662}","{'devacc': np.float64(67.46), 'acc': np.float64(65.67), 'ndev': 3775, 'ntest': 3775}","{'devacc': np.float64(92.46), 'acc': np.float64(92.51), 'ndev': 10000, 'ntest': 10000}","{'devacc': np.float64(77.79), 'acc': np.float64(77.51), 'ndev': 10606, 'ntest': 10606}","{'devacc': np.float64(85.67), 'acc': 87.75, 'ndev': 872, 'ntest': 1821}","{'devacc': np.float64(88.22), 'acc': 94.4, 'ndev': 5452, 'ntest': 500}","{'devacc': np.float64(67.93), 'acc': 67.54, 'f1': 77.4, 'ndev': 4076, 'ntest': 1725}"
