model,pooling,out_vec_size,best_layers,epochs,nhid,qtd_layers,MR,CR,SUBJ,MPQA,SST2,TREC,MRPC
deberta-base,CLS+AVG_LYR-1,"torch.Size([61, 1536])",NORMAL,4,0,12,"{'devacc': np.float64(77.59), 'acc': np.float64(77.73), 'ndev': 10662, 'ntest': 10662}","{'devacc': np.float64(80.6), 'acc': np.float64(80.5), 'ndev': 3775, 'ntest': 3775}","{'devacc': np.float64(92.62), 'acc': np.float64(92.65), 'ndev': 10000, 'ntest': 10000}","{'devacc': np.float64(89.16), 'acc': np.float64(89.24), 'ndev': 10606, 'ntest': 10606}","{'devacc': np.float64(82.45), 'acc': 82.76, 'ndev': 872, 'ntest': 1821}","{'devacc': np.float64(84.15), 'acc': 90.6, 'ndev': 5452, 'ntest': 500}","{'devacc': np.float64(73.62), 'acc': 72.46, 'f1': 80.44, 'ndev': 4076, 'ntest': 1725}"
deberta-base,CLS+SUM_LYR-1,"torch.Size([61, 1536])",NORMAL,4,0,12,"{'devacc': np.float64(76.3), 'acc': np.float64(76.54), 'ndev': 10662, 'ntest': 10662}","{'devacc': np.float64(77.14), 'acc': np.float64(77.7), 'ndev': 3775, 'ntest': 3775}","{'devacc': np.float64(90.62), 'acc': np.float64(91.05), 'ndev': 10000, 'ntest': 10000}","{'devacc': np.float64(87.57), 'acc': np.float64(87.88), 'ndev': 10606, 'ntest': 10606}","{'devacc': np.float64(82.0), 'acc': 82.21, 'ndev': 872, 'ntest': 1821}","{'devacc': np.float64(81.27), 'acc': 86.6, 'ndev': 5452, 'ntest': 500}","{'devacc': np.float64(71.2), 'acc': 70.55, 'f1': 78.36, 'ndev': 4076, 'ntest': 1725}"
deberta-base,CLS+MAX_LYR-1,"torch.Size([61, 1536])",NORMAL,4,0,12,"{'devacc': np.float64(71.74), 'acc': np.float64(71.78), 'ndev': 10662, 'ntest': 10662}","{'devacc': np.float64(75.17), 'acc': np.float64(75.07), 'ndev': 3775, 'ntest': 3775}","{'devacc': np.float64(87.81), 'acc': np.float64(87.75), 'ndev': 10000, 'ntest': 10000}","{'devacc': np.float64(87.06), 'acc': np.float64(87.29), 'ndev': 10606, 'ntest': 10606}","{'devacc': np.float64(76.15), 'acc': 75.01, 'ndev': 872, 'ntest': 1821}","{'devacc': np.float64(79.82), 'acc': 84.0, 'ndev': 5452, 'ntest': 500}","{'devacc': np.float64(68.96), 'acc': 67.65, 'f1': 75.59, 'ndev': 4076, 'ntest': 1725}"
deberta-base,CLS+AVG-NS_LYR-1,"torch.Size([61, 1536])",NORMAL,4,0,12,"{'devacc': np.float64(77.25), 'acc': np.float64(77.52), 'ndev': 10662, 'ntest': 10662}","{'devacc': np.float64(80.51), 'acc': np.float64(80.56), 'ndev': 3775, 'ntest': 3775}","{'devacc': np.float64(92.59), 'acc': np.float64(92.73), 'ndev': 10000, 'ntest': 10000}","{'devacc': np.float64(88.42), 'acc': np.float64(88.51), 'ndev': 10606, 'ntest': 10606}","{'devacc': np.float64(82.11), 'acc': 82.32, 'ndev': 872, 'ntest': 1821}","{'devacc': np.float64(84.01), 'acc': 90.0, 'ndev': 5452, 'ntest': 500}","{'devacc': np.float64(73.21), 'acc': 72.87, 'f1': 80.63, 'ndev': 4076, 'ntest': 1725}"
deberta-base,CLS+SUM-NS_LYR-1,"torch.Size([61, 1536])",NORMAL,4,0,12,"{'devacc': np.float64(76.16), 'acc': np.float64(76.55), 'ndev': 10662, 'ntest': 10662}","{'devacc': np.float64(76.88), 'acc': np.float64(77.19), 'ndev': 3775, 'ntest': 3775}","{'devacc': np.float64(90.66), 'acc': np.float64(91.16), 'ndev': 10000, 'ntest': 10000}","{'devacc': np.float64(87.56), 'acc': np.float64(87.74), 'ndev': 10606, 'ntest': 10606}","{'devacc': np.float64(81.42), 'acc': 82.43, 'ndev': 872, 'ntest': 1821}","{'devacc': np.float64(81.77), 'acc': 86.2, 'ndev': 5452, 'ntest': 500}","{'devacc': np.float64(70.27), 'acc': 70.32, 'f1': 78.27, 'ndev': 4076, 'ntest': 1725}"
deberta-base,CLS+MAX-NS_LYR-1,"torch.Size([61, 1536])",NORMAL,4,0,12,"{'devacc': np.float64(71.68), 'acc': np.float64(72.03), 'ndev': 10662, 'ntest': 10662}","{'devacc': np.float64(62.39), 'acc': np.float64(64.9), 'ndev': 3775, 'ntest': 3775}","{'devacc': np.float64(87.89), 'acc': np.float64(87.88), 'ndev': 10000, 'ntest': 10000}","{'devacc': np.float64(57.6), 'acc': np.float64(49.11), 'ndev': 10606, 'ntest': 10606}","{'devacc': np.float64(76.26), 'acc': 74.9, 'ndev': 872, 'ntest': 1821}","{'devacc': np.float64(80.3), 'acc': 84.8, 'ndev': 5452, 'ntest': 500}","{'devacc': np.float64(68.82), 'acc': 67.36, 'f1': 75.14, 'ndev': 4076, 'ntest': 1725}"
deberta-base,AVG+SUM_LYR-1,"torch.Size([61, 1536])",NORMAL,4,0,12,"{'devacc': np.float64(76.29), 'acc': np.float64(76.19), 'ndev': 10662, 'ntest': 10662}","{'devacc': np.float64(77.01), 'acc': np.float64(77.38), 'ndev': 3775, 'ntest': 3775}","{'devacc': np.float64(90.6), 'acc': np.float64(90.99), 'ndev': 10000, 'ntest': 10000}","{'devacc': np.float64(87.6), 'acc': np.float64(87.8), 'ndev': 10606, 'ntest': 10606}","{'devacc': np.float64(82.68), 'acc': 81.77, 'ndev': 872, 'ntest': 1821}","{'devacc': np.float64(81.58), 'acc': 86.0, 'ndev': 5452, 'ntest': 500}","{'devacc': np.float64(70.98), 'acc': 70.14, 'f1': 77.94, 'ndev': 4076, 'ntest': 1725}"
deberta-base,AVG+MAX_LYR-1,"torch.Size([61, 1536])",NORMAL,4,0,12,"{'devacc': np.float64(75.39), 'acc': np.float64(75.73), 'ndev': 10662, 'ntest': 10662}","{'devacc': np.float64(77.19), 'acc': np.float64(77.4), 'ndev': 3775, 'ntest': 3775}","{'devacc': np.float64(91.31), 'acc': np.float64(91.58), 'ndev': 10000, 'ntest': 10000}","{'devacc': np.float64(87.78), 'acc': np.float64(88.07), 'ndev': 10606, 'ntest': 10606}","{'devacc': np.float64(80.62), 'acc': 81.49, 'ndev': 872, 'ntest': 1821}","{'devacc': np.float64(82.46), 'acc': 87.0, 'ndev': 5452, 'ntest': 500}","{'devacc': np.float64(68.08), 'acc': 67.13, 'f1': 74.81, 'ndev': 4076, 'ntest': 1725}"
deberta-base,AVG+AVG-NS_LYR-1,"torch.Size([61, 1536])",NORMAL,4,0,12,"{'devacc': np.float64(77.19), 'acc': np.float64(77.34), 'ndev': 10662, 'ntest': 10662}","{'devacc': np.float64(80.42), 'acc': np.float64(80.58), 'ndev': 3775, 'ntest': 3775}","{'devacc': np.float64(92.51), 'acc': np.float64(92.57), 'ndev': 10000, 'ntest': 10000}","{'devacc': np.float64(88.45), 'acc': np.float64(88.71), 'ndev': 10606, 'ntest': 10606}","{'devacc': np.float64(83.37), 'acc': 82.81, 'ndev': 872, 'ntest': 1821}","{'devacc': np.float64(83.36), 'acc': 89.6, 'ndev': 5452, 'ntest': 500}","{'devacc': np.float64(72.2), 'acc': 73.22, 'f1': 80.69, 'ndev': 4076, 'ntest': 1725}"
deberta-base,AVG+SUM-NS_LYR-1,"torch.Size([61, 1536])",NORMAL,4,0,12,"{'devacc': np.float64(76.16), 'acc': np.float64(76.41), 'ndev': 10662, 'ntest': 10662}","{'devacc': np.float64(76.74), 'acc': np.float64(77.09), 'ndev': 3775, 'ntest': 3775}","{'devacc': np.float64(90.57), 'acc': np.float64(90.93), 'ndev': 10000, 'ntest': 10000}","{'devacc': np.float64(87.64), 'acc': np.float64(87.84), 'ndev': 10606, 'ntest': 10606}","{'devacc': np.float64(83.03), 'acc': 82.21, 'ndev': 872, 'ntest': 1821}","{'devacc': np.float64(81.79), 'acc': 86.4, 'ndev': 5452, 'ntest': 500}","{'devacc': np.float64(70.17), 'acc': 70.43, 'f1': 78.28, 'ndev': 4076, 'ntest': 1725}"
deberta-base,AVG+MAX-NS_LYR-1,"torch.Size([61, 1536])",NORMAL,4,0,12,"{'devacc': np.float64(75.59), 'acc': np.float64(75.97), 'ndev': 10662, 'ntest': 10662}","{'devacc': np.float64(62.57), 'acc': np.float64(65.14), 'ndev': 3775, 'ntest': 3775}","{'devacc': np.float64(91.19), 'acc': np.float64(91.54), 'ndev': 10000, 'ntest': 10000}","{'devacc': np.float64(57.71), 'acc': np.float64(49.12), 'ndev': 10606, 'ntest': 10606}","{'devacc': np.float64(81.08), 'acc': 81.77, 'ndev': 872, 'ntest': 1821}","{'devacc': np.float64(82.63), 'acc': 86.8, 'ndev': 5452, 'ntest': 500}","{'devacc': np.float64(68.06), 'acc': 67.65, 'f1': 75.5, 'ndev': 4076, 'ntest': 1725}"
deberta-base,SUM+MAX_LYR-1,"torch.Size([61, 1536])",NORMAL,4,0,12,"{'devacc': np.float64(75.32), 'acc': np.float64(75.61), 'ndev': 10662, 'ntest': 10662}","{'devacc': np.float64(76.72), 'acc': np.float64(77.33), 'ndev': 3775, 'ntest': 3775}","{'devacc': np.float64(90.25), 'acc': np.float64(90.4), 'ndev': 10000, 'ntest': 10000}","{'devacc': np.float64(86.54), 'acc': np.float64(86.92), 'ndev': 10606, 'ntest': 10606}","{'devacc': np.float64(80.96), 'acc': 81.71, 'ndev': 872, 'ntest': 1821}","{'devacc': np.float64(82.41), 'acc': 89.0, 'ndev': 5452, 'ntest': 500}","{'devacc': np.float64(71.27), 'acc': 70.43, 'f1': 78.63, 'ndev': 4076, 'ntest': 1725}"
deberta-base,SUM+AVG-NS_LYR-1,"torch.Size([61, 1536])",NORMAL,4,0,12,"{'devacc': np.float64(76.28), 'acc': np.float64(76.27), 'ndev': 10662, 'ntest': 10662}","{'devacc': np.float64(76.95), 'acc': np.float64(77.86), 'ndev': 3775, 'ntest': 3775}","{'devacc': np.float64(90.6), 'acc': np.float64(91.02), 'ndev': 10000, 'ntest': 10000}","{'devacc': np.float64(86.8), 'acc': np.float64(86.98), 'ndev': 10606, 'ntest': 10606}","{'devacc': np.float64(82.57), 'acc': 82.59, 'ndev': 872, 'ntest': 1821}","{'devacc': np.float64(81.64), 'acc': 87.4, 'ndev': 5452, 'ntest': 500}","{'devacc': np.float64(71.0), 'acc': 70.14, 'f1': 77.89, 'ndev': 4076, 'ntest': 1725}"
deberta-base,SUM+SUM-NS_LYR-1,"torch.Size([61, 1536])",NORMAL,4,0,12,"{'devacc': np.float64(76.09), 'acc': np.float64(76.19), 'ndev': 10662, 'ntest': 10662}","{'devacc': np.float64(76.75), 'acc': np.float64(77.17), 'ndev': 3775, 'ntest': 3775}","{'devacc': np.float64(90.47), 'acc': np.float64(90.82), 'ndev': 10000, 'ntest': 10000}","{'devacc': np.float64(87.41), 'acc': np.float64(87.66), 'ndev': 10606, 'ntest': 10606}","{'devacc': np.float64(81.88), 'acc': 81.27, 'ndev': 872, 'ntest': 1821}","{'devacc': np.float64(81.75), 'acc': 86.6, 'ndev': 5452, 'ntest': 500}","{'devacc': np.float64(70.44), 'acc': 70.61, 'f1': 78.25, 'ndev': 4076, 'ntest': 1725}"
deberta-base,SUM+MAX-NS_LYR-1,"torch.Size([61, 1536])",NORMAL,4,0,12,"{'devacc': np.float64(75.26), 'acc': np.float64(75.28), 'ndev': 10662, 'ntest': 10662}","{'devacc': np.float64(66.5), 'acc': np.float64(66.07), 'ndev': 3775, 'ntest': 3775}","{'devacc': np.float64(90.23), 'acc': np.float64(90.34), 'ndev': 10000, 'ntest': 10000}","{'devacc': np.float64(77.87), 'acc': np.float64(48.92), 'ndev': 10606, 'ntest': 10606}","{'devacc': np.float64(82.22), 'acc': 82.04, 'ndev': 872, 'ntest': 1821}","{'devacc': np.float64(82.37), 'acc': 88.8, 'ndev': 5452, 'ntest': 500}","{'devacc': np.float64(71.2), 'acc': 70.09, 'f1': 78.01, 'ndev': 4076, 'ntest': 1725}"
deberta-base,MAX+AVG-NS_LYR-1,"torch.Size([61, 1536])",NORMAL,4,0,12,"{'devacc': np.float64(75.59), 'acc': np.float64(75.93), 'ndev': 10662, 'ntest': 10662}","{'devacc': np.float64(77.27), 'acc': np.float64(77.8), 'ndev': 3775, 'ntest': 3775}","{'devacc': np.float64(91.38), 'acc': np.float64(91.65), 'ndev': 10000, 'ntest': 10000}","{'devacc': np.float64(86.84), 'acc': np.float64(86.99), 'ndev': 10606, 'ntest': 10606}","{'devacc': np.float64(78.9), 'acc': 80.67, 'ndev': 872, 'ntest': 1821}","{'devacc': np.float64(82.96), 'acc': 87.8, 'ndev': 5452, 'ntest': 500}","{'devacc': np.float64(68.79), 'acc': 67.59, 'f1': 75.51, 'ndev': 4076, 'ntest': 1725}"
deberta-base,MAX+SUM-NS_LYR-1,"torch.Size([61, 1536])",NORMAL,4,0,12,"{'devacc': np.float64(75.33), 'acc': np.float64(75.44), 'ndev': 10662, 'ntest': 10662}","{'devacc': np.float64(76.62), 'acc': np.float64(76.85), 'ndev': 3775, 'ntest': 3775}","{'devacc': np.float64(90.24), 'acc': np.float64(90.7), 'ndev': 10000, 'ntest': 10000}","{'devacc': np.float64(86.43), 'acc': np.float64(86.72), 'ndev': 10606, 'ntest': 10606}","{'devacc': np.float64(81.54), 'acc': 81.88, 'ndev': 872, 'ntest': 1821}","{'devacc': np.float64(82.36), 'acc': 89.4, 'ndev': 5452, 'ntest': 500}","{'devacc': np.float64(70.17), 'acc': 70.14, 'f1': 77.94, 'ndev': 4076, 'ntest': 1725}"
deberta-base,MAX+MAX-NS_LYR-1,"torch.Size([61, 1536])",NORMAL,4,0,12,"{'devacc': np.float64(71.67), 'acc': np.float64(71.7), 'ndev': 10662, 'ntest': 10662}","{'devacc': np.float64(62.34), 'acc': np.float64(64.69), 'ndev': 3775, 'ntest': 3775}","{'devacc': np.float64(87.55), 'acc': np.float64(87.61), 'ndev': 10000, 'ntest': 10000}","{'devacc': np.float64(57.41), 'acc': np.float64(48.86), 'ndev': 10606, 'ntest': 10606}","{'devacc': np.float64(75.23), 'acc': 75.62, 'ndev': 872, 'ntest': 1821}","{'devacc': np.float64(79.53), 'acc': 84.2, 'ndev': 5452, 'ntest': 500}","{'devacc': np.float64(67.52), 'acc': 66.43, 'f1': 74.39, 'ndev': 4076, 'ntest': 1725}"
deberta-base,AVG-NS+SUM-NS_LYR-1,"torch.Size([61, 1536])",NORMAL,4,0,12,"{'devacc': np.float64(76.13), 'acc': np.float64(76.06), 'ndev': 10662, 'ntest': 10662}","{'devacc': np.float64(76.8), 'acc': np.float64(77.01), 'ndev': 3775, 'ntest': 3775}","{'devacc': np.float64(90.6), 'acc': np.float64(90.89), 'ndev': 10000, 'ntest': 10000}","{'devacc': np.float64(86.84), 'acc': np.float64(87.09), 'ndev': 10606, 'ntest': 10606}","{'devacc': np.float64(82.8), 'acc': 82.87, 'ndev': 872, 'ntest': 1821}","{'devacc': np.float64(81.86), 'acc': 86.8, 'ndev': 5452, 'ntest': 500}","{'devacc': np.float64(70.17), 'acc': 71.3, 'f1': 78.98, 'ndev': 4076, 'ntest': 1725}"
deberta-base,AVG-NS+MAX-NS_LYR-1,"torch.Size([61, 1536])",NORMAL,4,0,12,"{'devacc': np.float64(75.55), 'acc': np.float64(76.22), 'ndev': 10662, 'ntest': 10662}","{'devacc': np.float64(62.62), 'acc': np.float64(65.32), 'ndev': 3775, 'ntest': 3775}","{'devacc': np.float64(91.31), 'acc': np.float64(91.6), 'ndev': 10000, 'ntest': 10000}","{'devacc': np.float64(57.6), 'acc': np.float64(49.11), 'ndev': 10606, 'ntest': 10606}","{'devacc': np.float64(79.7), 'acc': 81.27, 'ndev': 872, 'ntest': 1821}","{'devacc': np.float64(83.05), 'acc': 87.6, 'ndev': 5452, 'ntest': 500}","{'devacc': np.float64(68.4), 'acc': 68.58, 'f1': 76.29, 'ndev': 4076, 'ntest': 1725}"
deberta-base,SUM-NS+MAX-NS_LYR-1,"torch.Size([61, 1536])",NORMAL,4,0,12,"{'devacc': np.float64(75.26), 'acc': np.float64(75.17), 'ndev': 10662, 'ntest': 10662}","{'devacc': np.float64(66.28), 'acc': np.float64(65.59), 'ndev': 3775, 'ntest': 3775}","{'devacc': np.float64(90.27), 'acc': np.float64(90.69), 'ndev': 10000, 'ntest': 10000}","{'devacc': np.float64(75.11), 'acc': np.float64(72.2), 'ndev': 10606, 'ntest': 10606}","{'devacc': np.float64(81.88), 'acc': 82.37, 'ndev': 872, 'ntest': 1821}","{'devacc': np.float64(82.52), 'acc': 89.4, 'ndev': 5452, 'ntest': 500}","{'devacc': np.float64(70.07), 'acc': 70.09, 'f1': 77.99, 'ndev': 4076, 'ntest': 1725}"
deberta-base,CLS+AVG_LYR-2,"torch.Size([61, 1536])",NORMAL,4,0,12,"{'devacc': np.float64(78.46), 'acc': np.float64(78.41), 'ndev': 10662, 'ntest': 10662}","{'devacc': np.float64(81.8), 'acc': np.float64(82.04), 'ndev': 3775, 'ntest': 3775}","{'devacc': np.float64(93.39), 'acc': np.float64(93.55), 'ndev': 10000, 'ntest': 10000}","{'devacc': np.float64(89.57), 'acc': np.float64(89.45), 'ndev': 10606, 'ntest': 10606}","{'devacc': np.float64(83.49), 'acc': 82.7, 'ndev': 872, 'ntest': 1821}","{'devacc': np.float64(84.81), 'acc': 91.6, 'ndev': 5452, 'ntest': 500}","{'devacc': np.float64(74.78), 'acc': 72.7, 'f1': 80.7, 'ndev': 4076, 'ntest': 1725}"
deberta-base,CLS+SUM_LYR-2,"torch.Size([61, 1536])",NORMAL,4,0,12,"{'devacc': np.float64(77.39), 'acc': np.float64(77.85), 'ndev': 10662, 'ntest': 10662}","{'devacc': np.float64(78.03), 'acc': np.float64(78.39), 'ndev': 3775, 'ntest': 3775}","{'devacc': np.float64(91.69), 'acc': np.float64(92.25), 'ndev': 10000, 'ntest': 10000}","{'devacc': np.float64(87.61), 'acc': np.float64(87.67), 'ndev': 10606, 'ntest': 10606}","{'devacc': np.float64(82.57), 'acc': 83.14, 'ndev': 872, 'ntest': 1821}","{'devacc': np.float64(82.61), 'acc': 90.0, 'ndev': 5452, 'ntest': 500}","{'devacc': np.float64(72.18), 'acc': 72.58, 'f1': 80.1, 'ndev': 4076, 'ntest': 1725}"
deberta-base,CLS+MAX_LYR-2,"torch.Size([61, 1536])",NORMAL,4,0,12,"{'devacc': np.float64(72.77), 'acc': np.float64(73.09), 'ndev': 10662, 'ntest': 10662}","{'devacc': np.float64(76.77), 'acc': np.float64(77.09), 'ndev': 3775, 'ntest': 3775}","{'devacc': np.float64(89.32), 'acc': np.float64(89.45), 'ndev': 10000, 'ntest': 10000}","{'devacc': np.float64(87.68), 'acc': np.float64(87.95), 'ndev': 10606, 'ntest': 10606}","{'devacc': np.float64(75.69), 'acc': 75.89, 'ndev': 872, 'ntest': 1821}","{'devacc': np.float64(82.37), 'acc': 90.4, 'ndev': 5452, 'ntest': 500}","{'devacc': np.float64(69.67), 'acc': 70.84, 'f1': 78.53, 'ndev': 4076, 'ntest': 1725}"
deberta-base,CLS+AVG-NS_LYR-2,"torch.Size([61, 1536])",NORMAL,4,0,12,"{'devacc': np.float64(78.26), 'acc': np.float64(78.32), 'ndev': 10662, 'ntest': 10662}","{'devacc': np.float64(81.56), 'acc': np.float64(81.7), 'ndev': 3775, 'ntest': 3775}","{'devacc': np.float64(93.31), 'acc': np.float64(93.47), 'ndev': 10000, 'ntest': 10000}","{'devacc': np.float64(88.93), 'acc': np.float64(89.2), 'ndev': 10606, 'ntest': 10606}","{'devacc': np.float64(82.57), 'acc': 82.32, 'ndev': 872, 'ntest': 1821}","{'devacc': np.float64(84.54), 'acc': 91.4, 'ndev': 5452, 'ntest': 500}","{'devacc': np.float64(74.04), 'acc': 72.41, 'f1': 80.52, 'ndev': 4076, 'ntest': 1725}"
deberta-base,CLS+SUM-NS_LYR-2,"torch.Size([61, 1536])",NORMAL,4,0,12,"{'devacc': np.float64(77.25), 'acc': np.float64(77.46), 'ndev': 10662, 'ntest': 10662}","{'devacc': np.float64(77.89), 'acc': np.float64(78.73), 'ndev': 3775, 'ntest': 3775}","{'devacc': np.float64(91.75), 'acc': np.float64(92.18), 'ndev': 10000, 'ntest': 10000}","{'devacc': np.float64(87.6), 'acc': np.float64(87.6), 'ndev': 10606, 'ntest': 10606}","{'devacc': np.float64(82.22), 'acc': 82.81, 'ndev': 872, 'ntest': 1821}","{'devacc': np.float64(82.89), 'acc': 90.0, 'ndev': 5452, 'ntest': 500}","{'devacc': np.float64(71.91), 'acc': 72.58, 'f1': 80.78, 'ndev': 4076, 'ntest': 1725}"
deberta-base,CLS+MAX-NS_LYR-2,"torch.Size([61, 1536])",NORMAL,4,0,12,"{'devacc': np.float64(72.67), 'acc': np.float64(72.5), 'ndev': 10662, 'ntest': 10662}","{'devacc': np.float64(62.55), 'acc': np.float64(64.79), 'ndev': 3775, 'ntest': 3775}","{'devacc': np.float64(89.5), 'acc': np.float64(89.68), 'ndev': 10000, 'ntest': 10000}","{'devacc': np.float64(57.78), 'acc': np.float64(49.07), 'ndev': 10606, 'ntest': 10606}","{'devacc': np.float64(76.03), 'acc': 75.78, 'ndev': 872, 'ntest': 1821}","{'devacc': np.float64(82.15), 'acc': 88.6, 'ndev': 5452, 'ntest': 500}","{'devacc': np.float64(69.9), 'acc': 70.38, 'f1': 78.0, 'ndev': 4076, 'ntest': 1725}"
deberta-base,AVG+SUM_LYR-2,"torch.Size([61, 1536])",NORMAL,4,0,12,"{'devacc': np.float64(77.38), 'acc': np.float64(77.88), 'ndev': 10662, 'ntest': 10662}","{'devacc': np.float64(78.06), 'acc': np.float64(78.54), 'ndev': 3775, 'ntest': 3775}","{'devacc': np.float64(91.7), 'acc': np.float64(92.09), 'ndev': 10000, 'ntest': 10000}","{'devacc': np.float64(87.82), 'acc': np.float64(87.99), 'ndev': 10606, 'ntest': 10606}","{'devacc': np.float64(83.37), 'acc': 83.03, 'ndev': 872, 'ntest': 1821}","{'devacc': np.float64(82.83), 'acc': 90.0, 'ndev': 5452, 'ntest': 500}","{'devacc': np.float64(72.01), 'acc': 72.35, 'f1': 79.81, 'ndev': 4076, 'ntest': 1725}"
deberta-base,AVG+MAX_LYR-2,"torch.Size([61, 1536])",NORMAL,4,0,12,"{'devacc': np.float64(76.86), 'acc': np.float64(76.87), 'ndev': 10662, 'ntest': 10662}","{'devacc': np.float64(78.83), 'acc': np.float64(78.46), 'ndev': 3775, 'ntest': 3775}","{'devacc': np.float64(92.14), 'acc': np.float64(92.23), 'ndev': 10000, 'ntest': 10000}","{'devacc': np.float64(88.52), 'acc': np.float64(88.78), 'ndev': 10606, 'ntest': 10606}","{'devacc': np.float64(81.88), 'acc': 81.05, 'ndev': 872, 'ntest': 1821}","{'devacc': np.float64(84.57), 'acc': 90.2, 'ndev': 5452, 'ntest': 500}","{'devacc': np.float64(70.07), 'acc': 70.9, 'f1': 78.47, 'ndev': 4076, 'ntest': 1725}"
deberta-base,AVG+AVG-NS_LYR-2,"torch.Size([61, 1536])",NORMAL,4,0,12,"{'devacc': np.float64(78.21), 'acc': np.float64(78.23), 'ndev': 10662, 'ntest': 10662}","{'devacc': np.float64(81.55), 'acc': np.float64(81.93), 'ndev': 3775, 'ntest': 3775}","{'devacc': np.float64(93.35), 'acc': np.float64(93.56), 'ndev': 10000, 'ntest': 10000}","{'devacc': np.float64(88.93), 'acc': np.float64(89.29), 'ndev': 10606, 'ntest': 10606}","{'devacc': np.float64(83.72), 'acc': 83.58, 'ndev': 872, 'ntest': 1821}","{'devacc': np.float64(84.32), 'acc': 90.8, 'ndev': 5452, 'ntest': 500}","{'devacc': np.float64(74.17), 'acc': 71.83, 'f1': 79.78, 'ndev': 4076, 'ntest': 1725}"
deberta-base,AVG+SUM-NS_LYR-2,"torch.Size([61, 1536])",NORMAL,4,0,12,"{'devacc': np.float64(77.25), 'acc': np.float64(77.36), 'ndev': 10662, 'ntest': 10662}","{'devacc': np.float64(77.9), 'acc': np.float64(78.62), 'ndev': 3775, 'ntest': 3775}","{'devacc': np.float64(91.75), 'acc': np.float64(91.94), 'ndev': 10000, 'ntest': 10000}","{'devacc': np.float64(87.84), 'acc': np.float64(88.14), 'ndev': 10606, 'ntest': 10606}","{'devacc': np.float64(83.03), 'acc': 83.03, 'ndev': 872, 'ntest': 1821}","{'devacc': np.float64(82.96), 'acc': 89.8, 'ndev': 5452, 'ntest': 500}","{'devacc': np.float64(72.1), 'acc': 73.45, 'f1': 81.12, 'ndev': 4076, 'ntest': 1725}"
deberta-base,AVG+MAX-NS_LYR-2,"torch.Size([61, 1536])",NORMAL,4,0,12,"{'devacc': np.float64(76.86), 'acc': np.float64(76.67), 'ndev': 10662, 'ntest': 10662}","{'devacc': np.float64(62.77), 'acc': np.float64(65.16), 'ndev': 3775, 'ntest': 3775}","{'devacc': np.float64(92.23), 'acc': np.float64(92.26), 'ndev': 10000, 'ntest': 10000}","{'devacc': np.float64(57.9), 'acc': np.float64(49.42), 'ndev': 10606, 'ntest': 10606}","{'devacc': np.float64(81.77), 'acc': 80.89, 'ndev': 872, 'ntest': 1821}","{'devacc': np.float64(84.13), 'acc': 90.8, 'ndev': 5452, 'ntest': 500}","{'devacc': np.float64(70.24), 'acc': 70.96, 'f1': 78.43, 'ndev': 4076, 'ntest': 1725}"
deberta-base,SUM+MAX_LYR-2,"torch.Size([61, 1536])",NORMAL,4,0,12,"{'devacc': np.float64(77.17), 'acc': np.float64(77.43), 'ndev': 10662, 'ntest': 10662}","{'devacc': np.float64(77.99), 'acc': np.float64(78.07), 'ndev': 3775, 'ntest': 3775}","{'devacc': np.float64(91.44), 'acc': np.float64(91.92), 'ndev': 10000, 'ntest': 10000}","{'devacc': np.float64(87.14), 'acc': np.float64(87.27), 'ndev': 10606, 'ntest': 10606}","{'devacc': np.float64(82.45), 'acc': 82.15, 'ndev': 872, 'ntest': 1821}","{'devacc': np.float64(83.38), 'acc': 90.4, 'ndev': 5452, 'ntest': 500}","{'devacc': np.float64(72.03), 'acc': 72.81, 'f1': 80.56, 'ndev': 4076, 'ntest': 1725}"
deberta-base,SUM+AVG-NS_LYR-2,"torch.Size([61, 1536])",NORMAL,4,0,12,"{'devacc': np.float64(77.37), 'acc': np.float64(77.79), 'ndev': 10662, 'ntest': 10662}","{'devacc': np.float64(78.05), 'acc': np.float64(78.52), 'ndev': 3775, 'ntest': 3775}","{'devacc': np.float64(91.68), 'acc': np.float64(92.15), 'ndev': 10000, 'ntest': 10000}","{'devacc': np.float64(87.43), 'acc': np.float64(87.54), 'ndev': 10606, 'ntest': 10606}","{'devacc': np.float64(83.03), 'acc': 83.31, 'ndev': 872, 'ntest': 1821}","{'devacc': np.float64(82.67), 'acc': 89.4, 'ndev': 5452, 'ntest': 500}","{'devacc': np.float64(72.15), 'acc': 72.41, 'f1': 80.3, 'ndev': 4076, 'ntest': 1725}"
deberta-base,SUM+SUM-NS_LYR-2,"torch.Size([61, 1536])",NORMAL,4,0,12,"{'devacc': np.float64(77.18), 'acc': np.float64(77.49), 'ndev': 10662, 'ntest': 10662}","{'devacc': np.float64(77.3), 'acc': np.float64(78.36), 'ndev': 3775, 'ntest': 3775}","{'devacc': np.float64(91.8), 'acc': np.float64(91.94), 'ndev': 10000, 'ntest': 10000}","{'devacc': np.float64(87.42), 'acc': np.float64(87.55), 'ndev': 10606, 'ntest': 10606}","{'devacc': np.float64(83.03), 'acc': 82.65, 'ndev': 872, 'ntest': 1821}","{'devacc': np.float64(82.54), 'acc': 89.2, 'ndev': 5452, 'ntest': 500}","{'devacc': np.float64(72.32), 'acc': 72.46, 'f1': 79.86, 'ndev': 4076, 'ntest': 1725}"
deberta-base,SUM+MAX-NS_LYR-2,"torch.Size([61, 1536])",NORMAL,4,0,12,"{'devacc': np.float64(77.18), 'acc': np.float64(77.33), 'ndev': 10662, 'ntest': 10662}","{'devacc': np.float64(67.33), 'acc': np.float64(65.16), 'ndev': 3775, 'ntest': 3775}","{'devacc': np.float64(91.44), 'acc': np.float64(91.86), 'ndev': 10000, 'ntest': 10000}","{'devacc': np.float64(57.58), 'acc': np.float64(49.19), 'ndev': 10606, 'ntest': 10606}","{'devacc': np.float64(82.0), 'acc': 82.15, 'ndev': 872, 'ntest': 1821}","{'devacc': np.float64(83.14), 'acc': 90.6, 'ndev': 5452, 'ntest': 500}","{'devacc': np.float64(72.08), 'acc': 72.87, 'f1': 80.42, 'ndev': 4076, 'ntest': 1725}"
deberta-base,MAX+AVG-NS_LYR-2,"torch.Size([61, 1536])",NORMAL,4,0,12,"{'devacc': np.float64(76.84), 'acc': np.float64(76.84), 'ndev': 10662, 'ntest': 10662}","{'devacc': np.float64(78.77), 'acc': np.float64(78.52), 'ndev': 3775, 'ntest': 3775}","{'devacc': np.float64(92.22), 'acc': np.float64(92.35), 'ndev': 10000, 'ntest': 10000}","{'devacc': np.float64(88.09), 'acc': np.float64(88.39), 'ndev': 10606, 'ntest': 10606}","{'devacc': np.float64(81.65), 'acc': 80.4, 'ndev': 872, 'ntest': 1821}","{'devacc': np.float64(84.85), 'acc': 90.0, 'ndev': 5452, 'ntest': 500}","{'devacc': np.float64(70.41), 'acc': 70.43, 'f1': 78.15, 'ndev': 4076, 'ntest': 1725}"
deberta-base,MAX+SUM-NS_LYR-2,"torch.Size([61, 1536])",NORMAL,4,0,12,"{'devacc': np.float64(76.94), 'acc': np.float64(76.96), 'ndev': 10662, 'ntest': 10662}","{'devacc': np.float64(77.77), 'acc': np.float64(78.49), 'ndev': 3775, 'ntest': 3775}","{'devacc': np.float64(91.63), 'acc': np.float64(91.52), 'ndev': 10000, 'ntest': 10000}","{'devacc': np.float64(87.15), 'acc': np.float64(87.49), 'ndev': 10606, 'ntest': 10606}","{'devacc': np.float64(82.57), 'acc': 82.04, 'ndev': 872, 'ntest': 1821}","{'devacc': np.float64(83.24), 'acc': 90.4, 'ndev': 5452, 'ntest': 500}","{'devacc': np.float64(71.88), 'acc': 72.93, 'f1': 80.53, 'ndev': 4076, 'ntest': 1725}"
deberta-base,MAX+MAX-NS_LYR-2,"torch.Size([61, 1536])",NORMAL,4,0,12,"{'devacc': np.float64(72.6), 'acc': np.float64(72.6), 'ndev': 10662, 'ntest': 10662}","{'devacc': np.float64(62.51), 'acc': np.float64(64.95), 'ndev': 3775, 'ntest': 3775}","{'devacc': np.float64(89.08), 'acc': np.float64(89.44), 'ndev': 10000, 'ntest': 10000}","{'devacc': np.float64(57.67), 'acc': np.float64(49.11), 'ndev': 10606, 'ntest': 10606}","{'devacc': np.float64(76.03), 'acc': 75.89, 'ndev': 872, 'ntest': 1821}","{'devacc': np.float64(82.32), 'acc': 89.6, 'ndev': 5452, 'ntest': 500}","{'devacc': np.float64(69.09), 'acc': 71.83, 'f1': 79.39, 'ndev': 4076, 'ntest': 1725}"
deberta-base,AVG-NS+SUM-NS_LYR-2,"torch.Size([61, 1536])",NORMAL,4,0,12,"{'devacc': np.float64(77.21), 'acc': np.float64(77.31), 'ndev': 10662, 'ntest': 10662}","{'devacc': np.float64(77.86), 'acc': np.float64(78.68), 'ndev': 3775, 'ntest': 3775}","{'devacc': np.float64(91.76), 'acc': np.float64(91.97), 'ndev': 10000, 'ntest': 10000}","{'devacc': np.float64(87.48), 'acc': np.float64(87.66), 'ndev': 10606, 'ntest': 10606}","{'devacc': np.float64(82.11), 'acc': 82.54, 'ndev': 872, 'ntest': 1821}","{'devacc': np.float64(82.98), 'acc': 89.8, 'ndev': 5452, 'ntest': 500}","{'devacc': np.float64(72.13), 'acc': 71.88, 'f1': 80.37, 'ndev': 4076, 'ntest': 1725}"
deberta-base,AVG-NS+MAX-NS_LYR-2,"torch.Size([61, 1536])",NORMAL,4,0,12,"{'devacc': np.float64(76.83), 'acc': np.float64(76.89), 'ndev': 10662, 'ntest': 10662}","{'devacc': np.float64(62.8), 'acc': np.float64(65.35), 'ndev': 3775, 'ntest': 3775}","{'devacc': np.float64(92.28), 'acc': np.float64(92.4), 'ndev': 10000, 'ntest': 10000}","{'devacc': np.float64(57.81), 'acc': np.float64(49.19), 'ndev': 10606, 'ntest': 10606}","{'devacc': np.float64(82.0), 'acc': 80.45, 'ndev': 872, 'ntest': 1821}","{'devacc': np.float64(84.68), 'acc': 90.6, 'ndev': 5452, 'ntest': 500}","{'devacc': np.float64(70.44), 'acc': 71.19, 'f1': 78.73, 'ndev': 4076, 'ntest': 1725}"
deberta-base,SUM-NS+MAX-NS_LYR-2,"torch.Size([61, 1536])",NORMAL,4,0,12,"{'devacc': np.float64(76.94), 'acc': np.float64(77.04), 'ndev': 10662, 'ntest': 10662}","{'devacc': np.float64(67.39), 'acc': np.float64(65.96), 'ndev': 3775, 'ntest': 3775}","{'devacc': np.float64(91.62), 'acc': np.float64(91.54), 'ndev': 10000, 'ntest': 10000}","{'devacc': np.float64(57.61), 'acc': np.float64(49.1), 'ndev': 10606, 'ntest': 10606}","{'devacc': np.float64(82.45), 'acc': 82.43, 'ndev': 872, 'ntest': 1821}","{'devacc': np.float64(83.36), 'acc': 90.4, 'ndev': 5452, 'ntest': 500}","{'devacc': np.float64(72.25), 'acc': 72.75, 'f1': 80.27, 'ndev': 4076, 'ntest': 1725}"
deberta-base,CLS+AVG_LYR-3,"torch.Size([61, 1536])",NORMAL,4,0,12,"{'devacc': np.float64(79.65), 'acc': np.float64(79.71), 'ndev': 10662, 'ntest': 10662}","{'devacc': np.float64(82.79), 'acc': np.float64(83.02), 'ndev': 3775, 'ntest': 3775}","{'devacc': np.float64(94.2), 'acc': np.float64(94.28), 'ndev': 10000, 'ntest': 10000}","{'devacc': np.float64(89.78), 'acc': np.float64(89.78), 'ndev': 10606, 'ntest': 10606}","{'devacc': np.float64(84.4), 'acc': 84.95, 'ndev': 872, 'ntest': 1821}","{'devacc': np.float64(85.27), 'acc': 92.4, 'ndev': 5452, 'ntest': 500}","{'devacc': np.float64(74.36), 'acc': 73.91, 'f1': 81.28, 'ndev': 4076, 'ntest': 1725}"
deberta-base,CLS+SUM_LYR-3,"torch.Size([61, 1536])",NORMAL,4,0,12,"{'devacc': np.float64(78.37), 'acc': np.float64(78.29), 'ndev': 10662, 'ntest': 10662}","{'devacc': np.float64(79.34), 'acc': np.float64(79.44), 'ndev': 3775, 'ntest': 3775}","{'devacc': np.float64(92.37), 'acc': np.float64(92.48), 'ndev': 10000, 'ntest': 10000}","{'devacc': np.float64(87.99), 'acc': np.float64(88.16), 'ndev': 10606, 'ntest': 10606}","{'devacc': np.float64(83.37), 'acc': 84.68, 'ndev': 872, 'ntest': 1821}","{'devacc': np.float64(83.44), 'acc': 91.8, 'ndev': 5452, 'ntest': 500}","{'devacc': np.float64(72.35), 'acc': 72.41, 'f1': 80.08, 'ndev': 4076, 'ntest': 1725}"
deberta-base,CLS+MAX_LYR-3,"torch.Size([61, 1536])",NORMAL,4,0,12,"{'devacc': np.float64(74.14), 'acc': np.float64(74.62), 'ndev': 10662, 'ntest': 10662}","{'devacc': np.float64(78.18), 'acc': np.float64(78.23), 'ndev': 3775, 'ntest': 3775}","{'devacc': np.float64(90.48), 'acc': np.float64(90.78), 'ndev': 10000, 'ntest': 10000}","{'devacc': np.float64(88.06), 'acc': np.float64(88.23), 'ndev': 10606, 'ntest': 10606}","{'devacc': np.float64(78.78), 'acc': 78.42, 'ndev': 872, 'ntest': 1821}","{'devacc': np.float64(83.4), 'acc': 91.0, 'ndev': 5452, 'ntest': 500}","{'devacc': np.float64(70.56), 'acc': 71.19, 'f1': 78.81, 'ndev': 4076, 'ntest': 1725}"
deberta-base,CLS+AVG-NS_LYR-3,"torch.Size([61, 1536])",NORMAL,4,0,12,"{'devacc': np.float64(79.49), 'acc': np.float64(79.38), 'ndev': 10662, 'ntest': 10662}","{'devacc': np.float64(82.42), 'acc': np.float64(82.44), 'ndev': 3775, 'ntest': 3775}","{'devacc': np.float64(94.15), 'acc': np.float64(94.28), 'ndev': 10000, 'ntest': 10000}","{'devacc': np.float64(89.08), 'acc': np.float64(89.22), 'ndev': 10606, 'ntest': 10606}","{'devacc': np.float64(84.06), 'acc': 84.4, 'ndev': 872, 'ntest': 1821}","{'devacc': np.float64(85.35), 'acc': 93.0, 'ndev': 5452, 'ntest': 500}","{'devacc': np.float64(74.14), 'acc': 74.84, 'f1': 82.17, 'ndev': 4076, 'ntest': 1725}"
deberta-base,CLS+SUM-NS_LYR-3,"torch.Size([61, 1536])",NORMAL,4,0,12,"{'devacc': np.float64(78.21), 'acc': np.float64(78.24), 'ndev': 10662, 'ntest': 10662}","{'devacc': np.float64(79.15), 'acc': np.float64(79.71), 'ndev': 3775, 'ntest': 3775}","{'devacc': np.float64(92.4), 'acc': np.float64(92.45), 'ndev': 10000, 'ntest': 10000}","{'devacc': np.float64(88.03), 'acc': np.float64(88.35), 'ndev': 10606, 'ntest': 10606}","{'devacc': np.float64(83.72), 'acc': 84.35, 'ndev': 872, 'ntest': 1821}","{'devacc': np.float64(83.49), 'acc': 91.4, 'ndev': 5452, 'ntest': 500}","{'devacc': np.float64(72.15), 'acc': 72.7, 'f1': 80.67, 'ndev': 4076, 'ntest': 1725}"
deberta-base,CLS+MAX-NS_LYR-3,"torch.Size([61, 1536])",NORMAL,4,0,12,"{'devacc': np.float64(74.15), 'acc': np.float64(74.44), 'ndev': 10662, 'ntest': 10662}","{'devacc': np.float64(62.72), 'acc': np.float64(64.95), 'ndev': 3775, 'ntest': 3775}","{'devacc': np.float64(90.62), 'acc': np.float64(90.79), 'ndev': 10000, 'ntest': 10000}","{'devacc': np.float64(57.86), 'acc': np.float64(49.22), 'ndev': 10606, 'ntest': 10606}","{'devacc': np.float64(78.44), 'acc': 78.09, 'ndev': 872, 'ntest': 1821}","{'devacc': np.float64(83.44), 'acc': 91.4, 'ndev': 5452, 'ntest': 500}","{'devacc': np.float64(71.02), 'acc': 70.49, 'f1': 77.88, 'ndev': 4076, 'ntest': 1725}"
deberta-base,AVG+SUM_LYR-3,"torch.Size([61, 1536])",NORMAL,4,0,12,"{'devacc': np.float64(78.36), 'acc': np.float64(78.35), 'ndev': 10662, 'ntest': 10662}","{'devacc': np.float64(79.29), 'acc': np.float64(79.1), 'ndev': 3775, 'ntest': 3775}","{'devacc': np.float64(92.37), 'acc': np.float64(92.55), 'ndev': 10000, 'ntest': 10000}","{'devacc': np.float64(88.04), 'acc': np.float64(88.31), 'ndev': 10606, 'ntest': 10606}","{'devacc': np.float64(84.75), 'acc': 84.35, 'ndev': 872, 'ntest': 1821}","{'devacc': np.float64(83.57), 'acc': 92.4, 'ndev': 5452, 'ntest': 500}","{'devacc': np.float64(72.38), 'acc': 72.41, 'f1': 80.07, 'ndev': 4076, 'ntest': 1725}"
deberta-base,AVG+MAX_LYR-3,"torch.Size([61, 1536])",NORMAL,4,0,12,"{'devacc': np.float64(77.98), 'acc': np.float64(77.81), 'ndev': 10662, 'ntest': 10662}","{'devacc': np.float64(80.4), 'acc': np.float64(80.61), 'ndev': 3775, 'ntest': 3775}","{'devacc': np.float64(92.79), 'acc': np.float64(93.07), 'ndev': 10000, 'ntest': 10000}","{'devacc': np.float64(88.62), 'acc': np.float64(88.84), 'ndev': 10606, 'ntest': 10606}","{'devacc': np.float64(83.49), 'acc': 84.13, 'ndev': 872, 'ntest': 1821}","{'devacc': np.float64(85.31), 'acc': 92.6, 'ndev': 5452, 'ntest': 500}","{'devacc': np.float64(71.1), 'acc': 69.45, 'f1': 77.16, 'ndev': 4076, 'ntest': 1725}"
deberta-base,AVG+AVG-NS_LYR-3,"torch.Size([61, 1536])",NORMAL,4,0,12,"{'devacc': np.float64(79.38), 'acc': np.float64(79.47), 'ndev': 10662, 'ntest': 10662}","{'devacc': np.float64(82.34), 'acc': np.float64(82.46), 'ndev': 3775, 'ntest': 3775}","{'devacc': np.float64(94.18), 'acc': np.float64(94.31), 'ndev': 10000, 'ntest': 10000}","{'devacc': np.float64(89.11), 'acc': np.float64(89.21), 'ndev': 10606, 'ntest': 10606}","{'devacc': np.float64(84.75), 'acc': 85.06, 'ndev': 872, 'ntest': 1821}","{'devacc': np.float64(85.09), 'acc': 92.4, 'ndev': 5452, 'ntest': 500}","{'devacc': np.float64(74.44), 'acc': 74.38, 'f1': 81.71, 'ndev': 4076, 'ntest': 1725}"
deberta-base,AVG+SUM-NS_LYR-3,"torch.Size([61, 1536])",NORMAL,4,0,12,"{'devacc': np.float64(78.15), 'acc': np.float64(78.0), 'ndev': 10662, 'ntest': 10662}","{'devacc': np.float64(79.1), 'acc': np.float64(79.73), 'ndev': 3775, 'ntest': 3775}","{'devacc': np.float64(92.4), 'acc': np.float64(92.46), 'ndev': 10000, 'ntest': 10000}","{'devacc': np.float64(88.16), 'acc': np.float64(88.5), 'ndev': 10606, 'ntest': 10606}","{'devacc': np.float64(83.72), 'acc': 83.47, 'ndev': 872, 'ntest': 1821}","{'devacc': np.float64(83.31), 'acc': 91.0, 'ndev': 5452, 'ntest': 500}","{'devacc': np.float64(72.13), 'acc': 72.23, 'f1': 80.17, 'ndev': 4076, 'ntest': 1725}"
deberta-base,AVG+MAX-NS_LYR-3,"torch.Size([61, 1536])",NORMAL,4,0,12,"{'devacc': np.float64(78.12), 'acc': np.float64(78.58), 'ndev': 10662, 'ntest': 10662}","{'devacc': np.float64(62.97), 'acc': np.float64(65.32), 'ndev': 3775, 'ntest': 3775}","{'devacc': np.float64(92.8), 'acc': np.float64(92.98), 'ndev': 10000, 'ntest': 10000}","{'devacc': np.float64(57.95), 'acc': np.float64(49.44), 'ndev': 10606, 'ntest': 10606}","{'devacc': np.float64(83.49), 'acc': 84.62, 'ndev': 872, 'ntest': 1821}","{'devacc': np.float64(85.46), 'acc': 92.4, 'ndev': 5452, 'ntest': 500}","{'devacc': np.float64(71.2), 'acc': 70.67, 'f1': 78.11, 'ndev': 4076, 'ntest': 1725}"
deberta-base,SUM+MAX_LYR-3,"torch.Size([61, 1536])",NORMAL,4,0,12,"{'devacc': np.float64(78.2), 'acc': np.float64(78.41), 'ndev': 10662, 'ntest': 10662}","{'devacc': np.float64(79.26), 'acc': np.float64(79.55), 'ndev': 3775, 'ntest': 3775}","{'devacc': np.float64(92.32), 'acc': np.float64(92.47), 'ndev': 10000, 'ntest': 10000}","{'devacc': np.float64(87.5), 'acc': np.float64(87.7), 'ndev': 10606, 'ntest': 10606}","{'devacc': np.float64(83.94), 'acc': 84.95, 'ndev': 872, 'ntest': 1821}","{'devacc': np.float64(84.03), 'acc': 92.0, 'ndev': 5452, 'ntest': 500}","{'devacc': np.float64(72.11), 'acc': 72.29, 'f1': 80.25, 'ndev': 4076, 'ntest': 1725}"
deberta-base,SUM+AVG-NS_LYR-3,"torch.Size([61, 1536])",NORMAL,4,0,12,"{'devacc': np.float64(78.32), 'acc': np.float64(78.23), 'ndev': 10662, 'ntest': 10662}","{'devacc': np.float64(79.35), 'acc': np.float64(79.31), 'ndev': 3775, 'ntest': 3775}","{'devacc': np.float64(92.37), 'acc': np.float64(92.42), 'ndev': 10000, 'ntest': 10000}","{'devacc': np.float64(87.8), 'acc': np.float64(87.87), 'ndev': 10606, 'ntest': 10606}","{'devacc': np.float64(83.94), 'acc': 84.24, 'ndev': 872, 'ntest': 1821}","{'devacc': np.float64(83.46), 'acc': 91.4, 'ndev': 5452, 'ntest': 500}","{'devacc': np.float64(72.67), 'acc': 72.64, 'f1': 80.28, 'ndev': 4076, 'ntest': 1725}"
deberta-base,SUM+SUM-NS_LYR-3,"torch.Size([61, 1536])",NORMAL,4,0,12,"{'devacc': np.float64(78.21), 'acc': np.float64(77.98), 'ndev': 10662, 'ntest': 10662}","{'devacc': np.float64(78.51), 'acc': np.float64(78.81), 'ndev': 3775, 'ntest': 3775}","{'devacc': np.float64(92.29), 'acc': np.float64(92.29), 'ndev': 10000, 'ntest': 10000}","{'devacc': np.float64(87.85), 'acc': np.float64(87.98), 'ndev': 10606, 'ntest': 10606}","{'devacc': np.float64(83.03), 'acc': 84.35, 'ndev': 872, 'ntest': 1821}","{'devacc': np.float64(83.27), 'acc': 90.6, 'ndev': 5452, 'ntest': 500}","{'devacc': np.float64(72.37), 'acc': 72.23, 'f1': 80.38, 'ndev': 4076, 'ntest': 1725}"
deberta-base,SUM+MAX-NS_LYR-3,"torch.Size([61, 1536])",NORMAL,4,0,12,"{'devacc': np.float64(78.19), 'acc': np.float64(78.16), 'ndev': 10662, 'ntest': 10662}","{'devacc': np.float64(67.84), 'acc': np.float64(67.73), 'ndev': 3775, 'ntest': 3775}","{'devacc': np.float64(92.3), 'acc': np.float64(92.22), 'ndev': 10000, 'ntest': 10000}","{'devacc': np.float64(57.66), 'acc': np.float64(49.21), 'ndev': 10606, 'ntest': 10606}","{'devacc': np.float64(83.14), 'acc': 84.29, 'ndev': 872, 'ntest': 1821}","{'devacc': np.float64(84.1), 'acc': 92.0, 'ndev': 5452, 'ntest': 500}","{'devacc': np.float64(71.93), 'acc': 72.46, 'f1': 80.2, 'ndev': 4076, 'ntest': 1725}"
deberta-base,MAX+AVG-NS_LYR-3,"torch.Size([61, 1536])",NORMAL,4,0,12,"{'devacc': np.float64(77.9), 'acc': np.float64(78.17), 'ndev': 10662, 'ntest': 10662}","{'devacc': np.float64(80.42), 'acc': np.float64(80.43), 'ndev': 3775, 'ntest': 3775}","{'devacc': np.float64(92.83), 'acc': np.float64(92.97), 'ndev': 10000, 'ntest': 10000}","{'devacc': np.float64(88.19), 'acc': np.float64(88.31), 'ndev': 10606, 'ntest': 10606}","{'devacc': np.float64(83.26), 'acc': 82.87, 'ndev': 872, 'ntest': 1821}","{'devacc': np.float64(85.97), 'acc': 92.8, 'ndev': 5452, 'ntest': 500}","{'devacc': np.float64(71.15), 'acc': 71.54, 'f1': 79.04, 'ndev': 4076, 'ntest': 1725}"
deberta-base,MAX+SUM-NS_LYR-3,"torch.Size([61, 1536])",NORMAL,4,0,12,"{'devacc': np.float64(77.99), 'acc': np.float64(78.02), 'ndev': 10662, 'ntest': 10662}","{'devacc': np.float64(79.02), 'acc': np.float64(79.23), 'ndev': 3775, 'ntest': 3775}","{'devacc': np.float64(92.3), 'acc': np.float64(92.44), 'ndev': 10000, 'ntest': 10000}","{'devacc': np.float64(87.52), 'acc': np.float64(87.8), 'ndev': 10606, 'ntest': 10606}","{'devacc': np.float64(83.26), 'acc': 84.51, 'ndev': 872, 'ntest': 1821}","{'devacc': np.float64(84.12), 'acc': 91.8, 'ndev': 5452, 'ntest': 500}","{'devacc': np.float64(72.28), 'acc': 72.12, 'f1': 79.85, 'ndev': 4076, 'ntest': 1725}"
deberta-base,MAX+MAX-NS_LYR-3,"torch.Size([61, 1536])",NORMAL,4,0,12,"{'devacc': np.float64(74.01), 'acc': np.float64(74.26), 'ndev': 10662, 'ntest': 10662}","{'devacc': np.float64(62.7), 'acc': np.float64(65.06), 'ndev': 3775, 'ntest': 3775}","{'devacc': np.float64(90.1), 'acc': np.float64(90.41), 'ndev': 10000, 'ntest': 10000}","{'devacc': np.float64(57.72), 'acc': np.float64(49.14), 'ndev': 10606, 'ntest': 10606}","{'devacc': np.float64(79.24), 'acc': 78.47, 'ndev': 872, 'ntest': 1821}","{'devacc': np.float64(83.33), 'acc': 92.0, 'ndev': 5452, 'ntest': 500}","{'devacc': np.float64(70.98), 'acc': 70.38, 'f1': 78.02, 'ndev': 4076, 'ntest': 1725}"
deberta-base,AVG-NS+SUM-NS_LYR-3,"torch.Size([61, 1536])",NORMAL,4,0,12,"{'devacc': np.float64(78.12), 'acc': np.float64(78.14), 'ndev': 10662, 'ntest': 10662}","{'devacc': np.float64(79.16), 'acc': np.float64(79.49), 'ndev': 3775, 'ntest': 3775}","{'devacc': np.float64(92.4), 'acc': np.float64(92.48), 'ndev': 10000, 'ntest': 10000}","{'devacc': np.float64(87.87), 'acc': np.float64(88.09), 'ndev': 10606, 'ntest': 10606}","{'devacc': np.float64(84.52), 'acc': 83.8, 'ndev': 872, 'ntest': 1821}","{'devacc': np.float64(83.58), 'acc': 92.2, 'ndev': 5452, 'ntest': 500}","{'devacc': np.float64(72.4), 'acc': 72.58, 'f1': 80.41, 'ndev': 4076, 'ntest': 1725}"
deberta-base,AVG-NS+MAX-NS_LYR-3,"torch.Size([61, 1536])",NORMAL,4,0,12,"{'devacc': np.float64(78.16), 'acc': np.float64(78.45), 'ndev': 10662, 'ntest': 10662}","{'devacc': np.float64(62.97), 'acc': np.float64(65.22), 'ndev': 3775, 'ntest': 3775}","{'devacc': np.float64(92.88), 'acc': np.float64(93.11), 'ndev': 10000, 'ntest': 10000}","{'devacc': np.float64(57.89), 'acc': np.float64(49.28), 'ndev': 10606, 'ntest': 10606}","{'devacc': np.float64(83.14), 'acc': 83.42, 'ndev': 872, 'ntest': 1821}","{'devacc': np.float64(85.88), 'acc': 93.0, 'ndev': 5452, 'ntest': 500}","{'devacc': np.float64(71.64), 'acc': 70.38, 'f1': 77.77, 'ndev': 4076, 'ntest': 1725}"
deberta-base,SUM-NS+MAX-NS_LYR-3,"torch.Size([61, 1536])",NORMAL,4,0,12,"{'devacc': np.float64(77.98), 'acc': np.float64(78.18), 'ndev': 10662, 'ntest': 10662}","{'devacc': np.float64(67.67), 'acc': np.float64(66.94), 'ndev': 3775, 'ntest': 3775}","{'devacc': np.float64(92.31), 'acc': np.float64(92.35), 'ndev': 10000, 'ntest': 10000}","{'devacc': np.float64(57.67), 'acc': np.float64(49.21), 'ndev': 10606, 'ntest': 10606}","{'devacc': np.float64(83.6), 'acc': 84.51, 'ndev': 872, 'ntest': 1821}","{'devacc': np.float64(84.3), 'acc': 91.6, 'ndev': 5452, 'ntest': 500}","{'devacc': np.float64(72.35), 'acc': 72.75, 'f1': 80.32, 'ndev': 4076, 'ntest': 1725}"
deberta-base,CLS+AVG_LYR-4,"torch.Size([61, 1536])",NORMAL,4,0,12,"{'devacc': np.float64(81.0), 'acc': np.float64(80.99), 'ndev': 10662, 'ntest': 10662}","{'devacc': np.float64(85.53), 'acc': np.float64(85.51), 'ndev': 3775, 'ntest': 3775}","{'devacc': np.float64(94.53), 'acc': np.float64(94.45), 'ndev': 10000, 'ntest': 10000}","{'devacc': np.float64(89.97), 'acc': np.float64(90.08), 'ndev': 10606, 'ntest': 10606}","{'devacc': np.float64(86.7), 'acc': 85.72, 'ndev': 872, 'ntest': 1821}","{'devacc': np.float64(87.03), 'acc': 93.6, 'ndev': 5452, 'ntest': 500}","{'devacc': np.float64(74.51), 'acc': 74.32, 'f1': 81.76, 'ndev': 4076, 'ntest': 1725}"
deberta-base,CLS+SUM_LYR-4,"torch.Size([61, 1536])",NORMAL,4,0,12,"{'devacc': np.float64(79.89), 'acc': np.float64(80.19), 'ndev': 10662, 'ntest': 10662}","{'devacc': np.float64(81.63), 'acc': np.float64(82.1), 'ndev': 3775, 'ntest': 3775}","{'devacc': np.float64(92.44), 'acc': np.float64(92.76), 'ndev': 10000, 'ntest': 10000}","{'devacc': np.float64(88.42), 'acc': np.float64(88.6), 'ndev': 10606, 'ntest': 10606}","{'devacc': np.float64(86.47), 'acc': 85.89, 'ndev': 872, 'ntest': 1821}","{'devacc': np.float64(85.31), 'acc': 92.2, 'ndev': 5452, 'ntest': 500}","{'devacc': np.float64(72.42), 'acc': 71.3, 'f1': 79.23, 'ndev': 4076, 'ntest': 1725}"
deberta-base,CLS+MAX_LYR-4,"torch.Size([61, 1536])",NORMAL,4,0,12,"{'devacc': np.float64(75.58), 'acc': np.float64(75.49), 'ndev': 10662, 'ntest': 10662}","{'devacc': np.float64(81.64), 'acc': np.float64(82.07), 'ndev': 3775, 'ntest': 3775}","{'devacc': np.float64(91.74), 'acc': np.float64(91.9), 'ndev': 10000, 'ntest': 10000}","{'devacc': np.float64(88.62), 'acc': np.float64(88.71), 'ndev': 10606, 'ntest': 10606}","{'devacc': np.float64(79.24), 'acc': 79.96, 'ndev': 872, 'ntest': 1821}","{'devacc': np.float64(85.58), 'acc': 92.4, 'ndev': 5452, 'ntest': 500}","{'devacc': np.float64(71.69), 'acc': 70.84, 'f1': 78.44, 'ndev': 4076, 'ntest': 1725}"
deberta-base,CLS+AVG-NS_LYR-4,"torch.Size([61, 1536])",NORMAL,4,0,12,"{'devacc': np.float64(80.65), 'acc': np.float64(80.71), 'ndev': 10662, 'ntest': 10662}","{'devacc': np.float64(85.16), 'acc': np.float64(84.69), 'ndev': 3775, 'ntest': 3775}","{'devacc': np.float64(94.59), 'acc': np.float64(94.57), 'ndev': 10000, 'ntest': 10000}","{'devacc': np.float64(89.48), 'acc': np.float64(89.7), 'ndev': 10606, 'ntest': 10606}","{'devacc': np.float64(86.58), 'acc': 85.56, 'ndev': 872, 'ntest': 1821}","{'devacc': np.float64(87.14), 'acc': 94.6, 'ndev': 5452, 'ntest': 500}","{'devacc': np.float64(74.24), 'acc': 74.2, 'f1': 81.56, 'ndev': 4076, 'ntest': 1725}"
deberta-base,CLS+SUM-NS_LYR-4,"torch.Size([61, 1536])",NORMAL,4,0,12,"{'devacc': np.float64(79.82), 'acc': np.float64(80.07), 'ndev': 10662, 'ntest': 10662}","{'devacc': np.float64(81.54), 'acc': np.float64(82.07), 'ndev': 3775, 'ntest': 3775}","{'devacc': np.float64(92.51), 'acc': np.float64(92.57), 'ndev': 10000, 'ntest': 10000}","{'devacc': np.float64(88.33), 'acc': np.float64(88.55), 'ndev': 10606, 'ntest': 10606}","{'devacc': np.float64(86.35), 'acc': 85.56, 'ndev': 872, 'ntest': 1821}","{'devacc': np.float64(85.55), 'acc': 93.0, 'ndev': 5452, 'ntest': 500}","{'devacc': np.float64(72.25), 'acc': 71.42, 'f1': 79.33, 'ndev': 4076, 'ntest': 1725}"
deberta-base,CLS+MAX-NS_LYR-4,"torch.Size([61, 1536])",NORMAL,4,0,12,"{'devacc': np.float64(75.46), 'acc': np.float64(75.25), 'ndev': 10662, 'ntest': 10662}","{'devacc': np.float64(63.06), 'acc': np.float64(65.69), 'ndev': 3775, 'ntest': 3775}","{'devacc': np.float64(91.77), 'acc': np.float64(91.92), 'ndev': 10000, 'ntest': 10000}","{'devacc': np.float64(58.07), 'acc': np.float64(49.5), 'ndev': 10606, 'ntest': 10606}","{'devacc': np.float64(79.47), 'acc': 79.46, 'ndev': 872, 'ntest': 1821}","{'devacc': np.float64(85.46), 'acc': 92.8, 'ndev': 5452, 'ntest': 500}","{'devacc': np.float64(71.49), 'acc': 70.78, 'f1': 78.26, 'ndev': 4076, 'ntest': 1725}"
deberta-base,AVG+SUM_LYR-4,"torch.Size([61, 1536])",NORMAL,4,0,12,"{'devacc': np.float64(79.87), 'acc': np.float64(80.11), 'ndev': 10662, 'ntest': 10662}","{'devacc': np.float64(81.63), 'acc': np.float64(81.59), 'ndev': 3775, 'ntest': 3775}","{'devacc': np.float64(92.45), 'acc': np.float64(92.75), 'ndev': 10000, 'ntest': 10000}","{'devacc': np.float64(88.43), 'acc': np.float64(88.63), 'ndev': 10606, 'ntest': 10606}","{'devacc': np.float64(85.44), 'acc': 85.45, 'ndev': 872, 'ntest': 1821}","{'devacc': np.float64(85.18), 'acc': 92.8, 'ndev': 5452, 'ntest': 500}","{'devacc': np.float64(72.69), 'acc': 71.59, 'f1': 79.08, 'ndev': 4076, 'ntest': 1725}"
deberta-base,AVG+MAX_LYR-4,"torch.Size([61, 1536])",NORMAL,4,0,12,"{'devacc': np.float64(79.62), 'acc': np.float64(79.69), 'ndev': 10662, 'ntest': 10662}","{'devacc': np.float64(83.77), 'acc': np.float64(84.11), 'ndev': 3775, 'ntest': 3775}","{'devacc': np.float64(93.61), 'acc': np.float64(93.84), 'ndev': 10000, 'ntest': 10000}","{'devacc': np.float64(89.33), 'acc': np.float64(89.36), 'ndev': 10606, 'ntest': 10606}","{'devacc': np.float64(85.21), 'acc': 85.06, 'ndev': 872, 'ntest': 1821}","{'devacc': np.float64(87.49), 'acc': 93.8, 'ndev': 5452, 'ntest': 500}","{'devacc': np.float64(72.28), 'acc': 71.07, 'f1': 78.57, 'ndev': 4076, 'ntest': 1725}"
deberta-base,AVG+AVG-NS_LYR-4,"torch.Size([61, 1536])",NORMAL,4,0,12,"{'devacc': np.float64(80.72), 'acc': np.float64(80.83), 'ndev': 10662, 'ntest': 10662}","{'devacc': np.float64(85.24), 'acc': np.float64(85.27), 'ndev': 3775, 'ntest': 3775}","{'devacc': np.float64(94.48), 'acc': np.float64(94.4), 'ndev': 10000, 'ntest': 10000}","{'devacc': np.float64(89.54), 'acc': np.float64(89.73), 'ndev': 10606, 'ntest': 10606}","{'devacc': np.float64(86.7), 'acc': 86.55, 'ndev': 872, 'ntest': 1821}","{'devacc': np.float64(87.14), 'acc': 93.4, 'ndev': 5452, 'ntest': 500}","{'devacc': np.float64(73.8), 'acc': 73.86, 'f1': 81.12, 'ndev': 4076, 'ntest': 1725}"
deberta-base,AVG+SUM-NS_LYR-4,"torch.Size([61, 1536])",NORMAL,4,0,12,"{'devacc': np.float64(79.81), 'acc': np.float64(80.02), 'ndev': 10662, 'ntest': 10662}","{'devacc': np.float64(81.33), 'acc': np.float64(81.65), 'ndev': 3775, 'ntest': 3775}","{'devacc': np.float64(92.5), 'acc': np.float64(92.55), 'ndev': 10000, 'ntest': 10000}","{'devacc': np.float64(88.43), 'acc': np.float64(88.65), 'ndev': 10606, 'ntest': 10606}","{'devacc': np.float64(85.67), 'acc': 85.83, 'ndev': 872, 'ntest': 1821}","{'devacc': np.float64(85.49), 'acc': 92.8, 'ndev': 5452, 'ntest': 500}","{'devacc': np.float64(72.08), 'acc': 71.71, 'f1': 79.93, 'ndev': 4076, 'ntest': 1725}"
deberta-base,AVG+MAX-NS_LYR-4,"torch.Size([61, 1536])",NORMAL,4,0,12,"{'devacc': np.float64(79.66), 'acc': np.float64(79.69), 'ndev': 10662, 'ntest': 10662}","{'devacc': np.float64(63.34), 'acc': np.float64(65.93), 'ndev': 3775, 'ntest': 3775}","{'devacc': np.float64(93.71), 'acc': np.float64(93.82), 'ndev': 10000, 'ntest': 10000}","{'devacc': np.float64(58.16), 'acc': np.float64(49.5), 'ndev': 10606, 'ntest': 10606}","{'devacc': np.float64(84.63), 'acc': 85.12, 'ndev': 872, 'ntest': 1821}","{'devacc': np.float64(87.51), 'acc': 93.4, 'ndev': 5452, 'ntest': 500}","{'devacc': np.float64(72.37), 'acc': 71.88, 'f1': 79.39, 'ndev': 4076, 'ntest': 1725}"
deberta-base,SUM+MAX_LYR-4,"torch.Size([61, 1536])",NORMAL,4,0,12,"{'devacc': np.float64(79.65), 'acc': np.float64(80.08), 'ndev': 10662, 'ntest': 10662}","{'devacc': np.float64(81.54), 'acc': np.float64(81.64), 'ndev': 3775, 'ntest': 3775}","{'devacc': np.float64(92.4), 'acc': np.float64(92.73), 'ndev': 10000, 'ntest': 10000}","{'devacc': np.float64(88.19), 'acc': np.float64(88.35), 'ndev': 10606, 'ntest': 10606}","{'devacc': np.float64(85.09), 'acc': 85.67, 'ndev': 872, 'ntest': 1821}","{'devacc': np.float64(85.77), 'acc': 93.8, 'ndev': 5452, 'ntest': 500}","{'devacc': np.float64(72.67), 'acc': 71.25, 'f1': 79.05, 'ndev': 4076, 'ntest': 1725}"
deberta-base,SUM+AVG-NS_LYR-4,"torch.Size([61, 1536])",NORMAL,4,0,12,"{'devacc': np.float64(79.85), 'acc': np.float64(80.29), 'ndev': 10662, 'ntest': 10662}","{'devacc': np.float64(81.53), 'acc': np.float64(81.86), 'ndev': 3775, 'ntest': 3775}","{'devacc': np.float64(92.46), 'acc': np.float64(92.79), 'ndev': 10000, 'ntest': 10000}","{'devacc': np.float64(88.32), 'acc': np.float64(88.61), 'ndev': 10606, 'ntest': 10606}","{'devacc': np.float64(86.35), 'acc': 86.22, 'ndev': 872, 'ntest': 1821}","{'devacc': np.float64(85.22), 'acc': 92.8, 'ndev': 5452, 'ntest': 500}","{'devacc': np.float64(72.42), 'acc': 71.19, 'f1': 79.04, 'ndev': 4076, 'ntest': 1725}"
deberta-base,SUM+SUM-NS_LYR-4,"torch.Size([61, 1536])",NORMAL,4,0,12,"{'devacc': np.float64(79.73), 'acc': np.float64(79.95), 'ndev': 10662, 'ntest': 10662}","{'devacc': np.float64(81.55), 'acc': np.float64(81.8), 'ndev': 3775, 'ntest': 3775}","{'devacc': np.float64(92.45), 'acc': np.float64(92.58), 'ndev': 10000, 'ntest': 10000}","{'devacc': np.float64(88.17), 'acc': np.float64(88.49), 'ndev': 10606, 'ntest': 10606}","{'devacc': np.float64(85.67), 'acc': 85.67, 'ndev': 872, 'ntest': 1821}","{'devacc': np.float64(85.14), 'acc': 93.0, 'ndev': 5452, 'ntest': 500}","{'devacc': np.float64(72.42), 'acc': 72.0, 'f1': 79.39, 'ndev': 4076, 'ntest': 1725}"
deberta-base,SUM+MAX-NS_LYR-4,"torch.Size([61, 1536])",NORMAL,4,0,12,"{'devacc': np.float64(79.58), 'acc': np.float64(79.84), 'ndev': 10662, 'ntest': 10662}","{'devacc': np.float64(69.23), 'acc': np.float64(65.64), 'ndev': 3775, 'ntest': 3775}","{'devacc': np.float64(92.42), 'acc': np.float64(92.65), 'ndev': 10000, 'ntest': 10000}","{'devacc': np.float64(57.85), 'acc': np.float64(49.28), 'ndev': 10606, 'ntest': 10606}","{'devacc': np.float64(85.21), 'acc': 85.5, 'ndev': 872, 'ntest': 1821}","{'devacc': np.float64(85.8), 'acc': 93.6, 'ndev': 5452, 'ntest': 500}","{'devacc': np.float64(72.64), 'acc': 71.77, 'f1': 79.51, 'ndev': 4076, 'ntest': 1725}"
deberta-base,MAX+AVG-NS_LYR-4,"torch.Size([61, 1536])",NORMAL,4,0,12,"{'devacc': np.float64(79.53), 'acc': np.float64(79.58), 'ndev': 10662, 'ntest': 10662}","{'devacc': np.float64(83.61), 'acc': np.float64(83.66), 'ndev': 3775, 'ntest': 3775}","{'devacc': np.float64(93.67), 'acc': np.float64(93.98), 'ndev': 10000, 'ntest': 10000}","{'devacc': np.float64(88.88), 'acc': np.float64(89.04), 'ndev': 10606, 'ntest': 10606}","{'devacc': np.float64(84.86), 'acc': 84.13, 'ndev': 872, 'ntest': 1821}","{'devacc': np.float64(87.69), 'acc': 93.4, 'ndev': 5452, 'ntest': 500}","{'devacc': np.float64(72.45), 'acc': 70.9, 'f1': 78.36, 'ndev': 4076, 'ntest': 1725}"
deberta-base,MAX+SUM-NS_LYR-4,"torch.Size([61, 1536])",NORMAL,4,0,12,"{'devacc': np.float64(79.57), 'acc': np.float64(79.76), 'ndev': 10662, 'ntest': 10662}","{'devacc': np.float64(81.45), 'acc': np.float64(81.88), 'ndev': 3775, 'ntest': 3775}","{'devacc': np.float64(92.44), 'acc': np.float64(92.45), 'ndev': 10000, 'ntest': 10000}","{'devacc': np.float64(88.18), 'acc': np.float64(88.21), 'ndev': 10606, 'ntest': 10606}","{'devacc': np.float64(84.63), 'acc': 85.28, 'ndev': 872, 'ntest': 1821}","{'devacc': np.float64(85.88), 'acc': 93.6, 'ndev': 5452, 'ntest': 500}","{'devacc': np.float64(72.37), 'acc': 71.88, 'f1': 79.83, 'ndev': 4076, 'ntest': 1725}"
deberta-base,MAX+MAX-NS_LYR-4,"torch.Size([61, 1536])",NORMAL,4,0,12,"{'devacc': np.float64(75.42), 'acc': np.float64(75.26), 'ndev': 10662, 'ntest': 10662}","{'devacc': np.float64(62.98), 'acc': np.float64(65.67), 'ndev': 3775, 'ntest': 3775}","{'devacc': np.float64(91.41), 'acc': np.float64(91.61), 'ndev': 10000, 'ntest': 10000}","{'devacc': np.float64(57.96), 'acc': np.float64(49.3), 'ndev': 10606, 'ntest': 10606}","{'devacc': np.float64(79.59), 'acc': 79.85, 'ndev': 872, 'ntest': 1821}","{'devacc': np.float64(85.14), 'acc': 92.6, 'ndev': 5452, 'ntest': 500}","{'devacc': np.float64(71.2), 'acc': 70.96, 'f1': 78.43, 'ndev': 4076, 'ntest': 1725}"
deberta-base,AVG-NS+SUM-NS_LYR-4,"torch.Size([61, 1536])",NORMAL,4,0,12,"{'devacc': np.float64(79.8), 'acc': np.float64(80.06), 'ndev': 10662, 'ntest': 10662}","{'devacc': np.float64(81.4), 'acc': np.float64(81.64), 'ndev': 3775, 'ntest': 3775}","{'devacc': np.float64(92.52), 'acc': np.float64(92.62), 'ndev': 10000, 'ntest': 10000}","{'devacc': np.float64(88.29), 'acc': np.float64(88.43), 'ndev': 10606, 'ntest': 10606}","{'devacc': np.float64(86.01), 'acc': 86.11, 'ndev': 872, 'ntest': 1821}","{'devacc': np.float64(85.53), 'acc': 92.6, 'ndev': 5452, 'ntest': 500}","{'devacc': np.float64(72.1), 'acc': 71.48, 'f1': 79.4, 'ndev': 4076, 'ntest': 1725}"
deberta-base,AVG-NS+MAX-NS_LYR-4,"torch.Size([61, 1536])",NORMAL,4,0,12,"{'devacc': np.float64(79.42), 'acc': np.float64(79.59), 'ndev': 10662, 'ntest': 10662}","{'devacc': np.float64(63.34), 'acc': np.float64(65.85), 'ndev': 3775, 'ntest': 3775}","{'devacc': np.float64(93.74), 'acc': np.float64(93.85), 'ndev': 10000, 'ntest': 10000}","{'devacc': np.float64(58.03), 'acc': np.float64(49.39), 'ndev': 10606, 'ntest': 10606}","{'devacc': np.float64(84.86), 'acc': 84.79, 'ndev': 872, 'ntest': 1821}","{'devacc': np.float64(87.8), 'acc': 93.4, 'ndev': 5452, 'ntest': 500}","{'devacc': np.float64(72.57), 'acc': 72.35, 'f1': 79.62, 'ndev': 4076, 'ntest': 1725}"
deberta-base,SUM-NS+MAX-NS_LYR-4,"torch.Size([61, 1536])",NORMAL,4,0,12,"{'devacc': np.float64(79.48), 'acc': np.float64(79.65), 'ndev': 10662, 'ntest': 10662}","{'devacc': np.float64(70.13), 'acc': np.float64(66.62), 'ndev': 3775, 'ntest': 3775}","{'devacc': np.float64(92.48), 'acc': np.float64(92.4), 'ndev': 10000, 'ntest': 10000}","{'devacc': np.float64(57.87), 'acc': np.float64(49.28), 'ndev': 10606, 'ntest': 10606}","{'devacc': np.float64(84.86), 'acc': 85.34, 'ndev': 872, 'ntest': 1821}","{'devacc': np.float64(85.91), 'acc': 93.2, 'ndev': 5452, 'ntest': 500}","{'devacc': np.float64(72.33), 'acc': 72.52, 'f1': 80.02, 'ndev': 4076, 'ntest': 1725}"
deberta-base,CLS+AVG_LYR-5,"torch.Size([61, 1536])",NORMAL,4,0,12,"{'devacc': np.float64(81.97), 'acc': np.float64(81.98), 'ndev': 10662, 'ntest': 10662}","{'devacc': np.float64(86.73), 'acc': np.float64(86.97), 'ndev': 3775, 'ntest': 3775}","{'devacc': np.float64(95.13), 'acc': np.float64(95.16), 'ndev': 10000, 'ntest': 10000}","{'devacc': np.float64(90.26), 'acc': np.float64(90.35), 'ndev': 10606, 'ntest': 10606}","{'devacc': np.float64(86.12), 'acc': 87.26, 'ndev': 872, 'ntest': 1821}","{'devacc': np.float64(88.59), 'acc': 94.2, 'ndev': 5452, 'ntest': 500}","{'devacc': np.float64(74.46), 'acc': 74.2, 'f1': 81.72, 'ndev': 4076, 'ntest': 1725}"
deberta-base,CLS+SUM_LYR-5,"torch.Size([61, 1536])",NORMAL,4,0,12,"{'devacc': np.float64(80.66), 'acc': np.float64(80.57), 'ndev': 10662, 'ntest': 10662}","{'devacc': np.float64(83.49), 'acc': np.float64(84.32), 'ndev': 3775, 'ntest': 3775}","{'devacc': np.float64(93.17), 'acc': np.float64(93.29), 'ndev': 10000, 'ntest': 10000}","{'devacc': np.float64(88.56), 'acc': np.float64(88.91), 'ndev': 10606, 'ntest': 10606}","{'devacc': np.float64(85.67), 'acc': 86.16, 'ndev': 872, 'ntest': 1821}","{'devacc': np.float64(87.0), 'acc': 94.0, 'ndev': 5452, 'ntest': 500}","{'devacc': np.float64(72.2), 'acc': 71.13, 'f1': 79.25, 'ndev': 4076, 'ntest': 1725}"
deberta-base,CLS+MAX_LYR-5,"torch.Size([61, 1536])",NORMAL,4,0,12,"{'devacc': np.float64(77.07), 'acc': np.float64(77.29), 'ndev': 10662, 'ntest': 10662}","{'devacc': np.float64(81.85), 'acc': np.float64(82.07), 'ndev': 3775, 'ntest': 3775}","{'devacc': np.float64(92.21), 'acc': np.float64(92.23), 'ndev': 10000, 'ntest': 10000}","{'devacc': np.float64(88.78), 'acc': np.float64(88.93), 'ndev': 10606, 'ntest': 10606}","{'devacc': np.float64(79.47), 'acc': 80.83, 'ndev': 872, 'ntest': 1821}","{'devacc': np.float64(87.12), 'acc': 92.0, 'ndev': 5452, 'ntest': 500}","{'devacc': np.float64(71.61), 'acc': 70.96, 'f1': 78.41, 'ndev': 4076, 'ntest': 1725}"
deberta-base,CLS+AVG-NS_LYR-5,"torch.Size([61, 1536])",NORMAL,4,0,12,"{'devacc': np.float64(81.76), 'acc': np.float64(81.82), 'ndev': 10662, 'ntest': 10662}","{'devacc': np.float64(86.4), 'acc': np.float64(86.62), 'ndev': 3775, 'ntest': 3775}","{'devacc': np.float64(95.18), 'acc': np.float64(95.24), 'ndev': 10000, 'ntest': 10000}","{'devacc': np.float64(89.73), 'acc': np.float64(89.84), 'ndev': 10606, 'ntest': 10606}","{'devacc': np.float64(85.89), 'acc': 87.2, 'ndev': 872, 'ntest': 1821}","{'devacc': np.float64(88.94), 'acc': 94.6, 'ndev': 5452, 'ntest': 500}","{'devacc': np.float64(74.04), 'acc': 73.8, 'f1': 81.35, 'ndev': 4076, 'ntest': 1725}"
deberta-base,CLS+SUM-NS_LYR-5,"torch.Size([61, 1536])",NORMAL,4,0,12,"{'devacc': np.float64(80.65), 'acc': np.float64(80.42), 'ndev': 10662, 'ntest': 10662}","{'devacc': np.float64(83.42), 'acc': np.float64(83.84), 'ndev': 3775, 'ntest': 3775}","{'devacc': np.float64(93.17), 'acc': np.float64(93.31), 'ndev': 10000, 'ntest': 10000}","{'devacc': np.float64(88.58), 'acc': np.float64(88.8), 'ndev': 10606, 'ntest': 10606}","{'devacc': np.float64(85.21), 'acc': 86.88, 'ndev': 872, 'ntest': 1821}","{'devacc': np.float64(87.05), 'acc': 94.2, 'ndev': 5452, 'ntest': 500}","{'devacc': np.float64(72.5), 'acc': 71.88, 'f1': 79.54, 'ndev': 4076, 'ntest': 1725}"
deberta-base,CLS+MAX-NS_LYR-5,"torch.Size([61, 1536])",NORMAL,4,0,12,"{'devacc': np.float64(77.01), 'acc': np.float64(77.09), 'ndev': 10662, 'ntest': 10662}","{'devacc': np.float64(63.1), 'acc': np.float64(65.56), 'ndev': 3775, 'ntest': 3775}","{'devacc': np.float64(92.16), 'acc': np.float64(92.21), 'ndev': 10000, 'ntest': 10000}","{'devacc': np.float64(58.14), 'acc': np.float64(49.43), 'ndev': 10606, 'ntest': 10606}","{'devacc': np.float64(80.05), 'acc': 80.94, 'ndev': 872, 'ntest': 1821}","{'devacc': np.float64(87.11), 'acc': 92.4, 'ndev': 5452, 'ntest': 500}","{'devacc': np.float64(71.69), 'acc': 71.25, 'f1': 78.86, 'ndev': 4076, 'ntest': 1725}"
deberta-base,AVG+SUM_LYR-5,"torch.Size([61, 1536])",NORMAL,4,0,12,"{'devacc': np.float64(80.7), 'acc': np.float64(80.5), 'ndev': 10662, 'ntest': 10662}","{'devacc': np.float64(83.48), 'acc': np.float64(84.16), 'ndev': 3775, 'ntest': 3775}","{'devacc': np.float64(93.19), 'acc': np.float64(93.32), 'ndev': 10000, 'ntest': 10000}","{'devacc': np.float64(88.68), 'acc': np.float64(88.89), 'ndev': 10606, 'ntest': 10606}","{'devacc': np.float64(85.78), 'acc': 86.44, 'ndev': 872, 'ntest': 1821}","{'devacc': np.float64(86.98), 'acc': 93.8, 'ndev': 5452, 'ntest': 500}","{'devacc': np.float64(71.86), 'acc': 71.19, 'f1': 79.21, 'ndev': 4076, 'ntest': 1725}"
deberta-base,AVG+MAX_LYR-5,"torch.Size([61, 1536])",NORMAL,4,0,12,"{'devacc': np.float64(80.55), 'acc': np.float64(80.96), 'ndev': 10662, 'ntest': 10662}","{'devacc': np.float64(84.7), 'acc': np.float64(85.11), 'ndev': 3775, 'ntest': 3775}","{'devacc': np.float64(94.2), 'acc': np.float64(94.54), 'ndev': 10000, 'ntest': 10000}","{'devacc': np.float64(89.36), 'acc': np.float64(89.5), 'ndev': 10606, 'ntest': 10606}","{'devacc': np.float64(86.12), 'acc': 85.78, 'ndev': 872, 'ntest': 1821}","{'devacc': np.float64(88.68), 'acc': 93.2, 'ndev': 5452, 'ntest': 500}","{'devacc': np.float64(72.64), 'acc': 72.29, 'f1': 79.54, 'ndev': 4076, 'ntest': 1725}"
deberta-base,AVG+AVG-NS_LYR-5,"torch.Size([61, 1536])",NORMAL,4,0,12,"{'devacc': np.float64(81.69), 'acc': np.float64(81.62), 'ndev': 10662, 'ntest': 10662}","{'devacc': np.float64(86.43), 'acc': np.float64(86.86), 'ndev': 3775, 'ntest': 3775}","{'devacc': np.float64(95.14), 'acc': np.float64(95.34), 'ndev': 10000, 'ntest': 10000}","{'devacc': np.float64(89.76), 'acc': np.float64(89.85), 'ndev': 10606, 'ntest': 10606}","{'devacc': np.float64(86.58), 'acc': 87.48, 'ndev': 872, 'ntest': 1821}","{'devacc': np.float64(89.07), 'acc': 95.0, 'ndev': 5452, 'ntest': 500}","{'devacc': np.float64(74.16), 'acc': 74.2, 'f1': 81.59, 'ndev': 4076, 'ntest': 1725}"
deberta-base,AVG+SUM-NS_LYR-5,"torch.Size([61, 1536])",NORMAL,4,0,12,"{'devacc': np.float64(80.66), 'acc': np.float64(80.48), 'ndev': 10662, 'ntest': 10662}","{'devacc': np.float64(83.43), 'acc': np.float64(83.68), 'ndev': 3775, 'ntest': 3775}","{'devacc': np.float64(93.19), 'acc': np.float64(93.49), 'ndev': 10000, 'ntest': 10000}","{'devacc': np.float64(88.73), 'acc': np.float64(88.97), 'ndev': 10606, 'ntest': 10606}","{'devacc': np.float64(86.35), 'acc': 86.55, 'ndev': 872, 'ntest': 1821}","{'devacc': np.float64(87.03), 'acc': 93.8, 'ndev': 5452, 'ntest': 500}","{'devacc': np.float64(72.23), 'acc': 71.54, 'f1': 79.38, 'ndev': 4076, 'ntest': 1725}"
deberta-base,AVG+MAX-NS_LYR-5,"torch.Size([61, 1536])",NORMAL,4,0,12,"{'devacc': np.float64(80.51), 'acc': np.float64(80.47), 'ndev': 10662, 'ntest': 10662}","{'devacc': np.float64(63.46), 'acc': np.float64(65.88), 'ndev': 3775, 'ntest': 3775}","{'devacc': np.float64(94.23), 'acc': np.float64(94.47), 'ndev': 10000, 'ntest': 10000}","{'devacc': np.float64(58.19), 'acc': np.float64(49.38), 'ndev': 10606, 'ntest': 10606}","{'devacc': np.float64(85.55), 'acc': 86.05, 'ndev': 872, 'ntest': 1821}","{'devacc': np.float64(88.68), 'acc': 93.8, 'ndev': 5452, 'ntest': 500}","{'devacc': np.float64(72.99), 'acc': 72.12, 'f1': 79.52, 'ndev': 4076, 'ntest': 1725}"
deberta-base,SUM+MAX_LYR-5,"torch.Size([61, 1536])",NORMAL,4,0,12,"{'devacc': np.float64(80.53), 'acc': np.float64(80.34), 'ndev': 10662, 'ntest': 10662}","{'devacc': np.float64(83.6), 'acc': np.float64(84.08), 'ndev': 3775, 'ntest': 3775}","{'devacc': np.float64(93.21), 'acc': np.float64(93.28), 'ndev': 10000, 'ntest': 10000}","{'devacc': np.float64(88.45), 'acc': np.float64(88.72), 'ndev': 10606, 'ntest': 10606}","{'devacc': np.float64(84.98), 'acc': 86.55, 'ndev': 872, 'ntest': 1821}","{'devacc': np.float64(87.49), 'acc': 93.6, 'ndev': 5452, 'ntest': 500}","{'devacc': np.float64(71.91), 'acc': 71.3, 'f1': 79.16, 'ndev': 4076, 'ntest': 1725}"
deberta-base,SUM+AVG-NS_LYR-5,"torch.Size([61, 1536])",NORMAL,4,0,12,"{'devacc': np.float64(80.71), 'acc': np.float64(80.43), 'ndev': 10662, 'ntest': 10662}","{'devacc': np.float64(83.51), 'acc': np.float64(84.24), 'ndev': 3775, 'ntest': 3775}","{'devacc': np.float64(93.21), 'acc': np.float64(93.35), 'ndev': 10000, 'ntest': 10000}","{'devacc': np.float64(88.45), 'acc': np.float64(88.8), 'ndev': 10606, 'ntest': 10606}","{'devacc': np.float64(85.44), 'acc': 86.66, 'ndev': 872, 'ntest': 1821}","{'devacc': np.float64(87.03), 'acc': 94.0, 'ndev': 5452, 'ntest': 500}","{'devacc': np.float64(71.83), 'acc': 70.84, 'f1': 78.86, 'ndev': 4076, 'ntest': 1725}"
deberta-base,SUM+SUM-NS_LYR-5,"torch.Size([61, 1536])",NORMAL,4,0,12,"{'devacc': np.float64(80.62), 'acc': np.float64(80.34), 'ndev': 10662, 'ntest': 10662}","{'devacc': np.float64(83.23), 'acc': np.float64(83.71), 'ndev': 3775, 'ntest': 3775}","{'devacc': np.float64(93.11), 'acc': np.float64(93.41), 'ndev': 10000, 'ntest': 10000}","{'devacc': np.float64(88.39), 'acc': np.float64(88.65), 'ndev': 10606, 'ntest': 10606}","{'devacc': np.float64(84.98), 'acc': 86.93, 'ndev': 872, 'ntest': 1821}","{'devacc': np.float64(86.96), 'acc': 93.6, 'ndev': 5452, 'ntest': 500}","{'devacc': np.float64(72.25), 'acc': 70.84, 'f1': 78.77, 'ndev': 4076, 'ntest': 1725}"
deberta-base,SUM+MAX-NS_LYR-5,"torch.Size([61, 1536])",NORMAL,4,0,12,"{'devacc': np.float64(80.53), 'acc': np.float64(80.38), 'ndev': 10662, 'ntest': 10662}","{'devacc': np.float64(70.14), 'acc': np.float64(66.54), 'ndev': 3775, 'ntest': 3775}","{'devacc': np.float64(93.23), 'acc': np.float64(93.21), 'ndev': 10000, 'ntest': 10000}","{'devacc': np.float64(58.01), 'acc': np.float64(49.43), 'ndev': 10606, 'ntest': 10606}","{'devacc': np.float64(84.4), 'acc': 85.94, 'ndev': 872, 'ntest': 1821}","{'devacc': np.float64(87.51), 'acc': 93.8, 'ndev': 5452, 'ntest': 500}","{'devacc': np.float64(72.01), 'acc': 71.54, 'f1': 79.41, 'ndev': 4076, 'ntest': 1725}"
deberta-base,MAX+AVG-NS_LYR-5,"torch.Size([61, 1536])",NORMAL,4,0,12,"{'devacc': np.float64(80.42), 'acc': np.float64(80.56), 'ndev': 10662, 'ntest': 10662}","{'devacc': np.float64(84.82), 'acc': np.float64(85.06), 'ndev': 3775, 'ntest': 3775}","{'devacc': np.float64(94.3), 'acc': np.float64(94.49), 'ndev': 10000, 'ntest': 10000}","{'devacc': np.float64(89.12), 'acc': np.float64(89.27), 'ndev': 10606, 'ntest': 10606}","{'devacc': np.float64(84.86), 'acc': 85.39, 'ndev': 872, 'ntest': 1821}","{'devacc': np.float64(89.16), 'acc': 93.4, 'ndev': 5452, 'ntest': 500}","{'devacc': np.float64(72.82), 'acc': 72.12, 'f1': 79.45, 'ndev': 4076, 'ntest': 1725}"
deberta-base,MAX+SUM-NS_LYR-5,"torch.Size([61, 1536])",NORMAL,4,0,12,"{'devacc': np.float64(80.49), 'acc': np.float64(80.36), 'ndev': 10662, 'ntest': 10662}","{'devacc': np.float64(83.54), 'acc': np.float64(83.92), 'ndev': 3775, 'ntest': 3775}","{'devacc': np.float64(93.23), 'acc': np.float64(93.24), 'ndev': 10000, 'ntest': 10000}","{'devacc': np.float64(88.44), 'acc': np.float64(88.74), 'ndev': 10606, 'ntest': 10606}","{'devacc': np.float64(85.55), 'acc': 85.94, 'ndev': 872, 'ntest': 1821}","{'devacc': np.float64(87.51), 'acc': 94.0, 'ndev': 5452, 'ntest': 500}","{'devacc': np.float64(72.05), 'acc': 71.36, 'f1': 79.5, 'ndev': 4076, 'ntest': 1725}"
deberta-base,MAX+MAX-NS_LYR-5,"torch.Size([61, 1536])",NORMAL,4,0,12,"{'devacc': np.float64(76.86), 'acc': np.float64(77.07), 'ndev': 10662, 'ntest': 10662}","{'devacc': np.float64(63.08), 'acc': np.float64(65.56), 'ndev': 3775, 'ntest': 3775}","{'devacc': np.float64(91.9), 'acc': np.float64(91.91), 'ndev': 10000, 'ntest': 10000}","{'devacc': np.float64(58.08), 'acc': np.float64(49.46), 'ndev': 10606, 'ntest': 10606}","{'devacc': np.float64(81.77), 'acc': 80.94, 'ndev': 872, 'ntest': 1821}","{'devacc': np.float64(86.81), 'acc': 92.4, 'ndev': 5452, 'ntest': 500}","{'devacc': np.float64(71.61), 'acc': 70.43, 'f1': 78.04, 'ndev': 4076, 'ntest': 1725}"
deberta-base,AVG-NS+SUM-NS_LYR-5,"torch.Size([61, 1536])",NORMAL,4,0,12,"{'devacc': np.float64(80.67), 'acc': np.float64(80.2), 'ndev': 10662, 'ntest': 10662}","{'devacc': np.float64(83.47), 'acc': np.float64(83.6), 'ndev': 3775, 'ntest': 3775}","{'devacc': np.float64(93.18), 'acc': np.float64(93.41), 'ndev': 10000, 'ntest': 10000}","{'devacc': np.float64(88.54), 'acc': np.float64(88.83), 'ndev': 10606, 'ntest': 10606}","{'devacc': np.float64(86.12), 'acc': 86.66, 'ndev': 872, 'ntest': 1821}","{'devacc': np.float64(87.12), 'acc': 93.8, 'ndev': 5452, 'ntest': 500}","{'devacc': np.float64(72.4), 'acc': 71.19, 'f1': 79.3, 'ndev': 4076, 'ntest': 1725}"
deberta-base,AVG-NS+MAX-NS_LYR-5,"torch.Size([61, 1536])",NORMAL,4,0,12,"{'devacc': np.float64(80.4), 'acc': np.float64(80.6), 'ndev': 10662, 'ntest': 10662}","{'devacc': np.float64(63.51), 'acc': np.float64(65.8), 'ndev': 3775, 'ntest': 3775}","{'devacc': np.float64(94.32), 'acc': np.float64(94.6), 'ndev': 10000, 'ntest': 10000}","{'devacc': np.float64(58.12), 'acc': np.float64(49.35), 'ndev': 10606, 'ntest': 10606}","{'devacc': np.float64(84.06), 'acc': 85.23, 'ndev': 872, 'ntest': 1821}","{'devacc': np.float64(89.03), 'acc': 93.6, 'ndev': 5452, 'ntest': 500}","{'devacc': np.float64(72.35), 'acc': 72.35, 'f1': 79.86, 'ndev': 4076, 'ntest': 1725}"
deberta-base,SUM-NS+MAX-NS_LYR-5,"torch.Size([61, 1536])",NORMAL,4,0,12,"{'devacc': np.float64(80.47), 'acc': np.float64(80.44), 'ndev': 10662, 'ntest': 10662}","{'devacc': np.float64(70.51), 'acc': np.float64(66.81), 'ndev': 3775, 'ntest': 3775}","{'devacc': np.float64(93.19), 'acc': np.float64(93.33), 'ndev': 10000, 'ntest': 10000}","{'devacc': np.float64(58.0), 'acc': np.float64(49.38), 'ndev': 10606, 'ntest': 10606}","{'devacc': np.float64(85.55), 'acc': 86.44, 'ndev': 872, 'ntest': 1821}","{'devacc': np.float64(87.58), 'acc': 93.8, 'ndev': 5452, 'ntest': 500}","{'devacc': np.float64(71.96), 'acc': 71.59, 'f1': 79.77, 'ndev': 4076, 'ntest': 1725}"
deberta-base,CLS+AVG_LYR-6,"torch.Size([61, 1536])",NORMAL,4,0,12,"{'devacc': np.float64(83.91), 'acc': np.float64(84.1), 'ndev': 10662, 'ntest': 10662}","{'devacc': np.float64(88.8), 'acc': np.float64(88.88), 'ndev': 3775, 'ntest': 3775}","{'devacc': np.float64(95.7), 'acc': np.float64(95.77), 'ndev': 10000, 'ntest': 10000}","{'devacc': np.float64(90.74), 'acc': np.float64(90.85), 'ndev': 10606, 'ntest': 10606}","{'devacc': np.float64(88.3), 'acc': 88.36, 'ndev': 872, 'ntest': 1821}","{'devacc': np.float64(89.18), 'acc': 95.2, 'ndev': 5452, 'ntest': 500}","{'devacc': np.float64(75.1), 'acc': 75.25, 'f1': 82.54, 'ndev': 4076, 'ntest': 1725}"
deberta-base,CLS+SUM_LYR-6,"torch.Size([61, 1536])",NORMAL,4,0,12,"{'devacc': np.float64(82.66), 'acc': np.float64(82.27), 'ndev': 10662, 'ntest': 10662}","{'devacc': np.float64(85.28), 'acc': np.float64(85.25), 'ndev': 3775, 'ntest': 3775}","{'devacc': np.float64(93.88), 'acc': np.float64(94.08), 'ndev': 10000, 'ntest': 10000}","{'devacc': np.float64(88.91), 'acc': np.float64(89.31), 'ndev': 10606, 'ntest': 10606}","{'devacc': np.float64(87.16), 'acc': 87.1, 'ndev': 872, 'ntest': 1821}","{'devacc': np.float64(87.45), 'acc': 93.8, 'ndev': 5452, 'ntest': 500}","{'devacc': np.float64(72.87), 'acc': 72.75, 'f1': 80.5, 'ndev': 4076, 'ntest': 1725}"
deberta-base,CLS+MAX_LYR-6,"torch.Size([61, 1536])",NORMAL,4,0,12,"{'devacc': np.float64(79.25), 'acc': np.float64(79.36), 'ndev': 10662, 'ntest': 10662}","{'devacc': np.float64(84.51), 'acc': np.float64(84.56), 'ndev': 3775, 'ntest': 3775}","{'devacc': np.float64(93.3), 'acc': np.float64(93.52), 'ndev': 10000, 'ntest': 10000}","{'devacc': np.float64(89.17), 'acc': np.float64(89.35), 'ndev': 10606, 'ntest': 10606}","{'devacc': np.float64(82.8), 'acc': 83.31, 'ndev': 872, 'ntest': 1821}","{'devacc': np.float64(87.86), 'acc': 95.4, 'ndev': 5452, 'ntest': 500}","{'devacc': np.float64(72.62), 'acc': 72.0, 'f1': 79.19, 'ndev': 4076, 'ntest': 1725}"
deberta-base,CLS+AVG-NS_LYR-6,"torch.Size([61, 1536])",NORMAL,4,0,12,"{'devacc': np.float64(83.82), 'acc': np.float64(83.98), 'ndev': 10662, 'ntest': 10662}","{'devacc': np.float64(88.56), 'acc': np.float64(88.56), 'ndev': 3775, 'ntest': 3775}","{'devacc': np.float64(95.71), 'acc': np.float64(95.7), 'ndev': 10000, 'ntest': 10000}","{'devacc': np.float64(90.52), 'acc': np.float64(90.53), 'ndev': 10606, 'ntest': 10606}","{'devacc': np.float64(88.07), 'acc': 88.47, 'ndev': 872, 'ntest': 1821}","{'devacc': np.float64(89.18), 'acc': 95.4, 'ndev': 5452, 'ntest': 500}","{'devacc': np.float64(75.42), 'acc': 74.49, 'f1': 82.04, 'ndev': 4076, 'ntest': 1725}"
deberta-base,CLS+SUM-NS_LYR-6,"torch.Size([61, 1536])",NORMAL,4,0,12,"{'devacc': np.float64(82.73), 'acc': np.float64(82.5), 'ndev': 10662, 'ntest': 10662}","{'devacc': np.float64(85.2), 'acc': np.float64(85.19), 'ndev': 3775, 'ntest': 3775}","{'devacc': np.float64(93.93), 'acc': np.float64(93.91), 'ndev': 10000, 'ntest': 10000}","{'devacc': np.float64(88.99), 'acc': np.float64(89.21), 'ndev': 10606, 'ntest': 10606}","{'devacc': np.float64(86.58), 'acc': 87.86, 'ndev': 872, 'ntest': 1821}","{'devacc': np.float64(87.42), 'acc': 94.4, 'ndev': 5452, 'ntest': 500}","{'devacc': np.float64(73.01), 'acc': 71.77, 'f1': 79.61, 'ndev': 4076, 'ntest': 1725}"
deberta-base,CLS+MAX-NS_LYR-6,"torch.Size([61, 1536])",NORMAL,4,0,12,"{'devacc': np.float64(79.27), 'acc': np.float64(79.43), 'ndev': 10662, 'ntest': 10662}","{'devacc': np.float64(63.4), 'acc': np.float64(65.54), 'ndev': 3775, 'ntest': 3775}","{'devacc': np.float64(93.36), 'acc': np.float64(93.6), 'ndev': 10000, 'ntest': 10000}","{'devacc': np.float64(58.27), 'acc': np.float64(49.62), 'ndev': 10606, 'ntest': 10606}","{'devacc': np.float64(84.29), 'acc': 83.47, 'ndev': 872, 'ntest': 1821}","{'devacc': np.float64(88.21), 'acc': 94.4, 'ndev': 5452, 'ntest': 500}","{'devacc': np.float64(72.47), 'acc': 71.88, 'f1': 78.94, 'ndev': 4076, 'ntest': 1725}"
deberta-base,AVG+SUM_LYR-6,"torch.Size([61, 1536])",NORMAL,4,0,12,"{'devacc': np.float64(82.6), 'acc': np.float64(82.34), 'ndev': 10662, 'ntest': 10662}","{'devacc': np.float64(85.29), 'acc': np.float64(85.38), 'ndev': 3775, 'ntest': 3775}","{'devacc': np.float64(93.89), 'acc': np.float64(94.01), 'ndev': 10000, 'ntest': 10000}","{'devacc': np.float64(89.05), 'acc': np.float64(89.59), 'ndev': 10606, 'ntest': 10606}","{'devacc': np.float64(87.16), 'acc': 87.53, 'ndev': 872, 'ntest': 1821}","{'devacc': np.float64(87.47), 'acc': 94.2, 'ndev': 5452, 'ntest': 500}","{'devacc': np.float64(72.91), 'acc': 72.64, 'f1': 80.32, 'ndev': 4076, 'ntest': 1725}"
deberta-base,AVG+MAX_LYR-6,"torch.Size([61, 1536])",NORMAL,4,0,12,"{'devacc': np.float64(82.32), 'acc': np.float64(82.54), 'ndev': 10662, 'ntest': 10662}","{'devacc': np.float64(87.01), 'acc': np.float64(87.39), 'ndev': 3775, 'ntest': 3775}","{'devacc': np.float64(94.89), 'acc': np.float64(95.1), 'ndev': 10000, 'ntest': 10000}","{'devacc': np.float64(90.03), 'acc': np.float64(90.22), 'ndev': 10606, 'ntest': 10606}","{'devacc': np.float64(86.81), 'acc': 88.19, 'ndev': 872, 'ntest': 1821}","{'devacc': np.float64(89.16), 'acc': 96.4, 'ndev': 5452, 'ntest': 500}","{'devacc': np.float64(72.5), 'acc': 73.1, 'f1': 80.2, 'ndev': 4076, 'ntest': 1725}"
deberta-base,AVG+AVG-NS_LYR-6,"torch.Size([61, 1536])",NORMAL,4,0,12,"{'devacc': np.float64(83.77), 'acc': np.float64(83.78), 'ndev': 10662, 'ntest': 10662}","{'devacc': np.float64(88.66), 'acc': np.float64(88.9), 'ndev': 3775, 'ntest': 3775}","{'devacc': np.float64(95.7), 'acc': np.float64(95.79), 'ndev': 10000, 'ntest': 10000}","{'devacc': np.float64(90.43), 'acc': np.float64(90.67), 'ndev': 10606, 'ntest': 10606}","{'devacc': np.float64(88.42), 'acc': 88.58, 'ndev': 872, 'ntest': 1821}","{'devacc': np.float64(89.1), 'acc': 95.2, 'ndev': 5452, 'ntest': 500}","{'devacc': np.float64(74.98), 'acc': 74.61, 'f1': 81.89, 'ndev': 4076, 'ntest': 1725}"
deberta-base,AVG+SUM-NS_LYR-6,"torch.Size([61, 1536])",NORMAL,4,0,12,"{'devacc': np.float64(82.71), 'acc': np.float64(82.53), 'ndev': 10662, 'ntest': 10662}","{'devacc': np.float64(85.21), 'acc': np.float64(85.12), 'ndev': 3775, 'ntest': 3775}","{'devacc': np.float64(93.93), 'acc': np.float64(94.01), 'ndev': 10000, 'ntest': 10000}","{'devacc': np.float64(89.21), 'acc': np.float64(89.45), 'ndev': 10606, 'ntest': 10606}","{'devacc': np.float64(87.96), 'acc': 87.97, 'ndev': 872, 'ntest': 1821}","{'devacc': np.float64(87.42), 'acc': 94.4, 'ndev': 5452, 'ntest': 500}","{'devacc': np.float64(72.72), 'acc': 72.17, 'f1': 80.03, 'ndev': 4076, 'ntest': 1725}"
deberta-base,AVG+MAX-NS_LYR-6,"torch.Size([61, 1536])",NORMAL,4,0,12,"{'devacc': np.float64(82.26), 'acc': np.float64(82.37), 'ndev': 10662, 'ntest': 10662}","{'devacc': np.float64(63.81), 'acc': np.float64(66.06), 'ndev': 3775, 'ntest': 3775}","{'devacc': np.float64(94.91), 'acc': np.float64(95.11), 'ndev': 10000, 'ntest': 10000}","{'devacc': np.float64(58.36), 'acc': np.float64(49.67), 'ndev': 10606, 'ntest': 10606}","{'devacc': np.float64(87.16), 'acc': 87.92, 'ndev': 872, 'ntest': 1821}","{'devacc': np.float64(89.21), 'acc': 96.2, 'ndev': 5452, 'ntest': 500}","{'devacc': np.float64(72.87), 'acc': 72.35, 'f1': 79.68, 'ndev': 4076, 'ntest': 1725}"
deberta-base,SUM+MAX_LYR-6,"torch.Size([61, 1536])",NORMAL,4,0,12,"{'devacc': np.float64(82.27), 'acc': np.float64(82.11), 'ndev': 10662, 'ntest': 10662}","{'devacc': np.float64(85.48), 'acc': np.float64(85.7), 'ndev': 3775, 'ntest': 3775}","{'devacc': np.float64(93.98), 'acc': np.float64(94.14), 'ndev': 10000, 'ntest': 10000}","{'devacc': np.float64(88.75), 'acc': np.float64(89.02), 'ndev': 10606, 'ntest': 10606}","{'devacc': np.float64(87.5), 'acc': 87.42, 'ndev': 872, 'ntest': 1821}","{'devacc': np.float64(87.93), 'acc': 94.2, 'ndev': 5452, 'ntest': 500}","{'devacc': np.float64(72.62), 'acc': 73.04, 'f1': 80.14, 'ndev': 4076, 'ntest': 1725}"
deberta-base,SUM+AVG-NS_LYR-6,"torch.Size([61, 1536])",NORMAL,4,0,12,"{'devacc': np.float64(82.6), 'acc': np.float64(82.27), 'ndev': 10662, 'ntest': 10662}","{'devacc': np.float64(85.33), 'acc': np.float64(85.27), 'ndev': 3775, 'ntest': 3775}","{'devacc': np.float64(93.92), 'acc': np.float64(94.17), 'ndev': 10000, 'ntest': 10000}","{'devacc': np.float64(89.06), 'acc': np.float64(89.46), 'ndev': 10606, 'ntest': 10606}","{'devacc': np.float64(87.61), 'acc': 88.25, 'ndev': 872, 'ntest': 1821}","{'devacc': np.float64(87.49), 'acc': 94.0, 'ndev': 5452, 'ntest': 500}","{'devacc': np.float64(72.82), 'acc': 72.87, 'f1': 80.39, 'ndev': 4076, 'ntest': 1725}"
deberta-base,SUM+SUM-NS_LYR-6,"torch.Size([61, 1536])",NORMAL,4,0,12,"{'devacc': np.float64(82.62), 'acc': np.float64(82.48), 'ndev': 10662, 'ntest': 10662}","{'devacc': np.float64(85.0), 'acc': np.float64(84.8), 'ndev': 3775, 'ntest': 3775}","{'devacc': np.float64(93.91), 'acc': np.float64(94.0), 'ndev': 10000, 'ntest': 10000}","{'devacc': np.float64(88.72), 'acc': np.float64(89.15), 'ndev': 10606, 'ntest': 10606}","{'devacc': np.float64(86.7), 'acc': 87.64, 'ndev': 872, 'ntest': 1821}","{'devacc': np.float64(87.12), 'acc': 93.8, 'ndev': 5452, 'ntest': 500}","{'devacc': np.float64(73.26), 'acc': 73.1, 'f1': 80.49, 'ndev': 4076, 'ntest': 1725}"
deberta-base,SUM+MAX-NS_LYR-6,"torch.Size([61, 1536])",NORMAL,4,0,12,"{'devacc': np.float64(82.3), 'acc': np.float64(82.35), 'ndev': 10662, 'ntest': 10662}","{'devacc': np.float64(71.39), 'acc': np.float64(75.15), 'ndev': 3775, 'ntest': 3775}","{'devacc': np.float64(93.98), 'acc': np.float64(94.11), 'ndev': 10000, 'ntest': 10000}","{'devacc': np.float64(58.02), 'acc': np.float64(49.57), 'ndev': 10606, 'ntest': 10606}","{'devacc': np.float64(87.84), 'acc': 87.31, 'ndev': 872, 'ntest': 1821}","{'devacc': np.float64(87.88), 'acc': 94.0, 'ndev': 5452, 'ntest': 500}","{'devacc': np.float64(72.77), 'acc': 73.28, 'f1': 80.67, 'ndev': 4076, 'ntest': 1725}"
deberta-base,MAX+AVG-NS_LYR-6,"torch.Size([61, 1536])",NORMAL,4,0,12,"{'devacc': np.float64(82.3), 'acc': np.float64(82.33), 'ndev': 10662, 'ntest': 10662}","{'devacc': np.float64(86.97), 'acc': np.float64(87.5), 'ndev': 3775, 'ntest': 3775}","{'devacc': np.float64(94.97), 'acc': np.float64(95.19), 'ndev': 10000, 'ntest': 10000}","{'devacc': np.float64(89.75), 'acc': np.float64(89.86), 'ndev': 10606, 'ntest': 10606}","{'devacc': np.float64(87.04), 'acc': 88.03, 'ndev': 872, 'ntest': 1821}","{'devacc': np.float64(89.38), 'acc': 96.2, 'ndev': 5452, 'ntest': 500}","{'devacc': np.float64(73.31), 'acc': 73.62, 'f1': 80.48, 'ndev': 4076, 'ntest': 1725}"
deberta-base,MAX+SUM-NS_LYR-6,"torch.Size([61, 1536])",NORMAL,4,0,12,"{'devacc': np.float64(82.4), 'acc': np.float64(82.16), 'ndev': 10662, 'ntest': 10662}","{'devacc': np.float64(85.45), 'acc': np.float64(85.32), 'ndev': 3775, 'ntest': 3775}","{'devacc': np.float64(93.99), 'acc': np.float64(93.88), 'ndev': 10000, 'ntest': 10000}","{'devacc': np.float64(88.76), 'acc': np.float64(89.16), 'ndev': 10606, 'ntest': 10606}","{'devacc': np.float64(87.16), 'acc': 87.53, 'ndev': 872, 'ntest': 1821}","{'devacc': np.float64(87.69), 'acc': 94.6, 'ndev': 5452, 'ntest': 500}","{'devacc': np.float64(72.89), 'acc': 72.06, 'f1': 79.66, 'ndev': 4076, 'ntest': 1725}"
deberta-base,MAX+MAX-NS_LYR-6,"torch.Size([61, 1536])",NORMAL,4,0,12,"{'devacc': np.float64(79.11), 'acc': np.float64(79.22), 'ndev': 10662, 'ntest': 10662}","{'devacc': np.float64(63.4), 'acc': np.float64(65.64), 'ndev': 3775, 'ntest': 3775}","{'devacc': np.float64(93.04), 'acc': np.float64(93.28), 'ndev': 10000, 'ntest': 10000}","{'devacc': np.float64(58.21), 'acc': np.float64(49.57), 'ndev': 10606, 'ntest': 10606}","{'devacc': np.float64(83.72), 'acc': 83.75, 'ndev': 872, 'ntest': 1821}","{'devacc': np.float64(87.64), 'acc': 94.6, 'ndev': 5452, 'ntest': 500}","{'devacc': np.float64(71.76), 'acc': 71.77, 'f1': 79.16, 'ndev': 4076, 'ntest': 1725}"
deberta-base,AVG-NS+SUM-NS_LYR-6,"torch.Size([61, 1536])",NORMAL,4,0,12,"{'devacc': np.float64(82.65), 'acc': np.float64(82.46), 'ndev': 10662, 'ntest': 10662}","{'devacc': np.float64(85.21), 'acc': np.float64(85.3), 'ndev': 3775, 'ntest': 3775}","{'devacc': np.float64(93.96), 'acc': np.float64(93.88), 'ndev': 10000, 'ntest': 10000}","{'devacc': np.float64(89.15), 'acc': np.float64(89.43), 'ndev': 10606, 'ntest': 10606}","{'devacc': np.float64(87.5), 'acc': 87.97, 'ndev': 872, 'ntest': 1821}","{'devacc': np.float64(87.36), 'acc': 94.4, 'ndev': 5452, 'ntest': 500}","{'devacc': np.float64(72.87), 'acc': 72.99, 'f1': 80.47, 'ndev': 4076, 'ntest': 1725}"
deberta-base,AVG-NS+MAX-NS_LYR-6,"torch.Size([61, 1536])",NORMAL,4,0,12,"{'devacc': np.float64(82.25), 'acc': np.float64(82.2), 'ndev': 10662, 'ntest': 10662}","{'devacc': np.float64(63.81), 'acc': np.float64(65.98), 'ndev': 3775, 'ntest': 3775}","{'devacc': np.float64(94.96), 'acc': np.float64(95.11), 'ndev': 10000, 'ntest': 10000}","{'devacc': np.float64(58.38), 'acc': np.float64(49.67), 'ndev': 10606, 'ntest': 10606}","{'devacc': np.float64(86.7), 'acc': 87.48, 'ndev': 872, 'ntest': 1821}","{'devacc': np.float64(89.51), 'acc': 96.4, 'ndev': 5452, 'ntest': 500}","{'devacc': np.float64(73.33), 'acc': 73.33, 'f1': 80.54, 'ndev': 4076, 'ntest': 1725}"
deberta-base,SUM-NS+MAX-NS_LYR-6,"torch.Size([61, 1536])",NORMAL,4,0,12,"{'devacc': np.float64(82.42), 'acc': np.float64(82.07), 'ndev': 10662, 'ntest': 10662}","{'devacc': np.float64(71.88), 'acc': np.float64(76.47), 'ndev': 3775, 'ntest': 3775}","{'devacc': np.float64(94.01), 'acc': np.float64(93.95), 'ndev': 10000, 'ntest': 10000}","{'devacc': np.float64(58.08), 'acc': np.float64(49.62), 'ndev': 10606, 'ntest': 10606}","{'devacc': np.float64(87.39), 'acc': 87.64, 'ndev': 872, 'ntest': 1821}","{'devacc': np.float64(87.84), 'acc': 94.6, 'ndev': 5452, 'ntest': 500}","{'devacc': np.float64(72.96), 'acc': 71.71, 'f1': 79.62, 'ndev': 4076, 'ntest': 1725}"
deberta-base,CLS+AVG_LYR-7,"torch.Size([61, 1536])",NORMAL,4,0,12,"{'devacc': np.float64(85.62), 'acc': np.float64(85.61), 'ndev': 10662, 'ntest': 10662}","{'devacc': np.float64(90.43), 'acc': np.float64(90.65), 'ndev': 3775, 'ntest': 3775}","{'devacc': np.float64(96.11), 'acc': np.float64(96.03), 'ndev': 10000, 'ntest': 10000}","{'devacc': np.float64(90.82), 'acc': np.float64(90.87), 'ndev': 10606, 'ntest': 10606}","{'devacc': np.float64(90.25), 'acc': 90.99, 'ndev': 872, 'ntest': 1821}","{'devacc': np.float64(89.25), 'acc': 95.8, 'ndev': 5452, 'ntest': 500}","{'devacc': np.float64(76.05), 'acc': 76.64, 'f1': 83.41, 'ndev': 4076, 'ntest': 1725}"
deberta-base,CLS+SUM_LYR-7,"torch.Size([61, 1536])",NORMAL,4,0,12,"{'devacc': np.float64(84.33), 'acc': np.float64(84.57), 'ndev': 10662, 'ntest': 10662}","{'devacc': np.float64(87.38), 'acc': np.float64(87.63), 'ndev': 3775, 'ntest': 3775}","{'devacc': np.float64(94.17), 'acc': np.float64(94.41), 'ndev': 10000, 'ntest': 10000}","{'devacc': np.float64(89.13), 'acc': np.float64(89.41), 'ndev': 10606, 'ntest': 10606}","{'devacc': np.float64(88.88), 'acc': 90.61, 'ndev': 872, 'ntest': 1821}","{'devacc': np.float64(87.31), 'acc': 95.2, 'ndev': 5452, 'ntest': 500}","{'devacc': np.float64(73.58), 'acc': 72.7, 'f1': 80.51, 'ndev': 4076, 'ntest': 1725}"
deberta-base,CLS+MAX_LYR-7,"torch.Size([61, 1536])",NORMAL,4,0,12,"{'devacc': np.float64(81.82), 'acc': np.float64(81.97), 'ndev': 10662, 'ntest': 10662}","{'devacc': np.float64(86.43), 'acc': np.float64(86.62), 'ndev': 3775, 'ntest': 3775}","{'devacc': np.float64(93.61), 'acc': np.float64(93.72), 'ndev': 10000, 'ntest': 10000}","{'devacc': np.float64(89.34), 'acc': np.float64(89.56), 'ndev': 10606, 'ntest': 10606}","{'devacc': np.float64(86.01), 'acc': 87.7, 'ndev': 872, 'ntest': 1821}","{'devacc': np.float64(88.54), 'acc': 94.6, 'ndev': 5452, 'ntest': 500}","{'devacc': np.float64(73.09), 'acc': 73.62, 'f1': 80.91, 'ndev': 4076, 'ntest': 1725}"
deberta-base,CLS+AVG-NS_LYR-7,"torch.Size([61, 1536])",NORMAL,4,0,12,"{'devacc': np.float64(85.56), 'acc': np.float64(85.55), 'ndev': 10662, 'ntest': 10662}","{'devacc': np.float64(90.35), 'acc': np.float64(90.46), 'ndev': 3775, 'ntest': 3775}","{'devacc': np.float64(96.13), 'acc': np.float64(96.12), 'ndev': 10000, 'ntest': 10000}","{'devacc': np.float64(90.48), 'acc': np.float64(90.54), 'ndev': 10606, 'ntest': 10606}","{'devacc': np.float64(89.91), 'acc': 90.94, 'ndev': 872, 'ntest': 1821}","{'devacc': np.float64(88.96), 'acc': 96.0, 'ndev': 5452, 'ntest': 500}","{'devacc': np.float64(75.66), 'acc': 75.42, 'f1': 82.59, 'ndev': 4076, 'ntest': 1725}"
deberta-base,CLS+SUM-NS_LYR-7,"torch.Size([61, 1536])",NORMAL,4,0,12,"{'devacc': np.float64(84.46), 'acc': np.float64(84.86), 'ndev': 10662, 'ntest': 10662}","{'devacc': np.float64(87.14), 'acc': np.float64(87.12), 'ndev': 3775, 'ntest': 3775}","{'devacc': np.float64(94.27), 'acc': np.float64(94.33), 'ndev': 10000, 'ntest': 10000}","{'devacc': np.float64(89.16), 'acc': np.float64(89.7), 'ndev': 10606, 'ntest': 10606}","{'devacc': np.float64(88.53), 'acc': 90.72, 'ndev': 872, 'ntest': 1821}","{'devacc': np.float64(87.27), 'acc': 95.4, 'ndev': 5452, 'ntest': 500}","{'devacc': np.float64(74.19), 'acc': 72.81, 'f1': 80.34, 'ndev': 4076, 'ntest': 1725}"
deberta-base,CLS+MAX-NS_LYR-7,"torch.Size([61, 1536])",NORMAL,4,0,12,"{'devacc': np.float64(81.72), 'acc': np.float64(81.85), 'ndev': 10662, 'ntest': 10662}","{'devacc': np.float64(63.66), 'acc': np.float64(65.98), 'ndev': 3775, 'ntest': 3775}","{'devacc': np.float64(93.64), 'acc': np.float64(93.7), 'ndev': 10000, 'ntest': 10000}","{'devacc': np.float64(58.34), 'acc': np.float64(49.77), 'ndev': 10606, 'ntest': 10606}","{'devacc': np.float64(84.86), 'acc': 87.26, 'ndev': 872, 'ntest': 1821}","{'devacc': np.float64(88.77), 'acc': 94.4, 'ndev': 5452, 'ntest': 500}","{'devacc': np.float64(73.31), 'acc': 72.46, 'f1': 79.97, 'ndev': 4076, 'ntest': 1725}"
deberta-base,AVG+SUM_LYR-7,"torch.Size([61, 1536])",NORMAL,4,0,12,"{'devacc': np.float64(84.33), 'acc': np.float64(84.54), 'ndev': 10662, 'ntest': 10662}","{'devacc': np.float64(87.35), 'acc': np.float64(87.84), 'ndev': 3775, 'ntest': 3775}","{'devacc': np.float64(94.18), 'acc': np.float64(94.28), 'ndev': 10000, 'ntest': 10000}","{'devacc': np.float64(89.21), 'acc': np.float64(89.65), 'ndev': 10606, 'ntest': 10606}","{'devacc': np.float64(90.48), 'acc': 89.79, 'ndev': 872, 'ntest': 1821}","{'devacc': np.float64(87.11), 'acc': 95.2, 'ndev': 5452, 'ntest': 500}","{'devacc': np.float64(73.31), 'acc': 72.81, 'f1': 80.52, 'ndev': 4076, 'ntest': 1725}"
deberta-base,AVG+MAX_LYR-7,"torch.Size([61, 1536])",NORMAL,4,0,12,"{'devacc': np.float64(84.34), 'acc': np.float64(84.43), 'ndev': 10662, 'ntest': 10662}","{'devacc': np.float64(88.63), 'acc': np.float64(88.74), 'ndev': 3775, 'ntest': 3775}","{'devacc': np.float64(95.33), 'acc': np.float64(95.28), 'ndev': 10000, 'ntest': 10000}","{'devacc': np.float64(90.01), 'acc': np.float64(90.28), 'ndev': 10606, 'ntest': 10606}","{'devacc': np.float64(89.56), 'acc': 90.5, 'ndev': 872, 'ntest': 1821}","{'devacc': np.float64(89.62), 'acc': 95.4, 'ndev': 5452, 'ntest': 500}","{'devacc': np.float64(73.45), 'acc': 73.74, 'f1': 80.75, 'ndev': 4076, 'ntest': 1725}"
deberta-base,AVG+AVG-NS_LYR-7,"torch.Size([61, 1536])",NORMAL,4,0,12,"{'devacc': np.float64(85.52), 'acc': np.float64(85.73), 'ndev': 10662, 'ntest': 10662}","{'devacc': np.float64(90.33), 'acc': np.float64(90.57), 'ndev': 3775, 'ntest': 3775}","{'devacc': np.float64(96.07), 'acc': np.float64(96.01), 'ndev': 10000, 'ntest': 10000}","{'devacc': np.float64(90.45), 'acc': np.float64(90.63), 'ndev': 10606, 'ntest': 10606}","{'devacc': np.float64(90.71), 'acc': 90.66, 'ndev': 872, 'ntest': 1821}","{'devacc': np.float64(88.66), 'acc': 95.6, 'ndev': 5452, 'ntest': 500}","{'devacc': np.float64(75.44), 'acc': 75.65, 'f1': 82.67, 'ndev': 4076, 'ntest': 1725}"
deberta-base,AVG+SUM-NS_LYR-7,"torch.Size([61, 1536])",NORMAL,4,0,12,"{'devacc': np.float64(84.44), 'acc': np.float64(84.65), 'ndev': 10662, 'ntest': 10662}","{'devacc': np.float64(87.03), 'acc': np.float64(87.18), 'ndev': 3775, 'ntest': 3775}","{'devacc': np.float64(94.27), 'acc': np.float64(94.33), 'ndev': 10000, 'ntest': 10000}","{'devacc': np.float64(89.29), 'acc': np.float64(89.82), 'ndev': 10606, 'ntest': 10606}","{'devacc': np.float64(90.37), 'acc': 89.79, 'ndev': 872, 'ntest': 1821}","{'devacc': np.float64(87.25), 'acc': 95.4, 'ndev': 5452, 'ntest': 500}","{'devacc': np.float64(73.65), 'acc': 73.62, 'f1': 80.99, 'ndev': 4076, 'ntest': 1725}"
deberta-base,AVG+MAX-NS_LYR-7,"torch.Size([61, 1536])",NORMAL,4,0,12,"{'devacc': np.float64(84.32), 'acc': np.float64(84.41), 'ndev': 10662, 'ntest': 10662}","{'devacc': np.float64(63.97), 'acc': np.float64(66.2), 'ndev': 3775, 'ntest': 3775}","{'devacc': np.float64(95.32), 'acc': np.float64(95.28), 'ndev': 10000, 'ntest': 10000}","{'devacc': np.float64(58.32), 'acc': np.float64(49.74), 'ndev': 10606, 'ntest': 10606}","{'devacc': np.float64(89.56), 'acc': 90.33, 'ndev': 872, 'ntest': 1821}","{'devacc': np.float64(89.84), 'acc': 95.8, 'ndev': 5452, 'ntest': 500}","{'devacc': np.float64(73.43), 'acc': 73.86, 'f1': 81.03, 'ndev': 4076, 'ntest': 1725}"
deberta-base,SUM+MAX_LYR-7,"torch.Size([61, 1536])",NORMAL,4,0,12,"{'devacc': np.float64(84.22), 'acc': np.float64(84.51), 'ndev': 10662, 'ntest': 10662}","{'devacc': np.float64(87.55), 'acc': np.float64(88.0), 'ndev': 3775, 'ntest': 3775}","{'devacc': np.float64(94.3), 'acc': np.float64(94.31), 'ndev': 10000, 'ntest': 10000}","{'devacc': np.float64(88.79), 'acc': np.float64(89.02), 'ndev': 10606, 'ntest': 10606}","{'devacc': np.float64(89.91), 'acc': 89.46, 'ndev': 872, 'ntest': 1821}","{'devacc': np.float64(87.56), 'acc': 95.4, 'ndev': 5452, 'ntest': 500}","{'devacc': np.float64(73.55), 'acc': 73.22, 'f1': 80.83, 'ndev': 4076, 'ntest': 1725}"
deberta-base,SUM+AVG-NS_LYR-7,"torch.Size([61, 1536])",NORMAL,4,0,12,"{'devacc': np.float64(84.33), 'acc': np.float64(84.49), 'ndev': 10662, 'ntest': 10662}","{'devacc': np.float64(87.43), 'acc': np.float64(87.9), 'ndev': 3775, 'ntest': 3775}","{'devacc': np.float64(94.18), 'acc': np.float64(94.33), 'ndev': 10000, 'ntest': 10000}","{'devacc': np.float64(89.09), 'acc': np.float64(89.47), 'ndev': 10606, 'ntest': 10606}","{'devacc': np.float64(90.71), 'acc': 89.79, 'ndev': 872, 'ntest': 1821}","{'devacc': np.float64(87.25), 'acc': 95.0, 'ndev': 5452, 'ntest': 500}","{'devacc': np.float64(73.72), 'acc': 73.22, 'f1': 80.91, 'ndev': 4076, 'ntest': 1725}"
deberta-base,SUM+SUM-NS_LYR-7,"torch.Size([61, 1536])",NORMAL,4,0,12,"{'devacc': np.float64(84.24), 'acc': np.float64(84.39), 'ndev': 10662, 'ntest': 10662}","{'devacc': np.float64(87.16), 'acc': np.float64(87.55), 'ndev': 3775, 'ntest': 3775}","{'devacc': np.float64(94.21), 'acc': np.float64(94.39), 'ndev': 10000, 'ntest': 10000}","{'devacc': np.float64(88.92), 'acc': np.float64(89.38), 'ndev': 10606, 'ntest': 10606}","{'devacc': np.float64(89.91), 'acc': 90.23, 'ndev': 872, 'ntest': 1821}","{'devacc': np.float64(87.16), 'acc': 95.0, 'ndev': 5452, 'ntest': 500}","{'devacc': np.float64(73.63), 'acc': 73.68, 'f1': 80.78, 'ndev': 4076, 'ntest': 1725}"
deberta-base,SUM+MAX-NS_LYR-7,"torch.Size([61, 1536])",NORMAL,4,0,12,"{'devacc': np.float64(84.21), 'acc': np.float64(84.25), 'ndev': 10662, 'ntest': 10662}","{'devacc': np.float64(79.89), 'acc': np.float64(80.16), 'ndev': 3775, 'ntest': 3775}","{'devacc': np.float64(94.33), 'acc': np.float64(94.37), 'ndev': 10000, 'ntest': 10000}","{'devacc': np.float64(58.13), 'acc': np.float64(49.59), 'ndev': 10606, 'ntest': 10606}","{'devacc': np.float64(89.68), 'acc': 90.55, 'ndev': 872, 'ntest': 1821}","{'devacc': np.float64(87.45), 'acc': 95.6, 'ndev': 5452, 'ntest': 500}","{'devacc': np.float64(73.28), 'acc': 72.81, 'f1': 80.22, 'ndev': 4076, 'ntest': 1725}"
deberta-base,MAX+AVG-NS_LYR-7,"torch.Size([61, 1536])",NORMAL,4,0,12,"{'devacc': np.float64(84.27), 'acc': np.float64(84.54), 'ndev': 10662, 'ntest': 10662}","{'devacc': np.float64(88.71), 'acc': np.float64(88.93), 'ndev': 3775, 'ntest': 3775}","{'devacc': np.float64(95.38), 'acc': np.float64(95.37), 'ndev': 10000, 'ntest': 10000}","{'devacc': np.float64(89.97), 'acc': np.float64(90.34), 'ndev': 10606, 'ntest': 10606}","{'devacc': np.float64(89.33), 'acc': 89.9, 'ndev': 872, 'ntest': 1821}","{'devacc': np.float64(90.1), 'acc': 95.8, 'ndev': 5452, 'ntest': 500}","{'devacc': np.float64(73.53), 'acc': 73.62, 'f1': 80.79, 'ndev': 4076, 'ntest': 1725}"
deberta-base,MAX+SUM-NS_LYR-7,"torch.Size([61, 1536])",NORMAL,4,0,12,"{'devacc': np.float64(84.18), 'acc': np.float64(84.59), 'ndev': 10662, 'ntest': 10662}","{'devacc': np.float64(87.33), 'acc': np.float64(87.68), 'ndev': 3775, 'ntest': 3775}","{'devacc': np.float64(94.4), 'acc': np.float64(94.48), 'ndev': 10000, 'ntest': 10000}","{'devacc': np.float64(88.76), 'acc': np.float64(88.94), 'ndev': 10606, 'ntest': 10606}","{'devacc': np.float64(89.91), 'acc': 90.23, 'ndev': 872, 'ntest': 1821}","{'devacc': np.float64(87.78), 'acc': 95.8, 'ndev': 5452, 'ntest': 500}","{'devacc': np.float64(73.97), 'acc': 73.45, 'f1': 80.79, 'ndev': 4076, 'ntest': 1725}"
deberta-base,MAX+MAX-NS_LYR-7,"torch.Size([61, 1536])",NORMAL,4,0,12,"{'devacc': np.float64(81.57), 'acc': np.float64(81.58), 'ndev': 10662, 'ntest': 10662}","{'devacc': np.float64(63.69), 'acc': np.float64(65.93), 'ndev': 3775, 'ntest': 3775}","{'devacc': np.float64(93.28), 'acc': np.float64(93.36), 'ndev': 10000, 'ntest': 10000}","{'devacc': np.float64(58.23), 'acc': np.float64(49.68), 'ndev': 10606, 'ntest': 10606}","{'devacc': np.float64(86.24), 'acc': 87.26, 'ndev': 872, 'ntest': 1821}","{'devacc': np.float64(88.17), 'acc': 94.6, 'ndev': 5452, 'ntest': 500}","{'devacc': np.float64(72.4), 'acc': 73.04, 'f1': 80.27, 'ndev': 4076, 'ntest': 1725}"
deberta-base,AVG-NS+SUM-NS_LYR-7,"torch.Size([61, 1536])",NORMAL,4,0,12,"{'devacc': np.float64(84.41), 'acc': np.float64(84.71), 'ndev': 10662, 'ntest': 10662}","{'devacc': np.float64(87.06), 'acc': np.float64(87.1), 'ndev': 3775, 'ntest': 3775}","{'devacc': np.float64(94.28), 'acc': np.float64(94.39), 'ndev': 10000, 'ntest': 10000}","{'devacc': np.float64(89.16), 'acc': np.float64(89.72), 'ndev': 10606, 'ntest': 10606}","{'devacc': np.float64(90.48), 'acc': 90.77, 'ndev': 872, 'ntest': 1821}","{'devacc': np.float64(87.27), 'acc': 95.2, 'ndev': 5452, 'ntest': 500}","{'devacc': np.float64(73.97), 'acc': 73.62, 'f1': 80.7, 'ndev': 4076, 'ntest': 1725}"
deberta-base,AVG-NS+MAX-NS_LYR-7,"torch.Size([61, 1536])",NORMAL,4,0,12,"{'devacc': np.float64(84.22), 'acc': np.float64(84.57), 'ndev': 10662, 'ntest': 10662}","{'devacc': np.float64(63.93), 'acc': np.float64(66.14), 'ndev': 3775, 'ntest': 3775}","{'devacc': np.float64(95.34), 'acc': np.float64(95.26), 'ndev': 10000, 'ntest': 10000}","{'devacc': np.float64(58.34), 'acc': np.float64(49.8), 'ndev': 10606, 'ntest': 10606}","{'devacc': np.float64(89.22), 'acc': 89.9, 'ndev': 872, 'ntest': 1821}","{'devacc': np.float64(89.75), 'acc': 95.8, 'ndev': 5452, 'ntest': 500}","{'devacc': np.float64(73.5), 'acc': 73.68, 'f1': 80.89, 'ndev': 4076, 'ntest': 1725}"
deberta-base,SUM-NS+MAX-NS_LYR-7,"torch.Size([61, 1536])",NORMAL,4,0,12,"{'devacc': np.float64(84.2), 'acc': np.float64(84.68), 'ndev': 10662, 'ntest': 10662}","{'devacc': np.float64(79.87), 'acc': np.float64(81.06), 'ndev': 3775, 'ntest': 3775}","{'devacc': np.float64(94.41), 'acc': np.float64(94.56), 'ndev': 10000, 'ntest': 10000}","{'devacc': np.float64(58.13), 'acc': np.float64(49.58), 'ndev': 10606, 'ntest': 10606}","{'devacc': np.float64(89.45), 'acc': 90.28, 'ndev': 872, 'ntest': 1821}","{'devacc': np.float64(87.78), 'acc': 96.0, 'ndev': 5452, 'ntest': 500}","{'devacc': np.float64(73.97), 'acc': 73.39, 'f1': 80.46, 'ndev': 4076, 'ntest': 1725}"
deberta-base,CLS+AVG_LYR-8,"torch.Size([61, 1536])",NORMAL,4,0,12,"{'devacc': np.float64(86.57), 'acc': np.float64(86.75), 'ndev': 10662, 'ntest': 10662}","{'devacc': np.float64(91.27), 'acc': np.float64(91.44), 'ndev': 3775, 'ntest': 3775}","{'devacc': np.float64(96.13), 'acc': np.float64(96.13), 'ndev': 10000, 'ntest': 10000}","{'devacc': np.float64(90.7), 'acc': np.float64(90.9), 'ndev': 10606, 'ntest': 10606}","{'devacc': np.float64(91.51), 'acc': 91.38, 'ndev': 872, 'ntest': 1821}","{'devacc': np.float64(89.62), 'acc': 97.0, 'ndev': 5452, 'ntest': 500}","{'devacc': np.float64(76.86), 'acc': 77.86, 'f1': 84.37, 'ndev': 4076, 'ntest': 1725}"
deberta-base,CLS+SUM_LYR-8,"torch.Size([61, 1536])",NORMAL,4,0,12,"{'devacc': np.float64(84.98), 'acc': np.float64(84.84), 'ndev': 10662, 'ntest': 10662}","{'devacc': np.float64(88.19), 'acc': np.float64(87.87), 'ndev': 3775, 'ntest': 3775}","{'devacc': np.float64(94.33), 'acc': np.float64(94.36), 'ndev': 10000, 'ntest': 10000}","{'devacc': np.float64(88.88), 'acc': np.float64(89.13), 'ndev': 10606, 'ntest': 10606}","{'devacc': np.float64(90.94), 'acc': 91.1, 'ndev': 872, 'ntest': 1821}","{'devacc': np.float64(87.58), 'acc': 95.2, 'ndev': 5452, 'ntest': 500}","{'devacc': np.float64(73.41), 'acc': 75.42, 'f1': 82.39, 'ndev': 4076, 'ntest': 1725}"
deberta-base,CLS+MAX_LYR-8,"torch.Size([61, 1536])",NORMAL,4,0,12,"{'devacc': np.float64(83.18), 'acc': np.float64(83.42), 'ndev': 10662, 'ntest': 10662}","{'devacc': np.float64(88.11), 'acc': np.float64(88.13), 'ndev': 3775, 'ntest': 3775}","{'devacc': np.float64(93.88), 'acc': np.float64(94.08), 'ndev': 10000, 'ntest': 10000}","{'devacc': np.float64(89.03), 'acc': np.float64(89.06), 'ndev': 10606, 'ntest': 10606}","{'devacc': np.float64(87.16), 'acc': 89.18, 'ndev': 872, 'ntest': 1821}","{'devacc': np.float64(88.02), 'acc': 94.8, 'ndev': 5452, 'ntest': 500}","{'devacc': np.float64(74.63), 'acc': 71.42, 'f1': 78.98, 'ndev': 4076, 'ntest': 1725}"
deberta-base,CLS+AVG-NS_LYR-8,"torch.Size([61, 1536])",NORMAL,4,0,12,"{'devacc': np.float64(86.41), 'acc': np.float64(86.56), 'ndev': 10662, 'ntest': 10662}","{'devacc': np.float64(91.08), 'acc': np.float64(91.34), 'ndev': 3775, 'ntest': 3775}","{'devacc': np.float64(96.07), 'acc': np.float64(96.01), 'ndev': 10000, 'ntest': 10000}","{'devacc': np.float64(90.26), 'acc': np.float64(90.42), 'ndev': 10606, 'ntest': 10606}","{'devacc': np.float64(90.71), 'acc': 91.32, 'ndev': 872, 'ntest': 1821}","{'devacc': np.float64(89.71), 'acc': 96.8, 'ndev': 5452, 'ntest': 500}","{'devacc': np.float64(76.86), 'acc': 76.93, 'f1': 83.57, 'ndev': 4076, 'ntest': 1725}"
deberta-base,CLS+SUM-NS_LYR-8,"torch.Size([61, 1536])",NORMAL,4,0,12,"{'devacc': np.float64(85.1), 'acc': np.float64(85.19), 'ndev': 10662, 'ntest': 10662}","{'devacc': np.float64(88.17), 'acc': np.float64(87.79), 'ndev': 3775, 'ntest': 3775}","{'devacc': np.float64(94.25), 'acc': np.float64(94.34), 'ndev': 10000, 'ntest': 10000}","{'devacc': np.float64(88.91), 'acc': np.float64(89.24), 'ndev': 10606, 'ntest': 10606}","{'devacc': np.float64(90.25), 'acc': 91.05, 'ndev': 872, 'ntest': 1821}","{'devacc': np.float64(87.47), 'acc': 95.6, 'ndev': 5452, 'ntest': 500}","{'devacc': np.float64(73.68), 'acc': 74.84, 'f1': 82.05, 'ndev': 4076, 'ntest': 1725}"
deberta-base,CLS+MAX-NS_LYR-8,"torch.Size([61, 1536])",NORMAL,4,0,12,"{'devacc': np.float64(83.07), 'acc': np.float64(83.52), 'ndev': 10662, 'ntest': 10662}","{'devacc': np.float64(63.89), 'acc': np.float64(66.09), 'ndev': 3775, 'ntest': 3775}","{'devacc': np.float64(93.91), 'acc': np.float64(94.0), 'ndev': 10000, 'ntest': 10000}","{'devacc': np.float64(58.17), 'acc': np.float64(49.62), 'ndev': 10606, 'ntest': 10606}","{'devacc': np.float64(87.73), 'acc': 88.85, 'ndev': 872, 'ntest': 1821}","{'devacc': np.float64(88.39), 'acc': 94.6, 'ndev': 5452, 'ntest': 500}","{'devacc': np.float64(74.7), 'acc': 72.46, 'f1': 79.88, 'ndev': 4076, 'ntest': 1725}"
deberta-base,AVG+SUM_LYR-8,"torch.Size([61, 1536])",NORMAL,4,0,12,"{'devacc': np.float64(84.97), 'acc': np.float64(84.82), 'ndev': 10662, 'ntest': 10662}","{'devacc': np.float64(88.27), 'acc': np.float64(88.16), 'ndev': 3775, 'ntest': 3775}","{'devacc': np.float64(94.31), 'acc': np.float64(94.42), 'ndev': 10000, 'ntest': 10000}","{'devacc': np.float64(88.96), 'acc': np.float64(89.1), 'ndev': 10606, 'ntest': 10606}","{'devacc': np.float64(91.63), 'acc': 90.01, 'ndev': 872, 'ntest': 1821}","{'devacc': np.float64(87.55), 'acc': 96.0, 'ndev': 5452, 'ntest': 500}","{'devacc': np.float64(73.5), 'acc': 75.01, 'f1': 82.17, 'ndev': 4076, 'ntest': 1725}"
deberta-base,AVG+MAX_LYR-8,"torch.Size([61, 1536])",NORMAL,4,0,12,"{'devacc': np.float64(85.05), 'acc': np.float64(85.19), 'ndev': 10662, 'ntest': 10662}","{'devacc': np.float64(89.89), 'acc': np.float64(89.8), 'ndev': 3775, 'ntest': 3775}","{'devacc': np.float64(95.35), 'acc': np.float64(95.41), 'ndev': 10000, 'ntest': 10000}","{'devacc': np.float64(90.03), 'acc': np.float64(90.28), 'ndev': 10606, 'ntest': 10606}","{'devacc': np.float64(90.83), 'acc': 90.28, 'ndev': 872, 'ntest': 1821}","{'devacc': np.float64(89.54), 'acc': 95.6, 'ndev': 5452, 'ntest': 500}","{'devacc': np.float64(75.07), 'acc': 73.51, 'f1': 80.43, 'ndev': 4076, 'ntest': 1725}"
deberta-base,AVG+AVG-NS_LYR-8,"torch.Size([61, 1536])",NORMAL,4,0,12,"{'devacc': np.float64(86.36), 'acc': np.float64(86.47), 'ndev': 10662, 'ntest': 10662}","{'devacc': np.float64(90.95), 'acc': np.float64(91.23), 'ndev': 3775, 'ntest': 3775}","{'devacc': np.float64(96.08), 'acc': np.float64(96.13), 'ndev': 10000, 'ntest': 10000}","{'devacc': np.float64(90.29), 'acc': np.float64(90.46), 'ndev': 10606, 'ntest': 10606}","{'devacc': np.float64(91.97), 'acc': 91.87, 'ndev': 872, 'ntest': 1821}","{'devacc': np.float64(89.45), 'acc': 96.2, 'ndev': 5452, 'ntest': 500}","{'devacc': np.float64(76.89), 'acc': 75.77, 'f1': 82.76, 'ndev': 4076, 'ntest': 1725}"
deberta-base,AVG+SUM-NS_LYR-8,"torch.Size([61, 1536])",NORMAL,4,0,12,"{'devacc': np.float64(85.01), 'acc': np.float64(85.1), 'ndev': 10662, 'ntest': 10662}","{'devacc': np.float64(88.14), 'acc': np.float64(87.87), 'ndev': 3775, 'ntest': 3775}","{'devacc': np.float64(94.25), 'acc': np.float64(94.2), 'ndev': 10000, 'ntest': 10000}","{'devacc': np.float64(88.97), 'acc': np.float64(89.24), 'ndev': 10606, 'ntest': 10606}","{'devacc': np.float64(90.83), 'acc': 90.55, 'ndev': 872, 'ntest': 1821}","{'devacc': np.float64(87.4), 'acc': 95.2, 'ndev': 5452, 'ntest': 500}","{'devacc': np.float64(73.77), 'acc': 75.07, 'f1': 82.13, 'ndev': 4076, 'ntest': 1725}"
deberta-base,AVG+MAX-NS_LYR-8,"torch.Size([61, 1536])",NORMAL,4,0,12,"{'devacc': np.float64(85.01), 'acc': np.float64(85.23), 'ndev': 10662, 'ntest': 10662}","{'devacc': np.float64(64.12), 'acc': np.float64(66.28), 'ndev': 3775, 'ntest': 3775}","{'devacc': np.float64(95.43), 'acc': np.float64(95.47), 'ndev': 10000, 'ntest': 10000}","{'devacc': np.float64(58.23), 'acc': np.float64(49.7), 'ndev': 10606, 'ntest': 10606}","{'devacc': np.float64(90.6), 'acc': 90.77, 'ndev': 872, 'ntest': 1821}","{'devacc': np.float64(89.8), 'acc': 95.8, 'ndev': 5452, 'ntest': 500}","{'devacc': np.float64(74.98), 'acc': 73.28, 'f1': 80.56, 'ndev': 4076, 'ntest': 1725}"
deberta-base,SUM+MAX_LYR-8,"torch.Size([61, 1536])",NORMAL,4,0,12,"{'devacc': np.float64(84.69), 'acc': np.float64(84.8), 'ndev': 10662, 'ntest': 10662}","{'devacc': np.float64(88.39), 'acc': np.float64(88.32), 'ndev': 3775, 'ntest': 3775}","{'devacc': np.float64(94.4), 'acc': np.float64(94.39), 'ndev': 10000, 'ntest': 10000}","{'devacc': np.float64(88.66), 'acc': np.float64(88.95), 'ndev': 10606, 'ntest': 10606}","{'devacc': np.float64(91.17), 'acc': 90.66, 'ndev': 872, 'ntest': 1821}","{'devacc': np.float64(87.78), 'acc': 95.6, 'ndev': 5452, 'ntest': 500}","{'devacc': np.float64(73.43), 'acc': 75.19, 'f1': 82.4, 'ndev': 4076, 'ntest': 1725}"
deberta-base,SUM+AVG-NS_LYR-8,"torch.Size([61, 1536])",NORMAL,4,0,12,"{'devacc': np.float64(84.98), 'acc': np.float64(84.93), 'ndev': 10662, 'ntest': 10662}","{'devacc': np.float64(88.33), 'acc': np.float64(88.13), 'ndev': 3775, 'ntest': 3775}","{'devacc': np.float64(94.34), 'acc': np.float64(94.46), 'ndev': 10000, 'ntest': 10000}","{'devacc': np.float64(88.88), 'acc': np.float64(89.35), 'ndev': 10606, 'ntest': 10606}","{'devacc': np.float64(91.97), 'acc': 90.72, 'ndev': 872, 'ntest': 1821}","{'devacc': np.float64(87.66), 'acc': 95.6, 'ndev': 5452, 'ntest': 500}","{'devacc': np.float64(73.31), 'acc': 74.49, 'f1': 81.48, 'ndev': 4076, 'ntest': 1725}"
deberta-base,SUM+SUM-NS_LYR-8,"torch.Size([61, 1536])",NORMAL,4,0,12,"{'devacc': np.float64(84.76), 'acc': np.float64(84.86), 'ndev': 10662, 'ntest': 10662}","{'devacc': np.float64(88.06), 'acc': np.float64(87.68), 'ndev': 3775, 'ntest': 3775}","{'devacc': np.float64(94.29), 'acc': np.float64(94.27), 'ndev': 10000, 'ntest': 10000}","{'devacc': np.float64(88.74), 'acc': np.float64(88.99), 'ndev': 10606, 'ntest': 10606}","{'devacc': np.float64(90.71), 'acc': 91.05, 'ndev': 872, 'ntest': 1821}","{'devacc': np.float64(87.47), 'acc': 95.6, 'ndev': 5452, 'ntest': 500}","{'devacc': np.float64(73.45), 'acc': 76.29, 'f1': 82.99, 'ndev': 4076, 'ntest': 1725}"
deberta-base,SUM+MAX-NS_LYR-8,"torch.Size([61, 1536])",NORMAL,4,0,12,"{'devacc': np.float64(84.7), 'acc': np.float64(84.75), 'ndev': 10662, 'ntest': 10662}","{'devacc': np.float64(81.32), 'acc': np.float64(82.14), 'ndev': 3775, 'ntest': 3775}","{'devacc': np.float64(94.4), 'acc': np.float64(94.39), 'ndev': 10000, 'ntest': 10000}","{'devacc': np.float64(58.03), 'acc': np.float64(49.46), 'ndev': 10606, 'ntest': 10606}","{'devacc': np.float64(91.28), 'acc': 90.66, 'ndev': 872, 'ntest': 1821}","{'devacc': np.float64(88.06), 'acc': 95.6, 'ndev': 5452, 'ntest': 500}","{'devacc': np.float64(73.36), 'acc': 74.43, 'f1': 81.52, 'ndev': 4076, 'ntest': 1725}"
deberta-base,MAX+AVG-NS_LYR-8,"torch.Size([61, 1536])",NORMAL,4,0,12,"{'devacc': np.float64(85.0), 'acc': np.float64(85.4), 'ndev': 10662, 'ntest': 10662}","{'devacc': np.float64(89.91), 'acc': np.float64(89.75), 'ndev': 3775, 'ntest': 3775}","{'devacc': np.float64(95.44), 'acc': np.float64(95.48), 'ndev': 10000, 'ntest': 10000}","{'devacc': np.float64(89.84), 'acc': np.float64(90.25), 'ndev': 10606, 'ntest': 10606}","{'devacc': np.float64(90.71), 'acc': 90.72, 'ndev': 872, 'ntest': 1821}","{'devacc': np.float64(90.08), 'acc': 95.8, 'ndev': 5452, 'ntest': 500}","{'devacc': np.float64(75.22), 'acc': 73.22, 'f1': 80.32, 'ndev': 4076, 'ntest': 1725}"
deberta-base,MAX+SUM-NS_LYR-8,"torch.Size([61, 1536])",NORMAL,4,0,12,"{'devacc': np.float64(84.71), 'acc': np.float64(84.66), 'ndev': 10662, 'ntest': 10662}","{'devacc': np.float64(88.36), 'acc': np.float64(87.84), 'ndev': 3775, 'ntest': 3775}","{'devacc': np.float64(94.37), 'acc': np.float64(94.39), 'ndev': 10000, 'ntest': 10000}","{'devacc': np.float64(88.65), 'acc': np.float64(88.93), 'ndev': 10606, 'ntest': 10606}","{'devacc': np.float64(90.6), 'acc': 90.77, 'ndev': 872, 'ntest': 1821}","{'devacc': np.float64(87.71), 'acc': 95.2, 'ndev': 5452, 'ntest': 500}","{'devacc': np.float64(73.65), 'acc': 74.55, 'f1': 81.97, 'ndev': 4076, 'ntest': 1725}"
deberta-base,MAX+MAX-NS_LYR-8,"torch.Size([61, 1536])",NORMAL,4,0,12,"{'devacc': np.float64(82.93), 'acc': np.float64(83.19), 'ndev': 10662, 'ntest': 10662}","{'devacc': np.float64(63.84), 'acc': np.float64(66.01), 'ndev': 3775, 'ntest': 3775}","{'devacc': np.float64(93.63), 'acc': np.float64(93.81), 'ndev': 10000, 'ntest': 10000}","{'devacc': np.float64(58.14), 'acc': np.float64(49.72), 'ndev': 10606, 'ntest': 10606}","{'devacc': np.float64(88.19), 'acc': 89.46, 'ndev': 872, 'ntest': 1821}","{'devacc': np.float64(87.93), 'acc': 95.0, 'ndev': 5452, 'ntest': 500}","{'devacc': np.float64(73.75), 'acc': 71.19, 'f1': 78.99, 'ndev': 4076, 'ntest': 1725}"
deberta-base,AVG-NS+SUM-NS_LYR-8,"torch.Size([61, 1536])",NORMAL,4,0,12,"{'devacc': np.float64(84.99), 'acc': np.float64(85.05), 'ndev': 10662, 'ntest': 10662}","{'devacc': np.float64(88.16), 'acc': np.float64(87.76), 'ndev': 3775, 'ntest': 3775}","{'devacc': np.float64(94.25), 'acc': np.float64(94.21), 'ndev': 10000, 'ntest': 10000}","{'devacc': np.float64(89.01), 'acc': np.float64(89.32), 'ndev': 10606, 'ntest': 10606}","{'devacc': np.float64(91.17), 'acc': 90.55, 'ndev': 872, 'ntest': 1821}","{'devacc': np.float64(87.42), 'acc': 95.6, 'ndev': 5452, 'ntest': 500}","{'devacc': np.float64(73.55), 'acc': 74.32, 'f1': 81.7, 'ndev': 4076, 'ntest': 1725}"
deberta-base,AVG-NS+MAX-NS_LYR-8,"torch.Size([61, 1536])",NORMAL,4,0,12,"{'devacc': np.float64(84.95), 'acc': np.float64(85.39), 'ndev': 10662, 'ntest': 10662}","{'devacc': np.float64(64.14), 'acc': np.float64(66.17), 'ndev': 3775, 'ntest': 3775}","{'devacc': np.float64(95.48), 'acc': np.float64(95.5), 'ndev': 10000, 'ntest': 10000}","{'devacc': np.float64(58.26), 'acc': np.float64(49.66), 'ndev': 10606, 'ntest': 10606}","{'devacc': np.float64(90.48), 'acc': 90.5, 'ndev': 872, 'ntest': 1821}","{'devacc': np.float64(89.95), 'acc': 96.0, 'ndev': 5452, 'ntest': 500}","{'devacc': np.float64(75.27), 'acc': 73.39, 'f1': 80.71, 'ndev': 4076, 'ntest': 1725}"
deberta-base,SUM-NS+MAX-NS_LYR-8,"torch.Size([61, 1536])",NORMAL,4,0,12,"{'devacc': np.float64(84.77), 'acc': np.float64(84.97), 'ndev': 10662, 'ntest': 10662}","{'devacc': np.float64(82.3), 'acc': np.float64(84.34), 'ndev': 3775, 'ntest': 3775}","{'devacc': np.float64(94.38), 'acc': np.float64(94.24), 'ndev': 10000, 'ntest': 10000}","{'devacc': np.float64(58.04), 'acc': np.float64(49.48), 'ndev': 10606, 'ntest': 10606}","{'devacc': np.float64(91.06), 'acc': 90.66, 'ndev': 872, 'ntest': 1821}","{'devacc': np.float64(87.82), 'acc': 95.8, 'ndev': 5452, 'ntest': 500}","{'devacc': np.float64(73.68), 'acc': 74.96, 'f1': 82.35, 'ndev': 4076, 'ntest': 1725}"
deberta-base,CLS+AVG_LYR-9,"torch.Size([61, 1536])",NORMAL,4,0,12,"{'devacc': np.float64(87.49), 'acc': np.float64(87.6), 'ndev': 10662, 'ntest': 10662}","{'devacc': np.float64(91.74), 'acc': np.float64(91.79), 'ndev': 3775, 'ntest': 3775}","{'devacc': np.float64(96.21), 'acc': np.float64(96.14), 'ndev': 10000, 'ntest': 10000}","{'devacc': np.float64(90.57), 'acc': np.float64(90.71), 'ndev': 10606, 'ntest': 10606}","{'devacc': np.float64(91.51), 'acc': 91.93, 'ndev': 872, 'ntest': 1821}","{'devacc': np.float64(89.1), 'acc': 96.6, 'ndev': 5452, 'ntest': 500}","{'devacc': np.float64(76.84), 'acc': 75.25, 'f1': 82.16, 'ndev': 4076, 'ntest': 1725}"
deberta-base,CLS+SUM_LYR-9,"torch.Size([61, 1536])",NORMAL,4,0,12,"{'devacc': np.float64(85.9), 'acc': np.float64(86.26), 'ndev': 10662, 'ntest': 10662}","{'devacc': np.float64(88.72), 'acc': np.float64(88.69), 'ndev': 3775, 'ntest': 3775}","{'devacc': np.float64(94.75), 'acc': np.float64(94.63), 'ndev': 10000, 'ntest': 10000}","{'devacc': np.float64(89.01), 'acc': np.float64(89.19), 'ndev': 10606, 'ntest': 10606}","{'devacc': np.float64(91.06), 'acc': 91.21, 'ndev': 872, 'ntest': 1821}","{'devacc': np.float64(87.51), 'acc': 95.8, 'ndev': 5452, 'ntest': 500}","{'devacc': np.float64(74.61), 'acc': 75.42, 'f1': 82.52, 'ndev': 4076, 'ntest': 1725}"
deberta-base,CLS+MAX_LYR-9,"torch.Size([61, 1536])",NORMAL,4,0,12,"{'devacc': np.float64(84.36), 'acc': np.float64(84.5), 'ndev': 10662, 'ntest': 10662}","{'devacc': np.float64(89.6), 'acc': np.float64(89.83), 'ndev': 3775, 'ntest': 3775}","{'devacc': np.float64(93.87), 'acc': np.float64(94.03), 'ndev': 10000, 'ntest': 10000}","{'devacc': np.float64(89.06), 'acc': np.float64(89.05), 'ndev': 10606, 'ntest': 10606}","{'devacc': np.float64(88.19), 'acc': 89.24, 'ndev': 872, 'ntest': 1821}","{'devacc': np.float64(87.42), 'acc': 94.4, 'ndev': 5452, 'ntest': 500}","{'devacc': np.float64(75.59), 'acc': 73.74, 'f1': 80.91, 'ndev': 4076, 'ntest': 1725}"
deberta-base,CLS+AVG-NS_LYR-9,"torch.Size([61, 1536])",NORMAL,4,0,12,"{'devacc': np.float64(87.4), 'acc': np.float64(87.57), 'ndev': 10662, 'ntest': 10662}","{'devacc': np.float64(91.58), 'acc': np.float64(91.66), 'ndev': 3775, 'ntest': 3775}","{'devacc': np.float64(96.18), 'acc': np.float64(96.07), 'ndev': 10000, 'ntest': 10000}","{'devacc': np.float64(90.35), 'acc': np.float64(90.6), 'ndev': 10606, 'ntest': 10606}","{'devacc': np.float64(91.17), 'acc': 92.04, 'ndev': 872, 'ntest': 1821}","{'devacc': np.float64(89.12), 'acc': 96.6, 'ndev': 5452, 'ntest': 500}","{'devacc': np.float64(76.84), 'acc': 76.7, 'f1': 83.39, 'ndev': 4076, 'ntest': 1725}"
deberta-base,CLS+SUM-NS_LYR-9,"torch.Size([61, 1536])",NORMAL,4,0,12,"{'devacc': np.float64(85.84), 'acc': np.float64(86.2), 'ndev': 10662, 'ntest': 10662}","{'devacc': np.float64(88.59), 'acc': np.float64(88.72), 'ndev': 3775, 'ntest': 3775}","{'devacc': np.float64(94.8), 'acc': np.float64(94.49), 'ndev': 10000, 'ntest': 10000}","{'devacc': np.float64(89.09), 'acc': np.float64(89.28), 'ndev': 10606, 'ntest': 10606}","{'devacc': np.float64(91.74), 'acc': 91.27, 'ndev': 872, 'ntest': 1821}","{'devacc': np.float64(87.49), 'acc': 95.8, 'ndev': 5452, 'ntest': 500}","{'devacc': np.float64(74.75), 'acc': 74.26, 'f1': 81.97, 'ndev': 4076, 'ntest': 1725}"
deberta-base,CLS+MAX-NS_LYR-9,"torch.Size([61, 1536])",NORMAL,4,0,12,"{'devacc': np.float64(84.32), 'acc': np.float64(84.35), 'ndev': 10662, 'ntest': 10662}","{'devacc': np.float64(64.08), 'acc': np.float64(66.28), 'ndev': 3775, 'ntest': 3775}","{'devacc': np.float64(93.88), 'acc': np.float64(94.02), 'ndev': 10000, 'ntest': 10000}","{'devacc': np.float64(58.22), 'acc': np.float64(49.58), 'ndev': 10606, 'ntest': 10606}","{'devacc': np.float64(87.61), 'acc': 88.63, 'ndev': 872, 'ntest': 1821}","{'devacc': np.float64(87.36), 'acc': 94.0, 'ndev': 5452, 'ntest': 500}","{'devacc': np.float64(75.61), 'acc': 73.8, 'f1': 80.86, 'ndev': 4076, 'ntest': 1725}"
deberta-base,AVG+SUM_LYR-9,"torch.Size([61, 1536])",NORMAL,4,0,12,"{'devacc': np.float64(85.92), 'acc': np.float64(86.22), 'ndev': 10662, 'ntest': 10662}","{'devacc': np.float64(88.76), 'acc': np.float64(88.74), 'ndev': 3775, 'ntest': 3775}","{'devacc': np.float64(94.74), 'acc': np.float64(94.61), 'ndev': 10000, 'ntest': 10000}","{'devacc': np.float64(89.1), 'acc': np.float64(89.22), 'ndev': 10606, 'ntest': 10606}","{'devacc': np.float64(92.66), 'acc': 90.99, 'ndev': 872, 'ntest': 1821}","{'devacc': np.float64(87.38), 'acc': 95.8, 'ndev': 5452, 'ntest': 500}","{'devacc': np.float64(75.2), 'acc': 74.43, 'f1': 82.25, 'ndev': 4076, 'ntest': 1725}"
deberta-base,AVG+MAX_LYR-9,"torch.Size([61, 1536])",NORMAL,4,0,12,"{'devacc': np.float64(86.45), 'acc': np.float64(86.76), 'ndev': 10662, 'ntest': 10662}","{'devacc': np.float64(90.9), 'acc': np.float64(90.89), 'ndev': 3775, 'ntest': 3775}","{'devacc': np.float64(95.5), 'acc': np.float64(95.6), 'ndev': 10000, 'ntest': 10000}","{'devacc': np.float64(90.13), 'acc': np.float64(90.32), 'ndev': 10606, 'ntest': 10606}","{'devacc': np.float64(91.97), 'acc': 91.71, 'ndev': 872, 'ntest': 1821}","{'devacc': np.float64(88.87), 'acc': 94.8, 'ndev': 5452, 'ntest': 500}","{'devacc': np.float64(76.82), 'acc': 74.9, 'f1': 81.69, 'ndev': 4076, 'ntest': 1725}"
deberta-base,AVG+AVG-NS_LYR-9,"torch.Size([61, 1536])",NORMAL,4,0,12,"{'devacc': np.float64(87.26), 'acc': np.float64(87.59), 'ndev': 10662, 'ntest': 10662}","{'devacc': np.float64(91.49), 'acc': np.float64(91.66), 'ndev': 3775, 'ntest': 3775}","{'devacc': np.float64(96.19), 'acc': np.float64(96.07), 'ndev': 10000, 'ntest': 10000}","{'devacc': np.float64(90.31), 'acc': np.float64(90.52), 'ndev': 10606, 'ntest': 10606}","{'devacc': np.float64(91.63), 'acc': 92.48, 'ndev': 872, 'ntest': 1821}","{'devacc': np.float64(89.01), 'acc': 96.6, 'ndev': 5452, 'ntest': 500}","{'devacc': np.float64(76.99), 'acc': 76.29, 'f1': 82.98, 'ndev': 4076, 'ntest': 1725}"
deberta-base,AVG+SUM-NS_LYR-9,"torch.Size([61, 1536])",NORMAL,4,0,12,"{'devacc': np.float64(85.82), 'acc': np.float64(86.23), 'ndev': 10662, 'ntest': 10662}","{'devacc': np.float64(88.61), 'acc': np.float64(88.45), 'ndev': 3775, 'ntest': 3775}","{'devacc': np.float64(94.8), 'acc': np.float64(94.47), 'ndev': 10000, 'ntest': 10000}","{'devacc': np.float64(89.18), 'acc': np.float64(89.39), 'ndev': 10606, 'ntest': 10606}","{'devacc': np.float64(91.74), 'acc': 90.99, 'ndev': 872, 'ntest': 1821}","{'devacc': np.float64(87.55), 'acc': 95.8, 'ndev': 5452, 'ntest': 500}","{'devacc': np.float64(75.05), 'acc': 75.3, 'f1': 82.73, 'ndev': 4076, 'ntest': 1725}"
deberta-base,AVG+MAX-NS_LYR-9,"torch.Size([61, 1536])",NORMAL,4,0,12,"{'devacc': np.float64(86.47), 'acc': np.float64(86.82), 'ndev': 10662, 'ntest': 10662}","{'devacc': np.float64(64.22), 'acc': np.float64(66.43), 'ndev': 3775, 'ntest': 3775}","{'devacc': np.float64(95.45), 'acc': np.float64(95.53), 'ndev': 10000, 'ntest': 10000}","{'devacc': np.float64(58.3), 'acc': np.float64(49.7), 'ndev': 10606, 'ntest': 10606}","{'devacc': np.float64(91.4), 'acc': 91.38, 'ndev': 872, 'ntest': 1821}","{'devacc': np.float64(88.88), 'acc': 95.0, 'ndev': 5452, 'ntest': 500}","{'devacc': np.float64(76.28), 'acc': 73.86, 'f1': 80.91, 'ndev': 4076, 'ntest': 1725}"
deberta-base,SUM+MAX_LYR-9,"torch.Size([61, 1536])",NORMAL,4,0,12,"{'devacc': np.float64(85.79), 'acc': np.float64(86.07), 'ndev': 10662, 'ntest': 10662}","{'devacc': np.float64(88.87), 'acc': np.float64(88.98), 'ndev': 3775, 'ntest': 3775}","{'devacc': np.float64(94.84), 'acc': np.float64(94.5), 'ndev': 10000, 'ntest': 10000}","{'devacc': np.float64(88.96), 'acc': np.float64(89.26), 'ndev': 10606, 'ntest': 10606}","{'devacc': np.float64(92.09), 'acc': 90.94, 'ndev': 872, 'ntest': 1821}","{'devacc': np.float64(87.56), 'acc': 95.6, 'ndev': 5452, 'ntest': 500}","{'devacc': np.float64(74.8), 'acc': 75.71, 'f1': 82.55, 'ndev': 4076, 'ntest': 1725}"
deberta-base,SUM+AVG-NS_LYR-9,"torch.Size([61, 1536])",NORMAL,4,0,12,"{'devacc': np.float64(85.92), 'acc': np.float64(86.14), 'ndev': 10662, 'ntest': 10662}","{'devacc': np.float64(88.73), 'acc': np.float64(88.64), 'ndev': 3775, 'ntest': 3775}","{'devacc': np.float64(94.77), 'acc': np.float64(94.51), 'ndev': 10000, 'ntest': 10000}","{'devacc': np.float64(89.24), 'acc': np.float64(89.49), 'ndev': 10606, 'ntest': 10606}","{'devacc': np.float64(91.97), 'acc': 91.21, 'ndev': 872, 'ntest': 1821}","{'devacc': np.float64(87.45), 'acc': 95.8, 'ndev': 5452, 'ntest': 500}","{'devacc': np.float64(75.03), 'acc': 74.84, 'f1': 82.13, 'ndev': 4076, 'ntest': 1725}"
deberta-base,SUM+SUM-NS_LYR-9,"torch.Size([61, 1536])",NORMAL,4,0,12,"{'devacc': np.float64(85.77), 'acc': np.float64(85.91), 'ndev': 10662, 'ntest': 10662}","{'devacc': np.float64(88.61), 'acc': np.float64(88.5), 'ndev': 3775, 'ntest': 3775}","{'devacc': np.float64(94.7), 'acc': np.float64(94.39), 'ndev': 10000, 'ntest': 10000}","{'devacc': np.float64(88.8), 'acc': np.float64(88.96), 'ndev': 10606, 'ntest': 10606}","{'devacc': np.float64(91.63), 'acc': 91.27, 'ndev': 872, 'ntest': 1821}","{'devacc': np.float64(87.49), 'acc': 95.4, 'ndev': 5452, 'ntest': 500}","{'devacc': np.float64(74.95), 'acc': 75.13, 'f1': 82.27, 'ndev': 4076, 'ntest': 1725}"
deberta-base,SUM+MAX-NS_LYR-9,"torch.Size([61, 1536])",NORMAL,4,0,12,"{'devacc': np.float64(85.79), 'acc': np.float64(86.0), 'ndev': 10662, 'ntest': 10662}","{'devacc': np.float64(80.81), 'acc': np.float64(83.76), 'ndev': 3775, 'ntest': 3775}","{'devacc': np.float64(94.85), 'acc': np.float64(94.79), 'ndev': 10000, 'ntest': 10000}","{'devacc': np.float64(58.15), 'acc': np.float64(49.62), 'ndev': 10606, 'ntest': 10606}","{'devacc': np.float64(91.86), 'acc': 91.21, 'ndev': 872, 'ntest': 1821}","{'devacc': np.float64(87.77), 'acc': 95.6, 'ndev': 5452, 'ntest': 500}","{'devacc': np.float64(75.0), 'acc': 75.42, 'f1': 82.67, 'ndev': 4076, 'ntest': 1725}"
deberta-base,MAX+AVG-NS_LYR-9,"torch.Size([61, 1536])",NORMAL,4,0,12,"{'devacc': np.float64(86.4), 'acc': np.float64(86.71), 'ndev': 10662, 'ntest': 10662}","{'devacc': np.float64(90.87), 'acc': np.float64(90.78), 'ndev': 3775, 'ntest': 3775}","{'devacc': np.float64(95.58), 'acc': np.float64(95.54), 'ndev': 10000, 'ntest': 10000}","{'devacc': np.float64(89.99), 'acc': np.float64(90.04), 'ndev': 10606, 'ntest': 10606}","{'devacc': np.float64(90.25), 'acc': 91.65, 'ndev': 872, 'ntest': 1821}","{'devacc': np.float64(89.14), 'acc': 95.2, 'ndev': 5452, 'ntest': 500}","{'devacc': np.float64(76.77), 'acc': 74.43, 'f1': 81.24, 'ndev': 4076, 'ntest': 1725}"
deberta-base,MAX+SUM-NS_LYR-9,"torch.Size([61, 1536])",NORMAL,4,0,12,"{'devacc': np.float64(85.67), 'acc': np.float64(86.03), 'ndev': 10662, 'ntest': 10662}","{'devacc': np.float64(88.77), 'acc': np.float64(88.64), 'ndev': 3775, 'ntest': 3775}","{'devacc': np.float64(94.94), 'acc': np.float64(94.66), 'ndev': 10000, 'ntest': 10000}","{'devacc': np.float64(88.95), 'acc': np.float64(89.02), 'ndev': 10606, 'ntest': 10606}","{'devacc': np.float64(91.74), 'acc': 91.27, 'ndev': 872, 'ntest': 1821}","{'devacc': np.float64(87.69), 'acc': 95.8, 'ndev': 5452, 'ntest': 500}","{'devacc': np.float64(74.83), 'acc': 74.43, 'f1': 82.02, 'ndev': 4076, 'ntest': 1725}"
deberta-base,MAX+MAX-NS_LYR-9,"torch.Size([61, 1536])",NORMAL,4,0,12,"{'devacc': np.float64(84.04), 'acc': np.float64(84.1), 'ndev': 10662, 'ntest': 10662}","{'devacc': np.float64(64.05), 'acc': np.float64(66.2), 'ndev': 3775, 'ntest': 3775}","{'devacc': np.float64(93.61), 'acc': np.float64(93.71), 'ndev': 10000, 'ntest': 10000}","{'devacc': np.float64(58.14), 'acc': np.float64(49.6), 'ndev': 10606, 'ntest': 10606}","{'devacc': np.float64(88.07), 'acc': 89.4, 'ndev': 872, 'ntest': 1821}","{'devacc': np.float64(87.09), 'acc': 94.0, 'ndev': 5452, 'ntest': 500}","{'devacc': np.float64(74.53), 'acc': 73.04, 'f1': 80.3, 'ndev': 4076, 'ntest': 1725}"
deberta-base,AVG-NS+SUM-NS_LYR-9,"torch.Size([61, 1536])",NORMAL,4,0,12,"{'devacc': np.float64(85.81), 'acc': np.float64(86.32), 'ndev': 10662, 'ntest': 10662}","{'devacc': np.float64(88.61), 'acc': np.float64(88.42), 'ndev': 3775, 'ntest': 3775}","{'devacc': np.float64(94.82), 'acc': np.float64(94.51), 'ndev': 10000, 'ntest': 10000}","{'devacc': np.float64(89.27), 'acc': np.float64(89.42), 'ndev': 10606, 'ntest': 10606}","{'devacc': np.float64(91.97), 'acc': 90.88, 'ndev': 872, 'ntest': 1821}","{'devacc': np.float64(87.49), 'acc': 95.6, 'ndev': 5452, 'ntest': 500}","{'devacc': np.float64(74.83), 'acc': 75.65, 'f1': 82.77, 'ndev': 4076, 'ntest': 1725}"
deberta-base,AVG-NS+MAX-NS_LYR-9,"torch.Size([61, 1536])",NORMAL,4,0,12,"{'devacc': np.float64(86.41), 'acc': np.float64(86.63), 'ndev': 10662, 'ntest': 10662}","{'devacc': np.float64(64.22), 'acc': np.float64(66.54), 'ndev': 3775, 'ntest': 3775}","{'devacc': np.float64(95.51), 'acc': np.float64(95.64), 'ndev': 10000, 'ntest': 10000}","{'devacc': np.float64(58.3), 'acc': np.float64(49.78), 'ndev': 10606, 'ntest': 10606}","{'devacc': np.float64(90.6), 'acc': 91.1, 'ndev': 872, 'ntest': 1821}","{'devacc': np.float64(88.98), 'acc': 95.4, 'ndev': 5452, 'ntest': 500}","{'devacc': np.float64(76.57), 'acc': 75.07, 'f1': 81.89, 'ndev': 4076, 'ntest': 1725}"
deberta-base,SUM-NS+MAX-NS_LYR-9,"torch.Size([61, 1536])",NORMAL,4,0,12,"{'devacc': np.float64(85.68), 'acc': np.float64(85.8), 'ndev': 10662, 'ntest': 10662}","{'devacc': np.float64(80.55), 'acc': np.float64(82.11), 'ndev': 3775, 'ntest': 3775}","{'devacc': np.float64(94.89), 'acc': np.float64(94.75), 'ndev': 10000, 'ntest': 10000}","{'devacc': np.float64(58.12), 'acc': np.float64(49.69), 'ndev': 10606, 'ntest': 10606}","{'devacc': np.float64(91.63), 'acc': 91.1, 'ndev': 872, 'ntest': 1821}","{'devacc': np.float64(87.67), 'acc': 95.4, 'ndev': 5452, 'ntest': 500}","{'devacc': np.float64(74.88), 'acc': 75.65, 'f1': 82.7, 'ndev': 4076, 'ntest': 1725}"
deberta-base,CLS+AVG_LYR-10,"torch.Size([61, 1536])",NORMAL,4,0,12,"{'devacc': np.float64(88.25), 'acc': np.float64(88.37), 'ndev': 10662, 'ntest': 10662}","{'devacc': np.float64(92.22), 'acc': np.float64(92.32), 'ndev': 3775, 'ntest': 3775}","{'devacc': np.float64(96.12), 'acc': np.float64(96.06), 'ndev': 10000, 'ntest': 10000}","{'devacc': np.float64(90.37), 'acc': np.float64(90.34), 'ndev': 10606, 'ntest': 10606}","{'devacc': np.float64(91.97), 'acc': 92.26, 'ndev': 872, 'ntest': 1821}","{'devacc': np.float64(87.6), 'acc': 96.4, 'ndev': 5452, 'ntest': 500}","{'devacc': np.float64(76.57), 'acc': 76.17, 'f1': 83.07, 'ndev': 4076, 'ntest': 1725}"
deberta-base,CLS+SUM_LYR-10,"torch.Size([61, 1536])",NORMAL,4,0,12,"{'devacc': np.float64(86.74), 'acc': np.float64(86.82), 'ndev': 10662, 'ntest': 10662}","{'devacc': np.float64(89.77), 'acc': np.float64(89.75), 'ndev': 3775, 'ntest': 3775}","{'devacc': np.float64(94.58), 'acc': np.float64(94.42), 'ndev': 10000, 'ntest': 10000}","{'devacc': np.float64(88.99), 'acc': np.float64(89.23), 'ndev': 10606, 'ntest': 10606}","{'devacc': np.float64(91.51), 'acc': 91.65, 'ndev': 872, 'ntest': 1821}","{'devacc': np.float64(86.19), 'acc': 95.6, 'ndev': 5452, 'ntest': 500}","{'devacc': np.float64(73.85), 'acc': 74.26, 'f1': 82.08, 'ndev': 4076, 'ntest': 1725}"
deberta-base,CLS+MAX_LYR-10,"torch.Size([61, 1536])",NORMAL,4,0,12,"{'devacc': np.float64(84.86), 'acc': np.float64(84.88), 'ndev': 10662, 'ntest': 10662}","{'devacc': np.float64(89.86), 'acc': np.float64(89.96), 'ndev': 3775, 'ntest': 3775}","{'devacc': np.float64(93.96), 'acc': np.float64(93.89), 'ndev': 10000, 'ntest': 10000}","{'devacc': np.float64(89.0), 'acc': np.float64(89.16), 'ndev': 10606, 'ntest': 10606}","{'devacc': np.float64(87.84), 'acc': 90.99, 'ndev': 872, 'ntest': 1821}","{'devacc': np.float64(86.02), 'acc': 94.6, 'ndev': 5452, 'ntest': 500}","{'devacc': np.float64(74.9), 'acc': 71.25, 'f1': 79.21, 'ndev': 4076, 'ntest': 1725}"
deberta-base,CLS+AVG-NS_LYR-10,"torch.Size([61, 1536])",NORMAL,4,0,12,"{'devacc': np.float64(88.16), 'acc': np.float64(88.26), 'ndev': 10662, 'ntest': 10662}","{'devacc': np.float64(92.12), 'acc': np.float64(92.05), 'ndev': 3775, 'ntest': 3775}","{'devacc': np.float64(96.12), 'acc': np.float64(96.1), 'ndev': 10000, 'ntest': 10000}","{'devacc': np.float64(90.23), 'acc': np.float64(90.44), 'ndev': 10606, 'ntest': 10606}","{'devacc': np.float64(91.06), 'acc': 92.53, 'ndev': 872, 'ntest': 1821}","{'devacc': np.float64(87.58), 'acc': 96.2, 'ndev': 5452, 'ntest': 500}","{'devacc': np.float64(76.54), 'acc': 74.72, 'f1': 82.1, 'ndev': 4076, 'ntest': 1725}"
deberta-base,CLS+SUM-NS_LYR-10,"torch.Size([61, 1536])",NORMAL,4,0,12,"{'devacc': np.float64(86.7), 'acc': np.float64(86.72), 'ndev': 10662, 'ntest': 10662}","{'devacc': np.float64(89.55), 'acc': np.float64(89.88), 'ndev': 3775, 'ntest': 3775}","{'devacc': np.float64(94.54), 'acc': np.float64(94.48), 'ndev': 10000, 'ntest': 10000}","{'devacc': np.float64(88.94), 'acc': np.float64(89.18), 'ndev': 10606, 'ntest': 10606}","{'devacc': np.float64(91.51), 'acc': 91.49, 'ndev': 872, 'ntest': 1821}","{'devacc': np.float64(86.17), 'acc': 95.2, 'ndev': 5452, 'ntest': 500}","{'devacc': np.float64(73.9), 'acc': 73.33, 'f1': 81.1, 'ndev': 4076, 'ntest': 1725}"
deberta-base,CLS+MAX-NS_LYR-10,"torch.Size([61, 1536])",NORMAL,4,0,12,"{'devacc': np.float64(84.95), 'acc': np.float64(85.14), 'ndev': 10662, 'ntest': 10662}","{'devacc': np.float64(64.05), 'acc': np.float64(66.3), 'ndev': 3775, 'ntest': 3775}","{'devacc': np.float64(93.81), 'acc': np.float64(93.83), 'ndev': 10000, 'ntest': 10000}","{'devacc': np.float64(58.24), 'acc': np.float64(49.64), 'ndev': 10606, 'ntest': 10606}","{'devacc': np.float64(87.61), 'acc': 91.21, 'ndev': 872, 'ntest': 1821}","{'devacc': np.float64(86.02), 'acc': 94.4, 'ndev': 5452, 'ntest': 500}","{'devacc': np.float64(74.88), 'acc': 71.25, 'f1': 79.23, 'ndev': 4076, 'ntest': 1725}"
deberta-base,AVG+SUM_LYR-10,"torch.Size([61, 1536])",NORMAL,4,0,12,"{'devacc': np.float64(86.73), 'acc': np.float64(86.79), 'ndev': 10662, 'ntest': 10662}","{'devacc': np.float64(89.76), 'acc': np.float64(89.72), 'ndev': 3775, 'ntest': 3775}","{'devacc': np.float64(94.58), 'acc': np.float64(94.42), 'ndev': 10000, 'ntest': 10000}","{'devacc': np.float64(89.12), 'acc': np.float64(89.25), 'ndev': 10606, 'ntest': 10606}","{'devacc': np.float64(91.51), 'acc': 91.32, 'ndev': 872, 'ntest': 1821}","{'devacc': np.float64(86.32), 'acc': 95.6, 'ndev': 5452, 'ntest': 500}","{'devacc': np.float64(73.85), 'acc': 73.8, 'f1': 81.64, 'ndev': 4076, 'ntest': 1725}"
deberta-base,AVG+MAX_LYR-10,"torch.Size([61, 1536])",NORMAL,4,0,12,"{'devacc': np.float64(86.91), 'acc': np.float64(87.06), 'ndev': 10662, 'ntest': 10662}","{'devacc': np.float64(91.35), 'acc': np.float64(91.21), 'ndev': 3775, 'ntest': 3775}","{'devacc': np.float64(95.44), 'acc': np.float64(95.34), 'ndev': 10000, 'ntest': 10000}","{'devacc': np.float64(89.82), 'acc': np.float64(89.98), 'ndev': 10606, 'ntest': 10606}","{'devacc': np.float64(91.17), 'acc': 92.37, 'ndev': 872, 'ntest': 1821}","{'devacc': np.float64(87.95), 'acc': 96.2, 'ndev': 5452, 'ntest': 500}","{'devacc': np.float64(75.15), 'acc': 72.35, 'f1': 79.71, 'ndev': 4076, 'ntest': 1725}"
deberta-base,AVG+AVG-NS_LYR-10,"torch.Size([61, 1536])",NORMAL,4,0,12,"{'devacc': np.float64(88.13), 'acc': np.float64(88.38), 'ndev': 10662, 'ntest': 10662}","{'devacc': np.float64(92.04), 'acc': np.float64(92.03), 'ndev': 3775, 'ntest': 3775}","{'devacc': np.float64(96.07), 'acc': np.float64(96.09), 'ndev': 10000, 'ntest': 10000}","{'devacc': np.float64(90.26), 'acc': np.float64(90.3), 'ndev': 10606, 'ntest': 10606}","{'devacc': np.float64(91.86), 'acc': 92.59, 'ndev': 872, 'ntest': 1821}","{'devacc': np.float64(87.6), 'acc': 95.8, 'ndev': 5452, 'ntest': 500}","{'devacc': np.float64(76.69), 'acc': 73.57, 'f1': 81.06, 'ndev': 4076, 'ntest': 1725}"
deberta-base,AVG+SUM-NS_LYR-10,"torch.Size([61, 1536])",NORMAL,4,0,12,"{'devacc': np.float64(86.7), 'acc': np.float64(86.81), 'ndev': 10662, 'ntest': 10662}","{'devacc': np.float64(89.53), 'acc': np.float64(89.83), 'ndev': 3775, 'ntest': 3775}","{'devacc': np.float64(94.55), 'acc': np.float64(94.63), 'ndev': 10000, 'ntest': 10000}","{'devacc': np.float64(89.2), 'acc': np.float64(89.33), 'ndev': 10606, 'ntest': 10606}","{'devacc': np.float64(92.09), 'acc': 91.49, 'ndev': 872, 'ntest': 1821}","{'devacc': np.float64(86.26), 'acc': 95.2, 'ndev': 5452, 'ntest': 500}","{'devacc': np.float64(74.19), 'acc': 73.45, 'f1': 81.32, 'ndev': 4076, 'ntest': 1725}"
deberta-base,AVG+MAX-NS_LYR-10,"torch.Size([61, 1536])",NORMAL,4,0,12,"{'devacc': np.float64(86.92), 'acc': np.float64(87.08), 'ndev': 10662, 'ntest': 10662}","{'devacc': np.float64(64.24), 'acc': np.float64(66.41), 'ndev': 3775, 'ntest': 3775}","{'devacc': np.float64(95.4), 'acc': np.float64(95.46), 'ndev': 10000, 'ntest': 10000}","{'devacc': np.float64(58.29), 'acc': np.float64(49.6), 'ndev': 10606, 'ntest': 10606}","{'devacc': np.float64(91.28), 'acc': 92.48, 'ndev': 872, 'ntest': 1821}","{'devacc': np.float64(88.15), 'acc': 95.6, 'ndev': 5452, 'ntest': 500}","{'devacc': np.float64(75.49), 'acc': 71.71, 'f1': 79.58, 'ndev': 4076, 'ntest': 1725}"
deberta-base,SUM+MAX_LYR-10,"torch.Size([61, 1536])",NORMAL,4,0,12,"{'devacc': np.float64(86.63), 'acc': np.float64(86.58), 'ndev': 10662, 'ntest': 10662}","{'devacc': np.float64(89.91), 'acc': np.float64(89.91), 'ndev': 3775, 'ntest': 3775}","{'devacc': np.float64(94.69), 'acc': np.float64(94.44), 'ndev': 10000, 'ntest': 10000}","{'devacc': np.float64(89.03), 'acc': np.float64(89.09), 'ndev': 10606, 'ntest': 10606}","{'devacc': np.float64(92.09), 'acc': 92.2, 'ndev': 872, 'ntest': 1821}","{'devacc': np.float64(86.57), 'acc': 95.8, 'ndev': 5452, 'ntest': 500}","{'devacc': np.float64(73.77), 'acc': 74.43, 'f1': 82.24, 'ndev': 4076, 'ntest': 1725}"
deberta-base,SUM+AVG-NS_LYR-10,"torch.Size([61, 1536])",NORMAL,4,0,12,"{'devacc': np.float64(86.76), 'acc': np.float64(86.78), 'ndev': 10662, 'ntest': 10662}","{'devacc': np.float64(89.77), 'acc': np.float64(89.86), 'ndev': 3775, 'ntest': 3775}","{'devacc': np.float64(94.59), 'acc': np.float64(94.37), 'ndev': 10000, 'ntest': 10000}","{'devacc': np.float64(89.15), 'acc': np.float64(89.42), 'ndev': 10606, 'ntest': 10606}","{'devacc': np.float64(92.2), 'acc': 92.15, 'ndev': 872, 'ntest': 1821}","{'devacc': np.float64(86.34), 'acc': 95.2, 'ndev': 5452, 'ntest': 500}","{'devacc': np.float64(73.8), 'acc': 73.28, 'f1': 81.4, 'ndev': 4076, 'ntest': 1725}"
deberta-base,SUM+SUM-NS_LYR-10,"torch.Size([61, 1536])",NORMAL,4,0,12,"{'devacc': np.float64(86.58), 'acc': np.float64(86.88), 'ndev': 10662, 'ntest': 10662}","{'devacc': np.float64(89.62), 'acc': np.float64(89.78), 'ndev': 3775, 'ntest': 3775}","{'devacc': np.float64(94.53), 'acc': np.float64(94.2), 'ndev': 10000, 'ntest': 10000}","{'devacc': np.float64(88.85), 'acc': np.float64(89.08), 'ndev': 10606, 'ntest': 10606}","{'devacc': np.float64(91.28), 'acc': 91.54, 'ndev': 872, 'ntest': 1821}","{'devacc': np.float64(86.15), 'acc': 95.8, 'ndev': 5452, 'ntest': 500}","{'devacc': np.float64(73.85), 'acc': 73.57, 'f1': 81.22, 'ndev': 4076, 'ntest': 1725}"
deberta-base,SUM+MAX-NS_LYR-10,"torch.Size([61, 1536])",NORMAL,4,0,12,"{'devacc': np.float64(86.6), 'acc': np.float64(86.7), 'ndev': 10662, 'ntest': 10662}","{'devacc': np.float64(82.68), 'acc': np.float64(82.91), 'ndev': 3775, 'ntest': 3775}","{'devacc': np.float64(94.68), 'acc': np.float64(94.45), 'ndev': 10000, 'ntest': 10000}","{'devacc': np.float64(58.2), 'acc': np.float64(49.51), 'ndev': 10606, 'ntest': 10606}","{'devacc': np.float64(91.74), 'acc': 92.04, 'ndev': 872, 'ntest': 1821}","{'devacc': np.float64(86.57), 'acc': 95.4, 'ndev': 5452, 'ntest': 500}","{'devacc': np.float64(73.9), 'acc': 73.74, 'f1': 81.61, 'ndev': 4076, 'ntest': 1725}"
deberta-base,MAX+AVG-NS_LYR-10,"torch.Size([61, 1536])",NORMAL,4,0,12,"{'devacc': np.float64(86.92), 'acc': np.float64(87.09), 'ndev': 10662, 'ntest': 10662}","{'devacc': np.float64(91.44), 'acc': np.float64(91.42), 'ndev': 3775, 'ntest': 3775}","{'devacc': np.float64(95.5), 'acc': np.float64(95.47), 'ndev': 10000, 'ntest': 10000}","{'devacc': np.float64(89.74), 'acc': np.float64(89.78), 'ndev': 10606, 'ntest': 10606}","{'devacc': np.float64(90.83), 'acc': 91.87, 'ndev': 872, 'ntest': 1821}","{'devacc': np.float64(88.46), 'acc': 95.6, 'ndev': 5452, 'ntest': 500}","{'devacc': np.float64(75.42), 'acc': 71.59, 'f1': 79.31, 'ndev': 4076, 'ntest': 1725}"
deberta-base,MAX+SUM-NS_LYR-10,"torch.Size([61, 1536])",NORMAL,4,0,12,"{'devacc': np.float64(86.6), 'acc': np.float64(86.53), 'ndev': 10662, 'ntest': 10662}","{'devacc': np.float64(89.71), 'acc': np.float64(89.83), 'ndev': 3775, 'ntest': 3775}","{'devacc': np.float64(94.68), 'acc': np.float64(94.54), 'ndev': 10000, 'ntest': 10000}","{'devacc': np.float64(89.03), 'acc': np.float64(89.2), 'ndev': 10606, 'ntest': 10606}","{'devacc': np.float64(91.17), 'acc': 91.65, 'ndev': 872, 'ntest': 1821}","{'devacc': np.float64(86.63), 'acc': 95.2, 'ndev': 5452, 'ntest': 500}","{'devacc': np.float64(73.77), 'acc': 74.14, 'f1': 81.88, 'ndev': 4076, 'ntest': 1725}"
deberta-base,MAX+MAX-NS_LYR-10,"torch.Size([61, 1536])",NORMAL,4,0,12,"{'devacc': np.float64(84.63), 'acc': np.float64(84.68), 'ndev': 10662, 'ntest': 10662}","{'devacc': np.float64(64.02), 'acc': np.float64(66.22), 'ndev': 3775, 'ntest': 3775}","{'devacc': np.float64(93.57), 'acc': np.float64(93.7), 'ndev': 10000, 'ntest': 10000}","{'devacc': np.float64(58.11), 'acc': np.float64(49.63), 'ndev': 10606, 'ntest': 10606}","{'devacc': np.float64(88.19), 'acc': 91.16, 'ndev': 872, 'ntest': 1821}","{'devacc': np.float64(85.64), 'acc': 94.2, 'ndev': 5452, 'ntest': 500}","{'devacc': np.float64(74.31), 'acc': 70.32, 'f1': 78.36, 'ndev': 4076, 'ntest': 1725}"
deberta-base,AVG-NS+SUM-NS_LYR-10,"torch.Size([61, 1536])",NORMAL,4,0,12,"{'devacc': np.float64(86.73), 'acc': np.float64(86.83), 'ndev': 10662, 'ntest': 10662}","{'devacc': np.float64(89.59), 'acc': np.float64(89.8), 'ndev': 3775, 'ntest': 3775}","{'devacc': np.float64(94.54), 'acc': np.float64(94.5), 'ndev': 10000, 'ntest': 10000}","{'devacc': np.float64(89.2), 'acc': np.float64(89.32), 'ndev': 10606, 'ntest': 10606}","{'devacc': np.float64(92.09), 'acc': 91.65, 'ndev': 872, 'ntest': 1821}","{'devacc': np.float64(86.17), 'acc': 95.4, 'ndev': 5452, 'ntest': 500}","{'devacc': np.float64(74.04), 'acc': 73.68, 'f1': 81.36, 'ndev': 4076, 'ntest': 1725}"
deberta-base,AVG-NS+MAX-NS_LYR-10,"torch.Size([61, 1536])",NORMAL,4,0,12,"{'devacc': np.float64(86.8), 'acc': np.float64(87.12), 'ndev': 10662, 'ntest': 10662}","{'devacc': np.float64(64.22), 'acc': np.float64(66.28), 'ndev': 3775, 'ntest': 3775}","{'devacc': np.float64(95.51), 'acc': np.float64(95.58), 'ndev': 10000, 'ntest': 10000}","{'devacc': np.float64(58.28), 'acc': np.float64(49.5), 'ndev': 10606, 'ntest': 10606}","{'devacc': np.float64(90.83), 'acc': 92.2, 'ndev': 872, 'ntest': 1821}","{'devacc': np.float64(88.39), 'acc': 95.8, 'ndev': 5452, 'ntest': 500}","{'devacc': np.float64(75.73), 'acc': 73.16, 'f1': 80.44, 'ndev': 4076, 'ntest': 1725}"
deberta-base,SUM-NS+MAX-NS_LYR-10,"torch.Size([61, 1536])",NORMAL,4,0,12,"{'devacc': np.float64(86.59), 'acc': np.float64(86.5), 'ndev': 10662, 'ntest': 10662}","{'devacc': np.float64(83.4), 'acc': np.float64(86.15), 'ndev': 3775, 'ntest': 3775}","{'devacc': np.float64(94.66), 'acc': np.float64(94.53), 'ndev': 10000, 'ntest': 10000}","{'devacc': np.float64(58.18), 'acc': np.float64(49.51), 'ndev': 10606, 'ntest': 10606}","{'devacc': np.float64(91.06), 'acc': 91.93, 'ndev': 872, 'ntest': 1821}","{'devacc': np.float64(86.5), 'acc': 95.2, 'ndev': 5452, 'ntest': 500}","{'devacc': np.float64(73.6), 'acc': 73.39, 'f1': 81.32, 'ndev': 4076, 'ntest': 1725}"
deberta-base,CLS+AVG_LYR-11,"torch.Size([61, 1536])",NORMAL,4,0,12,"{'devacc': np.float64(88.22), 'acc': np.float64(88.31), 'ndev': 10662, 'ntest': 10662}","{'devacc': np.float64(91.57), 'acc': np.float64(91.58), 'ndev': 3775, 'ntest': 3775}","{'devacc': np.float64(96.11), 'acc': np.float64(96.18), 'ndev': 10000, 'ntest': 10000}","{'devacc': np.float64(90.31), 'acc': np.float64(90.34), 'ndev': 10606, 'ntest': 10606}","{'devacc': np.float64(91.4), 'acc': 93.3, 'ndev': 872, 'ntest': 1821}","{'devacc': np.float64(86.79), 'acc': 95.2, 'ndev': 5452, 'ntest': 500}","{'devacc': np.float64(75.47), 'acc': 74.84, 'f1': 81.93, 'ndev': 4076, 'ntest': 1725}"
deberta-base,CLS+SUM_LYR-11,"torch.Size([61, 1536])",NORMAL,4,0,12,"{'devacc': np.float64(86.98), 'acc': np.float64(87.23), 'ndev': 10662, 'ntest': 10662}","{'devacc': np.float64(89.03), 'acc': np.float64(89.14), 'ndev': 3775, 'ntest': 3775}","{'devacc': np.float64(94.79), 'acc': np.float64(95.06), 'ndev': 10000, 'ntest': 10000}","{'devacc': np.float64(89.05), 'acc': np.float64(89.19), 'ndev': 10606, 'ntest': 10606}","{'devacc': np.float64(91.51), 'acc': 91.93, 'ndev': 872, 'ntest': 1821}","{'devacc': np.float64(85.95), 'acc': 93.2, 'ndev': 5452, 'ntest': 500}","{'devacc': np.float64(72.38), 'acc': 71.71, 'f1': 81.0, 'ndev': 4076, 'ntest': 1725}"
deberta-base,CLS+MAX_LYR-11,"torch.Size([61, 1536])",NORMAL,4,0,12,"{'devacc': np.float64(84.2), 'acc': np.float64(84.62), 'ndev': 10662, 'ntest': 10662}","{'devacc': np.float64(87.78), 'acc': np.float64(88.11), 'ndev': 3775, 'ntest': 3775}","{'devacc': np.float64(93.83), 'acc': np.float64(93.95), 'ndev': 10000, 'ntest': 10000}","{'devacc': np.float64(88.81), 'acc': np.float64(88.76), 'ndev': 10606, 'ntest': 10606}","{'devacc': np.float64(87.5), 'acc': 91.1, 'ndev': 872, 'ntest': 1821}","{'devacc': np.float64(84.94), 'acc': 93.8, 'ndev': 5452, 'ntest': 500}","{'devacc': np.float64(74.75), 'acc': 71.59, 'f1': 79.6, 'ndev': 4076, 'ntest': 1725}"
deberta-base,CLS+AVG-NS_LYR-11,"torch.Size([61, 1536])",NORMAL,4,0,12,"{'devacc': np.float64(88.14), 'acc': np.float64(88.12), 'ndev': 10662, 'ntest': 10662}","{'devacc': np.float64(91.54), 'acc': np.float64(91.55), 'ndev': 3775, 'ntest': 3775}","{'devacc': np.float64(96.05), 'acc': np.float64(96.11), 'ndev': 10000, 'ntest': 10000}","{'devacc': np.float64(90.32), 'acc': np.float64(90.47), 'ndev': 10606, 'ntest': 10606}","{'devacc': np.float64(91.17), 'acc': 92.48, 'ndev': 872, 'ntest': 1821}","{'devacc': np.float64(86.72), 'acc': 94.6, 'ndev': 5452, 'ntest': 500}","{'devacc': np.float64(75.59), 'acc': 75.25, 'f1': 81.91, 'ndev': 4076, 'ntest': 1725}"
deberta-base,CLS+SUM-NS_LYR-11,"torch.Size([61, 1536])",NORMAL,4,0,12,"{'devacc': np.float64(87.0), 'acc': np.float64(87.21), 'ndev': 10662, 'ntest': 10662}","{'devacc': np.float64(88.83), 'acc': np.float64(88.5), 'ndev': 3775, 'ntest': 3775}","{'devacc': np.float64(94.72), 'acc': np.float64(94.63), 'ndev': 10000, 'ntest': 10000}","{'devacc': np.float64(88.97), 'acc': np.float64(89.17), 'ndev': 10606, 'ntest': 10606}","{'devacc': np.float64(90.83), 'acc': 91.87, 'ndev': 872, 'ntest': 1821}","{'devacc': np.float64(85.95), 'acc': 93.8, 'ndev': 5452, 'ntest': 500}","{'devacc': np.float64(72.57), 'acc': 72.12, 'f1': 80.8, 'ndev': 4076, 'ntest': 1725}"
deberta-base,CLS+MAX-NS_LYR-11,"torch.Size([61, 1536])",NORMAL,4,0,12,"{'devacc': np.float64(84.19), 'acc': np.float64(84.42), 'ndev': 10662, 'ntest': 10662}","{'devacc': np.float64(63.89), 'acc': np.float64(66.09), 'ndev': 3775, 'ntest': 3775}","{'devacc': np.float64(93.73), 'acc': np.float64(93.94), 'ndev': 10000, 'ntest': 10000}","{'devacc': np.float64(53.47), 'acc': np.float64(42.8), 'ndev': 10606, 'ntest': 10606}","{'devacc': np.float64(87.96), 'acc': 91.21, 'ndev': 872, 'ntest': 1821}","{'devacc': np.float64(85.07), 'acc': 93.4, 'ndev': 5452, 'ntest': 500}","{'devacc': np.float64(74.85), 'acc': 72.0, 'f1': 79.92, 'ndev': 4076, 'ntest': 1725}"
deberta-base,AVG+SUM_LYR-11,"torch.Size([61, 1536])",NORMAL,4,0,12,"{'devacc': np.float64(86.99), 'acc': np.float64(87.29), 'ndev': 10662, 'ntest': 10662}","{'devacc': np.float64(88.99), 'acc': np.float64(88.93), 'ndev': 3775, 'ntest': 3775}","{'devacc': np.float64(94.79), 'acc': np.float64(94.95), 'ndev': 10000, 'ntest': 10000}","{'devacc': np.float64(89.11), 'acc': np.float64(89.37), 'ndev': 10606, 'ntest': 10606}","{'devacc': np.float64(92.32), 'acc': 91.54, 'ndev': 872, 'ntest': 1821}","{'devacc': np.float64(85.9), 'acc': 94.2, 'ndev': 5452, 'ntest': 500}","{'devacc': np.float64(72.35), 'acc': 71.01, 'f1': 80.68, 'ndev': 4076, 'ntest': 1725}"
deberta-base,AVG+MAX_LYR-11,"torch.Size([61, 1536])",NORMAL,4,0,12,"{'devacc': np.float64(87.14), 'acc': np.float64(87.25), 'ndev': 10662, 'ntest': 10662}","{'devacc': np.float64(90.05), 'acc': np.float64(90.07), 'ndev': 3775, 'ntest': 3775}","{'devacc': np.float64(95.34), 'acc': np.float64(95.28), 'ndev': 10000, 'ntest': 10000}","{'devacc': np.float64(89.67), 'acc': np.float64(89.65), 'ndev': 10606, 'ntest': 10606}","{'devacc': np.float64(91.06), 'acc': 91.76, 'ndev': 872, 'ntest': 1821}","{'devacc': np.float64(86.79), 'acc': 94.6, 'ndev': 5452, 'ntest': 500}","{'devacc': np.float64(74.8), 'acc': 72.35, 'f1': 80.08, 'ndev': 4076, 'ntest': 1725}"
deberta-base,AVG+AVG-NS_LYR-11,"torch.Size([61, 1536])",NORMAL,4,0,12,"{'devacc': np.float64(88.12), 'acc': np.float64(88.1), 'ndev': 10662, 'ntest': 10662}","{'devacc': np.float64(91.53), 'acc': np.float64(91.39), 'ndev': 3775, 'ntest': 3775}","{'devacc': np.float64(96.0), 'acc': np.float64(96.0), 'ndev': 10000, 'ntest': 10000}","{'devacc': np.float64(90.27), 'acc': np.float64(90.49), 'ndev': 10606, 'ntest': 10606}","{'devacc': np.float64(92.2), 'acc': 92.81, 'ndev': 872, 'ntest': 1821}","{'devacc': np.float64(86.98), 'acc': 95.4, 'ndev': 5452, 'ntest': 500}","{'devacc': np.float64(75.56), 'acc': 74.96, 'f1': 82.13, 'ndev': 4076, 'ntest': 1725}"
deberta-base,AVG+SUM-NS_LYR-11,"torch.Size([61, 1536])",NORMAL,4,0,12,"{'devacc': np.float64(87.01), 'acc': np.float64(87.1), 'ndev': 10662, 'ntest': 10662}","{'devacc': np.float64(88.89), 'acc': np.float64(88.5), 'ndev': 3775, 'ntest': 3775}","{'devacc': np.float64(94.71), 'acc': np.float64(94.77), 'ndev': 10000, 'ntest': 10000}","{'devacc': np.float64(89.03), 'acc': np.float64(89.35), 'ndev': 10606, 'ntest': 10606}","{'devacc': np.float64(91.51), 'acc': 91.71, 'ndev': 872, 'ntest': 1821}","{'devacc': np.float64(85.68), 'acc': 94.8, 'ndev': 5452, 'ntest': 500}","{'devacc': np.float64(72.91), 'acc': 72.46, 'f1': 81.08, 'ndev': 4076, 'ntest': 1725}"
deberta-base,AVG+MAX-NS_LYR-11,"torch.Size([61, 1536])",NORMAL,4,0,12,"{'devacc': np.float64(87.14), 'acc': np.float64(87.14), 'ndev': 10662, 'ntest': 10662}","{'devacc': np.float64(64.11), 'acc': np.float64(66.17), 'ndev': 3775, 'ntest': 3775}","{'devacc': np.float64(95.29), 'acc': np.float64(95.25), 'ndev': 10000, 'ntest': 10000}","{'devacc': np.float64(53.62), 'acc': np.float64(42.81), 'ndev': 10606, 'ntest': 10606}","{'devacc': np.float64(91.74), 'acc': 92.2, 'ndev': 872, 'ntest': 1821}","{'devacc': np.float64(86.89), 'acc': 94.0, 'ndev': 5452, 'ntest': 500}","{'devacc': np.float64(75.02), 'acc': 72.17, 'f1': 79.81, 'ndev': 4076, 'ntest': 1725}"
deberta-base,SUM+MAX_LYR-11,"torch.Size([61, 1536])",NORMAL,4,0,12,"{'devacc': np.float64(86.9), 'acc': np.float64(87.08), 'ndev': 10662, 'ntest': 10662}","{'devacc': np.float64(89.16), 'acc': np.float64(89.19), 'ndev': 3775, 'ntest': 3775}","{'devacc': np.float64(94.78), 'acc': np.float64(94.9), 'ndev': 10000, 'ntest': 10000}","{'devacc': np.float64(88.99), 'acc': np.float64(88.9), 'ndev': 10606, 'ntest': 10606}","{'devacc': np.float64(92.32), 'acc': 91.32, 'ndev': 872, 'ntest': 1821}","{'devacc': np.float64(86.28), 'acc': 94.0, 'ndev': 5452, 'ntest': 500}","{'devacc': np.float64(72.33), 'acc': 71.01, 'f1': 80.78, 'ndev': 4076, 'ntest': 1725}"
deberta-base,SUM+AVG-NS_LYR-11,"torch.Size([61, 1536])",NORMAL,4,0,12,"{'devacc': np.float64(86.95), 'acc': np.float64(87.21), 'ndev': 10662, 'ntest': 10662}","{'devacc': np.float64(89.04), 'acc': np.float64(89.01), 'ndev': 3775, 'ntest': 3775}","{'devacc': np.float64(94.76), 'acc': np.float64(94.98), 'ndev': 10000, 'ntest': 10000}","{'devacc': np.float64(89.18), 'acc': np.float64(89.38), 'ndev': 10606, 'ntest': 10606}","{'devacc': np.float64(93.0), 'acc': 92.48, 'ndev': 872, 'ntest': 1821}","{'devacc': np.float64(85.73), 'acc': 93.6, 'ndev': 5452, 'ntest': 500}","{'devacc': np.float64(72.45), 'acc': 71.36, 'f1': 81.06, 'ndev': 4076, 'ntest': 1725}"
deberta-base,SUM+SUM-NS_LYR-11,"torch.Size([61, 1536])",NORMAL,4,0,12,"{'devacc': np.float64(86.92), 'acc': np.float64(87.07), 'ndev': 10662, 'ntest': 10662}","{'devacc': np.float64(88.78), 'acc': np.float64(88.8), 'ndev': 3775, 'ntest': 3775}","{'devacc': np.float64(94.68), 'acc': np.float64(94.65), 'ndev': 10000, 'ntest': 10000}","{'devacc': np.float64(88.85), 'acc': np.float64(89.22), 'ndev': 10606, 'ntest': 10606}","{'devacc': np.float64(90.83), 'acc': 92.09, 'ndev': 872, 'ntest': 1821}","{'devacc': np.float64(85.91), 'acc': 94.2, 'ndev': 5452, 'ntest': 500}","{'devacc': np.float64(72.57), 'acc': 73.16, 'f1': 81.16, 'ndev': 4076, 'ntest': 1725}"
deberta-base,SUM+MAX-NS_LYR-11,"torch.Size([61, 1536])",NORMAL,4,0,12,"{'devacc': np.float64(86.89), 'acc': np.float64(86.94), 'ndev': 10662, 'ntest': 10662}","{'devacc': np.float64(77.5), 'acc': np.float64(76.05), 'ndev': 3775, 'ntest': 3775}","{'devacc': np.float64(94.79), 'acc': np.float64(94.87), 'ndev': 10000, 'ntest': 10000}","{'devacc': np.float64(74.85), 'acc': np.float64(74.91), 'ndev': 10606, 'ntest': 10606}","{'devacc': np.float64(92.32), 'acc': 91.93, 'ndev': 872, 'ntest': 1821}","{'devacc': np.float64(86.17), 'acc': 93.6, 'ndev': 5452, 'ntest': 500}","{'devacc': np.float64(72.52), 'acc': 71.77, 'f1': 81.22, 'ndev': 4076, 'ntest': 1725}"
deberta-base,MAX+AVG-NS_LYR-11,"torch.Size([61, 1536])",NORMAL,4,0,12,"{'devacc': np.float64(87.21), 'acc': np.float64(87.37), 'ndev': 10662, 'ntest': 10662}","{'devacc': np.float64(90.12), 'acc': np.float64(90.41), 'ndev': 3775, 'ntest': 3775}","{'devacc': np.float64(95.34), 'acc': np.float64(95.37), 'ndev': 10000, 'ntest': 10000}","{'devacc': np.float64(89.83), 'acc': np.float64(89.73), 'ndev': 10606, 'ntest': 10606}","{'devacc': np.float64(89.79), 'acc': 92.48, 'ndev': 872, 'ntest': 1821}","{'devacc': np.float64(87.03), 'acc': 95.0, 'ndev': 5452, 'ntest': 500}","{'devacc': np.float64(75.15), 'acc': 73.28, 'f1': 80.56, 'ndev': 4076, 'ntest': 1725}"
deberta-base,MAX+SUM-NS_LYR-11,"torch.Size([61, 1536])",NORMAL,4,0,12,"{'devacc': np.float64(86.93), 'acc': np.float64(86.63), 'ndev': 10662, 'ntest': 10662}","{'devacc': np.float64(89.0), 'acc': np.float64(88.8), 'ndev': 3775, 'ntest': 3775}","{'devacc': np.float64(94.75), 'acc': np.float64(94.72), 'ndev': 10000, 'ntest': 10000}","{'devacc': np.float64(88.94), 'acc': np.float64(89.11), 'ndev': 10606, 'ntest': 10606}","{'devacc': np.float64(92.09), 'acc': 91.71, 'ndev': 872, 'ntest': 1821}","{'devacc': np.float64(86.15), 'acc': 93.6, 'ndev': 5452, 'ntest': 500}","{'devacc': np.float64(73.01), 'acc': 71.77, 'f1': 81.26, 'ndev': 4076, 'ntest': 1725}"
deberta-base,MAX+MAX-NS_LYR-11,"torch.Size([61, 1536])",NORMAL,4,0,12,"{'devacc': np.float64(83.65), 'acc': np.float64(84.0), 'ndev': 10662, 'ntest': 10662}","{'devacc': np.float64(63.85), 'acc': np.float64(65.93), 'ndev': 3775, 'ntest': 3775}","{'devacc': np.float64(93.33), 'acc': np.float64(93.48), 'ndev': 10000, 'ntest': 10000}","{'devacc': np.float64(53.43), 'acc': np.float64(57.73), 'ndev': 10606, 'ntest': 10606}","{'devacc': np.float64(87.04), 'acc': 89.79, 'ndev': 872, 'ntest': 1821}","{'devacc': np.float64(84.92), 'acc': 94.2, 'ndev': 5452, 'ntest': 500}","{'devacc': np.float64(73.87), 'acc': 70.32, 'f1': 78.45, 'ndev': 4076, 'ntest': 1725}"
deberta-base,AVG-NS+SUM-NS_LYR-11,"torch.Size([61, 1536])",NORMAL,4,0,12,"{'devacc': np.float64(86.94), 'acc': np.float64(87.15), 'ndev': 10662, 'ntest': 10662}","{'devacc': np.float64(88.89), 'acc': np.float64(88.56), 'ndev': 3775, 'ntest': 3775}","{'devacc': np.float64(94.72), 'acc': np.float64(95.04), 'ndev': 10000, 'ntest': 10000}","{'devacc': np.float64(89.21), 'acc': np.float64(89.34), 'ndev': 10606, 'ntest': 10606}","{'devacc': np.float64(92.55), 'acc': 91.76, 'ndev': 872, 'ntest': 1821}","{'devacc': np.float64(85.84), 'acc': 93.8, 'ndev': 5452, 'ntest': 500}","{'devacc': np.float64(72.74), 'acc': 71.19, 'f1': 80.68, 'ndev': 4076, 'ntest': 1725}"
deberta-base,AVG-NS+MAX-NS_LYR-11,"torch.Size([61, 1536])",NORMAL,4,0,12,"{'devacc': np.float64(87.08), 'acc': np.float64(87.33), 'ndev': 10662, 'ntest': 10662}","{'devacc': np.float64(64.14), 'acc': np.float64(66.22), 'ndev': 3775, 'ntest': 3775}","{'devacc': np.float64(95.33), 'acc': np.float64(95.38), 'ndev': 10000, 'ntest': 10000}","{'devacc': np.float64(53.68), 'acc': np.float64(42.95), 'ndev': 10606, 'ntest': 10606}","{'devacc': np.float64(90.6), 'acc': 92.2, 'ndev': 872, 'ntest': 1821}","{'devacc': np.float64(87.4), 'acc': 95.2, 'ndev': 5452, 'ntest': 500}","{'devacc': np.float64(75.24), 'acc': 72.93, 'f1': 80.25, 'ndev': 4076, 'ntest': 1725}"
deberta-base,SUM-NS+MAX-NS_LYR-11,"torch.Size([61, 1536])",NORMAL,4,0,12,"{'devacc': np.float64(86.92), 'acc': np.float64(86.86), 'ndev': 10662, 'ntest': 10662}","{'devacc': np.float64(76.55), 'acc': np.float64(78.94), 'ndev': 3775, 'ntest': 3775}","{'devacc': np.float64(94.75), 'acc': np.float64(94.7), 'ndev': 10000, 'ntest': 10000}","{'devacc': np.float64(53.46), 'acc': np.float64(42.55), 'ndev': 10606, 'ntest': 10606}","{'devacc': np.float64(91.86), 'acc': 91.76, 'ndev': 872, 'ntest': 1821}","{'devacc': np.float64(86.21), 'acc': 94.0, 'ndev': 5452, 'ntest': 500}","{'devacc': np.float64(72.99), 'acc': 72.81, 'f1': 81.44, 'ndev': 4076, 'ntest': 1725}"
deberta-base,CLS+AVG_LYR-12,"torch.Size([61, 1536])",NORMAL,4,0,12,"{'devacc': np.float64(86.53), 'acc': np.float64(86.52), 'ndev': 10662, 'ntest': 10662}","{'devacc': np.float64(89.99), 'acc': np.float64(89.43), 'ndev': 3775, 'ntest': 3775}","{'devacc': np.float64(95.2), 'acc': np.float64(95.05), 'ndev': 10000, 'ntest': 10000}","{'devacc': np.float64(89.04), 'acc': np.float64(89.13), 'ndev': 10606, 'ntest': 10606}","{'devacc': np.float64(91.51), 'acc': 91.1, 'ndev': 872, 'ntest': 1821}","{'devacc': np.float64(78.32), 'acc': 88.2, 'ndev': 5452, 'ntest': 500}","{'devacc': np.float64(71.39), 'acc': 68.93, 'f1': 79.0, 'ndev': 4076, 'ntest': 1725}"
deberta-base,CLS+SUM_LYR-12,"torch.Size([61, 1536])",NORMAL,4,0,12,"{'devacc': np.float64(86.27), 'acc': np.float64(86.3), 'ndev': 10662, 'ntest': 10662}","{'devacc': np.float64(89.66), 'acc': np.float64(89.35), 'ndev': 3775, 'ntest': 3775}","{'devacc': np.float64(95.05), 'acc': np.float64(95.03), 'ndev': 10000, 'ntest': 10000}","{'devacc': np.float64(88.14), 'acc': np.float64(88.09), 'ndev': 10606, 'ntest': 10606}","{'devacc': np.float64(90.14), 'acc': 90.17, 'ndev': 872, 'ntest': 1821}","{'devacc': np.float64(80.23), 'acc': 88.6, 'ndev': 5452, 'ntest': 500}","{'devacc': np.float64(69.63), 'acc': 68.29, 'f1': 79.93, 'ndev': 4076, 'ntest': 1725}"
deberta-base,CLS+MAX_LYR-12,"torch.Size([61, 1536])",NORMAL,4,0,12,"{'devacc': np.float64(81.94), 'acc': np.float64(81.96), 'ndev': 10662, 'ntest': 10662}","{'devacc': np.float64(84.52), 'acc': np.float64(84.18), 'ndev': 3775, 'ntest': 3775}","{'devacc': np.float64(91.9), 'acc': np.float64(91.94), 'ndev': 10000, 'ntest': 10000}","{'devacc': np.float64(86.68), 'acc': np.float64(86.75), 'ndev': 10606, 'ntest': 10606}","{'devacc': np.float64(84.63), 'acc': 86.27, 'ndev': 872, 'ntest': 1821}","{'devacc': np.float64(77.92), 'acc': 84.4, 'ndev': 5452, 'ntest': 500}","{'devacc': np.float64(71.12), 'acc': 70.03, 'f1': 79.48, 'ndev': 4076, 'ntest': 1725}"
deberta-base,CLS+AVG-NS_LYR-12,"torch.Size([61, 1536])",NORMAL,4,0,12,"{'devacc': np.float64(86.64), 'acc': np.float64(86.26), 'ndev': 10662, 'ntest': 10662}","{'devacc': np.float64(89.92), 'acc': np.float64(89.56), 'ndev': 3775, 'ntest': 3775}","{'devacc': np.float64(95.3), 'acc': np.float64(95.09), 'ndev': 10000, 'ntest': 10000}","{'devacc': np.float64(89.32), 'acc': np.float64(89.31), 'ndev': 10606, 'ntest': 10606}","{'devacc': np.float64(90.94), 'acc': 90.5, 'ndev': 872, 'ntest': 1821}","{'devacc': np.float64(79.29), 'acc': 89.6, 'ndev': 5452, 'ntest': 500}","{'devacc': np.float64(70.56), 'acc': 68.35, 'f1': 78.42, 'ndev': 4076, 'ntest': 1725}"
deberta-base,CLS+SUM-NS_LYR-12,"torch.Size([61, 1536])",NORMAL,4,0,12,"{'devacc': np.float64(86.18), 'acc': np.float64(85.88), 'ndev': 10662, 'ntest': 10662}","{'devacc': np.float64(89.63), 'acc': np.float64(89.43), 'ndev': 3775, 'ntest': 3775}","{'devacc': np.float64(95.03), 'acc': np.float64(95.03), 'ndev': 10000, 'ntest': 10000}","{'devacc': np.float64(88.14), 'acc': np.float64(88.13), 'ndev': 10606, 'ntest': 10606}","{'devacc': np.float64(90.25), 'acc': 90.23, 'ndev': 872, 'ntest': 1821}","{'devacc': np.float64(80.69), 'acc': 90.2, 'ndev': 5452, 'ntest': 500}","{'devacc': np.float64(69.48), 'acc': 68.46, 'f1': 80.0, 'ndev': 4076, 'ntest': 1725}"
deberta-base,CLS+MAX-NS_LYR-12,"torch.Size([61, 1536])",NORMAL,4,0,12,"{'devacc': np.float64(81.64), 'acc': np.float64(81.54), 'ndev': 10662, 'ntest': 10662}","{'devacc': np.float64(66.21), 'acc': np.float64(65.88), 'ndev': 3775, 'ntest': 3775}","{'devacc': np.float64(91.95), 'acc': np.float64(92.22), 'ndev': 10000, 'ntest': 10000}","{'devacc': np.float64(73.94), 'acc': np.float64(72.55), 'ndev': 10606, 'ntest': 10606}","{'devacc': np.float64(84.29), 'acc': 86.82, 'ndev': 872, 'ntest': 1821}","{'devacc': np.float64(78.28), 'acc': 88.0, 'ndev': 5452, 'ntest': 500}","{'devacc': np.float64(70.78), 'acc': 70.43, 'f1': 80.16, 'ndev': 4076, 'ntest': 1725}"
deberta-base,AVG+SUM_LYR-12,"torch.Size([61, 1536])",NORMAL,4,0,12,"{'devacc': np.float64(86.32), 'acc': np.float64(86.29), 'ndev': 10662, 'ntest': 10662}","{'devacc': np.float64(89.68), 'acc': np.float64(89.38), 'ndev': 3775, 'ntest': 3775}","{'devacc': np.float64(95.08), 'acc': np.float64(95.06), 'ndev': 10000, 'ntest': 10000}","{'devacc': np.float64(88.24), 'acc': np.float64(88.23), 'ndev': 10606, 'ntest': 10606}","{'devacc': np.float64(90.02), 'acc': 90.39, 'ndev': 872, 'ntest': 1821}","{'devacc': np.float64(80.56), 'acc': 89.2, 'ndev': 5452, 'ntest': 500}","{'devacc': np.float64(69.48), 'acc': 68.0, 'f1': 79.65, 'ndev': 4076, 'ntest': 1725}"
deberta-base,AVG+MAX_LYR-12,"torch.Size([61, 1536])",NORMAL,4,0,12,"{'devacc': np.float64(84.53), 'acc': np.float64(84.55), 'ndev': 10662, 'ntest': 10662}","{'devacc': np.float64(87.72), 'acc': np.float64(87.71), 'ndev': 3775, 'ntest': 3775}","{'devacc': np.float64(93.74), 'acc': np.float64(93.59), 'ndev': 10000, 'ntest': 10000}","{'devacc': np.float64(88.01), 'acc': np.float64(87.92), 'ndev': 10606, 'ntest': 10606}","{'devacc': np.float64(87.39), 'acc': 89.62, 'ndev': 872, 'ntest': 1821}","{'devacc': np.float64(80.32), 'acc': 87.6, 'ndev': 5452, 'ntest': 500}","{'devacc': np.float64(71.17), 'acc': 69.33, 'f1': 79.05, 'ndev': 4076, 'ntest': 1725}"
deberta-base,AVG+AVG-NS_LYR-12,"torch.Size([61, 1536])",NORMAL,4,0,12,"{'devacc': np.float64(86.47), 'acc': np.float64(86.4), 'ndev': 10662, 'ntest': 10662}","{'devacc': np.float64(89.93), 'acc': np.float64(90.04), 'ndev': 3775, 'ntest': 3775}","{'devacc': np.float64(95.3), 'acc': np.float64(95.31), 'ndev': 10000, 'ntest': 10000}","{'devacc': np.float64(89.32), 'acc': np.float64(89.25), 'ndev': 10606, 'ntest': 10606}","{'devacc': np.float64(90.94), 'acc': 90.44, 'ndev': 872, 'ntest': 1821}","{'devacc': np.float64(80.5), 'acc': 91.0, 'ndev': 5452, 'ntest': 500}","{'devacc': np.float64(71.17), 'acc': 68.7, 'f1': 78.82, 'ndev': 4076, 'ntest': 1725}"
deberta-base,AVG+SUM-NS_LYR-12,"torch.Size([61, 1536])",NORMAL,4,0,12,"{'devacc': np.float64(86.23), 'acc': np.float64(85.95), 'ndev': 10662, 'ntest': 10662}","{'devacc': np.float64(89.53), 'acc': np.float64(89.4), 'ndev': 3775, 'ntest': 3775}","{'devacc': np.float64(95.05), 'acc': np.float64(95.14), 'ndev': 10000, 'ntest': 10000}","{'devacc': np.float64(88.26), 'acc': np.float64(88.21), 'ndev': 10606, 'ntest': 10606}","{'devacc': np.float64(90.37), 'acc': 90.33, 'ndev': 872, 'ntest': 1821}","{'devacc': np.float64(80.54), 'acc': 88.8, 'ndev': 5452, 'ntest': 500}","{'devacc': np.float64(69.53), 'acc': 68.93, 'f1': 80.04, 'ndev': 4076, 'ntest': 1725}"
deberta-base,AVG+MAX-NS_LYR-12,"torch.Size([61, 1536])",NORMAL,4,0,12,"{'devacc': np.float64(84.53), 'acc': np.float64(84.35), 'ndev': 10662, 'ntest': 10662}","{'devacc': np.float64(66.57), 'acc': np.float64(66.12), 'ndev': 3775, 'ntest': 3775}","{'devacc': np.float64(93.85), 'acc': np.float64(93.91), 'ndev': 10000, 'ntest': 10000}","{'devacc': np.float64(74.28), 'acc': np.float64(72.7), 'ndev': 10606, 'ntest': 10606}","{'devacc': np.float64(87.27), 'acc': 89.68, 'ndev': 872, 'ntest': 1821}","{'devacc': np.float64(80.3), 'acc': 88.0, 'ndev': 5452, 'ntest': 500}","{'devacc': np.float64(71.25), 'acc': 70.03, 'f1': 79.57, 'ndev': 4076, 'ntest': 1725}"
deberta-base,SUM+MAX_LYR-12,"torch.Size([61, 1536])",NORMAL,4,0,12,"{'devacc': np.float64(86.25), 'acc': np.float64(86.34), 'ndev': 10662, 'ntest': 10662}","{'devacc': np.float64(89.69), 'acc': np.float64(89.64), 'ndev': 3775, 'ntest': 3775}","{'devacc': np.float64(95.04), 'acc': np.float64(95.21), 'ndev': 10000, 'ntest': 10000}","{'devacc': np.float64(88.19), 'acc': np.float64(87.96), 'ndev': 10606, 'ntest': 10606}","{'devacc': np.float64(91.06), 'acc': 90.77, 'ndev': 872, 'ntest': 1821}","{'devacc': np.float64(80.81), 'acc': 88.8, 'ndev': 5452, 'ntest': 500}","{'devacc': np.float64(69.38), 'acc': 68.23, 'f1': 79.99, 'ndev': 4076, 'ntest': 1725}"
deberta-base,SUM+AVG-NS_LYR-12,"torch.Size([61, 1536])",NORMAL,4,0,12,"{'devacc': np.float64(86.3), 'acc': np.float64(86.48), 'ndev': 10662, 'ntest': 10662}","{'devacc': np.float64(89.64), 'acc': np.float64(89.35), 'ndev': 3775, 'ntest': 3775}","{'devacc': np.float64(95.08), 'acc': np.float64(94.94), 'ndev': 10000, 'ntest': 10000}","{'devacc': np.float64(88.6), 'acc': np.float64(88.61), 'ndev': 10606, 'ntest': 10606}","{'devacc': np.float64(90.71), 'acc': 90.17, 'ndev': 872, 'ntest': 1821}","{'devacc': np.float64(80.26), 'acc': 89.8, 'ndev': 5452, 'ntest': 500}","{'devacc': np.float64(69.6), 'acc': 68.35, 'f1': 79.91, 'ndev': 4076, 'ntest': 1725}"
deberta-base,SUM+SUM-NS_LYR-12,"torch.Size([61, 1536])",NORMAL,4,0,12,"{'devacc': np.float64(86.2), 'acc': np.float64(86.07), 'ndev': 10662, 'ntest': 10662}","{'devacc': np.float64(89.58), 'acc': np.float64(89.35), 'ndev': 3775, 'ntest': 3775}","{'devacc': np.float64(95.03), 'acc': np.float64(95.02), 'ndev': 10000, 'ntest': 10000}","{'devacc': np.float64(88.19), 'acc': np.float64(88.15), 'ndev': 10606, 'ntest': 10606}","{'devacc': np.float64(90.25), 'acc': 90.61, 'ndev': 872, 'ntest': 1821}","{'devacc': np.float64(80.28), 'acc': 88.2, 'ndev': 5452, 'ntest': 500}","{'devacc': np.float64(69.63), 'acc': 68.29, 'f1': 79.85, 'ndev': 4076, 'ntest': 1725}"
deberta-base,SUM+MAX-NS_LYR-12,"torch.Size([61, 1536])",NORMAL,4,0,12,"{'devacc': np.float64(86.28), 'acc': np.float64(86.32), 'ndev': 10662, 'ntest': 10662}","{'devacc': np.float64(67.33), 'acc': np.float64(66.78), 'ndev': 3775, 'ntest': 3775}","{'devacc': np.float64(95.07), 'acc': np.float64(95.15), 'ndev': 10000, 'ntest': 10000}","{'devacc': np.float64(74.53), 'acc': np.float64(72.58), 'ndev': 10606, 'ntest': 10606}","{'devacc': np.float64(90.25), 'acc': 90.23, 'ndev': 872, 'ntest': 1821}","{'devacc': np.float64(80.65), 'acc': 87.6, 'ndev': 5452, 'ntest': 500}","{'devacc': np.float64(69.48), 'acc': 68.0, 'f1': 79.8, 'ndev': 4076, 'ntest': 1725}"
deberta-base,MAX+AVG-NS_LYR-12,"torch.Size([61, 1536])",NORMAL,4,0,12,"{'devacc': np.float64(84.81), 'acc': np.float64(84.61), 'ndev': 10662, 'ntest': 10662}","{'devacc': np.float64(87.96), 'acc': np.float64(88.19), 'ndev': 3775, 'ntest': 3775}","{'devacc': np.float64(93.93), 'acc': np.float64(93.77), 'ndev': 10000, 'ntest': 10000}","{'devacc': np.float64(88.74), 'acc': np.float64(88.75), 'ndev': 10606, 'ntest': 10606}","{'devacc': np.float64(89.11), 'acc': 90.61, 'ndev': 872, 'ntest': 1821}","{'devacc': np.float64(80.34), 'acc': 85.8, 'ndev': 5452, 'ntest': 500}","{'devacc': np.float64(71.05), 'acc': 69.22, 'f1': 79.09, 'ndev': 4076, 'ntest': 1725}"
deberta-base,MAX+SUM-NS_LYR-12,"torch.Size([61, 1536])",NORMAL,4,0,12,"{'devacc': np.float64(86.23), 'acc': np.float64(85.96), 'ndev': 10662, 'ntest': 10662}","{'devacc': np.float64(89.57), 'acc': np.float64(89.38), 'ndev': 3775, 'ntest': 3775}","{'devacc': np.float64(95.08), 'acc': np.float64(95.25), 'ndev': 10000, 'ntest': 10000}","{'devacc': np.float64(88.26), 'acc': np.float64(88.11), 'ndev': 10606, 'ntest': 10606}","{'devacc': np.float64(89.91), 'acc': 90.61, 'ndev': 872, 'ntest': 1821}","{'devacc': np.float64(80.5), 'acc': 90.2, 'ndev': 5452, 'ntest': 500}","{'devacc': np.float64(69.58), 'acc': 68.58, 'f1': 80.0, 'ndev': 4076, 'ntest': 1725}"
deberta-base,MAX+MAX-NS_LYR-12,"torch.Size([61, 1536])",NORMAL,4,0,12,"{'devacc': np.float64(81.41), 'acc': np.float64(81.24), 'ndev': 10662, 'ntest': 10662}","{'devacc': np.float64(66.22), 'acc': np.float64(65.82), 'ndev': 3775, 'ntest': 3775}","{'devacc': np.float64(91.6), 'acc': np.float64(91.82), 'ndev': 10000, 'ntest': 10000}","{'devacc': np.float64(74.14), 'acc': np.float64(69.31), 'ndev': 10606, 'ntest': 10606}","{'devacc': np.float64(83.72), 'acc': 86.0, 'ndev': 872, 'ntest': 1821}","{'devacc': np.float64(78.12), 'acc': 86.4, 'ndev': 5452, 'ntest': 500}","{'devacc': np.float64(70.63), 'acc': 70.14, 'f1': 79.6, 'ndev': 4076, 'ntest': 1725}"
deberta-base,AVG-NS+SUM-NS_LYR-12,"torch.Size([61, 1536])",NORMAL,4,0,12,"{'devacc': np.float64(86.21), 'acc': np.float64(86.11), 'ndev': 10662, 'ntest': 10662}","{'devacc': np.float64(89.52), 'acc': np.float64(89.48), 'ndev': 3775, 'ntest': 3775}","{'devacc': np.float64(95.06), 'acc': np.float64(95.22), 'ndev': 10000, 'ntest': 10000}","{'devacc': np.float64(88.52), 'acc': np.float64(88.48), 'ndev': 10606, 'ntest': 10606}","{'devacc': np.float64(90.48), 'acc': 90.39, 'ndev': 872, 'ntest': 1821}","{'devacc': np.float64(80.74), 'acc': 89.0, 'ndev': 5452, 'ntest': 500}","{'devacc': np.float64(69.53), 'acc': 68.41, 'f1': 79.94, 'ndev': 4076, 'ntest': 1725}"
deberta-base,AVG-NS+MAX-NS_LYR-12,"torch.Size([61, 1536])",NORMAL,4,0,12,"{'devacc': np.float64(84.64), 'acc': np.float64(84.47), 'ndev': 10662, 'ntest': 10662}","{'devacc': np.float64(66.58), 'acc': np.float64(66.09), 'ndev': 3775, 'ntest': 3775}","{'devacc': np.float64(94.04), 'acc': np.float64(94.1), 'ndev': 10000, 'ntest': 10000}","{'devacc': np.float64(74.32), 'acc': np.float64(72.76), 'ndev': 10606, 'ntest': 10606}","{'devacc': np.float64(88.65), 'acc': 90.44, 'ndev': 872, 'ntest': 1821}","{'devacc': np.float64(80.37), 'acc': 88.8, 'ndev': 5452, 'ntest': 500}","{'devacc': np.float64(70.83), 'acc': 69.04, 'f1': 78.67, 'ndev': 4076, 'ntest': 1725}"
deberta-base,SUM-NS+MAX-NS_LYR-12,"torch.Size([61, 1536])",NORMAL,4,0,12,"{'devacc': np.float64(86.23), 'acc': np.float64(86.08), 'ndev': 10662, 'ntest': 10662}","{'devacc': np.float64(67.73), 'acc': np.float64(66.41), 'ndev': 3775, 'ntest': 3775}","{'devacc': np.float64(95.07), 'acc': np.float64(95.05), 'ndev': 10000, 'ntest': 10000}","{'devacc': np.float64(74.35), 'acc': np.float64(72.32), 'ndev': 10606, 'ntest': 10606}","{'devacc': np.float64(90.14), 'acc': 90.94, 'ndev': 872, 'ntest': 1821}","{'devacc': np.float64(80.5), 'acc': 89.4, 'ndev': 5452, 'ntest': 500}","{'devacc': np.float64(69.68), 'acc': 68.35, 'f1': 79.82, 'ndev': 4076, 'ntest': 1725}"
