;model;pooling;type_pooling;agg;layer;epochs;out_vec_size;qtd_layers;nhid;params;best_layers;MR;CR;SUBJ;MPQA;SST2;TREC;MRPC;avg_tasks
0;allmpnet;CLS_LYR-1;simple;CLS;LYR-1;4,00;torch.Size([61, 768]);12,00;0,00;batch-64-nhid-0-inlayer-0;NORMAL;62,45;63,76;84,39;68,77;68,15;43,40;66,49;65,34
1;allmpnet;AVG_LYR-1;simple;AVG;LYR-1;4,00;torch.Size([61, 768]);12,00;0,00;batch-64-nhid-0-inlayer-0;NORMAL;77,43;81,56;93,33;89,48;83,31;90,20;73,45;84,11
2;allmpnet;SUM_LYR-1;simple;SUM;LYR-1;4,00;torch.Size([61, 768]);12,00;0,00;batch-64-nhid-0-inlayer-0;NORMAL;76,76;81,09;92,97;89,25;82,48;86,60;68,41;82,51
3;allmpnet;MAX_LYR-1;simple;MAX;LYR-1;4,00;torch.Size([61, 768]);12,00;0,00;batch-64-nhid-0-inlayer-0;NORMAL;71,50;78,60;89,79;88,48;75,62;86,80;70,90;80,24
4;allmpnet;AVG-NS_LYR-1;simple-ns;AVG-NS;LYR-1;4,00;torch.Size([61, 768]);12,00;0,00;batch-64-nhid-0-inlayer-0;NORMAL;76,97;80,77;92,27;88,39;82,21;82,00;73,04;82,24
5;allmpnet;SUM-NS_LYR-1;simple-ns;SUM-NS;LYR-1;4,00;torch.Size([61, 768]);12,00;0,00;batch-64-nhid-0-inlayer-0;NORMAL;76,51;79,00;91,83;87,75;81,33;79,80;64,58;80,11
6;allmpnet;MAX-NS_LYR-1;simple-ns;MAX-NS;LYR-1;4,00;torch.Size([61, 768]);12,00;0,00;batch-64-nhid-0-inlayer-0;NORMAL;71,68;62,62;88,68;68,73;54,70;80,00;72,52;71,28
7;allmpnet;CLS_LYR-2;simple;CLS;LYR-2;4,00;torch.Size([61, 768]);12,00;0,00;batch-64-nhid-0-inlayer-0;NORMAL;64,87;63,76;85,53;70,81;69,03;42,00;66,49;66,07
8;allmpnet;AVG_LYR-2;simple;AVG;LYR-2;4,00;torch.Size([61, 768]);12,00;0,00;batch-64-nhid-0-inlayer-0;NORMAL;79,48;85,33;93,99;90,22;84,13;90,60;75,30;85,58
9;allmpnet;SUM_LYR-2;simple;SUM;LYR-2;4,00;torch.Size([61, 768]);12,00;0,00;batch-64-nhid-0-inlayer-0;NORMAL;78,61;83,84;93,73;89,52;83,96;90,00;71,48;84,45
10;allmpnet;MAX_LYR-2;simple;MAX;LYR-2;4,00;torch.Size([61, 768]);12,00;0,00;batch-64-nhid-0-inlayer-0;NORMAL;74,87;79,89;91,58;88,34;78,91;90,40;72,87;82,41
11;allmpnet;AVG-NS_LYR-2;simple-ns;AVG-NS;LYR-2;4,00;torch.Size([61, 768]);12,00;0,00;batch-64-nhid-0-inlayer-0;NORMAL;78,22;82,01;93,16;89,43;83,58;85,00;73,57;83,57
12;allmpnet;SUM-NS_LYR-2;simple-ns;SUM-NS;LYR-2;4,00;torch.Size([61, 768]);12,00;0,00;batch-64-nhid-0-inlayer-0;NORMAL;77,34;81,61;93,18;88,81;82,98;85,40;67,54;82,41
13;allmpnet;MAX-NS_LYR-2;simple-ns;MAX-NS;LYR-2;4,00;torch.Size([61, 768]);12,00;0,00;batch-64-nhid-0-inlayer-0;NORMAL;74,61;62,54;90,67;68,62;53,32;84,40;74,26;72,63
14;allmpnet;CLS_LYR-3;simple;CLS;LYR-3;4,00;torch.Size([61, 768]);12,00;0,00;batch-64-nhid-0-inlayer-0;NORMAL;73,13;75,47;89,43;83,38;79,35;76,20;71,48;78,35
15;allmpnet;AVG_LYR-3;simple;AVG;LYR-3;4,00;torch.Size([61, 768]);12,00;0,00;batch-64-nhid-0-inlayer-0;NORMAL;80,83;85,54;94,65;90,07;85,50;91,80;74,55;86,13
16;allmpnet;SUM_LYR-3;simple;SUM;LYR-3;4,00;torch.Size([61, 768]);12,00;0,00;batch-64-nhid-0-inlayer-0;NORMAL;79,12;84,00;94,28;89,60;84,18;91,20;69,97;84,62
17;allmpnet;MAX_LYR-3;simple;MAX;LYR-3;4,00;torch.Size([61, 768]);12,00;0,00;batch-64-nhid-0-inlayer-0;NORMAL;77,10;81,88;92,77;88,80;82,15;91,60;72,17;83,78
18;allmpnet;AVG-NS_LYR-3;simple-ns;AVG-NS;LYR-3;4,00;torch.Size([61, 768]);12,00;0,00;batch-64-nhid-0-inlayer-0;NORMAL;79,25;83,39;94,10;89,42;84,73;88,40;71,77;84,44
19;allmpnet;SUM-NS_LYR-3;simple-ns;SUM-NS;LYR-3;4,00;torch.Size([61, 768]);12,00;0,00;batch-64-nhid-0-inlayer-0;NORMAL;78,57;82,81;93,85;88,92;84,07;87,20;67,54;83,28
20;allmpnet;MAX-NS_LYR-3;simple-ns;MAX-NS;LYR-3;4,00;torch.Size([61, 768]);12,00;0,00;batch-64-nhid-0-inlayer-0;NORMAL;76,32;63,18;92,25;68,70;60,52;87,00;73,57;74,51
21;allmpnet;CLS_LYR-4;simple;CLS;LYR-4;4,00;torch.Size([61, 768]);12,00;0,00;batch-64-nhid-0-inlayer-0;NORMAL;75,44;76,90;91,84;86,78;81,66;83,60;68,17;80,63
22;allmpnet;AVG_LYR-4;simple;AVG;LYR-4;4,00;torch.Size([61, 768]);12,00;0,00;batch-64-nhid-0-inlayer-0;NORMAL;81,41;87,23;95,35;90,40;85,78;92,80;75,07;86,86
23;allmpnet;SUM_LYR-4;simple;SUM;LYR-4;4,00;torch.Size([61, 768]);12,00;0,00;batch-64-nhid-0-inlayer-0;NORMAL;80,40;86,17;94,60;89,35;85,39;94,00;70,03;85,71
24;allmpnet;MAX_LYR-4;simple;MAX;LYR-4;4,00;torch.Size([61, 768]);12,00;0,00;batch-64-nhid-0-inlayer-0;NORMAL;78,68;84,45;93,40;89,38;82,92;91,00;73,51;84,76
25;allmpnet;AVG-NS_LYR-4;simple-ns;AVG-NS;LYR-4;4,00;torch.Size([61, 768]);12,00;0,00;batch-64-nhid-0-inlayer-0;NORMAL;80,79;85,62;94,74;89,61;85,50;88,40;72,75;85,34
26;allmpnet;SUM-NS_LYR-4;simple-ns;SUM-NS;LYR-4;4,00;torch.Size([61, 768]);12,00;0,00;batch-64-nhid-0-inlayer-0;NORMAL;79,31;84,19;94,52;88,89;84,13;91,20;64,46;83,81
27;allmpnet;MAX-NS_LYR-4;simple-ns;MAX-NS;LYR-4;4,00;torch.Size([61, 768]);12,00;0,00;batch-64-nhid-0-inlayer-0;NORMAL;78,18;62,65;93,01;68,73;65,68;89,60;75,01;76,12
28;allmpnet;CLS_LYR-5;simple;CLS;LYR-5;4,00;torch.Size([61, 768]);12,00;0,00;batch-64-nhid-0-inlayer-0;NORMAL;79,35;84,19;94,50;87,41;84,29;85,60;70,61;83,71
29;allmpnet;AVG_LYR-5;simple;AVG;LYR-5;4,00;torch.Size([61, 768]);12,00;0,00;batch-64-nhid-0-inlayer-0;NORMAL;84,48;89,59;95,46;90,90;88,36;94,40;77,10;88,61
30;allmpnet;SUM_LYR-5;simple;SUM;LYR-5;4,00;torch.Size([61, 768]);12,00;0,00;batch-64-nhid-0-inlayer-0;NORMAL;83,28;89,11;95,38;90,48;87,48;94,40;73,68;87,69
31;allmpnet;MAX_LYR-5;simple;MAX;LYR-5;4,00;torch.Size([61, 768]);12,00;0,00;batch-64-nhid-0-inlayer-0;NORMAL;80,87;86,44;94,11;89,66;85,67;93,40;76,29;86,63
32;allmpnet;AVG-NS_LYR-5;simple-ns;AVG-NS;LYR-5;4,00;torch.Size([61, 768]);12,00;0,00;batch-64-nhid-0-inlayer-0;NORMAL;83,20;87,63;95,29;90,12;87,64;91,80;74,09;87,11
33;allmpnet;SUM-NS_LYR-5;simple-ns;SUM-NS;LYR-5;4,00;torch.Size([61, 768]);12,00;0,00;batch-64-nhid-0-inlayer-0;NORMAL;82,10;87,36;94,73;89,92;86,77;91,60;69,57;86,01
34;allmpnet;MAX-NS_LYR-5;simple-ns;MAX-NS;LYR-5;4,00;torch.Size([61, 768]);12,00;0,00;batch-64-nhid-0-inlayer-0;NORMAL;80,11;64,45;93,91;68,70;66,89;90,20;75,13;77,06
35;allmpnet;CLS_LYR-6;simple;CLS;LYR-6;4,00;torch.Size([61, 768]);12,00;0,00;batch-64-nhid-0-inlayer-0;NORMAL;81,82;88,32;94,37;68,79;86,44;46,20;69,97;76,56
36;allmpnet;AVG_LYR-6;simple;AVG;LYR-6;4,00;torch.Size([61, 768]);12,00;0,00;batch-64-nhid-0-inlayer-0;NORMAL;85,33;90,81;95,88;90,92;90,50;94,40;76,00;89,12
37;allmpnet;SUM_LYR-6;simple;SUM;LYR-6;4,00;torch.Size([61, 768]);12,00;0,00;batch-64-nhid-0-inlayer-0;NORMAL;83,82;89,75;95,46;90,56;89,73;94,80;73,86;88,28
38;allmpnet;MAX_LYR-6;simple;MAX;LYR-6;4,00;torch.Size([61, 768]);12,00;0,00;batch-64-nhid-0-inlayer-0;NORMAL;82,20;88,82;94,49;89,93;88,58;93,00;74,72;87,39
39;allmpnet;AVG-NS_LYR-6;simple-ns;AVG-NS;LYR-6;4,00;torch.Size([61, 768]);12,00;0,00;batch-64-nhid-0-inlayer-0;NORMAL;84,44;89,56;95,65;90,23;89,29;92,00;73,86;87,86
40;allmpnet;SUM-NS_LYR-6;simple-ns;SUM-NS;LYR-6;4,00;torch.Size([61, 768]);12,00;0,00;batch-64-nhid-0-inlayer-0;NORMAL;82,82;89,27;95,15;89,88;88,80;90,80;70,43;86,74
41;allmpnet;MAX-NS_LYR-6;simple-ns;MAX-NS;LYR-6;4,00;torch.Size([61, 768]);12,00;0,00;batch-64-nhid-0-inlayer-0;NORMAL;81,44;62,07;94,14;68,71;68,86;88,80;74,78;76,97
42;allmpnet;CLS_LYR-7;simple;CLS;LYR-7;4,00;torch.Size([61, 768]);12,00;0,00;batch-64-nhid-0-inlayer-0;NORMAL;82,55;89,46;94,04;68,75;88,80;43,20;70,26;76,72
43;allmpnet;AVG_LYR-7;simple;AVG;LYR-7;4,00;torch.Size([61, 768]);12,00;0,00;batch-64-nhid-0-inlayer-0;NORMAL;86,29;91,76;95,95;90,82;91,05;95,40;76,00;89,61
44;allmpnet;SUM_LYR-7;simple;SUM;LYR-7;4,00;torch.Size([61, 768]);12,00;0,00;batch-64-nhid-0-inlayer-0;NORMAL;84,96;91,07;95,65;90,29;90,50;94,40;70,90;88,25
45;allmpnet;MAX_LYR-7;simple;MAX;LYR-7;4,00;torch.Size([61, 768]);12,00;0,00;batch-64-nhid-0-inlayer-0;NORMAL;83,71;89,80;94,25;89,76;89,02;94,40;75,71;88,09
46;allmpnet;AVG-NS_LYR-7;simple-ns;AVG-NS;LYR-7;4,00;torch.Size([61, 768]);12,00;0,00;batch-64-nhid-0-inlayer-0;NORMAL;85,35;90,28;95,68;90,37;90,33;92,40;73,45;88,27
47;allmpnet;SUM-NS_LYR-7;simple-ns;SUM-NS;LYR-7;4,00;torch.Size([61, 768]);12,00;0,00;batch-64-nhid-0-inlayer-0;NORMAL;83,76;90,20;95,35;89,95;89,68;92,60;72,23;87,68
48;allmpnet;MAX-NS_LYR-7;simple-ns;MAX-NS;LYR-7;4,00;torch.Size([61, 768]);12,00;0,00;batch-64-nhid-0-inlayer-0;NORMAL;82,80;64,19;94,03;68,73;72,21;90,00;74,49;78,06
49;allmpnet;CLS_LYR-8;simple;CLS;LYR-8;4,00;torch.Size([61, 768]);12,00;0,00;batch-64-nhid-0-inlayer-0;NORMAL;83,31;89,30;94,05;84,40;87,04;70,60;68,87;82,51
50;allmpnet;AVG_LYR-8;simple;AVG;LYR-8;4,00;torch.Size([61, 768]);12,00;0,00;batch-64-nhid-0-inlayer-0;NORMAL;86,40;91,60;95,69;90,82;91,16;93,80;75,71;89,31
51;allmpnet;SUM_LYR-8;simple;SUM;LYR-8;4,00;torch.Size([61, 768]);12,00;0,00;batch-64-nhid-0-inlayer-0;NORMAL;85,07;90,49;95,16;90,15;90,12;95,60;73,74;88,62
52;allmpnet;MAX_LYR-8;simple;MAX;LYR-8;4,00;torch.Size([61, 768]);12,00;0,00;batch-64-nhid-0-inlayer-0;NORMAL;84,63;90,17;94,72;89,76;89,84;92,20;74,14;87,92
53;allmpnet;AVG-NS_LYR-8;simple-ns;AVG-NS;LYR-8;4,00;torch.Size([61, 768]);12,00;0,00;batch-64-nhid-0-inlayer-0;NORMAL;85,71;90,52;95,44;90,26;90,55;92,00;73,86;88,33
54;allmpnet;SUM-NS_LYR-8;simple-ns;SUM-NS;LYR-8;4,00;torch.Size([61, 768]);12,00;0,00;batch-64-nhid-0-inlayer-0;NORMAL;84,63;90,12;95,16;89,61;89,68;92,60;70,96;87,54
55;allmpnet;MAX-NS_LYR-8;simple-ns;MAX-NS;LYR-8;4,00;torch.Size([61, 768]);12,00;0,00;batch-64-nhid-0-inlayer-0;NORMAL;84,43;64,06;94,36;68,56;75,12;88,60;73,33;78,35
56;allmpnet;CLS_LYR-9;simple;CLS;LYR-9;4,00;torch.Size([61, 768]);12,00;0,00;batch-64-nhid-0-inlayer-0;NORMAL;82,40;85,46;91,81;79,19;86,44;74,60;66,32;80,89
57;allmpnet;AVG_LYR-9;simple;AVG;LYR-9;4,00;torch.Size([61, 768]);12,00;0,00;batch-64-nhid-0-inlayer-0;NORMAL;86,57;91,31;95,40;90,19;91,10;96,20;75,71;89,50
58;allmpnet;SUM_LYR-9;simple;SUM;LYR-9;4,00;torch.Size([61, 768]);12,00;0,00;batch-64-nhid-0-inlayer-0;NORMAL;85,12;90,81;95,26;89,97;90,39;95,60;72,87;88,57
59;allmpnet;MAX_LYR-9;simple;MAX;LYR-9;4,00;torch.Size([61, 768]);12,00;0,00;batch-64-nhid-0-inlayer-0;NORMAL;84,51;89,80;94,81;89,63;90,44;96,00;74,32;88,50
60;allmpnet;AVG-NS_LYR-9;simple-ns;AVG-NS;LYR-9;4,00;torch.Size([61, 768]);12,00;0,00;batch-64-nhid-0-inlayer-0;NORMAL;85,74;90,52;95,16;89,87;90,72;92,60;73,80;88,34
61;allmpnet;SUM-NS_LYR-9;simple-ns;SUM-NS;LYR-9;4,00;torch.Size([61, 768]);12,00;0,00;batch-64-nhid-0-inlayer-0;NORMAL;84,90;90,25;94,93;89,47;89,73;93,80;70,03;87,59
62;allmpnet;MAX-NS_LYR-9;simple-ns;MAX-NS;LYR-9;4,00;torch.Size([61, 768]);12,00;0,00;batch-64-nhid-0-inlayer-0;NORMAL;84,26;69,69;93,85;68,54;77,32;92,00;73,28;79,85
63;allmpnet;CLS_LYR-10;simple;CLS;LYR-10;4,00;torch.Size([61, 768]);12,00;0,00;batch-64-nhid-0-inlayer-0;NORMAL;77,35;63,82;81,51;68,77;84,51;47,60;66,20;69,97
64;allmpnet;AVG_LYR-10;simple;AVG;LYR-10;4,00;torch.Size([61, 768]);12,00;0,00;batch-64-nhid-0-inlayer-0;NORMAL;86,64;90,41;95,47;90,34;90,55;96,40;76,81;89,52
65;allmpnet;SUM_LYR-10;simple;SUM;LYR-10;4,00;torch.Size([61, 768]);12,00;0,00;batch-64-nhid-0-inlayer-0;NORMAL;84,81;90,38;94,93;89,69;90,61;96,60;71,59;88,37
66;allmpnet;MAX_LYR-10;simple;MAX;LYR-10;4,00;torch.Size([61, 768]);12,00;0,00;batch-64-nhid-0-inlayer-0;NORMAL;85,12;88,24;94,47;89,40;89,90;95,60;75,59;88,33
67;allmpnet;AVG-NS_LYR-10;simple-ns;AVG-NS;LYR-10;4,00;torch.Size([61, 768]);12,00;0,00;batch-64-nhid-0-inlayer-0;NORMAL;85,74;89,64;94,90;89,81;90,39;91,80;75,25;88,22
68;allmpnet;SUM-NS_LYR-10;simple-ns;SUM-NS;LYR-10;4,00;torch.Size([61, 768]);12,00;0,00;batch-64-nhid-0-inlayer-0;NORMAL;84,11;89,64;94,73;89,31;89,90;91,40;68,46;86,79
69;allmpnet;MAX-NS_LYR-10;simple-ns;MAX-NS;LYR-10;4,00;torch.Size([61, 768]);12,00;0,00;batch-64-nhid-0-inlayer-0;NORMAL;83,87;69,56;93,62;68,56;79,08;90,20;73,80;79,81
70;allmpnet;CLS_LYR-11;simple;CLS;LYR-11;4,00;torch.Size([61, 768]);12,00;0,00;batch-64-nhid-0-inlayer-0;NORMAL;79,22;77,96;87,59;82,36;84,07;89,40;69,04;81,38
71;allmpnet;AVG_LYR-11;simple;AVG;LYR-11;4,00;torch.Size([61, 768]);12,00;0,00;batch-64-nhid-0-inlayer-0;NORMAL;85,83;89,88;94,89;90,09;89,51;96,60;76,06;88,98
72;allmpnet;SUM_LYR-11;simple;SUM;LYR-11;4,00;torch.Size([61, 768]);12,00;0,00;batch-64-nhid-0-inlayer-0;NORMAL;84,35;90,14;94,58;89,69;89,95;94,80;69,68;87,60
73;allmpnet;MAX_LYR-11;simple;MAX;LYR-11;4,00;torch.Size([61, 768]);12,00;0,00;batch-64-nhid-0-inlayer-0;NORMAL;84,11;86,78;93,86;89,20;88,47;95,80;75,07;87,61
74;allmpnet;AVG-NS_LYR-11;simple-ns;AVG-NS;LYR-11;4,00;torch.Size([61, 768]);12,00;0,00;batch-64-nhid-0-inlayer-0;NORMAL;85,38;88,77;94,64;89,86;89,51;92,20;74,67;87,86
75;allmpnet;SUM-NS_LYR-11;simple-ns;SUM-NS;LYR-11;4,00;torch.Size([61, 768]);12,00;0,00;batch-64-nhid-0-inlayer-0;NORMAL;84,63;88,95;94,48;89,07;89,73;91,00;70,26;86,87
76;allmpnet;MAX-NS_LYR-11;simple-ns;MAX-NS;LYR-11;4,00;torch.Size([61, 768]);12,00;0,00;batch-64-nhid-0-inlayer-0;NORMAL;83,64;70,52;93,19;68,71;79,79;89,00;74,96;79,97
77;allmpnet;CLS_LYR-12;simple;CLS;LYR-12;4,00;torch.Size([61, 768]);12,00;0,00;batch-64-nhid-0-inlayer-0;NORMAL;83,86;87,10;93,35;89,18;88,03;91,00;74,32;86,69
78;allmpnet;AVG_LYR-12;simple;AVG;LYR-12;4,00;torch.Size([61, 768]);12,00;0,00;batch-64-nhid-0-inlayer-0;NORMAL;85,13;87,79;93,99;89,70;88,47;94,40;74,90;87,77
79;allmpnet;SUM_LYR-12;simple;SUM;LYR-12;4,00;torch.Size([61, 768]);12,00;0,00;batch-64-nhid-0-inlayer-0;NORMAL;83,91;87,05;93,85;89,54;88,03;94,60;69,57;86,65
80;allmpnet;MAX_LYR-12;simple;MAX;LYR-12;4,00;torch.Size([61, 768]);12,00;0,00;batch-64-nhid-0-inlayer-0;NORMAL;84,64;87,73;93,96;89,23;88,69;93,80;76,70;87,82
81;allmpnet;AVG-NS_LYR-12;simple-ns;AVG-NS;LYR-12;4,00;torch.Size([61, 768]);12,00;0,00;batch-64-nhid-0-inlayer-0;NORMAL;85,08;87,44;94,24;89,66;88,74;92,00;75,07;87,46
82;allmpnet;SUM-NS_LYR-12;simple-ns;SUM-NS;LYR-12;4,00;torch.Size([61, 768]);12,00;0,00;batch-64-nhid-0-inlayer-0;NORMAL;84,34;87,47;94,00;88,95;88,30;91,80;65,80;85,81
83;allmpnet;MAX-NS_LYR-12;simple-ns;MAX-NS;LYR-12;4,00;torch.Size([61, 768]);12,00;0,00;batch-64-nhid-0-inlayer-0;NORMAL;84,63;79,32;93,79;68,77;72,54;91,80;76,29;81,02
84;allmpnet;CLS+AVG_SUM-1-2;two-tokens;CLS+AVG;SUM-1-2;4,00;torch.Size([61, 1536]);12,00;0,00;batch-64-nhid-0-inlayer-12;NORMAL;79,23;84,03;93,94;90,00;84,24;89,40;74,32;85,02
85;allmpnet;CLS+SUM_SUM-1-2;two-tokens;CLS+SUM;SUM-1-2;4,00;torch.Size([61, 1536]);12,00;0,00;batch-64-nhid-0-inlayer-12;NORMAL;78,77;80,61;92,12;88,36;83,75;88,40;71,30;83,33
86;allmpnet;CLS+MAX_SUM-1-2;two-tokens;CLS+MAX;SUM-1-2;4,00;torch.Size([61, 1536]);12,00;0,00;batch-64-nhid-0-inlayer-12;NORMAL;72,94;79,74;91,02;88,20;76,61;86,40;71,13;80,86
87;allmpnet;CLS+AVG-NS_SUM-1-2;two-tokens;CLS+AVG-NS;SUM-1-2;4,00;torch.Size([61, 1536]);12,00;0,00;batch-64-nhid-0-inlayer-12;NORMAL;77,89;81,64;93,22;88,54;82,81;81,00;72,00;82,44
88;allmpnet;CLS+SUM-NS_SUM-1-2;two-tokens;CLS+SUM-NS;SUM-1-2;4,00;torch.Size([61, 1536]);12,00;0,00;batch-64-nhid-0-inlayer-12;NORMAL;77,33;78,22;91,79;87,50;83,69;82,20;69,33;81,44
89;allmpnet;CLS+MAX-NS_SUM-1-2;two-tokens;CLS+MAX-NS;SUM-1-2;4,00;torch.Size([61, 1536]);12,00;0,00;batch-64-nhid-0-inlayer-12;NORMAL;72,86;64,58;89,93;35,80;50,08;80,60;70,43;66,33
90;allmpnet;AVG+SUM_SUM-1-2;two-tokens;AVG+SUM;SUM-1-2;4,00;torch.Size([61, 1536]);12,00;0,00;batch-64-nhid-0-inlayer-12;NORMAL;78,76;80,26;92,18;88,38;83,91;88,20;71,25;83,28
91;allmpnet;AVG+MAX_SUM-1-2;two-tokens;AVG+MAX;SUM-1-2;4,00;torch.Size([61, 1536]);12,00;0,00;batch-64-nhid-0-inlayer-12;NORMAL;77,77;81,54;93,30;88,92;83,42;89,60;70,96;83,64
92;allmpnet;AVG+AVG-NS_SUM-1-2;two-tokens;AVG+AVG-NS;SUM-1-2;4,00;torch.Size([61, 1536]);12,00;0,00;batch-64-nhid-0-inlayer-12;NORMAL;79,21;83,58;94,14;89,42;85,67;88,20;72,93;84,74
93;allmpnet;AVG+SUM-NS_SUM-1-2;two-tokens;AVG+SUM-NS;SUM-1-2;4,00;torch.Size([61, 1536]);12,00;0,00;batch-64-nhid-0-inlayer-12;NORMAL;77,61;79,10;91,69;88,54;83,69;84,20;67,30;81,73
94;allmpnet;AVG+MAX-NS_SUM-1-2;two-tokens;AVG+MAX-NS;SUM-1-2;4,00;torch.Size([61, 1536]);12,00;0,00;batch-64-nhid-0-inlayer-12;NORMAL;77,95;65,32;92,85;35,79;50,08;88,40;70,26;68,66
95;allmpnet;SUM+MAX_SUM-1-2;two-tokens;SUM+MAX;SUM-1-2;4,00;torch.Size([61, 1536]);12,00;0,00;batch-64-nhid-0-inlayer-12;NORMAL;78,57;79,79;92,05;87,71;83,80;89,20;71,30;83,20
96;allmpnet;SUM+AVG-NS_SUM-1-2;two-tokens;SUM+AVG-NS;SUM-1-2;4,00;torch.Size([61, 1536]);12,00;0,00;batch-64-nhid-0-inlayer-12;NORMAL;78,82;80,11;92,05;87,71;83,86;88,60;70,96;83,16
97;allmpnet;SUM+SUM-NS_SUM-1-2;two-tokens;SUM+SUM-NS;SUM-1-2;4,00;torch.Size([61, 1536]);12,00;0,00;batch-64-nhid-0-inlayer-12;NORMAL;78,44;80,34;91,71;87,90;83,91;89,20;70,20;83,10
98;allmpnet;SUM+MAX-NS_SUM-1-2;two-tokens;SUM+MAX-NS;SUM-1-2;4,00;torch.Size([61, 1536]);12,00;0,00;batch-64-nhid-0-inlayer-12;NORMAL;78,52;67,36;92,19;35,79;50,08;89,60;71,13;69,24
99;allmpnet;MAX+AVG-NS_SUM-1-2;two-tokens;MAX+AVG-NS;SUM-1-2;4,00;torch.Size([61, 1536]);12,00;0,00;batch-64-nhid-0-inlayer-12;NORMAL;77,43;81,72;93,13;87,82;82,15;88,40;70,49;83,02
100;allmpnet;MAX+SUM-NS_SUM-1-2;two-tokens;MAX+SUM-NS;SUM-1-2;4,00;torch.Size([61, 1536]);12,00;0,00;batch-64-nhid-0-inlayer-12;NORMAL;77,19;79,07;91,64;87,55;83,20;87,60;68,06;82,04
101;allmpnet;MAX+MAX-NS_SUM-1-2;two-tokens;MAX+MAX-NS;SUM-1-2;4,00;torch.Size([61, 1536]);12,00;0,00;batch-64-nhid-0-inlayer-12;NORMAL;73,05;65,40;90,94;35,79;50,08;87,40;69,86;67,50
102;allmpnet;AVG-NS+SUM-NS_SUM-1-2;two-tokens;AVG-NS+SUM-NS;SUM-1-2;4,00;torch.Size([61, 1536]);12,00;0,00;batch-64-nhid-0-inlayer-12;NORMAL;77,28;78,30;91,71;87,08;82,65;82,00;67,36;80,91
103;allmpnet;AVG-NS+MAX-NS_SUM-1-2;two-tokens;AVG-NS+MAX-NS;SUM-1-2;4,00;torch.Size([61, 1536]);12,00;0,00;batch-64-nhid-0-inlayer-12;NORMAL;77,06;65,14;92,38;35,79;50,08;84,40;69,39;67,75
104;allmpnet;SUM-NS+MAX-NS_SUM-1-2;two-tokens;SUM-NS+MAX-NS;SUM-1-2;4,00;torch.Size([61, 1536]);12,00;0,00;batch-64-nhid-0-inlayer-12;NORMAL;76,49;65,03;91,43;35,79;50,08;84,00;68,29;67,30
105;allmpnet;CLS+AVG_SUM-2-3;two-tokens;CLS+AVG;SUM-2-3;4,00;torch.Size([61, 1536]);12,00;0,00;batch-64-nhid-0-inlayer-12;NORMAL;80,73;86,12;94,92;90,03;85,56;91,40;73,80;86,08
106;allmpnet;CLS+SUM_SUM-2-3;two-tokens;CLS+SUM;SUM-2-3;4,00;torch.Size([61, 1536]);12,00;0,00;batch-64-nhid-0-inlayer-12;NORMAL;79,54;82,78;93,35;88,62;84,90;89,40;70,55;84,16
107;allmpnet;CLS+MAX_SUM-2-3;two-tokens;CLS+MAX;SUM-2-3;4,00;torch.Size([61, 1536]);12,00;0,00;batch-64-nhid-0-inlayer-12;NORMAL;76,29;80,80;92,00;88,35;80,51;90,80;72,06;82,97
108;allmpnet;CLS+AVG-NS_SUM-2-3;two-tokens;CLS+AVG-NS;SUM-2-3;4,00;torch.Size([61, 1536]);12,00;0,00;batch-64-nhid-0-inlayer-12;NORMAL;79,57;83,63;94,17;89,26;84,57;86,20;72,75;84,31
109;allmpnet;CLS+SUM-NS_SUM-2-3;two-tokens;CLS+SUM-NS;SUM-2-3;4,00;torch.Size([61, 1536]);12,00;0,00;batch-64-nhid-0-inlayer-12;NORMAL;78,20;79,92;92,65;88,06;84,07;85,60;69,28;82,54
110;allmpnet;CLS+MAX-NS_SUM-2-3;two-tokens;CLS+MAX-NS;SUM-2-3;4,00;torch.Size([61, 1536]);12,00;0,00;batch-64-nhid-0-inlayer-12;NORMAL;75,30;65,24;91,48;31,75;50,08;83,80;71,54;67,03
111;allmpnet;AVG+SUM_SUM-2-3;two-tokens;AVG+SUM;SUM-2-3;4,00;torch.Size([61, 1536]);12,00;0,00;batch-64-nhid-0-inlayer-12;NORMAL;79,49;82,33;93,27;88,72;84,13;89,00;70,55;83,93
112;allmpnet;AVG+MAX_SUM-2-3;two-tokens;AVG+MAX;SUM-2-3;4,00;torch.Size([61, 1536]);12,00;0,00;batch-64-nhid-0-inlayer-12;NORMAL;79,29;83,39;93,79;89,08;84,68;91,60;71,54;84,77
113;allmpnet;AVG+AVG-NS_SUM-2-3;two-tokens;AVG+AVG-NS;SUM-2-3;4,00;torch.Size([61, 1536]);12,00;0,00;batch-64-nhid-0-inlayer-12;NORMAL;80,57;85,32;94,87;89,25;85,89;91,40;73,80;85,87
114;allmpnet;AVG+SUM-NS_SUM-2-3;two-tokens;AVG+SUM-NS;SUM-2-3;4,00;torch.Size([61, 1536]);12,00;0,00;batch-64-nhid-0-inlayer-12;NORMAL;78,61;80,11;92,53;88,84;84,51;87,20;68,00;82,83
115;allmpnet;AVG+MAX-NS_SUM-2-3;two-tokens;AVG+MAX-NS;SUM-2-3;4,00;torch.Size([61, 1536]);12,00;0,00;batch-64-nhid-0-inlayer-12;NORMAL;79,25;65,61;93,96;31,75;50,08;89,60;71,88;68,88
116;allmpnet;SUM+MAX_SUM-2-3;two-tokens;SUM+MAX;SUM-2-3;4,00;torch.Size([61, 1536]);12,00;0,00;batch-64-nhid-0-inlayer-12;NORMAL;79,55;82,20;92,96;88,01;84,62;89,40;70,49;83,89
117;allmpnet;SUM+AVG-NS_SUM-2-3;two-tokens;SUM+AVG-NS;SUM-2-3;4,00;torch.Size([61, 1536]);12,00;0,00;batch-64-nhid-0-inlayer-12;NORMAL;79,39;82,28;93,22;88,11;85,12;89,20;70,67;84,00
118;allmpnet;SUM+SUM-NS_SUM-2-3;two-tokens;SUM+SUM-NS;SUM-2-3;4,00;torch.Size([61, 1536]);12,00;0,00;batch-64-nhid-0-inlayer-12;NORMAL;79,07;82,73;92,81;87,86;85,45;89,80;69,86;83,94
119;allmpnet;SUM+MAX-NS_SUM-2-3;two-tokens;SUM+MAX-NS;SUM-2-3;4,00;torch.Size([61, 1536]);12,00;0,00;batch-64-nhid-0-inlayer-12;NORMAL;79,61;66,57;93,11;35,50;50,08;89,40;70,90;69,31
120;allmpnet;MAX+AVG-NS_SUM-2-3;two-tokens;MAX+AVG-NS;SUM-2-3;4,00;torch.Size([61, 1536]);12,00;0,00;batch-64-nhid-0-inlayer-12;NORMAL;78,78;82,99;93,76;88,39;84,62;90,80;72,00;84,48
121;allmpnet;MAX+SUM-NS_SUM-2-3;two-tokens;MAX+SUM-NS;SUM-2-3;4,00;torch.Size([61, 1536]);12,00;0,00;batch-64-nhid-0-inlayer-12;NORMAL;78,39;80,37;92,65;87,86;83,47;89,80;69,91;83,21
122;allmpnet;MAX+MAX-NS_SUM-2-3;two-tokens;MAX+MAX-NS;SUM-2-3;4,00;torch.Size([61, 1536]);12,00;0,00;batch-64-nhid-0-inlayer-12;NORMAL;75,61;65,54;91,92;31,75;50,08;91,20;71,88;68,28
123;allmpnet;AVG-NS+SUM-NS_SUM-2-3;two-tokens;AVG-NS+SUM-NS;SUM-2-3;4,00;torch.Size([61, 1536]);12,00;0,00;batch-64-nhid-0-inlayer-12;NORMAL;78,17;79,60;92,49;87,82;83,14;85,20;68,17;82,08
124;allmpnet;AVG-NS+MAX-NS_SUM-2-3;two-tokens;AVG-NS+MAX-NS;SUM-2-3;4,00;torch.Size([61, 1536]);12,00;0,00;batch-64-nhid-0-inlayer-12;NORMAL;78,40;65,59;93,54;31,75;50,08;88,00;71,07;68,35
125;allmpnet;SUM-NS+MAX-NS_SUM-2-3;two-tokens;SUM-NS+MAX-NS;SUM-2-3;4,00;torch.Size([61, 1536]);12,00;0,00;batch-64-nhid-0-inlayer-12;NORMAL;77,69;66,12;92,41;31,75;50,08;86,60;69,62;67,75
126;allmpnet;CLS+AVG_SUM-3-4;two-tokens;CLS+AVG;SUM-3-4;4,00;torch.Size([61, 1536]);12,00;0,00;batch-64-nhid-0-inlayer-12;NORMAL;81,63;86,78;95,40;90,01;86,38;92,60;75,25;86,86
127;allmpnet;CLS+SUM_SUM-3-4;two-tokens;CLS+SUM;SUM-3-4;4,00;torch.Size([61, 1536]);12,00;0,00;batch-64-nhid-0-inlayer-12;NORMAL;80,59;82,89;93,19;88,61;84,68;91,80;70,09;84,55
128;allmpnet;CLS+MAX_SUM-3-4;two-tokens;CLS+MAX;SUM-3-4;4,00;torch.Size([61, 1536]);12,00;0,00;batch-64-nhid-0-inlayer-12;NORMAL;78,01;81,78;92,95;88,77;82,98;91,40;72,06;83,99
129;allmpnet;CLS+AVG-NS_SUM-3-4;two-tokens;CLS+AVG-NS;SUM-3-4;4,00;torch.Size([61, 1536]);12,00;0,00;batch-64-nhid-0-inlayer-12;NORMAL;80,57;85,54;95,13;89,29;84,73;88,40;73,04;85,24
130;allmpnet;CLS+SUM-NS_SUM-3-4;two-tokens;CLS+SUM-NS;SUM-3-4;4,00;torch.Size([61, 1536]);12,00;0,00;batch-64-nhid-0-inlayer-12;NORMAL;79,50;81,62;93,21;87,72;84,24;88,00;70,78;83,58
131;allmpnet;CLS+MAX-NS_SUM-3-4;two-tokens;CLS+MAX-NS;SUM-3-4;4,00;torch.Size([61, 1536]);12,00;0,00;batch-64-nhid-0-inlayer-12;NORMAL;76,94;65,14;92,60;31,75;50,08;86,60;71,42;67,79
132;allmpnet;AVG+SUM_SUM-3-4;two-tokens;AVG+SUM;SUM-3-4;4,00;torch.Size([61, 1536]);12,00;0,00;batch-64-nhid-0-inlayer-12;NORMAL;80,72;82,57;93,22;88,73;84,73;92,00;70,32;84,61
133;allmpnet;AVG+MAX_SUM-3-4;two-tokens;AVG+MAX;SUM-3-4;4,00;torch.Size([61, 1536]);12,00;0,00;batch-64-nhid-0-inlayer-12;NORMAL;80,10;84,45;94,25;89,21;85,23;92,40;72,35;85,43
134;allmpnet;AVG+AVG-NS_SUM-3-4;two-tokens;AVG+AVG-NS;SUM-3-4;4,00;torch.Size([61, 1536]);12,00;0,00;batch-64-nhid-0-inlayer-12;NORMAL;81,59;86,09;95,54;89,55;87,26;91,40;74,67;86,59
135;allmpnet;AVG+SUM-NS_SUM-3-4;two-tokens;AVG+SUM-NS;SUM-3-4;4,00;torch.Size([61, 1536]);12,00;0,00;batch-64-nhid-0-inlayer-12;NORMAL;79,46;81,64;93,18;88,92;85,06;89,40;69,45;83,87
136;allmpnet;AVG+MAX-NS_SUM-3-4;two-tokens;AVG+MAX-NS;SUM-3-4;4,00;torch.Size([61, 1536]);12,00;0,00;batch-64-nhid-0-inlayer-12;NORMAL;80,09;65,67;94,71;31,75;50,08;91,40;73,28;69,57
137;allmpnet;SUM+MAX_SUM-3-4;two-tokens;SUM+MAX;SUM-3-4;4,00;torch.Size([61, 1536]);12,00;0,00;batch-64-nhid-0-inlayer-12;NORMAL;80,45;82,92;93,02;88,05;85,06;92,00;70,38;84,55
138;allmpnet;SUM+AVG-NS_SUM-3-4;two-tokens;SUM+AVG-NS;SUM-3-4;4,00;torch.Size([61, 1536]);12,00;0,00;batch-64-nhid-0-inlayer-12;NORMAL;80,69;82,54;93,19;88,39;85,39;91,80;70,55;84,65
139;allmpnet;SUM+SUM-NS_SUM-3-4;two-tokens;SUM+SUM-NS;SUM-3-4;4,00;torch.Size([61, 1536]);12,00;0,00;batch-64-nhid-0-inlayer-12;NORMAL;80,22;82,65;93,49;87,83;85,01;91,80;71,48;84,64
140;allmpnet;SUM+MAX-NS_SUM-3-4;two-tokens;SUM+MAX-NS;SUM-3-4;4,00;torch.Size([61, 1536]);12,00;0,00;batch-64-nhid-0-inlayer-12;NORMAL;80,41;68,79;93,17;35,50;50,08;92,20;70,55;70,10
141;allmpnet;MAX+AVG-NS_SUM-3-4;two-tokens;MAX+AVG-NS;SUM-3-4;4,00;torch.Size([61, 1536]);12,00;0,00;batch-64-nhid-0-inlayer-12;NORMAL;79,52;84,19;94,32;88,80;84,35;92,60;72,06;85,12
142;allmpnet;MAX+SUM-NS_SUM-3-4;two-tokens;MAX+SUM-NS;SUM-3-4;4,00;torch.Size([61, 1536]);12,00;0,00;batch-64-nhid-0-inlayer-12;NORMAL;78,96;82,04;93,16;88,17;84,84;90,00;70,20;83,91
143;allmpnet;MAX+MAX-NS_SUM-3-4;two-tokens;MAX+MAX-NS;SUM-3-4;4,00;torch.Size([61, 1536]);12,00;0,00;batch-64-nhid-0-inlayer-12;NORMAL;77,13;65,54;93,07;31,75;50,08;91,00;71,88;68,64
144;allmpnet;AVG-NS+SUM-NS_SUM-3-4;two-tokens;AVG-NS+SUM-NS;SUM-3-4;4,00;torch.Size([61, 1536]);12,00;0,00;batch-64-nhid-0-inlayer-12;NORMAL;79,22;81,11;93,10;88,26;84,07;88,40;69,22;83,34
145;allmpnet;AVG-NS+MAX-NS_SUM-3-4;two-tokens;AVG-NS+MAX-NS;SUM-3-4;4,00;torch.Size([61, 1536]);12,00;0,00;batch-64-nhid-0-inlayer-12;NORMAL;79,06;65,51;94,34;31,75;50,08;88,80;71,65;68,74
146;allmpnet;SUM-NS+MAX-NS_SUM-3-4;two-tokens;SUM-NS+MAX-NS;SUM-3-4;4,00;torch.Size([61, 1536]);12,00;0,00;batch-64-nhid-0-inlayer-12;NORMAL;78,87;65,35;93,16;31,75;50,08;89,20;69,97;68,34
147;allmpnet;CLS+AVG_SUM-4-5;two-tokens;CLS+AVG;SUM-4-5;4,00;torch.Size([61, 1536]);12,00;0,00;batch-64-nhid-0-inlayer-12;NORMAL;84,00;89,62;95,97;90,68;88,03;93,80;76,29;88,34
148;allmpnet;CLS+SUM_SUM-4-5;two-tokens;CLS+SUM;SUM-4-5;4,00;torch.Size([61, 1536]);12,00;0,00;batch-64-nhid-0-inlayer-12;NORMAL;82,97;85,12;93,71;88,99;87,92;92,80;70,84;86,05
149;allmpnet;CLS+MAX_SUM-4-5;two-tokens;CLS+MAX;SUM-4-5;4,00;torch.Size([61, 1536]);12,00;0,00;batch-64-nhid-0-inlayer-12;NORMAL;80,84;84,66;94,85;89,08;86,77;92,00;73,33;85,93
150;allmpnet;CLS+AVG-NS_SUM-4-5;two-tokens;CLS+AVG-NS;SUM-4-5;4,00;torch.Size([61, 1536]);12,00;0,00;batch-64-nhid-0-inlayer-12;NORMAL;83,00;87,98;95,66;89,43;86,66;91,20;72,52;86,64
151;allmpnet;CLS+SUM-NS_SUM-4-5;two-tokens;CLS+SUM-NS;SUM-4-5;4,00;torch.Size([61, 1536]);12,00;0,00;batch-64-nhid-0-inlayer-12;NORMAL;81,85;82,92;93,35;88,28;85,94;88,60;71,19;84,59
152;allmpnet;CLS+MAX-NS_SUM-4-5;two-tokens;CLS+MAX-NS;SUM-4-5;4,00;torch.Size([61, 1536]);12,00;0,00;batch-64-nhid-0-inlayer-12;NORMAL;80,39;65,69;94,64;31,75;50,08;88,80;72,29;69,09
153;allmpnet;AVG+SUM_SUM-4-5;two-tokens;AVG+SUM;SUM-4-5;4,00;torch.Size([61, 1536]);12,00;0,00;batch-64-nhid-0-inlayer-12;NORMAL;82,97;85,25;93,74;89,18;88,36;92,40;71,19;86,16
154;allmpnet;AVG+MAX_SUM-4-5;two-tokens;AVG+MAX;SUM-4-5;4,00;torch.Size([61, 1536]);12,00;0,00;batch-64-nhid-0-inlayer-12;NORMAL;82,23;87,02;95,11;89,79;86,66;93,80;72,58;86,74
155;allmpnet;AVG+AVG-NS_SUM-4-5;two-tokens;AVG+AVG-NS;SUM-4-5;4,00;torch.Size([61, 1536]);12,00;0,00;batch-64-nhid-0-inlayer-12;NORMAL;84,07;88,69;95,76;90,34;88,74;93,60;74,49;87,96
156;allmpnet;AVG+SUM-NS_SUM-4-5;two-tokens;AVG+SUM-NS;SUM-4-5;4,00;torch.Size([61, 1536]);12,00;0,00;batch-64-nhid-0-inlayer-12;NORMAL;81,92;82,97;93,41;89,53;87,31;89,80;70,26;85,03
157;allmpnet;AVG+MAX-NS_SUM-4-5;two-tokens;AVG+MAX-NS;SUM-4-5;4,00;torch.Size([61, 1536]);12,00;0,00;batch-64-nhid-0-inlayer-12;NORMAL;82,41;65,93;95,09;31,75;50,08;92,60;73,39;70,18
158;allmpnet;SUM+MAX_SUM-4-5;two-tokens;SUM+MAX;SUM-4-5;4,00;torch.Size([61, 1536]);12,00;0,00;batch-64-nhid-0-inlayer-12;NORMAL;82,74;85,35;93,74;88,65;88,19;93,20;70,49;86,05
159;allmpnet;SUM+AVG-NS_SUM-4-5;two-tokens;SUM+AVG-NS;SUM-4-5;4,00;torch.Size([61, 1536]);12,00;0,00;batch-64-nhid-0-inlayer-12;NORMAL;82,87;85,64;93,69;88,76;88,41;93,20;70,43;86,14
160;allmpnet;SUM+SUM-NS_SUM-4-5;two-tokens;SUM+SUM-NS;SUM-4-5;4,00;torch.Size([61, 1536]);12,00;0,00;batch-64-nhid-0-inlayer-12;NORMAL;82,03;85,93;94,10;88,14;87,81;92,80;70,72;85,93
161;allmpnet;SUM+MAX-NS_SUM-4-5;two-tokens;SUM+MAX-NS;SUM-4-5;4,00;torch.Size([61, 1536]);12,00;0,00;batch-64-nhid-0-inlayer-12;NORMAL;82,66;67,28;93,75;35,50;50,08;93,60;70,90;70,54
162;allmpnet;MAX+AVG-NS_SUM-4-5;two-tokens;MAX+AVG-NS;SUM-4-5;4,00;torch.Size([61, 1536]);12,00;0,00;batch-64-nhid-0-inlayer-12;NORMAL;81,22;85,65;94,96;89,14;86,49;93,80;70,26;85,93
163;allmpnet;MAX+SUM-NS_SUM-4-5;two-tokens;MAX+SUM-NS;SUM-4-5;4,00;torch.Size([61, 1536]);12,00;0,00;batch-64-nhid-0-inlayer-12;NORMAL;81,26;83,82;93,55;88,62;86,71;91,40;70,78;85,16
164;allmpnet;MAX+MAX-NS_SUM-4-5;two-tokens;MAX+MAX-NS;SUM-4-5;4,00;torch.Size([61, 1536]);12,00;0,00;batch-64-nhid-0-inlayer-12;NORMAL;79,66;65,51;93,87;31,75;50,08;92,00;72,75;69,37
165;allmpnet;AVG-NS+SUM-NS_SUM-4-5;two-tokens;AVG-NS+SUM-NS;SUM-4-5;4,00;torch.Size([61, 1536]);12,00;0,00;batch-64-nhid-0-inlayer-12;NORMAL;81,71;82,49;93,34;88,47;86,38;88,40;70,14;84,42
166;allmpnet;AVG-NS+MAX-NS_SUM-4-5;two-tokens;AVG-NS+MAX-NS;SUM-4-5;4,00;torch.Size([61, 1536]);12,00;0,00;batch-64-nhid-0-inlayer-12;NORMAL;81,37;65,77;94,75;31,75;50,08;90,20;71,88;69,40
167;allmpnet;SUM-NS+MAX-NS_SUM-4-5;two-tokens;SUM-NS+MAX-NS;SUM-4-5;4,00;torch.Size([61, 1536]);12,00;0,00;batch-64-nhid-0-inlayer-12;NORMAL;81,40;66,78;93,58;31,75;50,08;92,20;70,96;69,54
168;allmpnet;CLS+AVG_SUM-5-6;two-tokens;CLS+AVG;SUM-5-6;4,00;torch.Size([61, 1536]);12,00;0,00;batch-64-nhid-0-inlayer-12;NORMAL;85,25;91,15;96,37;91,07;89,79;93,80;76,29;89,10
169;allmpnet;CLS+SUM_SUM-5-6;two-tokens;CLS+SUM;SUM-5-6;4,00;torch.Size([61, 1536]);12,00;0,00;batch-64-nhid-0-inlayer-12;NORMAL;84,36;87,21;94,67;89,66;89,90;93,80;70,55;87,16
170;allmpnet;CLS+MAX_SUM-5-6;two-tokens;CLS+MAX;SUM-5-6;4,00;torch.Size([61, 1536]);12,00;0,00;batch-64-nhid-0-inlayer-12;NORMAL;82,74;88,03;95,51;90,02;89,13;92,60;74,09;87,45
171;allmpnet;CLS+AVG-NS_SUM-5-6;two-tokens;CLS+AVG-NS;SUM-5-6;4,00;torch.Size([61, 1536]);12,00;0,00;batch-64-nhid-0-inlayer-12;NORMAL;84,86;89,88;96,19;89,91;89,02;90,80;72,93;87,66
172;allmpnet;CLS+SUM-NS_SUM-5-6;two-tokens;CLS+SUM-NS;SUM-5-6;4,00;torch.Size([61, 1536]);12,00;0,00;batch-64-nhid-0-inlayer-12;NORMAL;83,30;85,27;94,37;89,04;88,52;90,80;69,97;85,90
173;allmpnet;CLS+MAX-NS_SUM-5-6;two-tokens;CLS+MAX-NS;SUM-5-6;4,00;torch.Size([61, 1536]);12,00;0,00;batch-64-nhid-0-inlayer-12;NORMAL;83,00;66,01;95,32;31,75;50,08;89,00;72,64;69,69
174;allmpnet;AVG+SUM_SUM-5-6;two-tokens;AVG+SUM;SUM-5-6;4,00;torch.Size([61, 1536]);12,00;0,00;batch-64-nhid-0-inlayer-12;NORMAL;84,36;87,08;94,63;89,54;90,01;94,00;70,49;87,16
175;allmpnet;AVG+MAX_SUM-5-6;two-tokens;AVG+MAX;SUM-5-6;4,00;torch.Size([61, 1536]);12,00;0,00;batch-64-nhid-0-inlayer-12;NORMAL;83,76;88,66;95,07;90,19;89,07;94,40;73,91;87,87
176;allmpnet;AVG+AVG-NS_SUM-5-6;two-tokens;AVG+AVG-NS;SUM-5-6;4,00;torch.Size([61, 1536]);12,00;0,00;batch-64-nhid-0-inlayer-12;NORMAL;85,11;90,54;96,02;90,42;90,17;94,40;74,38;88,72
177;allmpnet;AVG+SUM-NS_SUM-5-6;two-tokens;AVG+SUM-NS;SUM-5-6;4,00;torch.Size([61, 1536]);12,00;0,00;batch-64-nhid-0-inlayer-12;NORMAL;83,27;85,46;94,24;89,75;89,13;91,40;70,49;86,25
178;allmpnet;AVG+MAX-NS_SUM-5-6;two-tokens;AVG+MAX-NS;SUM-5-6;4,00;torch.Size([61, 1536]);12,00;0,00;batch-64-nhid-0-inlayer-12;NORMAL;84,13;65,90;95,27;31,75;50,08;93,60;73,28;70,57
179;allmpnet;SUM+MAX_SUM-5-6;two-tokens;SUM+MAX;SUM-5-6;4,00;torch.Size([61, 1536]);12,00;0,00;batch-64-nhid-0-inlayer-12;NORMAL;84,10;87,63;94,65;89,16;89,73;94,00;70,49;87,11
180;allmpnet;SUM+AVG-NS_SUM-5-6;two-tokens;SUM+AVG-NS;SUM-5-6;4,00;torch.Size([61, 1536]);12,00;0,00;batch-64-nhid-0-inlayer-12;NORMAL;84,23;87,36;94,62;89,19;89,79;93,80;70,14;87,02
181;allmpnet;SUM+SUM-NS_SUM-5-6;two-tokens;SUM+SUM-NS;SUM-5-6;4,00;torch.Size([61, 1536]);12,00;0,00;batch-64-nhid-0-inlayer-12;NORMAL;83,34;88,27;94,86;89,01;89,24;93,20;71,13;87,01
182;allmpnet;SUM+MAX-NS_SUM-5-6;two-tokens;SUM+MAX-NS;SUM-5-6;4,00;torch.Size([61, 1536]);12,00;0,00;batch-64-nhid-0-inlayer-12;NORMAL;83,98;80,18;94,60;35,50;50,08;94,00;70,67;72,72
183;allmpnet;MAX+AVG-NS_SUM-5-6;two-tokens;MAX+AVG-NS;SUM-5-6;4,00;torch.Size([61, 1536]);12,00;0,00;batch-64-nhid-0-inlayer-12;NORMAL;83,02;88,18;95,20;89,79;89,40;94,60;73,97;87,74
184;allmpnet;MAX+SUM-NS_SUM-5-6;two-tokens;MAX+SUM-NS;SUM-5-6;4,00;torch.Size([61, 1536]);12,00;0,00;batch-64-nhid-0-inlayer-12;NORMAL;82,92;85,85;94,34;89,03;89,07;92,60;70,20;86,29
185;allmpnet;MAX+MAX-NS_SUM-5-6;two-tokens;MAX+MAX-NS;SUM-5-6;4,00;torch.Size([61, 1536]);12,00;0,00;batch-64-nhid-0-inlayer-12;NORMAL;80,81;65,93;93,93;31,75;50,08;91,80;73,45;69,68
186;allmpnet;AVG-NS+SUM-NS_SUM-5-6;two-tokens;AVG-NS+SUM-NS;SUM-5-6;4,00;torch.Size([61, 1536]);12,00;0,00;batch-64-nhid-0-inlayer-12;NORMAL;83,12;85,22;94,15;88,76;89,07;90,40;70,32;85,86
187;allmpnet;AVG-NS+MAX-NS_SUM-5-6;two-tokens;AVG-NS+MAX-NS;SUM-5-6;4,00;torch.Size([61, 1536]);12,00;0,00;batch-64-nhid-0-inlayer-12;NORMAL;83,10;65,83;95,00;31,75;50,08;89,80;72,87;69,78
188;allmpnet;SUM-NS+MAX-NS_SUM-5-6;two-tokens;SUM-NS+MAX-NS;SUM-5-6;4,00;torch.Size([61, 1536]);12,00;0,00;batch-64-nhid-0-inlayer-12;NORMAL;82,76;67,20;94,19;35,50;50,08;91,80;69,80;70,19
189;allmpnet;CLS+AVG_SUM-6-7;two-tokens;CLS+AVG;SUM-6-7;4,00;torch.Size([61, 1536]);12,00;0,00;batch-64-nhid-0-inlayer-12;NORMAL;85,77;92,00;96,52;90,88;90,83;94,40;74,43;89,26
190;allmpnet;CLS+SUM_SUM-6-7;two-tokens;CLS+SUM;SUM-6-7;4,00;torch.Size([61, 1536]);12,00;0,00;batch-64-nhid-0-inlayer-12;NORMAL;84,96;88,08;94,66;89,35;90,77;92,80;68,41;87,00
191;allmpnet;CLS+MAX_SUM-6-7;two-tokens;CLS+MAX;SUM-6-7;4,00;torch.Size([61, 1536]);12,00;0,00;batch-64-nhid-0-inlayer-12;NORMAL;83,78;89,56;95,44;89,47;91,16;90,80;74,09;87,76
192;allmpnet;CLS+AVG-NS_SUM-6-7;two-tokens;CLS+AVG-NS;SUM-6-7;4,00;torch.Size([61, 1536]);12,00;0,00;batch-64-nhid-0-inlayer-12;NORMAL;85,60;91,05;96,39;89,94;90,39;91,40;73,22;88,28
193;allmpnet;CLS+SUM-NS_SUM-6-7;two-tokens;CLS+SUM-NS;SUM-6-7;4,00;torch.Size([61, 1536]);12,00;0,00;batch-64-nhid-0-inlayer-12;NORMAL;83,89;87,50;94,51;89,17;89,62;90,40;69,68;86,40
194;allmpnet;CLS+MAX-NS_SUM-6-7;two-tokens;CLS+MAX-NS;SUM-6-7;4,00;torch.Size([61, 1536]);12,00;0,00;batch-64-nhid-0-inlayer-12;NORMAL;83,87;66,22;95,56;31,75;50,08;88,00;72,93;69,77
195;allmpnet;AVG+SUM_SUM-6-7;two-tokens;AVG+SUM;SUM-6-7;4,00;torch.Size([61, 1536]);12,00;0,00;batch-64-nhid-0-inlayer-12;NORMAL;84,85;87,71;94,49;89,55;89,95;93,00;69,16;86,96
196;allmpnet;AVG+MAX_SUM-6-7;two-tokens;AVG+MAX;SUM-6-7;4,00;torch.Size([61, 1536]);12,00;0,00;batch-64-nhid-0-inlayer-12;NORMAL;84,74;89,54;95,23;90,06;91,21;94,60;73,97;88,48
197;allmpnet;AVG+AVG-NS_SUM-6-7;two-tokens;AVG+AVG-NS;SUM-6-7;4,00;torch.Size([61, 1536]);12,00;0,00;batch-64-nhid-0-inlayer-12;NORMAL;85,82;90,99;96,11;90,35;90,77;94,60;73,86;88,93
198;allmpnet;AVG+SUM-NS_SUM-6-7;two-tokens;AVG+SUM-NS;SUM-6-7;4,00;torch.Size([61, 1536]);12,00;0,00;batch-64-nhid-0-inlayer-12;NORMAL;83,83;87,05;94,41;89,82;89,79;90,80;69,80;86,50
199;allmpnet;AVG+MAX-NS_SUM-6-7;two-tokens;AVG+MAX-NS;SUM-6-7;4,00;torch.Size([61, 1536]);12,00;0,00;batch-64-nhid-0-inlayer-12;NORMAL;84,95;65,98;95,36;31,75;50,08;93,80;73,45;70,77
200;allmpnet;SUM+MAX_SUM-6-7;two-tokens;SUM+MAX;SUM-6-7;4,00;torch.Size([61, 1536]);12,00;0,00;batch-64-nhid-0-inlayer-12;NORMAL;84,56;87,79;94,53;89,03;90,23;93,40;69,33;86,98
201;allmpnet;SUM+AVG-NS_SUM-6-7;two-tokens;SUM+AVG-NS;SUM-6-7;4,00;torch.Size([61, 1536]);12,00;0,00;batch-64-nhid-0-inlayer-12;NORMAL;84,80;87,81;94,62;89,03;90,17;93,20;69,57;87,03
202;allmpnet;SUM+SUM-NS_SUM-6-7;two-tokens;SUM+SUM-NS;SUM-6-7;4,00;torch.Size([61, 1536]);12,00;0,00;batch-64-nhid-0-inlayer-12;NORMAL;83,69;88,72;94,81;88,99;89,40;93,80;69,68;87,01
203;allmpnet;SUM+MAX-NS_SUM-6-7;two-tokens;SUM+MAX-NS;SUM-6-7;4,00;torch.Size([61, 1536]);12,00;0,00;batch-64-nhid-0-inlayer-12;NORMAL;84,69;85,03;94,44;35,50;50,08;93,20;68,81;73,11
204;allmpnet;MAX+AVG-NS_SUM-6-7;two-tokens;MAX+AVG-NS;SUM-6-7;4,00;torch.Size([61, 1536]);12,00;0,00;batch-64-nhid-0-inlayer-12;NORMAL;84,09;89,09;95,19;89,49;90,66;93,60;73,57;87,96
205;allmpnet;MAX+SUM-NS_SUM-6-7;two-tokens;MAX+SUM-NS;SUM-6-7;4,00;torch.Size([61, 1536]);12,00;0,00;batch-64-nhid-0-inlayer-12;NORMAL;83,45;87,60;94,47;88,73;89,35;92,00;69,86;86,49
206;allmpnet;MAX+MAX-NS_SUM-6-7;two-tokens;MAX+MAX-NS;SUM-6-7;4,00;torch.Size([61, 1536]);12,00;0,00;batch-64-nhid-0-inlayer-12;NORMAL;82,56;66,09;94,28;31,75;50,08;92,40;73,04;70,03
207;allmpnet;AVG-NS+SUM-NS_SUM-6-7;two-tokens;AVG-NS+SUM-NS;SUM-6-7;4,00;torch.Size([61, 1536]);12,00;0,00;batch-64-nhid-0-inlayer-12;NORMAL;83,82;86,65;94,28;88,94;89,40;90,40;69,28;86,11
208;allmpnet;AVG-NS+MAX-NS_SUM-6-7;two-tokens;AVG-NS+MAX-NS;SUM-6-7;4,00;torch.Size([61, 1536]);12,00;0,00;batch-64-nhid-0-inlayer-12;NORMAL;84,23;65,96;94,97;31,75;50,08;89,00;73,04;69,86
209;allmpnet;SUM-NS+MAX-NS_SUM-6-7;two-tokens;SUM-NS+MAX-NS;SUM-6-7;4,00;torch.Size([61, 1536]);12,00;0,00;batch-64-nhid-0-inlayer-12;NORMAL;83,30;66,06;94,34;35,50;50,08;91,40;70,32;70,14
210;allmpnet;CLS+AVG_SUM-7-8;two-tokens;CLS+AVG;SUM-7-8;4,00;torch.Size([61, 1536]);12,00;0,00;batch-64-nhid-0-inlayer-12;NORMAL;86,46;91,68;96,46;90,82;91,60;95,00;75,83;89,69
211;allmpnet;CLS+SUM_SUM-7-8;two-tokens;CLS+SUM;SUM-7-8;4,00;torch.Size([61, 1536]);12,00;0,00;batch-64-nhid-0-inlayer-12;NORMAL;85,12;87,89;94,59;89,46;91,21;93,40;69,68;87,34
212;allmpnet;CLS+MAX_SUM-7-8;two-tokens;CLS+MAX;SUM-7-8;4,00;torch.Size([61, 1536]);12,00;0,00;batch-64-nhid-0-inlayer-12;NORMAL;84,52;89,96;95,61;89,30;91,32;92,80;72,81;88,05
213;allmpnet;CLS+AVG-NS_SUM-7-8;two-tokens;CLS+AVG-NS;SUM-7-8;4,00;torch.Size([61, 1536]);12,00;0,00;batch-64-nhid-0-inlayer-12;NORMAL;85,99;91,39;96,34;90,05;90,88;91,80;71,48;88,28
214;allmpnet;CLS+SUM-NS_SUM-7-8;two-tokens;CLS+SUM-NS;SUM-7-8;4,00;torch.Size([61, 1536]);12,00;0,00;batch-64-nhid-0-inlayer-12;NORMAL;84,60;88,11;94,45;89,10;89,95;89,40;69,10;86,39
215;allmpnet;CLS+MAX-NS_SUM-7-8;two-tokens;CLS+MAX-NS;SUM-7-8;4,00;torch.Size([61, 1536]);12,00;0,00;batch-64-nhid-0-inlayer-12;NORMAL;84,42;66,22;95,17;31,75;50,08;88,40;71,94;69,71
216;allmpnet;AVG+SUM_SUM-7-8;two-tokens;AVG+SUM;SUM-7-8;4,00;torch.Size([61, 1536]);12,00;0,00;batch-64-nhid-0-inlayer-12;NORMAL;85,18;88,05;94,56;89,54;90,33;93,80;68,99;87,21
217;allmpnet;AVG+MAX_SUM-7-8;two-tokens;AVG+MAX;SUM-7-8;4,00;torch.Size([61, 1536]);12,00;0,00;batch-64-nhid-0-inlayer-12;NORMAL;84,66;90,41;95,36;90,11;91,71;94,60;73,10;88,56
218;allmpnet;AVG+AVG-NS_SUM-7-8;two-tokens;AVG+AVG-NS;SUM-7-8;4,00;torch.Size([61, 1536]);12,00;0,00;batch-64-nhid-0-inlayer-12;NORMAL;86,12;91,31;96,04;90,26;91,38;95,40;71,65;88,88
219;allmpnet;AVG+SUM-NS_SUM-7-8;two-tokens;AVG+SUM-NS;SUM-7-8;4,00;torch.Size([61, 1536]);12,00;0,00;batch-64-nhid-0-inlayer-12;NORMAL;84,64;87,76;94,22;89,67;89,62;90,40;69,39;86,53
220;allmpnet;AVG+MAX-NS_SUM-7-8;two-tokens;AVG+MAX-NS;SUM-7-8;4,00;torch.Size([61, 1536]);12,00;0,00;batch-64-nhid-0-inlayer-12;NORMAL;85,02;66,30;95,36;31,75;50,08;92,40;72,12;70,43
221;allmpnet;SUM+MAX_SUM-7-8;two-tokens;SUM+MAX;SUM-7-8;4,00;torch.Size([61, 1536]);12,00;0,00;batch-64-nhid-0-inlayer-12;NORMAL;85,10;88,37;94,36;88,88;90,72;94,40;68,17;87,14
222;allmpnet;SUM+AVG-NS_SUM-7-8;two-tokens;SUM+AVG-NS;SUM-7-8;4,00;torch.Size([61, 1536]);12,00;0,00;batch-64-nhid-0-inlayer-12;NORMAL;85,14;88,10;94,41;88,93;90,99;94,20;68,64;87,20
223;allmpnet;SUM+SUM-NS_SUM-7-8;two-tokens;SUM+SUM-NS;SUM-7-8;4,00;torch.Size([61, 1536]);12,00;0,00;batch-64-nhid-0-inlayer-12;NORMAL;84,16;88,85;94,82;88,50;90,44;94,00;69,86;87,23
224;allmpnet;SUM+MAX-NS_SUM-7-8;two-tokens;SUM+MAX-NS;SUM-7-8;4,00;torch.Size([61, 1536]);12,00;0,00;batch-64-nhid-0-inlayer-12;NORMAL;84,93;88,56;94,45;35,50;50,08;93,80;68,17;73,64
225;allmpnet;MAX+AVG-NS_SUM-7-8;two-tokens;MAX+AVG-NS;SUM-7-8;4,00;torch.Size([61, 1536]);12,00;0,00;batch-64-nhid-0-inlayer-12;NORMAL;84,23;89,70;95,19;89,34;91,32;93,20;71,94;87,85
226;allmpnet;MAX+SUM-NS_SUM-7-8;two-tokens;MAX+SUM-NS;SUM-7-8;4,00;torch.Size([61, 1536]);12,00;0,00;batch-64-nhid-0-inlayer-12;NORMAL;84,03;88,32;94,45;88,86;89,84;91,80;69,68;86,71
227;allmpnet;MAX+MAX-NS_SUM-7-8;two-tokens;MAX+MAX-NS;SUM-7-8;4,00;torch.Size([61, 1536]);12,00;0,00;batch-64-nhid-0-inlayer-12;NORMAL;83,24;66,14;94,17;31,75;50,08;92,00;71,77;69,88
228;allmpnet;AVG-NS+SUM-NS_SUM-7-8;two-tokens;AVG-NS+SUM-NS;SUM-7-8;4,00;torch.Size([61, 1536]);12,00;0,00;batch-64-nhid-0-inlayer-12;NORMAL;84,50;87,55;94,26;89,00;90,33;90,00;69,68;86,47
229;allmpnet;AVG-NS+MAX-NS_SUM-7-8;two-tokens;AVG-NS+MAX-NS;SUM-7-8;4,00;torch.Size([61, 1536]);12,00;0,00;batch-64-nhid-0-inlayer-12;NORMAL;84,46;66,17;94,89;31,75;50,08;87,80;71,42;69,51
230;allmpnet;SUM-NS+MAX-NS_SUM-7-8;two-tokens;SUM-NS+MAX-NS;SUM-7-8;4,00;torch.Size([61, 1536]);12,00;0,00;batch-64-nhid-0-inlayer-12;NORMAL;83,96;66,25;94,22;35,50;50,08;90,20;69,68;69,98
231;allmpnet;CLS+AVG_SUM-8-9;two-tokens;CLS+AVG;SUM-8-9;4,00;torch.Size([61, 1536]);12,00;0,00;batch-64-nhid-0-inlayer-12;NORMAL;86,88;91,92;96,10;90,68;91,49;96,40;74,84;89,76
232;allmpnet;CLS+SUM_SUM-8-9;two-tokens;CLS+SUM;SUM-8-9;4,00;torch.Size([61, 1536]);12,00;0,00;batch-64-nhid-0-inlayer-12;NORMAL;85,50;88,37;94,32;89,08;90,99;95,00;70,84;87,73
233;allmpnet;CLS+MAX_SUM-8-9;two-tokens;CLS+MAX;SUM-8-9;4,00;torch.Size([61, 1536]);12,00;0,00;batch-64-nhid-0-inlayer-12;NORMAL;85,73;89,72;94,94;89,28;91,16;93,20;72,23;88,04
234;allmpnet;CLS+AVG-NS_SUM-8-9;two-tokens;CLS+AVG-NS;SUM-8-9;4,00;torch.Size([61, 1536]);12,00;0,00;batch-64-nhid-0-inlayer-12;NORMAL;86,39;91,50;95,86;89,85;91,27;91,80;73,62;88,61
235;allmpnet;CLS+SUM-NS_SUM-8-9;two-tokens;CLS+SUM-NS;SUM-8-9;4,00;torch.Size([61, 1536]);12,00;0,00;batch-64-nhid-0-inlayer-12;NORMAL;84,92;87,26;94,16;88,55;89,68;92,00;70,43;86,71
236;allmpnet;CLS+MAX-NS_SUM-8-9;two-tokens;CLS+MAX-NS;SUM-8-9;4,00;torch.Size([61, 1536]);12,00;0,00;batch-64-nhid-0-inlayer-12;NORMAL;85,08;66,14;94,69;39,00;50,08;87,80;70,72;70,50
237;allmpnet;AVG+SUM_SUM-8-9;two-tokens;AVG+SUM;SUM-8-9;4,00;torch.Size([61, 1536]);12,00;0,00;batch-64-nhid-0-inlayer-12;NORMAL;85,49;88,26;94,33;88,82;91,32;94,80;71,48;87,79
238;allmpnet;AVG+MAX_SUM-8-9;two-tokens;AVG+MAX;SUM-8-9;4,00;torch.Size([61, 1536]);12,00;0,00;batch-64-nhid-0-inlayer-12;NORMAL;86,02;90,20;95,52;89,98;91,43;94,60;72,23;88,57
239;allmpnet;AVG+AVG-NS_SUM-8-9;two-tokens;AVG+AVG-NS;SUM-8-9;4,00;torch.Size([61, 1536]);12,00;0,00;batch-64-nhid-0-inlayer-12;NORMAL;86,43;91,34;95,84;90,11;91,43;96,00;73,62;89,25
240;allmpnet;AVG+SUM-NS_SUM-8-9;two-tokens;AVG+SUM-NS;SUM-8-9;4,00;torch.Size([61, 1536]);12,00;0,00;batch-64-nhid-0-inlayer-12;NORMAL;84,91;87,29;94,27;89,05;89,95;93,60;70,78;87,12
241;allmpnet;AVG+MAX-NS_SUM-8-9;two-tokens;AVG+MAX-NS;SUM-8-9;4,00;torch.Size([61, 1536]);12,00;0,00;batch-64-nhid-0-inlayer-12;NORMAL;85,62;66,33;95,21;39,00;50,08;93,40;71,25;71,56
242;allmpnet;SUM+MAX_SUM-8-9;two-tokens;SUM+MAX;SUM-8-9;4,00;torch.Size([61, 1536]);12,00;0,00;batch-64-nhid-0-inlayer-12;NORMAL;85,17;88,21;94,42;88,85;91,21;95,00;70,20;87,58
243;allmpnet;SUM+AVG-NS_SUM-8-9;two-tokens;SUM+AVG-NS;SUM-8-9;4,00;torch.Size([61, 1536]);12,00;0,00;batch-64-nhid-0-inlayer-12;NORMAL;85,46;88,61;94,48;88,69;90,77;94,80;70,96;87,68
244;allmpnet;SUM+SUM-NS_SUM-8-9;two-tokens;SUM+SUM-NS;SUM-8-9;4,00;torch.Size([61, 1536]);12,00;0,00;batch-64-nhid-0-inlayer-12;NORMAL;84,60;88,61;94,62;88,32;91,05;96,00;70,55;87,68
245;allmpnet;SUM+MAX-NS_SUM-8-9;two-tokens;SUM+MAX-NS;SUM-8-9;4,00;torch.Size([61, 1536]);12,00;0,00;batch-64-nhid-0-inlayer-12;NORMAL;85,21;87,55;94,41;42,20;50,08;95,40;70,96;75,12
246;allmpnet;MAX+AVG-NS_SUM-8-9;two-tokens;MAX+AVG-NS;SUM-8-9;4,00;torch.Size([61, 1536]);12,00;0,00;batch-64-nhid-0-inlayer-12;NORMAL;85,39;89,62;95,38;89,57;90,88;94,00;72,12;88,14
247;allmpnet;MAX+SUM-NS_SUM-8-9;two-tokens;MAX+SUM-NS;SUM-8-9;4,00;torch.Size([61, 1536]);12,00;0,00;batch-64-nhid-0-inlayer-12;NORMAL;84,62;88,08;94,23;88,51;90,28;94,40;70,38;87,21
248;allmpnet;MAX+MAX-NS_SUM-8-9;two-tokens;MAX+MAX-NS;SUM-8-9;4,00;torch.Size([61, 1536]);12,00;0,00;batch-64-nhid-0-inlayer-12;NORMAL;84,38;66,06;94,28;39,00;50,08;92,80;72,17;71,25
249;allmpnet;AVG-NS+SUM-NS_SUM-8-9;two-tokens;AVG-NS+SUM-NS;SUM-8-9;4,00;torch.Size([61, 1536]);12,00;0,00;batch-64-nhid-0-inlayer-12;NORMAL;84,72;87,23;94,12;88,68;90,23;92,20;70,26;86,78
250;allmpnet;AVG-NS+MAX-NS_SUM-8-9;two-tokens;AVG-NS+MAX-NS;SUM-8-9;4,00;torch.Size([61, 1536]);12,00;0,00;batch-64-nhid-0-inlayer-12;NORMAL;84,85;66,14;94,99;39,00;50,08;92,00;70,67;71,10
251;allmpnet;SUM-NS+MAX-NS_SUM-8-9;two-tokens;SUM-NS+MAX-NS;SUM-8-9;4,00;torch.Size([61, 1536]);12,00;0,00;batch-64-nhid-0-inlayer-12;NORMAL;84,40;67,76;94,19;42,20;50,08;93,80;70,49;71,85
252;allmpnet;CLS+AVG_SUM-9-10;two-tokens;CLS+AVG;SUM-9-10;4,00;torch.Size([61, 1536]);12,00;0,00;batch-64-nhid-0-inlayer-12;NORMAL;86,67;92,00;95,71;90,45;91,16;96,40;75,07;89,64
253;allmpnet;CLS+SUM_SUM-9-10;two-tokens;CLS+SUM;SUM-9-10;4,00;torch.Size([61, 1536]);12,00;0,00;batch-64-nhid-0-inlayer-12;NORMAL;85,22;88,50;94,18;88,71;90,39;96,20;71,13;87,76
254;allmpnet;CLS+MAX_SUM-9-10;two-tokens;CLS+MAX;SUM-9-10;4,00;torch.Size([61, 1536]);12,00;0,00;batch-64-nhid-0-inlayer-12;NORMAL;84,49;89,08;94,25;89,07;90,99;93,60;72,12;87,66
255;allmpnet;CLS+AVG-NS_SUM-9-10;two-tokens;CLS+AVG-NS;SUM-9-10;4,00;torch.Size([61, 1536]);12,00;0,00;batch-64-nhid-0-inlayer-12;NORMAL;86,28;90,67;95,47;89,71;90,72;93,00;73,39;88,46
256;allmpnet;CLS+SUM-NS_SUM-9-10;two-tokens;CLS+SUM-NS;SUM-9-10;4,00;torch.Size([61, 1536]);12,00;0,00;batch-64-nhid-0-inlayer-12;NORMAL;84,76;87,34;94,05;88,58;89,95;91,80;69,86;86,62
257;allmpnet;CLS+MAX-NS_SUM-9-10;two-tokens;CLS+MAX-NS;SUM-9-10;4,00;torch.Size([61, 1536]);12,00;0,00;batch-64-nhid-0-inlayer-12;NORMAL;83,58;65,85;93,49;40,06;50,03;88,80;70,32;70,30
258;allmpnet;AVG+SUM_SUM-9-10;two-tokens;AVG+SUM;SUM-9-10;4,00;torch.Size([61, 1536]);12,00;0,00;batch-64-nhid-0-inlayer-12;NORMAL;85,17;88,21;94,18;88,83;90,33;95,80;70,67;87,60
259;allmpnet;AVG+MAX_SUM-9-10;two-tokens;AVG+MAX;SUM-9-10;4,00;torch.Size([61, 1536]);12,00;0,00;batch-64-nhid-0-inlayer-12;NORMAL;85,73;90,70;95,29;89,70;91,54;94,60;71,65;88,46
260;allmpnet;AVG+AVG-NS_SUM-9-10;two-tokens;AVG+AVG-NS;SUM-9-10;4,00;torch.Size([61, 1536]);12,00;0,00;batch-64-nhid-0-inlayer-12;NORMAL;86,45;91,44;95,61;90,05;91,32;96,20;74,20;89,32
261;allmpnet;AVG+SUM-NS_SUM-9-10;two-tokens;AVG+SUM-NS;SUM-9-10;4,00;torch.Size([61, 1536]);12,00;0,00;batch-64-nhid-0-inlayer-12;NORMAL;84,71;87,39;94,02;89,29;90,44;93,40;69,86;87,02
262;allmpnet;AVG+MAX-NS_SUM-9-10;two-tokens;AVG+MAX-NS;SUM-9-10;4,00;torch.Size([61, 1536]);12,00;0,00;batch-64-nhid-0-inlayer-12;NORMAL;85,90;66,28;95,08;40,06;50,03;94,00;72,12;71,92
263;allmpnet;SUM+MAX_SUM-9-10;two-tokens;SUM+MAX;SUM-9-10;4,00;torch.Size([61, 1536]);12,00;0,00;batch-64-nhid-0-inlayer-12;NORMAL;85,12;88,29;94,11;88,32;90,94;96,20;70,90;87,70
264;allmpnet;SUM+AVG-NS_SUM-9-10;two-tokens;SUM+AVG-NS;SUM-9-10;4,00;torch.Size([61, 1536]);12,00;0,00;batch-64-nhid-0-inlayer-12;NORMAL;85,06;88,37;94,17;88,64;90,99;96,20;71,54;87,85
265;allmpnet;SUM+SUM-NS_SUM-9-10;two-tokens;SUM+SUM-NS;SUM-9-10;4,00;torch.Size([61, 1536]);12,00;0,00;batch-64-nhid-0-inlayer-12;NORMAL;84,80;89,06;94,20;88,34;90,77;96,40;70,20;87,68
266;allmpnet;SUM+MAX-NS_SUM-9-10;two-tokens;SUM+MAX-NS;SUM-9-10;4,00;torch.Size([61, 1536]);12,00;0,00;batch-64-nhid-0-inlayer-12;NORMAL;84,82;84,85;94,14;43,09;50,03;96,20;70,67;74,83
267;allmpnet;MAX+AVG-NS_SUM-9-10;two-tokens;MAX+AVG-NS;SUM-9-10;4,00;torch.Size([61, 1536]);12,00;0,00;batch-64-nhid-0-inlayer-12;NORMAL;85,09;90,41;95,14;89,35;90,88;94,40;71,94;88,17
268;allmpnet;MAX+SUM-NS_SUM-9-10;two-tokens;MAX+SUM-NS;SUM-9-10;4,00;torch.Size([61, 1536]);12,00;0,00;batch-64-nhid-0-inlayer-12;NORMAL;84,59;88,16;94,08;88,79;90,28;94,40;70,14;87,21
269;allmpnet;MAX+MAX-NS_SUM-9-10;two-tokens;MAX+MAX-NS;SUM-9-10;4,00;torch.Size([61, 1536]);12,00;0,00;batch-64-nhid-0-inlayer-12;NORMAL;83,89;66,09;93,83;40,06;50,03;93,00;71,71;71,23
270;allmpnet;AVG-NS+SUM-NS_SUM-9-10;two-tokens;AVG-NS+SUM-NS;SUM-9-10;4,00;torch.Size([61, 1536]);12,00;0,00;batch-64-nhid-0-inlayer-12;NORMAL;84,75;86,97;93,92;88,45;90,33;91,40;69,86;86,53
271;allmpnet;AVG-NS+MAX-NS_SUM-9-10;two-tokens;AVG-NS+MAX-NS;SUM-9-10;4,00;torch.Size([61, 1536]);12,00;0,00;batch-64-nhid-0-inlayer-12;NORMAL;85,02;66,20;95,03;40,06;50,03;91,20;71,30;71,26
272;allmpnet;SUM-NS+MAX-NS_SUM-9-10;two-tokens;SUM-NS+MAX-NS;SUM-9-10;4,00;torch.Size([61, 1536]);12,00;0,00;batch-64-nhid-0-inlayer-12;NORMAL;84,48;66,09;94,02;43,09;50,03;92,40;70,20;71,47
273;allmpnet;CLS+AVG_SUM-10-11;two-tokens;CLS+AVG;SUM-10-11;4,00;torch.Size([61, 1536]);12,00;0,00;batch-64-nhid-0-inlayer-12;NORMAL;86,33;91,28;95,55;90,51;90,28;95,60;74,67;89,17
274;allmpnet;CLS+SUM_SUM-10-11;two-tokens;CLS+SUM;SUM-10-11;4,00;torch.Size([61, 1536]);12,00;0,00;batch-64-nhid-0-inlayer-12;NORMAL;84,51;88,13;93,99;88,81;90,17;95,40;70,72;87,39
275;allmpnet;CLS+MAX_SUM-10-11;two-tokens;CLS+MAX;SUM-10-11;4,00;torch.Size([61, 1536]);12,00;0,00;batch-64-nhid-0-inlayer-12;NORMAL;83,84;88,13;93,87;88,92;90,12;94,80;71,83;87,36
276;allmpnet;CLS+AVG-NS_SUM-10-11;two-tokens;CLS+AVG-NS;SUM-10-11;4,00;torch.Size([61, 1536]);12,00;0,00;batch-64-nhid-0-inlayer-12;NORMAL;85,67;90,04;95,37;89,37;90,01;93,00;73,28;88,11
277;allmpnet;CLS+SUM-NS_SUM-10-11;two-tokens;CLS+SUM-NS;SUM-10-11;4,00;torch.Size([61, 1536]);12,00;0,00;batch-64-nhid-0-inlayer-12;NORMAL;84,54;87,18;93,80;88,58;90,28;89,00;70,90;86,33
278;allmpnet;CLS+MAX-NS_SUM-10-11;two-tokens;CLS+MAX-NS;SUM-10-11;4,00;torch.Size([61, 1536]);12,00;0,00;batch-64-nhid-0-inlayer-12;NORMAL;83,54;66,14;93,33;39,89;50,08;89,20;69,68;70,27
279;allmpnet;AVG+SUM_SUM-10-11;two-tokens;AVG+SUM;SUM-10-11;4,00;torch.Size([61, 1536]);12,00;0,00;batch-64-nhid-0-inlayer-12;NORMAL;84,44;88,16;94,08;88,88;89,95;94,60;71,59;87,39
280;allmpnet;AVG+MAX_SUM-10-11;two-tokens;AVG+MAX;SUM-10-11;4,00;torch.Size([61, 1536]);12,00;0,00;batch-64-nhid-0-inlayer-12;NORMAL;85,64;89,83;95,03;89,47;90,88;95,80;73,28;88,56
281;allmpnet;AVG+AVG-NS_SUM-10-11;two-tokens;AVG+AVG-NS;SUM-10-11;4,00;torch.Size([61, 1536]);12,00;0,00;batch-64-nhid-0-inlayer-12;NORMAL;86,21;90,81;95,57;89,69;90,39;95,80;74,09;88,94
282;allmpnet;AVG+SUM-NS_SUM-10-11;two-tokens;AVG+SUM-NS;SUM-10-11;4,00;torch.Size([61, 1536]);12,00;0,00;batch-64-nhid-0-inlayer-12;NORMAL;84,68;87,42;93,92;89,22;89,68;91,80;71,13;86,84
283;allmpnet;AVG+MAX-NS_SUM-10-11;two-tokens;AVG+MAX-NS;SUM-10-11;4,00;torch.Size([61, 1536]);12,00;0,00;batch-64-nhid-0-inlayer-12;NORMAL;85,17;66,17;94,95;39,89;50,08;95,60;71,94;71,97
284;allmpnet;SUM+MAX_SUM-10-11;two-tokens;SUM+MAX;SUM-10-11;4,00;torch.Size([61, 1536]);12,00;0,00;batch-64-nhid-0-inlayer-12;NORMAL;84,44;88,32;94,14;88,38;90,23;95,60;71,13;87,46
285;allmpnet;SUM+AVG-NS_SUM-10-11;two-tokens;SUM+AVG-NS;SUM-10-11;4,00;torch.Size([61, 1536]);12,00;0,00;batch-64-nhid-0-inlayer-12;NORMAL;84,64;87,97;94,14;88,32;89,95;95,20;70,84;87,29
286;allmpnet;SUM+SUM-NS_SUM-10-11;two-tokens;SUM+SUM-NS;SUM-10-11;4,00;torch.Size([61, 1536]);12,00;0,00;batch-64-nhid-0-inlayer-12;NORMAL;84,20;88,37;93,90;88,12;90,39;95,20;70,43;87,23
287;allmpnet;SUM+MAX-NS_SUM-10-11;two-tokens;SUM+MAX-NS;SUM-10-11;4,00;torch.Size([61, 1536]);12,00;0,00;batch-64-nhid-0-inlayer-12;NORMAL;84,63;81,54;94,02;42,91;50,08;95,60;70,84;74,23
288;allmpnet;MAX+AVG-NS_SUM-10-11;two-tokens;MAX+AVG-NS;SUM-10-11;4,00;torch.Size([61, 1536]);12,00;0,00;batch-64-nhid-0-inlayer-12;NORMAL;85,18;89,64;94,90;89,28;90,50;95,20;73,22;88,27
289;allmpnet;MAX+SUM-NS_SUM-10-11;two-tokens;MAX+SUM-NS;SUM-10-11;4,00;torch.Size([61, 1536]);12,00;0,00;batch-64-nhid-0-inlayer-12;NORMAL;84,60;87,95;93,78;88,43;89,57;92,80;71,54;86,95
290;allmpnet;MAX+MAX-NS_SUM-10-11;two-tokens;MAX+MAX-NS;SUM-10-11;4,00;torch.Size([61, 1536]);12,00;0,00;batch-64-nhid-0-inlayer-12;NORMAL;83,59;66,22;93,52;39,89;50,08;94,00;71,01;71,19
291;allmpnet;AVG-NS+SUM-NS_SUM-10-11;two-tokens;AVG-NS+SUM-NS;SUM-10-11;4,00;torch.Size([61, 1536]);12,00;0,00;batch-64-nhid-0-inlayer-12;NORMAL;84,61;87,18;93,86;88,20;89,40;89,80;71,25;86,33
292;allmpnet;AVG-NS+MAX-NS_SUM-10-11;two-tokens;AVG-NS+MAX-NS;SUM-10-11;4,00;torch.Size([61, 1536]);12,00;0,00;batch-64-nhid-0-inlayer-12;NORMAL;84,52;66,01;94,74;39,89;50,08;91,00;72,46;71,24
293;allmpnet;SUM-NS+MAX-NS_SUM-10-11;two-tokens;SUM-NS+MAX-NS;SUM-10-11;4,00;torch.Size([61, 1536]);12,00;0,00;batch-64-nhid-0-inlayer-12;NORMAL;84,54;69,83;93,89;42,91;50,08;91,00;71,48;71,96
294;allmpnet;CLS+AVG_SUM-11-12;two-tokens;CLS+AVG;SUM-11-12;4,00;torch.Size([61, 1536]);12,00;0,00;batch-64-nhid-0-inlayer-12;NORMAL;85,70;89,64;95,24;90,36;90,12;97,00;75,30;89,05
295;allmpnet;CLS+SUM_SUM-11-12;two-tokens;CLS+SUM;SUM-11-12;4,00;torch.Size([61, 1536]);12,00;0,00;batch-64-nhid-0-inlayer-12;NORMAL;84,18;86,99;93,73;89,04;89,57;94,60;72,00;87,16
296;allmpnet;CLS+MAX_SUM-11-12;two-tokens;CLS+MAX;SUM-11-12;4,00;torch.Size([61, 1536]);12,00;0,00;batch-64-nhid-0-inlayer-12;NORMAL;84,71;88,40;94,24;89,68;89,02;95,20;71,25;87,50
297;allmpnet;CLS+AVG-NS_SUM-11-12;two-tokens;CLS+AVG-NS;SUM-11-12;4,00;torch.Size([61, 1536]);12,00;0,00;batch-64-nhid-0-inlayer-12;NORMAL;85,52;89,35;95,14;89,81;89,73;93,40;74,67;88,23
298;allmpnet;CLS+SUM-NS_SUM-11-12;two-tokens;CLS+SUM-NS;SUM-11-12;4,00;torch.Size([61, 1536]);12,00;0,00;batch-64-nhid-0-inlayer-12;NORMAL;83,87;86,86;93,67;89,35;89,35;90,20;69,68;86,14
299;allmpnet;CLS+MAX-NS_SUM-11-12;two-tokens;CLS+MAX-NS;SUM-11-12;4,00;torch.Size([61, 1536]);12,00;0,00;batch-64-nhid-0-inlayer-12;NORMAL;84,43;66,33;94,20;31,94;50,08;92,40;72,17;70,22
300;allmpnet;AVG+SUM_SUM-11-12;two-tokens;AVG+SUM;SUM-11-12;4,00;torch.Size([61, 1536]);12,00;0,00;batch-64-nhid-0-inlayer-12;NORMAL;83,97;86,89;93,74;88,85;89,79;94,80;72,41;87,21
301;allmpnet;AVG+MAX_SUM-11-12;two-tokens;AVG+MAX;SUM-11-12;4,00;torch.Size([61, 1536]);12,00;0,00;batch-64-nhid-0-inlayer-12;NORMAL;85,26;89,03;94,92;89,71;89,95;95,80;73,74;88,34
302;allmpnet;AVG+AVG-NS_SUM-11-12;two-tokens;AVG+AVG-NS;SUM-11-12;4,00;torch.Size([61, 1536]);12,00;0,00;batch-64-nhid-0-inlayer-12;NORMAL;85,48;89,67;95,24;89,94;90,61;95,40;74,20;88,65
303;allmpnet;AVG+SUM-NS_SUM-11-12;two-tokens;AVG+SUM-NS;SUM-11-12;4,00;torch.Size([61, 1536]);12,00;0,00;batch-64-nhid-0-inlayer-12;NORMAL;83,88;86,97;93,71;89,27;89,62;90,40;69,62;86,21
304;allmpnet;AVG+MAX-NS_SUM-11-12;two-tokens;AVG+MAX-NS;SUM-11-12;4,00;torch.Size([61, 1536]);12,00;0,00;batch-64-nhid-0-inlayer-12;NORMAL;85,08;66,25;94,91;31,94;50,08;95,20;73,33;70,97
305;allmpnet;SUM+MAX_SUM-11-12;two-tokens;SUM+MAX;SUM-11-12;4,00;torch.Size([61, 1536]);12,00;0,00;batch-64-nhid-0-inlayer-12;NORMAL;84,03;86,91;93,78;88,97;89,51;94,20;71,77;87,02
306;allmpnet;SUM+AVG-NS_SUM-11-12;two-tokens;SUM+AVG-NS;SUM-11-12;4,00;torch.Size([61, 1536]);12,00;0,00;batch-64-nhid-0-inlayer-12;NORMAL;84,09;86,97;93,78;88,48;90,06;94,60;72,06;87,15
307;allmpnet;SUM+SUM-NS_SUM-11-12;two-tokens;SUM+SUM-NS;SUM-11-12;4,00;torch.Size([61, 1536]);12,00;0,00;batch-64-nhid-0-inlayer-12;NORMAL;83,45;86,67;93,65;88,35;89,62;94,60;70,38;86,67
308;allmpnet;SUM+MAX-NS_SUM-11-12;two-tokens;SUM+MAX-NS;SUM-11-12;4,00;torch.Size([61, 1536]);12,00;0,00;batch-64-nhid-0-inlayer-12;NORMAL;83,92;81,24;93,65;35,66;50,08;94,80;72,06;73,06
309;allmpnet;MAX+AVG-NS_SUM-11-12;two-tokens;MAX+AVG-NS;SUM-11-12;4,00;torch.Size([61, 1536]);12,00;0,00;batch-64-nhid-0-inlayer-12;NORMAL;84,93;88,66;94,83;89,63;90,01;95,20;74,09;88,19
310;allmpnet;MAX+SUM-NS_SUM-11-12;two-tokens;MAX+SUM-NS;SUM-11-12;4,00;torch.Size([61, 1536]);12,00;0,00;batch-64-nhid-0-inlayer-12;NORMAL;83,76;87,21;93,75;89,01;89,40;91,40;69,45;86,28
311;allmpnet;MAX+MAX-NS_SUM-11-12;two-tokens;MAX+MAX-NS;SUM-11-12;4,00;torch.Size([61, 1536]);12,00;0,00;batch-64-nhid-0-inlayer-12;NORMAL;84,31;66,30;93,66;31,94;50,08;94,60;70,43;70,19
312;allmpnet;AVG-NS+SUM-NS_SUM-11-12;two-tokens;AVG-NS+SUM-NS;SUM-11-12;4,00;torch.Size([61, 1536]);12,00;0,00;batch-64-nhid-0-inlayer-12;NORMAL;84,11;86,78;93,68;88,52;89,18;89,80;69,97;86,01
313;allmpnet;AVG-NS+MAX-NS_SUM-11-12;two-tokens;AVG-NS+MAX-NS;SUM-11-12;4,00;torch.Size([61, 1536]);12,00;0,00;batch-64-nhid-0-inlayer-12;NORMAL;84,72;66,22;94,72;31,94;50,08;91,40;73,80;70,41
314;allmpnet;SUM-NS+MAX-NS_SUM-11-12;two-tokens;SUM-NS+MAX-NS;SUM-11-12;4,00;torch.Size([61, 1536]);12,00;0,00;batch-64-nhid-0-inlayer-12;NORMAL;83,81;65,98;93,73;31,94;50,08;89,60;70,14;69,33
315;allmpnet;CLS+AVG_SUM-1-3;two-tokens;CLS+AVG;SUM-1-3;4,00;torch.Size([61, 1536]);12,00;0,00;batch-64-nhid-0-inlayer-12;NORMAL;80,03;85,24;94,60;89,90;85,06;90,60;73,04;85,50
316;allmpnet;CLS+SUM_SUM-1-3;two-tokens;CLS+SUM;SUM-1-3;4,00;torch.Size([61, 1536]);12,00;0,00;batch-64-nhid-0-inlayer-12;NORMAL;79,59;81,99;92,89;88,31;84,46;88,60;70,09;83,70
317;allmpnet;CLS+MAX_SUM-1-3;two-tokens;CLS+MAX;SUM-1-3;4,00;torch.Size([61, 1536]);12,00;0,00;batch-64-nhid-0-inlayer-12;NORMAL;75,74;80,29;91,68;88,41;80,01;86,80;71,59;82,07
318;allmpnet;CLS+AVG-NS_SUM-1-3;two-tokens;CLS+AVG-NS;SUM-1-3;4,00;torch.Size([61, 1536]);12,00;0,00;batch-64-nhid-0-inlayer-12;NORMAL;78,68;82,62;93,99;88,94;83,91;82,80;72,87;83,40
319;allmpnet;CLS+SUM-NS_SUM-1-3;two-tokens;CLS+SUM-NS;SUM-1-3;4,00;torch.Size([61, 1536]);12,00;0,00;batch-64-nhid-0-inlayer-12;NORMAL;78,14;79,26;92,40;88,00;84,46;84,40;69,45;82,30
320;allmpnet;CLS+MAX-NS_SUM-1-3;two-tokens;CLS+MAX-NS;SUM-1-3;4,00;torch.Size([61, 1536]);12,00;0,00;batch-64-nhid-0-inlayer-12;NORMAL;74,61;64,90;90,67;35,75;50,08;80,00;70,55;66,65
321;allmpnet;AVG+SUM_SUM-1-3;two-tokens;AVG+SUM;SUM-1-3;4,00;torch.Size([61, 1536]);12,00;0,00;batch-64-nhid-0-inlayer-12;NORMAL;79,50;81,86;92,78;88,63;83,64;89,00;70,14;83,65
322;allmpnet;AVG+MAX_SUM-1-3;two-tokens;AVG+MAX;SUM-1-3;4,00;torch.Size([61, 1536]);12,00;0,00;batch-64-nhid-0-inlayer-12;NORMAL;78,65;82,49;93,56;88,71;84,51;89,20;70,14;83,89
323;allmpnet;AVG+AVG-NS_SUM-1-3;two-tokens;AVG+AVG-NS;SUM-1-3;4,00;torch.Size([61, 1536]);12,00;0,00;batch-64-nhid-0-inlayer-12;NORMAL;79,92;84,61;94,54;89,15;85,78;90,40;72,87;85,32
324;allmpnet;AVG+SUM-NS_SUM-1-3;two-tokens;AVG+SUM-NS;SUM-1-3;4,00;torch.Size([61, 1536]);12,00;0,00;batch-64-nhid-0-inlayer-12;NORMAL;78,04;79,26;92,41;88,62;84,73;86,00;68,00;82,44
325;allmpnet;AVG+MAX-NS_SUM-1-3;two-tokens;AVG+MAX-NS;SUM-1-3;4,00;torch.Size([61, 1536]);12,00;0,00;batch-64-nhid-0-inlayer-12;NORMAL;78,65;65,43;93,37;32,00;50,08;87,20;69,86;68,08
326;allmpnet;SUM+MAX_SUM-1-3;two-tokens;SUM+MAX;SUM-1-3;4,00;torch.Size([61, 1536]);12,00;0,00;batch-64-nhid-0-inlayer-12;NORMAL;79,42;81,80;92,60;87,83;85,01;88,20;70,03;83,56
327;allmpnet;SUM+AVG-NS_SUM-1-3;two-tokens;SUM+AVG-NS;SUM-1-3;4,00;torch.Size([61, 1536]);12,00;0,00;batch-64-nhid-0-inlayer-12;NORMAL;79,37;81,80;92,82;87,71;84,40;89,20;70,32;83,66
328;allmpnet;SUM+SUM-NS_SUM-1-3;two-tokens;SUM+SUM-NS;SUM-1-3;4,00;torch.Size([61, 1536]);12,00;0,00;batch-64-nhid-0-inlayer-12;NORMAL;79,29;82,01;92,56;87,45;84,79;90,00;70,84;83,85
329;allmpnet;SUM+MAX-NS_SUM-1-3;two-tokens;SUM+MAX-NS;SUM-1-3;4,00;torch.Size([61, 1536]);12,00;0,00;batch-64-nhid-0-inlayer-12;NORMAL;79,31;68,61;92,73;35,75;50,08;88,40;69,86;69,25
330;allmpnet;MAX+AVG-NS_SUM-1-3;two-tokens;MAX+AVG-NS;SUM-1-3;4,00;torch.Size([61, 1536]);12,00;0,00;batch-64-nhid-0-inlayer-12;NORMAL;77,79;82,23;93,46;87,56;83,64;90,20;69,28;83,45
331;allmpnet;MAX+SUM-NS_SUM-1-3;two-tokens;MAX+SUM-NS;SUM-1-3;4,00;torch.Size([61, 1536]);12,00;0,00;batch-64-nhid-0-inlayer-12;NORMAL;77,66;79,63;92,19;87,46;84,62;88,00;69,10;82,67
332;allmpnet;MAX+MAX-NS_SUM-1-3;two-tokens;MAX+MAX-NS;SUM-1-3;4,00;torch.Size([61, 1536]);12,00;0,00;batch-64-nhid-0-inlayer-12;NORMAL;74,15;65,35;91,59;32,00;50,08;88,40;69,22;67,26
333;allmpnet;AVG-NS+SUM-NS_SUM-1-3;two-tokens;AVG-NS+SUM-NS;SUM-1-3;4,00;torch.Size([61, 1536]);12,00;0,00;batch-64-nhid-0-inlayer-12;NORMAL;77,94;79,31;92,35;87,38;83,80;86,00;68,17;82,14
334;allmpnet;AVG-NS+MAX-NS_SUM-1-3;two-tokens;AVG-NS+MAX-NS;SUM-1-3;4,00;torch.Size([61, 1536]);12,00;0,00;batch-64-nhid-0-inlayer-12;NORMAL;78,41;65,43;92,92;32,00;50,08;84,60;69,97;67,63
335;allmpnet;SUM-NS+MAX-NS_SUM-1-3;two-tokens;SUM-NS+MAX-NS;SUM-1-3;4,00;torch.Size([61, 1536]);12,00;0,00;batch-64-nhid-0-inlayer-12;NORMAL;77,37;68,05;91,90;35,75;50,08;86,20;68,70;68,29
336;allmpnet;CLS+AVG_SUM-2-4;two-tokens;CLS+AVG;SUM-2-4;4,00;torch.Size([61, 1536]);12,00;0,00;batch-64-nhid-0-inlayer-12;NORMAL;81,09;86,47;95,30;90,00;86,33;92,40;74,20;86,54
337;allmpnet;CLS+SUM_SUM-2-4;two-tokens;CLS+SUM;SUM-2-4;4,00;torch.Size([61, 1536]);12,00;0,00;batch-64-nhid-0-inlayer-12;NORMAL;80,28;82,65;93,37;88,58;84,62;91,20;69,74;84,35
338;allmpnet;CLS+MAX_SUM-2-4;two-tokens;CLS+MAX;SUM-2-4;4,00;torch.Size([61, 1536]);12,00;0,00;batch-64-nhid-0-inlayer-12;NORMAL;77,66;81,59;92,84;88,65;82,98;90,00;72,64;83,77
339;allmpnet;CLS+AVG-NS_SUM-2-4;two-tokens;CLS+AVG-NS;SUM-2-4;4,00;torch.Size([61, 1536]);12,00;0,00;batch-64-nhid-0-inlayer-12;NORMAL;80,09;84,08;94,96;89,00;84,95;87,60;72,81;84,78
340;allmpnet;CLS+SUM-NS_SUM-2-4;two-tokens;CLS+SUM-NS;SUM-2-4;4,00;torch.Size([61, 1536]);12,00;0,00;batch-64-nhid-0-inlayer-12;NORMAL;79,02;79,87;92,98;88,24;84,46;85,80;70,72;83,01
341;allmpnet;CLS+MAX-NS_SUM-2-4;two-tokens;CLS+MAX-NS;SUM-2-4;4,00;torch.Size([61, 1536]);12,00;0,00;batch-64-nhid-0-inlayer-12;NORMAL;76,46;65,14;91,99;35,50;50,08;87,60;71,25;68,29
342;allmpnet;AVG+SUM_SUM-2-4;two-tokens;AVG+SUM;SUM-2-4;4,00;torch.Size([61, 1536]);12,00;0,00;batch-64-nhid-0-inlayer-12;NORMAL;80,41;82,44;93,37;88,70;83,96;90,80;70,84;84,36
343;allmpnet;AVG+MAX_SUM-2-4;two-tokens;AVG+MAX;SUM-2-4;4,00;torch.Size([61, 1536]);12,00;0,00;batch-64-nhid-0-inlayer-12;NORMAL;79,73;84,29;94,21;88,69;84,79;92,00;71,30;85,00
344;allmpnet;AVG+AVG-NS_SUM-2-4;two-tokens;AVG+AVG-NS;SUM-2-4;4,00;torch.Size([61, 1536]);12,00;0,00;batch-64-nhid-0-inlayer-12;NORMAL;81,44;85,54;95,24;89,40;86,22;91,40;72,87;86,02
345;allmpnet;AVG+SUM-NS_SUM-2-4;two-tokens;AVG+SUM-NS;SUM-2-4;4,00;torch.Size([61, 1536]);12,00;0,00;batch-64-nhid-0-inlayer-12;NORMAL;79,54;80,35;92,80;88,67;84,90;87,20;70,09;83,36
346;allmpnet;AVG+MAX-NS_SUM-2-4;two-tokens;AVG+MAX-NS;SUM-2-4;4,00;torch.Size([61, 1536]);12,00;0,00;batch-64-nhid-0-inlayer-12;NORMAL;79,72;65,67;94,37;31,75;50,08;90,80;72,12;69,22
347;allmpnet;SUM+MAX_SUM-2-4;two-tokens;SUM+MAX;SUM-2-4;4,00;torch.Size([61, 1536]);12,00;0,00;batch-64-nhid-0-inlayer-12;NORMAL;80,18;82,78;93,33;87,71;84,51;91,20;70,84;84,36
348;allmpnet;SUM+AVG-NS_SUM-2-4;two-tokens;SUM+AVG-NS;SUM-2-4;4,00;torch.Size([61, 1536]);12,00;0,00;batch-64-nhid-0-inlayer-12;NORMAL;80,30;82,28;93,36;88,04;84,68;91,00;70,61;84,32
349;allmpnet;SUM+SUM-NS_SUM-2-4;two-tokens;SUM+SUM-NS;SUM-2-4;4,00;torch.Size([61, 1536]);12,00;0,00;batch-64-nhid-0-inlayer-12;NORMAL;79,83;81,83;93,43;87,84;85,39;90,40;70,49;84,17
350;allmpnet;SUM+MAX-NS_SUM-2-4;two-tokens;SUM+MAX-NS;SUM-2-4;4,00;torch.Size([61, 1536]);12,00;0,00;batch-64-nhid-0-inlayer-12;NORMAL;79,89;67,18;93,26;35,50;50,08;91,20;70,26;69,62
351;allmpnet;MAX+AVG-NS_SUM-2-4;two-tokens;MAX+AVG-NS;SUM-2-4;4,00;torch.Size([61, 1536]);12,00;0,00;batch-64-nhid-0-inlayer-12;NORMAL;79,09;83,42;94,01;87,82;84,68;92,40;70,38;84,54
352;allmpnet;MAX+SUM-NS_SUM-2-4;two-tokens;MAX+SUM-NS;SUM-2-4;4,00;torch.Size([61, 1536]);12,00;0,00;batch-64-nhid-0-inlayer-12;NORMAL;79,27;80,98;92,91;87,72;84,62;89,80;69,97;83,61
353;allmpnet;MAX+MAX-NS_SUM-2-4;two-tokens;MAX+MAX-NS;SUM-2-4;4,00;torch.Size([61, 1536]);12,00;0,00;batch-64-nhid-0-inlayer-12;NORMAL;76,83;66,14;92,22;35,50;50,08;90,60;71,42;68,97
354;allmpnet;AVG-NS+SUM-NS_SUM-2-4;two-tokens;AVG-NS+SUM-NS;SUM-2-4;4,00;torch.Size([61, 1536]);12,00;0,00;batch-64-nhid-0-inlayer-12;NORMAL;78,90;80,37;92,68;87,77;84,02;86,40;69,97;82,87
355;allmpnet;AVG-NS+MAX-NS_SUM-2-4;two-tokens;AVG-NS+MAX-NS;SUM-2-4;4,00;torch.Size([61, 1536]);12,00;0,00;batch-64-nhid-0-inlayer-12;NORMAL;78,58;65,67;93,77;31,75;50,08;87,20;70,84;68,27
356;allmpnet;SUM-NS+MAX-NS_SUM-2-4;two-tokens;SUM-NS+MAX-NS;SUM-2-4;4,00;torch.Size([61, 1536]);12,00;0,00;batch-64-nhid-0-inlayer-12;NORMAL;78,37;65,30;92,94;35,50;50,08;87,40;69,80;68,48
357;allmpnet;CLS+AVG_SUM-3-5;two-tokens;CLS+AVG;SUM-3-5;4,00;torch.Size([61, 1536]);12,00;0,00;batch-64-nhid-0-inlayer-12;NORMAL;83,51;88,93;95,92;90,31;87,92;92,80;74,78;87,74
358;allmpnet;CLS+SUM_SUM-3-5;two-tokens;CLS+SUM;SUM-3-5;4,00;torch.Size([61, 1536]);12,00;0,00;batch-64-nhid-0-inlayer-12;NORMAL;82,68;84,74;93,59;88,90;86,82;92,20;69,51;85,49
359;allmpnet;CLS+MAX_SUM-3-5;two-tokens;CLS+MAX;SUM-3-5;4,00;torch.Size([61, 1536]);12,00;0,00;batch-64-nhid-0-inlayer-12;NORMAL;80,10;83,50;94,38;88,98;86,05;90,80;73,28;85,30
360;allmpnet;CLS+AVG-NS_SUM-3-5;two-tokens;CLS+AVG-NS;SUM-3-5;4,00;torch.Size([61, 1536]);12,00;0,00;batch-64-nhid-0-inlayer-12;NORMAL;82,50;87,39;95,68;89,31;86,22;90,40;72,75;86,32
361;allmpnet;CLS+SUM-NS_SUM-3-5;two-tokens;CLS+SUM-NS;SUM-3-5;4,00;torch.Size([61, 1536]);12,00;0,00;batch-64-nhid-0-inlayer-12;NORMAL;81,24;82,36;93,28;88,03;85,56;87,20;69,51;83,88
362;allmpnet;CLS+MAX-NS_SUM-3-5;two-tokens;CLS+MAX-NS;SUM-3-5;4,00;torch.Size([61, 1536]);12,00;0,00;batch-64-nhid-0-inlayer-12;NORMAL;79,26;65,40;94,14;31,75;50,08;88,00;71,83;68,64
363;allmpnet;AVG+SUM_SUM-3-5;two-tokens;AVG+SUM;SUM-3-5;4,00;torch.Size([61, 1536]);12,00;0,00;batch-64-nhid-0-inlayer-12;NORMAL;82,68;84,74;93,63;89,02;86,77;92,20;69,62;85,52
364;allmpnet;AVG+MAX_SUM-3-5;two-tokens;AVG+MAX;SUM-3-5;4,00;torch.Size([61, 1536]);12,00;0,00;batch-64-nhid-0-inlayer-12;NORMAL;81,62;86,44;94,77;89,49;86,88;93,60;72,75;86,51
365;allmpnet;AVG+AVG-NS_SUM-3-5;two-tokens;AVG+AVG-NS;SUM-3-5;4,00;torch.Size([61, 1536]);12,00;0,00;batch-64-nhid-0-inlayer-12;NORMAL;83,41;88,05;95,69;89,70;88,25;91,80;73,86;87,25
366;allmpnet;AVG+SUM-NS_SUM-3-5;two-tokens;AVG+SUM-NS;SUM-3-5;4,00;torch.Size([61, 1536]);12,00;0,00;batch-64-nhid-0-inlayer-12;NORMAL;81,39;82,62;93,25;89,09;86,71;88,80;69,62;84,50
367;allmpnet;AVG+MAX-NS_SUM-3-5;two-tokens;AVG+MAX-NS;SUM-3-5;4,00;torch.Size([61, 1536]);12,00;0,00;batch-64-nhid-0-inlayer-12;NORMAL;81,53;65,77;94,71;31,75;50,08;90,20;71,94;69,43
368;allmpnet;SUM+MAX_SUM-3-5;two-tokens;SUM+MAX;SUM-3-5;4,00;torch.Size([61, 1536]);12,00;0,00;batch-64-nhid-0-inlayer-12;NORMAL;82,47;85,27;93,66;88,21;86,99;92,40;70,03;85,58
369;allmpnet;SUM+AVG-NS_SUM-3-5;two-tokens;SUM+AVG-NS;SUM-3-5;4,00;torch.Size([61, 1536]);12,00;0,00;batch-64-nhid-0-inlayer-12;NORMAL;82,58;84,69;93,62;88,40;87,26;92,40;70,09;85,58
370;allmpnet;SUM+SUM-NS_SUM-3-5;two-tokens;SUM+SUM-NS;SUM-3-5;4,00;torch.Size([61, 1536]);12,00;0,00;batch-64-nhid-0-inlayer-12;NORMAL;81,97;84,96;94,22;88,25;86,44;92,40;69,74;85,43
371;allmpnet;SUM+MAX-NS_SUM-3-5;two-tokens;SUM+MAX-NS;SUM-3-5;4,00;torch.Size([61, 1536]);12,00;0,00;batch-64-nhid-0-inlayer-12;NORMAL;82,39;77,38;93,66;35,50;50,08;93,00;69,10;71,59
372;allmpnet;MAX+AVG-NS_SUM-3-5;two-tokens;MAX+AVG-NS;SUM-3-5;4,00;torch.Size([61, 1536]);12,00;0,00;batch-64-nhid-0-inlayer-12;NORMAL;80,99;85,38;94,58;88,70;86,82;92,20;70,96;85,66
373;allmpnet;MAX+SUM-NS_SUM-3-5;two-tokens;MAX+SUM-NS;SUM-3-5;4,00;torch.Size([61, 1536]);12,00;0,00;batch-64-nhid-0-inlayer-12;NORMAL;80,99;83,71;93,52;88,12;86,33;90,20;69,10;84,57
374;allmpnet;MAX+MAX-NS_SUM-3-5;two-tokens;MAX+MAX-NS;SUM-3-5;4,00;torch.Size([61, 1536]);12,00;0,00;batch-64-nhid-0-inlayer-12;NORMAL;79,17;65,64;93,53;35,50;50,08;92,20;72,00;69,73
375;allmpnet;AVG-NS+SUM-NS_SUM-3-5;two-tokens;AVG-NS+SUM-NS;SUM-3-5;4,00;torch.Size([61, 1536]);12,00;0,00;batch-64-nhid-0-inlayer-12;NORMAL;81,15;82,41;93,21;88,12;85,45;88,40;69,62;84,05
376;allmpnet;AVG-NS+MAX-NS_SUM-3-5;two-tokens;AVG-NS+MAX-NS;SUM-3-5;4,00;torch.Size([61, 1536]);12,00;0,00;batch-64-nhid-0-inlayer-12;NORMAL;80,26;65,56;94,44;31,75;50,08;89,60;71,77;69,07
377;allmpnet;SUM-NS+MAX-NS_SUM-3-5;two-tokens;SUM-NS+MAX-NS;SUM-3-5;4,00;torch.Size([61, 1536]);12,00;0,00;batch-64-nhid-0-inlayer-12;NORMAL;80,61;67,15;93,12;35,50;50,08;88,60;69,62;69,24
378;allmpnet;CLS+AVG_SUM-4-6;two-tokens;CLS+AVG;SUM-4-6;4,00;torch.Size([61, 1536]);12,00;0,00;batch-64-nhid-0-inlayer-12;NORMAL;85,00;90,62;96,39;90,80;89,57;93,80;75,65;88,83
379;allmpnet;CLS+SUM_SUM-4-6;two-tokens;CLS+SUM;SUM-4-6;4,00;torch.Size([61, 1536]);12,00;0,00;batch-64-nhid-0-inlayer-12;NORMAL;84,26;86,36;94,22;89,34;89,24;94,00;69,16;86,65
380;allmpnet;CLS+MAX_SUM-4-6;two-tokens;CLS+MAX;SUM-4-6;4,00;torch.Size([61, 1536]);12,00;0,00;batch-64-nhid-0-inlayer-12;NORMAL;82,54;86,49;95,07;89,52;88,41;93,60;71,94;86,80
381;allmpnet;CLS+AVG-NS_SUM-4-6;two-tokens;CLS+AVG-NS;SUM-4-6;4,00;torch.Size([61, 1536]);12,00;0,00;batch-64-nhid-0-inlayer-12;NORMAL;84,47;89,83;96,08;89,72;89,07;90,20;71,88;87,32
382;allmpnet;CLS+SUM-NS_SUM-4-6;two-tokens;CLS+SUM-NS;SUM-4-6;4,00;torch.Size([61, 1536]);12,00;0,00;batch-64-nhid-0-inlayer-12;NORMAL;83,09;84,29;93,86;88,88;88,25;89,00;70,20;85,37
383;allmpnet;CLS+MAX-NS_SUM-4-6;two-tokens;CLS+MAX-NS;SUM-4-6;4,00;torch.Size([61, 1536]);12,00;0,00;batch-64-nhid-0-inlayer-12;NORMAL;82,73;65,88;94,99;31,75;50,08;88,20;72,23;69,41
384;allmpnet;AVG+SUM_SUM-4-6;two-tokens;AVG+SUM;SUM-4-6;4,00;torch.Size([61, 1536]);12,00;0,00;batch-64-nhid-0-inlayer-12;NORMAL;84,18;86,10;94,16;89,34;89,29;93,80;69,39;86,61
385;allmpnet;AVG+MAX_SUM-4-6;two-tokens;AVG+MAX;SUM-4-6;4,00;torch.Size([61, 1536]);12,00;0,00;batch-64-nhid-0-inlayer-12;NORMAL;83,21;88,13;94,98;89,74;88,80;93,80;74,14;87,54
386;allmpnet;AVG+AVG-NS_SUM-4-6;two-tokens;AVG+AVG-NS;SUM-4-6;4,00;torch.Size([61, 1536]);12,00;0,00;batch-64-nhid-0-inlayer-12;NORMAL;84,54;90,07;95,85;89,93;89,62;94,20;72,75;88,14
387;allmpnet;AVG+SUM-NS_SUM-4-6;two-tokens;AVG+SUM-NS;SUM-4-6;4,00;torch.Size([61, 1536]);12,00;0,00;batch-64-nhid-0-inlayer-12;NORMAL;83,15;84,40;93,78;89,52;88,36;91,00;68,52;85,53
388;allmpnet;AVG+MAX-NS_SUM-4-6;two-tokens;AVG+MAX-NS;SUM-4-6;4,00;torch.Size([61, 1536]);12,00;0,00;batch-64-nhid-0-inlayer-12;NORMAL;83,28;65,93;95,01;31,75;50,08;92,80;74,32;70,45
389;allmpnet;SUM+MAX_SUM-4-6;two-tokens;SUM+MAX;SUM-4-6;4,00;torch.Size([61, 1536]);12,00;0,00;batch-64-nhid-0-inlayer-12;NORMAL;83,86;86,60;94,30;88,82;89,68;93,60;69,57;86,63
390;allmpnet;SUM+AVG-NS_SUM-4-6;two-tokens;SUM+AVG-NS;SUM-4-6;4,00;torch.Size([61, 1536]);12,00;0,00;batch-64-nhid-0-inlayer-12;NORMAL;84,11;86,23;94,29;89,00;90,01;93,40;68,99;86,58
391;allmpnet;SUM+SUM-NS_SUM-4-6;two-tokens;SUM+SUM-NS;SUM-4-6;4,00;torch.Size([61, 1536]);12,00;0,00;batch-64-nhid-0-inlayer-12;NORMAL;83,11;87,31;94,64;88,72;88,91;93,20;70,20;86,58
392;allmpnet;SUM+MAX-NS_SUM-4-6;two-tokens;SUM+MAX-NS;SUM-4-6;4,00;torch.Size([61, 1536]);12,00;0,00;batch-64-nhid-0-inlayer-12;NORMAL;83,80;80,00;94,22;35,50;50,08;94,00;68,87;72,35
393;allmpnet;MAX+AVG-NS_SUM-4-6;two-tokens;MAX+AVG-NS;SUM-4-6;4,00;torch.Size([61, 1536]);12,00;0,00;batch-64-nhid-0-inlayer-12;NORMAL;82,16;87,39;95,00;89,11;88,36;93,80;72,17;86,86
394;allmpnet;MAX+SUM-NS_SUM-4-6;two-tokens;MAX+SUM-NS;SUM-4-6;4,00;torch.Size([61, 1536]);12,00;0,00;batch-64-nhid-0-inlayer-12;NORMAL;82,53;85,43;94,09;88,83;88,30;92,20;69,33;85,82
395;allmpnet;MAX+MAX-NS_SUM-4-6;two-tokens;MAX+MAX-NS;SUM-4-6;4,00;torch.Size([61, 1536]);12,00;0,00;batch-64-nhid-0-inlayer-12;NORMAL;80,38;65,64;93,78;35,50;50,08;92,20;73,33;70,13
396;allmpnet;AVG-NS+SUM-NS_SUM-4-6;two-tokens;AVG-NS+SUM-NS;SUM-4-6;4,00;torch.Size([61, 1536]);12,00;0,00;batch-64-nhid-0-inlayer-12;NORMAL;82,95;84,16;93,86;88,46;88,08;89,80;69,45;85,25
397;allmpnet;AVG-NS+MAX-NS_SUM-4-6;two-tokens;AVG-NS+MAX-NS;SUM-4-6;4,00;torch.Size([61, 1536]);12,00;0,00;batch-64-nhid-0-inlayer-12;NORMAL;82,25;65,67;94,77;31,75;50,08;89,00;72,41;69,42
398;allmpnet;SUM-NS+MAX-NS_SUM-4-6;two-tokens;SUM-NS+MAX-NS;SUM-4-6;4,00;torch.Size([61, 1536]);12,00;0,00;batch-64-nhid-0-inlayer-12;NORMAL;82,34;68,34;94,09;35,50;50,08;90,80;69,10;70,04
399;allmpnet;CLS+AVG_SUM-5-7;two-tokens;CLS+AVG;SUM-5-7;4,00;torch.Size([61, 1536]);12,00;0,00;batch-64-nhid-0-inlayer-12;NORMAL;85,52;91,50;96,46;90,91;90,55;94,00;75,36;89,19
400;allmpnet;CLS+SUM_SUM-5-7;two-tokens;CLS+SUM;SUM-5-7;4,00;torch.Size([61, 1536]);12,00;0,00;batch-64-nhid-0-inlayer-12;NORMAL;84,61;87,66;94,67;89,48;90,33;92,40;68,75;86,84
401;allmpnet;CLS+MAX_SUM-5-7;two-tokens;CLS+MAX;SUM-5-7;4,00;torch.Size([61, 1536]);12,00;0,00;batch-64-nhid-0-inlayer-12;NORMAL;83,24;89,14;95,41;89,68;90,77;90,60;72,81;87,38
402;allmpnet;CLS+AVG-NS_SUM-5-7;two-tokens;CLS+AVG-NS;SUM-5-7;4,00;torch.Size([61, 1536]);12,00;0,00;batch-64-nhid-0-inlayer-12;NORMAL;85,45;90,81;96,16;89,70;89,95;92,00;73,62;88,24
403;allmpnet;CLS+SUM-NS_SUM-5-7;two-tokens;CLS+SUM-NS;SUM-5-7;4,00;torch.Size([61, 1536]);12,00;0,00;batch-64-nhid-0-inlayer-12;NORMAL;83,68;86,62;94,44;88,80;89,62;90,80;69,86;86,26
404;allmpnet;CLS+MAX-NS_SUM-5-7;two-tokens;CLS+MAX-NS;SUM-5-7;4,00;torch.Size([61, 1536]);12,00;0,00;batch-64-nhid-0-inlayer-12;NORMAL;83,25;66,14;95,22;31,75;50,08;88,20;72,52;69,59
405;allmpnet;AVG+SUM_SUM-5-7;two-tokens;AVG+SUM;SUM-5-7;4,00;torch.Size([61, 1536]);12,00;0,00;batch-64-nhid-0-inlayer-12;NORMAL;84,64;87,34;94,60;89,37;90,06;93,00;68,17;86,74
406;allmpnet;AVG+MAX_SUM-5-7;two-tokens;AVG+MAX;SUM-5-7;4,00;torch.Size([61, 1536]);12,00;0,00;batch-64-nhid-0-inlayer-12;NORMAL;84,33;89,43;95,24;89,84;90,61;93,80;74,90;88,31
407;allmpnet;AVG+AVG-NS_SUM-5-7;two-tokens;AVG+AVG-NS;SUM-5-7;4,00;torch.Size([61, 1536]);12,00;0,00;batch-64-nhid-0-inlayer-12;NORMAL;85,56;90,57;96,05;90,15;90,61;94,40;72,64;88,57
408;allmpnet;AVG+SUM-NS_SUM-5-7;two-tokens;AVG+SUM-NS;SUM-5-7;4,00;torch.Size([61, 1536]);12,00;0,00;batch-64-nhid-0-inlayer-12;NORMAL;83,60;86,12;94,10;89,32;89,18;91,40;69,45;86,17
409;allmpnet;AVG+MAX-NS_SUM-5-7;two-tokens;AVG+MAX-NS;SUM-5-7;4,00;torch.Size([61, 1536]);12,00;0,00;batch-64-nhid-0-inlayer-12;NORMAL;84,31;65,96;94,99;31,75;50,08;92,80;72,29;70,31
410;allmpnet;SUM+MAX_SUM-5-7;two-tokens;SUM+MAX;SUM-5-7;4,00;torch.Size([61, 1536]);12,00;0,00;batch-64-nhid-0-inlayer-12;NORMAL;84,49;87,66;94,63;88,80;90,23;93,20;68,46;86,78
411;allmpnet;SUM+AVG-NS_SUM-5-7;two-tokens;SUM+AVG-NS;SUM-5-7;4,00;torch.Size([61, 1536]);12,00;0,00;batch-64-nhid-0-inlayer-12;NORMAL;84,63;87,50;94,62;88,93;90,39;93,40;68,29;86,82
412;allmpnet;SUM+SUM-NS_SUM-5-7;two-tokens;SUM+SUM-NS;SUM-5-7;4,00;torch.Size([61, 1536]);12,00;0,00;batch-64-nhid-0-inlayer-12;NORMAL;83,74;88,74;94,85;88,76;90,23;93,00;69,28;86,94
413;allmpnet;SUM+MAX-NS_SUM-5-7;two-tokens;SUM+MAX-NS;SUM-5-7;4,00;torch.Size([61, 1536]);12,00;0,00;batch-64-nhid-0-inlayer-12;NORMAL;84,47;83,63;94,43;35,50;50,08;93,20;68,58;72,84
414;allmpnet;MAX+AVG-NS_SUM-5-7;two-tokens;MAX+AVG-NS;SUM-5-7;4,00;torch.Size([61, 1536]);12,00;0,00;batch-64-nhid-0-inlayer-12;NORMAL;83,90;88,74;94,97;89,18;90,33;94,00;73,91;87,86
415;allmpnet;MAX+SUM-NS_SUM-5-7;two-tokens;MAX+SUM-NS;SUM-5-7;4,00;torch.Size([61, 1536]);12,00;0,00;batch-64-nhid-0-inlayer-12;NORMAL;83,22;86,89;94,28;88,66;89,51;92,20;69,74;86,36
416;allmpnet;MAX+MAX-NS_SUM-5-7;two-tokens;MAX+MAX-NS;SUM-5-7;4,00;torch.Size([61, 1536]);12,00;0,00;batch-64-nhid-0-inlayer-12;NORMAL;81,77;65,75;93,95;35,50;50,08;92,00;73,16;70,32
417;allmpnet;AVG-NS+SUM-NS_SUM-5-7;two-tokens;AVG-NS+SUM-NS;SUM-5-7;4,00;torch.Size([61, 1536]);12,00;0,00;batch-64-nhid-0-inlayer-12;NORMAL;83,47;85,91;94,10;88,51;89,51;90,60;69,51;85,94
418;allmpnet;AVG-NS+MAX-NS_SUM-5-7;two-tokens;AVG-NS+MAX-NS;SUM-5-7;4,00;torch.Size([61, 1536]);12,00;0,00;batch-64-nhid-0-inlayer-12;NORMAL;83,25;65,96;94,71;31,75;50,08;89,60;73,39;69,82
419;allmpnet;SUM-NS+MAX-NS_SUM-5-7;two-tokens;SUM-NS+MAX-NS;SUM-5-7;4,00;torch.Size([61, 1536]);12,00;0,00;batch-64-nhid-0-inlayer-12;NORMAL;83,01;68,03;94,25;35,50;50,08;91,40;70,09;70,34
420;allmpnet;CLS+AVG_SUM-6-8;two-tokens;CLS+AVG;SUM-6-8;4,00;torch.Size([61, 1536]);12,00;0,00;batch-64-nhid-0-inlayer-12;NORMAL;85,81;91,52;96,44;90,68;90,88;95,00;75,59;89,42
421;allmpnet;CLS+SUM_SUM-6-8;two-tokens;CLS+SUM;SUM-6-8;4,00;torch.Size([61, 1536]);12,00;0,00;batch-64-nhid-0-inlayer-12;NORMAL;85,11;88,02;94,60;89,49;91,05;93,40;68,81;87,21
422;allmpnet;CLS+MAX_SUM-6-8;two-tokens;CLS+MAX;SUM-6-8;4,00;torch.Size([61, 1536]);12,00;0,00;batch-64-nhid-0-inlayer-12;NORMAL;84,07;89,27;95,30;89,22;91,10;92,60;71,77;87,62
423;allmpnet;CLS+AVG-NS_SUM-6-8;two-tokens;CLS+AVG-NS;SUM-6-8;4,00;torch.Size([61, 1536]);12,00;0,00;batch-64-nhid-0-inlayer-12;NORMAL;85,22;90,92;96,30;90,07;90,72;91,80;73,16;88,31
424;allmpnet;CLS+SUM-NS_SUM-6-8;two-tokens;CLS+SUM-NS;SUM-6-8;4,00;torch.Size([61, 1536]);12,00;0,00;batch-64-nhid-0-inlayer-12;NORMAL;84,35;87,31;94,37;89,12;90,12;89,60;68,93;86,26
425;allmpnet;CLS+MAX-NS_SUM-6-8;two-tokens;CLS+MAX-NS;SUM-6-8;4,00;torch.Size([61, 1536]);12,00;0,00;batch-64-nhid-0-inlayer-12;NORMAL;84,28;66,25;95,07;31,75;50,08;87,80;72,23;69,64
426;allmpnet;AVG+SUM_SUM-6-8;two-tokens;AVG+SUM;SUM-6-8;4,00;torch.Size([61, 1536]);12,00;0,00;batch-64-nhid-0-inlayer-12;NORMAL;84,96;87,65;94,61;89,47;90,72;93,20;68,35;86,99
427;allmpnet;AVG+MAX_SUM-6-8;two-tokens;AVG+MAX;SUM-6-8;4,00;torch.Size([61, 1536]);12,00;0,00;batch-64-nhid-0-inlayer-12;NORMAL;84,44;89,54;95,10;89,54;91,60;94,80;73,28;88,33
428;allmpnet;AVG+AVG-NS_SUM-6-8;two-tokens;AVG+AVG-NS;SUM-6-8;4,00;torch.Size([61, 1536]);12,00;0,00;batch-64-nhid-0-inlayer-12;NORMAL;85,61;90,94;96,00;90,19;91,16;95,20;71,30;88,63
429;allmpnet;AVG+SUM-NS_SUM-6-8;two-tokens;AVG+SUM-NS;SUM-6-8;4,00;torch.Size([61, 1536]);12,00;0,00;batch-64-nhid-0-inlayer-12;NORMAL;84,53;86,94;94,36;89,50;90,28;91,40;69,62;86,66
430;allmpnet;AVG+MAX-NS_SUM-6-8;two-tokens;AVG+MAX-NS;SUM-6-8;4,00;torch.Size([61, 1536]);12,00;0,00;batch-64-nhid-0-inlayer-12;NORMAL;84,70;66,28;95,27;31,75;50,08;92,20;72,64;70,42
431;allmpnet;SUM+MAX_SUM-6-8;two-tokens;SUM+MAX;SUM-6-8;4,00;torch.Size([61, 1536]);12,00;0,00;batch-64-nhid-0-inlayer-12;NORMAL;84,82;88,03;94,65;88,82;90,66;93,80;67,94;86,96
432;allmpnet;SUM+AVG-NS_SUM-6-8;two-tokens;SUM+AVG-NS;SUM-6-8;4,00;torch.Size([61, 1536]);12,00;0,00;batch-64-nhid-0-inlayer-12;NORMAL;85,03;87,79;94,59;88,81;91,05;93,00;68,00;86,90
433;allmpnet;SUM+SUM-NS_SUM-6-8;two-tokens;SUM+SUM-NS;SUM-6-8;4,00;torch.Size([61, 1536]);12,00;0,00;batch-64-nhid-0-inlayer-12;NORMAL;84,13;88,82;94,70;88,57;90,55;94,40;68,99;87,17
434;allmpnet;SUM+MAX-NS_SUM-6-8;two-tokens;SUM+MAX-NS;SUM-6-8;4,00;torch.Size([61, 1536]);12,00;0,00;batch-64-nhid-0-inlayer-12;NORMAL;84,81;83,26;94,63;35,50;50,08;93,40;68,81;72,93
435;allmpnet;MAX+AVG-NS_SUM-6-8;two-tokens;MAX+AVG-NS;SUM-6-8;4,00;torch.Size([61, 1536]);12,00;0,00;batch-64-nhid-0-inlayer-12;NORMAL;84,05;89,19;95,17;89,11;91,05;93,20;73,22;87,86
436;allmpnet;MAX+SUM-NS_SUM-6-8;two-tokens;MAX+SUM-NS;SUM-6-8;4,00;torch.Size([61, 1536]);12,00;0,00;batch-64-nhid-0-inlayer-12;NORMAL;84,04;87,23;94,33;88,72;90,50;92,00;68,87;86,53
437;allmpnet;MAX+MAX-NS_SUM-6-8;two-tokens;MAX+MAX-NS;SUM-6-8;4,00;torch.Size([61, 1536]);12,00;0,00;batch-64-nhid-0-inlayer-12;NORMAL;82,95;66,17;94,08;35,50;50,08;92,00;71,94;70,39
438;allmpnet;AVG-NS+SUM-NS_SUM-6-8;two-tokens;AVG-NS+SUM-NS;SUM-6-8;4,00;torch.Size([61, 1536]);12,00;0,00;batch-64-nhid-0-inlayer-12;NORMAL;84,35;87,07;94,27;88,84;90,33;90,40;68,35;86,23
439;allmpnet;AVG-NS+MAX-NS_SUM-6-8;two-tokens;AVG-NS+MAX-NS;SUM-6-8;4,00;torch.Size([61, 1536]);12,00;0,00;batch-64-nhid-0-inlayer-12;NORMAL;83,76;66,12;94,85;31,75;50,08;87,00;71,59;69,31
440;allmpnet;SUM-NS+MAX-NS_SUM-6-8;two-tokens;SUM-NS+MAX-NS;SUM-6-8;4,00;torch.Size([61, 1536]);12,00;0,00;batch-64-nhid-0-inlayer-12;NORMAL;83,85;68,82;94,31;31,75;50,08;90,00;69,10;69,70
441;allmpnet;CLS+AVG_SUM-7-9;two-tokens;CLS+AVG;SUM-7-9;4,00;torch.Size([61, 1536]);12,00;0,00;batch-64-nhid-0-inlayer-12;NORMAL;86,24;91,39;96,37;90,62;91,16;95,60;74,96;89,48
442;allmpnet;CLS+SUM_SUM-7-9;two-tokens;CLS+SUM;SUM-7-9;4,00;torch.Size([61, 1536]);12,00;0,00;batch-64-nhid-0-inlayer-12;NORMAL;85,35;88,03;94,43;89,07;91,60;94,60;68,75;87,40
443;allmpnet;CLS+MAX_SUM-7-9;two-tokens;CLS+MAX;SUM-7-9;4,00;torch.Size([61, 1536]);12,00;0,00;batch-64-nhid-0-inlayer-12;NORMAL;84,85;89,64;95,26;89,19;91,05;93,40;71,88;87,90
444;allmpnet;CLS+AVG-NS_SUM-7-9;two-tokens;CLS+AVG-NS;SUM-7-9;4,00;torch.Size([61, 1536]);12,00;0,00;batch-64-nhid-0-inlayer-12;NORMAL;85,89;91,23;96,24;89,75;91,21;92,60;72,70;88,52
445;allmpnet;CLS+SUM-NS_SUM-7-9;two-tokens;CLS+SUM-NS;SUM-7-9;4,00;torch.Size([61, 1536]);12,00;0,00;batch-64-nhid-0-inlayer-12;NORMAL;84,88;87,89;94,57;88,75;90,12;91,20;68,99;86,63
446;allmpnet;CLS+MAX-NS_SUM-7-9;two-tokens;CLS+MAX-NS;SUM-7-9;4,00;torch.Size([61, 1536]);12,00;0,00;batch-64-nhid-0-inlayer-12;NORMAL;84,35;66,06;94,84;31,75;50,08;89,00;71,54;69,66
447;allmpnet;AVG+SUM_SUM-7-9;two-tokens;AVG+SUM;SUM-7-9;4,00;torch.Size([61, 1536]);12,00;0,00;batch-64-nhid-0-inlayer-12;NORMAL;85,40;88,34;94,61;89,30;90,72;94,40;68,93;87,39
448;allmpnet;AVG+MAX_SUM-7-9;two-tokens;AVG+MAX;SUM-7-9;4,00;torch.Size([61, 1536]);12,00;0,00;batch-64-nhid-0-inlayer-12;NORMAL;85,10;90,09;95,25;89,98;91,60;94,80;70,90;88,25
449;allmpnet;AVG+AVG-NS_SUM-7-9;two-tokens;AVG+AVG-NS;SUM-7-9;4,00;torch.Size([61, 1536]);12,00;0,00;batch-64-nhid-0-inlayer-12;NORMAL;86,06;90,78;95,84;89,83;91,43;95,40;72,12;88,78
450;allmpnet;AVG+SUM-NS_SUM-7-9;two-tokens;AVG+SUM-NS;SUM-7-9;4,00;torch.Size([61, 1536]);12,00;0,00;batch-64-nhid-0-inlayer-12;NORMAL;84,80;87,92;94,52;88,94;90,28;93,00;68,58;86,86
451;allmpnet;AVG+MAX-NS_SUM-7-9;two-tokens;AVG+MAX-NS;SUM-7-9;4,00;torch.Size([61, 1536]);12,00;0,00;batch-64-nhid-0-inlayer-12;NORMAL;84,65;66,25;95,03;31,75;50,08;92,20;70,32;70,04
452;allmpnet;SUM+MAX_SUM-7-9;two-tokens;SUM+MAX;SUM-7-9;4,00;torch.Size([61, 1536]);12,00;0,00;batch-64-nhid-0-inlayer-12;NORMAL;85,24;88,18;94,54;88,60;91,54;94,00;68,52;87,23
453;allmpnet;SUM+AVG-NS_SUM-7-9;two-tokens;SUM+AVG-NS;SUM-7-9;4,00;torch.Size([61, 1536]);12,00;0,00;batch-64-nhid-0-inlayer-12;NORMAL;85,42;88,37;94,43;88,80;91,16;94,60;68,41;87,31
454;allmpnet;SUM+SUM-NS_SUM-7-9;two-tokens;SUM+SUM-NS;SUM-7-9;4,00;torch.Size([61, 1536]);12,00;0,00;batch-64-nhid-0-inlayer-12;NORMAL;84,52;88,95;94,83;88,38;90,33;95,20;68,29;87,21
455;allmpnet;SUM+MAX-NS_SUM-7-9;two-tokens;SUM+MAX-NS;SUM-7-9;4,00;torch.Size([61, 1536]);12,00;0,00;batch-64-nhid-0-inlayer-12;NORMAL;85,11;87,79;94,44;35,50;50,08;94,40;68,87;73,74
456;allmpnet;MAX+AVG-NS_SUM-7-9;two-tokens;MAX+AVG-NS;SUM-7-9;4,00;torch.Size([61, 1536]);12,00;0,00;batch-64-nhid-0-inlayer-12;NORMAL;84,40;89,96;95,10;89,05;91,05;93,40;71,77;87,82
457;allmpnet;MAX+SUM-NS_SUM-7-9;two-tokens;MAX+SUM-NS;SUM-7-9;4,00;torch.Size([61, 1536]);12,00;0,00;batch-64-nhid-0-inlayer-12;NORMAL;84,41;88,13;94,53;88,62;90,88;93,40;68,58;86,94
458;allmpnet;MAX+MAX-NS_SUM-7-9;two-tokens;MAX+MAX-NS;SUM-7-9;4,00;torch.Size([61, 1536]);12,00;0,00;batch-64-nhid-0-inlayer-12;NORMAL;83,66;68,07;93,77;35,50;50,08;93,00;71,42;70,79
459;allmpnet;AVG-NS+SUM-NS_SUM-7-9;two-tokens;AVG-NS+SUM-NS;SUM-7-9;4,00;torch.Size([61, 1536]);12,00;0,00;batch-64-nhid-0-inlayer-12;NORMAL;84,74;87,63;94,42;88,55;90,17;92,00;68,64;86,59
460;allmpnet;AVG-NS+MAX-NS_SUM-7-9;two-tokens;AVG-NS+MAX-NS;SUM-7-9;4,00;torch.Size([61, 1536]);12,00;0,00;batch-64-nhid-0-inlayer-12;NORMAL;84,21;65,98;94,68;31,75;50,08;91,00;70,84;69,79
461;allmpnet;SUM-NS+MAX-NS_SUM-7-9;two-tokens;SUM-NS+MAX-NS;SUM-7-9;4,00;torch.Size([61, 1536]);12,00;0,00;batch-64-nhid-0-inlayer-12;NORMAL;84,38;66,09;94,47;35,50;50,08;92,20;69,04;70,25
462;allmpnet;CLS+AVG_SUM-8-10;two-tokens;CLS+AVG;SUM-8-10;4,00;torch.Size([61, 1536]);12,00;0,00;batch-64-nhid-0-inlayer-12;NORMAL;86,75;91,68;96,06;90,42;92,04;96,00;75,77;89,82
463;allmpnet;CLS+SUM_SUM-8-10;two-tokens;CLS+SUM;SUM-8-10;4,00;torch.Size([61, 1536]);12,00;0,00;batch-64-nhid-0-inlayer-12;NORMAL;85,44;88,00;94,08;88,71;90,94;95,80;70,38;87,62
464;allmpnet;CLS+MAX_SUM-8-10;two-tokens;CLS+MAX;SUM-8-10;4,00;torch.Size([61, 1536]);12,00;0,00;batch-64-nhid-0-inlayer-12;NORMAL;85,14;88,98;94,39;89,08;90,61;92,80;71,77;87,54
465;allmpnet;CLS+AVG-NS_SUM-8-10;two-tokens;CLS+AVG-NS;SUM-8-10;4,00;torch.Size([61, 1536]);12,00;0,00;batch-64-nhid-0-inlayer-12;NORMAL;86,51;91,07;95,82;89,61;91,43;92,00;72,64;88,44
466;allmpnet;CLS+SUM-NS_SUM-8-10;two-tokens;CLS+SUM-NS;SUM-8-10;4,00;torch.Size([61, 1536]);12,00;0,00;batch-64-nhid-0-inlayer-12;NORMAL;84,81;87,74;94,04;88,54;90,39;92,60;70,96;87,01
467;allmpnet;CLS+MAX-NS_SUM-8-10;two-tokens;CLS+MAX-NS;SUM-8-10;4,00;torch.Size([61, 1536]);12,00;0,00;batch-64-nhid-0-inlayer-12;NORMAL;84,71;66,01;94,05;40,06;50,08;87,80;71,19;70,56
468;allmpnet;AVG+SUM_SUM-8-10;two-tokens;AVG+SUM;SUM-8-10;4,00;torch.Size([61, 1536]);12,00;0,00;batch-64-nhid-0-inlayer-12;NORMAL;85,43;87,97;94,22;88,83;90,61;95,40;70,20;87,52
469;allmpnet;AVG+MAX_SUM-8-10;two-tokens;AVG+MAX;SUM-8-10;4,00;torch.Size([61, 1536]);12,00;0,00;batch-64-nhid-0-inlayer-12;NORMAL;85,37;89,85;95,14;89,52;90,88;94,00;73,10;88,27
470;allmpnet;AVG+AVG-NS_SUM-8-10;two-tokens;AVG+AVG-NS;SUM-8-10;4,00;torch.Size([61, 1536]);12,00;0,00;batch-64-nhid-0-inlayer-12;NORMAL;86,07;91,13;95,70;89,62;91,10;96,20;74,26;89,15
471;allmpnet;AVG+SUM-NS_SUM-8-10;two-tokens;AVG+SUM-NS;SUM-8-10;4,00;torch.Size([61, 1536]);12,00;0,00;batch-64-nhid-0-inlayer-12;NORMAL;84,83;88,22;94,17;88,97;90,61;93,20;70,26;87,18
472;allmpnet;AVG+MAX-NS_SUM-8-10;two-tokens;AVG+MAX-NS;SUM-8-10;4,00;torch.Size([61, 1536]);12,00;0,00;batch-64-nhid-0-inlayer-12;NORMAL;85,12;66,12;94,79;40,06;50,08;93,60;71,65;71,63
473;allmpnet;SUM+MAX_SUM-8-10;two-tokens;SUM+MAX;SUM-8-10;4,00;torch.Size([61, 1536]);12,00;0,00;batch-64-nhid-0-inlayer-12;NORMAL;85,28;88,29;94,24;88,54;90,94;95,40;70,26;87,56
474;allmpnet;SUM+AVG-NS_SUM-8-10;two-tokens;SUM+AVG-NS;SUM-8-10;4,00;torch.Size([61, 1536]);12,00;0,00;batch-64-nhid-0-inlayer-12;NORMAL;85,38;88,00;94,24;88,57;90,55;95,60;70,43;87,54
475;allmpnet;SUM+SUM-NS_SUM-8-10;two-tokens;SUM+SUM-NS;SUM-8-10;4,00;torch.Size([61, 1536]);12,00;0,00;batch-64-nhid-0-inlayer-12;NORMAL;84,68;88,56;94,45;88,21;90,77;96,00;69,16;87,40
476;allmpnet;SUM+MAX-NS_SUM-8-10;two-tokens;SUM+MAX-NS;SUM-8-10;4,00;torch.Size([61, 1536]);12,00;0,00;batch-64-nhid-0-inlayer-12;NORMAL;85,39;86,38;94,13;43,09;50,08;95,60;70,38;75,01
477;allmpnet;MAX+AVG-NS_SUM-8-10;two-tokens;MAX+AVG-NS;SUM-8-10;4,00;torch.Size([61, 1536]);12,00;0,00;batch-64-nhid-0-inlayer-12;NORMAL;84,65;89,56;95,00;88,99;91,27;94,20;72,41;88,01
478;allmpnet;MAX+SUM-NS_SUM-8-10;two-tokens;MAX+SUM-NS;SUM-8-10;4,00;torch.Size([61, 1536]);12,00;0,00;batch-64-nhid-0-inlayer-12;NORMAL;84,74;88,37;94,04;88,22;90,50;94,40;70,90;87,31
479;allmpnet;MAX+MAX-NS_SUM-8-10;two-tokens;MAX+MAX-NS;SUM-8-10;4,00;torch.Size([61, 1536]);12,00;0,00;batch-64-nhid-0-inlayer-12;NORMAL;83,79;65,83;93,78;43,09;50,08;92,40;68,29;71,04
480;allmpnet;AVG-NS+SUM-NS_SUM-8-10;two-tokens;AVG-NS+SUM-NS;SUM-8-10;4,00;torch.Size([61, 1536]);12,00;0,00;batch-64-nhid-0-inlayer-12;NORMAL;84,84;87,82;94,15;88,23;89,95;93,00;70,61;86,94
481;allmpnet;AVG-NS+MAX-NS_SUM-8-10;two-tokens;AVG-NS+MAX-NS;SUM-8-10;4,00;torch.Size([61, 1536]);12,00;0,00;batch-64-nhid-0-inlayer-12;NORMAL;84,62;66,06;94,57;40,06;50,08;91,40;70,49;71,04
482;allmpnet;SUM-NS+MAX-NS_SUM-8-10;two-tokens;SUM-NS+MAX-NS;SUM-8-10;4,00;torch.Size([61, 1536]);12,00;0,00;batch-64-nhid-0-inlayer-12;NORMAL;84,33;68,87;94,14;43,09;50,08;94,20;70,67;72,20
483;allmpnet;CLS+AVG_SUM-9-11;two-tokens;CLS+AVG;SUM-9-11;4,00;torch.Size([61, 1536]);12,00;0,00;batch-64-nhid-0-inlayer-12;NORMAL;86,52;91,58;95,73;90,27;91,76;97,00;73,22;89,44
484;allmpnet;CLS+SUM_SUM-9-11;two-tokens;CLS+SUM;SUM-9-11;4,00;torch.Size([61, 1536]);12,00;0,00;batch-64-nhid-0-inlayer-12;NORMAL;84,97;88,93;94,07;88,60;90,33;96,20;70,32;87,63
485;allmpnet;CLS+MAX_SUM-9-11;two-tokens;CLS+MAX;SUM-9-11;4,00;torch.Size([61, 1536]);12,00;0,00;batch-64-nhid-0-inlayer-12;NORMAL;84,21;87,52;93,88;88,79;90,94;93,60;71,77;87,24
486;allmpnet;CLS+AVG-NS_SUM-9-11;two-tokens;CLS+AVG-NS;SUM-9-11;4,00;torch.Size([61, 1536]);12,00;0,00;batch-64-nhid-0-inlayer-12;NORMAL;85,72;90,36;95,48;89,36;90,83;93,00;72,41;88,17
487;allmpnet;CLS+SUM-NS_SUM-9-11;two-tokens;CLS+SUM-NS;SUM-9-11;4,00;torch.Size([61, 1536]);12,00;0,00;batch-64-nhid-0-inlayer-12;NORMAL;84,67;87,26;94,13;88,63;90,83;91,80;70,72;86,86
488;allmpnet;CLS+MAX-NS_SUM-9-11;two-tokens;CLS+MAX-NS;SUM-9-11;4,00;torch.Size([61, 1536]);12,00;0,00;batch-64-nhid-0-inlayer-12;NORMAL;83,74;65,85;93,32;40,06;50,08;89,40;70,14;70,37
489;allmpnet;AVG+SUM_SUM-9-11;two-tokens;AVG+SUM;SUM-9-11;4,00;torch.Size([61, 1536]);12,00;0,00;batch-64-nhid-0-inlayer-12;NORMAL;84,95;88,82;94,12;88,83;90,39;96,00;71,30;87,77
490;allmpnet;AVG+MAX_SUM-9-11;two-tokens;AVG+MAX;SUM-9-11;4,00;torch.Size([61, 1536]);12,00;0,00;batch-64-nhid-0-inlayer-12;NORMAL;85,51;89,91;95,10;89,48;91,21;94,80;74,03;88,58
491;allmpnet;AVG+AVG-NS_SUM-9-11;two-tokens;AVG+AVG-NS;SUM-9-11;4,00;torch.Size([61, 1536]);12,00;0,00;batch-64-nhid-0-inlayer-12;NORMAL;86,23;91,07;95,58;89,72;91,10;96,00;72,00;88,81
492;allmpnet;AVG+SUM-NS_SUM-9-11;two-tokens;AVG+SUM-NS;SUM-9-11;4,00;torch.Size([61, 1536]);12,00;0,00;batch-64-nhid-0-inlayer-12;NORMAL;84,82;87,34;94,18;89,04;90,23;93,40;70,49;87,07
493;allmpnet;AVG+MAX-NS_SUM-9-11;two-tokens;AVG+MAX-NS;SUM-9-11;4,00;torch.Size([61, 1536]);12,00;0,00;batch-64-nhid-0-inlayer-12;NORMAL;85,45;66,17;94,92;40,06;50,08;93,60;72,52;71,83
494;allmpnet;SUM+MAX_SUM-9-11;two-tokens;SUM+MAX;SUM-9-11;4,00;torch.Size([61, 1536]);12,00;0,00;batch-64-nhid-0-inlayer-12;NORMAL;84,89;88,98;94,02;88,35;90,94;95,20;70,20;87,51
495;allmpnet;SUM+AVG-NS_SUM-9-11;two-tokens;SUM+AVG-NS;SUM-9-11;4,00;torch.Size([61, 1536]);12,00;0,00;batch-64-nhid-0-inlayer-12;NORMAL;84,81;88,74;94,04;88,24;90,39;96,00;70,32;87,51
496;allmpnet;SUM+SUM-NS_SUM-9-11;two-tokens;SUM+SUM-NS;SUM-9-11;4,00;torch.Size([61, 1536]);12,00;0,00;batch-64-nhid-0-inlayer-12;NORMAL;84,71;88,77;93,94;88,19;90,61;95,80;70,14;87,45
497;allmpnet;SUM+MAX-NS_SUM-9-11;two-tokens;SUM+MAX-NS;SUM-9-11;4,00;torch.Size([61, 1536]);12,00;0,00;batch-64-nhid-0-inlayer-12;NORMAL;84,88;85,06;93,90;43,09;50,08;95,80;69,62;74,63
498;allmpnet;MAX+AVG-NS_SUM-9-11;two-tokens;MAX+AVG-NS;SUM-9-11;4,00;torch.Size([61, 1536]);12,00;0,00;batch-64-nhid-0-inlayer-12;NORMAL;84,94;89,19;94,73;88,91;90,39;95,00;71,77;87,85
499;allmpnet;MAX+SUM-NS_SUM-9-11;two-tokens;MAX+SUM-NS;SUM-9-11;4,00;torch.Size([61, 1536]);12,00;0,00;batch-64-nhid-0-inlayer-12;NORMAL;84,81;87,92;94,23;88,24;89,73;94,80;70,49;87,17
500;allmpnet;MAX+MAX-NS_SUM-9-11;two-tokens;MAX+MAX-NS;SUM-9-11;4,00;torch.Size([61, 1536]);12,00;0,00;batch-64-nhid-0-inlayer-12;NORMAL;83,92;66,01;93,72;43,09;50,08;94,00;69,68;71,50
501;allmpnet;AVG-NS+SUM-NS_SUM-9-11;two-tokens;AVG-NS+SUM-NS;SUM-9-11;4,00;torch.Size([61, 1536]);12,00;0,00;batch-64-nhid-0-inlayer-12;NORMAL;84,65;87,23;94,18;87,91;90,44;91,00;71,30;86,67
502;allmpnet;AVG-NS+MAX-NS_SUM-9-11;two-tokens;AVG-NS+MAX-NS;SUM-9-11;4,00;torch.Size([61, 1536]);12,00;0,00;batch-64-nhid-0-inlayer-12;NORMAL;84,98;66,12;94,55;40,06;50,08;91,00;70,96;71,11
503;allmpnet;SUM-NS+MAX-NS_SUM-9-11;two-tokens;SUM-NS+MAX-NS;SUM-9-11;4,00;torch.Size([61, 1536]);12,00;0,00;batch-64-nhid-0-inlayer-12;NORMAL;84,17;80,26;94,20;43,09;50,08;91,60;70,49;73,41
504;allmpnet;CLS+AVG_SUM-10-12;two-tokens;CLS+AVG;SUM-10-12;4,00;torch.Size([61, 1536]);12,00;0,00;batch-64-nhid-0-inlayer-12;NORMAL;86,13;90,91;95,63;90,43;90,55;96,00;74,55;89,17
505;allmpnet;CLS+SUM_SUM-10-12;two-tokens;CLS+SUM;SUM-10-12;4,00;torch.Size([61, 1536]);12,00;0,00;batch-64-nhid-0-inlayer-12;NORMAL;84,44;87,28;94,10;88,83;89,79;94,00;71,01;87,06
506;allmpnet;CLS+MAX_SUM-10-12;two-tokens;CLS+MAX;SUM-10-12;4,00;torch.Size([61, 1536]);12,00;0,00;batch-64-nhid-0-inlayer-12;NORMAL;84,14;88,45;93,96;89,36;89,57;94,60;70,72;87,26
507;allmpnet;CLS+AVG-NS_SUM-10-12;two-tokens;CLS+AVG-NS;SUM-10-12;4,00;torch.Size([61, 1536]);12,00;0,00;batch-64-nhid-0-inlayer-12;NORMAL;86,06;90,17;95,52;89,88;90,17;93,20;73,10;88,30
508;allmpnet;CLS+SUM-NS_SUM-10-12;two-tokens;CLS+SUM-NS;SUM-10-12;4,00;torch.Size([61, 1536]);12,00;0,00;batch-64-nhid-0-inlayer-12;NORMAL;84,41;86,99;93,86;89,06;89,90;89,40;69,97;86,23
509;allmpnet;CLS+MAX-NS_SUM-10-12;two-tokens;CLS+MAX-NS;SUM-10-12;4,00;torch.Size([61, 1536]);12,00;0,00;batch-64-nhid-0-inlayer-12;NORMAL;83,71;66,17;93,81;39,95;50,08;91,40;70,43;70,79
510;allmpnet;AVG+SUM_SUM-10-12;two-tokens;AVG+SUM;SUM-10-12;4,00;torch.Size([61, 1536]);12,00;0,00;batch-64-nhid-0-inlayer-12;NORMAL;84,39;87,42;94,02;88,82;89,84;94,40;71,65;87,22
511;allmpnet;AVG+MAX_SUM-10-12;two-tokens;AVG+MAX;SUM-10-12;4,00;torch.Size([61, 1536]);12,00;0,00;batch-64-nhid-0-inlayer-12;NORMAL;85,06;89,38;94,85;89,54;90,72;94,60;72,29;88,06
512;allmpnet;AVG+AVG-NS_SUM-10-12;two-tokens;AVG+AVG-NS;SUM-10-12;4,00;torch.Size([61, 1536]);12,00;0,00;batch-64-nhid-0-inlayer-12;NORMAL;85,93;90,36;95,50;89,75;90,50;94,80;72,46;88,47
513;allmpnet;AVG+SUM-NS_SUM-10-12;two-tokens;AVG+SUM-NS;SUM-10-12;4,00;torch.Size([61, 1536]);12,00;0,00;batch-64-nhid-0-inlayer-12;NORMAL;84,34;87,00;93,69;88,98;89,62;89,60;70,61;86,26
514;allmpnet;AVG+MAX-NS_SUM-10-12;two-tokens;AVG+MAX-NS;SUM-10-12;4,00;torch.Size([61, 1536]);12,00;0,00;batch-64-nhid-0-inlayer-12;NORMAL;84,75;66,28;94,85;39,95;50,08;94,80;71,07;71,68
515;allmpnet;SUM+MAX_SUM-10-12;two-tokens;SUM+MAX;SUM-10-12;4,00;torch.Size([61, 1536]);12,00;0,00;batch-64-nhid-0-inlayer-12;NORMAL;84,45;87,39;94,13;88,24;89,79;94,40;71,36;87,11
516;allmpnet;SUM+AVG-NS_SUM-10-12;two-tokens;SUM+AVG-NS;SUM-10-12;4,00;torch.Size([61, 1536]);12,00;0,00;batch-64-nhid-0-inlayer-12;NORMAL;84,35;87,34;94,08;88,29;89,68;94,20;71,59;87,08
517;allmpnet;SUM+SUM-NS_SUM-10-12;two-tokens;SUM+SUM-NS;SUM-10-12;4,00;torch.Size([61, 1536]);12,00;0,00;batch-64-nhid-0-inlayer-12;NORMAL;83,95;88,05;94,00;88,20;90,44;94,40;70,61;87,09
518;allmpnet;SUM+MAX-NS_SUM-10-12;two-tokens;SUM+MAX-NS;SUM-10-12;4,00;torch.Size([61, 1536]);12,00;0,00;batch-64-nhid-0-inlayer-12;NORMAL;84,34;83,81;94,04;42,98;50,08;93,80;72,06;74,44
519;allmpnet;MAX+AVG-NS_SUM-10-12;two-tokens;MAX+AVG-NS;SUM-10-12;4,00;torch.Size([61, 1536]);12,00;0,00;batch-64-nhid-0-inlayer-12;NORMAL;84,62;89,30;94,69;89,15;90,33;94,60;72,99;87,95
520;allmpnet;MAX+SUM-NS_SUM-10-12;two-tokens;MAX+SUM-NS;SUM-10-12;4,00;torch.Size([61, 1536]);12,00;0,00;batch-64-nhid-0-inlayer-12;NORMAL;84,25;87,79;93,62;88,31;89,79;92,80;70,55;86,73
521;allmpnet;MAX+MAX-NS_SUM-10-12;two-tokens;MAX+MAX-NS;SUM-10-12;4,00;torch.Size([61, 1536]);12,00;0,00;batch-64-nhid-0-inlayer-12;NORMAL;83,58;66,17;93,53;39,95;50,08;93,60;69,28;70,88
522;allmpnet;AVG-NS+SUM-NS_SUM-10-12;two-tokens;AVG-NS+SUM-NS;SUM-10-12;4,00;torch.Size([61, 1536]);12,00;0,00;batch-64-nhid-0-inlayer-12;NORMAL;84,26;87,10;93,72;88,14;89,46;89,40;70,32;86,06
523;allmpnet;AVG-NS+MAX-NS_SUM-10-12;two-tokens;AVG-NS+MAX-NS;SUM-10-12;4,00;torch.Size([61, 1536]);12,00;0,00;batch-64-nhid-0-inlayer-12;NORMAL;84,44;66,12;94,64;39,95;50,08;91,60;71,88;71,24
524;allmpnet;SUM-NS+MAX-NS_SUM-10-12;two-tokens;SUM-NS+MAX-NS;SUM-10-12;4,00;torch.Size([61, 1536]);12,00;0,00;batch-64-nhid-0-inlayer-12;NORMAL;84,20;67,65;93,76;42,98;50,08;90,00;70,20;71,27
525;allmpnet;CLS+AVG_SUM-1-4;two-tokens;CLS+AVG;SUM-1-4;4,00;torch.Size([61, 1536]);12,00;0,00;batch-64-nhid-0-inlayer-12;NORMAL;80,87;86,07;95,17;89,98;85,83;91,20;73,51;86,09
526;allmpnet;CLS+SUM_SUM-1-4;two-tokens;CLS+SUM;SUM-1-4;4,00;torch.Size([61, 1536]);12,00;0,00;batch-64-nhid-0-inlayer-12;NORMAL;79,86;82,73;93,43;88,70;84,79;89,40;70,03;84,13
527;allmpnet;CLS+MAX_SUM-1-4;two-tokens;CLS+MAX;SUM-1-4;4,00;torch.Size([61, 1536]);12,00;0,00;batch-64-nhid-0-inlayer-12;NORMAL;76,86;81,22;92,49;88,63;81,88;88,80;72,06;83,13
528;allmpnet;CLS+AVG-NS_SUM-1-4;two-tokens;CLS+AVG-NS;SUM-1-4;4,00;torch.Size([61, 1536]);12,00;0,00;batch-64-nhid-0-inlayer-12;NORMAL;79,56;83,90;94,65;89,14;84,79;86,20;71,94;84,31
529;allmpnet;CLS+SUM-NS_SUM-1-4;two-tokens;CLS+SUM-NS;SUM-1-4;4,00;torch.Size([61, 1536]);12,00;0,00;batch-64-nhid-0-inlayer-12;NORMAL;78,91;80,21;92,72;87,90;84,73;84,80;69,86;82,73
530;allmpnet;CLS+MAX-NS_SUM-1-4;two-tokens;CLS+MAX-NS;SUM-1-4;4,00;torch.Size([61, 1536]);12,00;0,00;batch-64-nhid-0-inlayer-12;NORMAL;76,30;65,22;91,52;35,50;50,08;84,40;71,13;67,74
531;allmpnet;AVG+SUM_SUM-1-4;two-tokens;AVG+SUM;SUM-1-4;4,00;torch.Size([61, 1536]);12,00;0,00;batch-64-nhid-0-inlayer-12;NORMAL;79,94;82,75;93,34;88,75;84,35;90,20;69,91;84,18
532;allmpnet;AVG+MAX_SUM-1-4;two-tokens;AVG+MAX;SUM-1-4;4,00;torch.Size([61, 1536]);12,00;0,00;batch-64-nhid-0-inlayer-12;NORMAL;79,56;83,39;93,99;88,45;84,84;90,00;70,78;84,43
533;allmpnet;AVG+AVG-NS_SUM-1-4;two-tokens;AVG+AVG-NS;SUM-1-4;4,00;torch.Size([61, 1536]);12,00;0,00;batch-64-nhid-0-inlayer-12;NORMAL;80,88;85,38;94,92;89,10;86,22;91,20;72,23;85,70
534;allmpnet;AVG+SUM-NS_SUM-1-4;two-tokens;AVG+SUM-NS;SUM-1-4;4,00;torch.Size([61, 1536]);12,00;0,00;batch-64-nhid-0-inlayer-12;NORMAL;79,32;80,42;92,74;88,49;85,50;86,20;69,39;83,15
535;allmpnet;AVG+MAX-NS_SUM-1-4;two-tokens;AVG+MAX-NS;SUM-1-4;4,00;torch.Size([61, 1536]);12,00;0,00;batch-64-nhid-0-inlayer-12;NORMAL;79,49;65,72;93,89;31,75;50,08;89,40;70,03;68,62
536;allmpnet;SUM+MAX_SUM-1-4;two-tokens;SUM+MAX;SUM-1-4;4,00;torch.Size([61, 1536]);12,00;0,00;batch-64-nhid-0-inlayer-12;NORMAL;80,16;82,62;93,22;87,77;85,01;90,80;70,14;84,25
537;allmpnet;SUM+AVG-NS_SUM-1-4;two-tokens;SUM+AVG-NS;SUM-1-4;4,00;torch.Size([61, 1536]);12,00;0,00;batch-64-nhid-0-inlayer-12;NORMAL;79,99;82,97;93,38;87,82;84,73;90,00;71,07;84,28
538;allmpnet;SUM+SUM-NS_SUM-1-4;two-tokens;SUM+SUM-NS;SUM-1-4;4,00;torch.Size([61, 1536]);12,00;0,00;batch-64-nhid-0-inlayer-12;NORMAL;79,97;82,54;93,36;87,67;85,56;90,00;69,97;84,15
539;allmpnet;SUM+MAX-NS_SUM-1-4;two-tokens;SUM+MAX-NS;SUM-1-4;4,00;torch.Size([61, 1536]);12,00;0,00;batch-64-nhid-0-inlayer-12;NORMAL;79,77;68,03;93,26;35,50;50,08;90,00;70,55;69,60
540;allmpnet;MAX+AVG-NS_SUM-1-4;two-tokens;MAX+AVG-NS;SUM-1-4;4,00;torch.Size([61, 1536]);12,00;0,00;batch-64-nhid-0-inlayer-12;NORMAL;78,99;82,99;93,83;87,95;85,23;91,00;70,49;84,35
541;allmpnet;MAX+SUM-NS_SUM-1-4;two-tokens;MAX+SUM-NS;SUM-1-4;4,00;torch.Size([61, 1536]);12,00;0,00;batch-64-nhid-0-inlayer-12;NORMAL;78,63;80,34;92,64;87,38;84,84;88,20;70,32;83,19
542;allmpnet;MAX+MAX-NS_SUM-1-4;two-tokens;MAX+MAX-NS;SUM-1-4;4,00;torch.Size([61, 1536]);12,00;0,00;batch-64-nhid-0-inlayer-12;NORMAL;76,27;65,64;92,13;35,50;50,08;89,40;70,32;68,48
543;allmpnet;AVG-NS+SUM-NS_SUM-1-4;two-tokens;AVG-NS+SUM-NS;SUM-1-4;4,00;torch.Size([61, 1536]);12,00;0,00;batch-64-nhid-0-inlayer-12;NORMAL;78,80;80,16;92,68;87,48;84,51;85,60;69,39;82,66
544;allmpnet;AVG-NS+MAX-NS_SUM-1-4;two-tokens;AVG-NS+MAX-NS;SUM-1-4;4,00;torch.Size([61, 1536]);12,00;0,00;batch-64-nhid-0-inlayer-12;NORMAL;78,57;65,38;93,42;31,75;50,08;84,60;70,67;67,78
545;allmpnet;SUM-NS+MAX-NS_SUM-1-4;two-tokens;SUM-NS+MAX-NS;SUM-1-4;4,00;torch.Size([61, 1536]);12,00;0,00;batch-64-nhid-0-inlayer-12;NORMAL;78,25;68,56;92,54;35,50;50,08;86,40;69,57;68,70
546;allmpnet;CLS+AVG_SUM-2-5;two-tokens;CLS+AVG;SUM-2-5;4,00;torch.Size([61, 1536]);12,00;0,00;batch-64-nhid-0-inlayer-12;NORMAL;83,12;88,58;95,78;90,03;87,26;92,00;74,61;87,34
547;allmpnet;CLS+SUM_SUM-2-5;two-tokens;CLS+SUM;SUM-2-5;4,00;torch.Size([61, 1536]);12,00;0,00;batch-64-nhid-0-inlayer-12;NORMAL;82,16;84,40;93,50;88,78;86,27;91,40;68,75;85,04
548;allmpnet;CLS+MAX_SUM-2-5;two-tokens;CLS+MAX;SUM-2-5;4,00;torch.Size([61, 1536]);12,00;0,00;batch-64-nhid-0-inlayer-12;NORMAL;79,24;82,97;94,02;88,98;85,34;90,20;72,17;84,70
549;allmpnet;CLS+AVG-NS_SUM-2-5;two-tokens;CLS+AVG-NS;SUM-2-5;4,00;torch.Size([61, 1536]);12,00;0,00;batch-64-nhid-0-inlayer-12;NORMAL;82,07;86,46;95,51;89,08;86,05;88,80;72,17;85,73
550;allmpnet;CLS+SUM-NS_SUM-2-5;two-tokens;CLS+SUM-NS;SUM-2-5;4,00;torch.Size([61, 1536]);12,00;0,00;batch-64-nhid-0-inlayer-12;NORMAL;80,77;81,67;93,40;88,13;85,17;87,20;69,62;83,71
551;allmpnet;CLS+MAX-NS_SUM-2-5;two-tokens;CLS+MAX-NS;SUM-2-5;4,00;torch.Size([61, 1536]);12,00;0,00;batch-64-nhid-0-inlayer-12;NORMAL;79,06;65,54;93,63;31,75;50,08;88,60;71,36;68,57
552;allmpnet;AVG+SUM_SUM-2-5;two-tokens;AVG+SUM;SUM-2-5;4,00;torch.Size([61, 1536]);12,00;0,00;batch-64-nhid-0-inlayer-12;NORMAL;82,08;84,37;93,50;89,05;85,72;91,80;68,58;85,01
553;allmpnet;AVG+MAX_SUM-2-5;two-tokens;AVG+MAX;SUM-2-5;4,00;torch.Size([61, 1536]);12,00;0,00;batch-64-nhid-0-inlayer-12;NORMAL;80,77;85,72;94,33;89,16;86,66;91,60;71,88;85,73
554;allmpnet;AVG+AVG-NS_SUM-2-5;two-tokens;AVG+AVG-NS;SUM-2-5;4,00;torch.Size([61, 1536]);12,00;0,00;batch-64-nhid-0-inlayer-12;NORMAL;82,72;87,55;95,49;89,37;87,92;91,80;72,87;86,82
555;allmpnet;AVG+SUM-NS_SUM-2-5;two-tokens;AVG+SUM-NS;SUM-2-5;4,00;torch.Size([61, 1536]);12,00;0,00;batch-64-nhid-0-inlayer-12;NORMAL;81,06;81,70;93,31;88,75;85,89;88,00;69,80;84,07
556;allmpnet;AVG+MAX-NS_SUM-2-5;two-tokens;AVG+MAX-NS;SUM-2-5;4,00;torch.Size([61, 1536]);12,00;0,00;batch-64-nhid-0-inlayer-12;NORMAL;81,45;65,75;94,46;31,75;50,08;92,60;71,36;69,64
557;allmpnet;SUM+MAX_SUM-2-5;two-tokens;SUM+MAX;SUM-2-5;4,00;torch.Size([61, 1536]);12,00;0,00;batch-64-nhid-0-inlayer-12;NORMAL;81,90;84,48;93,74;87,94;85,78;91,60;69,28;84,96
558;allmpnet;SUM+AVG-NS_SUM-2-5;two-tokens;SUM+AVG-NS;SUM-2-5;4,00;torch.Size([61, 1536]);12,00;0,00;batch-64-nhid-0-inlayer-12;NORMAL;82,20;84,40;93,53;88,34;86,38;91,80;69,28;85,13
559;allmpnet;SUM+SUM-NS_SUM-2-5;two-tokens;SUM+SUM-NS;SUM-2-5;4,00;torch.Size([61, 1536]);12,00;0,00;batch-64-nhid-0-inlayer-12;NORMAL;81,43;84,16;94,18;88,14;86,82;91,80;69,45;85,14
560;allmpnet;SUM+MAX-NS_SUM-2-5;two-tokens;SUM+MAX-NS;SUM-2-5;4,00;torch.Size([61, 1536]);12,00;0,00;batch-64-nhid-0-inlayer-12;NORMAL;82,01;79,15;93,56;35,50;50,08;91,40;69,22;71,56
561;allmpnet;MAX+AVG-NS_SUM-2-5;two-tokens;MAX+AVG-NS;SUM-2-5;4,00;torch.Size([61, 1536]);12,00;0,00;batch-64-nhid-0-inlayer-12;NORMAL;80,25;85,35;94,25;88,15;86,44;92,40;71,88;85,53
562;allmpnet;MAX+SUM-NS_SUM-2-5;two-tokens;MAX+SUM-NS;SUM-2-5;4,00;torch.Size([61, 1536]);12,00;0,00;batch-64-nhid-0-inlayer-12;NORMAL;80,45;82,68;93,53;88,28;85,67;90,20;70,20;84,43
563;allmpnet;MAX+MAX-NS_SUM-2-5;two-tokens;MAX+MAX-NS;SUM-2-5;4,00;torch.Size([61, 1536]);12,00;0,00;batch-64-nhid-0-inlayer-12;NORMAL;78,16;65,54;92,90;35,50;50,08;90,60;71,77;69,22
564;allmpnet;AVG-NS+SUM-NS_SUM-2-5;two-tokens;AVG-NS+SUM-NS;SUM-2-5;4,00;torch.Size([61, 1536]);12,00;0,00;batch-64-nhid-0-inlayer-12;NORMAL;80,86;81,11;93,04;87,54;85,12;86,80;69,28;83,39
565;allmpnet;AVG-NS+MAX-NS_SUM-2-5;two-tokens;AVG-NS+MAX-NS;SUM-2-5;4,00;torch.Size([61, 1536]);12,00;0,00;batch-64-nhid-0-inlayer-12;NORMAL;80,26;65,38;94,04;31,75;50,08;88,00;70,84;68,62
566;allmpnet;SUM-NS+MAX-NS_SUM-2-5;two-tokens;SUM-NS+MAX-NS;SUM-2-5;4,00;torch.Size([61, 1536]);12,00;0,00;batch-64-nhid-0-inlayer-12;NORMAL;80,30;68,98;93,49;31,75;50,08;88,80;69,45;68,98
567;allmpnet;CLS+AVG_SUM-3-6;two-tokens;CLS+AVG;SUM-3-6;4,00;torch.Size([61, 1536]);12,00;0,00;batch-64-nhid-0-inlayer-12;NORMAL;84,87;90,60;96,26;90,30;89,46;93,60;76,23;88,76
568;allmpnet;CLS+SUM_SUM-3-6;two-tokens;CLS+SUM;SUM-3-6;4,00;torch.Size([61, 1536]);12,00;0,00;batch-64-nhid-0-inlayer-12;NORMAL;83,95;86,49;94,08;89,23;89,07;93,80;68,93;86,51
569;allmpnet;CLS+MAX_SUM-3-6;two-tokens;CLS+MAX;SUM-3-6;4,00;torch.Size([61, 1536]);12,00;0,00;batch-64-nhid-0-inlayer-12;NORMAL;82,70;85,67;94,81;89,27;88,14;92,80;71,94;86,48
570;allmpnet;CLS+AVG-NS_SUM-3-6;two-tokens;CLS+AVG-NS;SUM-3-6;4,00;torch.Size([61, 1536]);12,00;0,00;batch-64-nhid-0-inlayer-12;NORMAL;84,23;89,38;96,02;89,38;89,35;91,00;72,52;87,41
571;allmpnet;CLS+SUM-NS_SUM-3-6;two-tokens;CLS+SUM-NS;SUM-3-6;4,00;torch.Size([61, 1536]);12,00;0,00;batch-64-nhid-0-inlayer-12;NORMAL;82,73;84,11;93,79;88,38;87,97;87,40;69,22;84,80
572;allmpnet;CLS+MAX-NS_SUM-3-6;two-tokens;CLS+MAX-NS;SUM-3-6;4,00;torch.Size([61, 1536]);12,00;0,00;batch-64-nhid-0-inlayer-12;NORMAL;82,41;65,96;94,61;35,50;50,08;87,40;71,71;69,67
573;allmpnet;AVG+SUM_SUM-3-6;two-tokens;AVG+SUM;SUM-3-6;4,00;torch.Size([61, 1536]);12,00;0,00;batch-64-nhid-0-inlayer-12;NORMAL;83,79;86,65;94,09;89,26;88,85;93,40;68,64;86,38
574;allmpnet;AVG+MAX_SUM-3-6;two-tokens;AVG+MAX;SUM-3-6;4,00;torch.Size([61, 1536]);12,00;0,00;batch-64-nhid-0-inlayer-12;NORMAL;82,97;86,84;94,87;89,60;88,74;93,60;72,93;87,08
575;allmpnet;AVG+AVG-NS_SUM-3-6;two-tokens;AVG+AVG-NS;SUM-3-6;4,00;torch.Size([61, 1536]);12,00;0,00;batch-64-nhid-0-inlayer-12;NORMAL;84,22;89,25;95,77;89,74;89,29;92,20;72,23;87,53
576;allmpnet;AVG+SUM-NS_SUM-3-6;two-tokens;AVG+SUM-NS;SUM-3-6;4,00;torch.Size([61, 1536]);12,00;0,00;batch-64-nhid-0-inlayer-12;NORMAL;82,54;84,35;93,82;89,18;88,08;89,20;69,04;85,17
577;allmpnet;AVG+MAX-NS_SUM-3-6;two-tokens;AVG+MAX-NS;SUM-3-6;4,00;torch.Size([61, 1536]);12,00;0,00;batch-64-nhid-0-inlayer-12;NORMAL;82,82;65,80;94,90;31,75;50,08;91,80;71,77;69,85
578;allmpnet;SUM+MAX_SUM-3-6;two-tokens;SUM+MAX;SUM-3-6;4,00;torch.Size([61, 1536]);12,00;0,00;batch-64-nhid-0-inlayer-12;NORMAL;83,58;86,84;94,32;88,70;89,24;93,40;68,64;86,39
579;allmpnet;SUM+AVG-NS_SUM-3-6;two-tokens;SUM+AVG-NS;SUM-3-6;4,00;torch.Size([61, 1536]);12,00;0,00;batch-64-nhid-0-inlayer-12;NORMAL;83,85;86,62;94,18;88,70;89,57;93,80;67,83;86,36
580;allmpnet;SUM+SUM-NS_SUM-3-6;two-tokens;SUM+SUM-NS;SUM-3-6;4,00;torch.Size([61, 1536]);12,00;0,00;batch-64-nhid-0-inlayer-12;NORMAL;82,92;87,31;94,66;88,49;88,85;93,60;69,33;86,45
581;allmpnet;SUM+MAX-NS_SUM-3-6;two-tokens;SUM+MAX-NS;SUM-3-6;4,00;torch.Size([61, 1536]);12,00;0,00;batch-64-nhid-0-inlayer-12;NORMAL;83,63;82,99;94,28;35,50;50,08;93,40;68,41;72,61
582;allmpnet;MAX+AVG-NS_SUM-3-6;two-tokens;MAX+AVG-NS;SUM-3-6;4,00;torch.Size([61, 1536]);12,00;0,00;batch-64-nhid-0-inlayer-12;NORMAL;82,11;85,59;94,84;88,79;88,41;94,20;72,29;86,60
583;allmpnet;MAX+SUM-NS_SUM-3-6;two-tokens;MAX+SUM-NS;SUM-3-6;4,00;torch.Size([61, 1536]);12,00;0,00;batch-64-nhid-0-inlayer-12;NORMAL;82,18;84,74;93,82;88,23;87,92;91,40;69,62;85,42
584;allmpnet;MAX+MAX-NS_SUM-3-6;two-tokens;MAX+MAX-NS;SUM-3-6;4,00;torch.Size([61, 1536]);12,00;0,00;batch-64-nhid-0-inlayer-12;NORMAL;80,74;65,72;93,72;35,50;50,08;92,60;72,17;70,08
585;allmpnet;AVG-NS+SUM-NS_SUM-3-6;two-tokens;AVG-NS+SUM-NS;SUM-3-6;4,00;torch.Size([61, 1536]);12,00;0,00;batch-64-nhid-0-inlayer-12;NORMAL;82,40;84,00;93,77;88,38;87,48;88,60;69,16;84,83
586;allmpnet;AVG-NS+MAX-NS_SUM-3-6;two-tokens;AVG-NS+MAX-NS;SUM-3-6;4,00;torch.Size([61, 1536]);12,00;0,00;batch-64-nhid-0-inlayer-12;NORMAL;81,43;65,72;94,53;31,75;50,08;89,20;70,96;69,10
587;allmpnet;SUM-NS+MAX-NS_SUM-3-6;two-tokens;SUM-NS+MAX-NS;SUM-3-6;4,00;torch.Size([61, 1536]);12,00;0,00;batch-64-nhid-0-inlayer-12;NORMAL;82,01;69,46;93,69;31,75;50,08;90,60;68,93;69,50
588;allmpnet;CLS+AVG_SUM-4-7;two-tokens;CLS+AVG;SUM-4-7;4,00;torch.Size([61, 1536]);12,00;0,00;batch-64-nhid-0-inlayer-12;NORMAL;85,47;91,55;96,29;90,73;90,61;93,40;75,42;89,07
589;allmpnet;CLS+SUM_SUM-4-7;two-tokens;CLS+SUM;SUM-4-7;4,00;torch.Size([61, 1536]);12,00;0,00;batch-64-nhid-0-inlayer-12;NORMAL;84,66;87,47;94,45;89,58;90,66;94,20;68,64;87,09
590;allmpnet;CLS+MAX_SUM-4-7;two-tokens;CLS+MAX;SUM-4-7;4,00;torch.Size([61, 1536]);12,00;0,00;batch-64-nhid-0-inlayer-12;NORMAL;83,12;88,34;95,08;89,41;90,28;94,20;72,41;87,55
591;allmpnet;CLS+AVG-NS_SUM-4-7;two-tokens;CLS+AVG-NS;SUM-4-7;4,00;torch.Size([61, 1536]);12,00;0,00;batch-64-nhid-0-inlayer-12;NORMAL;85,18;90,36;96,07;89,41;89,68;91,00;72,41;87,73
592;allmpnet;CLS+SUM-NS_SUM-4-7;two-tokens;CLS+SUM-NS;SUM-4-7;4,00;torch.Size([61, 1536]);12,00;0,00;batch-64-nhid-0-inlayer-12;NORMAL;83,62;85,80;93,99;88,68;88,85;90,40;68,29;85,66
593;allmpnet;CLS+MAX-NS_SUM-4-7;two-tokens;CLS+MAX-NS;SUM-4-7;4,00;torch.Size([61, 1536]);12,00;0,00;batch-64-nhid-0-inlayer-12;NORMAL;83,15;66,09;94,90;31,75;50,08;87,80;72,06;69,40
594;allmpnet;AVG+SUM_SUM-4-7;two-tokens;AVG+SUM;SUM-4-7;4,00;torch.Size([61, 1536]);12,00;0,00;batch-64-nhid-0-inlayer-12;NORMAL;84,78;87,50;94,45;89,49;90,55;94,20;68,17;87,02
595;allmpnet;AVG+MAX_SUM-4-7;two-tokens;AVG+MAX;SUM-4-7;4,00;torch.Size([61, 1536]);12,00;0,00;batch-64-nhid-0-inlayer-12;NORMAL;83,56;88,90;95,11;89,45;90,23;94,60;73,86;87,96
596;allmpnet;AVG+AVG-NS_SUM-4-7;two-tokens;AVG+AVG-NS;SUM-4-7;4,00;torch.Size([61, 1536]);12,00;0,00;batch-64-nhid-0-inlayer-12;NORMAL;85,05;90,23;95,89;89,85;90,88;93,80;71,77;88,21
597;allmpnet;AVG+SUM-NS_SUM-4-7;two-tokens;AVG+SUM-NS;SUM-4-7;4,00;torch.Size([61, 1536]);12,00;0,00;batch-64-nhid-0-inlayer-12;NORMAL;83,66;85,91;93,77;89,25;88,96;91,40;68,23;85,88
598;allmpnet;AVG+MAX-NS_SUM-4-7;two-tokens;AVG+MAX-NS;SUM-4-7;4,00;torch.Size([61, 1536]);12,00;0,00;batch-64-nhid-0-inlayer-12;NORMAL;83,79;65,96;94,99;31,75;50,08;92,80;72,58;70,28
599;allmpnet;SUM+MAX_SUM-4-7;two-tokens;SUM+MAX;SUM-4-7;4,00;torch.Size([61, 1536]);12,00;0,00;batch-64-nhid-0-inlayer-12;NORMAL;84,64;87,74;94,41;88,67;90,44;94,20;68,58;86,95
600;allmpnet;SUM+AVG-NS_SUM-4-7;two-tokens;SUM+AVG-NS;SUM-4-7;4,00;torch.Size([61, 1536]);12,00;0,00;batch-64-nhid-0-inlayer-12;NORMAL;84,67;87,60;94,36;88,86;90,44;94,00;68,58;86,93
601;allmpnet;SUM+SUM-NS_SUM-4-7;two-tokens;SUM+SUM-NS;SUM-4-7;4,00;torch.Size([61, 1536]);12,00;0,00;batch-64-nhid-0-inlayer-12;NORMAL;83,58;88,29;94,75;88,65;89,57;93,40;67,83;86,58
602;allmpnet;SUM+MAX-NS_SUM-4-7;two-tokens;SUM+MAX-NS;SUM-4-7;4,00;torch.Size([61, 1536]);12,00;0,00;batch-64-nhid-0-inlayer-12;NORMAL;84,64;82,81;94,45;35,50;50,08;93,40;68,00;72,70
603;allmpnet;MAX+AVG-NS_SUM-4-7;two-tokens;MAX+AVG-NS;SUM-4-7;4,00;torch.Size([61, 1536]);12,00;0,00;batch-64-nhid-0-inlayer-12;NORMAL;83,19;88,11;94,92;88,73;90,01;94,40;73,22;87,51
604;allmpnet;MAX+SUM-NS_SUM-4-7;two-tokens;MAX+SUM-NS;SUM-4-7;4,00;torch.Size([61, 1536]);12,00;0,00;batch-64-nhid-0-inlayer-12;NORMAL;83,16;86,23;94,22;88,37;89,07;92,40;67,83;85,90
605;allmpnet;MAX+MAX-NS_SUM-4-7;two-tokens;MAX+MAX-NS;SUM-4-7;4,00;torch.Size([61, 1536]);12,00;0,00;batch-64-nhid-0-inlayer-12;NORMAL;82,18;66,80;93,83;35,50;50,08;91,60;72,12;70,30
606;allmpnet;AVG-NS+SUM-NS_SUM-4-7;two-tokens;AVG-NS+SUM-NS;SUM-4-7;4,00;torch.Size([61, 1536]);12,00;0,00;batch-64-nhid-0-inlayer-12;NORMAL;83,46;85,51;93,82;88,18;88,85;91,80;68,52;85,73
607;allmpnet;AVG-NS+MAX-NS_SUM-4-7;two-tokens;AVG-NS+MAX-NS;SUM-4-7;4,00;torch.Size([61, 1536]);12,00;0,00;batch-64-nhid-0-inlayer-12;NORMAL;82,54;65,83;94,64;35,50;50,08;89,60;71,65;69,98
608;allmpnet;SUM-NS+MAX-NS_SUM-4-7;two-tokens;SUM-NS+MAX-NS;SUM-4-7;4,00;torch.Size([61, 1536]);12,00;0,00;batch-64-nhid-0-inlayer-12;NORMAL;83,29;65,72;94,28;35,50;50,08;92,20;68,58;69,95
609;allmpnet;CLS+AVG_SUM-5-8;two-tokens;CLS+AVG;SUM-5-8;4,00;torch.Size([61, 1536]);12,00;0,00;batch-64-nhid-0-inlayer-12;NORMAL;85,56;90,97;96,43;90,75;90,72;94,00;75,19;89,09
610;allmpnet;CLS+SUM_SUM-5-8;two-tokens;CLS+SUM;SUM-5-8;4,00;torch.Size([61, 1536]);12,00;0,00;batch-64-nhid-0-inlayer-12;NORMAL;84,95;87,84;94,50;89,64;90,88;93,40;67,83;87,01
611;allmpnet;CLS+MAX_SUM-5-8;two-tokens;CLS+MAX;SUM-5-8;4,00;torch.Size([61, 1536]);12,00;0,00;batch-64-nhid-0-inlayer-12;NORMAL;83,85;88,95;95,15;89,03;90,94;92,00;71,88;87,40
612;allmpnet;CLS+AVG-NS_SUM-5-8;two-tokens;CLS+AVG-NS;SUM-5-8;4,00;torch.Size([61, 1536]);12,00;0,00;batch-64-nhid-0-inlayer-12;NORMAL;85,24;90,49;96,16;89,64;90,77;92,20;73,86;88,34
613;allmpnet;CLS+SUM-NS_SUM-5-8;two-tokens;CLS+SUM-NS;SUM-5-8;4,00;torch.Size([61, 1536]);12,00;0,00;batch-64-nhid-0-inlayer-12;NORMAL;84,02;86,89;94,25;88,92;90,01;89,40;67,77;85,89
614;allmpnet;CLS+MAX-NS_SUM-5-8;two-tokens;CLS+MAX-NS;SUM-5-8;4,00;torch.Size([61, 1536]);12,00;0,00;batch-64-nhid-0-inlayer-12;NORMAL;83,67;66,17;95,04;35,50;50,08;87,20;72,06;69,96
615;allmpnet;AVG+SUM_SUM-5-8;two-tokens;AVG+SUM;SUM-5-8;4,00;torch.Size([61, 1536]);12,00;0,00;batch-64-nhid-0-inlayer-12;NORMAL;84,91;87,63;94,57;89,60;90,33;93,20;67,59;86,83
616;allmpnet;AVG+MAX_SUM-5-8;two-tokens;AVG+MAX;SUM-5-8;4,00;torch.Size([61, 1536]);12,00;0,00;batch-64-nhid-0-inlayer-12;NORMAL;84,16;89,38;94,96;89,67;90,77;94,40;73,22;88,08
617;allmpnet;AVG+AVG-NS_SUM-5-8;two-tokens;AVG+AVG-NS;SUM-5-8;4,00;torch.Size([61, 1536]);12,00;0,00;batch-64-nhid-0-inlayer-12;NORMAL;85,43;90,31;96,03;90,06;90,77;94,60;72,06;88,47
618;allmpnet;AVG+SUM-NS_SUM-5-8;two-tokens;AVG+SUM-NS;SUM-5-8;4,00;torch.Size([61, 1536]);12,00;0,00;batch-64-nhid-0-inlayer-12;NORMAL;84,12;86,89;94,13;89,34;90,01;91,40;67,71;86,23
619;allmpnet;AVG+MAX-NS_SUM-5-8;two-tokens;AVG+MAX-NS;SUM-5-8;4,00;torch.Size([61, 1536]);12,00;0,00;batch-64-nhid-0-inlayer-12;NORMAL;84,71;65,80;94,98;31,75;50,08;93,00;73,57;70,56
620;allmpnet;SUM+MAX_SUM-5-8;two-tokens;SUM+MAX;SUM-5-8;4,00;torch.Size([61, 1536]);12,00;0,00;batch-64-nhid-0-inlayer-12;NORMAL;84,64;88,03;94,39;88,81;90,99;93,80;68,00;86,95
621;allmpnet;SUM+AVG-NS_SUM-5-8;two-tokens;SUM+AVG-NS;SUM-5-8;4,00;torch.Size([61, 1536]);12,00;0,00;batch-64-nhid-0-inlayer-12;NORMAL;85,04;87,76;94,56;88,91;90,23;93,40;67,88;86,83
622;allmpnet;SUM+SUM-NS_SUM-5-8;two-tokens;SUM+SUM-NS;SUM-5-8;4,00;torch.Size([61, 1536]);12,00;0,00;batch-64-nhid-0-inlayer-12;NORMAL;84,29;88,42;94,75;88,73;90,17;93,20;69,57;87,02
623;allmpnet;SUM+MAX-NS_SUM-5-8;two-tokens;SUM+MAX-NS;SUM-5-8;4,00;torch.Size([61, 1536]);12,00;0,00;batch-64-nhid-0-inlayer-12;NORMAL;84,80;87,90;94,47;35,50;50,08;93,20;67,42;73,34
624;allmpnet;MAX+AVG-NS_SUM-5-8;two-tokens;MAX+AVG-NS;SUM-5-8;4,00;torch.Size([61, 1536]);12,00;0,00;batch-64-nhid-0-inlayer-12;NORMAL;83,72;88,82;94,96;88,84;90,61;93,20;72,35;87,50
625;allmpnet;MAX+SUM-NS_SUM-5-8;two-tokens;MAX+SUM-NS;SUM-5-8;4,00;torch.Size([61, 1536]);12,00;0,00;batch-64-nhid-0-inlayer-12;NORMAL;83,82;87,15;94,33;88,57;90,66;92,80;68,06;86,48
626;allmpnet;MAX+MAX-NS_SUM-5-8;two-tokens;MAX+MAX-NS;SUM-5-8;4,00;torch.Size([61, 1536]);12,00;0,00;batch-64-nhid-0-inlayer-12;NORMAL;82,61;65,80;93,82;35,50;50,08;91,20;72,23;70,18
627;allmpnet;AVG-NS+SUM-NS_SUM-5-8;two-tokens;AVG-NS+SUM-NS;SUM-5-8;4,00;torch.Size([61, 1536]);12,00;0,00;batch-64-nhid-0-inlayer-12;NORMAL;83,97;86,36;94,08;88,45;90,06;90,20;67,65;85,82
628;allmpnet;AVG-NS+MAX-NS_SUM-5-8;two-tokens;AVG-NS+MAX-NS;SUM-5-8;4,00;torch.Size([61, 1536]);12,00;0,00;batch-64-nhid-0-inlayer-12;NORMAL;83,47;65,80;94,84;35,50;50,08;89,60;71,48;70,11
629;allmpnet;SUM-NS+MAX-NS_SUM-5-8;two-tokens;SUM-NS+MAX-NS;SUM-5-8;4,00;torch.Size([61, 1536]);12,00;0,00;batch-64-nhid-0-inlayer-12;NORMAL;83,57;69,72;94,09;35,50;50,08;91,40;67,65;70,29
630;allmpnet;CLS+AVG_SUM-6-9;two-tokens;CLS+AVG;SUM-6-9;4,00;torch.Size([61, 1536]);12,00;0,00;batch-64-nhid-0-inlayer-12;NORMAL;85,59;91,31;96,29;90,72;91,27;95,60;74,90;89,38
631;allmpnet;CLS+SUM_SUM-6-9;two-tokens;CLS+SUM;SUM-6-9;4,00;torch.Size([61, 1536]);12,00;0,00;batch-64-nhid-0-inlayer-12;NORMAL;85,21;88,03;94,54;89,30;91,71;93,60;67,42;87,12
632;allmpnet;CLS+MAX_SUM-6-9;two-tokens;CLS+MAX;SUM-6-9;4,00;torch.Size([61, 1536]);12,00;0,00;batch-64-nhid-0-inlayer-12;NORMAL;84,45;88,95;95,04;89,39;91,43;93,00;70,49;87,54
633;allmpnet;CLS+AVG-NS_SUM-6-9;two-tokens;CLS+AVG-NS;SUM-6-9;4,00;torch.Size([61, 1536]);12,00;0,00;batch-64-nhid-0-inlayer-12;NORMAL;85,10;90,81;96,19;90,00;91,43;92,60;72,23;88,34
634;allmpnet;CLS+SUM-NS_SUM-6-9;two-tokens;CLS+SUM-NS;SUM-6-9;4,00;torch.Size([61, 1536]);12,00;0,00;batch-64-nhid-0-inlayer-12;NORMAL;84,55;87,66;94,33;89,17;90,50;92,60;68,81;86,80
635;allmpnet;CLS+MAX-NS_SUM-6-9;two-tokens;CLS+MAX-NS;SUM-6-9;4,00;torch.Size([61, 1536]);12,00;0,00;batch-64-nhid-0-inlayer-12;NORMAL;83,96;66,17;94,98;31,75;50,08;87,60;71,36;69,41
636;allmpnet;AVG+SUM_SUM-6-9;two-tokens;AVG+SUM;SUM-6-9;4,00;torch.Size([61, 1536]);12,00;0,00;batch-64-nhid-0-inlayer-12;NORMAL;85,33;88,26;94,51;89,49;90,72;94,00;68,35;87,24
637;allmpnet;AVG+MAX_SUM-6-9;two-tokens;AVG+MAX;SUM-6-9;4,00;torch.Size([61, 1536]);12,00;0,00;batch-64-nhid-0-inlayer-12;NORMAL;84,62;89,86;94,98;89,62;91,49;94,80;72,23;88,23
638;allmpnet;AVG+AVG-NS_SUM-6-9;two-tokens;AVG+AVG-NS;SUM-6-9;4,00;torch.Size([61, 1536]);12,00;0,00;batch-64-nhid-0-inlayer-12;NORMAL;85,53;90,49;95,95;89,86;91,49;95,20;71,36;88,55
639;allmpnet;AVG+SUM-NS_SUM-6-9;two-tokens;AVG+SUM-NS;SUM-6-9;4,00;torch.Size([61, 1536]);12,00;0,00;batch-64-nhid-0-inlayer-12;NORMAL;84,84;87,39;94,47;89,41;90,39;92,40;68,87;86,82
640;allmpnet;AVG+MAX-NS_SUM-6-9;two-tokens;AVG+MAX-NS;SUM-6-9;4,00;torch.Size([61, 1536]);12,00;0,00;batch-64-nhid-0-inlayer-12;NORMAL;84,77;66,22;94,97;35,50;50,08;91,60;71,71;70,69
641;allmpnet;SUM+MAX_SUM-6-9;two-tokens;SUM+MAX;SUM-6-9;4,00;torch.Size([61, 1536]);12,00;0,00;batch-64-nhid-0-inlayer-12;NORMAL;84,92;88,26;94,57;88,76;91,10;93,40;67,88;86,98
642;allmpnet;SUM+AVG-NS_SUM-6-9;two-tokens;SUM+AVG-NS;SUM-6-9;4,00;torch.Size([61, 1536]);12,00;0,00;batch-64-nhid-0-inlayer-12;NORMAL;85,21;87,95;94,56;89,04;90,94;94,20;68,46;87,19
643;allmpnet;SUM+SUM-NS_SUM-6-9;two-tokens;SUM+SUM-NS;SUM-6-9;4,00;torch.Size([61, 1536]);12,00;0,00;batch-64-nhid-0-inlayer-12;NORMAL;84,48;88,85;94,83;88,64;90,77;94,80;68,64;87,29
644;allmpnet;SUM+MAX-NS_SUM-6-9;two-tokens;SUM+MAX-NS;SUM-6-9;4,00;torch.Size([61, 1536]);12,00;0,00;batch-64-nhid-0-inlayer-12;NORMAL;85,11;88,72;94,55;35,50;50,08;94,00;68,12;73,73
645;allmpnet;MAX+AVG-NS_SUM-6-9;two-tokens;MAX+AVG-NS;SUM-6-9;4,00;torch.Size([61, 1536]);12,00;0,00;batch-64-nhid-0-inlayer-12;NORMAL;84,11;89,46;95,03;88,84;91,05;93,40;71,65;87,65
646;allmpnet;MAX+SUM-NS_SUM-6-9;two-tokens;MAX+SUM-NS;SUM-6-9;4,00;torch.Size([61, 1536]);12,00;0,00;batch-64-nhid-0-inlayer-12;NORMAL;84,68;88,26;94,45;88,74;91,05;93,80;69,04;87,15
647;allmpnet;MAX+MAX-NS_SUM-6-9;two-tokens;MAX+MAX-NS;SUM-6-9;4,00;torch.Size([61, 1536]);12,00;0,00;batch-64-nhid-0-inlayer-12;NORMAL;83,52;66,01;93,95;31,75;50,08;92,60;70,78;69,81
648;allmpnet;AVG-NS+SUM-NS_SUM-6-9;two-tokens;AVG-NS+SUM-NS;SUM-6-9;4,00;torch.Size([61, 1536]);12,00;0,00;batch-64-nhid-0-inlayer-12;NORMAL;84,66;87,20;94,31;88,54;90,72;91,80;69,04;86,61
649;allmpnet;AVG-NS+MAX-NS_SUM-6-9;two-tokens;AVG-NS+MAX-NS;SUM-6-9;4,00;torch.Size([61, 1536]);12,00;0,00;batch-64-nhid-0-inlayer-12;NORMAL;84,11;66,12;94,59;35,50;50,08;88,80;70,09;69,90
650;allmpnet;SUM-NS+MAX-NS_SUM-6-9;two-tokens;SUM-NS+MAX-NS;SUM-6-9;4,00;torch.Size([61, 1536]);12,00;0,00;batch-64-nhid-0-inlayer-12;NORMAL;84,37;82,28;94,27;35,50;50,08;91,60;68,23;72,33
651;allmpnet;CLS+AVG_SUM-7-10;two-tokens;CLS+AVG;SUM-7-10;4,00;torch.Size([61, 1536]);12,00;0,00;batch-64-nhid-0-inlayer-12;NORMAL;86,46;91,42;96,30;90,48;91,76;96,00;75,42;89,69
652;allmpnet;CLS+SUM_SUM-7-10;two-tokens;CLS+SUM;SUM-7-10;4,00;torch.Size([61, 1536]);12,00;0,00;batch-64-nhid-0-inlayer-12;NORMAL;85,54;88,48;94,49;89,07;91,49;94,80;69,62;87,64
653;allmpnet;CLS+MAX_SUM-7-10;two-tokens;CLS+MAX;SUM-7-10;4,00;torch.Size([61, 1536]);12,00;0,00;batch-64-nhid-0-inlayer-12;NORMAL;84,73;89,46;94,68;89,18;91,27;92,80;72,12;87,75
654;allmpnet;CLS+AVG-NS_SUM-7-10;two-tokens;CLS+AVG-NS;SUM-7-10;4,00;torch.Size([61, 1536]);12,00;0,00;batch-64-nhid-0-inlayer-12;NORMAL;85,86;90,97;96,26;89,53;91,76;91,80;73,28;88,49
655;allmpnet;CLS+SUM-NS_SUM-7-10;two-tokens;CLS+SUM-NS;SUM-7-10;4,00;torch.Size([61, 1536]);12,00;0,00;batch-64-nhid-0-inlayer-12;NORMAL;85,25;88,00;94,49;88,52;90,55;92,40;70,03;87,03
656;allmpnet;CLS+MAX-NS_SUM-7-10;two-tokens;CLS+MAX-NS;SUM-7-10;4,00;torch.Size([61, 1536]);12,00;0,00;batch-64-nhid-0-inlayer-12;NORMAL;84,39;66,25;94,45;38,46;50,08;87,20;71,36;70,31
657;allmpnet;AVG+SUM_SUM-7-10;two-tokens;AVG+SUM;SUM-7-10;4,00;torch.Size([61, 1536]);12,00;0,00;batch-64-nhid-0-inlayer-12;NORMAL;85,48;88,10;94,40;89,10;90,66;94,80;69,57;87,44
658;allmpnet;AVG+MAX_SUM-7-10;two-tokens;AVG+MAX;SUM-7-10;4,00;torch.Size([61, 1536]);12,00;0,00;batch-64-nhid-0-inlayer-12;NORMAL;85,16;90,12;95,01;89,56;91,32;95,00;72,12;88,33
659;allmpnet;AVG+AVG-NS_SUM-7-10;two-tokens;AVG+AVG-NS;SUM-7-10;4,00;torch.Size([61, 1536]);12,00;0,00;batch-64-nhid-0-inlayer-12;NORMAL;86,03;90,73;95,88;89,48;91,10;95,80;72,35;88,77
660;allmpnet;AVG+SUM-NS_SUM-7-10;two-tokens;AVG+SUM-NS;SUM-7-10;4,00;torch.Size([61, 1536]);12,00;0,00;batch-64-nhid-0-inlayer-12;NORMAL;85,05;88,03;94,54;88,89;90,12;93,20;69,51;87,05
661;allmpnet;AVG+MAX-NS_SUM-7-10;two-tokens;AVG+MAX-NS;SUM-7-10;4,00;torch.Size([61, 1536]);12,00;0,00;batch-64-nhid-0-inlayer-12;NORMAL;84,91;66,20;94,80;38,46;50,08;91,60;71,01;71,01
662;allmpnet;SUM+MAX_SUM-7-10;two-tokens;SUM+MAX;SUM-7-10;4,00;torch.Size([61, 1536]);12,00;0,00;batch-64-nhid-0-inlayer-12;NORMAL;85,42;88,58;94,49;88,56;90,99;95,00;69,45;87,50
663;allmpnet;SUM+AVG-NS_SUM-7-10;two-tokens;SUM+AVG-NS;SUM-7-10;4,00;torch.Size([61, 1536]);12,00;0,00;batch-64-nhid-0-inlayer-12;NORMAL;85,38;88,66;94,46;88,64;90,83;95,20;69,80;87,57
664;allmpnet;SUM+SUM-NS_SUM-7-10;two-tokens;SUM+SUM-NS;SUM-7-10;4,00;torch.Size([61, 1536]);12,00;0,00;batch-64-nhid-0-inlayer-12;NORMAL;84,82;88,92;94,69;88,17;90,94;95,80;70,14;87,64
665;allmpnet;SUM+MAX-NS_SUM-7-10;two-tokens;SUM+MAX-NS;SUM-7-10;4,00;torch.Size([61, 1536]);12,00;0,00;batch-64-nhid-0-inlayer-12;NORMAL;85,30;86,20;94,57;38,45;50,08;95,00;69,39;74,14
666;allmpnet;MAX+AVG-NS_SUM-7-10;two-tokens;MAX+AVG-NS;SUM-7-10;4,00;torch.Size([61, 1536]);12,00;0,00;batch-64-nhid-0-inlayer-12;NORMAL;84,22;89,64;95,04;88,84;91,05;93,40;71,83;87,72
667;allmpnet;MAX+SUM-NS_SUM-7-10;two-tokens;MAX+SUM-NS;SUM-7-10;4,00;torch.Size([61, 1536]);12,00;0,00;batch-64-nhid-0-inlayer-12;NORMAL;84,94;88,32;94,45;88,32;90,55;94,00;69,62;87,17
668;allmpnet;MAX+MAX-NS_SUM-7-10;two-tokens;MAX+MAX-NS;SUM-7-10;4,00;torch.Size([61, 1536]);12,00;0,00;batch-64-nhid-0-inlayer-12;NORMAL;83,51;66,17;93,62;38,46;50,08;92,40;68,87;70,44
669;allmpnet;AVG-NS+SUM-NS_SUM-7-10;two-tokens;AVG-NS+SUM-NS;SUM-7-10;4,00;torch.Size([61, 1536]);12,00;0,00;batch-64-nhid-0-inlayer-12;NORMAL;85,14;87,90;94,58;88,01;90,01;92,60;69,91;86,88
670;allmpnet;AVG-NS+MAX-NS_SUM-7-10;two-tokens;AVG-NS+MAX-NS;SUM-7-10;4,00;torch.Size([61, 1536]);12,00;0,00;batch-64-nhid-0-inlayer-12;NORMAL;84,16;66,12;94,48;38,46;50,08;89,80;70,38;70,50
671;allmpnet;SUM-NS+MAX-NS_SUM-7-10;two-tokens;SUM-NS+MAX-NS;SUM-7-10;4,00;torch.Size([61, 1536]);12,00;0,00;batch-64-nhid-0-inlayer-12;NORMAL;85,07;87,12;94,44;38,46;50,08;92,20;69,62;73,86
672;allmpnet;CLS+AVG_SUM-8-11;two-tokens;CLS+AVG;SUM-8-11;4,00;torch.Size([61, 1536]);12,00;0,00;batch-64-nhid-0-inlayer-12;NORMAL;86,52;91,55;95,92;90,27;91,76;96,40;75,59;89,72
673;allmpnet;CLS+SUM_SUM-8-11;two-tokens;CLS+SUM;SUM-8-11;4,00;torch.Size([61, 1536]);12,00;0,00;batch-64-nhid-0-inlayer-12;NORMAL;85,31;88,29;94,22;88,70;91,10;95,60;70,03;87,61
674;allmpnet;CLS+MAX_SUM-8-11;two-tokens;CLS+MAX;SUM-8-11;4,00;torch.Size([61, 1536]);12,00;0,00;batch-64-nhid-0-inlayer-12;NORMAL;85,10;88,40;94,06;89,01;90,55;93,20;72,06;87,48
675;allmpnet;CLS+AVG-NS_SUM-8-11;two-tokens;CLS+AVG-NS;SUM-8-11;4,00;torch.Size([61, 1536]);12,00;0,00;batch-64-nhid-0-inlayer-12;NORMAL;86,29;90,44;95,75;89,41;91,32;91,80;73,22;88,32
676;allmpnet;CLS+SUM-NS_SUM-8-11;two-tokens;CLS+SUM-NS;SUM-8-11;4,00;torch.Size([61, 1536]);12,00;0,00;batch-64-nhid-0-inlayer-12;NORMAL;84,70;87,23;93,77;88,69;90,66;90,40;70,43;86,55
677;allmpnet;CLS+MAX-NS_SUM-8-11;two-tokens;CLS+MAX-NS;SUM-8-11;4,00;torch.Size([61, 1536]);12,00;0,00;batch-64-nhid-0-inlayer-12;NORMAL;84,53;66,04;93,80;39,94;50,08;88,40;71,77;70,65
678;allmpnet;AVG+SUM_SUM-8-11;two-tokens;AVG+SUM;SUM-8-11;4,00;torch.Size([61, 1536]);12,00;0,00;batch-64-nhid-0-inlayer-12;NORMAL;85,13;88,13;94,24;88,74;90,61;95,60;70,49;87,56
679;allmpnet;AVG+MAX_SUM-8-11;two-tokens;AVG+MAX;SUM-8-11;4,00;torch.Size([61, 1536]);12,00;0,00;batch-64-nhid-0-inlayer-12;NORMAL;85,03;89,27;94,76;89,37;91,43;94,40;73,74;88,29
680;allmpnet;AVG+AVG-NS_SUM-8-11;two-tokens;AVG+AVG-NS;SUM-8-11;4,00;torch.Size([61, 1536]);12,00;0,00;batch-64-nhid-0-inlayer-12;NORMAL;85,84;90,83;95,43;89,36;90,94;96,00;73,10;88,79
681;allmpnet;AVG+SUM-NS_SUM-8-11;two-tokens;AVG+SUM-NS;SUM-8-11;4,00;torch.Size([61, 1536]);12,00;0,00;batch-64-nhid-0-inlayer-12;NORMAL;84,69;87,44;93,92;89,00;90,12;91,60;69,80;86,65
682;allmpnet;AVG+MAX-NS_SUM-8-11;two-tokens;AVG+MAX-NS;SUM-8-11;4,00;torch.Size([61, 1536]);12,00;0,00;batch-64-nhid-0-inlayer-12;NORMAL;85,08;66,01;94,72;43,01;50,08;92,60;71,01;71,79
683;allmpnet;SUM+MAX_SUM-8-11;two-tokens;SUM+MAX;SUM-8-11;4,00;torch.Size([61, 1536]);12,00;0,00;batch-64-nhid-0-inlayer-12;NORMAL;85,18;88,66;94,21;88,08;90,99;95,00;69,51;87,38
684;allmpnet;SUM+AVG-NS_SUM-8-11;two-tokens;SUM+AVG-NS;SUM-8-11;4,00;torch.Size([61, 1536]);12,00;0,00;batch-64-nhid-0-inlayer-12;NORMAL;85,23;88,53;94,19;88,60;90,94;95,80;69,91;87,60
685;allmpnet;SUM+SUM-NS_SUM-8-11;two-tokens;SUM+SUM-NS;SUM-8-11;4,00;torch.Size([61, 1536]);12,00;0,00;batch-64-nhid-0-inlayer-12;NORMAL;84,82;88,71;94,03;87,96;90,99;95,40;69,28;87,31
686;allmpnet;SUM+MAX-NS_SUM-8-11;two-tokens;SUM+MAX-NS;SUM-8-11;4,00;torch.Size([61, 1536]);12,00;0,00;batch-64-nhid-0-inlayer-12;NORMAL;85,14;81,40;94,15;43,01;50,08;95,00;69,97;74,11
687;allmpnet;MAX+AVG-NS_SUM-8-11;two-tokens;MAX+AVG-NS;SUM-8-11;4,00;torch.Size([61, 1536]);12,00;0,00;batch-64-nhid-0-inlayer-12;NORMAL;84,71;89,09;94,66;88,82;91,05;94,80;72,87;88,00
688;allmpnet;MAX+SUM-NS_SUM-8-11;two-tokens;MAX+SUM-NS;SUM-8-11;4,00;torch.Size([61, 1536]);12,00;0,00;batch-64-nhid-0-inlayer-12;NORMAL;84,45;88,21;93,99;87,99;90,55;94,00;69,62;86,97
689;allmpnet;MAX+MAX-NS_SUM-8-11;two-tokens;MAX+MAX-NS;SUM-8-11;4,00;torch.Size([61, 1536]);12,00;0,00;batch-64-nhid-0-inlayer-12;NORMAL;84,13;66,20;93,47;43,01;50,08;91,60;70,03;71,22
690;allmpnet;AVG-NS+SUM-NS_SUM-8-11;two-tokens;AVG-NS+SUM-NS;SUM-8-11;4,00;torch.Size([61, 1536]);12,00;0,00;batch-64-nhid-0-inlayer-12;NORMAL;84,45;87,39;94,03;87,74;90,99;89,80;70,09;86,36
691;allmpnet;AVG-NS+MAX-NS_SUM-8-11;two-tokens;AVG-NS+MAX-NS;SUM-8-11;4,00;torch.Size([61, 1536]);12,00;0,00;batch-64-nhid-0-inlayer-12;NORMAL;84,24;66,06;94,32;43,01;50,08;90,20;69,91;71,12
692;allmpnet;SUM-NS+MAX-NS_SUM-8-11;two-tokens;SUM-NS+MAX-NS;SUM-8-11;4,00;torch.Size([61, 1536]);12,00;0,00;batch-64-nhid-0-inlayer-12;NORMAL;84,29;85,69;93,92;43,01;50,08;91,20;70,32;74,07
693;allmpnet;CLS+AVG_SUM-9-12;two-tokens;CLS+AVG;SUM-9-12;4,00;torch.Size([61, 1536]);12,00;0,00;batch-64-nhid-0-inlayer-12;NORMAL;86,16;90,94;95,70;90,32;90,88;96,00;74,14;89,16
694;allmpnet;CLS+SUM_SUM-9-12;two-tokens;CLS+SUM;SUM-9-12;4,00;torch.Size([61, 1536]);12,00;0,00;batch-64-nhid-0-inlayer-12;NORMAL;85,04;87,66;94,09;88,87;90,83;95,60;71,36;87,64
695;allmpnet;CLS+MAX_SUM-9-12;two-tokens;CLS+MAX;SUM-9-12;4,00;torch.Size([61, 1536]);12,00;0,00;batch-64-nhid-0-inlayer-12;NORMAL;84,36;87,76;93,93;88,97;90,94;94,00;71,48;87,35
696;allmpnet;CLS+AVG-NS_SUM-9-12;two-tokens;CLS+AVG-NS;SUM-9-12;4,00;torch.Size([61, 1536]);12,00;0,00;batch-64-nhid-0-inlayer-12;NORMAL;85,81;90,36;95,56;89,50;89,95;93,60;72,12;88,13
697;allmpnet;CLS+SUM-NS_SUM-9-12;two-tokens;CLS+SUM-NS;SUM-9-12;4,00;torch.Size([61, 1536]);12,00;0,00;batch-64-nhid-0-inlayer-12;NORMAL;84,56;87,36;93,96;89,00;90,28;90,40;70,84;86,63
698;allmpnet;CLS+MAX-NS_SUM-9-12;two-tokens;CLS+MAX-NS;SUM-9-12;4,00;torch.Size([61, 1536]);12,00;0,00;batch-64-nhid-0-inlayer-12;NORMAL;84,38;66,14;93,64;40,06;50,08;90,00;72,23;70,93
699;allmpnet;AVG+SUM_SUM-9-12;two-tokens;AVG+SUM;SUM-9-12;4,00;torch.Size([61, 1536]);12,00;0,00;batch-64-nhid-0-inlayer-12;NORMAL;85,14;87,71;94,28;88,87;89,95;95,40;70,96;87,47
700;allmpnet;AVG+MAX_SUM-9-12;two-tokens;AVG+MAX;SUM-9-12;4,00;torch.Size([61, 1536]);12,00;0,00;batch-64-nhid-0-inlayer-12;NORMAL;85,22;89,56;94,80;89,34;91,38;95,20;72,64;88,31
701;allmpnet;AVG+AVG-NS_SUM-9-12;two-tokens;AVG+AVG-NS;SUM-9-12;4,00;torch.Size([61, 1536]);12,00;0,00;batch-64-nhid-0-inlayer-12;NORMAL;85,82;90,22;95,56;89,69;90,72;95,00;72,35;88,48
702;allmpnet;AVG+SUM-NS_SUM-9-12;two-tokens;AVG+SUM-NS;SUM-9-12;4,00;torch.Size([61, 1536]);12,00;0,00;batch-64-nhid-0-inlayer-12;NORMAL;84,60;87,68;94,07;88,83;89,95;92,20;71,19;86,93
703;allmpnet;AVG+MAX-NS_SUM-9-12;two-tokens;AVG+MAX-NS;SUM-9-12;4,00;torch.Size([61, 1536]);12,00;0,00;batch-64-nhid-0-inlayer-12;NORMAL;85,17;66,43;94,88;40,06;50,08;94,20;71,48;71,76
704;allmpnet;SUM+MAX_SUM-9-12;two-tokens;SUM+MAX;SUM-9-12;4,00;torch.Size([61, 1536]);12,00;0,00;batch-64-nhid-0-inlayer-12;NORMAL;85,17;88,37;94,06;88,35;90,77;95,40;70,90;87,57
705;allmpnet;SUM+AVG-NS_SUM-9-12;two-tokens;SUM+AVG-NS;SUM-9-12;4,00;torch.Size([61, 1536]);12,00;0,00;batch-64-nhid-0-inlayer-12;NORMAL;85,11;87,79;94,01;88,11;90,23;95,20;71,07;87,36
706;allmpnet;SUM+SUM-NS_SUM-9-12;two-tokens;SUM+SUM-NS;SUM-9-12;4,00;torch.Size([61, 1536]);12,00;0,00;batch-64-nhid-0-inlayer-12;NORMAL;84,65;88,42;94,02;87,97;90,28;95,40;70,84;87,37
707;allmpnet;SUM+MAX-NS_SUM-9-12;two-tokens;SUM+MAX-NS;SUM-9-12;4,00;torch.Size([61, 1536]);12,00;0,00;batch-64-nhid-0-inlayer-12;NORMAL;84,92;86,14;94,14;43,09;50,08;95,20;70,90;74,92
708;allmpnet;MAX+AVG-NS_SUM-9-12;two-tokens;MAX+AVG-NS;SUM-9-12;4,00;torch.Size([61, 1536]);12,00;0,00;batch-64-nhid-0-inlayer-12;NORMAL;84,69;89,32;94,55;88,89;90,94;95,20;72,64;88,03
709;allmpnet;MAX+SUM-NS_SUM-9-12;two-tokens;MAX+SUM-NS;SUM-9-12;4,00;torch.Size([61, 1536]);12,00;0,00;batch-64-nhid-0-inlayer-12;NORMAL;84,37;88,00;93,92;88,32;89,62;92,80;70,72;86,82
710;allmpnet;MAX+MAX-NS_SUM-9-12;two-tokens;MAX+MAX-NS;SUM-9-12;4,00;torch.Size([61, 1536]);12,00;0,00;batch-64-nhid-0-inlayer-12;NORMAL;83,93;66,22;93,49;43,09;50,08;93,60;70,03;71,49
711;allmpnet;AVG-NS+SUM-NS_SUM-9-12;two-tokens;AVG-NS+SUM-NS;SUM-9-12;4,00;torch.Size([61, 1536]);12,00;0,00;batch-64-nhid-0-inlayer-12;NORMAL;84,49;87,52;94,01;88,05;90,06;91,20;71,01;86,62
712;allmpnet;AVG-NS+MAX-NS_SUM-9-12;two-tokens;AVG-NS+MAX-NS;SUM-9-12;4,00;torch.Size([61, 1536]);12,00;0,00;batch-64-nhid-0-inlayer-12;NORMAL;84,44;66,01;94,49;43,09;50,08;91,20;70,20;71,36
713;allmpnet;SUM-NS+MAX-NS_SUM-9-12;two-tokens;SUM-NS+MAX-NS;SUM-9-12;4,00;torch.Size([61, 1536]);12,00;0,00;batch-64-nhid-0-inlayer-12;NORMAL;84,20;81,62;94,09;43,09;50,08;91,20;70,26;73,51
714;allmpnet;CLS+AVG_SUM-1-5;two-tokens;CLS+AVG;SUM-1-5;4,00;torch.Size([61, 1536]);12,00;0,00;batch-64-nhid-0-inlayer-12;NORMAL;82,76;88,21;95,73;89,92;87,26;92,40;74,20;87,21
715;allmpnet;CLS+SUM_SUM-1-5;two-tokens;CLS+SUM;SUM-1-5;4,00;torch.Size([61, 1536]);12,00;0,00;batch-64-nhid-0-inlayer-12;NORMAL;82,22;84,08;93,71;88,97;86,49;90,60;69,33;85,06
716;allmpnet;CLS+MAX_SUM-1-5;two-tokens;CLS+MAX;SUM-1-5;4,00;torch.Size([61, 1536]);12,00;0,00;batch-64-nhid-0-inlayer-12;NORMAL;78,81;82,84;93,53;88,96;84,29;89,20;71,48;84,16
717;allmpnet;CLS+AVG-NS_SUM-1-5;two-tokens;CLS+AVG-NS;SUM-1-5;4,00;torch.Size([61, 1536]);12,00;0,00;batch-64-nhid-0-inlayer-12;NORMAL;81,64;85,83;95,34;89,05;86,00;85,20;72,23;85,04
718;allmpnet;CLS+SUM-NS_SUM-1-5;two-tokens;CLS+SUM-NS;SUM-1-5;4,00;torch.Size([61, 1536]);12,00;0,00;batch-64-nhid-0-inlayer-12;NORMAL;80,43;81,56;93,11;88,18;84,90;85,40;70,67;83,46
719;allmpnet;CLS+MAX-NS_SUM-1-5;two-tokens;CLS+MAX-NS;SUM-1-5;4,00;torch.Size([61, 1536]);12,00;0,00;batch-64-nhid-0-inlayer-12;NORMAL;78,47;65,14;93,19;35,50;50,08;87,20;70,55;68,59
720;allmpnet;AVG+SUM_SUM-1-5;two-tokens;AVG+SUM;SUM-1-5;4,00;torch.Size([61, 1536]);12,00;0,00;batch-64-nhid-0-inlayer-12;NORMAL;82,40;83,97;93,80;89,00;86,44;90,60;68,81;85,00
721;allmpnet;AVG+MAX_SUM-1-5;two-tokens;AVG+MAX;SUM-1-5;4,00;torch.Size([61, 1536]);12,00;0,00;batch-64-nhid-0-inlayer-12;NORMAL;80,72;85,14;94,19;88,65;86,16;91,40;70,43;85,24
722;allmpnet;AVG+AVG-NS_SUM-1-5;two-tokens;AVG+AVG-NS;SUM-1-5;4,00;torch.Size([61, 1536]);12,00;0,00;batch-64-nhid-0-inlayer-12;NORMAL;82,69;86,83;95,24;89,16;87,53;91,40;72,58;86,49
723;allmpnet;AVG+SUM-NS_SUM-1-5;two-tokens;AVG+SUM-NS;SUM-1-5;4,00;torch.Size([61, 1536]);12,00;0,00;batch-64-nhid-0-inlayer-12;NORMAL;80,86;81,11;93,17;88,75;86,60;87,60;70,14;84,03
724;allmpnet;AVG+MAX-NS_SUM-1-5;two-tokens;AVG+MAX-NS;SUM-1-5;4,00;torch.Size([61, 1536]);12,00;0,00;batch-64-nhid-0-inlayer-12;NORMAL;81,10;65,51;94,22;31,75;50,08;90,00;70,72;69,05
725;allmpnet;SUM+MAX_SUM-1-5;two-tokens;SUM+MAX;SUM-1-5;4,00;torch.Size([61, 1536]);12,00;0,00;batch-64-nhid-0-inlayer-12;NORMAL;81,96;84,37;93,68;88,22;85,83;91,00;69,04;84,87
726;allmpnet;SUM+AVG-NS_SUM-1-5;two-tokens;SUM+AVG-NS;SUM-1-5;4,00;torch.Size([61, 1536]);12,00;0,00;batch-64-nhid-0-inlayer-12;NORMAL;82,31;84,05;93,62;88,21;86,55;90,60;69,16;84,93
727;allmpnet;SUM+SUM-NS_SUM-1-5;two-tokens;SUM+SUM-NS;SUM-1-5;4,00;torch.Size([61, 1536]);12,00;0,00;batch-64-nhid-0-inlayer-12;NORMAL;81,33;84,55;94,05;87,99;86,55;91,20;70,72;85,20
728;allmpnet;SUM+MAX-NS_SUM-1-5;two-tokens;SUM+MAX-NS;SUM-1-5;4,00;torch.Size([61, 1536]);12,00;0,00;batch-64-nhid-0-inlayer-12;NORMAL;81,82;78,52;93,80;35,50;50,08;90,60;69,45;71,40
729;allmpnet;MAX+AVG-NS_SUM-1-5;two-tokens;MAX+AVG-NS;SUM-1-5;4,00;torch.Size([61, 1536]);12,00;0,00;batch-64-nhid-0-inlayer-12;NORMAL;80,20;84,05;94,12;87,72;86,16;91,20;71,48;84,99
730;allmpnet;MAX+SUM-NS_SUM-1-5;two-tokens;MAX+SUM-NS;SUM-1-5;4,00;torch.Size([61, 1536]);12,00;0,00;batch-64-nhid-0-inlayer-12;NORMAL;80,14;82,17;93,34;87,87;85,56;88,80;70,49;84,05
731;allmpnet;MAX+MAX-NS_SUM-1-5;two-tokens;MAX+MAX-NS;SUM-1-5;4,00;torch.Size([61, 1536]);12,00;0,00;batch-64-nhid-0-inlayer-12;NORMAL;77,92;65,51;92,53;35,50;50,08;90,60;71,13;69,04
732;allmpnet;AVG-NS+SUM-NS_SUM-1-5;two-tokens;AVG-NS+SUM-NS;SUM-1-5;4,00;torch.Size([61, 1536]);12,00;0,00;batch-64-nhid-0-inlayer-12;NORMAL;80,42;80,88;93,06;87,47;85,89;87,40;70,26;83,63
733;allmpnet;AVG-NS+MAX-NS_SUM-1-5;two-tokens;AVG-NS+MAX-NS;SUM-1-5;4,00;torch.Size([61, 1536]);12,00;0,00;batch-64-nhid-0-inlayer-12;NORMAL;80,04;65,56;93,80;35,50;50,08;86,80;70,20;68,85
734;allmpnet;SUM-NS+MAX-NS_SUM-1-5;two-tokens;SUM-NS+MAX-NS;SUM-1-5;4,00;torch.Size([61, 1536]);12,00;0,00;batch-64-nhid-0-inlayer-12;NORMAL;79,89;68,48;93,22;35,50;50,08;87,40;70,49;69,29
735;allmpnet;CLS+AVG_SUM-2-6;two-tokens;CLS+AVG;SUM-2-6;4,00;torch.Size([61, 1536]);12,00;0,00;batch-64-nhid-0-inlayer-12;NORMAL;84,65;90,12;96,20;90,25;89,57;93,00;75,07;88,41
736;allmpnet;CLS+SUM_SUM-2-6;two-tokens;CLS+SUM;SUM-2-6;4,00;torch.Size([61, 1536]);12,00;0,00;batch-64-nhid-0-inlayer-12;NORMAL;83,46;86,02;94,10;89,34;88,14;92,00;67,65;85,82
737;allmpnet;CLS+MAX_SUM-2-6;two-tokens;CLS+MAX;SUM-2-6;4,00;torch.Size([61, 1536]);12,00;0,00;batch-64-nhid-0-inlayer-12;NORMAL;82,05;85,59;94,88;89,10;87,59;91,20;70,49;85,84
738;allmpnet;CLS+AVG-NS_SUM-2-6;two-tokens;CLS+AVG-NS;SUM-2-6;4,00;torch.Size([61, 1536]);12,00;0,00;batch-64-nhid-0-inlayer-12;NORMAL;84,26;89,19;95,88;89,10;88,80;90,20;73,22;87,24
739;allmpnet;CLS+SUM-NS_SUM-2-6;two-tokens;CLS+SUM-NS;SUM-2-6;4,00;torch.Size([61, 1536]);12,00;0,00;batch-64-nhid-0-inlayer-12;NORMAL;82,33;83,29;93,81;88,42;87,20;88,80;68,29;84,59
740;allmpnet;CLS+MAX-NS_SUM-2-6;two-tokens;CLS+MAX-NS;SUM-2-6;4,00;torch.Size([61, 1536]);12,00;0,00;batch-64-nhid-0-inlayer-12;NORMAL;82,04;65,90;94,51;35,50;50,08;88,60;71,71;69,76
741;allmpnet;AVG+SUM_SUM-2-6;two-tokens;AVG+SUM;SUM-2-6;4,00;torch.Size([61, 1536]);12,00;0,00;batch-64-nhid-0-inlayer-12;NORMAL;83,57;85,88;94,03;89,36;88,14;92,20;68,35;85,93
742;allmpnet;AVG+MAX_SUM-2-6;two-tokens;AVG+MAX;SUM-2-6;4,00;torch.Size([61, 1536]);12,00;0,00;batch-64-nhid-0-inlayer-12;NORMAL;82,63;86,81;94,79;89,30;87,97;93,20;72,99;86,81
743;allmpnet;AVG+AVG-NS_SUM-2-6;two-tokens;AVG+AVG-NS;SUM-2-6;4,00;torch.Size([61, 1536]);12,00;0,00;batch-64-nhid-0-inlayer-12;NORMAL;83,88;88,56;95,72;89,41;89,24;92,40;72,99;87,46
744;allmpnet;AVG+SUM-NS_SUM-2-6;two-tokens;AVG+SUM-NS;SUM-2-6;4,00;torch.Size([61, 1536]);12,00;0,00;batch-64-nhid-0-inlayer-12;NORMAL;82,36;83,50;93,82;88,96;87,81;88,40;68,87;84,82
745;allmpnet;AVG+MAX-NS_SUM-2-6;two-tokens;AVG+MAX-NS;SUM-2-6;4,00;torch.Size([61, 1536]);12,00;0,00;batch-64-nhid-0-inlayer-12;NORMAL;82,55;65,85;94,74;35,50;50,08;92,00;71,88;70,37
746;allmpnet;SUM+MAX_SUM-2-6;two-tokens;SUM+MAX;SUM-2-6;4,00;torch.Size([61, 1536]);12,00;0,00;batch-64-nhid-0-inlayer-12;NORMAL;83,52;86,76;94,24;88,70;88,63;92,40;69,33;86,23
747;allmpnet;SUM+AVG-NS_SUM-2-6;two-tokens;SUM+AVG-NS;SUM-2-6;4,00;torch.Size([61, 1536]);12,00;0,00;batch-64-nhid-0-inlayer-12;NORMAL;83,50;85,85;94,02;88,84;88,69;92,00;68,41;85,90
748;allmpnet;SUM+SUM-NS_SUM-2-6;two-tokens;SUM+SUM-NS;SUM-2-6;4,00;torch.Size([61, 1536]);12,00;0,00;batch-64-nhid-0-inlayer-12;NORMAL;82,89;86,60;94,59;88,37;88,25;92,20;69,33;86,03
749;allmpnet;SUM+MAX-NS_SUM-2-6;two-tokens;SUM+MAX-NS;SUM-2-6;4,00;torch.Size([61, 1536]);12,00;0,00;batch-64-nhid-0-inlayer-12;NORMAL;83,46;80,77;94,24;35,50;50,08;93,00;68,58;72,23
750;allmpnet;MAX+AVG-NS_SUM-2-6;two-tokens;MAX+AVG-NS;SUM-2-6;4,00;torch.Size([61, 1536]);12,00;0,00;batch-64-nhid-0-inlayer-12;NORMAL;81,75;86,17;94,61;88,53;87,81;93,40;72,41;86,38
751;allmpnet;MAX+SUM-NS_SUM-2-6;two-tokens;MAX+SUM-NS;SUM-2-6;4,00;torch.Size([61, 1536]);12,00;0,00;batch-64-nhid-0-inlayer-12;NORMAL;82,00;84,34;93,71;88,27;87,10;91,60;69,10;85,16
752;allmpnet;MAX+MAX-NS_SUM-2-6;two-tokens;MAX+MAX-NS;SUM-2-6;4,00;torch.Size([61, 1536]);12,00;0,00;batch-64-nhid-0-inlayer-12;NORMAL;80,06;65,64;93,28;35,50;50,08;92,20;71,83;69,80
753;allmpnet;AVG-NS+SUM-NS_SUM-2-6;two-tokens;AVG-NS+SUM-NS;SUM-2-6;4,00;torch.Size([61, 1536]);12,00;0,00;batch-64-nhid-0-inlayer-12;NORMAL;82,26;82,94;93,75;88,02;87,10;87,60;69,62;84,47
754;allmpnet;AVG-NS+MAX-NS_SUM-2-6;two-tokens;AVG-NS+MAX-NS;SUM-2-6;4,00;torch.Size([61, 1536]);12,00;0,00;batch-64-nhid-0-inlayer-12;NORMAL;81,43;65,59;94,39;35,50;50,08;89,40;71,42;69,69
755;allmpnet;SUM-NS+MAX-NS_SUM-2-6;two-tokens;SUM-NS+MAX-NS;SUM-2-6;4,00;torch.Size([61, 1536]);12,00;0,00;batch-64-nhid-0-inlayer-12;NORMAL;81,67;65,64;93,78;35,50;50,08;89,20;69,04;69,27
756;allmpnet;CLS+AVG_SUM-3-7;two-tokens;CLS+AVG;SUM-3-7;4,00;torch.Size([61, 1536]);12,00;0,00;batch-64-nhid-0-inlayer-12;NORMAL;85,44;91,23;96,26;90,45;90,72;93,40;75,71;89,03
757;allmpnet;CLS+SUM_SUM-3-7;two-tokens;CLS+SUM;SUM-3-7;4,00;torch.Size([61, 1536]);12,00;0,00;batch-64-nhid-0-inlayer-12;NORMAL;84,52;87,10;94,20;89,40;89,79;92,60;67,71;86,47
758;allmpnet;CLS+MAX_SUM-3-7;two-tokens;CLS+MAX;SUM-3-7;4,00;torch.Size([61, 1536]);12,00;0,00;batch-64-nhid-0-inlayer-12;NORMAL;83,45;87,84;95,07;89,24;89,29;91,80;71,48;86,88
759;allmpnet;CLS+AVG-NS_SUM-3-7;two-tokens;CLS+AVG-NS;SUM-3-7;4,00;torch.Size([61, 1536]);12,00;0,00;batch-64-nhid-0-inlayer-12;NORMAL;84,80;90,09;95,97;89,24;89,95;90,20;72,93;87,60
760;allmpnet;CLS+SUM-NS_SUM-3-7;two-tokens;CLS+SUM-NS;SUM-3-7;4,00;torch.Size([61, 1536]);12,00;0,00;batch-64-nhid-0-inlayer-12;NORMAL;83,42;85,40;94,10;88,68;88,30;89,80;68,12;85,40
761;allmpnet;CLS+MAX-NS_SUM-3-7;two-tokens;CLS+MAX-NS;SUM-3-7;4,00;torch.Size([61, 1536]);12,00;0,00;batch-64-nhid-0-inlayer-12;NORMAL;83,07;66,17;94,91;35,50;50,08;88,40;71,71;69,98
762;allmpnet;AVG+SUM_SUM-3-7;two-tokens;AVG+SUM;SUM-3-7;4,00;torch.Size([61, 1536]);12,00;0,00;batch-64-nhid-0-inlayer-12;NORMAL;84,31;87,15;94,36;89,37;89,62;93,40;67,54;86,54
763;allmpnet;AVG+MAX_SUM-3-7;two-tokens;AVG+MAX;SUM-3-7;4,00;torch.Size([61, 1536]);12,00;0,00;batch-64-nhid-0-inlayer-12;NORMAL;83,71;88,16;94,88;89,39;89,62;93,80;73,22;87,54
764;allmpnet;AVG+AVG-NS_SUM-3-7;two-tokens;AVG+AVG-NS;SUM-3-7;4,00;torch.Size([61, 1536]);12,00;0,00;batch-64-nhid-0-inlayer-12;NORMAL;84,68;89,54;95,81;89,50;90,17;93,60;71,71;87,86
765;allmpnet;AVG+SUM-NS_SUM-3-7;two-tokens;AVG+SUM-NS;SUM-3-7;4,00;torch.Size([61, 1536]);12,00;0,00;batch-64-nhid-0-inlayer-12;NORMAL;83,27;85,40;94,07;89,29;88,41;90,20;68,64;85,61
766;allmpnet;AVG+MAX-NS_SUM-3-7;two-tokens;AVG+MAX-NS;SUM-3-7;4,00;torch.Size([61, 1536]);12,00;0,00;batch-64-nhid-0-inlayer-12;NORMAL;83,63;65,98;94,86;35,50;50,08;92,40;71,88;70,62
767;allmpnet;SUM+MAX_SUM-3-7;two-tokens;SUM+MAX;SUM-3-7;4,00;torch.Size([61, 1536]);12,00;0,00;batch-64-nhid-0-inlayer-12;NORMAL;84,26;87,63;94,40;88,77;90,23;93,60;67,94;86,69
768;allmpnet;SUM+AVG-NS_SUM-3-7;two-tokens;SUM+AVG-NS;SUM-3-7;4,00;torch.Size([61, 1536]);12,00;0,00;batch-64-nhid-0-inlayer-12;NORMAL;84,35;87,50;94,24;88,74;89,79;93,40;68,17;86,60
769;allmpnet;SUM+SUM-NS_SUM-3-7;two-tokens;SUM+SUM-NS;SUM-3-7;4,00;torch.Size([61, 1536]);12,00;0,00;batch-64-nhid-0-inlayer-12;NORMAL;83,14;88,21;94,75;88,52;89,57;93,80;69,10;86,73
770;allmpnet;SUM+MAX-NS_SUM-3-7;two-tokens;SUM+MAX-NS;SUM-3-7;4,00;torch.Size([61, 1536]);12,00;0,00;batch-64-nhid-0-inlayer-12;NORMAL;84,32;85,12;94,38;31,75;50,08;93,60;67,65;72,41
771;allmpnet;MAX+AVG-NS_SUM-3-7;two-tokens;MAX+AVG-NS;SUM-3-7;4,00;torch.Size([61, 1536]);12,00;0,00;batch-64-nhid-0-inlayer-12;NORMAL;83,19;87,47;94,90;88,52;89,79;93,60;73,39;87,27
772;allmpnet;MAX+SUM-NS_SUM-3-7;two-tokens;MAX+SUM-NS;SUM-3-7;4,00;torch.Size([61, 1536]);12,00;0,00;batch-64-nhid-0-inlayer-12;NORMAL;83,15;86,23;94,35;88,22;88,47;91,60;68,12;85,73
773;allmpnet;MAX+MAX-NS_SUM-3-7;two-tokens;MAX+MAX-NS;SUM-3-7;4,00;torch.Size([61, 1536]);12,00;0,00;batch-64-nhid-0-inlayer-12;NORMAL;81,70;67,15;93,53;35,50;50,08;92,20;71,71;70,27
774;allmpnet;AVG-NS+SUM-NS_SUM-3-7;two-tokens;AVG-NS+SUM-NS;SUM-3-7;4,00;torch.Size([61, 1536]);12,00;0,00;batch-64-nhid-0-inlayer-12;NORMAL;83,28;85,30;94,04;88,17;89,24;90,20;68,99;85,60
775;allmpnet;AVG-NS+MAX-NS_SUM-3-7;two-tokens;AVG-NS+MAX-NS;SUM-3-7;4,00;torch.Size([61, 1536]);12,00;0,00;batch-64-nhid-0-inlayer-12;NORMAL;82,56;65,85;94,49;35,50;50,08;89,80;72,41;70,10
776;allmpnet;SUM-NS+MAX-NS_SUM-3-7;two-tokens;SUM-NS+MAX-NS;SUM-3-7;4,00;torch.Size([61, 1536]);12,00;0,00;batch-64-nhid-0-inlayer-12;NORMAL;82,86;69,29;94,25;35,50;50,08;90,60;68,46;70,15
777;allmpnet;CLS+AVG_SUM-4-8;two-tokens;CLS+AVG;SUM-4-8;4,00;torch.Size([61, 1536]);12,00;0,00;batch-64-nhid-0-inlayer-12;NORMAL;85,53;91,23;96,37;90,72;90,55;93,80;75,01;89,03
778;allmpnet;CLS+SUM_SUM-4-8;two-tokens;CLS+SUM;SUM-4-8;4,00;torch.Size([61, 1536]);12,00;0,00;batch-64-nhid-0-inlayer-12;NORMAL;84,84;87,90;94,70;89,56;90,66;93,40;67,59;86,95
779;allmpnet;CLS+MAX_SUM-4-8;two-tokens;CLS+MAX;SUM-4-8;4,00;torch.Size([61, 1536]);12,00;0,00;batch-64-nhid-0-inlayer-12;NORMAL;83,92;88,50;94,95;89,10;90,44;92,40;72,29;87,37
780;allmpnet;CLS+AVG-NS_SUM-4-8;two-tokens;CLS+AVG-NS;SUM-4-8;4,00;torch.Size([61, 1536]);12,00;0,00;batch-64-nhid-0-inlayer-12;NORMAL;84,99;90,17;96,04;89,50;90,28;91,00;72,23;87,74
781;allmpnet;CLS+SUM-NS_SUM-4-8;two-tokens;CLS+SUM-NS;SUM-4-8;4,00;torch.Size([61, 1536]);12,00;0,00;batch-64-nhid-0-inlayer-12;NORMAL;84,04;86,41;94,21;88,83;89,07;88,60;67,36;85,50
782;allmpnet;CLS+MAX-NS_SUM-4-8;two-tokens;CLS+MAX-NS;SUM-4-8;4,00;torch.Size([61, 1536]);12,00;0,00;batch-64-nhid-0-inlayer-12;NORMAL;83,72;65,96;94,79;35,50;50,08;88,00;71,65;69,96
783;allmpnet;AVG+SUM_SUM-4-8;two-tokens;AVG+SUM;SUM-4-8;4,00;torch.Size([61, 1536]);12,00;0,00;batch-64-nhid-0-inlayer-12;NORMAL;84,92;88,00;94,60;89,57;90,88;93,80;67,25;87,00
784;allmpnet;AVG+MAX_SUM-4-8;two-tokens;AVG+MAX;SUM-4-8;4,00;torch.Size([61, 1536]);12,00;0,00;batch-64-nhid-0-inlayer-12;NORMAL;84,13;88,98;94,95;89,42;90,88;94,60;72,64;87,94
785;allmpnet;AVG+AVG-NS_SUM-4-8;two-tokens;AVG+AVG-NS;SUM-4-8;4,00;torch.Size([61, 1536]);12,00;0,00;batch-64-nhid-0-inlayer-12;NORMAL;85,07;89,72;95,80;89,63;91,10;94,00;71,25;88,08
786;allmpnet;AVG+SUM-NS_SUM-4-8;two-tokens;AVG+SUM-NS;SUM-4-8;4,00;torch.Size([61, 1536]);12,00;0,00;batch-64-nhid-0-inlayer-12;NORMAL;84,08;86,07;93,96;89,44;89,51;90,40;68,17;85,95
787;allmpnet;AVG+MAX-NS_SUM-4-8;two-tokens;AVG+MAX-NS;SUM-4-8;4,00;torch.Size([61, 1536]);12,00;0,00;batch-64-nhid-0-inlayer-12;NORMAL;84,27;66,06;94,85;35,50;50,08;93,60;73,10;71,07
788;allmpnet;SUM+MAX_SUM-4-8;two-tokens;SUM+MAX;SUM-4-8;4,00;torch.Size([61, 1536]);12,00;0,00;batch-64-nhid-0-inlayer-12;NORMAL;84,78;87,97;94,74;88,63;91,05;94,00;67,25;86,92
789;allmpnet;SUM+AVG-NS_SUM-4-8;two-tokens;SUM+AVG-NS;SUM-4-8;4,00;torch.Size([61, 1536]);12,00;0,00;batch-64-nhid-0-inlayer-12;NORMAL;84,85;87,98;94,61;88,85;90,72;93,80;67,01;86,83
790;allmpnet;SUM+SUM-NS_SUM-4-8;two-tokens;SUM+SUM-NS;SUM-4-8;4,00;torch.Size([61, 1536]);12,00;0,00;batch-64-nhid-0-inlayer-12;NORMAL;84,04;88,77;94,86;88,76;89,46;94,00;68,29;86,88
791;allmpnet;SUM+MAX-NS_SUM-4-8;two-tokens;SUM+MAX-NS;SUM-4-8;4,00;torch.Size([61, 1536]);12,00;0,00;batch-64-nhid-0-inlayer-12;NORMAL;84,79;85,98;94,70;39,19;50,08;93,60;68,23;73,80
792;allmpnet;MAX+AVG-NS_SUM-4-8;two-tokens;MAX+AVG-NS;SUM-4-8;4,00;torch.Size([61, 1536]);12,00;0,00;batch-64-nhid-0-inlayer-12;NORMAL;83,56;88,45;95,01;88,74;90,39;92,60;72,70;87,35
793;allmpnet;MAX+SUM-NS_SUM-4-8;two-tokens;MAX+SUM-NS;SUM-4-8;4,00;torch.Size([61, 1536]);12,00;0,00;batch-64-nhid-0-inlayer-12;NORMAL;83,75;86,86;94,26;88,56;89,84;92,20;68,35;86,26
794;allmpnet;MAX+MAX-NS_SUM-4-8;two-tokens;MAX+MAX-NS;SUM-4-8;4,00;torch.Size([61, 1536]);12,00;0,00;batch-64-nhid-0-inlayer-12;NORMAL;82,66;65,98;93,80;35,50;50,08;92,20;71,48;70,24
795;allmpnet;AVG-NS+SUM-NS_SUM-4-8;two-tokens;AVG-NS+SUM-NS;SUM-4-8;4,00;torch.Size([61, 1536]);12,00;0,00;batch-64-nhid-0-inlayer-12;NORMAL;83,82;86,01;94,02;88,22;89,90;90,80;68,29;85,87
796;allmpnet;AVG-NS+MAX-NS_SUM-4-8;two-tokens;AVG-NS+MAX-NS;SUM-4-8;4,00;torch.Size([61, 1536]);12,00;0,00;batch-64-nhid-0-inlayer-12;NORMAL;83,23;65,80;94,60;35,50;50,08;90,20;71,77;70,17
797;allmpnet;SUM-NS+MAX-NS_SUM-4-8;two-tokens;SUM-NS+MAX-NS;SUM-4-8;4,00;torch.Size([61, 1536]);12,00;0,00;batch-64-nhid-0-inlayer-12;NORMAL;83,43;80,61;93,97;35,50;50,08;92,00;68,12;71,96
798;allmpnet;CLS+AVG_SUM-5-9;two-tokens;CLS+AVG;SUM-5-9;4,00;torch.Size([61, 1536]);12,00;0,00;batch-64-nhid-0-inlayer-12;NORMAL;85,62;91,23;96,21;90,79;90,88;95,60;75,54;89,41
799;allmpnet;CLS+SUM_SUM-5-9;two-tokens;CLS+SUM;SUM-5-9;4,00;torch.Size([61, 1536]);12,00;0,00;batch-64-nhid-0-inlayer-12;NORMAL;85,17;88,13;94,58;89,77;91,21;93,80;67,59;87,18
800;allmpnet;CLS+MAX_SUM-5-9;two-tokens;CLS+MAX;SUM-5-9;4,00;torch.Size([61, 1536]);12,00;0,00;batch-64-nhid-0-inlayer-12;NORMAL;83,96;88,72;95,03;89,18;91,05;93,20;71,54;87,53
801;allmpnet;CLS+AVG-NS_SUM-5-9;two-tokens;CLS+AVG-NS;SUM-5-9;4,00;torch.Size([61, 1536]);12,00;0,00;batch-64-nhid-0-inlayer-12;NORMAL;84,97;90,49;96,04;89,71;91,32;92,40;71,83;88,11
802;allmpnet;CLS+SUM-NS_SUM-5-9;two-tokens;CLS+SUM-NS;SUM-5-9;4,00;torch.Size([61, 1536]);12,00;0,00;batch-64-nhid-0-inlayer-12;NORMAL;84,26;87,20;94,47;89,08;90,39;91,40;67,94;86,39
803;allmpnet;CLS+MAX-NS_SUM-5-9;two-tokens;CLS+MAX-NS;SUM-5-9;4,00;torch.Size([61, 1536]);12,00;0,00;batch-64-nhid-0-inlayer-12;NORMAL;84,07;66,17;94,76;35,50;50,08;87,60;71,42;69,94
804;allmpnet;AVG+SUM_SUM-5-9;two-tokens;AVG+SUM;SUM-5-9;4,00;torch.Size([61, 1536]);12,00;0,00;batch-64-nhid-0-inlayer-12;NORMAL;85,27;88,11;94,68;89,57;90,61;93,60;67,19;87,00
805;allmpnet;AVG+MAX_SUM-5-9;two-tokens;AVG+MAX;SUM-5-9;4,00;torch.Size([61, 1536]);12,00;0,00;batch-64-nhid-0-inlayer-12;NORMAL;84,33;89,75;94,83;89,55;91,49;94,60;71,59;88,02
806;allmpnet;AVG+AVG-NS_SUM-5-9;two-tokens;AVG+AVG-NS;SUM-5-9;4,00;torch.Size([61, 1536]);12,00;0,00;batch-64-nhid-0-inlayer-12;NORMAL;85,47;90,04;95,85;89,60;91,21;95,20;71,54;88,42
807;allmpnet;AVG+SUM-NS_SUM-5-9;two-tokens;AVG+SUM-NS;SUM-5-9;4,00;torch.Size([61, 1536]);12,00;0,00;batch-64-nhid-0-inlayer-12;NORMAL;84,45;87,02;94,38;89,29;90,01;92,00;67,71;86,41
808;allmpnet;AVG+MAX-NS_SUM-5-9;two-tokens;AVG+MAX-NS;SUM-5-9;4,00;torch.Size([61, 1536]);12,00;0,00;batch-64-nhid-0-inlayer-12;NORMAL;84,44;66,01;95,02;35,50;50,08;92,40;71,65;70,73
809;allmpnet;SUM+MAX_SUM-5-9;two-tokens;SUM+MAX;SUM-5-9;4,00;torch.Size([61, 1536]);12,00;0,00;batch-64-nhid-0-inlayer-12;NORMAL;84,96;88,45;94,55;88,78;91,16;93,60;68,41;87,13
810;allmpnet;SUM+AVG-NS_SUM-5-9;two-tokens;SUM+AVG-NS;SUM-5-9;4,00;torch.Size([61, 1536]);12,00;0,00;batch-64-nhid-0-inlayer-12;NORMAL;85,15;88,10;94,52;89,07;90,99;93,60;68,17;87,09
811;allmpnet;SUM+SUM-NS_SUM-5-9;two-tokens;SUM+SUM-NS;SUM-5-9;4,00;torch.Size([61, 1536]);12,00;0,00;batch-64-nhid-0-inlayer-12;NORMAL;84,40;88,69;94,96;88,66;90,94;94,40;68,29;87,19
812;allmpnet;SUM+MAX-NS_SUM-5-9;two-tokens;SUM+MAX-NS;SUM-5-9;4,00;torch.Size([61, 1536]);12,00;0,00;batch-64-nhid-0-inlayer-12;NORMAL;84,88;85,43;94,61;48,19;50,08;93,00;68,06;74,89
813;allmpnet;MAX+AVG-NS_SUM-5-9;two-tokens;MAX+AVG-NS;SUM-5-9;4,00;torch.Size([61, 1536]);12,00;0,00;batch-64-nhid-0-inlayer-12;NORMAL;83,99;89,22;94,88;88,92;91,38;93,80;72,29;87,78
814;allmpnet;MAX+SUM-NS_SUM-5-9;two-tokens;MAX+SUM-NS;SUM-5-9;4,00;torch.Size([61, 1536]);12,00;0,00;batch-64-nhid-0-inlayer-12;NORMAL;84,40;87,71;94,48;88,56;91,05;92,80;67,42;86,63
815;allmpnet;MAX+MAX-NS_SUM-5-9;two-tokens;MAX+MAX-NS;SUM-5-9;4,00;torch.Size([61, 1536]);12,00;0,00;batch-64-nhid-0-inlayer-12;NORMAL;82,80;66,09;93,64;35,50;50,08;93,00;71,65;70,39
816;allmpnet;AVG-NS+SUM-NS_SUM-5-9;two-tokens;AVG-NS+SUM-NS;SUM-5-9;4,00;torch.Size([61, 1536]);12,00;0,00;batch-64-nhid-0-inlayer-12;NORMAL;84,31;86,81;94,39;88,54;90,61;91,60;67,65;86,27
817;allmpnet;AVG-NS+MAX-NS_SUM-5-9;two-tokens;AVG-NS+MAX-NS;SUM-5-9;4,00;torch.Size([61, 1536]);12,00;0,00;batch-64-nhid-0-inlayer-12;NORMAL;83,80;65,96;94,76;35,50;50,08;88,20;71,42;69,96
818;allmpnet;SUM-NS+MAX-NS_SUM-5-9;two-tokens;SUM-NS+MAX-NS;SUM-5-9;4,00;torch.Size([61, 1536]);12,00;0,00;batch-64-nhid-0-inlayer-12;NORMAL;84,24;81,88;94,38;35,50;50,08;92,40;68,06;72,36
819;allmpnet;CLS+AVG_SUM-6-10;two-tokens;CLS+AVG;SUM-6-10;4,00;torch.Size([61, 1536]);12,00;0,00;batch-64-nhid-0-inlayer-12;NORMAL;85,63;91,34;96,27;90,46;91,65;95,80;76,17;89,62
820;allmpnet;CLS+SUM_SUM-6-10;two-tokens;CLS+SUM;SUM-6-10;4,00;torch.Size([61, 1536]);12,00;0,00;batch-64-nhid-0-inlayer-12;NORMAL;85,61;88,71;94,65;89,29;90,99;94,80;69,86;87,70
821;allmpnet;CLS+MAX_SUM-6-10;two-tokens;CLS+MAX;SUM-6-10;4,00;torch.Size([61, 1536]);12,00;0,00;batch-64-nhid-0-inlayer-12;NORMAL;84,35;88,93;94,90;89,28;90,94;92,80;71,77;87,57
822;allmpnet;CLS+AVG-NS_SUM-6-10;two-tokens;CLS+AVG-NS;SUM-6-10;4,00;torch.Size([61, 1536]);12,00;0,00;batch-64-nhid-0-inlayer-12;NORMAL;85,38;90,84;96,15;89,73;91,76;91,40;72,70;88,28
823;allmpnet;CLS+SUM-NS_SUM-6-10;two-tokens;CLS+SUM-NS;SUM-6-10;4,00;torch.Size([61, 1536]);12,00;0,00;batch-64-nhid-0-inlayer-12;NORMAL;85,09;87,55;94,43;88,99;90,55;91,40;69,68;86,81
824;allmpnet;CLS+MAX-NS_SUM-6-10;two-tokens;CLS+MAX-NS;SUM-6-10;4,00;torch.Size([61, 1536]);12,00;0,00;batch-64-nhid-0-inlayer-12;NORMAL;84,39;66,35;94,75;35,50;50,08;89,00;71,42;70,21
825;allmpnet;AVG+SUM_SUM-6-10;two-tokens;AVG+SUM;SUM-6-10;4,00;torch.Size([61, 1536]);12,00;0,00;batch-64-nhid-0-inlayer-12;NORMAL;85,68;88,64;94,64;89,28;91,05;94,80;68,70;87,54
826;allmpnet;AVG+MAX_SUM-6-10;two-tokens;AVG+MAX;SUM-6-10;4,00;torch.Size([61, 1536]);12,00;0,00;batch-64-nhid-0-inlayer-12;NORMAL;84,89;89,64;95,11;89,51;91,27;94,20;72,12;88,11
827;allmpnet;AVG+AVG-NS_SUM-6-10;two-tokens;AVG+AVG-NS;SUM-6-10;4,00;torch.Size([61, 1536]);12,00;0,00;batch-64-nhid-0-inlayer-12;NORMAL;85,79;90,65;95,89;89,34;91,10;95,40;71,59;88,54
828;allmpnet;AVG+SUM-NS_SUM-6-10;two-tokens;AVG+SUM-NS;SUM-6-10;4,00;torch.Size([61, 1536]);12,00;0,00;batch-64-nhid-0-inlayer-12;NORMAL;85,09;87,66;94,43;89,16;90,66;92,60;69,33;86,99
829;allmpnet;AVG+MAX-NS_SUM-6-10;two-tokens;AVG+MAX-NS;SUM-6-10;4,00;torch.Size([61, 1536]);12,00;0,00;batch-64-nhid-0-inlayer-12;NORMAL;84,47;66,09;94,88;35,50;50,08;92,80;70,84;70,67
830;allmpnet;SUM+MAX_SUM-6-10;two-tokens;SUM+MAX;SUM-6-10;4,00;torch.Size([61, 1536]);12,00;0,00;batch-64-nhid-0-inlayer-12;NORMAL;85,39;88,56;94,65;88,47;91,32;94,80;69,04;87,46
831;allmpnet;SUM+AVG-NS_SUM-6-10;two-tokens;SUM+AVG-NS;SUM-6-10;4,00;torch.Size([61, 1536]);12,00;0,00;batch-64-nhid-0-inlayer-12;NORMAL;85,55;88,69;94,55;88,54;91,27;94,60;69,16;87,48
832;allmpnet;SUM+SUM-NS_SUM-6-10;two-tokens;SUM+SUM-NS;SUM-6-10;4,00;torch.Size([61, 1536]);12,00;0,00;batch-64-nhid-0-inlayer-12;NORMAL;85,00;89,11;94,84;88,49;90,66;95,60;69,22;87,56
833;allmpnet;SUM+MAX-NS_SUM-6-10;two-tokens;SUM+MAX-NS;SUM-6-10;4,00;torch.Size([61, 1536]);12,00;0,00;batch-64-nhid-0-inlayer-12;NORMAL;85,64;88,66;94,62;46,61;50,08;94,40;68,99;75,57
834;allmpnet;MAX+AVG-NS_SUM-6-10;two-tokens;MAX+AVG-NS;SUM-6-10;4,00;torch.Size([61, 1536]);12,00;0,00;batch-64-nhid-0-inlayer-12;NORMAL;84,34;89,01;95,07;88,82;91,32;93,60;70,96;87,59
835;allmpnet;MAX+SUM-NS_SUM-6-10;two-tokens;MAX+SUM-NS;SUM-6-10;4,00;torch.Size([61, 1536]);12,00;0,00;batch-64-nhid-0-inlayer-12;NORMAL;84,81;87,74;94,46;88,27;91,10;93,40;69,16;86,99
836;allmpnet;MAX+MAX-NS_SUM-6-10;two-tokens;MAX+MAX-NS;SUM-6-10;4,00;torch.Size([61, 1536]);12,00;0,00;batch-64-nhid-0-inlayer-12;NORMAL;83,44;68,03;93,79;35,50;50,08;92,20;71,65;70,67
837;allmpnet;AVG-NS+SUM-NS_SUM-6-10;two-tokens;AVG-NS+SUM-NS;SUM-6-10;4,00;torch.Size([61, 1536]);12,00;0,00;batch-64-nhid-0-inlayer-12;NORMAL;84,98;87,55;94,48;88,38;90,17;90,60;70,03;86,60
838;allmpnet;AVG-NS+MAX-NS_SUM-6-10;two-tokens;AVG-NS+MAX-NS;SUM-6-10;4,00;torch.Size([61, 1536]);12,00;0,00;batch-64-nhid-0-inlayer-12;NORMAL;84,08;66,17;94,46;35,50;50,08;90,60;70,96;70,26
839;allmpnet;SUM-NS+MAX-NS_SUM-6-10;two-tokens;SUM-NS+MAX-NS;SUM-6-10;4,00;torch.Size([61, 1536]);12,00;0,00;batch-64-nhid-0-inlayer-12;NORMAL;84,36;84,26;94,45;35,50;50,08;91,60;68,64;72,70
840;allmpnet;CLS+AVG_SUM-7-11;two-tokens;CLS+AVG;SUM-7-11;4,00;torch.Size([61, 1536]);12,00;0,00;batch-64-nhid-0-inlayer-12;NORMAL;86,22;91,21;96,26;90,33;91,98;96,00;72,87;89,27
841;allmpnet;CLS+SUM_SUM-7-11;two-tokens;CLS+SUM;SUM-7-11;4,00;torch.Size([61, 1536]);12,00;0,00;batch-64-nhid-0-inlayer-12;NORMAL;85,43;88,40;94,36;89,10;91,16;94,20;70,03;87,53
842;allmpnet;CLS+MAX_SUM-7-11;two-tokens;CLS+MAX;SUM-7-11;4,00;torch.Size([61, 1536]);12,00;0,00;batch-64-nhid-0-inlayer-12;NORMAL;84,63;88,42;94,52;89,15;91,05;93,20;71,88;87,55
843;allmpnet;CLS+AVG-NS_SUM-7-11;two-tokens;CLS+AVG-NS;SUM-7-11;4,00;torch.Size([61, 1536]);12,00;0,00;batch-64-nhid-0-inlayer-12;NORMAL;85,96;90,83;96,29;89,57;91,43;91,80;73,22;88,44
844;allmpnet;CLS+SUM-NS_SUM-7-11;two-tokens;CLS+SUM-NS;SUM-7-11;4,00;torch.Size([61, 1536]);12,00;0,00;batch-64-nhid-0-inlayer-12;NORMAL;85,16;87,42;94,30;88,64;90,44;91,40;70,55;86,84
845;allmpnet;CLS+MAX-NS_SUM-7-11;two-tokens;CLS+MAX-NS;SUM-7-11;4,00;torch.Size([61, 1536]);12,00;0,00;batch-64-nhid-0-inlayer-12;NORMAL;84,57;66,43;94,48;36,79;50,08;88,80;70,61;70,25
846;allmpnet;AVG+SUM_SUM-7-11;two-tokens;AVG+SUM;SUM-7-11;4,00;torch.Size([61, 1536]);12,00;0,00;batch-64-nhid-0-inlayer-12;NORMAL;85,59;88,32;94,40;88,96;91,05;94,20;70,20;87,53
847;allmpnet;AVG+MAX_SUM-7-11;two-tokens;AVG+MAX;SUM-7-11;4,00;torch.Size([61, 1536]);12,00;0,00;batch-64-nhid-0-inlayer-12;NORMAL;84,66;89,03;94,78;89,45;90,94;94,60;72,93;88,06
848;allmpnet;AVG+AVG-NS_SUM-7-11;two-tokens;AVG+AVG-NS;SUM-7-11;4,00;torch.Size([61, 1536]);12,00;0,00;batch-64-nhid-0-inlayer-12;NORMAL;85,66;90,54;95,84;89,26;90,77;95,60;73,51;88,74
849;allmpnet;AVG+SUM-NS_SUM-7-11;two-tokens;AVG+SUM-NS;SUM-7-11;4,00;torch.Size([61, 1536]);12,00;0,00;batch-64-nhid-0-inlayer-12;NORMAL;85,03;87,57;94,45;88,91;90,44;92,40;69,91;86,96
850;allmpnet;AVG+MAX-NS_SUM-7-11;two-tokens;AVG+MAX-NS;SUM-7-11;4,00;torch.Size([61, 1536]);12,00;0,00;batch-64-nhid-0-inlayer-12;NORMAL;84,89;66,28;94,78;36,79;50,08;91,40;70,72;70,71
851;allmpnet;SUM+MAX_SUM-7-11;two-tokens;SUM+MAX;SUM-7-11;4,00;torch.Size([61, 1536]);12,00;0,00;batch-64-nhid-0-inlayer-12;NORMAL;85,14;88,53;94,38;88,46;91,16;95,00;69,57;87,46
852;allmpnet;SUM+AVG-NS_SUM-7-11;two-tokens;SUM+AVG-NS;SUM-7-11;4,00;torch.Size([61, 1536]);12,00;0,00;batch-64-nhid-0-inlayer-12;NORMAL;85,30;88,42;94,37;88,65;91,10;94,60;69,51;87,42
853;allmpnet;SUM+SUM-NS_SUM-7-11;two-tokens;SUM+SUM-NS;SUM-7-11;4,00;torch.Size([61, 1536]);12,00;0,00;batch-64-nhid-0-inlayer-12;NORMAL;85,04;88,90;94,53;88,21;91,16;95,40;68,81;87,44
854;allmpnet;SUM+MAX-NS_SUM-7-11;two-tokens;SUM+MAX-NS;SUM-7-11;4,00;torch.Size([61, 1536]);12,00;0,00;batch-64-nhid-0-inlayer-12;NORMAL;85,31;78,30;94,33;48,91;50,08;94,60;69,62;74,45
855;allmpnet;MAX+AVG-NS_SUM-7-11;two-tokens;MAX+AVG-NS;SUM-7-11;4,00;torch.Size([61, 1536]);12,00;0,00;batch-64-nhid-0-inlayer-12;NORMAL;84,33;89,03;94,68;88,74;91,21;94,40;71,94;87,76
856;allmpnet;MAX+SUM-NS_SUM-7-11;two-tokens;MAX+SUM-NS;SUM-7-11;4,00;torch.Size([61, 1536]);12,00;0,00;batch-64-nhid-0-inlayer-12;NORMAL;84,67;88,48;94,32;88,00;90,66;93,80;70,72;87,24
857;allmpnet;MAX+MAX-NS_SUM-7-11;two-tokens;MAX+MAX-NS;SUM-7-11;4,00;torch.Size([61, 1536]);12,00;0,00;batch-64-nhid-0-inlayer-12;NORMAL;83,56;70,17;93,34;38,17;50,08;92,00;70,61;71,13
858;allmpnet;AVG-NS+SUM-NS_SUM-7-11;two-tokens;AVG-NS+SUM-NS;SUM-7-11;4,00;torch.Size([61, 1536]);12,00;0,00;batch-64-nhid-0-inlayer-12;NORMAL;85,03;87,34;94,49;87,94;90,88;91,60;70,49;86,82
859;allmpnet;AVG-NS+MAX-NS_SUM-7-11;two-tokens;AVG-NS+MAX-NS;SUM-7-11;4,00;torch.Size([61, 1536]);12,00;0,00;batch-64-nhid-0-inlayer-12;NORMAL;84,15;66,12;94,23;33,15;50,08;90,80;71,59;70,02
860;allmpnet;SUM-NS+MAX-NS_SUM-7-11;two-tokens;SUM-NS+MAX-NS;SUM-7-11;4,00;torch.Size([61, 1536]);12,00;0,00;batch-64-nhid-0-inlayer-12;NORMAL;84,55;82,57;94,30;36,79;50,08;92,00;70,61;72,99
861;allmpnet;CLS+AVG_SUM-8-12;two-tokens;CLS+AVG;SUM-8-12;4,00;torch.Size([61, 1536]);12,00;0,00;batch-64-nhid-0-inlayer-12;NORMAL;86,50;91,28;95,78;90,31;92,04;96,00;75,01;89,56
862;allmpnet;CLS+SUM_SUM-8-12;two-tokens;CLS+SUM;SUM-8-12;4,00;torch.Size([61, 1536]);12,00;0,00;batch-64-nhid-0-inlayer-12;NORMAL;85,29;87,87;94,15;89,04;90,99;95,00;69,91;87,46
863;allmpnet;CLS+MAX_SUM-8-12;two-tokens;CLS+MAX;SUM-8-12;4,00;torch.Size([61, 1536]);12,00;0,00;batch-64-nhid-0-inlayer-12;NORMAL;84,67;88,05;94,11;89,20;91,16;92,40;72,64;87,46
864;allmpnet;CLS+AVG-NS_SUM-8-12;two-tokens;CLS+AVG-NS;SUM-8-12;4,00;torch.Size([61, 1536]);12,00;0,00;batch-64-nhid-0-inlayer-12;NORMAL;86,13;90,46;95,71;89,51;90,99;92,80;73,04;88,38
865;allmpnet;CLS+SUM-NS_SUM-8-12;two-tokens;CLS+SUM-NS;SUM-8-12;4,00;torch.Size([61, 1536]);12,00;0,00;batch-64-nhid-0-inlayer-12;NORMAL;84,79;87,13;93,60;88,69;90,39;90,80;70,90;86,61
866;allmpnet;CLS+MAX-NS_SUM-8-12;two-tokens;CLS+MAX-NS;SUM-8-12;4,00;torch.Size([61, 1536]);12,00;0,00;batch-64-nhid-0-inlayer-12;NORMAL;84,34;66,20;94,00;43,07;50,08;90,00;70,55;71,18
867;allmpnet;AVG+SUM_SUM-8-12;two-tokens;AVG+SUM;SUM-8-12;4,00;torch.Size([61, 1536]);12,00;0,00;batch-64-nhid-0-inlayer-12;NORMAL;85,16;88,00;94,14;89,05;90,72;94,80;70,43;87,47
868;allmpnet;AVG+MAX_SUM-8-12;two-tokens;AVG+MAX;SUM-8-12;4,00;torch.Size([61, 1536]);12,00;0,00;batch-64-nhid-0-inlayer-12;NORMAL;85,01;88,95;94,60;89,43;91,21;95,60;71,71;88,07
869;allmpnet;AVG+AVG-NS_SUM-8-12;two-tokens;AVG+AVG-NS;SUM-8-12;4,00;torch.Size([61, 1536]);12,00;0,00;batch-64-nhid-0-inlayer-12;NORMAL;85,57;90,46;95,44;89,44;90,99;95,20;71,77;88,41
870;allmpnet;AVG+SUM-NS_SUM-8-12;two-tokens;AVG+SUM-NS;SUM-8-12;4,00;torch.Size([61, 1536]);12,00;0,00;batch-64-nhid-0-inlayer-12;NORMAL;84,91;87,37;93,76;88,78;90,06;92,40;71,19;86,92
871;allmpnet;AVG+MAX-NS_SUM-8-12;two-tokens;AVG+MAX-NS;SUM-8-12;4,00;torch.Size([61, 1536]);12,00;0,00;batch-64-nhid-0-inlayer-12;NORMAL;84,82;66,17;94,87;43,07;50,08;93,60;70,84;71,92
872;allmpnet;SUM+MAX_SUM-8-12;two-tokens;SUM+MAX;SUM-8-12;4,00;torch.Size([61, 1536]);12,00;0,00;batch-64-nhid-0-inlayer-12;NORMAL;85,11;88,10;94,11;88,33;90,83;95,40;69,91;87,40
873;allmpnet;SUM+AVG-NS_SUM-8-12;two-tokens;SUM+AVG-NS;SUM-8-12;4,00;torch.Size([61, 1536]);12,00;0,00;batch-64-nhid-0-inlayer-12;NORMAL;85,02;88,24;94,08;88,46;90,83;95,00;70,38;87,43
874;allmpnet;SUM+SUM-NS_SUM-8-12;two-tokens;SUM+SUM-NS;SUM-8-12;4,00;torch.Size([61, 1536]);12,00;0,00;batch-64-nhid-0-inlayer-12;NORMAL;84,69;88,16;94,18;88,12;90,39;95,20;70,78;87,36
875;allmpnet;SUM+MAX-NS_SUM-8-12;two-tokens;SUM+MAX-NS;SUM-8-12;4,00;torch.Size([61, 1536]);12,00;0,00;batch-64-nhid-0-inlayer-12;NORMAL;85,03;84,45;94,12;39,91;50,08;95,20;70,55;74,19
876;allmpnet;MAX+AVG-NS_SUM-8-12;two-tokens;MAX+AVG-NS;SUM-8-12;4,00;torch.Size([61, 1536]);12,00;0,00;batch-64-nhid-0-inlayer-12;NORMAL;84,50;88,66;94,57;88,76;91,21;94,00;73,22;87,85
877;allmpnet;MAX+SUM-NS_SUM-8-12;two-tokens;MAX+SUM-NS;SUM-8-12;4,00;torch.Size([61, 1536]);12,00;0,00;batch-64-nhid-0-inlayer-12;NORMAL;84,65;88,16;93,78;87,95;90,28;93,60;70,32;86,96
878;allmpnet;MAX+MAX-NS_SUM-8-12;two-tokens;MAX+MAX-NS;SUM-8-12;4,00;torch.Size([61, 1536]);12,00;0,00;batch-64-nhid-0-inlayer-12;NORMAL;83,74;66,20;93,43;43,06;50,08;91,80;70,84;71,31
879;allmpnet;AVG-NS+SUM-NS_SUM-8-12;two-tokens;AVG-NS+SUM-NS;SUM-8-12;4,00;torch.Size([61, 1536]);12,00;0,00;batch-64-nhid-0-inlayer-12;NORMAL;84,68;87,20;93,81;87,86;90,39;90,20;70,43;86,37
880;allmpnet;AVG-NS+MAX-NS_SUM-8-12;two-tokens;AVG-NS+MAX-NS;SUM-8-12;4,00;torch.Size([61, 1536]);12,00;0,00;batch-64-nhid-0-inlayer-12;NORMAL;84,08;65,98;94,31;43,07;50,08;91,20;70,96;71,38
881;allmpnet;SUM-NS+MAX-NS_SUM-8-12;two-tokens;SUM-NS+MAX-NS;SUM-8-12;4,00;torch.Size([61, 1536]);12,00;0,00;batch-64-nhid-0-inlayer-12;NORMAL;84,47;83,31;94,00;43,05;50,08;91,00;70,38;73,76
882;allmpnet;CLS+AVG_SUM-1-6;two-tokens;CLS+AVG;SUM-1-6;4,00;torch.Size([61, 1536]);12,00;0,00;batch-64-nhid-0-inlayer-12;NORMAL;84,78;89,96;96,21;90,15;89,24;92,40;74,96;88,24
883;allmpnet;CLS+SUM_SUM-1-6;two-tokens;CLS+SUM;SUM-1-6;4,00;torch.Size([61, 1536]);12,00;0,00;batch-64-nhid-0-inlayer-12;NORMAL;83,54;85,59;94,19;89,14;87,92;91,20;68,64;85,75
884;allmpnet;CLS+MAX_SUM-1-6;two-tokens;CLS+MAX;SUM-1-6;4,00;torch.Size([61, 1536]);12,00;0,00;batch-64-nhid-0-inlayer-12;NORMAL;81,47;84,93;94,32;88,92;87,15;90,20;70,96;85,42
885;allmpnet;CLS+AVG-NS_SUM-1-6;two-tokens;CLS+AVG-NS;SUM-1-6;4,00;torch.Size([61, 1536]);12,00;0,00;batch-64-nhid-0-inlayer-12;NORMAL;83,97;88,93;95,81;89,00;88,52;88,80;73,33;86,91
886;allmpnet;CLS+SUM-NS_SUM-1-6;two-tokens;CLS+SUM-NS;SUM-1-6;4,00;torch.Size([61, 1536]);12,00;0,00;batch-64-nhid-0-inlayer-12;NORMAL;82,01;82,78;93,69;88,28;87,20;87,40;68,81;84,31
887;allmpnet;CLS+MAX-NS_SUM-1-6;two-tokens;CLS+MAX-NS;SUM-1-6;4,00;torch.Size([61, 1536]);12,00;0,00;batch-64-nhid-0-inlayer-12;NORMAL;81,34;66,88;94,39;35,50;50,08;87,60;70,09;69,41
888;allmpnet;AVG+SUM_SUM-1-6;two-tokens;AVG+SUM;SUM-1-6;4,00;torch.Size([61, 1536]);12,00;0,00;batch-64-nhid-0-inlayer-12;NORMAL;83,41;85,56;94,21;89,22;88,30;91,60;68,17;85,78
889;allmpnet;AVG+MAX_SUM-1-6;two-tokens;AVG+MAX;SUM-1-6;4,00;torch.Size([61, 1536]);12,00;0,00;batch-64-nhid-0-inlayer-12;NORMAL;82,15;86,70;94,25;88,97;87,48;91,60;72,41;86,22
890;allmpnet;AVG+AVG-NS_SUM-1-6;two-tokens;AVG+AVG-NS;SUM-1-6;4,00;torch.Size([61, 1536]);12,00;0,00;batch-64-nhid-0-inlayer-12;NORMAL;83,61;88,19;95,67;89,19;89,68;91,20;72,75;87,18
891;allmpnet;AVG+SUM-NS_SUM-1-6;two-tokens;AVG+SUM-NS;SUM-1-6;4,00;torch.Size([61, 1536]);12,00;0,00;batch-64-nhid-0-inlayer-12;NORMAL;82,07;83,08;93,82;89,04;87,81;89,20;68,70;84,82
892;allmpnet;AVG+MAX-NS_SUM-1-6;two-tokens;AVG+MAX-NS;SUM-1-6;4,00;torch.Size([61, 1536]);12,00;0,00;batch-64-nhid-0-inlayer-12;NORMAL;82,24;65,69;94,50;35,50;50,08;91,40;72,35;70,25
893;allmpnet;SUM+MAX_SUM-1-6;two-tokens;SUM+MAX;SUM-1-6;4,00;torch.Size([61, 1536]);12,00;0,00;batch-64-nhid-0-inlayer-12;NORMAL;83,28;85,80;94,33;88,68;88,30;91,80;68,64;85,83
894;allmpnet;SUM+AVG-NS_SUM-1-6;two-tokens;SUM+AVG-NS;SUM-1-6;4,00;torch.Size([61, 1536]);12,00;0,00;batch-64-nhid-0-inlayer-12;NORMAL;83,39;85,59;94,18;88,52;87,92;91,60;69,04;85,75
895;allmpnet;SUM+SUM-NS_SUM-1-6;two-tokens;SUM+SUM-NS;SUM-1-6;4,00;torch.Size([61, 1536]);12,00;0,00;batch-64-nhid-0-inlayer-12;NORMAL;82,98;85,99;94,72;88,27;88,69;91,60;70,03;86,04
896;allmpnet;SUM+MAX-NS_SUM-1-6;two-tokens;SUM+MAX-NS;SUM-1-6;4,00;torch.Size([61, 1536]);12,00;0,00;batch-64-nhid-0-inlayer-12;NORMAL;83,11;83,76;94,27;31,75;50,08;92,00;68,75;71,96
897;allmpnet;MAX+AVG-NS_SUM-1-6;two-tokens;MAX+AVG-NS;SUM-1-6;4,00;torch.Size([61, 1536]);12,00;0,00;batch-64-nhid-0-inlayer-12;NORMAL;81,24;85,62;94,22;88,10;87,26;92,20;72,46;85,87
898;allmpnet;MAX+SUM-NS_SUM-1-6;two-tokens;MAX+SUM-NS;SUM-1-6;4,00;torch.Size([61, 1536]);12,00;0,00;batch-64-nhid-0-inlayer-12;NORMAL;81,48;83,74;93,74;88,07;87,48;90,40;69,16;84,87
899;allmpnet;MAX+MAX-NS_SUM-1-6;two-tokens;MAX+MAX-NS;SUM-1-6;4,00;torch.Size([61, 1536]);12,00;0,00;batch-64-nhid-0-inlayer-12;NORMAL;79,28;65,54;93,01;35,50;50,08;91,20;71,88;69,50
900;allmpnet;AVG-NS+SUM-NS_SUM-1-6;two-tokens;AVG-NS+SUM-NS;SUM-1-6;4,00;torch.Size([61, 1536]);12,00;0,00;batch-64-nhid-0-inlayer-12;NORMAL;81,99;82,62;93,65;87,74;87,37;88,20;68,46;84,29
901;allmpnet;AVG-NS+MAX-NS_SUM-1-6;two-tokens;AVG-NS+MAX-NS;SUM-1-6;4,00;torch.Size([61, 1536]);12,00;0,00;batch-64-nhid-0-inlayer-12;NORMAL;81,04;65,56;94,19;35,50;50,08;88,80;71,48;69,52
902;allmpnet;SUM-NS+MAX-NS_SUM-1-6;two-tokens;SUM-NS+MAX-NS;SUM-1-6;4,00;torch.Size([61, 1536]);12,00;0,00;batch-64-nhid-0-inlayer-12;NORMAL;81,45;65,64;93,70;35,50;50,08;88,60;68,81;69,11
903;allmpnet;CLS+AVG_SUM-2-7;two-tokens;CLS+AVG;SUM-2-7;4,00;torch.Size([61, 1536]);12,00;0,00;batch-64-nhid-0-inlayer-12;NORMAL;85,14;90,89;96,23;90,64;90,44;93,60;74,72;88,81
904;allmpnet;CLS+SUM_SUM-2-7;two-tokens;CLS+SUM;SUM-2-7;4,00;torch.Size([61, 1536]);12,00;0,00;batch-64-nhid-0-inlayer-12;NORMAL;84,20;87,28;94,25;89,43;89,46;93,40;68,17;86,60
905;allmpnet;CLS+MAX_SUM-2-7;two-tokens;CLS+MAX;SUM-2-7;4,00;torch.Size([61, 1536]);12,00;0,00;batch-64-nhid-0-inlayer-12;NORMAL;83,49;87,55;94,91;89,18;89,90;92,00;71,19;86,89
906;allmpnet;CLS+AVG-NS_SUM-2-7;two-tokens;CLS+AVG-NS;SUM-2-7;4,00;torch.Size([61, 1536]);12,00;0,00;batch-64-nhid-0-inlayer-12;NORMAL;85,00;90,02;95,91;89,30;90,17;90,00;72,70;87,59
907;allmpnet;CLS+SUM-NS_SUM-2-7;two-tokens;CLS+SUM-NS;SUM-2-7;4,00;torch.Size([61, 1536]);12,00;0,00;batch-64-nhid-0-inlayer-12;NORMAL;83,28;85,51;94,22;88,50;88,14;88,40;68,35;85,20
908;allmpnet;CLS+MAX-NS_SUM-2-7;two-tokens;CLS+MAX-NS;SUM-2-7;4,00;torch.Size([61, 1536]);12,00;0,00;batch-64-nhid-0-inlayer-12;NORMAL;83,03;66,06;94,73;35,50;50,08;89,20;71,19;69,97
909;allmpnet;AVG+SUM_SUM-2-7;two-tokens;AVG+SUM;SUM-2-7;4,00;torch.Size([61, 1536]);12,00;0,00;batch-64-nhid-0-inlayer-12;NORMAL;84,22;87,02;94,34;89,49;89,18;92,60;67,77;86,37
910;allmpnet;AVG+MAX_SUM-2-7;two-tokens;AVG+MAX;SUM-2-7;4,00;torch.Size([61, 1536]);12,00;0,00;batch-64-nhid-0-inlayer-12;NORMAL;83,79;88,03;94,88;89,35;89,73;94,00;72,41;87,46
911;allmpnet;AVG+AVG-NS_SUM-2-7;two-tokens;AVG+AVG-NS;SUM-2-7;4,00;torch.Size([61, 1536]);12,00;0,00;batch-64-nhid-0-inlayer-12;NORMAL;84,40;89,27;95,77;89,43;90,06;93,00;72,23;87,74
912;allmpnet;AVG+SUM-NS_SUM-2-7;two-tokens;AVG+SUM-NS;SUM-2-7;4,00;torch.Size([61, 1536]);12,00;0,00;batch-64-nhid-0-inlayer-12;NORMAL;83,20;85,75;94,07;89,13;88,69;88,60;68,06;85,36
913;allmpnet;AVG+MAX-NS_SUM-2-7;two-tokens;AVG+MAX-NS;SUM-2-7;4,00;torch.Size([61, 1536]);12,00;0,00;batch-64-nhid-0-inlayer-12;NORMAL;83,11;66,14;94,76;31,75;50,08;92,20;71,77;69,97
914;allmpnet;SUM+MAX_SUM-2-7;two-tokens;SUM+MAX;SUM-2-7;4,00;torch.Size([61, 1536]);12,00;0,00;batch-64-nhid-0-inlayer-12;NORMAL;84,26;87,50;94,49;88,86;89,35;93,00;68,29;86,54
915;allmpnet;SUM+AVG-NS_SUM-2-7;two-tokens;SUM+AVG-NS;SUM-2-7;4,00;torch.Size([61, 1536]);12,00;0,00;batch-64-nhid-0-inlayer-12;NORMAL;84,30;87,18;94,39;88,98;89,62;92,60;67,83;86,41
916;allmpnet;SUM+SUM-NS_SUM-2-7;two-tokens;SUM+SUM-NS;SUM-2-7;4,00;torch.Size([61, 1536]);12,00;0,00;batch-64-nhid-0-inlayer-12;NORMAL;83,12;87,52;94,76;88,39;89,07;93,40;69,57;86,55
917;allmpnet;SUM+MAX-NS_SUM-2-7;two-tokens;SUM+MAX-NS;SUM-2-7;4,00;torch.Size([61, 1536]);12,00;0,00;batch-64-nhid-0-inlayer-12;NORMAL;83,98;83,50;94,39;46,61;50,08;93,00;67,59;74,16
918;allmpnet;MAX+AVG-NS_SUM-2-7;two-tokens;MAX+AVG-NS;SUM-2-7;4,00;torch.Size([61, 1536]);12,00;0,00;batch-64-nhid-0-inlayer-12;NORMAL;82,98;87,36;94,79;88,34;88,96;93,60;72,06;86,87
919;allmpnet;MAX+SUM-NS_SUM-2-7;two-tokens;MAX+SUM-NS;SUM-2-7;4,00;torch.Size([61, 1536]);12,00;0,00;batch-64-nhid-0-inlayer-12;NORMAL;82,95;85,67;94,27;87,72;88,41;91,00;68,00;85,43
920;allmpnet;MAX+MAX-NS_SUM-2-7;two-tokens;MAX+MAX-NS;SUM-2-7;4,00;torch.Size([61, 1536]);12,00;0,00;batch-64-nhid-0-inlayer-12;NORMAL;81,09;65,56;93,34;35,50;50,08;92,40;71,65;69,95
921;allmpnet;AVG-NS+SUM-NS_SUM-2-7;two-tokens;AVG-NS+SUM-NS;SUM-2-7;4,00;torch.Size([61, 1536]);12,00;0,00;batch-64-nhid-0-inlayer-12;NORMAL;83,16;85,19;94,03;88,12;88,63;88,60;67,88;85,09
922;allmpnet;AVG-NS+MAX-NS_SUM-2-7;two-tokens;AVG-NS+MAX-NS;SUM-2-7;4,00;torch.Size([61, 1536]);12,00;0,00;batch-64-nhid-0-inlayer-12;NORMAL;81,95;65,90;94,45;35,50;50,08;90,00;71,83;69,96
923;allmpnet;SUM-NS+MAX-NS_SUM-2-7;two-tokens;SUM-NS+MAX-NS;SUM-2-7;4,00;torch.Size([61, 1536]);12,00;0,00;batch-64-nhid-0-inlayer-12;NORMAL;82,90;68,66;94,11;35,50;50,08;89,00;67,48;69,68
924;allmpnet;CLS+AVG_SUM-3-8;two-tokens;CLS+AVG;SUM-3-8;4,00;torch.Size([61, 1536]);12,00;0,00;batch-64-nhid-0-inlayer-12;NORMAL;85,43;91,23;96,33;90,76;90,83;93,60;75,36;89,08
925;allmpnet;CLS+SUM_SUM-3-8;two-tokens;CLS+SUM;SUM-3-8;4,00;torch.Size([61, 1536]);12,00;0,00;batch-64-nhid-0-inlayer-12;NORMAL;84,82;88,08;94,53;89,61;90,83;94,00;67,36;87,03
926;allmpnet;CLS+MAX_SUM-3-8;two-tokens;CLS+MAX;SUM-3-8;4,00;torch.Size([61, 1536]);12,00;0,00;batch-64-nhid-0-inlayer-12;NORMAL;83,96;87,87;95,13;89,04;90,72;92,60;70,49;87,12
927;allmpnet;CLS+AVG-NS_SUM-3-8;two-tokens;CLS+AVG-NS;SUM-3-8;4,00;torch.Size([61, 1536]);12,00;0,00;batch-64-nhid-0-inlayer-12;NORMAL;84,96;89,91;96,01;89,33;90,61;90,60;73,10;87,79
928;allmpnet;CLS+SUM-NS_SUM-3-8;two-tokens;CLS+SUM-NS;SUM-3-8;4,00;torch.Size([61, 1536]);12,00;0,00;batch-64-nhid-0-inlayer-12;NORMAL;83,78;86,15;94,41;88,81;89,18;90,40;67,94;85,81
929;allmpnet;CLS+MAX-NS_SUM-3-8;two-tokens;CLS+MAX-NS;SUM-3-8;4,00;torch.Size([61, 1536]);12,00;0,00;batch-64-nhid-0-inlayer-12;NORMAL;83,79;65,85;94,94;35,50;50,08;87,80;71,77;69,96
930;allmpnet;AVG+SUM_SUM-3-8;two-tokens;AVG+SUM;SUM-3-8;4,00;torch.Size([61, 1536]);12,00;0,00;batch-64-nhid-0-inlayer-12;NORMAL;84,83;88,03;94,52;89,31;90,77;93,80;66,96;86,89
931;allmpnet;AVG+MAX_SUM-3-8;two-tokens;AVG+MAX;SUM-3-8;4,00;torch.Size([61, 1536]);12,00;0,00;batch-64-nhid-0-inlayer-12;NORMAL;84,04;88,48;94,94;89,35;89,90;93,80;72,87;87,63
932;allmpnet;AVG+AVG-NS_SUM-3-8;two-tokens;AVG+AVG-NS;SUM-3-8;4,00;torch.Size([61, 1536]);12,00;0,00;batch-64-nhid-0-inlayer-12;NORMAL;84,78;89,62;95,76;89,45;91,10;94,00;71,65;88,05
933;allmpnet;AVG+SUM-NS_SUM-3-8;two-tokens;AVG+SUM-NS;SUM-3-8;4,00;torch.Size([61, 1536]);12,00;0,00;batch-64-nhid-0-inlayer-12;NORMAL;83,76;85,93;94,22;89,21;90,01;90,40;67,30;85,83
934;allmpnet;AVG+MAX-NS_SUM-3-8;two-tokens;AVG+MAX-NS;SUM-3-8;4,00;torch.Size([61, 1536]);12,00;0,00;batch-64-nhid-0-inlayer-12;NORMAL;83,93;67,68;94,98;35,50;50,08;92,80;72,29;71,04
935;allmpnet;SUM+MAX_SUM-3-8;two-tokens;SUM+MAX;SUM-3-8;4,00;torch.Size([61, 1536]);12,00;0,00;batch-64-nhid-0-inlayer-12;NORMAL;84,54;88,21;94,51;88,38;90,66;94,00;68,23;86,93
936;allmpnet;SUM+AVG-NS_SUM-3-8;two-tokens;SUM+AVG-NS;SUM-3-8;4,00;torch.Size([61, 1536]);12,00;0,00;batch-64-nhid-0-inlayer-12;NORMAL;84,62;88,11;94,39;88,74;90,55;94,00;67,30;86,82
937;allmpnet;SUM+SUM-NS_SUM-3-8;two-tokens;SUM+SUM-NS;SUM-3-8;4,00;torch.Size([61, 1536]);12,00;0,00;batch-64-nhid-0-inlayer-12;NORMAL;83,81;88,11;95,01;88,63;89,84;93,80;68,64;86,83
938;allmpnet;SUM+MAX-NS_SUM-3-8;two-tokens;SUM+MAX-NS;SUM-3-8;4,00;torch.Size([61, 1536]);12,00;0,00;batch-64-nhid-0-inlayer-12;NORMAL;84,67;83,24;94,58;46,61;50,08;94,40;67,54;74,45
939;allmpnet;MAX+AVG-NS_SUM-3-8;two-tokens;MAX+AVG-NS;SUM-3-8;4,00;torch.Size([61, 1536]);12,00;0,00;batch-64-nhid-0-inlayer-12;NORMAL;83,59;88,00;94,92;88,24;90,28;93,40;72,87;87,33
940;allmpnet;MAX+SUM-NS_SUM-3-8;two-tokens;MAX+SUM-NS;SUM-3-8;4,00;torch.Size([61, 1536]);12,00;0,00;batch-64-nhid-0-inlayer-12;NORMAL;83,30;86,46;94,30;88,55;89,62;91,60;68,00;85,98
941;allmpnet;MAX+MAX-NS_SUM-3-8;two-tokens;MAX+MAX-NS;SUM-3-8;4,00;torch.Size([61, 1536]);12,00;0,00;batch-64-nhid-0-inlayer-12;NORMAL;82,26;68,55;93,66;35,50;50,08;92,20;71,19;70,49
942;allmpnet;AVG-NS+SUM-NS_SUM-3-8;two-tokens;AVG-NS+SUM-NS;SUM-3-8;4,00;torch.Size([61, 1536]);12,00;0,00;batch-64-nhid-0-inlayer-12;NORMAL;83,64;85,80;94,14;87,80;90,39;90,20;67,19;85,59
943;allmpnet;AVG-NS+MAX-NS_SUM-3-8;two-tokens;AVG-NS+MAX-NS;SUM-3-8;4,00;torch.Size([61, 1536]);12,00;0,00;batch-64-nhid-0-inlayer-12;NORMAL;82,80;69,14;94,66;35,50;50,08;90,20;71,94;70,62
944;allmpnet;SUM-NS+MAX-NS_SUM-3-8;two-tokens;SUM-NS+MAX-NS;SUM-3-8;4,00;torch.Size([61, 1536]);12,00;0,00;batch-64-nhid-0-inlayer-12;NORMAL;83,49;80,56;94,29;35,50;50,08;91,40;68,12;71,92
945;allmpnet;CLS+AVG_SUM-4-9;two-tokens;CLS+AVG;SUM-4-9;4,00;torch.Size([61, 1536]);12,00;0,00;batch-64-nhid-0-inlayer-12;NORMAL;85,32;91,29;96,29;90,57;91,10;94,60;75,77;89,28
946;allmpnet;CLS+SUM_SUM-4-9;two-tokens;CLS+SUM;SUM-4-9;4,00;torch.Size([61, 1536]);12,00;0,00;batch-64-nhid-0-inlayer-12;NORMAL;84,87;87,84;94,55;89,52;91,16;94,40;67,07;87,06
947;allmpnet;CLS+MAX_SUM-4-9;two-tokens;CLS+MAX;SUM-4-9;4,00;torch.Size([61, 1536]);12,00;0,00;batch-64-nhid-0-inlayer-12;NORMAL;83,95;88,61;95,04;89,17;90,55;93,20;72,12;87,52
948;allmpnet;CLS+AVG-NS_SUM-4-9;two-tokens;CLS+AVG-NS;SUM-4-9;4,00;torch.Size([61, 1536]);12,00;0,00;batch-64-nhid-0-inlayer-12;NORMAL;85,04;90,28;95,93;89,60;91,05;91,00;71,88;87,83
949;allmpnet;CLS+SUM-NS_SUM-4-9;two-tokens;CLS+SUM-NS;SUM-4-9;4,00;torch.Size([61, 1536]);12,00;0,00;batch-64-nhid-0-inlayer-12;NORMAL;84,07;86,81;94,24;88,85;89,79;90,60;67,83;86,03
950;allmpnet;CLS+MAX-NS_SUM-4-9;two-tokens;CLS+MAX-NS;SUM-4-9;4,00;torch.Size([61, 1536]);12,00;0,00;batch-64-nhid-0-inlayer-12;NORMAL;84,17;65,88;94,69;35,50;50,08;90,20;71,83;70,34
951;allmpnet;AVG+SUM_SUM-4-9;two-tokens;AVG+SUM;SUM-4-9;4,00;torch.Size([61, 1536]);12,00;0,00;batch-64-nhid-0-inlayer-12;NORMAL;84,96;87,84;94,67;89,64;90,77;93,80;67,30;87,00
952;allmpnet;AVG+MAX_SUM-4-9;two-tokens;AVG+MAX;SUM-4-9;4,00;torch.Size([61, 1536]);12,00;0,00;batch-64-nhid-0-inlayer-12;NORMAL;84,06;89,51;94,83;89,33;90,94;95,20;72,70;88,08
953;allmpnet;AVG+AVG-NS_SUM-4-9;two-tokens;AVG+AVG-NS;SUM-4-9;4,00;torch.Size([61, 1536]);12,00;0,00;batch-64-nhid-0-inlayer-12;NORMAL;85,32;89,96;95,76;89,62;91,10;94,80;72,23;88,40
954;allmpnet;AVG+SUM-NS_SUM-4-9;two-tokens;AVG+SUM-NS;SUM-4-9;4,00;torch.Size([61, 1536]);12,00;0,00;batch-64-nhid-0-inlayer-12;NORMAL;84,38;87,10;94,25;89,20;90,44;91,80;67,54;86,39
955;allmpnet;AVG+MAX-NS_SUM-4-9;two-tokens;AVG+MAX-NS;SUM-4-9;4,00;torch.Size([61, 1536]);12,00;0,00;batch-64-nhid-0-inlayer-12;NORMAL;84,36;69,72;95,06;35,50;50,08;92,20;71,94;71,27
956;allmpnet;SUM+MAX_SUM-4-9;two-tokens;SUM+MAX;SUM-4-9;4,00;torch.Size([61, 1536]);12,00;0,00;batch-64-nhid-0-inlayer-12;NORMAL;84,92;88,05;94,75;88,88;91,10;94,60;67,48;87,11
957;allmpnet;SUM+AVG-NS_SUM-4-9;two-tokens;SUM+AVG-NS;SUM-4-9;4,00;torch.Size([61, 1536]);12,00;0,00;batch-64-nhid-0-inlayer-12;NORMAL;84,97;87,97;94,67;88,88;90,50;94,20;67,54;86,96
958;allmpnet;SUM+SUM-NS_SUM-4-9;two-tokens;SUM+SUM-NS;SUM-4-9;4,00;torch.Size([61, 1536]);12,00;0,00;batch-64-nhid-0-inlayer-12;NORMAL;84,27;88,64;94,80;88,91;90,17;94,80;67,36;86,99
959;allmpnet;SUM+MAX-NS_SUM-4-9;two-tokens;SUM+MAX-NS;SUM-4-9;4,00;torch.Size([61, 1536]);12,00;0,00;batch-64-nhid-0-inlayer-12;NORMAL;84,85;82,07;94,75;46,61;50,08;94,20;66,84;74,20
960;allmpnet;MAX+AVG-NS_SUM-4-9;two-tokens;MAX+AVG-NS;SUM-4-9;4,00;torch.Size([61, 1536]);12,00;0,00;batch-64-nhid-0-inlayer-12;NORMAL;84,04;88,64;94,70;88,70;90,72;93,20;72,35;87,48
961;allmpnet;MAX+SUM-NS_SUM-4-9;two-tokens;MAX+SUM-NS;SUM-4-9;4,00;torch.Size([61, 1536]);12,00;0,00;batch-64-nhid-0-inlayer-12;NORMAL;83,99;87,47;94,50;88,40;90,66;93,20;67,88;86,59
962;allmpnet;MAX+MAX-NS_SUM-4-9;two-tokens;MAX+MAX-NS;SUM-4-9;4,00;torch.Size([61, 1536]);12,00;0,00;batch-64-nhid-0-inlayer-12;NORMAL;83,16;65,85;93,91;35,50;50,08;92,60;71,71;70,40
963;allmpnet;AVG-NS+SUM-NS_SUM-4-9;two-tokens;AVG-NS+SUM-NS;SUM-4-9;4,00;torch.Size([61, 1536]);12,00;0,00;batch-64-nhid-0-inlayer-12;NORMAL;84,24;86,60;94,19;88,68;90,12;90,40;67,19;85,92
964;allmpnet;AVG-NS+MAX-NS_SUM-4-9;two-tokens;AVG-NS+MAX-NS;SUM-4-9;4,00;torch.Size([61, 1536]);12,00;0,00;batch-64-nhid-0-inlayer-12;NORMAL;83,56;68,85;94,60;35,50;50,08;90,20;71,30;70,58
965;allmpnet;SUM-NS+MAX-NS_SUM-4-9;two-tokens;SUM-NS+MAX-NS;SUM-4-9;4,00;torch.Size([61, 1536]);12,00;0,00;batch-64-nhid-0-inlayer-12;NORMAL;83,91;81,98;94,28;35,50;50,08;92,60;68,23;72,37
966;allmpnet;CLS+AVG_SUM-5-10;two-tokens;CLS+AVG;SUM-5-10;4,00;torch.Size([61, 1536]);12,00;0,00;batch-64-nhid-0-inlayer-12;NORMAL;85,68;91,34;96,14;90,43;91,21;95,20;76,41;89,49
967;allmpnet;CLS+SUM_SUM-5-10;two-tokens;CLS+SUM;SUM-5-10;4,00;torch.Size([61, 1536]);12,00;0,00;batch-64-nhid-0-inlayer-12;NORMAL;85,57;88,53;94,67;89,69;90,94;94,80;68,46;87,52
968;allmpnet;CLS+MAX_SUM-5-10;two-tokens;CLS+MAX;SUM-5-10;4,00;torch.Size([61, 1536]);12,00;0,00;batch-64-nhid-0-inlayer-12;NORMAL;84,32;88,74;94,71;89,05;91,16;93,00;71,65;87,52
969;allmpnet;CLS+AVG-NS_SUM-5-10;two-tokens;CLS+AVG-NS;SUM-5-10;4,00;torch.Size([61, 1536]);12,00;0,00;batch-64-nhid-0-inlayer-12;NORMAL;85,28;90,57;96,04;89,74;91,65;91,60;73,28;88,31
970;allmpnet;CLS+SUM-NS_SUM-5-10;two-tokens;CLS+SUM-NS;SUM-5-10;4,00;torch.Size([61, 1536]);12,00;0,00;batch-64-nhid-0-inlayer-12;NORMAL;84,81;87,34;94,53;89,00;90,39;91,20;68,12;86,48
971;allmpnet;CLS+MAX-NS_SUM-5-10;two-tokens;CLS+MAX-NS;SUM-5-10;4,00;torch.Size([61, 1536]);12,00;0,00;batch-64-nhid-0-inlayer-12;NORMAL;83,93;66,06;94,64;35,50;50,08;89,00;71,01;70,03
972;allmpnet;AVG+SUM_SUM-5-10;two-tokens;AVG+SUM;SUM-5-10;4,00;torch.Size([61, 1536]);12,00;0,00;batch-64-nhid-0-inlayer-12;NORMAL;85,68;88,66;94,73;89,62;90,50;94,00;67,94;87,30
973;allmpnet;AVG+MAX_SUM-5-10;two-tokens;AVG+MAX;SUM-5-10;4,00;torch.Size([61, 1536]);12,00;0,00;batch-64-nhid-0-inlayer-12;NORMAL;84,77;89,32;94,88;89,61;91,54;94,40;71,19;87,96
974;allmpnet;AVG+AVG-NS_SUM-5-10;two-tokens;AVG+AVG-NS;SUM-5-10;4,00;torch.Size([61, 1536]);12,00;0,00;batch-64-nhid-0-inlayer-12;NORMAL;85,61;89,96;95,74;89,46;91,43;95,20;72,58;88,57
975;allmpnet;AVG+SUM-NS_SUM-5-10;two-tokens;AVG+SUM-NS;SUM-5-10;4,00;torch.Size([61, 1536]);12,00;0,00;batch-64-nhid-0-inlayer-12;NORMAL;85,08;87,66;94,48;89,07;90,61;92,60;68,64;86,88
976;allmpnet;AVG+MAX-NS_SUM-5-10;two-tokens;AVG+MAX-NS;SUM-5-10;4,00;torch.Size([61, 1536]);12,00;0,00;batch-64-nhid-0-inlayer-12;NORMAL;84,67;65,98;94,81;35,50;50,08;92,60;72,06;70,81
977;allmpnet;SUM+MAX_SUM-5-10;two-tokens;SUM+MAX;SUM-5-10;4,00;torch.Size([61, 1536]);12,00;0,00;batch-64-nhid-0-inlayer-12;NORMAL;85,28;88,61;94,71;88,69;90,88;94,60;68,52;87,33
978;allmpnet;SUM+AVG-NS_SUM-5-10;two-tokens;SUM+AVG-NS;SUM-5-10;4,00;torch.Size([61, 1536]);12,00;0,00;batch-64-nhid-0-inlayer-12;NORMAL;85,51;88,48;94,61;88,86;90,77;94,60;68,23;87,29
979;allmpnet;SUM+SUM-NS_SUM-5-10;two-tokens;SUM+SUM-NS;SUM-5-10;4,00;torch.Size([61, 1536]);12,00;0,00;batch-64-nhid-0-inlayer-12;NORMAL;84,59;88,79;94,83;88,83;90,88;95,40;68,70;87,43
980;allmpnet;SUM+MAX-NS_SUM-5-10;two-tokens;SUM+MAX-NS;SUM-5-10;4,00;torch.Size([61, 1536]);12,00;0,00;batch-64-nhid-0-inlayer-12;NORMAL;85,56;84,83;94,68;46,61;50,08;94,40;68,23;74,91
981;allmpnet;MAX+AVG-NS_SUM-5-10;two-tokens;MAX+AVG-NS;SUM-5-10;4,00;torch.Size([61, 1536]);12,00;0,00;batch-64-nhid-0-inlayer-12;NORMAL;84,19;88,82;94,92;88,93;91,76;93,20;70,61;87,49
982;allmpnet;MAX+SUM-NS_SUM-5-10;two-tokens;MAX+SUM-NS;SUM-5-10;4,00;torch.Size([61, 1536]);12,00;0,00;batch-64-nhid-0-inlayer-12;NORMAL;84,51;87,97;94,45;88,35;91,05;93,40;68,41;86,88
983;allmpnet;MAX+MAX-NS_SUM-5-10;two-tokens;MAX+MAX-NS;SUM-5-10;4,00;torch.Size([61, 1536]);12,00;0,00;batch-64-nhid-0-inlayer-12;NORMAL;83,46;67,94;93,70;35,50;50,08;94,00;71,59;70,90
984;allmpnet;AVG-NS+SUM-NS_SUM-5-10;two-tokens;AVG-NS+SUM-NS;SUM-5-10;4,00;torch.Size([61, 1536]);12,00;0,00;batch-64-nhid-0-inlayer-12;NORMAL;84,93;87,28;94,58;88,22;90,33;91,40;68,17;86,42
985;allmpnet;AVG-NS+MAX-NS_SUM-5-10;two-tokens;AVG-NS+MAX-NS;SUM-5-10;4,00;torch.Size([61, 1536]);12,00;0,00;batch-64-nhid-0-inlayer-12;NORMAL;84,05;66,06;94,60;36,44;50,08;88,40;71,36;70,14
986;allmpnet;SUM-NS+MAX-NS_SUM-5-10;two-tokens;SUM-NS+MAX-NS;SUM-5-10;4,00;torch.Size([61, 1536]);12,00;0,00;batch-64-nhid-0-inlayer-12;NORMAL;84,38;83,18;94,26;35,50;50,08;91,60;67,88;72,41
987;allmpnet;CLS+AVG_SUM-6-11;two-tokens;CLS+AVG;SUM-6-11;4,00;torch.Size([61, 1536]);12,00;0,00;batch-64-nhid-0-inlayer-12;NORMAL;85,58;91,13;96,18;90,44;91,82;95,40;75,83;89,48
988;allmpnet;CLS+SUM_SUM-6-11;two-tokens;CLS+SUM;SUM-6-11;4,00;torch.Size([61, 1536]);12,00;0,00;batch-64-nhid-0-inlayer-12;NORMAL;85,35;88,64;94,50;89,31;91,21;94,20;69,04;87,46
989;allmpnet;CLS+MAX_SUM-6-11;two-tokens;CLS+MAX;SUM-6-11;4,00;torch.Size([61, 1536]);12,00;0,00;batch-64-nhid-0-inlayer-12;NORMAL;84,59;88,26;94,84;89,46;90,83;93,60;71,54;87,59
990;allmpnet;CLS+AVG-NS_SUM-6-11;two-tokens;CLS+AVG-NS;SUM-6-11;4,00;torch.Size([61, 1536]);12,00;0,00;batch-64-nhid-0-inlayer-12;NORMAL;85,56;90,62;96,21;89,58;91,93;91,20;73,22;88,33
991;allmpnet;CLS+SUM-NS_SUM-6-11;two-tokens;CLS+SUM-NS;SUM-6-11;4,00;torch.Size([61, 1536]);12,00;0,00;batch-64-nhid-0-inlayer-12;NORMAL;85,06;87,79;94,59;88,89;90,61;91,00;70,20;86,88
992;allmpnet;CLS+MAX-NS_SUM-6-11;two-tokens;CLS+MAX-NS;SUM-6-11;4,00;torch.Size([61, 1536]);12,00;0,00;batch-64-nhid-0-inlayer-12;NORMAL;84,59;66,25;94,47;35,50;50,08;89,60;71,65;70,31
993;allmpnet;AVG+SUM_SUM-6-11;two-tokens;AVG+SUM;SUM-6-11;4,00;torch.Size([61, 1536]);12,00;0,00;batch-64-nhid-0-inlayer-12;NORMAL;85,54;88,58;94,53;89,25;91,10;94,00;68,81;87,40
994;allmpnet;AVG+MAX_SUM-6-11;two-tokens;AVG+MAX;SUM-6-11;4,00;torch.Size([61, 1536]);12,00;0,00;batch-64-nhid-0-inlayer-12;NORMAL;84,52;88,87;95,00;89,70;91,05;94,40;72,70;88,03
995;allmpnet;AVG+AVG-NS_SUM-6-11;two-tokens;AVG+AVG-NS;SUM-6-11;4,00;torch.Size([61, 1536]);12,00;0,00;batch-64-nhid-0-inlayer-12;NORMAL;85,63;90,65;95,79;89,32;91,05;95,20;72,23;88,55
996;allmpnet;AVG+SUM-NS_SUM-6-11;two-tokens;AVG+SUM-NS;SUM-6-11;4,00;torch.Size([61, 1536]);12,00;0,00;batch-64-nhid-0-inlayer-12;NORMAL;84,88;87,74;94,45;89,27;90,66;91,80;70,67;87,07
997;allmpnet;AVG+MAX-NS_SUM-6-11;two-tokens;AVG+MAX-NS;SUM-6-11;4,00;torch.Size([61, 1536]);12,00;0,00;batch-64-nhid-0-inlayer-12;NORMAL;84,60;66,28;94,80;35,50;50,08;92,20;72,23;70,81
998;allmpnet;SUM+MAX_SUM-6-11;two-tokens;SUM+MAX;SUM-6-11;4,00;torch.Size([61, 1536]);12,00;0,00;batch-64-nhid-0-inlayer-12;NORMAL;85,44;88,63;94,51;88,66;91,38;94,60;69,16;87,48
999;allmpnet;SUM+AVG-NS_SUM-6-11;two-tokens;SUM+AVG-NS;SUM-6-11;4,00;torch.Size([61, 1536]);12,00;0,00;batch-64-nhid-0-inlayer-12;NORMAL;85,54;88,87;94,47;88,85;91,05;94,80;69,62;87,60
1000;allmpnet;SUM+SUM-NS_SUM-6-11;two-tokens;SUM+SUM-NS;SUM-6-11;4,00;torch.Size([61, 1536]);12,00;0,00;batch-64-nhid-0-inlayer-12;NORMAL;84,87;88,85;94,81;88,43;90,77;95,40;70,49;87,66
1001;allmpnet;SUM+MAX-NS_SUM-6-11;two-tokens;SUM+MAX-NS;SUM-6-11;4,00;torch.Size([61, 1536]);12,00;0,00;batch-64-nhid-0-inlayer-12;NORMAL;85,65;80,87;94,41;46,61;90,55;94,20;68,87;80,17
1002;allmpnet;MAX+AVG-NS_SUM-6-11;two-tokens;MAX+AVG-NS;SUM-6-11;4,00;torch.Size([61, 1536]);12,00;0,00;batch-64-nhid-0-inlayer-12;NORMAL;84,47;88,66;94,92;88,61;91,38;93,40;72,23;87,67
1003;allmpnet;MAX+SUM-NS_SUM-6-11;two-tokens;MAX+SUM-NS;SUM-6-11;4,00;torch.Size([61, 1536]);12,00;0,00;batch-64-nhid-0-inlayer-12;NORMAL;84,58;87,89;94,49;88,28;90,88;93,20;70,09;87,06
1004;allmpnet;MAX+MAX-NS_SUM-6-11;two-tokens;MAX+MAX-NS;SUM-6-11;4,00;torch.Size([61, 1536]);12,00;0,00;batch-64-nhid-0-inlayer-12;NORMAL;83,67;68,23;93,73;35,50;50,08;92,60;71,83;70,81
1005;allmpnet;AVG-NS+SUM-NS_SUM-6-11;two-tokens;AVG-NS+SUM-NS;SUM-6-11;4,00;torch.Size([61, 1536]);12,00;0,00;batch-64-nhid-0-inlayer-12;NORMAL;85,00;87,39;94,62;88,26;90,66;91,40;70,14;86,78
1006;allmpnet;AVG-NS+MAX-NS_SUM-6-11;two-tokens;AVG-NS+MAX-NS;SUM-6-11;4,00;torch.Size([61, 1536]);12,00;0,00;batch-64-nhid-0-inlayer-12;NORMAL;84,08;65,96;94,42;35,50;50,08;91,40;71,83;70,47
1007;allmpnet;SUM-NS+MAX-NS_SUM-6-11;two-tokens;SUM-NS+MAX-NS;SUM-6-11;4,00;torch.Size([61, 1536]);12,00;0,00;batch-64-nhid-0-inlayer-12;NORMAL;84,40;80,77;94,27;35,50;50,08;91,80;70,03;72,41
1008;allmpnet;CLS+AVG_SUM-7-12;two-tokens;CLS+AVG;SUM-7-12;4,00;torch.Size([61, 1536]);12,00;0,00;batch-64-nhid-0-inlayer-12;NORMAL;85,95;91,28;96,19;90,31;92,04;95,40;74,09;89,32
1009;allmpnet;CLS+SUM_SUM-7-12;two-tokens;CLS+SUM;SUM-7-12;4,00;torch.Size([61, 1536]);12,00;0,00;batch-64-nhid-0-inlayer-12;NORMAL;85,22;88,29;94,50;89,25;90,99;95,00;70,38;87,66
1010;allmpnet;CLS+MAX_SUM-7-12;two-tokens;CLS+MAX;SUM-7-12;4,00;torch.Size([61, 1536]);12,00;0,00;batch-64-nhid-0-inlayer-12;NORMAL;84,72;88,34;94,54;89,16;91,60;93,00;71,54;87,56
1011;allmpnet;CLS+AVG-NS_SUM-7-12;two-tokens;CLS+AVG-NS;SUM-7-12;4,00;torch.Size([61, 1536]);12,00;0,00;batch-64-nhid-0-inlayer-12;NORMAL;85,97;90,57;96,13;89,52;91,05;92,20;72,64;88,30
1012;allmpnet;CLS+SUM-NS_SUM-7-12;two-tokens;CLS+SUM-NS;SUM-7-12;4,00;torch.Size([61, 1536]);12,00;0,00;batch-64-nhid-0-inlayer-12;NORMAL;84,95;87,42;94,47;88,63;90,39;91,60;71,25;86,96
1013;allmpnet;CLS+MAX-NS_SUM-7-12;two-tokens;CLS+MAX-NS;SUM-7-12;4,00;torch.Size([61, 1536]);12,00;0,00;batch-64-nhid-0-inlayer-12;NORMAL;84,54;66,38;94,51;36,53;50,08;88,40;71,13;70,22
1014;allmpnet;AVG+SUM_SUM-7-12;two-tokens;AVG+SUM;SUM-7-12;4,00;torch.Size([61, 1536]);12,00;0,00;batch-64-nhid-0-inlayer-12;NORMAL;85,28;88,08;94,41;89,22;90,77;94,80;70,38;87,56
1015;allmpnet;AVG+MAX_SUM-7-12;two-tokens;AVG+MAX;SUM-7-12;4,00;torch.Size([61, 1536]);12,00;0,00;batch-64-nhid-0-inlayer-12;NORMAL;84,47;88,87;94,72;89,32;90,83;94,40;72,75;87,91
1016;allmpnet;AVG+AVG-NS_SUM-7-12;two-tokens;AVG+AVG-NS;SUM-7-12;4,00;torch.Size([61, 1536]);12,00;0,00;batch-64-nhid-0-inlayer-12;NORMAL;85,70;90,30;95,57;89,43;90,99;95,00;73,22;88,60
1017;allmpnet;AVG+SUM-NS_SUM-7-12;two-tokens;AVG+SUM-NS;SUM-7-12;4,00;torch.Size([61, 1536]);12,00;0,00;batch-64-nhid-0-inlayer-12;NORMAL;85,03;87,44;94,48;88,67;90,44;91,80;70,49;86,91
1018;allmpnet;AVG+MAX-NS_SUM-7-12;two-tokens;AVG+MAX-NS;SUM-7-12;4,00;torch.Size([61, 1536]);12,00;0,00;batch-64-nhid-0-inlayer-12;NORMAL;84,35;66,12;94,63;36,53;50,08;92,00;72,46;70,88
1019;allmpnet;SUM+MAX_SUM-7-12;two-tokens;SUM+MAX;SUM-7-12;4,00;torch.Size([61, 1536]);12,00;0,00;batch-64-nhid-0-inlayer-12;NORMAL;85,28;88,19;94,41;88,50;90,17;95,20;70,49;87,46
1020;allmpnet;SUM+AVG-NS_SUM-7-12;two-tokens;SUM+AVG-NS;SUM-7-12;4,00;torch.Size([61, 1536]);12,00;0,00;batch-64-nhid-0-inlayer-12;NORMAL;85,22;88,11;94,46;88,54;90,83;94,80;70,32;87,47
1021;allmpnet;SUM+SUM-NS_SUM-7-12;two-tokens;SUM+SUM-NS;SUM-7-12;4,00;torch.Size([61, 1536]);12,00;0,00;batch-64-nhid-0-inlayer-12;NORMAL;84,98;88,53;94,54;88,21;90,66;95,20;70,32;87,49
1022;allmpnet;SUM+MAX-NS_SUM-7-12;two-tokens;SUM+MAX-NS;SUM-7-12;4,00;torch.Size([61, 1536]);12,00;0,00;batch-64-nhid-0-inlayer-12;NORMAL;85,22;85,46;94,43;47,26;89,40;95,40;69,91;81,01
1023;allmpnet;MAX+AVG-NS_SUM-7-12;two-tokens;MAX+AVG-NS;SUM-7-12;4,00;torch.Size([61, 1536]);12,00;0,00;batch-64-nhid-0-inlayer-12;NORMAL;84,39;88,66;94,52;88,86;91,16;93,20;71,59;87,48
1024;allmpnet;MAX+SUM-NS_SUM-7-12;two-tokens;MAX+SUM-NS;SUM-7-12;4,00;torch.Size([61, 1536]);12,00;0,00;batch-64-nhid-0-inlayer-12;NORMAL;84,68;88,05;94,31;88,22;90,23;92,60;70,14;86,89
1025;allmpnet;MAX+MAX-NS_SUM-7-12;two-tokens;MAX+MAX-NS;SUM-7-12;4,00;torch.Size([61, 1536]);12,00;0,00;batch-64-nhid-0-inlayer-12;NORMAL;83,74;70,41;93,44;36,53;50,08;92,20;71,71;71,16
1026;allmpnet;AVG-NS+SUM-NS_SUM-7-12;two-tokens;AVG-NS+SUM-NS;SUM-7-12;4,00;torch.Size([61, 1536]);12,00;0,00;batch-64-nhid-0-inlayer-12;NORMAL;84,84;87,05;94,36;88,01;90,72;91,80;70,09;86,70
1027;allmpnet;AVG-NS+MAX-NS_SUM-7-12;two-tokens;AVG-NS+MAX-NS;SUM-7-12;4,00;torch.Size([61, 1536]);12,00;0,00;batch-64-nhid-0-inlayer-12;NORMAL;83,67;65,96;94,36;36,53;50,08;90,20;71,13;70,28
1028;allmpnet;SUM-NS+MAX-NS_SUM-7-12;two-tokens;SUM-NS+MAX-NS;SUM-7-12;4,00;torch.Size([61, 1536]);12,00;0,00;batch-64-nhid-0-inlayer-12;NORMAL;84,52;85,93;94,26;36,53;50,08;92,20;70,20;73,39
1029;allmpnet;CLS+AVG_SUM-1-7;two-tokens;CLS+AVG;SUM-1-7;4,00;torch.Size([61, 1536]);12,00;0,00;batch-64-nhid-0-inlayer-12;NORMAL;85,11;90,78;96,17;90,44;90,44;93,40;75,30;88,81
1030;allmpnet;CLS+SUM_SUM-1-7;two-tokens;CLS+SUM;SUM-1-7;4,00;torch.Size([61, 1536]);12,00;0,00;batch-64-nhid-0-inlayer-12;NORMAL;84,00;87,05;94,43;89,45;89,68;92,40;68,46;86,50
1031;allmpnet;CLS+MAX_SUM-1-7;two-tokens;CLS+MAX;SUM-1-7;4,00;torch.Size([61, 1536]);12,00;0,00;batch-64-nhid-0-inlayer-12;NORMAL;83,28;86,94;94,62;89,12;89,07;91,20;69,16;86,20
1032;allmpnet;CLS+AVG-NS_SUM-1-7;two-tokens;CLS+AVG-NS;SUM-1-7;4,00;torch.Size([61, 1536]);12,00;0,00;batch-64-nhid-0-inlayer-12;NORMAL;84,82;89,40;95,98;89,12;90,06;89,20;72,99;87,37
1033;allmpnet;CLS+SUM-NS_SUM-1-7;two-tokens;CLS+SUM-NS;SUM-1-7;4,00;torch.Size([61, 1536]);12,00;0,00;batch-64-nhid-0-inlayer-12;NORMAL;82,80;84,93;94,03;88,50;88,03;89,00;68,52;85,12
1034;allmpnet;CLS+MAX-NS_SUM-1-7;two-tokens;CLS+MAX-NS;SUM-1-7;4,00;torch.Size([61, 1536]);12,00;0,00;batch-64-nhid-0-inlayer-12;NORMAL;83,17;66,09;94,65;35,50;50,08;88,20;69,39;69,58
1035;allmpnet;AVG+SUM_SUM-1-7;two-tokens;AVG+SUM;SUM-1-7;4,00;torch.Size([61, 1536]);12,00;0,00;batch-64-nhid-0-inlayer-12;NORMAL;84,06;87,10;94,25;89,43;89,29;92,40;68,93;86,49
1036;allmpnet;AVG+MAX_SUM-1-7;two-tokens;AVG+MAX;SUM-1-7;4,00;torch.Size([61, 1536]);12,00;0,00;batch-64-nhid-0-inlayer-12;NORMAL;83,05;87,95;94,54;89,11;88,85;93,80;72,41;87,10
1037;allmpnet;AVG+AVG-NS_SUM-1-7;two-tokens;AVG+AVG-NS;SUM-1-7;4,00;torch.Size([61, 1536]);12,00;0,00;batch-64-nhid-0-inlayer-12;NORMAL;84,19;89,22;95,82;89,25;90,12;92,20;71,59;87,48
1038;allmpnet;AVG+SUM-NS_SUM-1-7;two-tokens;AVG+SUM-NS;SUM-1-7;4,00;torch.Size([61, 1536]);12,00;0,00;batch-64-nhid-0-inlayer-12;NORMAL;82,91;84,64;94,03;88,91;88,58;89,20;68,23;85,21
1039;allmpnet;AVG+MAX-NS_SUM-1-7;two-tokens;AVG+MAX-NS;SUM-1-7;4,00;torch.Size([61, 1536]);12,00;0,00;batch-64-nhid-0-inlayer-12;NORMAL;83,10;65,83;94,71;35,50;50,08;91,60;72,00;70,40
1040;allmpnet;SUM+MAX_SUM-1-7;two-tokens;SUM+MAX;SUM-1-7;4,00;torch.Size([61, 1536]);12,00;0,00;batch-64-nhid-0-inlayer-12;NORMAL;84,02;87,36;94,48;88,80;89,40;92,40;67,59;86,29
1041;allmpnet;SUM+AVG-NS_SUM-1-7;two-tokens;SUM+AVG-NS;SUM-1-7;4,00;torch.Size([61, 1536]);12,00;0,00;batch-64-nhid-0-inlayer-12;NORMAL;83,96;87,15;94,36;88,83;89,35;92,40;68,46;86,36
1042;allmpnet;SUM+SUM-NS_SUM-1-7;two-tokens;SUM+SUM-NS;SUM-1-7;4,00;torch.Size([61, 1536]);12,00;0,00;batch-64-nhid-0-inlayer-12;NORMAL;83,24;87,50;94,81;88,34;89,07;92,20;69,10;86,32
1043;allmpnet;SUM+MAX-NS_SUM-1-7;two-tokens;SUM+MAX-NS;SUM-1-7;4,00;torch.Size([61, 1536]);12,00;0,00;batch-64-nhid-0-inlayer-12;NORMAL;83,92;83,42;94,67;46,61;50,08;93,20;68,75;74,38
1044;allmpnet;MAX+AVG-NS_SUM-1-7;two-tokens;MAX+AVG-NS;SUM-1-7;4,00;torch.Size([61, 1536]);12,00;0,00;batch-64-nhid-0-inlayer-12;NORMAL;82,18;87,05;94,39;88,18;88,41;92,40;72,12;86,39
1045;allmpnet;MAX+SUM-NS_SUM-1-7;two-tokens;MAX+SUM-NS;SUM-1-7;4,00;torch.Size([61, 1536]);12,00;0,00;batch-64-nhid-0-inlayer-12;NORMAL;82,23;85,75;94,17;87,87;88,41;91,00;67,77;85,31
1046;allmpnet;MAX+MAX-NS_SUM-1-7;two-tokens;MAX+MAX-NS;SUM-1-7;4,00;torch.Size([61, 1536]);12,00;0,00;batch-64-nhid-0-inlayer-12;NORMAL;80,90;67,15;93,10;35,50;50,08;92,00;71,19;69,99
1047;allmpnet;AVG-NS+SUM-NS_SUM-1-7;two-tokens;AVG-NS+SUM-NS;SUM-1-7;4,00;torch.Size([61, 1536]);12,00;0,00;batch-64-nhid-0-inlayer-12;NORMAL;82,65;84,40;94,07;87,92;88,91;89,60;68,70;85,18
1048;allmpnet;AVG-NS+MAX-NS_SUM-1-7;two-tokens;AVG-NS+MAX-NS;SUM-1-7;4,00;torch.Size([61, 1536]);12,00;0,00;batch-64-nhid-0-inlayer-12;NORMAL;81,88;69,08;94,41;35,50;50,08;89,40;70,55;70,13
1049;allmpnet;SUM-NS+MAX-NS_SUM-1-7;two-tokens;SUM-NS+MAX-NS;SUM-1-7;4,00;torch.Size([61, 1536]);12,00;0,00;batch-64-nhid-0-inlayer-12;NORMAL;82,57;79,44;94,04;35,50;50,08;89,60;67,77;71,29
1050;allmpnet;CLS+AVG_SUM-2-8;two-tokens;CLS+AVG;SUM-2-8;4,00;torch.Size([61, 1536]);12,00;0,00;batch-64-nhid-0-inlayer-12;NORMAL;85,39;90,94;96,26;90,43;91,16;93,80;75,65;89,09
1051;allmpnet;CLS+SUM_SUM-2-8;two-tokens;CLS+SUM;SUM-2-8;4,00;torch.Size([61, 1536]);12,00;0,00;batch-64-nhid-0-inlayer-12;NORMAL;84,64;87,97;94,79;89,65;90,44;93,00;67,88;86,91
1052;allmpnet;CLS+MAX_SUM-2-8;two-tokens;CLS+MAX;SUM-2-8;4,00;torch.Size([61, 1536]);12,00;0,00;batch-64-nhid-0-inlayer-12;NORMAL;83,76;87,60;95,01;89,03;90,12;92,40;72,23;87,16
1053;allmpnet;CLS+AVG-NS_SUM-2-8;two-tokens;CLS+AVG-NS;SUM-2-8;4,00;torch.Size([61, 1536]);12,00;0,00;batch-64-nhid-0-inlayer-12;NORMAL;84,84;89,67;95,90;89,45;90,83;89,20;72,58;87,50
1054;allmpnet;CLS+SUM-NS_SUM-2-8;two-tokens;CLS+SUM-NS;SUM-2-8;4,00;torch.Size([61, 1536]);12,00;0,00;batch-64-nhid-0-inlayer-12;NORMAL;83,94;86,20;94,40;88,58;88,91;88,40;67,71;85,45
1055;allmpnet;CLS+MAX-NS_SUM-2-8;two-tokens;CLS+MAX-NS;SUM-2-8;4,00;torch.Size([61, 1536]);12,00;0,00;batch-64-nhid-0-inlayer-12;NORMAL;83,53;69,40;94,72;35,50;50,08;88,20;69,45;70,13
1056;allmpnet;AVG+SUM_SUM-2-8;two-tokens;AVG+SUM;SUM-2-8;4,00;torch.Size([61, 1536]);12,00;0,00;batch-64-nhid-0-inlayer-12;NORMAL;84,44;88,00;94,65;89,49;90,17;93,20;67,36;86,76
1057;allmpnet;AVG+MAX_SUM-2-8;two-tokens;AVG+MAX;SUM-2-8;4,00;torch.Size([61, 1536]);12,00;0,00;batch-64-nhid-0-inlayer-12;NORMAL;83,93;88,24;94,96;89,29;89,57;93,60;72,75;87,48
1058;allmpnet;AVG+AVG-NS_SUM-2-8;two-tokens;AVG+AVG-NS;SUM-2-8;4,00;torch.Size([61, 1536]);12,00;0,00;batch-64-nhid-0-inlayer-12;NORMAL;84,64;89,54;95,83;89,34;90,83;94,00;71,83;88,00
1059;allmpnet;AVG+SUM-NS_SUM-2-8;two-tokens;AVG+SUM-NS;SUM-2-8;4,00;torch.Size([61, 1536]);12,00;0,00;batch-64-nhid-0-inlayer-12;NORMAL;83,67;85,75;94,48;89,14;89,90;90,00;68,12;85,87
1060;allmpnet;AVG+MAX-NS_SUM-2-8;two-tokens;AVG+MAX-NS;SUM-2-8;4,00;torch.Size([61, 1536]);12,00;0,00;batch-64-nhid-0-inlayer-12;NORMAL;83,69;66,09;94,86;35,50;50,08;91,20;71,94;70,48
1061;allmpnet;SUM+MAX_SUM-2-8;two-tokens;SUM+MAX;SUM-2-8;4,00;torch.Size([61, 1536]);12,00;0,00;batch-64-nhid-0-inlayer-12;NORMAL;84,36;88,26;94,78;88,64;89,95;93,20;67,88;86,72
1062;allmpnet;SUM+AVG-NS_SUM-2-8;two-tokens;SUM+AVG-NS;SUM-2-8;4,00;torch.Size([61, 1536]);12,00;0,00;batch-64-nhid-0-inlayer-12;NORMAL;84,47;88,03;94,74;88,72;90,33;93,60;67,94;86,83
1063;allmpnet;SUM+SUM-NS_SUM-2-8;two-tokens;SUM+SUM-NS;SUM-2-8;4,00;torch.Size([61, 1536]);12,00;0,00;batch-64-nhid-0-inlayer-12;NORMAL;83,71;88,08;95,03;88,68;90,06;93,80;68,06;86,77
1064;allmpnet;SUM+MAX-NS_SUM-2-8;two-tokens;SUM+MAX-NS;SUM-2-8;4,00;torch.Size([61, 1536]);12,00;0,00;batch-64-nhid-0-inlayer-12;NORMAL;84,29;72,92;94,75;46,61;50,08;93,40;67,25;72,76
1065;allmpnet;MAX+AVG-NS_SUM-2-8;two-tokens;MAX+AVG-NS;SUM-2-8;4,00;torch.Size([61, 1536]);12,00;0,00;batch-64-nhid-0-inlayer-12;NORMAL;83,16;87,76;94,81;88,49;89,40;92,80;72,17;86,94
1066;allmpnet;MAX+SUM-NS_SUM-2-8;two-tokens;MAX+SUM-NS;SUM-2-8;4,00;torch.Size([61, 1536]);12,00;0,00;batch-64-nhid-0-inlayer-12;NORMAL;83,19;86,41;94,34;88,37;89,51;91,80;67,71;85,90
1067;allmpnet;MAX+MAX-NS_SUM-2-8;two-tokens;MAX+MAX-NS;SUM-2-8;4,00;torch.Size([61, 1536]);12,00;0,00;batch-64-nhid-0-inlayer-12;NORMAL;81,99;65,85;93,62;35,50;50,08;91,00;71,07;69,87
1068;allmpnet;AVG-NS+SUM-NS_SUM-2-8;two-tokens;AVG-NS+SUM-NS;SUM-2-8;4,00;torch.Size([61, 1536]);12,00;0,00;batch-64-nhid-0-inlayer-12;NORMAL;83,71;85,56;94,35;87,81;89,62;88,80;67,59;85,35
1069;allmpnet;AVG-NS+MAX-NS_SUM-2-8;two-tokens;AVG-NS+MAX-NS;SUM-2-8;4,00;torch.Size([61, 1536]);12,00;0,00;batch-64-nhid-0-inlayer-12;NORMAL;82,46;67,50;94,43;35,50;50,08;89,40;71,65;70,15
1070;allmpnet;SUM-NS+MAX-NS_SUM-2-8;two-tokens;SUM-NS+MAX-NS;SUM-2-8;4,00;torch.Size([61, 1536]);12,00;0,00;batch-64-nhid-0-inlayer-12;NORMAL;83,20;79,31;94,54;35,50;50,08;90,20;68,87;71,67
1071;allmpnet;CLS+AVG_SUM-3-9;two-tokens;CLS+AVG;SUM-3-9;4,00;torch.Size([61, 1536]);12,00;0,00;batch-64-nhid-0-inlayer-12;NORMAL;85,36;91,10;96,16;90,50;91,27;94,40;75,65;89,21
1072;allmpnet;CLS+SUM_SUM-3-9;two-tokens;CLS+SUM;SUM-3-9;4,00;torch.Size([61, 1536]);12,00;0,00;batch-64-nhid-0-inlayer-12;NORMAL;85,15;88,29;94,60;89,34;90,83;94,00;67,48;87,10
1073;allmpnet;CLS+MAX_SUM-3-9;two-tokens;CLS+MAX;SUM-3-9;4,00;torch.Size([61, 1536]);12,00;0,00;batch-64-nhid-0-inlayer-12;NORMAL;84,04;88,24;94,86;89,26;90,61;93,40;70,78;87,31
1074;allmpnet;CLS+AVG-NS_SUM-3-9;two-tokens;CLS+AVG-NS;SUM-3-9;4,00;torch.Size([61, 1536]);12,00;0,00;batch-64-nhid-0-inlayer-12;NORMAL;84,96;89,99;96,02;89,61;91,16;90,60;73,39;87,96
1075;allmpnet;CLS+SUM-NS_SUM-3-9;two-tokens;CLS+SUM-NS;SUM-3-9;4,00;torch.Size([61, 1536]);12,00;0,00;batch-64-nhid-0-inlayer-12;NORMAL;84,17;86,76;94,43;88,86;89,79;89,80;68,23;86,01
1076;allmpnet;CLS+MAX-NS_SUM-3-9;two-tokens;CLS+MAX-NS;SUM-3-9;4,00;torch.Size([61, 1536]);12,00;0,00;batch-64-nhid-0-inlayer-12;NORMAL;83,75;65,93;94,77;35,50;50,08;89,20;69,74;69,85
1077;allmpnet;AVG+SUM_SUM-3-9;two-tokens;AVG+SUM;SUM-3-9;4,00;torch.Size([61, 1536]);12,00;0,00;batch-64-nhid-0-inlayer-12;NORMAL;85,07;88,11;94,62;89,30;90,94;94,00;67,42;87,07
1078;allmpnet;AVG+MAX_SUM-3-9;two-tokens;AVG+MAX;SUM-3-9;4,00;torch.Size([61, 1536]);12,00;0,00;batch-64-nhid-0-inlayer-12;NORMAL;84,50;88,98;95,05;89,20;91,21;94,00;72,41;87,91
1079;allmpnet;AVG+AVG-NS_SUM-3-9;two-tokens;AVG+AVG-NS;SUM-3-9;4,00;torch.Size([61, 1536]);12,00;0,00;batch-64-nhid-0-inlayer-12;NORMAL;85,05;89,67;95,72;89,48;91,05;94,00;71,77;88,11
1080;allmpnet;AVG+SUM-NS_SUM-3-9;two-tokens;AVG+SUM-NS;SUM-3-9;4,00;torch.Size([61, 1536]);12,00;0,00;batch-64-nhid-0-inlayer-12;NORMAL;84,21;86,76;94,33;89,09;90,23;91,60;67,07;86,18
1081;allmpnet;AVG+MAX-NS_SUM-3-9;two-tokens;AVG+MAX-NS;SUM-3-9;4,00;torch.Size([61, 1536]);12,00;0,00;batch-64-nhid-0-inlayer-12;NORMAL;84,15;66,25;94,92;35,50;50,08;92,60;72,52;70,86
1082;allmpnet;SUM+MAX_SUM-3-9;two-tokens;SUM+MAX;SUM-3-9;4,00;torch.Size([61, 1536]);12,00;0,00;batch-64-nhid-0-inlayer-12;NORMAL;85,00;88,16;94,77;88,57;90,94;94,40;66,78;86,95
1083;allmpnet;SUM+AVG-NS_SUM-3-9;two-tokens;SUM+AVG-NS;SUM-3-9;4,00;torch.Size([61, 1536]);12,00;0,00;batch-64-nhid-0-inlayer-12;NORMAL;85,07;88,16;94,71;88,72;91,16;94,60;66,32;86,96
1084;allmpnet;SUM+SUM-NS_SUM-3-9;two-tokens;SUM+SUM-NS;SUM-3-9;4,00;torch.Size([61, 1536]);12,00;0,00;batch-64-nhid-0-inlayer-12;NORMAL;84,21;88,53;94,99;88,75;90,01;94,80;67,88;87,02
1085;allmpnet;SUM+MAX-NS_SUM-3-9;two-tokens;SUM+MAX-NS;SUM-3-9;4,00;torch.Size([61, 1536]);12,00;0,00;batch-64-nhid-0-inlayer-12;NORMAL;85,08;79,00;94,86;46,61;50,08;93,80;66,43;73,69
1086;allmpnet;MAX+AVG-NS_SUM-3-9;two-tokens;MAX+AVG-NS;SUM-3-9;4,00;torch.Size([61, 1536]);12,00;0,00;batch-64-nhid-0-inlayer-12;NORMAL;83,90;88,24;94,75;88,68;90,83;94,00;72,46;87,55
1087;allmpnet;MAX+SUM-NS_SUM-3-9;two-tokens;MAX+SUM-NS;SUM-3-9;4,00;torch.Size([61, 1536]);12,00;0,00;batch-64-nhid-0-inlayer-12;NORMAL;83,74;87,39;94,46;88,32;90,44;93,20;68,46;86,57
1088;allmpnet;MAX+MAX-NS_SUM-3-9;two-tokens;MAX+MAX-NS;SUM-3-9;4,00;torch.Size([61, 1536]);12,00;0,00;batch-64-nhid-0-inlayer-12;NORMAL;83,10;65,88;93,71;35,50;50,08;91,80;70,20;70,04
1089;allmpnet;AVG-NS+SUM-NS_SUM-3-9;two-tokens;AVG-NS+SUM-NS;SUM-3-9;4,00;torch.Size([61, 1536]);12,00;0,00;batch-64-nhid-0-inlayer-12;NORMAL;84,09;86,07;94,34;88,11;90,23;90,80;67,83;85,92
1090;allmpnet;AVG-NS+MAX-NS_SUM-3-9;two-tokens;AVG-NS+MAX-NS;SUM-3-9;4,00;torch.Size([61, 1536]);12,00;0,00;batch-64-nhid-0-inlayer-12;NORMAL;83,23;65,96;94,54;35,50;50,08;90,20;72,12;70,23
1091;allmpnet;SUM-NS+MAX-NS_SUM-3-9;two-tokens;SUM-NS+MAX-NS;SUM-3-9;4,00;torch.Size([61, 1536]);12,00;0,00;batch-64-nhid-0-inlayer-12;NORMAL;83,59;80,74;94,37;35,50;50,08;92,00;67,77;72,01
1092;allmpnet;CLS+AVG_SUM-4-10;two-tokens;CLS+AVG;SUM-4-10;4,00;torch.Size([61, 1536]);12,00;0,00;batch-64-nhid-0-inlayer-12;NORMAL;85,53;91,15;96,32;90,61;91,32;95,00;76,00;89,42
1093;allmpnet;CLS+SUM_SUM-4-10;two-tokens;CLS+SUM;SUM-4-10;4,00;torch.Size([61, 1536]);12,00;0,00;batch-64-nhid-0-inlayer-12;NORMAL;85,54;88,27;94,57;89,66;90,88;94,80;66,61;87,19
1094;allmpnet;CLS+MAX_SUM-4-10;two-tokens;CLS+MAX;SUM-4-10;4,00;torch.Size([61, 1536]);12,00;0,00;batch-64-nhid-0-inlayer-12;NORMAL;84,40;88,74;94,78;89,21;90,61;92,80;70,78;87,33
1095;allmpnet;CLS+AVG-NS_SUM-4-10;two-tokens;CLS+AVG-NS;SUM-4-10;4,00;torch.Size([61, 1536]);12,00;0,00;batch-64-nhid-0-inlayer-12;NORMAL;85,14;90,31;95,97;89,57;91,76;91,40;73,39;88,22
1096;allmpnet;CLS+SUM-NS_SUM-4-10;two-tokens;CLS+SUM-NS;SUM-4-10;4,00;torch.Size([61, 1536]);12,00;0,00;batch-64-nhid-0-inlayer-12;NORMAL;84,55;86,91;94,35;88,85;90,33;91,20;67,54;86,25
1097;allmpnet;CLS+MAX-NS_SUM-4-10;two-tokens;CLS+MAX-NS;SUM-4-10;4,00;torch.Size([61, 1536]);12,00;0,00;batch-64-nhid-0-inlayer-12;NORMAL;84,36;66,04;94,36;31,75;50,08;89,00;71,36;69,56
1098;allmpnet;AVG+SUM_SUM-4-10;two-tokens;AVG+SUM;SUM-4-10;4,00;torch.Size([61, 1536]);12,00;0,00;batch-64-nhid-0-inlayer-12;NORMAL;85,45;88,29;94,56;89,38;90,66;94,60;68,00;87,28
1099;allmpnet;AVG+MAX_SUM-4-10;two-tokens;AVG+MAX;SUM-4-10;4,00;torch.Size([61, 1536]);12,00;0,00;batch-64-nhid-0-inlayer-12;NORMAL;84,69;89,19;94,82;89,24;91,27;94,60;70,43;87,75
1100;allmpnet;AVG+AVG-NS_SUM-4-10;two-tokens;AVG+AVG-NS;SUM-4-10;4,00;torch.Size([61, 1536]);12,00;0,00;batch-64-nhid-0-inlayer-12;NORMAL;85,56;89,72;95,63;89,35;91,16;94,60;72,52;88,36
1101;allmpnet;AVG+SUM-NS_SUM-4-10;two-tokens;AVG+SUM-NS;SUM-4-10;4,00;torch.Size([61, 1536]);12,00;0,00;batch-64-nhid-0-inlayer-12;NORMAL;84,98;87,15;94,51;89,15;90,39;93,00;67,77;86,71
1102;allmpnet;AVG+MAX-NS_SUM-4-10;two-tokens;AVG+MAX-NS;SUM-4-10;4,00;torch.Size([61, 1536]);12,00;0,00;batch-64-nhid-0-inlayer-12;NORMAL;84,54;67,76;94,82;35,50;50,08;92,60;72,23;71,08
1103;allmpnet;SUM+MAX_SUM-4-10;two-tokens;SUM+MAX;SUM-4-10;4,00;torch.Size([61, 1536]);12,00;0,00;batch-64-nhid-0-inlayer-12;NORMAL;85,25;88,32;94,63;88,69;90,66;94,60;67,25;87,06
1104;allmpnet;SUM+AVG-NS_SUM-4-10;two-tokens;SUM+AVG-NS;SUM-4-10;4,00;torch.Size([61, 1536]);12,00;0,00;batch-64-nhid-0-inlayer-12;NORMAL;85,44;88,08;94,49;89,04;90,72;94,60;67,30;87,10
1105;allmpnet;SUM+SUM-NS_SUM-4-10;two-tokens;SUM+SUM-NS;SUM-4-10;4,00;torch.Size([61, 1536]);12,00;0,00;batch-64-nhid-0-inlayer-12;NORMAL;84,46;88,74;95,03;88,75;90,33;94,40;68,23;87,13
1106;allmpnet;SUM+MAX-NS_SUM-4-10;two-tokens;SUM+MAX-NS;SUM-4-10;4,00;torch.Size([61, 1536]);12,00;0,00;batch-64-nhid-0-inlayer-12;NORMAL;85,47;84,39;94,66;46,61;87,64;95,20;67,71;80,24
1107;allmpnet;MAX+AVG-NS_SUM-4-10;two-tokens;MAX+AVG-NS;SUM-4-10;4,00;torch.Size([61, 1536]);12,00;0,00;batch-64-nhid-0-inlayer-12;NORMAL;84,47;88,72;94,77;88,97;91,21;93,00;72,17;87,62
1108;allmpnet;MAX+SUM-NS_SUM-4-10;two-tokens;MAX+SUM-NS;SUM-4-10;4,00;torch.Size([61, 1536]);12,00;0,00;batch-64-nhid-0-inlayer-12;NORMAL;84,52;87,50;94,40;88,26;91,38;93,20;67,48;86,68
1109;allmpnet;MAX+MAX-NS_SUM-4-10;two-tokens;MAX+MAX-NS;SUM-4-10;4,00;torch.Size([61, 1536]);12,00;0,00;batch-64-nhid-0-inlayer-12;NORMAL;83,48;67,68;93,70;35,50;50,08;92,80;71,25;70,64
1110;allmpnet;AVG-NS+SUM-NS_SUM-4-10;two-tokens;AVG-NS+SUM-NS;SUM-4-10;4,00;torch.Size([61, 1536]);12,00;0,00;batch-64-nhid-0-inlayer-12;NORMAL;84,69;86,65;94,44;88,52;89,95;92,20;67,48;86,28
1111;allmpnet;AVG-NS+MAX-NS_SUM-4-10;two-tokens;AVG-NS+MAX-NS;SUM-4-10;4,00;torch.Size([61, 1536]);12,00;0,00;batch-64-nhid-0-inlayer-12;NORMAL;83,98;65,98;94,58;31,75;50,08;89,40;70,96;69,53
1112;allmpnet;SUM-NS+MAX-NS_SUM-4-10;two-tokens;SUM-NS+MAX-NS;SUM-4-10;4,00;torch.Size([61, 1536]);12,00;0,00;batch-64-nhid-0-inlayer-12;NORMAL;84,13;83,29;94,22;31,75;50,08;91,60;68,93;72,00
1113;allmpnet;CLS+AVG_SUM-5-11;two-tokens;CLS+AVG;SUM-5-11;4,00;torch.Size([61, 1536]);12,00;0,00;batch-64-nhid-0-inlayer-12;NORMAL;85,77;91,21;96,15;90,33;91,49;95,20;76,52;89,52
1114;allmpnet;CLS+SUM_SUM-5-11;two-tokens;CLS+SUM;SUM-5-11;4,00;torch.Size([61, 1536]);12,00;0,00;batch-64-nhid-0-inlayer-12;NORMAL;85,56;88,74;94,70;89,56;91,21;94,40;68,46;87,52
1115;allmpnet;CLS+MAX_SUM-5-11;two-tokens;CLS+MAX;SUM-5-11;4,00;torch.Size([61, 1536]);12,00;0,00;batch-64-nhid-0-inlayer-12;NORMAL;84,31;88,40;94,62;89,48;90,88;93,80;71,36;87,55
1116;allmpnet;CLS+AVG-NS_SUM-5-11;two-tokens;CLS+AVG-NS;SUM-5-11;4,00;torch.Size([61, 1536]);12,00;0,00;batch-64-nhid-0-inlayer-12;NORMAL;85,48;90,33;96,07;89,45;91,93;91,20;73,33;88,26
1117;allmpnet;CLS+SUM-NS_SUM-5-11;two-tokens;CLS+SUM-NS;SUM-5-11;4,00;torch.Size([61, 1536]);12,00;0,00;batch-64-nhid-0-inlayer-12;NORMAL;84,96;87,63;94,69;88,88;90,44;90,40;69,80;86,69
1118;allmpnet;CLS+MAX-NS_SUM-5-11;two-tokens;CLS+MAX-NS;SUM-5-11;4,00;torch.Size([61, 1536]);12,00;0,00;batch-64-nhid-0-inlayer-12;NORMAL;84,39;66,17;94,56;35,50;50,08;90,00;70,96;70,24
1119;allmpnet;AVG+SUM_SUM-5-11;two-tokens;AVG+SUM;SUM-5-11;4,00;torch.Size([61, 1536]);12,00;0,00;batch-64-nhid-0-inlayer-12;NORMAL;85,57;88,56;94,72;89,67;90,77;94,00;68,29;87,37
1120;allmpnet;AVG+MAX_SUM-5-11;two-tokens;AVG+MAX;SUM-5-11;4,00;torch.Size([61, 1536]);12,00;0,00;batch-64-nhid-0-inlayer-12;NORMAL;84,76;89,38;94,79;89,66;91,65;94,40;71,01;87,95
1121;allmpnet;AVG+AVG-NS_SUM-5-11;two-tokens;AVG+AVG-NS;SUM-5-11;4,00;torch.Size([61, 1536]);12,00;0,00;batch-64-nhid-0-inlayer-12;NORMAL;85,53;90,52;95,74;89,35;91,27;95,20;72,06;88,52
1122;allmpnet;AVG+SUM-NS_SUM-5-11;two-tokens;AVG+SUM-NS;SUM-5-11;4,00;torch.Size([61, 1536]);12,00;0,00;batch-64-nhid-0-inlayer-12;NORMAL;85,03;87,58;94,69;89,19;90,77;91,60;69,57;86,92
1123;allmpnet;AVG+MAX-NS_SUM-5-11;two-tokens;AVG+MAX-NS;SUM-5-11;4,00;torch.Size([61, 1536]);12,00;0,00;batch-64-nhid-0-inlayer-12;NORMAL;84,44;68,39;94,91;35,50;50,08;93,20;73,10;71,37
1124;allmpnet;SUM+MAX_SUM-5-11;two-tokens;SUM+MAX;SUM-5-11;4,00;torch.Size([61, 1536]);12,00;0,00;batch-64-nhid-0-inlayer-12;NORMAL;85,50;88,77;94,78;88,71;91,32;94,60;68,23;87,42
1125;allmpnet;SUM+AVG-NS_SUM-5-11;two-tokens;SUM+AVG-NS;SUM-5-11;4,00;torch.Size([61, 1536]);12,00;0,00;batch-64-nhid-0-inlayer-12;NORMAL;85,47;88,64;94,77;88,92;91,38;94,80;69,45;87,63
1126;allmpnet;SUM+SUM-NS_SUM-5-11;two-tokens;SUM+SUM-NS;SUM-5-11;4,00;torch.Size([61, 1536]);12,00;0,00;batch-64-nhid-0-inlayer-12;NORMAL;84,51;88,87;94,69;88,76;90,72;94,80;68,81;87,31
1127;allmpnet;SUM+MAX-NS_SUM-5-11;two-tokens;SUM+MAX-NS;SUM-5-11;4,00;torch.Size([61, 1536]);12,00;0,00;batch-64-nhid-0-inlayer-12;NORMAL;85,40;83,26;94,67;46,61;88,74;94,40;68,58;80,24
1128;allmpnet;MAX+AVG-NS_SUM-5-11;two-tokens;MAX+AVG-NS;SUM-5-11;4,00;torch.Size([61, 1536]);12,00;0,00;batch-64-nhid-0-inlayer-12;NORMAL;84,39;88,90;94,81;89,02;91,60;93,60;70,43;87,54
1129;allmpnet;MAX+SUM-NS_SUM-5-11;two-tokens;MAX+SUM-NS;SUM-5-11;4,00;torch.Size([61, 1536]);12,00;0,00;batch-64-nhid-0-inlayer-12;NORMAL;84,55;87,76;94,66;88,50;91,05;92,40;69,91;86,98
1130;allmpnet;MAX+MAX-NS_SUM-5-11;two-tokens;MAX+MAX-NS;SUM-5-11;4,00;torch.Size([61, 1536]);12,00;0,00;batch-64-nhid-0-inlayer-12;NORMAL;83,70;66,04;93,47;35,50;50,08;92,80;70,67;70,32
1131;allmpnet;AVG-NS+SUM-NS_SUM-5-11;two-tokens;AVG-NS+SUM-NS;SUM-5-11;4,00;torch.Size([61, 1536]);12,00;0,00;batch-64-nhid-0-inlayer-12;NORMAL;84,88;87,10;94,73;88,17;90,88;91,60;69,68;86,72
1132;allmpnet;AVG-NS+MAX-NS_SUM-5-11;two-tokens;AVG-NS+MAX-NS;SUM-5-11;4,00;torch.Size([61, 1536]);12,00;0,00;batch-64-nhid-0-inlayer-12;NORMAL;83,90;65,90;94,57;35,50;50,08;89,20;71,01;70,02
1133;allmpnet;SUM-NS+MAX-NS_SUM-5-11;two-tokens;SUM-NS+MAX-NS;SUM-5-11;4,00;torch.Size([61, 1536]);12,00;0,00;batch-64-nhid-0-inlayer-12;NORMAL;84,54;84,50;94,52;35,44;50,08;91,60;68,99;72,81
1134;allmpnet;CLS+AVG_SUM-6-12;two-tokens;CLS+AVG;SUM-6-12;4,00;torch.Size([61, 1536]);12,00;0,00;batch-64-nhid-0-inlayer-12;NORMAL;85,68;91,31;96,19;90,61;91,65;95,60;75,77;89,54
1135;allmpnet;CLS+SUM_SUM-6-12;two-tokens;CLS+SUM;SUM-6-12;4,00;torch.Size([61, 1536]);12,00;0,00;batch-64-nhid-0-inlayer-12;NORMAL;85,41;87,95;94,64;89,41;91,32;94,20;70,20;87,59
1136;allmpnet;CLS+MAX_SUM-6-12;two-tokens;CLS+MAX;SUM-6-12;4,00;torch.Size([61, 1536]);12,00;0,00;batch-64-nhid-0-inlayer-12;NORMAL;84,71;88,26;94,93;89,31;91,32;94,20;72,46;87,88
1137;allmpnet;CLS+AVG-NS_SUM-6-12;two-tokens;CLS+AVG-NS;SUM-6-12;4,00;torch.Size([61, 1536]);12,00;0,00;batch-64-nhid-0-inlayer-12;NORMAL;85,47;90,41;96,14;89,76;91,60;92,60;73,68;88,52
1138;allmpnet;CLS+SUM-NS_SUM-6-12;two-tokens;CLS+SUM-NS;SUM-6-12;4,00;torch.Size([61, 1536]);12,00;0,00;batch-64-nhid-0-inlayer-12;NORMAL;85,00;87,58;94,39;88,90;90,39;91,00;69,86;86,73
1139;allmpnet;CLS+MAX-NS_SUM-6-12;two-tokens;CLS+MAX-NS;SUM-6-12;4,00;torch.Size([61, 1536]);12,00;0,00;batch-64-nhid-0-inlayer-12;NORMAL;84,57;70,46;94,61;35,50;50,08;90,20;71,71;71,02
1140;allmpnet;AVG+SUM_SUM-6-12;two-tokens;AVG+SUM;SUM-6-12;4,00;torch.Size([61, 1536]);12,00;0,00;batch-64-nhid-0-inlayer-12;NORMAL;85,36;87,84;94,57;89,47;91,10;94,40;69,91;87,52
1141;allmpnet;AVG+MAX_SUM-6-12;two-tokens;AVG+MAX;SUM-6-12;4,00;torch.Size([61, 1536]);12,00;0,00;batch-64-nhid-0-inlayer-12;NORMAL;84,94;89,06;94,91;89,47;90,77;94,40;73,68;88,18
1142;allmpnet;AVG+AVG-NS_SUM-6-12;two-tokens;AVG+AVG-NS;SUM-6-12;4,00;torch.Size([61, 1536]);12,00;0,00;batch-64-nhid-0-inlayer-12;NORMAL;85,39;90,38;95,76;89,36;90,99;96,00;73,39;88,75
1143;allmpnet;AVG+SUM-NS_SUM-6-12;two-tokens;AVG+SUM-NS;SUM-6-12;4,00;torch.Size([61, 1536]);12,00;0,00;batch-64-nhid-0-inlayer-12;NORMAL;84,85;87,29;94,37;88,99;90,55;91,60;70,03;86,81
1144;allmpnet;AVG+MAX-NS_SUM-6-12;two-tokens;AVG+MAX-NS;SUM-6-12;4,00;torch.Size([61, 1536]);12,00;0,00;batch-64-nhid-0-inlayer-12;NORMAL;84,62;66,17;94,74;35,50;50,08;92,60;72,99;70,96
1145;allmpnet;SUM+MAX_SUM-6-12;two-tokens;SUM+MAX;SUM-6-12;4,00;torch.Size([61, 1536]);12,00;0,00;batch-64-nhid-0-inlayer-12;NORMAL;85,26;88,18;94,55;88,62;90,99;94,60;69,74;87,42
1146;allmpnet;SUM+AVG-NS_SUM-6-12;two-tokens;SUM+AVG-NS;SUM-6-12;4,00;torch.Size([61, 1536]);12,00;0,00;batch-64-nhid-0-inlayer-12;NORMAL;85,52;88,00;94,56;88,75;90,66;94,80;70,20;87,50
1147;allmpnet;SUM+SUM-NS_SUM-6-12;two-tokens;SUM+SUM-NS;SUM-6-12;4,00;torch.Size([61, 1536]);12,00;0,00;batch-64-nhid-0-inlayer-12;NORMAL;84,36;88,72;94,65;88,65;90,94;94,20;70,49;87,43
1148;allmpnet;SUM+MAX-NS_SUM-6-12;two-tokens;SUM+MAX-NS;SUM-6-12;4,00;torch.Size([61, 1536]);12,00;0,00;batch-64-nhid-0-inlayer-12;NORMAL;85,16;80,32;94,56;48,32;90,28;94,80;69,86;80,47
1149;allmpnet;MAX+AVG-NS_SUM-6-12;two-tokens;MAX+AVG-NS;SUM-6-12;4,00;torch.Size([61, 1536]);12,00;0,00;batch-64-nhid-0-inlayer-12;NORMAL;84,41;88,50;94,82;88,67;91,43;93,00;73,74;87,80
1150;allmpnet;MAX+SUM-NS_SUM-6-12;two-tokens;MAX+SUM-NS;SUM-6-12;4,00;torch.Size([61, 1536]);12,00;0,00;batch-64-nhid-0-inlayer-12;NORMAL;84,54;88,35;94,34;87,97;90,44;92,40;69,28;86,76
1151;allmpnet;MAX+MAX-NS_SUM-6-12;two-tokens;MAX+MAX-NS;SUM-6-12;4,00;torch.Size([61, 1536]);12,00;0,00;batch-64-nhid-0-inlayer-12;NORMAL;83,79;66,12;93,53;35,50;50,08;93,20;71,71;70,56
1152;allmpnet;AVG-NS+SUM-NS_SUM-6-12;two-tokens;AVG-NS+SUM-NS;SUM-6-12;4,00;torch.Size([61, 1536]);12,00;0,00;batch-64-nhid-0-inlayer-12;NORMAL;85,00;87,39;94,29;88,22;90,61;91,80;69,97;86,75
1153;allmpnet;AVG-NS+MAX-NS_SUM-6-12;two-tokens;AVG-NS+MAX-NS;SUM-6-12;4,00;torch.Size([61, 1536]);12,00;0,00;batch-64-nhid-0-inlayer-12;NORMAL;84,08;66,09;94,40;35,50;50,08;90,00;72,23;70,34
1154;allmpnet;SUM-NS+MAX-NS_SUM-6-12;two-tokens;SUM-NS+MAX-NS;SUM-6-12;4,00;torch.Size([61, 1536]);12,00;0,00;batch-64-nhid-0-inlayer-12;NORMAL;84,34;84,34;94,29;31,75;50,08;91,20;70,32;72,33
1155;allmpnet;CLS+AVG_SUM-1-8;two-tokens;CLS+AVG;SUM-1-8;4,00;torch.Size([61, 1536]);12,00;0,00;batch-64-nhid-0-inlayer-12;NORMAL;85,43;90,60;96,28;90,58;91,16;93,00;75,94;89,00
1156;allmpnet;CLS+SUM_SUM-1-8;two-tokens;CLS+SUM;SUM-1-8;4,00;torch.Size([61, 1536]);12,00;0,00;batch-64-nhid-0-inlayer-12;NORMAL;84,66;88,02;94,71;89,54;90,28;93,60;67,94;86,96
1157;allmpnet;CLS+MAX_SUM-1-8;two-tokens;CLS+MAX;SUM-1-8;4,00;torch.Size([61, 1536]);12,00;0,00;batch-64-nhid-0-inlayer-12;NORMAL;83,57;87,58;94,80;89,17;89,35;92,20;67,25;86,27
1158;allmpnet;CLS+AVG-NS_SUM-1-8;two-tokens;CLS+AVG-NS;SUM-1-8;4,00;torch.Size([61, 1536]);12,00;0,00;batch-64-nhid-0-inlayer-12;NORMAL;85,04;89,48;95,92;89,17;90,55;88,40;72,41;87,28
1159;allmpnet;CLS+SUM-NS_SUM-1-8;two-tokens;CLS+SUM-NS;SUM-1-8;4,00;torch.Size([61, 1536]);12,00;0,00;batch-64-nhid-0-inlayer-12;NORMAL;83,76;85,65;94,31;88,64;88,36;88,00;67,30;85,15
1160;allmpnet;CLS+MAX-NS_SUM-1-8;two-tokens;CLS+MAX-NS;SUM-1-8;4,00;torch.Size([61, 1536]);12,00;0,00;batch-64-nhid-0-inlayer-12;NORMAL;83,56;65,96;94,82;35,50;50,08;87,40;69,62;69,56
1161;allmpnet;AVG+SUM_SUM-1-8;two-tokens;AVG+SUM;SUM-1-8;4,00;torch.Size([61, 1536]);12,00;0,00;batch-64-nhid-0-inlayer-12;NORMAL;84,42;87,92;94,59;89,52;89,73;93,20;67,71;86,73
1162;allmpnet;AVG+MAX_SUM-1-8;two-tokens;AVG+MAX;SUM-1-8;4,00;torch.Size([61, 1536]);12,00;0,00;batch-64-nhid-0-inlayer-12;NORMAL;83,75;88,42;94,80;89,02;89,68;94,00;72,46;87,45
1163;allmpnet;AVG+AVG-NS_SUM-1-8;two-tokens;AVG+AVG-NS;SUM-1-8;4,00;torch.Size([61, 1536]);12,00;0,00;batch-64-nhid-0-inlayer-12;NORMAL;84,57;89,35;95,71;89,40;90,66;93,20;71,48;87,77
1164;allmpnet;AVG+SUM-NS_SUM-1-8;two-tokens;AVG+SUM-NS;SUM-1-8;4,00;torch.Size([61, 1536]);12,00;0,00;batch-64-nhid-0-inlayer-12;NORMAL;83,61;85,83;94,20;89,30;89,62;88,80;67,48;85,55
1165;allmpnet;AVG+MAX-NS_SUM-1-8;two-tokens;AVG+MAX-NS;SUM-1-8;4,00;torch.Size([61, 1536]);12,00;0,00;batch-64-nhid-0-inlayer-12;NORMAL;83,55;66,04;94,88;35,50;50,08;92,20;71,13;70,48
1166;allmpnet;SUM+MAX_SUM-1-8;two-tokens;SUM+MAX;SUM-1-8;4,00;torch.Size([61, 1536]);12,00;0,00;batch-64-nhid-0-inlayer-12;NORMAL;84,24;87,89;94,75;88,80;90,33;93,40;67,30;86,67
1167;allmpnet;SUM+AVG-NS_SUM-1-8;two-tokens;SUM+AVG-NS;SUM-1-8;4,00;torch.Size([61, 1536]);12,00;0,00;batch-64-nhid-0-inlayer-12;NORMAL;84,38;87,95;94,52;88,92;89,62;93,40;66,43;86,46
1168;allmpnet;SUM+SUM-NS_SUM-1-8;two-tokens;SUM+SUM-NS;SUM-1-8;4,00;torch.Size([61, 1536]);12,00;0,00;batch-64-nhid-0-inlayer-12;NORMAL;83,68;87,84;94,96;88,39;90,01;93,60;68,93;86,77
1169;allmpnet;SUM+MAX-NS_SUM-1-8;two-tokens;SUM+MAX-NS;SUM-1-8;4,00;torch.Size([61, 1536]);12,00;0,00;batch-64-nhid-0-inlayer-12;NORMAL;84,30;82,60;94,64;48,28;50,08;93,60;67,42;74,42
1170;allmpnet;MAX+AVG-NS_SUM-1-8;two-tokens;MAX+AVG-NS;SUM-1-8;4,00;torch.Size([61, 1536]);12,00;0,00;batch-64-nhid-0-inlayer-12;NORMAL;82,98;87,13;94,70;88,38;89,57;93,40;71,30;86,78
1171;allmpnet;MAX+SUM-NS_SUM-1-8;two-tokens;MAX+SUM-NS;SUM-1-8;4,00;torch.Size([61, 1536]);12,00;0,00;batch-64-nhid-0-inlayer-12;NORMAL;83,16;86,38;94,47;88,32;88,41;90,80;68,00;85,65
1172;allmpnet;MAX+MAX-NS_SUM-1-8;two-tokens;MAX+MAX-NS;SUM-1-8;4,00;torch.Size([61, 1536]);12,00;0,00;batch-64-nhid-0-inlayer-12;NORMAL;81,96;65,85;93,41;35,50;50,08;92,80;70,90;70,07
1173;allmpnet;AVG-NS+SUM-NS_SUM-1-8;two-tokens;AVG-NS+SUM-NS;SUM-1-8;4,00;torch.Size([61, 1536]);12,00;0,00;batch-64-nhid-0-inlayer-12;NORMAL;83,51;85,41;94,24;87,87;89,51;88,40;66,96;85,13
1174;allmpnet;AVG-NS+MAX-NS_SUM-1-8;two-tokens;AVG-NS+MAX-NS;SUM-1-8;4,00;torch.Size([61, 1536]);12,00;0,00;batch-64-nhid-0-inlayer-12;NORMAL;82,47;69,22;94,42;35,50;50,08;89,60;70,67;70,28
1175;allmpnet;SUM-NS+MAX-NS_SUM-1-8;two-tokens;SUM-NS+MAX-NS;SUM-1-8;4,00;torch.Size([61, 1536]);12,00;0,00;batch-64-nhid-0-inlayer-12;NORMAL;83,11;79,31;94,43;36,56;50,08;90,20;67,07;71,54
1176;allmpnet;CLS+AVG_SUM-2-9;two-tokens;CLS+AVG;SUM-2-9;4,00;torch.Size([61, 1536]);12,00;0,00;batch-64-nhid-0-inlayer-12;NORMAL;85,60;91,13;96,25;90,49;91,32;94,40;74,43;89,09
1177;allmpnet;CLS+SUM_SUM-2-9;two-tokens;CLS+SUM;SUM-2-9;4,00;torch.Size([61, 1536]);12,00;0,00;batch-64-nhid-0-inlayer-12;NORMAL;84,74;88,56;94,88;89,55;90,55;94,00;67,65;87,13
1178;allmpnet;CLS+MAX_SUM-2-9;two-tokens;CLS+MAX;SUM-2-9;4,00;torch.Size([61, 1536]);12,00;0,00;batch-64-nhid-0-inlayer-12;NORMAL;83,90;87,92;94,63;89,20;90,39;93,00;71,30;87,19
1179;allmpnet;CLS+AVG-NS_SUM-2-9;two-tokens;CLS+AVG-NS;SUM-2-9;4,00;torch.Size([61, 1536]);12,00;0,00;batch-64-nhid-0-inlayer-12;NORMAL;85,15;89,46;95,98;89,69;91,21;90,00;71,54;87,58
1180;allmpnet;CLS+SUM-NS_SUM-2-9;two-tokens;CLS+SUM-NS;SUM-2-9;4,00;torch.Size([61, 1536]);12,00;0,00;batch-64-nhid-0-inlayer-12;NORMAL;83,92;86,39;94,27;88,70;89,73;89,60;68,29;85,84
1181;allmpnet;CLS+MAX-NS_SUM-2-9;two-tokens;CLS+MAX-NS;SUM-2-9;4,00;torch.Size([61, 1536]);12,00;0,00;batch-64-nhid-0-inlayer-12;NORMAL;83,91;69,32;94,67;35,50;50,08;87,60;69,86;70,13
1182;allmpnet;AVG+SUM_SUM-2-9;two-tokens;AVG+SUM;SUM-2-9;4,00;torch.Size([61, 1536]);12,00;0,00;batch-64-nhid-0-inlayer-12;NORMAL;84,76;88,50;94,77;89,40;90,94;93,40;67,42;87,03
1183;allmpnet;AVG+MAX_SUM-2-9;two-tokens;AVG+MAX;SUM-2-9;4,00;torch.Size([61, 1536]);12,00;0,00;batch-64-nhid-0-inlayer-12;NORMAL;84,39;88,37;94,93;89,02;90,77;94,00;72,12;87,66
1184;allmpnet;AVG+AVG-NS_SUM-2-9;two-tokens;AVG+AVG-NS;SUM-2-9;4,00;torch.Size([61, 1536]);12,00;0,00;batch-64-nhid-0-inlayer-12;NORMAL;84,81;89,51;95,65;89,76;91,05;94,20;73,04;88,29
1185;allmpnet;AVG+SUM-NS_SUM-2-9;two-tokens;AVG+SUM-NS;SUM-2-9;4,00;torch.Size([61, 1536]);12,00;0,00;batch-64-nhid-0-inlayer-12;NORMAL;84,10;86,52;94,35;89,30;90,61;89,80;67,83;86,07
1186;allmpnet;AVG+MAX-NS_SUM-2-9;two-tokens;AVG+MAX-NS;SUM-2-9;4,00;torch.Size([61, 1536]);12,00;0,00;batch-64-nhid-0-inlayer-12;NORMAL;84,26;67,99;95,12;35,50;50,08;92,20;71,77;70,99
1187;allmpnet;SUM+MAX_SUM-2-9;two-tokens;SUM+MAX;SUM-2-9;4,00;torch.Size([61, 1536]);12,00;0,00;batch-64-nhid-0-inlayer-12;NORMAL;84,64;88,26;94,83;88,74;90,50;94,20;68,00;87,02
1188;allmpnet;SUM+AVG-NS_SUM-2-9;two-tokens;SUM+AVG-NS;SUM-2-9;4,00;torch.Size([61, 1536]);12,00;0,00;batch-64-nhid-0-inlayer-12;NORMAL;84,72;88,58;94,80;88,81;91,21;94,80;67,48;87,20
1189;allmpnet;SUM+SUM-NS_SUM-2-9;two-tokens;SUM+SUM-NS;SUM-2-9;4,00;torch.Size([61, 1536]);12,00;0,00;batch-64-nhid-0-inlayer-12;NORMAL;84,03;88,69;95,03;88,70;90,12;94,60;68,23;87,06
1190;allmpnet;SUM+MAX-NS_SUM-2-9;two-tokens;SUM+MAX-NS;SUM-2-9;4,00;torch.Size([61, 1536]);12,00;0,00;batch-64-nhid-0-inlayer-12;NORMAL;84,53;82,81;94,98;46,61;88,41;94,40;66,84;79,80
1191;allmpnet;MAX+AVG-NS_SUM-2-9;two-tokens;MAX+AVG-NS;SUM-2-9;4,00;torch.Size([61, 1536]);12,00;0,00;batch-64-nhid-0-inlayer-12;NORMAL;83,97;87,82;94,78;88,60;90,72;93,80;70,72;87,20
1192;allmpnet;MAX+SUM-NS_SUM-2-9;two-tokens;MAX+SUM-NS;SUM-2-9;4,00;torch.Size([61, 1536]);12,00;0,00;batch-64-nhid-0-inlayer-12;NORMAL;83,53;86,86;94,52;88,20;90,17;92,40;69,04;86,39
1193;allmpnet;MAX+MAX-NS_SUM-2-9;two-tokens;MAX+MAX-NS;SUM-2-9;4,00;torch.Size([61, 1536]);12,00;0,00;batch-64-nhid-0-inlayer-12;NORMAL;82,87;68,74;93,66;35,50;50,08;92,40;70,09;70,48
1194;allmpnet;AVG-NS+SUM-NS_SUM-2-9;two-tokens;AVG-NS+SUM-NS;SUM-2-9;4,00;torch.Size([61, 1536]);12,00;0,00;batch-64-nhid-0-inlayer-12;NORMAL;83,96;86,31;94,08;88,09;90,33;90,00;68,52;85,90
1195;allmpnet;AVG-NS+MAX-NS_SUM-2-9;two-tokens;AVG-NS+MAX-NS;SUM-2-9;4,00;torch.Size([61, 1536]);12,00;0,00;batch-64-nhid-0-inlayer-12;NORMAL;83,35;66,04;94,54;35,50;50,08;90,20;71,88;70,23
1196;allmpnet;SUM-NS+MAX-NS_SUM-2-9;two-tokens;SUM-NS+MAX-NS;SUM-2-9;4,00;torch.Size([61, 1536]);12,00;0,00;batch-64-nhid-0-inlayer-12;NORMAL;83,45;81,96;94,45;31,75;50,08;90,60;67,77;71,44
1197;allmpnet;CLS+AVG_SUM-3-10;two-tokens;CLS+AVG;SUM-3-10;4,00;torch.Size([61, 1536]);12,00;0,00;batch-64-nhid-0-inlayer-12;NORMAL;85,47;91,02;96,24;90,39;91,65;94,80;75,30;89,27
1198;allmpnet;CLS+SUM_SUM-3-10;two-tokens;CLS+SUM;SUM-3-10;4,00;torch.Size([61, 1536]);12,00;0,00;batch-64-nhid-0-inlayer-12;NORMAL;85,69;88,05;94,62;89,54;90,77;94,40;67,30;87,20
1199;allmpnet;CLS+MAX_SUM-3-10;two-tokens;CLS+MAX;SUM-3-10;4,00;torch.Size([61, 1536]);12,00;0,00;batch-64-nhid-0-inlayer-12;NORMAL;84,32;87,95;94,84;89,18;89,95;92,80;71,48;87,22
1200;allmpnet;CLS+AVG-NS_SUM-3-10;two-tokens;CLS+AVG-NS;SUM-3-10;4,00;torch.Size([61, 1536]);12,00;0,00;batch-64-nhid-0-inlayer-12;NORMAL;85,22;89,91;95,87;89,36;91,93;91,00;72,41;87,96
1201;allmpnet;CLS+SUM-NS_SUM-3-10;two-tokens;CLS+SUM-NS;SUM-3-10;4,00;torch.Size([61, 1536]);12,00;0,00;batch-64-nhid-0-inlayer-12;NORMAL;84,51;86,94;94,36;88,98;89,73;90,40;67,94;86,12
1202;allmpnet;CLS+MAX-NS_SUM-3-10;two-tokens;CLS+MAX-NS;SUM-3-10;4,00;torch.Size([61, 1536]);12,00;0,00;batch-64-nhid-0-inlayer-12;NORMAL;84,23;65,98;94,54;35,50;50,08;89,80;71,48;70,23
1203;allmpnet;AVG+SUM_SUM-3-10;two-tokens;AVG+SUM;SUM-3-10;4,00;torch.Size([61, 1536]);12,00;0,00;batch-64-nhid-0-inlayer-12;NORMAL;85,56;88,08;94,62;89,44;90,94;93,80;67,42;87,12
1204;allmpnet;AVG+MAX_SUM-3-10;two-tokens;AVG+MAX;SUM-3-10;4,00;torch.Size([61, 1536]);12,00;0,00;batch-64-nhid-0-inlayer-12;NORMAL;84,73;88,85;94,95;89,25;91,65;95,20;70,78;87,92
1205;allmpnet;AVG+AVG-NS_SUM-3-10;two-tokens;AVG+AVG-NS;SUM-3-10;4,00;torch.Size([61, 1536]);12,00;0,00;batch-64-nhid-0-inlayer-12;NORMAL;85,38;89,51;95,69;89,45;91,27;94,40;72,52;88,32
1206;allmpnet;AVG+SUM-NS_SUM-3-10;two-tokens;AVG+SUM-NS;SUM-3-10;4,00;torch.Size([61, 1536]);12,00;0,00;batch-64-nhid-0-inlayer-12;NORMAL;84,64;86,89;94,41;89,07;90,44;92,00;67,13;86,37
1207;allmpnet;AVG+MAX-NS_SUM-3-10;two-tokens;AVG+MAX-NS;SUM-3-10;4,00;torch.Size([61, 1536]);12,00;0,00;batch-64-nhid-0-inlayer-12;NORMAL;84,54;69,77;95,09;35,50;50,08;92,00;71,59;71,22
1208;allmpnet;SUM+MAX_SUM-3-10;two-tokens;SUM+MAX;SUM-3-10;4,00;torch.Size([61, 1536]);12,00;0,00;batch-64-nhid-0-inlayer-12;NORMAL;85,29;88,21;94,63;88,72;90,83;93,80;67,13;86,94
1209;allmpnet;SUM+AVG-NS_SUM-3-10;two-tokens;SUM+AVG-NS;SUM-3-10;4,00;torch.Size([61, 1536]);12,00;0,00;batch-64-nhid-0-inlayer-12;NORMAL;85,51;88,11;94,68;88,71;91,43;93,80;67,59;87,12
1210;allmpnet;SUM+SUM-NS_SUM-3-10;two-tokens;SUM+SUM-NS;SUM-3-10;4,00;torch.Size([61, 1536]);12,00;0,00;batch-64-nhid-0-inlayer-12;NORMAL;84,59;88,77;94,94;88,89;89,68;95,00;68,46;87,19
1211;allmpnet;SUM+MAX-NS_SUM-3-10;two-tokens;SUM+MAX-NS;SUM-3-10;4,00;torch.Size([61, 1536]);12,00;0,00;batch-64-nhid-0-inlayer-12;NORMAL;85,34;83,79;94,65;46,61;87,64;95,00;67,13;80,02
1212;allmpnet;MAX+AVG-NS_SUM-3-10;two-tokens;MAX+AVG-NS;SUM-3-10;4,00;torch.Size([61, 1536]);12,00;0,00;batch-64-nhid-0-inlayer-12;NORMAL;84,43;88,37;94,76;88,71;91,05;93,60;71,59;87,50
1213;allmpnet;MAX+SUM-NS_SUM-3-10;two-tokens;MAX+SUM-NS;SUM-3-10;4,00;torch.Size([61, 1536]);12,00;0,00;batch-64-nhid-0-inlayer-12;NORMAL;84,38;87,84;94,53;88,12;90,39;93,40;67,42;86,58
1214;allmpnet;MAX+MAX-NS_SUM-3-10;two-tokens;MAX+MAX-NS;SUM-3-10;4,00;torch.Size([61, 1536]);12,00;0,00;batch-64-nhid-0-inlayer-12;NORMAL;83,60;67,42;93,72;35,50;50,08;92,20;69,91;70,35
1215;allmpnet;AVG-NS+SUM-NS_SUM-3-10;two-tokens;AVG-NS+SUM-NS;SUM-3-10;4,00;torch.Size([61, 1536]);12,00;0,00;batch-64-nhid-0-inlayer-12;NORMAL;84,49;86,97;94,38;88,00;90,28;91,40;67,48;86,14
1216;allmpnet;AVG-NS+MAX-NS_SUM-3-10;two-tokens;AVG-NS+MAX-NS;SUM-3-10;4,00;torch.Size([61, 1536]);12,00;0,00;batch-64-nhid-0-inlayer-12;NORMAL;83,90;67,89;94,59;35,50;50,08;91,00;72,00;70,71
1217;allmpnet;SUM-NS+MAX-NS_SUM-3-10;two-tokens;SUM-NS+MAX-NS;SUM-3-10;4,00;torch.Size([61, 1536]);12,00;0,00;batch-64-nhid-0-inlayer-12;NORMAL;84,08;85,51;94,48;42,88;50,08;92,20;67,42;73,81
1218;allmpnet;CLS+AVG_SUM-4-11;two-tokens;CLS+AVG;SUM-4-11;4,00;torch.Size([61, 1536]);12,00;0,00;batch-64-nhid-0-inlayer-12;NORMAL;85,61;91,02;96,20;90,42;91,49;95,40;75,42;89,37
1219;allmpnet;CLS+SUM_SUM-4-11;two-tokens;CLS+SUM;SUM-4-11;4,00;torch.Size([61, 1536]);12,00;0,00;batch-64-nhid-0-inlayer-12;NORMAL;85,53;88,53;94,80;89,71;90,99;94,60;68,06;87,46
1220;allmpnet;CLS+MAX_SUM-4-11;two-tokens;CLS+MAX;SUM-4-11;4,00;torch.Size([61, 1536]);12,00;0,00;batch-64-nhid-0-inlayer-12;NORMAL;84,42;88,29;94,75;89,28;90,44;93,20;71,30;87,38
1221;allmpnet;CLS+AVG-NS_SUM-4-11;two-tokens;CLS+AVG-NS;SUM-4-11;4,00;torch.Size([61, 1536]);12,00;0,00;batch-64-nhid-0-inlayer-12;NORMAL;85,43;89,91;96,03;89,54;91,71;91,60;73,10;88,19
1222;allmpnet;CLS+SUM-NS_SUM-4-11;two-tokens;CLS+SUM-NS;SUM-4-11;4,00;torch.Size([61, 1536]);12,00;0,00;batch-64-nhid-0-inlayer-12;NORMAL;84,66;86,97;94,43;88,96;90,23;91,60;68,41;86,47
1223;allmpnet;CLS+MAX-NS_SUM-4-11;two-tokens;CLS+MAX-NS;SUM-4-11;4,00;torch.Size([61, 1536]);12,00;0,00;batch-64-nhid-0-inlayer-12;NORMAL;84,08;66,01;94,27;35,50;50,08;89,40;71,59;70,13
1224;allmpnet;AVG+SUM_SUM-4-11;two-tokens;AVG+SUM;SUM-4-11;4,00;torch.Size([61, 1536]);12,00;0,00;batch-64-nhid-0-inlayer-12;NORMAL;85,48;88,24;94,80;89,68;90,55;94,00;67,94;87,24
1225;allmpnet;AVG+MAX_SUM-4-11;two-tokens;AVG+MAX;SUM-4-11;4,00;torch.Size([61, 1536]);12,00;0,00;batch-64-nhid-0-inlayer-12;NORMAL;84,80;88,79;94,79;89,41;91,49;94,60;72,00;87,98
1226;allmpnet;AVG+AVG-NS_SUM-4-11;two-tokens;AVG+AVG-NS;SUM-4-11;4,00;torch.Size([61, 1536]);12,00;0,00;batch-64-nhid-0-inlayer-12;NORMAL;85,56;89,56;95,56;89,34;91,38;94,80;72,23;88,35
1227;allmpnet;AVG+SUM-NS_SUM-4-11;two-tokens;AVG+SUM-NS;SUM-4-11;4,00;torch.Size([61, 1536]);12,00;0,00;batch-64-nhid-0-inlayer-12;NORMAL;85,03;87,21;94,59;89,20;90,77;91,80;68,46;86,72
1228;allmpnet;AVG+MAX-NS_SUM-4-11;two-tokens;AVG+MAX-NS;SUM-4-11;4,00;torch.Size([61, 1536]);12,00;0,00;batch-64-nhid-0-inlayer-12;NORMAL;84,79;65,98;94,85;35,50;50,08;91,40;72,58;70,74
1229;allmpnet;SUM+MAX_SUM-4-11;two-tokens;SUM+MAX;SUM-4-11;4,00;torch.Size([61, 1536]);12,00;0,00;batch-64-nhid-0-inlayer-12;NORMAL;85,45;88,72;94,69;88,77;91,16;94,40;67,94;87,30
1230;allmpnet;SUM+AVG-NS_SUM-4-11;two-tokens;SUM+AVG-NS;SUM-4-11;4,00;torch.Size([61, 1536]);12,00;0,00;batch-64-nhid-0-inlayer-12;NORMAL;85,57;88,45;94,63;88,98;91,05;94,00;67,83;87,22
1231;allmpnet;SUM+SUM-NS_SUM-4-11;two-tokens;SUM+SUM-NS;SUM-4-11;4,00;torch.Size([61, 1536]);12,00;0,00;batch-64-nhid-0-inlayer-12;NORMAL;84,46;88,79;94,98;88,71;90,17;95,40;68,06;87,22
1232;allmpnet;SUM+MAX-NS_SUM-4-11;two-tokens;SUM+MAX-NS;SUM-4-11;4,00;torch.Size([61, 1536]);12,00;0,00;batch-64-nhid-0-inlayer-12;NORMAL;85,38;83,82;94,66;48,43;89,95;95,00;68,17;80,77
1233;allmpnet;MAX+AVG-NS_SUM-4-11;two-tokens;MAX+AVG-NS;SUM-4-11;4,00;torch.Size([61, 1536]);12,00;0,00;batch-64-nhid-0-inlayer-12;NORMAL;84,60;88,77;94,78;88,72;91,43;93,60;71,77;87,67
1234;allmpnet;MAX+SUM-NS_SUM-4-11;two-tokens;MAX+SUM-NS;SUM-4-11;4,00;torch.Size([61, 1536]);12,00;0,00;batch-64-nhid-0-inlayer-12;NORMAL;84,60;87,60;94,69;88,32;90,83;93,00;68,12;86,74
1235;allmpnet;MAX+MAX-NS_SUM-4-11;two-tokens;MAX+MAX-NS;SUM-4-11;4,00;torch.Size([61, 1536]);12,00;0,00;batch-64-nhid-0-inlayer-12;NORMAL;83,49;66,04;93,47;35,50;50,08;93,00;69,86;70,21
1236;allmpnet;AVG-NS+SUM-NS_SUM-4-11;two-tokens;AVG-NS+SUM-NS;SUM-4-11;4,00;torch.Size([61, 1536]);12,00;0,00;batch-64-nhid-0-inlayer-12;NORMAL;84,80;86,97;94,45;88,06;90,55;91,60;68,35;86,40
1237;allmpnet;AVG-NS+MAX-NS_SUM-4-11;two-tokens;AVG-NS+MAX-NS;SUM-4-11;4,00;torch.Size([61, 1536]);12,00;0,00;batch-64-nhid-0-inlayer-12;NORMAL;84,07;65,98;94,73;35,50;50,08;89,00;71,48;70,12
1238;allmpnet;SUM-NS+MAX-NS_SUM-4-11;two-tokens;SUM-NS+MAX-NS;SUM-4-11;4,00;torch.Size([61, 1536]);12,00;0,00;batch-64-nhid-0-inlayer-12;NORMAL;84,38;83,13;94,70;46,61;50,08;91,80;68,87;74,22
1239;allmpnet;CLS+AVG_SUM-5-12;two-tokens;CLS+AVG;SUM-5-12;4,00;torch.Size([61, 1536]);12,00;0,00;batch-64-nhid-0-inlayer-12;NORMAL;85,57;91,05;95,97;90,41;91,98;95,60;75,71;89,47
1240;allmpnet;CLS+SUM_SUM-5-12;two-tokens;CLS+SUM;SUM-5-12;4,00;torch.Size([61, 1536]);12,00;0,00;batch-64-nhid-0-inlayer-12;NORMAL;85,38;88,21;94,71;89,56;91,05;94,00;69,74;87,52
1241;allmpnet;CLS+MAX_SUM-5-12;two-tokens;CLS+MAX;SUM-5-12;4,00;torch.Size([61, 1536]);12,00;0,00;batch-64-nhid-0-inlayer-12;NORMAL;84,50;88,32;94,83;89,52;90,94;93,80;71,07;87,57
1242;allmpnet;CLS+AVG-NS_SUM-5-12;two-tokens;CLS+AVG-NS;SUM-5-12;4,00;torch.Size([61, 1536]);12,00;0,00;batch-64-nhid-0-inlayer-12;NORMAL;85,58;90,44;96,08;89,63;91,71;91,40;72,99;88,26
1243;allmpnet;CLS+SUM-NS_SUM-5-12;two-tokens;CLS+SUM-NS;SUM-5-12;4,00;torch.Size([61, 1536]);12,00;0,00;batch-64-nhid-0-inlayer-12;NORMAL;85,03;87,39;94,52;89,06;90,39;91,40;69,86;86,81
1244;allmpnet;CLS+MAX-NS_SUM-5-12;two-tokens;CLS+MAX-NS;SUM-5-12;4,00;torch.Size([61, 1536]);12,00;0,00;batch-64-nhid-0-inlayer-12;NORMAL;84,46;66,12;94,59;35,50;50,08;90,80;71,36;70,42
1245;allmpnet;AVG+SUM_SUM-5-12;two-tokens;AVG+SUM;SUM-5-12;4,00;torch.Size([61, 1536]);12,00;0,00;batch-64-nhid-0-inlayer-12;NORMAL;85,39;88,13;94,69;89,68;90,99;94,00;68,75;87,38
1246;allmpnet;AVG+MAX_SUM-5-12;two-tokens;AVG+MAX;SUM-5-12;4,00;torch.Size([61, 1536]);12,00;0,00;batch-64-nhid-0-inlayer-12;NORMAL;84,83;89,11;94,72;89,47;91,10;94,60;72,87;88,10
1247;allmpnet;AVG+AVG-NS_SUM-5-12;two-tokens;AVG+AVG-NS;SUM-5-12;4,00;torch.Size([61, 1536]);12,00;0,00;batch-64-nhid-0-inlayer-12;NORMAL;85,47;90,23;95,59;89,19;91,32;95,40;73,33;88,65
1248;allmpnet;AVG+SUM-NS_SUM-5-12;two-tokens;AVG+SUM-NS;SUM-5-12;4,00;torch.Size([61, 1536]);12,00;0,00;batch-64-nhid-0-inlayer-12;NORMAL;84,90;87,36;94,49;89,13;90,61;92,00;69,10;86,80
1249;allmpnet;AVG+MAX-NS_SUM-5-12;two-tokens;AVG+MAX-NS;SUM-5-12;4,00;torch.Size([61, 1536]);12,00;0,00;batch-64-nhid-0-inlayer-12;NORMAL;84,74;66,22;94,95;35,50;50,08;91,80;73,16;70,92
1250;allmpnet;SUM+MAX_SUM-5-12;two-tokens;SUM+MAX;SUM-5-12;4,00;torch.Size([61, 1536]);12,00;0,00;batch-64-nhid-0-inlayer-12;NORMAL;85,32;88,37;94,59;88,66;90,88;94,00;69,10;87,27
1251;allmpnet;SUM+AVG-NS_SUM-5-12;two-tokens;SUM+AVG-NS;SUM-5-12;4,00;torch.Size([61, 1536]);12,00;0,00;batch-64-nhid-0-inlayer-12;NORMAL;85,40;88,34;94,67;88,87;90,72;94,00;69,04;87,29
1252;allmpnet;SUM+SUM-NS_SUM-5-12;two-tokens;SUM+SUM-NS;SUM-5-12;4,00;torch.Size([61, 1536]);12,00;0,00;batch-64-nhid-0-inlayer-12;NORMAL;84,51;88,95;94,85;88,85;90,66;94,80;70,32;87,56
1253;allmpnet;SUM+MAX-NS_SUM-5-12;two-tokens;SUM+MAX-NS;SUM-5-12;4,00;torch.Size([61, 1536]);12,00;0,00;batch-64-nhid-0-inlayer-12;NORMAL;85,07;87,82;94,67;48,48;89,07;94,60;69,45;81,31
1254;allmpnet;MAX+AVG-NS_SUM-5-12;two-tokens;MAX+AVG-NS;SUM-5-12;4,00;torch.Size([61, 1536]);12,00;0,00;batch-64-nhid-0-inlayer-12;NORMAL;84,60;88,82;94,86;88,99;91,16;93,80;71,36;87,66
1255;allmpnet;MAX+SUM-NS_SUM-5-12;two-tokens;MAX+SUM-NS;SUM-5-12;4,00;torch.Size([61, 1536]);12,00;0,00;batch-64-nhid-0-inlayer-12;NORMAL;84,87;87,60;94,48;88,25;90,61;92,40;69,45;86,81
1256;allmpnet;MAX+MAX-NS_SUM-5-12;two-tokens;MAX+MAX-NS;SUM-5-12;4,00;torch.Size([61, 1536]);12,00;0,00;batch-64-nhid-0-inlayer-12;NORMAL;83,38;69,82;93,32;35,50;50,08;93,00;70,96;70,87
1257;allmpnet;AVG-NS+SUM-NS_SUM-5-12;two-tokens;AVG-NS+SUM-NS;SUM-5-12;4,00;torch.Size([61, 1536]);12,00;0,00;batch-64-nhid-0-inlayer-12;NORMAL;84,93;87,23;94,43;88,16;90,55;91,00;70,26;86,65
1258;allmpnet;AVG-NS+MAX-NS_SUM-5-12;two-tokens;AVG-NS+MAX-NS;SUM-5-12;4,00;torch.Size([61, 1536]);12,00;0,00;batch-64-nhid-0-inlayer-12;NORMAL;84,18;66,09;94,48;35,50;50,08;89,40;71,36;70,16
1259;allmpnet;SUM-NS+MAX-NS_SUM-5-12;two-tokens;SUM-NS+MAX-NS;SUM-5-12;4,00;torch.Size([61, 1536]);12,00;0,00;batch-64-nhid-0-inlayer-12;NORMAL;84,68;85,27;94,40;48,36;50,08;91,20;69,51;74,79
1260;allmpnet;CLS+AVG_SUM-1-9;two-tokens;CLS+AVG;SUM-1-9;4,00;torch.Size([61, 1536]);12,00;0,00;batch-64-nhid-0-inlayer-12;NORMAL;85,56;90,92;96,18;90,56;91,49;94,80;75,88;89,34
1261;allmpnet;CLS+SUM_SUM-1-9;two-tokens;CLS+SUM;SUM-1-9;4,00;torch.Size([61, 1536]);12,00;0,00;batch-64-nhid-0-inlayer-12;NORMAL;84,76;88,71;94,82;89,48;90,23;94,20;67,71;87,13
1262;allmpnet;CLS+MAX_SUM-1-9;two-tokens;CLS+MAX;SUM-1-9;4,00;torch.Size([61, 1536]);12,00;0,00;batch-64-nhid-0-inlayer-12;NORMAL;84,19;87,42;94,76;89,30;89,73;92,80;69,45;86,81
1263;allmpnet;CLS+AVG-NS_SUM-1-9;two-tokens;CLS+AVG-NS;SUM-1-9;4,00;torch.Size([61, 1536]);12,00;0,00;batch-64-nhid-0-inlayer-12;NORMAL;85,33;89,72;95,96;89,40;91,21;89,20;72,46;87,61
1264;allmpnet;CLS+SUM-NS_SUM-1-9;two-tokens;CLS+SUM-NS;SUM-1-9;4,00;torch.Size([61, 1536]);12,00;0,00;batch-64-nhid-0-inlayer-12;NORMAL;83,98;86,46;94,37;88,69;89,40;89,40;68,06;85,77
1265;allmpnet;CLS+MAX-NS_SUM-1-9;two-tokens;CLS+MAX-NS;SUM-1-9;4,00;torch.Size([61, 1536]);12,00;0,00;batch-64-nhid-0-inlayer-12;NORMAL;83,48;69,11;94,52;35,50;50,08;87,00;69,86;69,94
1266;allmpnet;AVG+SUM_SUM-1-9;two-tokens;AVG+SUM;SUM-1-9;4,00;torch.Size([61, 1536]);12,00;0,00;batch-64-nhid-0-inlayer-12;NORMAL;84,75;88,47;94,97;89,45;89,90;93,80;67,01;86,91
1267;allmpnet;AVG+MAX_SUM-1-9;two-tokens;AVG+MAX;SUM-1-9;4,00;torch.Size([61, 1536]);12,00;0,00;batch-64-nhid-0-inlayer-12;NORMAL;84,31;88,08;94,94;88,78;90,72;93,60;72,06;87,50
1268;allmpnet;AVG+AVG-NS_SUM-1-9;two-tokens;AVG+AVG-NS;SUM-1-9;4,00;torch.Size([61, 1536]);12,00;0,00;batch-64-nhid-0-inlayer-12;NORMAL;84,75;89,43;95,69;89,45;91,10;93,00;72,70;88,02
1269;allmpnet;AVG+SUM-NS_SUM-1-9;two-tokens;AVG+SUM-NS;SUM-1-9;4,00;torch.Size([61, 1536]);12,00;0,00;batch-64-nhid-0-inlayer-12;NORMAL;84,14;86,65;94,33;89,21;89,95;90,40;67,77;86,06
1270;allmpnet;AVG+MAX-NS_SUM-1-9;two-tokens;AVG+MAX-NS;SUM-1-9;4,00;torch.Size([61, 1536]);12,00;0,00;batch-64-nhid-0-inlayer-12;NORMAL;84,08;69,59;95,00;35,50;50,08;91,40;70,84;70,93
1271;allmpnet;SUM+MAX_SUM-1-9;two-tokens;SUM+MAX;SUM-1-9;4,00;torch.Size([61, 1536]);12,00;0,00;batch-64-nhid-0-inlayer-12;NORMAL;84,57;88,63;94,90;88,93;90,33;94,00;67,36;86,96
1272;allmpnet;SUM+AVG-NS_SUM-1-9;two-tokens;SUM+AVG-NS;SUM-1-9;4,00;torch.Size([61, 1536]);12,00;0,00;batch-64-nhid-0-inlayer-12;NORMAL;84,65;88,63;94,82;88,70;90,44;94,20;66,78;86,89
1273;allmpnet;SUM+SUM-NS_SUM-1-9;two-tokens;SUM+SUM-NS;SUM-1-9;4,00;torch.Size([61, 1536]);12,00;0,00;batch-64-nhid-0-inlayer-12;NORMAL;84,13;88,42;95,11;88,68;90,39;93,80;68,52;87,01
1274;allmpnet;SUM+MAX-NS_SUM-1-9;two-tokens;SUM+MAX-NS;SUM-1-9;4,00;torch.Size([61, 1536]);12,00;0,00;batch-64-nhid-0-inlayer-12;NORMAL;84,50;86,57;94,98;46,61;88,14;93,40;67,48;80,24
1275;allmpnet;MAX+AVG-NS_SUM-1-9;two-tokens;MAX+AVG-NS;SUM-1-9;4,00;torch.Size([61, 1536]);12,00;0,00;batch-64-nhid-0-inlayer-12;NORMAL;83,64;87,84;94,67;88,37;90,50;92,20;71,59;86,97
1276;allmpnet;MAX+SUM-NS_SUM-1-9;two-tokens;MAX+SUM-NS;SUM-1-9;4,00;torch.Size([61, 1536]);12,00;0,00;batch-64-nhid-0-inlayer-12;NORMAL;83,30;86,89;94,60;87,96;89,29;92,20;68,64;86,13
1277;allmpnet;MAX+MAX-NS_SUM-1-9;two-tokens;MAX+MAX-NS;SUM-1-9;4,00;torch.Size([61, 1536]);12,00;0,00;batch-64-nhid-0-inlayer-12;NORMAL;82,35;67,33;93,41;35,50;50,08;91,80;70,09;70,08
1278;allmpnet;AVG-NS+SUM-NS_SUM-1-9;two-tokens;AVG-NS+SUM-NS;SUM-1-9;4,00;torch.Size([61, 1536]);12,00;0,00;batch-64-nhid-0-inlayer-12;NORMAL;83,86;86,46;94,20;88,06;89,90;89,80;68,41;85,81
1279;allmpnet;AVG-NS+MAX-NS_SUM-1-9;two-tokens;AVG-NS+MAX-NS;SUM-1-9;4,00;torch.Size([61, 1536]);12,00;0,00;batch-64-nhid-0-inlayer-12;NORMAL;83,30;69,38;94,33;35,50;50,08;90,20;70,96;70,54
1280;allmpnet;SUM-NS+MAX-NS_SUM-1-9;two-tokens;SUM-NS+MAX-NS;SUM-1-9;4,00;torch.Size([61, 1536]);12,00;0,00;batch-64-nhid-0-inlayer-12;NORMAL;83,39;83,95;94,50;41,17;50,08;90,80;67,59;73,07
1281;allmpnet;CLS+AVG_SUM-2-10;two-tokens;CLS+AVG;SUM-2-10;4,00;torch.Size([61, 1536]);12,00;0,00;batch-64-nhid-0-inlayer-12;NORMAL;85,66;90,86;96,24;90,62;91,49;94,40;75,36;89,23
1282;allmpnet;CLS+SUM_SUM-2-10;two-tokens;CLS+SUM;SUM-2-10;4,00;torch.Size([61, 1536]);12,00;0,00;batch-64-nhid-0-inlayer-12;NORMAL;85,07;88,21;94,82;89,47;90,66;94,00;67,48;87,10
1283;allmpnet;CLS+MAX_SUM-2-10;two-tokens;CLS+MAX;SUM-2-10;4,00;torch.Size([61, 1536]);12,00;0,00;batch-64-nhid-0-inlayer-12;NORMAL;84,58;87,66;94,88;89,29;90,28;93,20;70,78;87,24
1284;allmpnet;CLS+AVG-NS_SUM-2-10;two-tokens;CLS+AVG-NS;SUM-2-10;4,00;torch.Size([61, 1536]);12,00;0,00;batch-64-nhid-0-inlayer-12;NORMAL;85,28;89,99;96,00;89,66;91,76;90,80;72,12;87,94
1285;allmpnet;CLS+SUM-NS_SUM-2-10;two-tokens;CLS+SUM-NS;SUM-2-10;4,00;torch.Size([61, 1536]);12,00;0,00;batch-64-nhid-0-inlayer-12;NORMAL;84,31;87,02;94,36;88,76;90,23;89,80;67,54;86,00
1286;allmpnet;CLS+MAX-NS_SUM-2-10;two-tokens;CLS+MAX-NS;SUM-2-10;4,00;torch.Size([61, 1536]);12,00;0,00;batch-64-nhid-0-inlayer-12;NORMAL;84,24;69,40;94,65;35,50;50,08;89,60;70,32;70,54
1287;allmpnet;AVG+SUM_SUM-2-10;two-tokens;AVG+SUM;SUM-2-10;4,00;torch.Size([61, 1536]);12,00;0,00;batch-64-nhid-0-inlayer-12;NORMAL;85,07;88,48;94,81;89,52;90,33;94,20;67,30;87,10
1288;allmpnet;AVG+MAX_SUM-2-10;two-tokens;AVG+MAX;SUM-2-10;4,00;torch.Size([61, 1536]);12,00;0,00;batch-64-nhid-0-inlayer-12;NORMAL;84,51;88,95;95,00;89,03;91,16;93,60;71,71;87,71
1289;allmpnet;AVG+AVG-NS_SUM-2-10;two-tokens;AVG+AVG-NS;SUM-2-10;4,00;torch.Size([61, 1536]);12,00;0,00;batch-64-nhid-0-inlayer-12;NORMAL;85,16;89,16;95,66;89,70;91,38;94,80;72,64;88,36
1290;allmpnet;AVG+SUM-NS_SUM-2-10;two-tokens;AVG+SUM-NS;SUM-2-10;4,00;torch.Size([61, 1536]);12,00;0,00;batch-64-nhid-0-inlayer-12;NORMAL;84,16;86,99;94,41;89,18;90,88;90,00;67,30;86,13
1291;allmpnet;AVG+MAX-NS_SUM-2-10;two-tokens;AVG+MAX-NS;SUM-2-10;4,00;torch.Size([61, 1536]);12,00;0,00;batch-64-nhid-0-inlayer-12;NORMAL;84,55;66,14;95,11;35,50;50,08;92,20;72,23;70,83
1292;allmpnet;SUM+MAX_SUM-2-10;two-tokens;SUM+MAX;SUM-2-10;4,00;torch.Size([61, 1536]);12,00;0,00;batch-64-nhid-0-inlayer-12;NORMAL;85,05;88,21;94,90;88,80;90,72;94,60;67,36;87,09
1293;allmpnet;SUM+AVG-NS_SUM-2-10;two-tokens;SUM+AVG-NS;SUM-2-10;4,00;torch.Size([61, 1536]);12,00;0,00;batch-64-nhid-0-inlayer-12;NORMAL;85,10;88,24;94,74;89,11;90,99;94,00;67,13;87,04
1294;allmpnet;SUM+SUM-NS_SUM-2-10;two-tokens;SUM+SUM-NS;SUM-2-10;4,00;torch.Size([61, 1536]);12,00;0,00;batch-64-nhid-0-inlayer-12;NORMAL;84,43;88,40;95,04;88,94;89,95;95,20;67,88;87,12
1295;allmpnet;SUM+MAX-NS_SUM-2-10;two-tokens;SUM+MAX-NS;SUM-2-10;4,00;torch.Size([61, 1536]);12,00;0,00;batch-64-nhid-0-inlayer-12;NORMAL;84,90;82,81;94,86;42,86;87,04;93,20;67,01;78,95
1296;allmpnet;MAX+AVG-NS_SUM-2-10;two-tokens;MAX+AVG-NS;SUM-2-10;4,00;torch.Size([61, 1536]);12,00;0,00;batch-64-nhid-0-inlayer-12;NORMAL;84,36;88,13;94,76;88,64;90,99;93,00;71,94;87,40
1297;allmpnet;MAX+SUM-NS_SUM-2-10;two-tokens;MAX+SUM-NS;SUM-2-10;4,00;torch.Size([61, 1536]);12,00;0,00;batch-64-nhid-0-inlayer-12;NORMAL;84,15;87,28;94,52;88,21;90,55;92,60;67,77;86,44
1298;allmpnet;MAX+MAX-NS_SUM-2-10;two-tokens;MAX+MAX-NS;SUM-2-10;4,00;torch.Size([61, 1536]);12,00;0,00;batch-64-nhid-0-inlayer-12;NORMAL;83,07;66,06;93,65;31,75;50,08;92,80;70,32;69,68
1299;allmpnet;AVG-NS+SUM-NS_SUM-2-10;two-tokens;AVG-NS+SUM-NS;SUM-2-10;4,00;torch.Size([61, 1536]);12,00;0,00;batch-64-nhid-0-inlayer-12;NORMAL;84,16;86,52;94,30;88,21;91,10;90,00;67,59;85,98
1300;allmpnet;AVG-NS+MAX-NS_SUM-2-10;two-tokens;AVG-NS+MAX-NS;SUM-2-10;4,00;torch.Size([61, 1536]);12,00;0,00;batch-64-nhid-0-inlayer-12;NORMAL;84,02;66,01;94,45;35,50;50,08;89,80;70,49;70,05
1301;allmpnet;SUM-NS+MAX-NS_SUM-2-10;two-tokens;SUM-NS+MAX-NS;SUM-2-10;4,00;torch.Size([61, 1536]);12,00;0,00;batch-64-nhid-0-inlayer-12;NORMAL;83,91;79,87;94,46;48,61;50,08;91,80;67,71;73,78
1302;allmpnet;CLS+AVG_SUM-3-11;two-tokens;CLS+AVG;SUM-3-11;4,00;torch.Size([61, 1536]);12,00;0,00;batch-64-nhid-0-inlayer-12;NORMAL;85,60;90,81;96,09;90,45;91,54;94,80;74,72;89,14
1303;allmpnet;CLS+SUM_SUM-3-11;two-tokens;CLS+SUM;SUM-3-11;4,00;torch.Size([61, 1536]);12,00;0,00;batch-64-nhid-0-inlayer-12;NORMAL;85,56;88,02;94,75;89,67;90,50;94,00;68,12;87,23
1304;allmpnet;CLS+MAX_SUM-3-11;two-tokens;CLS+MAX;SUM-3-11;4,00;torch.Size([61, 1536]);12,00;0,00;batch-64-nhid-0-inlayer-12;NORMAL;84,59;87,82;94,75;89,27;90,28;92,60;71,48;87,26
1305;allmpnet;CLS+AVG-NS_SUM-3-11;two-tokens;CLS+AVG-NS;SUM-3-11;4,00;torch.Size([61, 1536]);12,00;0,00;batch-64-nhid-0-inlayer-12;NORMAL;85,40;90,07;95,94;89,38;92,20;91,20;73,51;88,24
1306;allmpnet;CLS+SUM-NS_SUM-3-11;two-tokens;CLS+SUM-NS;SUM-3-11;4,00;torch.Size([61, 1536]);12,00;0,00;batch-64-nhid-0-inlayer-12;NORMAL;84,70;86,92;94,30;89,04;89,90;91,80;68,58;86,46
1307;allmpnet;CLS+MAX-NS_SUM-3-11;two-tokens;CLS+MAX-NS;SUM-3-11;4,00;torch.Size([61, 1536]);12,00;0,00;batch-64-nhid-0-inlayer-12;NORMAL;84,24;69,40;94,41;35,50;50,08;90,80;71,01;70,78
1308;allmpnet;AVG+SUM_SUM-3-11;two-tokens;AVG+SUM;SUM-3-11;4,00;torch.Size([61, 1536]);12,00;0,00;batch-64-nhid-0-inlayer-12;NORMAL;85,49;88,34;94,88;89,50;90,28;95,40;67,94;87,40
1309;allmpnet;AVG+MAX_SUM-3-11;two-tokens;AVG+MAX;SUM-3-11;4,00;torch.Size([61, 1536]);12,00;0,00;batch-64-nhid-0-inlayer-12;NORMAL;84,91;88,95;94,85;89,10;91,27;95,20;71,54;87,97
1310;allmpnet;AVG+AVG-NS_SUM-3-11;two-tokens;AVG+AVG-NS;SUM-3-11;4,00;torch.Size([61, 1536]);12,00;0,00;batch-64-nhid-0-inlayer-12;NORMAL;85,53;89,38;95,54;89,39;91,49;94,60;72,41;88,33
1311;allmpnet;AVG+SUM-NS_SUM-3-11;two-tokens;AVG+SUM-NS;SUM-3-11;4,00;torch.Size([61, 1536]);12,00;0,00;batch-64-nhid-0-inlayer-12;NORMAL;84,79;86,92;94,40;89,05;90,77;92,20;68,41;86,65
1312;allmpnet;AVG+MAX-NS_SUM-3-11;two-tokens;AVG+MAX-NS;SUM-3-11;4,00;torch.Size([61, 1536]);12,00;0,00;batch-64-nhid-0-inlayer-12;NORMAL;84,68;68,18;94,95;35,50;50,08;90,60;71,19;70,74
1313;allmpnet;SUM+MAX_SUM-3-11;two-tokens;SUM+MAX;SUM-3-11;4,00;torch.Size([61, 1536]);12,00;0,00;batch-64-nhid-0-inlayer-12;NORMAL;85,27;88,21;94,74;88,76;91,38;94,00;67,48;87,12
1314;allmpnet;SUM+AVG-NS_SUM-3-11;two-tokens;SUM+AVG-NS;SUM-3-11;4,00;torch.Size([61, 1536]);12,00;0,00;batch-64-nhid-0-inlayer-12;NORMAL;85,57;88,21;94,87;89,04;90,94;95,00;67,77;87,34
1315;allmpnet;SUM+SUM-NS_SUM-3-11;two-tokens;SUM+SUM-NS;SUM-3-11;4,00;torch.Size([61, 1536]);12,00;0,00;batch-64-nhid-0-inlayer-12;NORMAL;84,25;88,82;94,83;89,00;90,39;95,20;67,94;87,20
1316;allmpnet;SUM+MAX-NS_SUM-3-11;two-tokens;SUM+MAX-NS;SUM-3-11;4,00;torch.Size([61, 1536]);12,00;0,00;batch-64-nhid-0-inlayer-12;NORMAL;85,26;83,13;94,78;42,86;90,23;94,20;67,94;79,77
1317;allmpnet;MAX+AVG-NS_SUM-3-11;two-tokens;MAX+AVG-NS;SUM-3-11;4,00;torch.Size([61, 1536]);12,00;0,00;batch-64-nhid-0-inlayer-12;NORMAL;84,48;87,97;94,74;88,67;91,16;93,40;72,41;87,55
1318;allmpnet;MAX+SUM-NS_SUM-3-11;two-tokens;MAX+SUM-NS;SUM-3-11;4,00;torch.Size([61, 1536]);12,00;0,00;batch-64-nhid-0-inlayer-12;NORMAL;84,38;87,31;94,56;88,39;90,94;93,40;68,06;86,72
1319;allmpnet;MAX+MAX-NS_SUM-3-11;two-tokens;MAX+MAX-NS;SUM-3-11;4,00;torch.Size([61, 1536]);12,00;0,00;batch-64-nhid-0-inlayer-12;NORMAL;83,12;65,98;93,64;31,75;50,08;92,20;69,68;69,49
1320;allmpnet;AVG-NS+SUM-NS_SUM-3-11;two-tokens;AVG-NS+SUM-NS;SUM-3-11;4,00;torch.Size([61, 1536]);12,00;0,00;batch-64-nhid-0-inlayer-12;NORMAL;84,54;86,86;94,37;88,06;90,72;91,20;67,94;86,24
1321;allmpnet;AVG-NS+MAX-NS_SUM-3-11;two-tokens;AVG-NS+MAX-NS;SUM-3-11;4,00;torch.Size([61, 1536]);12,00;0,00;batch-64-nhid-0-inlayer-12;NORMAL;83,95;65,88;94,58;35,50;50,08;89,60;70,84;70,06
1322;allmpnet;SUM-NS+MAX-NS_SUM-3-11;two-tokens;SUM-NS+MAX-NS;SUM-3-11;4,00;torch.Size([61, 1536]);12,00;0,00;batch-64-nhid-0-inlayer-12;NORMAL;84,43;85,35;94,53;46,61;50,08;91,60;68,00;74,37
1323;allmpnet;CLS+AVG_SUM-4-12;two-tokens;CLS+AVG;SUM-4-12;4,00;torch.Size([61, 1536]);12,00;0,00;batch-64-nhid-0-inlayer-12;NORMAL;85,65;90,99;96,01;90,31;91,71;95,60;75,13;89,34
1324;allmpnet;CLS+SUM_SUM-4-12;two-tokens;CLS+SUM;SUM-4-12;4,00;torch.Size([61, 1536]);12,00;0,00;batch-64-nhid-0-inlayer-12;NORMAL;85,43;88,29;94,72;89,48;91,10;94,20;69,22;87,49
1325;allmpnet;CLS+MAX_SUM-4-12;two-tokens;CLS+MAX;SUM-4-12;4,00;torch.Size([61, 1536]);12,00;0,00;batch-64-nhid-0-inlayer-12;NORMAL;84,54;88,37;94,78;89,21;91,05;93,60;71,30;87,55
1326;allmpnet;CLS+AVG-NS_SUM-4-12;two-tokens;CLS+AVG-NS;SUM-4-12;4,00;torch.Size([61, 1536]);12,00;0,00;batch-64-nhid-0-inlayer-12;NORMAL;85,53;89,80;96,01;89,56;91,93;92,20;73,22;88,32
1327;allmpnet;CLS+SUM-NS_SUM-4-12;two-tokens;CLS+SUM-NS;SUM-4-12;4,00;torch.Size([61, 1536]);12,00;0,00;batch-64-nhid-0-inlayer-12;NORMAL;84,96;86,73;94,62;89,05;90,83;91,40;68,70;86,61
1328;allmpnet;CLS+MAX-NS_SUM-4-12;two-tokens;CLS+MAX-NS;SUM-4-12;4,00;torch.Size([61, 1536]);12,00;0,00;batch-64-nhid-0-inlayer-12;NORMAL;84,42;69,30;94,49;35,50;50,08;90,00;71,13;70,70
1329;allmpnet;AVG+SUM_SUM-4-12;two-tokens;AVG+SUM;SUM-4-12;4,00;torch.Size([61, 1536]);12,00;0,00;batch-64-nhid-0-inlayer-12;NORMAL;85,26;88,27;94,72;89,59;90,83;94,20;68,46;87,33
1330;allmpnet;AVG+MAX_SUM-4-12;two-tokens;AVG+MAX;SUM-4-12;4,00;torch.Size([61, 1536]);12,00;0,00;batch-64-nhid-0-inlayer-12;NORMAL;84,87;88,85;94,81;89,42;91,49;94,80;73,33;88,22
1331;allmpnet;AVG+AVG-NS_SUM-4-12;two-tokens;AVG+AVG-NS;SUM-4-12;4,00;torch.Size([61, 1536]);12,00;0,00;batch-64-nhid-0-inlayer-12;NORMAL;85,44;90,04;95,55;89,11;91,10;95,00;73,16;88,49
1332;allmpnet;AVG+SUM-NS_SUM-4-12;two-tokens;AVG+SUM-NS;SUM-4-12;4,00;torch.Size([61, 1536]);12,00;0,00;batch-64-nhid-0-inlayer-12;NORMAL;85,05;87,26;94,63;89,22;90,94;91,80;68,41;86,76
1333;allmpnet;AVG+MAX-NS_SUM-4-12;two-tokens;AVG+MAX-NS;SUM-4-12;4,00;torch.Size([61, 1536]);12,00;0,00;batch-64-nhid-0-inlayer-12;NORMAL;84,49;70,04;94,91;35,50;50,08;92,20;71,94;71,31
1334;allmpnet;SUM+MAX_SUM-4-12;two-tokens;SUM+MAX;SUM-4-12;4,00;torch.Size([61, 1536]);12,00;0,00;batch-64-nhid-0-inlayer-12;NORMAL;85,23;88,56;94,68;88,77;91,16;94,00;68,70;87,30
1335;allmpnet;SUM+AVG-NS_SUM-4-12;two-tokens;SUM+AVG-NS;SUM-4-12;4,00;torch.Size([61, 1536]);12,00;0,00;batch-64-nhid-0-inlayer-12;NORMAL;85,41;88,42;94,69;88,82;90,61;94,20;69,22;87,34
1336;allmpnet;SUM+SUM-NS_SUM-4-12;two-tokens;SUM+SUM-NS;SUM-4-12;4,00;torch.Size([61, 1536]);12,00;0,00;batch-64-nhid-0-inlayer-12;NORMAL;84,57;88,90;94,78;88,71;90,55;95,20;69,28;87,43
1337;allmpnet;SUM+MAX-NS_SUM-4-12;two-tokens;SUM+MAX-NS;SUM-4-12;4,00;torch.Size([61, 1536]);12,00;0,00;batch-64-nhid-0-inlayer-12;NORMAL;85,31;84,90;94,66;42,86;90,17;93,80;68,29;80,00
1338;allmpnet;MAX+AVG-NS_SUM-4-12;two-tokens;MAX+AVG-NS;SUM-4-12;4,00;torch.Size([61, 1536]);12,00;0,00;batch-64-nhid-0-inlayer-12;NORMAL;84,52;88,64;94,67;89,11;91,54;93,60;72,06;87,73
1339;allmpnet;MAX+SUM-NS_SUM-4-12;two-tokens;MAX+SUM-NS;SUM-4-12;4,00;torch.Size([61, 1536]);12,00;0,00;batch-64-nhid-0-inlayer-12;NORMAL;85,05;87,44;94,67;88,27;90,39;93,00;68,99;86,83
1340;allmpnet;MAX+MAX-NS_SUM-4-12;two-tokens;MAX+MAX-NS;SUM-4-12;4,00;torch.Size([61, 1536]);12,00;0,00;batch-64-nhid-0-inlayer-12;NORMAL;83,39;69,40;93,70;35,50;50,08;92,40;70,84;70,76
1341;allmpnet;AVG-NS+SUM-NS_SUM-4-12;two-tokens;AVG-NS+SUM-NS;SUM-4-12;4,00;torch.Size([61, 1536]);12,00;0,00;batch-64-nhid-0-inlayer-12;NORMAL;84,99;87,05;94,43;88,02;90,66;91,00;68,93;86,44
1342;allmpnet;AVG-NS+MAX-NS_SUM-4-12;two-tokens;AVG-NS+MAX-NS;SUM-4-12;4,00;torch.Size([61, 1536]);12,00;0,00;batch-64-nhid-0-inlayer-12;NORMAL;84,18;69,69;94,71;35,50;50,08;88,80;71,83;70,68
1343;allmpnet;SUM-NS+MAX-NS_SUM-4-12;two-tokens;SUM-NS+MAX-NS;SUM-4-12;4,00;torch.Size([61, 1536]);12,00;0,00;batch-64-nhid-0-inlayer-12;NORMAL;84,76;81,64;94,51;46,61;50,08;92,40;69,16;74,17
1344;allmpnet;CLS+AVG_SUM-1-10;two-tokens;CLS+AVG;SUM-1-10;4,00;torch.Size([61, 1536]);12,00;0,00;batch-64-nhid-0-inlayer-12;NORMAL;85,62;91,15;96,14;90,59;91,32;94,60;75,42;89,26
1345;allmpnet;CLS+SUM_SUM-1-10;two-tokens;CLS+SUM;SUM-1-10;4,00;torch.Size([61, 1536]);12,00;0,00;batch-64-nhid-0-inlayer-12;NORMAL;85,02;88,48;94,57;89,63;90,28;94,20;67,19;87,05
1346;allmpnet;CLS+MAX_SUM-1-10;two-tokens;CLS+MAX;SUM-1-10;4,00;torch.Size([61, 1536]);12,00;0,00;batch-64-nhid-0-inlayer-12;NORMAL;84,56;87,26;94,72;89,33;89,84;91,80;70,84;86,91
1347;allmpnet;CLS+AVG-NS_SUM-1-10;two-tokens;CLS+AVG-NS;SUM-1-10;4,00;torch.Size([61, 1536]);12,00;0,00;batch-64-nhid-0-inlayer-12;NORMAL;85,34;89,86;95,95;89,54;91,38;91,20;72,41;87,95
1348;allmpnet;CLS+SUM-NS_SUM-1-10;two-tokens;CLS+SUM-NS;SUM-1-10;4,00;torch.Size([61, 1536]);12,00;0,00;batch-64-nhid-0-inlayer-12;NORMAL;84,18;86,54;94,39;88,91;89,90;89,20;67,54;85,81
1349;allmpnet;CLS+MAX-NS_SUM-1-10;two-tokens;CLS+MAX-NS;SUM-1-10;4,00;torch.Size([61, 1536]);12,00;0,00;batch-64-nhid-0-inlayer-12;NORMAL;83,96;67,50;94,67;35,50;50,08;88,40;68,87;69,85
1350;allmpnet;AVG+SUM_SUM-1-10;two-tokens;AVG+SUM;SUM-1-10;4,00;torch.Size([61, 1536]);12,00;0,00;batch-64-nhid-0-inlayer-12;NORMAL;85,00;88,11;94,73;89,69;90,55;93,60;67,07;86,96
1351;allmpnet;AVG+MAX_SUM-1-10;two-tokens;AVG+MAX;SUM-1-10;4,00;torch.Size([61, 1536]);12,00;0,00;batch-64-nhid-0-inlayer-12;NORMAL;84,68;88,85;94,87;88,84;91,05;94,20;72,35;87,83
1352;allmpnet;AVG+AVG-NS_SUM-1-10;two-tokens;AVG+AVG-NS;SUM-1-10;4,00;torch.Size([61, 1536]);12,00;0,00;batch-64-nhid-0-inlayer-12;NORMAL;84,88;89,27;95,73;89,40;91,32;93,80;73,22;88,23
1353;allmpnet;AVG+SUM-NS_SUM-1-10;two-tokens;AVG+SUM-NS;SUM-1-10;4,00;torch.Size([61, 1536]);12,00;0,00;batch-64-nhid-0-inlayer-12;NORMAL;84,20;86,65;94,37;89,19;90,55;90,80;67,36;86,16
1354;allmpnet;AVG+MAX-NS_SUM-1-10;two-tokens;AVG+MAX-NS;SUM-1-10;4,00;torch.Size([61, 1536]);12,00;0,00;batch-64-nhid-0-inlayer-12;NORMAL;84,84;66,28;95,04;35,50;50,08;91,00;70,78;70,50
1355;allmpnet;SUM+MAX_SUM-1-10;two-tokens;SUM+MAX;SUM-1-10;4,00;torch.Size([61, 1536]);12,00;0,00;batch-64-nhid-0-inlayer-12;NORMAL;84,80;88,48;95,04;89,00;90,39;93,80;67,07;86,94
1356;allmpnet;SUM+AVG-NS_SUM-1-10;two-tokens;SUM+AVG-NS;SUM-1-10;4,00;torch.Size([61, 1536]);12,00;0,00;batch-64-nhid-0-inlayer-12;NORMAL;85,06;88,34;94,70;89,10;90,66;93,80;66,84;86,93
1357;allmpnet;SUM+SUM-NS_SUM-1-10;two-tokens;SUM+SUM-NS;SUM-1-10;4,00;torch.Size([61, 1536]);12,00;0,00;batch-64-nhid-0-inlayer-12;NORMAL;84,57;88,32;95,15;89,07;90,12;94,40;67,65;87,04
1358;allmpnet;SUM+MAX-NS_SUM-1-10;two-tokens;SUM+MAX-NS;SUM-1-10;4,00;torch.Size([61, 1536]);12,00;0,00;batch-64-nhid-0-inlayer-12;NORMAL;84,63;78,97;94,95;42,86;86,82;94,40;68,00;78,66
1359;allmpnet;MAX+AVG-NS_SUM-1-10;two-tokens;MAX+AVG-NS;SUM-1-10;4,00;torch.Size([61, 1536]);12,00;0,00;batch-64-nhid-0-inlayer-12;NORMAL;84,01;87,81;94,67;88,13;90,99;92,80;71,59;87,14
1360;allmpnet;MAX+SUM-NS_SUM-1-10;two-tokens;MAX+SUM-NS;SUM-1-10;4,00;torch.Size([61, 1536]);12,00;0,00;batch-64-nhid-0-inlayer-12;NORMAL;83,98;86,99;94,53;87,97;90,39;91,80;67,65;86,19
1361;allmpnet;MAX+MAX-NS_SUM-1-10;two-tokens;MAX+MAX-NS;SUM-1-10;4,00;torch.Size([61, 1536]);12,00;0,00;batch-64-nhid-0-inlayer-12;NORMAL;82,79;66,06;93,35;35,44;50,08;93,00;69,39;70,02
1362;allmpnet;AVG-NS+SUM-NS_SUM-1-10;two-tokens;AVG-NS+SUM-NS;SUM-1-10;4,00;torch.Size([61, 1536]);12,00;0,00;batch-64-nhid-0-inlayer-12;NORMAL;84,00;86,65;94,44;88,34;90,61;89,60;66,96;85,80
1363;allmpnet;AVG-NS+MAX-NS_SUM-1-10;two-tokens;AVG-NS+MAX-NS;SUM-1-10;4,00;torch.Size([61, 1536]);12,00;0,00;batch-64-nhid-0-inlayer-12;NORMAL;83,76;69,40;94,50;35,50;50,08;89,40;70,61;70,46
1364;allmpnet;SUM-NS+MAX-NS_SUM-1-10;two-tokens;SUM-NS+MAX-NS;SUM-1-10;4,00;torch.Size([61, 1536]);12,00;0,00;batch-64-nhid-0-inlayer-12;NORMAL;83,76;85,06;94,49;46,61;50,08;91,00;67,42;74,06
1365;allmpnet;CLS+AVG_SUM-2-11;two-tokens;CLS+AVG;SUM-2-11;4,00;torch.Size([61, 1536]);12,00;0,00;batch-64-nhid-0-inlayer-12;NORMAL;85,62;90,78;96,10;90,35;91,60;94,40;75,48;89,19
1366;allmpnet;CLS+SUM_SUM-2-11;two-tokens;CLS+SUM;SUM-2-11;4,00;torch.Size([61, 1536]);12,00;0,00;batch-64-nhid-0-inlayer-12;NORMAL;85,37;88,24;94,77;89,73;90,55;94,00;67,48;87,16
1367;allmpnet;CLS+MAX_SUM-2-11;two-tokens;CLS+MAX;SUM-2-11;4,00;torch.Size([61, 1536]);12,00;0,00;batch-64-nhid-0-inlayer-12;NORMAL;84,60;87,52;94,99;89,38;90,39;92,80;70,78;87,21
1368;allmpnet;CLS+AVG-NS_SUM-2-11;two-tokens;CLS+AVG-NS;SUM-2-11;4,00;torch.Size([61, 1536]);12,00;0,00;batch-64-nhid-0-inlayer-12;NORMAL;85,33;89,78;95,90;89,52;91,98;91,00;72,46;88,00
1369;allmpnet;CLS+SUM-NS_SUM-2-11;two-tokens;CLS+SUM-NS;SUM-2-11;4,00;torch.Size([61, 1536]);12,00;0,00;batch-64-nhid-0-inlayer-12;NORMAL;84,67;87,15;94,44;88,90;90,28;90,00;68,75;86,31
1370;allmpnet;CLS+MAX-NS_SUM-2-11;two-tokens;CLS+MAX-NS;SUM-2-11;4,00;torch.Size([61, 1536]);12,00;0,00;batch-64-nhid-0-inlayer-12;NORMAL;84,46;69,24;94,64;35,50;50,08;90,00;69,04;70,42
1371;allmpnet;AVG+SUM_SUM-2-11;two-tokens;AVG+SUM;SUM-2-11;4,00;torch.Size([61, 1536]);12,00;0,00;batch-64-nhid-0-inlayer-12;NORMAL;85,25;88,27;94,65;89,59;90,61;93,00;67,30;86,95
1372;allmpnet;AVG+MAX_SUM-2-11;two-tokens;AVG+MAX;SUM-2-11;4,00;torch.Size([61, 1536]);12,00;0,00;batch-64-nhid-0-inlayer-12;NORMAL;84,94;88,61;95,02;89,21;91,60;94,60;72,29;88,04
1373;allmpnet;AVG+AVG-NS_SUM-2-11;two-tokens;AVG+AVG-NS;SUM-2-11;4,00;torch.Size([61, 1536]);12,00;0,00;batch-64-nhid-0-inlayer-12;NORMAL;85,33;89,48;95,51;89,48;91,71;94,20;72,17;88,27
1374;allmpnet;AVG+SUM-NS_SUM-2-11;two-tokens;AVG+SUM-NS;SUM-2-11;4,00;torch.Size([61, 1536]);12,00;0,00;batch-64-nhid-0-inlayer-12;NORMAL;84,57;87,31;94,41;89,22;90,83;90,80;68,12;86,47
1375;allmpnet;AVG+MAX-NS_SUM-2-11;two-tokens;AVG+MAX-NS;SUM-2-11;4,00;torch.Size([61, 1536]);12,00;0,00;batch-64-nhid-0-inlayer-12;NORMAL;84,94;67,60;95,02;35,50;50,08;92,00;71,94;71,01
1376;allmpnet;SUM+MAX_SUM-2-11;two-tokens;SUM+MAX;SUM-2-11;4,00;torch.Size([61, 1536]);12,00;0,00;batch-64-nhid-0-inlayer-12;NORMAL;85,13;88,69;94,83;89,13;90,55;92,60;67,54;86,92
1377;allmpnet;SUM+AVG-NS_SUM-2-11;two-tokens;SUM+AVG-NS;SUM-2-11;4,00;torch.Size([61, 1536]);12,00;0,00;batch-64-nhid-0-inlayer-12;NORMAL;85,38;88,48;94,79;89,08;91,21;94,80;66,90;87,23
1378;allmpnet;SUM+SUM-NS_SUM-2-11;two-tokens;SUM+SUM-NS;SUM-2-11;4,00;torch.Size([61, 1536]);12,00;0,00;batch-64-nhid-0-inlayer-12;NORMAL;84,42;88,85;95,02;88,94;90,01;95,20;68,12;87,22
1379;allmpnet;SUM+MAX-NS_SUM-2-11;two-tokens;SUM+MAX-NS;SUM-2-11;4,00;torch.Size([61, 1536]);12,00;0,00;batch-64-nhid-0-inlayer-12;NORMAL;85,07;84,96;94,81;43,08;89,24;93,80;67,36;79,76
1380;allmpnet;MAX+AVG-NS_SUM-2-11;two-tokens;MAX+AVG-NS;SUM-2-11;4,00;torch.Size([61, 1536]);12,00;0,00;batch-64-nhid-0-inlayer-12;NORMAL;84,34;87,90;94,88;88,66;90,88;94,40;71,94;87,57
1381;allmpnet;MAX+SUM-NS_SUM-2-11;two-tokens;MAX+SUM-NS;SUM-2-11;4,00;torch.Size([61, 1536]);12,00;0,00;batch-64-nhid-0-inlayer-12;NORMAL;84,27;87,73;94,48;88,46;90,55;92,40;68,52;86,63
1382;allmpnet;MAX+MAX-NS_SUM-2-11;two-tokens;MAX+MAX-NS;SUM-2-11;4,00;torch.Size([61, 1536]);12,00;0,00;batch-64-nhid-0-inlayer-12;NORMAL;83,21;67,70;93,79;35,44;50,08;93,20;68,99;70,34
1383;allmpnet;AVG-NS+SUM-NS_SUM-2-11;two-tokens;AVG-NS+SUM-NS;SUM-2-11;4,00;torch.Size([61, 1536]);12,00;0,00;batch-64-nhid-0-inlayer-12;NORMAL;84,39;87,02;94,41;88,16;90,83;90,20;68,12;86,16
1384;allmpnet;AVG-NS+MAX-NS_SUM-2-11;two-tokens;AVG-NS+MAX-NS;SUM-2-11;4,00;torch.Size([61, 1536]);12,00;0,00;batch-64-nhid-0-inlayer-12;NORMAL;84,16;69,61;94,61;35,50;50,08;90,40;71,71;70,87
1385;allmpnet;SUM-NS+MAX-NS_SUM-2-11;two-tokens;SUM-NS+MAX-NS;SUM-2-11;4,00;torch.Size([61, 1536]);12,00;0,00;batch-64-nhid-0-inlayer-12;NORMAL;83,98;83,36;94,46;46,61;50,08;91,40;68,06;73,99
1386;allmpnet;CLS+AVG_SUM-3-12;two-tokens;CLS+AVG;SUM-3-12;4,00;torch.Size([61, 1536]);12,00;0,00;batch-64-nhid-0-inlayer-12;NORMAL;85,74;90,91;96,04;90,32;91,76;94,60;74,61;89,14
1387;allmpnet;CLS+SUM_SUM-3-12;two-tokens;CLS+SUM;SUM-3-12;4,00;torch.Size([61, 1536]);12,00;0,00;batch-64-nhid-0-inlayer-12;NORMAL;85,41;88,34;94,70;89,68;90,83;94,40;68,75;87,44
1388;allmpnet;CLS+MAX_SUM-3-12;two-tokens;CLS+MAX;SUM-3-12;4,00;torch.Size([61, 1536]);12,00;0,00;batch-64-nhid-0-inlayer-12;NORMAL;84,58;88,27;94,80;89,12;90,44;93,20;70,96;87,34
1389;allmpnet;CLS+AVG-NS_SUM-3-12;two-tokens;CLS+AVG-NS;SUM-3-12;4,00;torch.Size([61, 1536]);12,00;0,00;batch-64-nhid-0-inlayer-12;NORMAL;85,43;89,75;95,92;89,42;91,98;92,00;72,99;88,21
1390;allmpnet;CLS+SUM-NS_SUM-3-12;two-tokens;CLS+SUM-NS;SUM-3-12;4,00;torch.Size([61, 1536]);12,00;0,00;batch-64-nhid-0-inlayer-12;NORMAL;84,87;86,57;94,52;89,12;90,39;90,60;68,17;86,32
1391;allmpnet;CLS+MAX-NS_SUM-3-12;two-tokens;CLS+MAX-NS;SUM-3-12;4,00;torch.Size([61, 1536]);12,00;0,00;batch-64-nhid-0-inlayer-12;NORMAL;84,06;66,12;94,67;35,50;50,08;91,20;71,42;70,44
1392;allmpnet;AVG+SUM_SUM-3-12;two-tokens;AVG+SUM;SUM-3-12;4,00;torch.Size([61, 1536]);12,00;0,00;batch-64-nhid-0-inlayer-12;NORMAL;85,31;88,34;94,72;89,68;90,72;94,40;68,17;87,33
1393;allmpnet;AVG+MAX_SUM-3-12;two-tokens;AVG+MAX;SUM-3-12;4,00;torch.Size([61, 1536]);12,00;0,00;batch-64-nhid-0-inlayer-12;NORMAL;84,70;88,90;94,81;89,23;91,43;94,40;71,48;87,85
1394;allmpnet;AVG+AVG-NS_SUM-3-12;two-tokens;AVG+AVG-NS;SUM-3-12;4,00;torch.Size([61, 1536]);12,00;0,00;batch-64-nhid-0-inlayer-12;NORMAL;85,15;89,64;95,55;89,35;91,32;95,40;73,74;88,59
1395;allmpnet;AVG+SUM-NS_SUM-3-12;two-tokens;AVG+SUM-NS;SUM-3-12;4,00;torch.Size([61, 1536]);12,00;0,00;batch-64-nhid-0-inlayer-12;NORMAL;85,01;86,57;94,43;89,16;90,61;91,80;68,35;86,56
1396;allmpnet;AVG+MAX-NS_SUM-3-12;two-tokens;AVG+MAX-NS;SUM-3-12;4,00;torch.Size([61, 1536]);12,00;0,00;batch-64-nhid-0-inlayer-12;NORMAL;85,11;65,93;94,94;35,50;50,08;92,00;72,06;70,80
1397;allmpnet;SUM+MAX_SUM-3-12;two-tokens;SUM+MAX;SUM-3-12;4,00;torch.Size([61, 1536]);12,00;0,00;batch-64-nhid-0-inlayer-12;NORMAL;85,42;88,32;94,69;88,84;91,16;93,60;68,41;87,21
1398;allmpnet;SUM+AVG-NS_SUM-3-12;two-tokens;SUM+AVG-NS;SUM-3-12;4,00;torch.Size([61, 1536]);12,00;0,00;batch-64-nhid-0-inlayer-12;NORMAL;85,23;88,24;94,65;88,95;90,83;95,00;67,94;87,26
1399;allmpnet;SUM+SUM-NS_SUM-3-12;two-tokens;SUM+SUM-NS;SUM-3-12;4,00;torch.Size([61, 1536]);12,00;0,00;batch-64-nhid-0-inlayer-12;NORMAL;84,58;89,09;94,75;88,96;90,17;95,00;68,35;87,27
1400;allmpnet;SUM+MAX-NS_SUM-3-12;two-tokens;SUM+MAX-NS;SUM-3-12;4,00;torch.Size([61, 1536]);12,00;0,00;batch-64-nhid-0-inlayer-12;NORMAL;85,29;85,40;94,65;44,02;89,57;94,80;67,54;80,18
1401;allmpnet;MAX+AVG-NS_SUM-3-12;two-tokens;MAX+AVG-NS;SUM-3-12;4,00;torch.Size([61, 1536]);12,00;0,00;batch-64-nhid-0-inlayer-12;NORMAL;84,26;88,21;94,83;88,68;91,27;93,60;72,12;87,57
1402;allmpnet;MAX+SUM-NS_SUM-3-12;two-tokens;MAX+SUM-NS;SUM-3-12;4,00;torch.Size([61, 1536]);12,00;0,00;batch-64-nhid-0-inlayer-12;NORMAL;84,62;87,47;94,69;88,32;90,61;93,20;69,97;86,98
1403;allmpnet;MAX+MAX-NS_SUM-3-12;two-tokens;MAX+MAX-NS;SUM-3-12;4,00;torch.Size([61, 1536]);12,00;0,00;batch-64-nhid-0-inlayer-12;NORMAL;83,41;65,93;93,77;31,75;50,08;93,00;69,33;69,61
1404;allmpnet;AVG-NS+SUM-NS_SUM-3-12;two-tokens;AVG-NS+SUM-NS;SUM-3-12;4,00;torch.Size([61, 1536]);12,00;0,00;batch-64-nhid-0-inlayer-12;NORMAL;84,81;86,91;94,33;88,05;91,16;91,00;68,35;86,37
1405;allmpnet;AVG-NS+MAX-NS_SUM-3-12;two-tokens;AVG-NS+MAX-NS;SUM-3-12;4,00;torch.Size([61, 1536]);12,00;0,00;batch-64-nhid-0-inlayer-12;NORMAL;84,34;69,59;94,50;35,50;50,08;90,40;71,48;70,84
1406;allmpnet;SUM-NS+MAX-NS_SUM-3-12;two-tokens;SUM-NS+MAX-NS;SUM-3-12;4,00;torch.Size([61, 1536]);12,00;0,00;batch-64-nhid-0-inlayer-12;NORMAL;84,53;82,41;94,53;46,61;50,08;92,60;68,35;74,16
1407;allmpnet;CLS+AVG_SUM-1-11;two-tokens;CLS+AVG;SUM-1-11;4,00;torch.Size([61, 1536]);12,00;0,00;batch-64-nhid-0-inlayer-12;NORMAL;85,84;90,68;96,15;90,71;92,15;94,80;75,19;89,36
1408;allmpnet;CLS+SUM_SUM-1-11;two-tokens;CLS+SUM;SUM-1-11;4,00;torch.Size([61, 1536]);12,00;0,00;batch-64-nhid-0-inlayer-12;NORMAL;85,17;88,18;94,71;89,66;90,55;93,80;66,61;86,95
1409;allmpnet;CLS+MAX_SUM-1-11;two-tokens;CLS+MAX;SUM-1-11;4,00;torch.Size([61, 1536]);12,00;0,00;batch-64-nhid-0-inlayer-12;NORMAL;84,44;87,47;94,84;89,38;90,06;93,00;70,49;87,10
1410;allmpnet;CLS+AVG-NS_SUM-1-11;two-tokens;CLS+AVG-NS;SUM-1-11;4,00;torch.Size([61, 1536]);12,00;0,00;batch-64-nhid-0-inlayer-12;NORMAL;85,37;90,09;95,88;89,52;91,65;90,80;72,41;87,96
1411;allmpnet;CLS+SUM-NS_SUM-1-11;two-tokens;CLS+SUM-NS;SUM-1-11;4,00;torch.Size([61, 1536]);12,00;0,00;batch-64-nhid-0-inlayer-12;NORMAL;84,50;86,83;94,55;89,01;90,06;89,40;68,00;86,05
1412;allmpnet;CLS+MAX-NS_SUM-1-11;two-tokens;CLS+MAX-NS;SUM-1-11;4,00;torch.Size([61, 1536]);12,00;0,00;batch-64-nhid-0-inlayer-12;NORMAL;84,15;66,06;94,54;35,50;50,08;90,00;69,16;69,93
1413;allmpnet;AVG+SUM_SUM-1-11;two-tokens;AVG+SUM;SUM-1-11;4,00;torch.Size([61, 1536]);12,00;0,00;batch-64-nhid-0-inlayer-12;NORMAL;85,16;88,40;94,78;89,52;90,50;94,60;67,07;87,15
1414;allmpnet;AVG+MAX_SUM-1-11;two-tokens;AVG+MAX;SUM-1-11;4,00;torch.Size([61, 1536]);12,00;0,00;batch-64-nhid-0-inlayer-12;NORMAL;84,68;88,80;94,90;88,91;91,32;94,80;71,83;87,89
1415;allmpnet;AVG+AVG-NS_SUM-1-11;two-tokens;AVG+AVG-NS;SUM-1-11;4,00;torch.Size([61, 1536]);12,00;0,00;batch-64-nhid-0-inlayer-12;NORMAL;85,01;89,35;95,58;89,38;91,38;93,60;72,58;88,13
1416;allmpnet;AVG+SUM-NS_SUM-1-11;two-tokens;AVG+SUM-NS;SUM-1-11;4,00;torch.Size([61, 1536]);12,00;0,00;batch-64-nhid-0-inlayer-12;NORMAL;84,47;87,20;94,36;89,12;90,66;90,00;68,35;86,31
1417;allmpnet;AVG+MAX-NS_SUM-1-11;two-tokens;AVG+MAX-NS;SUM-1-11;4,00;torch.Size([61, 1536]);12,00;0,00;batch-64-nhid-0-inlayer-12;NORMAL;84,54;69,77;95,03;35,50;50,08;93,80;70,49;71,32
1418;allmpnet;SUM+MAX_SUM-1-11;two-tokens;SUM+MAX;SUM-1-11;4,00;torch.Size([61, 1536]);12,00;0,00;batch-64-nhid-0-inlayer-12;NORMAL;84,98;88,40;94,92;89,09;90,61;94,00;67,54;87,08
1419;allmpnet;SUM+AVG-NS_SUM-1-11;two-tokens;SUM+AVG-NS;SUM-1-11;4,00;torch.Size([61, 1536]);12,00;0,00;batch-64-nhid-0-inlayer-12;NORMAL;85,22;88,16;94,86;89,13;90,94;93,60;66,20;86,87
1420;allmpnet;SUM+SUM-NS_SUM-1-11;two-tokens;SUM+SUM-NS;SUM-1-11;4,00;torch.Size([61, 1536]);12,00;0,00;batch-64-nhid-0-inlayer-12;NORMAL;84,44;88,85;94,98;89,04;90,28;94,40;67,48;87,07
1421;allmpnet;SUM+MAX-NS_SUM-1-11;two-tokens;SUM+MAX-NS;SUM-1-11;4,00;torch.Size([61, 1536]);12,00;0,00;batch-64-nhid-0-inlayer-12;NORMAL;84,97;87,42;94,82;42,86;89,57;94,80;67,59;80,29
1422;allmpnet;MAX+AVG-NS_SUM-1-11;two-tokens;MAX+AVG-NS;SUM-1-11;4,00;torch.Size([61, 1536]);12,00;0,00;batch-64-nhid-0-inlayer-12;NORMAL;84,33;87,89;94,75;88,37;90,88;92,60;71,36;87,17
1423;allmpnet;MAX+SUM-NS_SUM-1-11;two-tokens;MAX+SUM-NS;SUM-1-11;4,00;torch.Size([61, 1536]);12,00;0,00;batch-64-nhid-0-inlayer-12;NORMAL;84,34;87,26;94,58;88,24;90,39;92,00;68,06;86,41
1424;allmpnet;MAX+MAX-NS_SUM-1-11;two-tokens;MAX+MAX-NS;SUM-1-11;4,00;torch.Size([61, 1536]);12,00;0,00;batch-64-nhid-0-inlayer-12;NORMAL;83,23;66,01;93,43;46,61;50,08;93,20;70,67;71,89
1425;allmpnet;AVG-NS+SUM-NS_SUM-1-11;two-tokens;AVG-NS+SUM-NS;SUM-1-11;4,00;torch.Size([61, 1536]);12,00;0,00;batch-64-nhid-0-inlayer-12;NORMAL;84,28;87,13;94,50;88,24;90,55;90,00;68,06;86,11
1426;allmpnet;AVG-NS+MAX-NS_SUM-1-11;two-tokens;AVG-NS+MAX-NS;SUM-1-11;4,00;torch.Size([61, 1536]);12,00;0,00;batch-64-nhid-0-inlayer-12;NORMAL;84,12;67,97;94,45;35,50;50,08;90,40;70,20;70,39
1427;allmpnet;SUM-NS+MAX-NS_SUM-1-11;two-tokens;SUM-NS+MAX-NS;SUM-1-11;4,00;torch.Size([61, 1536]);12,00;0,00;batch-64-nhid-0-inlayer-12;NORMAL;83,95;81,53;94,52;46,61;50,08;90,20;68,17;73,58
1428;allmpnet;CLS+AVG_SUM-2-12;two-tokens;CLS+AVG;SUM-2-12;4,00;torch.Size([61, 1536]);12,00;0,00;batch-64-nhid-0-inlayer-12;NORMAL;85,43;90,89;96,01;90,33;91,71;94,00;74,67;89,01
1429;allmpnet;CLS+SUM_SUM-2-12;two-tokens;CLS+SUM;SUM-2-12;4,00;torch.Size([61, 1536]);12,00;0,00;batch-64-nhid-0-inlayer-12;NORMAL;84,97;88,13;94,61;89,56;90,44;94,40;67,88;87,14
1430;allmpnet;CLS+MAX_SUM-2-12;two-tokens;CLS+MAX;SUM-2-12;4,00;torch.Size([61, 1536]);12,00;0,00;batch-64-nhid-0-inlayer-12;NORMAL;84,86;88,13;94,88;89,32;90,66;93,20;71,83;87,55
1431;allmpnet;CLS+AVG-NS_SUM-2-12;two-tokens;CLS+AVG-NS;SUM-2-12;4,00;torch.Size([61, 1536]);12,00;0,00;batch-64-nhid-0-inlayer-12;NORMAL;85,55;89,80;95,90;89,55;91,87;91,80;72,87;88,19
1432;allmpnet;CLS+SUM-NS_SUM-2-12;two-tokens;CLS+SUM-NS;SUM-2-12;4,00;torch.Size([61, 1536]);12,00;0,00;batch-64-nhid-0-inlayer-12;NORMAL;84,81;86,44;94,34;88,96;90,33;89,20;68,41;86,07
1433;allmpnet;CLS+MAX-NS_SUM-2-12;two-tokens;CLS+MAX-NS;SUM-2-12;4,00;torch.Size([61, 1536]);12,00;0,00;batch-64-nhid-0-inlayer-12;NORMAL;84,42;66,04;94,67;35,50;50,08;90,40;70,14;70,18
1434;allmpnet;AVG+SUM_SUM-2-12;two-tokens;AVG+SUM;SUM-2-12;4,00;torch.Size([61, 1536]);12,00;0,00;batch-64-nhid-0-inlayer-12;NORMAL;85,09;88,16;94,60;89,54;90,88;94,40;66,84;87,07
1435;allmpnet;AVG+MAX_SUM-2-12;two-tokens;AVG+MAX;SUM-2-12;4,00;torch.Size([61, 1536]);12,00;0,00;batch-64-nhid-0-inlayer-12;NORMAL;84,64;88,79;95,04;88,94;91,16;94,60;72,17;87,91
1436;allmpnet;AVG+AVG-NS_SUM-2-12;two-tokens;AVG+AVG-NS;SUM-2-12;4,00;torch.Size([61, 1536]);12,00;0,00;batch-64-nhid-0-inlayer-12;NORMAL;85,12;89,56;95,39;89,54;91,54;94,60;73,39;88,45
1437;allmpnet;AVG+SUM-NS_SUM-2-12;two-tokens;AVG+SUM-NS;SUM-2-12;4,00;torch.Size([61, 1536]);12,00;0,00;batch-64-nhid-0-inlayer-12;NORMAL;84,75;86,76;94,44;89,19;90,72;90,60;67,42;86,27
1438;allmpnet;AVG+MAX-NS_SUM-2-12;two-tokens;AVG+MAX-NS;SUM-2-12;4,00;torch.Size([61, 1536]);12,00;0,00;batch-64-nhid-0-inlayer-12;NORMAL;84,89;66,25;94,97;35,50;50,08;92,20;72,35;70,89
1439;allmpnet;SUM+MAX_SUM-2-12;two-tokens;SUM+MAX;SUM-2-12;4,00;torch.Size([61, 1536]);12,00;0,00;batch-64-nhid-0-inlayer-12;NORMAL;85,11;88,56;94,61;88,82;90,94;93,80;67,30;87,02
1440;allmpnet;SUM+AVG-NS_SUM-2-12;two-tokens;SUM+AVG-NS;SUM-2-12;4,00;torch.Size([61, 1536]);12,00;0,00;batch-64-nhid-0-inlayer-12;NORMAL;85,04;88,37;94,59;89,21;90,99;94,60;67,65;87,21
1441;allmpnet;SUM+SUM-NS_SUM-2-12;two-tokens;SUM+SUM-NS;SUM-2-12;4,00;torch.Size([61, 1536]);12,00;0,00;batch-64-nhid-0-inlayer-12;NORMAL;84,37;88,64;94,74;88,90;90,28;94,60;68,06;87,08
1442;allmpnet;SUM+MAX-NS_SUM-2-12;two-tokens;SUM+MAX-NS;SUM-2-12;4,00;torch.Size([61, 1536]);12,00;0,00;batch-64-nhid-0-inlayer-12;NORMAL;85,01;82,78;94,65;42,86;89,84;94,20;68,23;79,65
1443;allmpnet;MAX+AVG-NS_SUM-2-12;two-tokens;MAX+AVG-NS;SUM-2-12;4,00;torch.Size([61, 1536]);12,00;0,00;batch-64-nhid-0-inlayer-12;NORMAL;84,45;87,95;94,82;88,61;91,10;93,80;70,55;87,33
1444;allmpnet;MAX+SUM-NS_SUM-2-12;two-tokens;MAX+SUM-NS;SUM-2-12;4,00;torch.Size([61, 1536]);12,00;0,00;batch-64-nhid-0-inlayer-12;NORMAL;84,15;87,50;94,57;88,40;90,39;92,80;68,17;86,57
1445;allmpnet;MAX+MAX-NS_SUM-2-12;two-tokens;MAX+MAX-NS;SUM-2-12;4,00;torch.Size([61, 1536]);12,00;0,00;batch-64-nhid-0-inlayer-12;NORMAL;83,19;66,04;93,56;46,61;50,08;93,40;70,09;71,85
1446;allmpnet;AVG-NS+SUM-NS_SUM-2-12;two-tokens;AVG-NS+SUM-NS;SUM-2-12;4,00;torch.Size([61, 1536]);12,00;0,00;batch-64-nhid-0-inlayer-12;NORMAL;84,63;86,84;94,41;88,24;90,94;91,20;68,46;86,39
1447;allmpnet;AVG-NS+MAX-NS_SUM-2-12;two-tokens;AVG-NS+MAX-NS;SUM-2-12;4,00;torch.Size([61, 1536]);12,00;0,00;batch-64-nhid-0-inlayer-12;NORMAL;84,10;66,01;94,64;35,50;50,08;90,20;70,90;70,20
1448;allmpnet;SUM-NS+MAX-NS_SUM-2-12;two-tokens;SUM-NS+MAX-NS;SUM-2-12;4,00;torch.Size([61, 1536]);12,00;0,00;batch-64-nhid-0-inlayer-12;NORMAL;84,41;82,25;94,46;46,61;86,27;91,60;68,52;79,16
1449;allmpnet;CLS+AVG_SUM-1-12;two-tokens;CLS+AVG;SUM-1-12;4,00;torch.Size([61, 1536]);12,00;0,00;batch-64-nhid-0-inlayer-12;NORMAL;85,53;90,60;96,04;90,41;92,09;94,20;74,84;89,10
1450;allmpnet;CLS+SUM_SUM-1-12;two-tokens;CLS+SUM;SUM-1-12;4,00;torch.Size([61, 1536]);12,00;0,00;batch-64-nhid-0-inlayer-12;NORMAL;85,17;88,18;94,65;89,58;90,77;94,20;68,23;87,25
1451;allmpnet;CLS+MAX_SUM-1-12;two-tokens;CLS+MAX;SUM-1-12;4,00;torch.Size([61, 1536]);12,00;0,00;batch-64-nhid-0-inlayer-12;NORMAL;84,76;88,03;94,89;89,38;90,12;93,00;70,09;87,18
1452;allmpnet;CLS+AVG-NS_SUM-1-12;two-tokens;CLS+AVG-NS;SUM-1-12;4,00;torch.Size([61, 1536]);12,00;0,00;batch-64-nhid-0-inlayer-12;NORMAL;85,39;89,75;95,98;89,49;91,71;91,80;72,70;88,12
1453;allmpnet;CLS+SUM-NS_SUM-1-12;two-tokens;CLS+SUM-NS;SUM-1-12;4,00;torch.Size([61, 1536]);12,00;0,00;batch-64-nhid-0-inlayer-12;NORMAL;84,69;86,33;94,35;88,93;89,90;89,40;68,23;85,98
1454;allmpnet;CLS+MAX-NS_SUM-1-12;two-tokens;CLS+MAX-NS;SUM-1-12;4,00;torch.Size([61, 1536]);12,00;0,00;batch-64-nhid-0-inlayer-12;NORMAL;84,42;69,38;94,46;35,50;50,08;90,20;70,72;70,68
1455;allmpnet;AVG+SUM_SUM-1-12;two-tokens;AVG+SUM;SUM-1-12;4,00;torch.Size([61, 1536]);12,00;0,00;batch-64-nhid-0-inlayer-12;NORMAL;85,10;88,16;94,59;89,68;90,44;94,40;67,30;87,10
1456;allmpnet;AVG+MAX_SUM-1-12;two-tokens;AVG+MAX;SUM-1-12;4,00;torch.Size([61, 1536]);12,00;0,00;batch-64-nhid-0-inlayer-12;NORMAL;84,70;88,42;94,85;88,77;91,27;95,60;70,49;87,73
1457;allmpnet;AVG+AVG-NS_SUM-1-12;two-tokens;AVG+AVG-NS;SUM-1-12;4,00;torch.Size([61, 1536]);12,00;0,00;batch-64-nhid-0-inlayer-12;NORMAL;84,96;89,46;95,50;89,38;91,38;94,20;74,14;88,43
1458;allmpnet;AVG+SUM-NS_SUM-1-12;two-tokens;AVG+SUM-NS;SUM-1-12;4,00;torch.Size([61, 1536]);12,00;0,00;batch-64-nhid-0-inlayer-12;NORMAL;84,64;86,73;94,35;89,13;90,66;90,00;67,83;86,19
1459;allmpnet;AVG+MAX-NS_SUM-1-12;two-tokens;AVG+MAX-NS;SUM-1-12;4,00;torch.Size([61, 1536]);12,00;0,00;batch-64-nhid-0-inlayer-12;NORMAL;84,92;67,68;95,00;35,50;50,08;93,40;71,42;71,14
1460;allmpnet;SUM+MAX_SUM-1-12;two-tokens;SUM+MAX;SUM-1-12;4,00;torch.Size([61, 1536]);12,00;0,00;batch-64-nhid-0-inlayer-12;NORMAL;84,72;88,48;94,70;89,19;90,50;94,40;68,35;87,19
1461;allmpnet;SUM+AVG-NS_SUM-1-12;two-tokens;SUM+AVG-NS;SUM-1-12;4,00;torch.Size([61, 1536]);12,00;0,00;batch-64-nhid-0-inlayer-12;NORMAL;84,95;88,21;94,65;89,10;91,16;94,20;67,59;87,12
1462;allmpnet;SUM+SUM-NS_SUM-1-12;two-tokens;SUM+SUM-NS;SUM-1-12;4,00;torch.Size([61, 1536]);12,00;0,00;batch-64-nhid-0-inlayer-12;NORMAL;84,24;88,63;94,84;88,88;90,17;95,20;68,52;87,21
1463;allmpnet;SUM+MAX-NS_SUM-1-12;two-tokens;SUM+MAX-NS;SUM-1-12;4,00;torch.Size([61, 1536]);12,00;0,00;batch-64-nhid-0-inlayer-12;NORMAL;84,78;83,46;94,77;44,90;89,62;95,20;68,35;80,15
1464;allmpnet;MAX+AVG-NS_SUM-1-12;two-tokens;MAX+AVG-NS;SUM-1-12;4,00;torch.Size([61, 1536]);12,00;0,00;batch-64-nhid-0-inlayer-12;NORMAL;84,20;88,13;94,88;88,30;90,72;94,00;70,67;87,27
1465;allmpnet;MAX+SUM-NS_SUM-1-12;two-tokens;MAX+SUM-NS;SUM-1-12;4,00;torch.Size([61, 1536]);12,00;0,00;batch-64-nhid-0-inlayer-12;NORMAL;84,36;87,34;94,50;88,26;90,33;92,00;69,28;86,58
1466;allmpnet;MAX+MAX-NS_SUM-1-12;two-tokens;MAX+MAX-NS;SUM-1-12;4,00;torch.Size([61, 1536]);12,00;0,00;batch-64-nhid-0-inlayer-12;NORMAL;83,10;65,98;93,55;46,61;50,08;92,80;69,62;71,68
1467;allmpnet;AVG-NS+SUM-NS_SUM-1-12;two-tokens;AVG-NS+SUM-NS;SUM-1-12;4,00;torch.Size([61, 1536]);12,00;0,00;batch-64-nhid-0-inlayer-12;NORMAL;84,54;86,70;94,44;88,05;90,66;89,40;68,17;85,99
1468;allmpnet;AVG-NS+MAX-NS_SUM-1-12;two-tokens;AVG-NS+MAX-NS;SUM-1-12;4,00;torch.Size([61, 1536]);12,00;0,00;batch-64-nhid-0-inlayer-12;NORMAL;84,10;67,42;94,64;35,50;50,08;90,60;71,13;70,50
1469;allmpnet;SUM-NS+MAX-NS_SUM-1-12;two-tokens;SUM-NS+MAX-NS;SUM-1-12;4,00;torch.Size([61, 1536]);12,00;0,00;batch-64-nhid-0-inlayer-12;NORMAL;84,39;84,58;94,49;48,55;87,70;91,20;68,70;79,94
1470;deberta-base;CLS_LYR-1;simple;CLS;LYR-1;4,00;torch.Size([61, 768]);12,00;0,00;batch-64-nhid-0-inlayer-0;NORMAL;63,38;65,38;80,67;78,70;63,81;62,00;66,49;68,63
1471;deberta-base;AVG_LYR-1;simple;AVG;LYR-1;4,00;torch.Size([61, 768]);12,00;0,00;batch-64-nhid-0-inlayer-0;NORMAL;77,75;80,42;92,67;89,21;82,81;90,20;73,04;83,73
1472;deberta-base;SUM_LYR-1;simple;SUM;LYR-1;4,00;torch.Size([61, 768]);12,00;0,00;batch-64-nhid-0-inlayer-0;NORMAL;76,55;77,67;91,05;87,90;82,21;86,00;70,84;81,75
1473;deberta-base;MAX_LYR-1;simple;MAX;LYR-1;4,00;torch.Size([61, 768]);12,00;0,00;batch-64-nhid-0-inlayer-0;NORMAL;71,91;74,94;87,80;87,25;74,63;83,20;67,07;78,11
1474;deberta-base;AVG-NS_LYR-1;simple-ns;AVG-NS;LYR-1;4,00;torch.Size([61, 768]);12,00;0,00;batch-64-nhid-0-inlayer-0;NORMAL;77,54;80,56;92,65;88,56;82,43;90,80;72,99;83,65
1475;deberta-base;SUM-NS_LYR-1;simple-ns;SUM-NS;LYR-1;4,00;torch.Size([61, 768]);12,00;0,00;batch-64-nhid-0-inlayer-0;NORMAL;76,50;77,04;91,02;87,70;82,43;86,40;69,80;81,56
1476;deberta-base;MAX-NS_LYR-1;simple-ns;MAX-NS;LYR-1;4,00;torch.Size([61, 768]);12,00;0,00;batch-64-nhid-0-inlayer-0;NORMAL;72,02;64,85;87,98;48,92;74,85;84,00;66,96;71,37
1477;deberta-base;CLS_LYR-2;simple;CLS;LYR-2;4,00;torch.Size([61, 768]);12,00;0,00;batch-64-nhid-0-inlayer-0;NORMAL;60,00;63,76;74,35;70,59;66,28;60,40;66,55;65,99
1478;deberta-base;AVG_LYR-2;simple;AVG;LYR-2;4,00;torch.Size([61, 768]);12,00;0,00;batch-64-nhid-0-inlayer-0;NORMAL;78,32;82,04;93,58;89,46;82,76;91,40;72,87;84,35
1479;deberta-base;SUM_LYR-2;simple;SUM;LYR-2;4,00;torch.Size([61, 768]);12,00;0,00;batch-64-nhid-0-inlayer-0;NORMAL;77,77;78,70;92,06;87,72;83,03;89,60;72,06;82,99
1480;deberta-base;MAX_LYR-2;simple;MAX;LYR-2;4,00;torch.Size([61, 768]);12,00;0,00;batch-64-nhid-0-inlayer-0;NORMAL;73,18;76,85;89,43;87,96;75,56;90,20;69,33;80,36
1481;deberta-base;AVG-NS_LYR-2;simple-ns;AVG-NS;LYR-2;4,00;torch.Size([61, 768]);12,00;0,00;batch-64-nhid-0-inlayer-0;NORMAL;78,25;81,70;93,49;89,19;82,43;91,40;72,12;84,08
1482;deberta-base;SUM-NS_LYR-2;simple-ns;SUM-NS;LYR-2;4,00;torch.Size([61, 768]);12,00;0,00;batch-64-nhid-0-inlayer-0;NORMAL;77,39;78,68;92,16;87,65;82,92;89,60;72,23;82,95
1483;deberta-base;MAX-NS_LYR-2;simple-ns;MAX-NS;LYR-2;4,00;torch.Size([61, 768]);12,00;0,00;batch-64-nhid-0-inlayer-0;NORMAL;72,56;64,77;89,67;49,16;75,56;89,60;71,54;73,27
1484;deberta-base;CLS_LYR-3;simple;CLS;LYR-3;4,00;torch.Size([61, 768]);12,00;0,00;batch-64-nhid-0-inlayer-0;NORMAL;68,10;68,79;86,11;83,69;73,48;76,40;67,65;74,89
1485;deberta-base;AVG_LYR-3;simple;AVG;LYR-3;4,00;torch.Size([61, 768]);12,00;0,00;batch-64-nhid-0-inlayer-0;NORMAL;79,65;82,86;94,30;89,81;84,73;92,80;75,07;85,60
1486;deberta-base;SUM_LYR-3;simple;SUM;LYR-3;4,00;torch.Size([61, 768]);12,00;0,00;batch-64-nhid-0-inlayer-0;NORMAL;78,29;79,42;92,42;88,18;84,68;91,80;72,81;83,94
1487;deberta-base;MAX_LYR-3;simple;MAX;LYR-3;4,00;torch.Size([61, 768]);12,00;0,00;batch-64-nhid-0-inlayer-0;NORMAL;74,66;78,07;90,55;88,26;78,03;92,00;69,57;81,59
1488;deberta-base;AVG-NS_LYR-3;simple-ns;AVG-NS;LYR-3;4,00;torch.Size([61, 768]);12,00;0,00;batch-64-nhid-0-inlayer-0;NORMAL;79,46;82,60;94,23;89,29;84,51;92,80;74,49;85,34
1489;deberta-base;SUM-NS_LYR-3;simple-ns;SUM-NS;LYR-3;4,00;torch.Size([61, 768]);12,00;0,00;batch-64-nhid-0-inlayer-0;NORMAL;78,20;79,34;92,41;88,28;84,24;91,60;72,99;83,87
1490;deberta-base;MAX-NS_LYR-3;simple-ns;MAX-NS;LYR-3;4,00;torch.Size([61, 768]);12,00;0,00;batch-64-nhid-0-inlayer-0;NORMAL;74,51;65,11;90,63;49,23;78,14;92,00;70,03;74,24
1491;deberta-base;CLS_LYR-4;simple;CLS;LYR-4;4,00;torch.Size([61, 768]);12,00;0,00;batch-64-nhid-0-inlayer-0;NORMAL;51,89;63,76;69,52;68,77;62,22;48,60;66,49;61,61
1492;deberta-base;AVG_LYR-4;simple;AVG;LYR-4;4,00;torch.Size([61, 768]);12,00;0,00;batch-64-nhid-0-inlayer-0;NORMAL;81,04;85,54;94,52;90,08;85,78;93,60;74,14;86,39
1493;deberta-base;SUM_LYR-4;simple;SUM;LYR-4;4,00;torch.Size([61, 768]);12,00;0,00;batch-64-nhid-0-inlayer-0;NORMAL;80,25;81,83;92,75;88,62;85,89;92,60;71,25;84,74
1494;deberta-base;MAX_LYR-4;simple;MAX;LYR-4;4,00;torch.Size([61, 768]);12,00;0,00;batch-64-nhid-0-inlayer-0;NORMAL;75,39;82,20;91,86;88,72;80,01;94,00;70,90;83,30
1495;deberta-base;AVG-NS_LYR-4;simple-ns;AVG-NS;LYR-4;4,00;torch.Size([61, 768]);12,00;0,00;batch-64-nhid-0-inlayer-0;NORMAL;80,73;84,69;94,52;89,69;85,72;93,60;73,33;86,04
1496;deberta-base;SUM-NS_LYR-4;simple-ns;SUM-NS;LYR-4;4,00;torch.Size([61, 768]);12,00;0,00;batch-64-nhid-0-inlayer-0;NORMAL;80,09;81,78;92,64;88,53;85,56;93,00;71,94;84,79
1497;deberta-base;MAX-NS_LYR-4;simple-ns;MAX-NS;LYR-4;4,00;torch.Size([61, 768]);12,00;0,00;batch-64-nhid-0-inlayer-0;NORMAL;75,28;64,71;91,84;49,44;79,57;93,00;70,84;74,95
1498;deberta-base;CLS_LYR-5;simple;CLS;LYR-5;4,00;torch.Size([61, 768]);12,00;0,00;batch-64-nhid-0-inlayer-0;NORMAL;52,39;63,79;79,02;69,00;66,17;59,60;66,49;65,21
1499;deberta-base;AVG_LYR-5;simple;AVG;LYR-5;4,00;torch.Size([61, 768]);12,00;0,00;batch-64-nhid-0-inlayer-0;NORMAL;81,97;86,94;95,12;90,37;87,31;94,80;74,20;87,24
1500;deberta-base;SUM_LYR-5;simple;SUM;LYR-5;4,00;torch.Size([61, 768]);12,00;0,00;batch-64-nhid-0-inlayer-0;NORMAL;80,44;84,16;93,22;88,87;86,11;93,60;71,36;85,39
1501;deberta-base;MAX_LYR-5;simple;MAX;LYR-5;4,00;torch.Size([61, 768]);12,00;0,00;batch-64-nhid-0-inlayer-0;NORMAL;77,18;82,07;92,20;88,90;80,94;92,20;70,67;83,45
1502;deberta-base;AVG-NS_LYR-5;simple-ns;AVG-NS;LYR-5;4,00;torch.Size([61, 768]);12,00;0,00;batch-64-nhid-0-inlayer-0;NORMAL;81,85;86,65;95,20;89,84;87,04;94,60;73,80;87,00
1503;deberta-base;SUM-NS_LYR-5;simple-ns;SUM-NS;LYR-5;4,00;torch.Size([61, 768]);12,00;0,00;batch-64-nhid-0-inlayer-0;NORMAL;80,41;83,89;93,46;88,77;87,04;94,20;71,07;85,55
1504;deberta-base;MAX-NS_LYR-5;simple-ns;MAX-NS;LYR-5;4,00;torch.Size([61, 768]);12,00;0,00;batch-64-nhid-0-inlayer-0;NORMAL;77,17;65,67;92,25;49,46;81,00;92,60;70,14;75,47
1505;deberta-base;CLS_LYR-6;simple;CLS;LYR-6;4,00;torch.Size([61, 768]);12,00;0,00;batch-64-nhid-0-inlayer-0;NORMAL;51,61;63,76;50,00;68,77;49,92;47,00;66,49;56,79
1506;deberta-base;AVG_LYR-6;simple;AVG;LYR-6;4,00;torch.Size([61, 768]);12,00;0,00;batch-64-nhid-0-inlayer-0;NORMAL;84,13;88,88;95,72;90,84;88,52;95,20;74,78;88,30
1507;deberta-base;SUM_LYR-6;simple;SUM;LYR-6;4,00;torch.Size([61, 768]);12,00;0,00;batch-64-nhid-0-inlayer-0;NORMAL;82,33;85,30;93,98;89,35;87,04;94,20;72,17;86,34
1508;deberta-base;MAX_LYR-6;simple;MAX;LYR-6;4,00;torch.Size([61, 768]);12,00;0,00;batch-64-nhid-0-inlayer-0;NORMAL;79,37;84,53;93,51;89,39;83,47;95,40;71,07;85,25
1509;deberta-base;AVG-NS_LYR-6;simple-ns;AVG-NS;LYR-6;4,00;torch.Size([61, 768]);12,00;0,00;batch-64-nhid-0-inlayer-0;NORMAL;84,00;88,58;95,75;90,54;88,41;95,40;74,72;88,20
1510;deberta-base;SUM-NS_LYR-6;simple-ns;SUM-NS;LYR-6;4,00;torch.Size([61, 768]);12,00;0,00;batch-64-nhid-0-inlayer-0;NORMAL;82,51;85,14;93,89;89,27;87,86;94,60;72,23;86,50
1511;deberta-base;MAX-NS_LYR-6;simple-ns;MAX-NS;LYR-6;4,00;torch.Size([61, 768]);12,00;0,00;batch-64-nhid-0-inlayer-0;NORMAL;79,35;65,83;93,56;49,60;83,31;95,00;71,19;76,83
1512;deberta-base;CLS_LYR-7;simple;CLS;LYR-7;4,00;torch.Size([61, 768]);12,00;0,00;batch-64-nhid-0-inlayer-0;NORMAL;54,19;63,76;80,44;68,77;49,92;54,80;66,49;62,62
1513;deberta-base;AVG_LYR-7;simple;AVG;LYR-7;4,00;torch.Size([61, 768]);12,00;0,00;batch-64-nhid-0-inlayer-0;NORMAL;85,56;90,49;96,01;90,88;90,99;96,00;76,87;89,54
1514;deberta-base;SUM_LYR-7;simple;SUM;LYR-7;4,00;torch.Size([61, 768]);12,00;0,00;batch-64-nhid-0-inlayer-0;NORMAL;84,59;87,76;94,39;89,47;90,66;95,20;72,29;87,77
1515;deberta-base;MAX_LYR-7;simple;MAX;LYR-7;4,00;torch.Size([61, 768]);12,00;0,00;batch-64-nhid-0-inlayer-0;NORMAL;81,94;86,54;93,73;89,52;87,48;94,00;72,46;86,52
1516;deberta-base;AVG-NS_LYR-7;simple-ns;AVG-NS;LYR-7;4,00;torch.Size([61, 768]);12,00;0,00;batch-64-nhid-0-inlayer-0;NORMAL;85,49;90,65;96,16;90,53;90,83;95,80;75,59;89,29
1517;deberta-base;SUM-NS_LYR-7;simple-ns;SUM-NS;LYR-7;4,00;torch.Size([61, 768]);12,00;0,00;batch-64-nhid-0-inlayer-0;NORMAL;84,80;87,07;94,42;89,58;90,83;95,20;73,33;87,89
1518;deberta-base;MAX-NS_LYR-7;simple-ns;MAX-NS;LYR-7;4,00;torch.Size([61, 768]);12,00;0,00;batch-64-nhid-0-inlayer-0;NORMAL;81,90;66,04;93,63;49,75;87,26;94,60;72,87;78,01
1519;deberta-base;CLS_LYR-8;simple;CLS;LYR-8;4,00;torch.Size([61, 768]);12,00;0,00;batch-64-nhid-0-inlayer-0;NORMAL;54,50;63,76;83,82;68,77;49,92;48,80;66,49;62,29
1520;deberta-base;AVG_LYR-8;simple;AVG;LYR-8;4,00;torch.Size([61, 768]);12,00;0,00;batch-64-nhid-0-inlayer-0;NORMAL;86,77;91,44;96,14;90,88;91,16;96,80;76,35;89,93
1521;deberta-base;SUM_LYR-8;simple;SUM;LYR-8;4,00;torch.Size([61, 768]);12,00;0,00;batch-64-nhid-0-inlayer-0;NORMAL;84,95;88,05;94,41;89,11;90,88;95,60;75,13;88,30
1522;deberta-base;MAX_LYR-8;simple;MAX;LYR-8;4,00;torch.Size([61, 768]);12,00;0,00;batch-64-nhid-0-inlayer-0;NORMAL;83,39;88,03;94,09;89,09;89,35;95,40;71,77;87,30
1523;deberta-base;AVG-NS_LYR-8;simple-ns;AVG-NS;LYR-8;4,00;torch.Size([61, 768]);12,00;0,00;batch-64-nhid-0-inlayer-0;NORMAL;86,59;91,31;96,08;90,48;91,16;96,40;75,94;89,71
1524;deberta-base;SUM-NS_LYR-8;simple-ns;SUM-NS;LYR-8;4,00;torch.Size([61, 768]);12,00;0,00;batch-64-nhid-0-inlayer-0;NORMAL;85,18;87,84;94,18;89,18;91,05;95,60;73,80;88,12
1525;deberta-base;MAX-NS_LYR-8;simple-ns;MAX-NS;LYR-8;4,00;torch.Size([61, 768]);12,00;0,00;batch-64-nhid-0-inlayer-0;NORMAL;83,39;66,04;94,03;49,60;88,74;95,00;70,96;78,25
1526;deberta-base;CLS_LYR-9;simple;CLS;LYR-9;4,00;torch.Size([61, 768]);12,00;0,00;batch-64-nhid-0-inlayer-0;NORMAL;80,63;80,53;88,13;82,80;86,49;88,20;70,78;82,51
1527;deberta-base;AVG_LYR-9;simple;AVG;LYR-9;4,00;torch.Size([61, 768]);12,00;0,00;batch-64-nhid-0-inlayer-0;NORMAL;87,67;91,87;96,11;90,71;91,98;96,20;76,70;90,18
1528;deberta-base;SUM_LYR-9;simple;SUM;LYR-9;4,00;torch.Size([61, 768]);12,00;0,00;batch-64-nhid-0-inlayer-0;NORMAL;86,16;88,61;94,63;89,21;91,10;95,60;75,13;88,63
1529;deberta-base;MAX_LYR-9;simple;MAX;LYR-9;4,00;torch.Size([61, 768]);12,00;0,00;batch-64-nhid-0-inlayer-0;NORMAL;84,53;89,80;94,04;89,10;89,13;94,20;73,10;87,70
1530;deberta-base;AVG-NS_LYR-9;simple-ns;AVG-NS;LYR-9;4,00;torch.Size([61, 768]);12,00;0,00;batch-64-nhid-0-inlayer-0;NORMAL;87,56;91,71;96,08;90,58;92,04;96,60;76,70;90,18
1531;deberta-base;SUM-NS_LYR-9;simple-ns;SUM-NS;LYR-9;4,00;torch.Size([61, 768]);12,00;0,00;batch-64-nhid-0-inlayer-0;NORMAL;86,27;88,32;94,54;89,24;91,27;95,60;74,78;88,57
1532;deberta-base;MAX-NS_LYR-9;simple-ns;MAX-NS;LYR-9;4,00;torch.Size([61, 768]);12,00;0,00;batch-64-nhid-0-inlayer-0;NORMAL;84,37;66,38;94,02;49,56;88,58;94,00;73,45;78,62
1533;deberta-base;CLS_LYR-10;simple;CLS;LYR-10;4,00;torch.Size([61, 768]);12,00;0,00;batch-64-nhid-0-inlayer-0;NORMAL;77,88;63,76;85,92;71,96;85,23;67,80;66,49;74,15
1534;deberta-base;AVG_LYR-10;simple;AVG;LYR-10;4,00;torch.Size([61, 768]);12,00;0,00;batch-64-nhid-0-inlayer-0;NORMAL;88,43;92,32;96,02;90,32;92,53;95,80;75,25;90,10
1535;deberta-base;SUM_LYR-10;simple;SUM;LYR-10;4,00;torch.Size([61, 768]);12,00;0,00;batch-64-nhid-0-inlayer-0;NORMAL;86,85;89,62;94,51;89,22;91,76;95,20;73,57;88,68
1536;deberta-base;MAX_LYR-10;simple;MAX;LYR-10;4,00;torch.Size([61, 768]);12,00;0,00;batch-64-nhid-0-inlayer-0;NORMAL;84,85;90,04;93,91;89,13;90,77;94,80;70,38;87,70
1537;deberta-base;AVG-NS_LYR-10;simple-ns;AVG-NS;LYR-10;4,00;torch.Size([61, 768]);12,00;0,00;batch-64-nhid-0-inlayer-0;NORMAL;88,18;92,03;96,07;90,41;92,31;96,40;74,43;89,98
1538;deberta-base;SUM-NS_LYR-10;simple-ns;SUM-NS;LYR-10;4,00;torch.Size([61, 768]);12,00;0,00;batch-64-nhid-0-inlayer-0;NORMAL;86,82;89,96;94,47;89,10;91,60;95,40;74,09;88,78
1539;deberta-base;MAX-NS_LYR-10;simple-ns;MAX-NS;LYR-10;4,00;torch.Size([61, 768]);12,00;0,00;batch-64-nhid-0-inlayer-0;NORMAL;85,10;66,28;93,84;49,70;91,10;94,60;70,84;78,78
1540;deberta-base;CLS_LYR-11;simple;CLS;LYR-11;4,00;torch.Size([61, 768]);12,00;0,00;batch-64-nhid-0-inlayer-0;NORMAL;85,20;88,58;94,53;85,85;88,63;76,20;71,36;84,34
1541;deberta-base;AVG_LYR-11;simple;AVG;LYR-11;4,00;torch.Size([61, 768]);12,00;0,00;batch-64-nhid-0-inlayer-0;NORMAL;88,27;91,60;95,97;90,34;92,81;95,60;75,19;89,97
1542;deberta-base;SUM_LYR-11;simple;SUM;LYR-11;4,00;torch.Size([61, 768]);12,00;0,00;batch-64-nhid-0-inlayer-0;NORMAL;87,11;89,06;94,97;89,31;92,09;93,20;71,19;88,13
1543;deberta-base;MAX_LYR-11;simple;MAX;LYR-11;4,00;torch.Size([61, 768]);12,00;0,00;batch-64-nhid-0-inlayer-0;NORMAL;84,13;87,82;93,70;88,68;89,73;93,00;70,96;86,86
1544;deberta-base;AVG-NS_LYR-11;simple-ns;AVG-NS;LYR-11;4,00;torch.Size([61, 768]);12,00;0,00;batch-64-nhid-0-inlayer-0;NORMAL;88,16;91,50;95,98;90,49;92,64;95,60;75,30;89,95
1545;deberta-base;SUM-NS_LYR-11;simple-ns;SUM-NS;LYR-11;4,00;torch.Size([61, 768]);12,00;0,00;batch-64-nhid-0-inlayer-0;NORMAL;87,20;88,58;94,62;89,25;91,65;93,60;72,75;88,24
1546;deberta-base;MAX-NS_LYR-11;simple-ns;MAX-NS;LYR-11;4,00;torch.Size([61, 768]);12,00;0,00;batch-64-nhid-0-inlayer-0;NORMAL;84,00;66,06;93,57;42,75;89,73;93,40;70,32;77,12
1547;deberta-base;CLS_LYR-12;simple;CLS;LYR-12;4,00;torch.Size([61, 768]);12,00;0,00;batch-64-nhid-0-inlayer-0;NORMAL;82,26;85,22;92,94;87,49;82,81;69,00;69,39;81,30
1548;deberta-base;AVG_LYR-12;simple;AVG;LYR-12;4,00;torch.Size([61, 768]);12,00;0,00;batch-64-nhid-0-inlayer-0;NORMAL;86,46;89,88;95,20;88,92;91,05;90,80;68,81;87,30
1549;deberta-base;SUM_LYR-12;simple;SUM;LYR-12;4,00;torch.Size([61, 768]);12,00;0,00;batch-64-nhid-0-inlayer-0;NORMAL;86,30;89,72;95,09;88,20;90,39;86,80;68,52;86,43
1550;deberta-base;MAX_LYR-12;simple;MAX;LYR-12;4,00;torch.Size([61, 768]);12,00;0,00;batch-64-nhid-0-inlayer-0;NORMAL;81,70;84,16;91,80;86,08;86,11;85,20;70,03;83,58
1551;deberta-base;AVG-NS_LYR-12;simple-ns;AVG-NS;LYR-12;4,00;torch.Size([61, 768]);12,00;0,00;batch-64-nhid-0-inlayer-0;NORMAL;86,27;89,59;95,22;89,50;90,77;90,00;68,64;87,14
1552;deberta-base;SUM-NS_LYR-12;simple-ns;SUM-NS;LYR-12;4,00;torch.Size([61, 768]);12,00;0,00;batch-64-nhid-0-inlayer-0;NORMAL;86,06;89,59;95,16;88,48;90,55;89,20;68,75;86,83
1553;deberta-base;MAX-NS_LYR-12;simple-ns;MAX-NS;LYR-12;4,00;torch.Size([61, 768]);12,00;0,00;batch-64-nhid-0-inlayer-0;NORMAL;81,14;65,88;91,86;72,50;86,33;87,00;70,55;79,32
1554;deberta-base;CLS+AVG_SUM-1-2;two-tokens;CLS+AVG;SUM-1-2;4,00;torch.Size([61, 1536]);12,00;0,00;batch-64-nhid-0-inlayer-12;NORMAL;78,18;81,06;93,06;89,18;81,88;90,20;72,23;83,68
1555;deberta-base;CLS+SUM_SUM-1-2;two-tokens;CLS+SUM;SUM-1-2;4,00;torch.Size([61, 1536]);12,00;0,00;batch-64-nhid-0-inlayer-12;NORMAL;77,26;78,04;91,77;87,70;82,76;87,60;70,49;82,23
1556;deberta-base;CLS+MAX_SUM-1-2;two-tokens;CLS+MAX;SUM-1-2;4,00;torch.Size([61, 1536]);12,00;0,00;batch-64-nhid-0-inlayer-12;NORMAL;72,39;76,37;89,17;87,52;75,51;85,60;68,93;79,36
1557;deberta-base;CLS+AVG-NS_SUM-1-2;two-tokens;CLS+AVG-NS;SUM-1-2;4,00;torch.Size([61, 1536]);12,00;0,00;batch-64-nhid-0-inlayer-12;NORMAL;77,74;80,85;93,03;88,60;82,32;90,00;71,94;83,50
1558;deberta-base;CLS+SUM-NS_SUM-1-2;two-tokens;CLS+SUM-NS;SUM-1-2;4,00;torch.Size([61, 1536]);12,00;0,00;batch-64-nhid-0-inlayer-12;NORMAL;77,14;77,59;91,58;87,72;82,48;88,00;70,90;82,20
1559;deberta-base;CLS+MAX-NS_SUM-1-2;two-tokens;CLS+MAX-NS;SUM-1-2;4,00;torch.Size([61, 1536]);12,00;0,00;batch-64-nhid-0-inlayer-12;NORMAL;72,28;64,79;88,90;48,89;75,18;85,60;67,88;71,93
1560;deberta-base;AVG+SUM_SUM-1-2;two-tokens;AVG+SUM;SUM-1-2;4,00;torch.Size([61, 1536]);12,00;0,00;batch-64-nhid-0-inlayer-12;NORMAL;77,38;77,80;91,71;87,93;82,65;88,20;70,84;82,36
1561;deberta-base;AVG+MAX_SUM-1-2;two-tokens;AVG+MAX;SUM-1-2;4,00;torch.Size([61, 1536]);12,00;0,00;batch-64-nhid-0-inlayer-12;NORMAL;76,47;77,09;91,40;87,97;81,60;87,60;68,35;81,50
1562;deberta-base;AVG+AVG-NS_SUM-1-2;two-tokens;AVG+AVG-NS;SUM-1-2;4,00;torch.Size([61, 1536]);12,00;0,00;batch-64-nhid-0-inlayer-12;NORMAL;77,61;80,56;92,93;88,58;82,98;89,00;71,25;83,27
1563;deberta-base;AVG+SUM-NS_SUM-1-2;two-tokens;AVG+SUM-NS;SUM-1-2;4,00;torch.Size([61, 1536]);12,00;0,00;batch-64-nhid-0-inlayer-12;NORMAL;77,25;77,70;91,60;87,87;82,59;88,60;70,26;82,27
1564;deberta-base;AVG+MAX-NS_SUM-1-2;two-tokens;AVG+MAX-NS;SUM-1-2;4,00;torch.Size([61, 1536]);12,00;0,00;batch-64-nhid-0-inlayer-12;NORMAL;76,44;65,03;91,20;49,08;81,49;88,60;67,77;74,23
1565;deberta-base;SUM+MAX_SUM-1-2;two-tokens;SUM+MAX;SUM-1-2;4,00;torch.Size([61, 1536]);12,00;0,00;batch-64-nhid-0-inlayer-12;NORMAL;76,86;77,59;91,23;86,88;81,33;90,00;70,49;82,05
1566;deberta-base;SUM+AVG-NS_SUM-1-2;two-tokens;SUM+AVG-NS;SUM-1-2;4,00;torch.Size([61, 1536]);12,00;0,00;batch-64-nhid-0-inlayer-12;NORMAL;77,25;77,83;91,71;87,10;82,59;88,00;70,43;82,13
1567;deberta-base;SUM+SUM-NS_SUM-1-2;two-tokens;SUM+SUM-NS;SUM-1-2;4,00;torch.Size([61, 1536]);12,00;0,00;batch-64-nhid-0-inlayer-12;NORMAL;77,07;77,64;91,44;87,56;82,48;88,40;71,01;82,23
1568;deberta-base;SUM+MAX-NS_SUM-1-2;two-tokens;SUM+MAX-NS;SUM-1-2;4,00;torch.Size([61, 1536]);12,00;0,00;batch-64-nhid-0-inlayer-12;NORMAL;76,81;72,87;91,47;72,37;81,99;90,00;70,38;79,41
1569;deberta-base;MAX+AVG-NS_SUM-1-2;two-tokens;MAX+AVG-NS;SUM-1-2;4,00;torch.Size([61, 1536]);12,00;0,00;batch-64-nhid-0-inlayer-12;NORMAL;76,56;77,22;91,57;86,91;80,34;88,40;67,83;81,26
1570;deberta-base;MAX+SUM-NS_SUM-1-2;two-tokens;MAX+SUM-NS;SUM-1-2;4,00;torch.Size([61, 1536]);12,00;0,00;batch-64-nhid-0-inlayer-12;NORMAL;76,99;77,35;91,58;86,73;82,10;89,40;70,67;82,12
1571;deberta-base;MAX+MAX-NS_SUM-1-2;two-tokens;MAX+MAX-NS;SUM-1-2;4,00;torch.Size([61, 1536]);12,00;0,00;batch-64-nhid-0-inlayer-12;NORMAL;72,04;65,03;88,74;48,91;75,23;85,40;67,54;71,84
1572;deberta-base;AVG-NS+SUM-NS_SUM-1-2;two-tokens;AVG-NS+SUM-NS;SUM-1-2;4,00;torch.Size([61, 1536]);12,00;0,00;batch-64-nhid-0-inlayer-12;NORMAL;77,28;77,48;91,63;86,80;82,65;89,00;70,32;82,17
1573;deberta-base;AVG-NS+MAX-NS_SUM-1-2;two-tokens;AVG-NS+MAX-NS;SUM-1-2;4,00;torch.Size([61, 1536]);12,00;0,00;batch-64-nhid-0-inlayer-12;NORMAL;76,51;65,03;91,47;74,30;80,45;88,80;68,23;77,83
1574;deberta-base;SUM-NS+MAX-NS_SUM-1-2;two-tokens;SUM-NS+MAX-NS;SUM-1-2;4,00;torch.Size([61, 1536]);12,00;0,00;batch-64-nhid-0-inlayer-12;NORMAL;76,64;72,34;91,49;74,32;82,15;89,40;70,72;79,58
1575;deberta-base;CLS+AVG_SUM-2-3;two-tokens;CLS+AVG;SUM-2-3;4,00;torch.Size([61, 1536]);12,00;0,00;batch-64-nhid-0-inlayer-12;NORMAL;79,29;81,62;94,08;89,57;84,02;91,80;73,62;84,86
1576;deberta-base;CLS+SUM_SUM-2-3;two-tokens;CLS+SUM;SUM-2-3;4,00;torch.Size([61, 1536]);12,00;0,00;batch-64-nhid-0-inlayer-12;NORMAL;78,32;78,68;92,38;88,13;83,36;89,60;71,30;83,11
1577;deberta-base;CLS+MAX_SUM-2-3;two-tokens;CLS+MAX;SUM-2-3;4,00;torch.Size([61, 1536]);12,00;0,00;batch-64-nhid-0-inlayer-12;NORMAL;74,13;77,24;89,93;88,18;77,32;90,20;70,78;81,11
1578;deberta-base;CLS+AVG-NS_SUM-2-3;two-tokens;CLS+AVG-NS;SUM-2-3;4,00;torch.Size([61, 1536]);12,00;0,00;batch-64-nhid-0-inlayer-12;NORMAL;78,74;80,96;93,96;88,99;83,58;91,80;73,97;84,57
1579;deberta-base;CLS+SUM-NS_SUM-2-3;two-tokens;CLS+SUM-NS;SUM-2-3;4,00;torch.Size([61, 1536]);12,00;0,00;batch-64-nhid-0-inlayer-12;NORMAL;78,11;78,62;92,46;88,08;83,20;90,40;72,00;83,27
1580;deberta-base;CLS+MAX-NS_SUM-2-3;two-tokens;CLS+MAX-NS;SUM-2-3;4,00;torch.Size([61, 1536]);12,00;0,00;batch-64-nhid-0-inlayer-12;NORMAL;74,02;64,93;89,90;74,40;77,76;89,60;69,16;77,11
1581;deberta-base;AVG+SUM_SUM-2-3;two-tokens;AVG+SUM;SUM-2-3;4,00;torch.Size([61, 1536]);12,00;0,00;batch-64-nhid-0-inlayer-12;NORMAL;78,59;78,28;92,49;88,06;83,36;90,40;70,96;83,16
1582;deberta-base;AVG+MAX_SUM-2-3;two-tokens;AVG+MAX;SUM-2-3;4,00;torch.Size([61, 1536]);12,00;0,00;batch-64-nhid-0-inlayer-12;NORMAL;77,23;78,86;92,28;88,37;81,88;91,80;70,55;83,00
1583;deberta-base;AVG+AVG-NS_SUM-2-3;two-tokens;AVG+AVG-NS;SUM-2-3;4,00;torch.Size([61, 1536]);12,00;0,00;batch-64-nhid-0-inlayer-12;NORMAL;78,81;80,74;93,90;88,83;84,79;92,00;72,23;84,47
1584;deberta-base;AVG+SUM-NS_SUM-2-3;two-tokens;AVG+SUM-NS;SUM-2-3;4,00;torch.Size([61, 1536]);12,00;0,00;batch-64-nhid-0-inlayer-12;NORMAL;78,02;78,57;92,29;87,97;83,47;90,00;72,17;83,21
1585;deberta-base;AVG+MAX-NS_SUM-2-3;two-tokens;AVG+MAX-NS;SUM-2-3;4,00;torch.Size([61, 1536]);12,00;0,00;batch-64-nhid-0-inlayer-12;NORMAL;77,32;65,19;92,37;78,54;83,64;92,00;71,42;80,07
1586;deberta-base;SUM+MAX_SUM-2-3;two-tokens;SUM+MAX;SUM-2-3;4,00;torch.Size([61, 1536]);12,00;0,00;batch-64-nhid-0-inlayer-12;NORMAL;78,09;78,09;92,35;87,13;83,86;91,60;71,83;83,28
1587;deberta-base;SUM+AVG-NS_SUM-2-3;two-tokens;SUM+AVG-NS;SUM-2-3;4,00;torch.Size([61, 1536]);12,00;0,00;batch-64-nhid-0-inlayer-12;NORMAL;78,54;78,15;92,33;87,68;83,80;90,60;70,67;83,11
1588;deberta-base;SUM+SUM-NS_SUM-2-3;two-tokens;SUM+SUM-NS;SUM-2-3;4,00;torch.Size([61, 1536]);12,00;0,00;batch-64-nhid-0-inlayer-12;NORMAL;78,24;78,04;92,36;88,01;83,53;90,20;72,00;83,20
1589;deberta-base;SUM+MAX-NS_SUM-2-3;two-tokens;SUM+MAX-NS;SUM-2-3;4,00;torch.Size([61, 1536]);12,00;0,00;batch-64-nhid-0-inlayer-12;NORMAL;77,93;74,38;92,16;72,37;83,96;91,00;71,36;80,45
1590;deberta-base;MAX+AVG-NS_SUM-2-3;two-tokens;MAX+AVG-NS;SUM-2-3;4,00;torch.Size([61, 1536]);12,00;0,00;batch-64-nhid-0-inlayer-12;NORMAL;77,56;78,89;92,46;87,69;82,10;92,20;71,19;83,16
1591;deberta-base;MAX+SUM-NS_SUM-2-3;two-tokens;MAX+SUM-NS;SUM-2-3;4,00;torch.Size([61, 1536]);12,00;0,00;batch-64-nhid-0-inlayer-12;NORMAL;77,67;78,22;92,17;87,24;83,53;89,80;70,03;82,67
1592;deberta-base;MAX+MAX-NS_SUM-2-3;two-tokens;MAX+MAX-NS;SUM-2-3;4,00;torch.Size([61, 1536]);12,00;0,00;batch-64-nhid-0-inlayer-12;NORMAL;73,76;64,87;89,49;48,75;77,43;91,00;70,43;73,68
1593;deberta-base;AVG-NS+SUM-NS_SUM-2-3;two-tokens;AVG-NS+SUM-NS;SUM-2-3;4,00;torch.Size([61, 1536]);12,00;0,00;batch-64-nhid-0-inlayer-12;NORMAL;78,09;78,62;92,47;87,83;83,69;90,60;71,07;83,20
1594;deberta-base;AVG-NS+MAX-NS_SUM-2-3;two-tokens;AVG-NS+MAX-NS;SUM-2-3;4,00;torch.Size([61, 1536]);12,00;0,00;batch-64-nhid-0-inlayer-12;NORMAL;77,56;65,19;92,20;48,96;82,04;92,40;71,30;75,66
1595;deberta-base;SUM-NS+MAX-NS_SUM-2-3;two-tokens;SUM-NS+MAX-NS;SUM-2-3;4,00;torch.Size([61, 1536]);12,00;0,00;batch-64-nhid-0-inlayer-12;NORMAL;77,75;74,65;92,30;57,89;83,25;90,60;72,41;78,41
1596;deberta-base;CLS+AVG_SUM-3-4;two-tokens;CLS+AVG;SUM-3-4;4,00;torch.Size([61, 1536]);12,00;0,00;batch-64-nhid-0-inlayer-12;NORMAL;80,31;83,92;94,41;89,47;85,34;93,80;73,91;85,88
1597;deberta-base;CLS+SUM_SUM-3-4;two-tokens;CLS+SUM;SUM-3-4;4,00;torch.Size([61, 1536]);12,00;0,00;batch-64-nhid-0-inlayer-12;NORMAL;80,15;81,54;92,50;88,51;85,06;91,00;70,20;84,14
1598;deberta-base;CLS+MAX_SUM-3-4;two-tokens;CLS+MAX;SUM-3-4;4,00;torch.Size([61, 1536]);12,00;0,00;batch-64-nhid-0-inlayer-12;NORMAL;74,96;79,68;91,18;88,31;80,01;92,60;69,74;82,35
1599;deberta-base;CLS+AVG-NS_SUM-3-4;two-tokens;CLS+AVG-NS;SUM-3-4;4,00;torch.Size([61, 1536]);12,00;0,00;batch-64-nhid-0-inlayer-12;NORMAL;79,93;83,60;94,43;89,18;85,06;93,60;73,68;85,64
1600;deberta-base;CLS+SUM-NS_SUM-3-4;two-tokens;CLS+SUM-NS;SUM-3-4;4,00;torch.Size([61, 1536]);12,00;0,00;batch-64-nhid-0-inlayer-12;NORMAL;79,63;80,77;92,46;88,34;85,50;91,80;70,49;84,14
1601;deberta-base;CLS+MAX-NS_SUM-3-4;two-tokens;CLS+MAX-NS;SUM-3-4;4,00;torch.Size([61, 1536]);12,00;0,00;batch-64-nhid-0-inlayer-12;NORMAL;74,94;65,43;91,21;73,98;79,57;92,60;70,84;78,37
1602;deberta-base;AVG+SUM_SUM-3-4;two-tokens;AVG+SUM;SUM-3-4;4,00;torch.Size([61, 1536]);12,00;0,00;batch-64-nhid-0-inlayer-12;NORMAL;80,00;81,33;92,59;88,24;84,73;92,20;70,43;84,22
1603;deberta-base;AVG+MAX_SUM-3-4;two-tokens;AVG+MAX;SUM-3-4;4,00;torch.Size([61, 1536]);12,00;0,00;batch-64-nhid-0-inlayer-12;NORMAL;78,46;80,95;93,07;88,78;85,78;93,40;71,36;84,54
1604;deberta-base;AVG+AVG-NS_SUM-3-4;two-tokens;AVG+AVG-NS;SUM-3-4;4,00;torch.Size([61, 1536]);12,00;0,00;batch-64-nhid-0-inlayer-12;NORMAL;80,04;83,87;94,23;89,10;85,78;93,60;72,81;85,63
1605;deberta-base;AVG+SUM-NS_SUM-3-4;two-tokens;AVG+SUM-NS;SUM-3-4;4,00;torch.Size([61, 1536]);12,00;0,00;batch-64-nhid-0-inlayer-12;NORMAL;79,66;81,43;92,44;88,40;85,06;92,00;70,38;84,20
1606;deberta-base;AVG+MAX-NS_SUM-3-4;two-tokens;AVG+MAX-NS;SUM-3-4;4,00;torch.Size([61, 1536]);12,00;0,00;batch-64-nhid-0-inlayer-12;NORMAL;78,78;65,64;93,22;76,29;85,56;92,80;70,61;80,41
1607;deberta-base;SUM+MAX_SUM-3-4;two-tokens;SUM+MAX;SUM-3-4;4,00;torch.Size([61, 1536]);12,00;0,00;batch-64-nhid-0-inlayer-12;NORMAL;79,66;81,38;92,51;87,90;85,78;92,20;70,49;84,27
1608;deberta-base;SUM+AVG-NS_SUM-3-4;two-tokens;SUM+AVG-NS;SUM-3-4;4,00;torch.Size([61, 1536]);12,00;0,00;batch-64-nhid-0-inlayer-12;NORMAL;80,03;81,62;92,52;88,01;85,17;92,20;70,43;84,28
1609;deberta-base;SUM+SUM-NS_SUM-3-4;two-tokens;SUM+SUM-NS;SUM-3-4;4,00;torch.Size([61, 1536]);12,00;0,00;batch-64-nhid-0-inlayer-12;NORMAL;79,75;80,90;92,55;88,26;84,90;91,60;70,49;84,06
1610;deberta-base;SUM+MAX-NS_SUM-3-4;two-tokens;SUM+MAX-NS;SUM-3-4;4,00;torch.Size([61, 1536]);12,00;0,00;batch-64-nhid-0-inlayer-12;NORMAL;79,93;73,59;92,42;76,64;85,45;92,20;70,32;81,51
1611;deberta-base;MAX+AVG-NS_SUM-3-4;two-tokens;MAX+AVG-NS;SUM-3-4;4,00;torch.Size([61, 1536]);12,00;0,00;batch-64-nhid-0-inlayer-12;NORMAL;78,25;81,14;92,88;88,32;84,84;94,20;71,19;84,40
1612;deberta-base;MAX+SUM-NS_SUM-3-4;two-tokens;MAX+SUM-NS;SUM-3-4;4,00;torch.Size([61, 1536]);12,00;0,00;batch-64-nhid-0-inlayer-12;NORMAL;79,26;81,27;92,32;87,73;85,34;92,40;69,68;84,00
1613;deberta-base;MAX+MAX-NS_SUM-3-4;two-tokens;MAX+MAX-NS;SUM-3-4;4,00;torch.Size([61, 1536]);12,00;0,00;batch-64-nhid-0-inlayer-12;NORMAL;74,64;65,48;90,97;49,25;79,74;93,20;71,42;74,96
1614;deberta-base;AVG-NS+SUM-NS_SUM-3-4;two-tokens;AVG-NS+SUM-NS;SUM-3-4;4,00;torch.Size([61, 1536]);12,00;0,00;batch-64-nhid-0-inlayer-12;NORMAL;79,52;80,98;92,51;87,97;85,17;92,20;69,97;84,05
1615;deberta-base;AVG-NS+MAX-NS_SUM-3-4;two-tokens;AVG-NS+MAX-NS;SUM-3-4;4,00;torch.Size([61, 1536]);12,00;0,00;batch-64-nhid-0-inlayer-12;NORMAL;78,43;65,88;93,34;49,49;84,68;94,40;71,13;76,76
1616;deberta-base;SUM-NS+MAX-NS_SUM-3-4;two-tokens;SUM-NS+MAX-NS;SUM-3-4;4,00;torch.Size([61, 1536]);12,00;0,00;batch-64-nhid-0-inlayer-12;NORMAL;79,30;75,87;92,31;74,56;85,56;92,40;70,20;81,46
1617;deberta-base;CLS+AVG_SUM-4-5;two-tokens;CLS+AVG;SUM-4-5;4,00;torch.Size([61, 1536]);12,00;0,00;batch-64-nhid-0-inlayer-12;NORMAL;81,51;86,20;94,76;89,79;86,88;94,20;74,67;86,86
1618;deberta-base;CLS+SUM_SUM-4-5;two-tokens;CLS+SUM;SUM-4-5;4,00;torch.Size([61, 1536]);12,00;0,00;batch-64-nhid-0-inlayer-12;NORMAL;80,83;82,39;93,33;88,85;86,22;92,40;70,49;84,93
1619;deberta-base;CLS+MAX_SUM-4-5;two-tokens;CLS+MAX;SUM-4-5;4,00;torch.Size([61, 1536]);12,00;0,00;batch-64-nhid-0-inlayer-12;NORMAL;77,09;81,22;91,95;88,52;80,94;92,20;70,96;83,27
1620;deberta-base;CLS+AVG-NS_SUM-4-5;two-tokens;CLS+AVG-NS;SUM-4-5;4,00;torch.Size([61, 1536]);12,00;0,00;batch-64-nhid-0-inlayer-12;NORMAL;81,37;85,91;94,98;89,48;87,04;94,60;74,14;86,79
1621;deberta-base;CLS+SUM-NS_SUM-4-5;two-tokens;CLS+SUM-NS;SUM-4-5;4,00;torch.Size([61, 1536]);12,00;0,00;batch-64-nhid-0-inlayer-12;NORMAL;80,57;82,28;93,47;88,76;86,49;92,80;70,09;84,92
1622;deberta-base;CLS+MAX-NS_SUM-4-5;two-tokens;CLS+MAX-NS;SUM-4-5;4,00;torch.Size([61, 1536]);12,00;0,00;batch-64-nhid-0-inlayer-12;NORMAL;76,75;65,54;91,97;72,71;80,83;92,80;71,13;78,82
1623;deberta-base;AVG+SUM_SUM-4-5;two-tokens;AVG+SUM;SUM-4-5;4,00;torch.Size([61, 1536]);12,00;0,00;batch-64-nhid-0-inlayer-12;NORMAL;80,63;82,60;93,36;88,85;85,83;93,00;70,38;84,95
1624;deberta-base;AVG+MAX_SUM-4-5;two-tokens;AVG+MAX;SUM-4-5;4,00;torch.Size([61, 1536]);12,00;0,00;batch-64-nhid-0-inlayer-12;NORMAL;79,67;84,00;93,62;88,88;85,50;93,00;71,36;85,15
1625;deberta-base;AVG+AVG-NS_SUM-4-5;two-tokens;AVG+AVG-NS;SUM-4-5;4,00;torch.Size([61, 1536]);12,00;0,00;batch-64-nhid-0-inlayer-12;NORMAL;81,39;85,14;94,78;89,30;87,48;93,40;73,91;86,49
1626;deberta-base;AVG+SUM-NS_SUM-4-5;two-tokens;AVG+SUM-NS;SUM-4-5;4,00;torch.Size([61, 1536]);12,00;0,00;batch-64-nhid-0-inlayer-12;NORMAL;80,54;82,44;93,52;88,61;86,22;93,20;70,03;84,94
1627;deberta-base;AVG+MAX-NS_SUM-4-5;two-tokens;AVG+MAX-NS;SUM-4-5;4,00;torch.Size([61, 1536]);12,00;0,00;batch-64-nhid-0-inlayer-12;NORMAL;79,81;65,80;93,64;72,73;85,23;92,80;70,96;80,14
1628;deberta-base;SUM+MAX_SUM-4-5;two-tokens;SUM+MAX;SUM-4-5;4,00;torch.Size([61, 1536]);12,00;0,00;batch-64-nhid-0-inlayer-12;NORMAL;80,11;82,73;93,19;88,19;86,22;93,60;70,32;84,91
1629;deberta-base;SUM+AVG-NS_SUM-4-5;two-tokens;SUM+AVG-NS;SUM-4-5;4,00;torch.Size([61, 1536]);12,00;0,00;batch-64-nhid-0-inlayer-12;NORMAL;80,61;82,36;93,31;88,41;87,04;92,80;69,62;84,88
1630;deberta-base;SUM+SUM-NS_SUM-4-5;two-tokens;SUM+SUM-NS;SUM-4-5;4,00;torch.Size([61, 1536]);12,00;0,00;batch-64-nhid-0-inlayer-12;NORMAL;80,52;82,25;93,11;88,66;86,05;93,20;69,68;84,78
1631;deberta-base;SUM+MAX-NS_SUM-4-5;two-tokens;SUM+MAX-NS;SUM-4-5;4,00;torch.Size([61, 1536]);12,00;0,00;batch-64-nhid-0-inlayer-12;NORMAL;80,51;76,47;93,21;75,56;86,60;93,20;70,32;82,27
1632;deberta-base;MAX+AVG-NS_SUM-4-5;two-tokens;MAX+AVG-NS;SUM-4-5;4,00;torch.Size([61, 1536]);12,00;0,00;batch-64-nhid-0-inlayer-12;NORMAL;79,93;83,84;93,58;88,23;84,35;93,40;70,43;84,82
1633;deberta-base;MAX+SUM-NS_SUM-4-5;two-tokens;MAX+SUM-NS;SUM-4-5;4,00;torch.Size([61, 1536]);12,00;0,00;batch-64-nhid-0-inlayer-12;NORMAL;80,30;82,28;93,36;87,95;86,16;93,40;70,49;84,85
1634;deberta-base;MAX+MAX-NS_SUM-4-5;two-tokens;MAX+MAX-NS;SUM-4-5;4,00;torch.Size([61, 1536]);12,00;0,00;batch-64-nhid-0-inlayer-12;NORMAL;76,79;65,59;91,67;49,29;81,27;92,60;70,61;75,40
1635;deberta-base;AVG-NS+SUM-NS_SUM-4-5;two-tokens;AVG-NS+SUM-NS;SUM-4-5;4,00;torch.Size([61, 1536]);12,00;0,00;batch-64-nhid-0-inlayer-12;NORMAL;80,71;81,93;93,45;88,33;86,44;93,00;70,09;84,85
1636;deberta-base;AVG-NS+MAX-NS_SUM-4-5;two-tokens;AVG-NS+MAX-NS;SUM-4-5;4,00;torch.Size([61, 1536]);12,00;0,00;batch-64-nhid-0-inlayer-12;NORMAL;79,66;65,67;93,75;49,28;84,79;93,40;71,25;76,83
1637;deberta-base;SUM-NS+MAX-NS_SUM-4-5;two-tokens;SUM-NS+MAX-NS;SUM-4-5;4,00;torch.Size([61, 1536]);12,00;0,00;batch-64-nhid-0-inlayer-12;NORMAL;80,44;76,10;93,41;77,81;86,22;93,00;70,09;82,44
1638;deberta-base;CLS+AVG_SUM-5-6;two-tokens;CLS+AVG;SUM-5-6;4,00;torch.Size([61, 1536]);12,00;0,00;batch-64-nhid-0-inlayer-12;NORMAL;82,50;88,74;95,55;90,45;88,19;94,60;74,49;87,79
1639;deberta-base;CLS+SUM_SUM-5-6;two-tokens;CLS+SUM;SUM-5-6;4,00;torch.Size([61, 1536]);12,00;0,00;batch-64-nhid-0-inlayer-12;NORMAL;81,92;85,11;93,59;89,23;86,71;94,20;70,09;85,84
1640;deberta-base;CLS+MAX_SUM-5-6;two-tokens;CLS+MAX;SUM-5-6;4,00;torch.Size([61, 1536]);12,00;0,00;batch-64-nhid-0-inlayer-12;NORMAL;78,28;82,60;92,63;89,02;82,26;93,00;71,71;84,21
1641;deberta-base;CLS+AVG-NS_SUM-5-6;two-tokens;CLS+AVG-NS;SUM-5-6;4,00;torch.Size([61, 1536]);12,00;0,00;batch-64-nhid-0-inlayer-12;NORMAL;82,56;88,29;95,45;90,17;87,92;94,20;74,72;87,62
1642;deberta-base;CLS+SUM-NS_SUM-5-6;two-tokens;CLS+SUM-NS;SUM-5-6;4,00;torch.Size([61, 1536]);12,00;0,00;batch-64-nhid-0-inlayer-12;NORMAL;81,78;84,98;93,71;89,26;87,15;93,80;70,14;85,83
1643;deberta-base;CLS+MAX-NS_SUM-5-6;two-tokens;CLS+MAX-NS;SUM-5-6;4,00;torch.Size([61, 1536]);12,00;0,00;batch-64-nhid-0-inlayer-12;NORMAL;78,32;65,01;92,81;74,90;82,54;93,00;69,74;79,47
1644;deberta-base;AVG+SUM_SUM-5-6;two-tokens;AVG+SUM;SUM-5-6;4,00;torch.Size([61, 1536]);12,00;0,00;batch-64-nhid-0-inlayer-12;NORMAL;81,92;85,40;93,57;89,12;86,49;93,80;70,26;85,79
1645;deberta-base;AVG+MAX_SUM-5-6;two-tokens;AVG+MAX;SUM-5-6;4,00;torch.Size([61, 1536]);12,00;0,00;batch-64-nhid-0-inlayer-12;NORMAL;80,88;85,56;94,30;89,31;87,75;94,60;73,33;86,53
1646;deberta-base;AVG+AVG-NS_SUM-5-6;two-tokens;AVG+AVG-NS;SUM-5-6;4,00;torch.Size([61, 1536]);12,00;0,00;batch-64-nhid-0-inlayer-12;NORMAL;82,38;87,97;95,24;90,21;88,41;94,20;73,86;87,47
1647;deberta-base;AVG+SUM-NS_SUM-5-6;two-tokens;AVG+SUM-NS;SUM-5-6;4,00;torch.Size([61, 1536]);12,00;0,00;batch-64-nhid-0-inlayer-12;NORMAL;81,90;84,95;93,61;89,18;86,93;93,80;70,61;85,85
1648;deberta-base;AVG+MAX-NS_SUM-5-6;two-tokens;AVG+MAX-NS;SUM-5-6;4,00;torch.Size([61, 1536]);12,00;0,00;batch-64-nhid-0-inlayer-12;NORMAL;81,07;65,88;94,35;72,80;87,70;94,40;72,06;81,18
1649;deberta-base;SUM+MAX_SUM-5-6;two-tokens;SUM+MAX;SUM-5-6;4,00;torch.Size([61, 1536]);12,00;0,00;batch-64-nhid-0-inlayer-12;NORMAL;81,63;85,22;93,66;88,84;86,71;94,00;69,45;85,64
1650;deberta-base;SUM+AVG-NS_SUM-5-6;two-tokens;SUM+AVG-NS;SUM-5-6;4,00;torch.Size([61, 1536]);12,00;0,00;batch-64-nhid-0-inlayer-12;NORMAL;81,83;85,25;93,51;88,97;86,93;94,20;68,93;85,66
1651;deberta-base;SUM+SUM-NS_SUM-5-6;two-tokens;SUM+SUM-NS;SUM-5-6;4,00;torch.Size([61, 1536]);12,00;0,00;batch-64-nhid-0-inlayer-12;NORMAL;81,83;85,24;93,46;89,11;87,42;93,20;71,36;85,95
1652;deberta-base;SUM+MAX-NS_SUM-5-6;two-tokens;SUM+MAX-NS;SUM-5-6;4,00;torch.Size([61, 1536]);12,00;0,00;batch-64-nhid-0-inlayer-12;NORMAL;81,48;79,04;93,55;52,42;86,82;94,40;70,72;79,78
1653;deberta-base;MAX+AVG-NS_SUM-5-6;two-tokens;MAX+AVG-NS;SUM-5-6;4,00;torch.Size([61, 1536]);12,00;0,00;batch-64-nhid-0-inlayer-12;NORMAL;81,19;85,62;94,27;88,92;86,82;94,60;71,25;86,10
1654;deberta-base;MAX+SUM-NS_SUM-5-6;two-tokens;MAX+SUM-NS;SUM-5-6;4,00;torch.Size([61, 1536]);12,00;0,00;batch-64-nhid-0-inlayer-12;NORMAL;81,67;84,88;93,61;88,86;86,93;94,00;70,61;85,79
1655;deberta-base;MAX+MAX-NS_SUM-5-6;two-tokens;MAX+MAX-NS;SUM-5-6;4,00;torch.Size([61, 1536]);12,00;0,00;batch-64-nhid-0-inlayer-12;NORMAL;78,10;65,67;92,60;49,44;82,43;93,20;71,65;76,16
1656;deberta-base;AVG-NS+SUM-NS_SUM-5-6;two-tokens;AVG-NS+SUM-NS;SUM-5-6;4,00;torch.Size([61, 1536]);12,00;0,00;batch-64-nhid-0-inlayer-12;NORMAL;81,84;84,95;93,58;89,06;86,44;94,00;70,20;85,72
1657;deberta-base;AVG-NS+MAX-NS_SUM-5-6;two-tokens;AVG-NS+MAX-NS;SUM-5-6;4,00;torch.Size([61, 1536]);12,00;0,00;batch-64-nhid-0-inlayer-12;NORMAL;81,00;65,77;94,35;49,40;86,77;95,20;71,94;77,78
1658;deberta-base;SUM-NS+MAX-NS_SUM-5-6;two-tokens;SUM-NS+MAX-NS;SUM-5-6;4,00;torch.Size([61, 1536]);12,00;0,00;batch-64-nhid-0-inlayer-12;NORMAL;81,72;79,47;93,67;49,54;86,55;94,00;70,55;79,36
1659;deberta-base;CLS+AVG_SUM-6-7;two-tokens;CLS+AVG;SUM-6-7;4,00;torch.Size([61, 1536]);12,00;0,00;batch-64-nhid-0-inlayer-12;NORMAL;84,68;90,01;95,90;90,68;89,79;95,40;75,83;88,90
1660;deberta-base;CLS+SUM_SUM-6-7;two-tokens;CLS+SUM;SUM-6-7;4,00;torch.Size([61, 1536]);12,00;0,00;batch-64-nhid-0-inlayer-12;NORMAL;83,75;86,84;94,24;89,42;89,29;94,60;71,30;87,06
1661;deberta-base;CLS+MAX_SUM-6-7;two-tokens;CLS+MAX;SUM-6-7;4,00;torch.Size([61, 1536]);12,00;0,00;batch-64-nhid-0-inlayer-12;NORMAL;80,71;84,40;93,19;89,01;86,00;95,40;71,83;85,79
1662;deberta-base;CLS+AVG-NS_SUM-6-7;two-tokens;CLS+AVG-NS;SUM-6-7;4,00;torch.Size([61, 1536]);12,00;0,00;batch-64-nhid-0-inlayer-12;NORMAL;84,74;89,88;95,81;90,33;90,50;95,40;75,25;88,84
1663;deberta-base;CLS+SUM-NS_SUM-6-7;two-tokens;CLS+SUM-NS;SUM-6-7;4,00;torch.Size([61, 1536]);12,00;0,00;batch-64-nhid-0-inlayer-12;NORMAL;83,93;86,15;94,28;89,44;89,46;95,20;70,72;87,03
1664;deberta-base;CLS+MAX-NS_SUM-6-7;two-tokens;CLS+MAX-NS;SUM-6-7;4,00;torch.Size([61, 1536]);12,00;0,00;batch-64-nhid-0-inlayer-12;NORMAL;80,79;65,67;93,38;75,24;85,61;94,60;71,71;81,00
1665;deberta-base;AVG+SUM_SUM-6-7;two-tokens;AVG+SUM;SUM-6-7;4,00;torch.Size([61, 1536]);12,00;0,00;batch-64-nhid-0-inlayer-12;NORMAL;83,71;86,70;94,23;89,54;89,46;94,60;71,36;87,09
1666;deberta-base;AVG+MAX_SUM-6-7;two-tokens;AVG+MAX;SUM-6-7;4,00;torch.Size([61, 1536]);12,00;0,00;batch-64-nhid-0-inlayer-12;NORMAL;82,98;87,18;94,70;89,51;89,73;95,40;72,52;87,43
1667;deberta-base;AVG+AVG-NS_SUM-6-7;two-tokens;AVG+AVG-NS;SUM-6-7;4,00;torch.Size([61, 1536]);12,00;0,00;batch-64-nhid-0-inlayer-12;NORMAL;84,61;89,59;95,59;90,27;89,84;95,20;74,55;88,52
1668;deberta-base;AVG+SUM-NS_SUM-6-7;two-tokens;AVG+SUM-NS;SUM-6-7;4,00;torch.Size([61, 1536]);12,00;0,00;batch-64-nhid-0-inlayer-12;NORMAL;83,90;86,20;94,32;89,60;89,95;95,00;71,54;87,22
1669;deberta-base;AVG+MAX-NS_SUM-6-7;two-tokens;AVG+MAX-NS;SUM-6-7;4,00;torch.Size([61, 1536]);12,00;0,00;batch-64-nhid-0-inlayer-12;NORMAL;83,14;66,04;94,67;73,13;89,90;95,60;72,06;82,08
1670;deberta-base;SUM+MAX_SUM-6-7;two-tokens;SUM+MAX;SUM-6-7;4,00;torch.Size([61, 1536]);12,00;0,00;batch-64-nhid-0-inlayer-12;NORMAL;83,69;86,99;94,52;88,71;89,51;95,40;71,88;87,24
1671;deberta-base;SUM+AVG-NS_SUM-6-7;two-tokens;SUM+AVG-NS;SUM-6-7;4,00;torch.Size([61, 1536]);12,00;0,00;batch-64-nhid-0-inlayer-12;NORMAL;83,70;86,68;94,18;89,14;89,46;95,40;71,07;87,09
1672;deberta-base;SUM+SUM-NS_SUM-6-7;two-tokens;SUM+SUM-NS;SUM-6-7;4,00;torch.Size([61, 1536]);12,00;0,00;batch-64-nhid-0-inlayer-12;NORMAL;83,74;86,41;94,11;89,33;89,68;95,40;72,12;87,26
1673;deberta-base;SUM+MAX-NS_SUM-6-7;two-tokens;SUM+MAX-NS;SUM-6-7;4,00;torch.Size([61, 1536]);12,00;0,00;batch-64-nhid-0-inlayer-12;NORMAL;83,56;79,02;94,50;49,58;90,23;95,40;71,19;80,50
1674;deberta-base;MAX+AVG-NS_SUM-6-7;two-tokens;MAX+AVG-NS;SUM-6-7;4,00;torch.Size([61, 1536]);12,00;0,00;batch-64-nhid-0-inlayer-12;NORMAL;83,42;87,60;94,62;89,26;89,51;95,40;73,80;87,66
1675;deberta-base;MAX+SUM-NS_SUM-6-7;two-tokens;MAX+SUM-NS;SUM-6-7;4,00;torch.Size([61, 1536]);12,00;0,00;batch-64-nhid-0-inlayer-12;NORMAL;83,67;86,30;94,27;88,93;89,62;95,00;71,94;87,10
1676;deberta-base;MAX+MAX-NS_SUM-6-7;two-tokens;MAX+MAX-NS;SUM-6-7;4,00;torch.Size([61, 1536]);12,00;0,00;batch-64-nhid-0-inlayer-12;NORMAL;80,38;65,85;92,86;49,47;86,22;94,80;71,77;77,34
1677;deberta-base;AVG-NS+SUM-NS_SUM-6-7;two-tokens;AVG-NS+SUM-NS;SUM-6-7;4,00;torch.Size([61, 1536]);12,00;0,00;batch-64-nhid-0-inlayer-12;NORMAL;83,87;86,09;94,32;89,19;90,17;94,60;71,71;87,14
1678;deberta-base;AVG-NS+MAX-NS_SUM-6-7;two-tokens;AVG-NS+MAX-NS;SUM-6-7;4,00;torch.Size([61, 1536]);12,00;0,00;batch-64-nhid-0-inlayer-12;NORMAL;83,27;66,01;94,75;49,55;89,95;95,80;72,46;78,83
1679;deberta-base;SUM-NS+MAX-NS_SUM-6-7;two-tokens;SUM-NS+MAX-NS;SUM-6-7;4,00;torch.Size([61, 1536]);12,00;0,00;batch-64-nhid-0-inlayer-12;NORMAL;83,89;78,09;94,33;49,55;90,01;95,00;71,13;80,29
1680;deberta-base;CLS+AVG_SUM-7-8;two-tokens;CLS+AVG;SUM-7-8;4,00;torch.Size([61, 1536]);12,00;0,00;batch-64-nhid-0-inlayer-12;NORMAL;86,01;90,76;96,01;90,43;91,16;96,00;76,81;89,60
1681;deberta-base;CLS+SUM_SUM-7-8;two-tokens;CLS+SUM;SUM-7-8;4,00;torch.Size([61, 1536]);12,00;0,00;batch-64-nhid-0-inlayer-12;NORMAL;85,02;87,58;94,57;89,03;90,99;95,40;71,77;87,77
1682;deberta-base;CLS+MAX_SUM-7-8;two-tokens;CLS+MAX;SUM-7-8;4,00;torch.Size([61, 1536]);12,00;0,00;batch-64-nhid-0-inlayer-12;NORMAL;82,50;86,33;93,60;89,03;88,85;95,00;72,46;86,82
1683;deberta-base;CLS+AVG-NS_SUM-7-8;two-tokens;CLS+AVG-NS;SUM-7-8;4,00;torch.Size([61, 1536]);12,00;0,00;batch-64-nhid-0-inlayer-12;NORMAL;85,82;90,54;95,91;90,25;91,32;96,00;75,88;89,39
1684;deberta-base;CLS+SUM-NS_SUM-7-8;two-tokens;CLS+SUM-NS;SUM-7-8;4,00;torch.Size([61, 1536]);12,00;0,00;batch-64-nhid-0-inlayer-12;NORMAL;85,00;87,34;94,33;89,18;91,05;95,80;72,58;87,90
1685;deberta-base;CLS+MAX-NS_SUM-7-8;two-tokens;CLS+MAX-NS;SUM-7-8;4,00;torch.Size([61, 1536]);12,00;0,00;batch-64-nhid-0-inlayer-12;NORMAL;82,69;65,85;93,55;49,69;88,85;95,00;72,17;78,26
1686;deberta-base;AVG+SUM_SUM-7-8;two-tokens;AVG+SUM;SUM-7-8;4,00;torch.Size([61, 1536]);12,00;0,00;batch-64-nhid-0-inlayer-12;NORMAL;84,92;87,71;94,43;89,26;90,39;95,40;71,71;87,69
1687;deberta-base;AVG+MAX_SUM-7-8;two-tokens;AVG+MAX;SUM-7-8;4,00;torch.Size([61, 1536]);12,00;0,00;batch-64-nhid-0-inlayer-12;NORMAL;84,35;88,29;94,95;89,64;90,88;96,20;71,83;88,02
1688;deberta-base;AVG+AVG-NS_SUM-7-8;two-tokens;AVG+AVG-NS;SUM-7-8;4,00;torch.Size([61, 1536]);12,00;0,00;batch-64-nhid-0-inlayer-12;NORMAL;85,55;90,36;95,76;90,20;91,76;95,40;74,84;89,12
1689;deberta-base;AVG+SUM-NS_SUM-7-8;two-tokens;AVG+SUM-NS;SUM-7-8;4,00;torch.Size([61, 1536]);12,00;0,00;batch-64-nhid-0-inlayer-12;NORMAL;85,10;87,50;94,37;89,31;89,84;96,20;71,59;87,70
1690;deberta-base;AVG+MAX-NS_SUM-7-8;two-tokens;AVG+MAX-NS;SUM-7-8;4,00;torch.Size([61, 1536]);12,00;0,00;batch-64-nhid-0-inlayer-12;NORMAL;84,59;65,98;95,00;78,37;91,10;96,20;73,04;83,47
1691;deberta-base;SUM+MAX_SUM-7-8;two-tokens;SUM+MAX;SUM-7-8;4,00;torch.Size([61, 1536]);12,00;0,00;batch-64-nhid-0-inlayer-12;NORMAL;84,58;87,92;94,51;88,54;91,10;95,80;72,00;87,78
1692;deberta-base;SUM+AVG-NS_SUM-7-8;two-tokens;SUM+AVG-NS;SUM-7-8;4,00;torch.Size([61, 1536]);12,00;0,00;batch-64-nhid-0-inlayer-12;NORMAL;84,94;87,74;94,54;89,08;90,17;96,00;72,17;87,81
1693;deberta-base;SUM+SUM-NS_SUM-7-8;two-tokens;SUM+SUM-NS;SUM-7-8;4,00;torch.Size([61, 1536]);12,00;0,00;batch-64-nhid-0-inlayer-12;NORMAL;84,70;87,31;94,42;89,16;91,21;95,60;72,75;87,88
1694;deberta-base;SUM+MAX-NS_SUM-7-8;two-tokens;SUM+MAX-NS;SUM-7-8;4,00;torch.Size([61, 1536]);12,00;0,00;batch-64-nhid-0-inlayer-12;NORMAL;84,43;83,92;94,53;49,72;90,72;96,20;71,71;81,60
1695;deberta-base;MAX+AVG-NS_SUM-7-8;two-tokens;MAX+AVG-NS;SUM-7-8;4,00;torch.Size([61, 1536]);12,00;0,00;batch-64-nhid-0-inlayer-12;NORMAL;84,29;88,19;95,10;89,25;90,94;96,20;72,29;88,04
1696;deberta-base;MAX+SUM-NS_SUM-7-8;two-tokens;MAX+SUM-NS;SUM-7-8;4,00;torch.Size([61, 1536]);12,00;0,00;batch-64-nhid-0-inlayer-12;NORMAL;84,89;87,66;94,57;88,61;90,61;95,40;72,75;87,78
1697;deberta-base;MAX+MAX-NS_SUM-7-8;two-tokens;MAX+MAX-NS;SUM-7-8;4,00;torch.Size([61, 1536]);12,00;0,00;batch-64-nhid-0-inlayer-12;NORMAL;82,37;65,93;93,46;49,54;88,63;95,80;71,54;78,18
1698;deberta-base;AVG-NS+SUM-NS_SUM-7-8;two-tokens;AVG-NS+SUM-NS;SUM-7-8;4,00;torch.Size([61, 1536]);12,00;0,00;batch-64-nhid-0-inlayer-12;NORMAL;85,05;87,63;94,43;89,23;90,94;95,00;72,00;87,75
1699;deberta-base;AVG-NS+MAX-NS_SUM-7-8;two-tokens;AVG-NS+MAX-NS;SUM-7-8;4,00;torch.Size([61, 1536]);12,00;0,00;batch-64-nhid-0-inlayer-12;NORMAL;84,59;66,14;95,06;49,52;90,17;96,40;71,65;79,08
1700;deberta-base;SUM-NS+MAX-NS_SUM-7-8;two-tokens;SUM-NS+MAX-NS;SUM-7-8;4,00;torch.Size([61, 1536]);12,00;0,00;batch-64-nhid-0-inlayer-12;NORMAL;84,75;84,85;94,55;49,44;90,94;95,20;71,94;81,67
1701;deberta-base;CLS+AVG_SUM-8-9;two-tokens;CLS+AVG;SUM-8-9;4,00;torch.Size([61, 1536]);12,00;0,00;batch-64-nhid-0-inlayer-12;NORMAL;86,98;91,34;96,05;90,54;91,65;96,00;76,17;89,82
1702;deberta-base;CLS+SUM_SUM-8-9;two-tokens;CLS+SUM;SUM-8-9;4,00;torch.Size([61, 1536]);12,00;0,00;batch-64-nhid-0-inlayer-12;NORMAL;85,87;88,42;94,28;89,16;91,10;95,40;73,91;88,31
1703;deberta-base;CLS+MAX_SUM-8-9;two-tokens;CLS+MAX;SUM-8-9;4,00;torch.Size([61, 1536]);12,00;0,00;batch-64-nhid-0-inlayer-12;NORMAL;84,14;87,39;93,70;88,75;88,91;95,00;73,68;87,37
1704;deberta-base;CLS+AVG-NS_SUM-8-9;two-tokens;CLS+AVG-NS;SUM-8-9;4,00;torch.Size([61, 1536]);12,00;0,00;batch-64-nhid-0-inlayer-12;NORMAL;86,86;91,39;95,93;90,09;92,42;95,80;76,17;89,81
1705;deberta-base;CLS+SUM-NS_SUM-8-9;two-tokens;CLS+SUM-NS;SUM-8-9;4,00;torch.Size([61, 1536]);12,00;0,00;batch-64-nhid-0-inlayer-12;NORMAL;85,75;88,24;94,17;89,29;91,10;95,60;73,04;88,17
1706;deberta-base;CLS+MAX-NS_SUM-8-9;two-tokens;CLS+MAX-NS;SUM-8-9;4,00;torch.Size([61, 1536]);12,00;0,00;batch-64-nhid-0-inlayer-12;NORMAL;84,09;66,04;93,52;75,36;89,07;94,40;72,87;82,19
1707;deberta-base;AVG+SUM_SUM-8-9;two-tokens;AVG+SUM;SUM-8-9;4,00;torch.Size([61, 1536]);12,00;0,00;batch-64-nhid-0-inlayer-12;NORMAL;85,80;88,26;94,35;89,10;90,83;95,40;74,32;88,29
1708;deberta-base;AVG+MAX_SUM-8-9;two-tokens;AVG+MAX;SUM-8-9;4,00;torch.Size([61, 1536]);12,00;0,00;batch-64-nhid-0-inlayer-12;NORMAL;85,82;89,56;95,24;89,53;91,16;95,40;71,77;88,35
1709;deberta-base;AVG+AVG-NS_SUM-8-9;two-tokens;AVG+AVG-NS;SUM-8-9;4,00;torch.Size([61, 1536]);12,00;0,00;batch-64-nhid-0-inlayer-12;NORMAL;86,46;90,86;95,93;90,16;92,31;96,20;76,58;89,79
1710;deberta-base;AVG+SUM-NS_SUM-8-9;two-tokens;AVG+SUM-NS;SUM-8-9;4,00;torch.Size([61, 1536]);12,00;0,00;batch-64-nhid-0-inlayer-12;NORMAL;85,81;88,45;94,36;88,91;90,77;95,60;73,51;88,20
1711;deberta-base;AVG+MAX-NS_SUM-8-9;two-tokens;AVG+MAX-NS;SUM-8-9;4,00;torch.Size([61, 1536]);12,00;0,00;batch-64-nhid-0-inlayer-12;NORMAL;85,87;66,28;95,10;74,89;91,49;95,00;73,57;83,17
1712;deberta-base;SUM+MAX_SUM-8-9;two-tokens;SUM+MAX;SUM-8-9;4,00;torch.Size([61, 1536]);12,00;0,00;batch-64-nhid-0-inlayer-12;NORMAL;85,51;88,74;94,46;88,34;91,38;95,60;74,49;88,36
1713;deberta-base;SUM+AVG-NS_SUM-8-9;two-tokens;SUM+AVG-NS;SUM-8-9;4,00;torch.Size([61, 1536]);12,00;0,00;batch-64-nhid-0-inlayer-12;NORMAL;85,94;88,61;94,30;89,00;91,05;95,80;74,09;88,40
1714;deberta-base;SUM+SUM-NS_SUM-8-9;two-tokens;SUM+SUM-NS;SUM-8-9;4,00;torch.Size([61, 1536]);12,00;0,00;batch-64-nhid-0-inlayer-12;NORMAL;85,49;88,19;94,23;89,04;91,16;95,40;74,03;88,22
1715;deberta-base;SUM+MAX-NS_SUM-8-9;two-tokens;SUM+MAX-NS;SUM-8-9;4,00;torch.Size([61, 1536]);12,00;0,00;batch-64-nhid-0-inlayer-12;NORMAL;85,53;81,48;94,46;49,49;91,43;95,80;74,14;81,76
1716;deberta-base;MAX+AVG-NS_SUM-8-9;two-tokens;MAX+AVG-NS;SUM-8-9;4,00;torch.Size([61, 1536]);12,00;0,00;batch-64-nhid-0-inlayer-12;NORMAL;85,77;89,51;95,26;89,25;91,60;95,40;72,12;88,42
1717;deberta-base;MAX+SUM-NS_SUM-8-9;two-tokens;MAX+SUM-NS;SUM-8-9;4,00;torch.Size([61, 1536]);12,00;0,00;batch-64-nhid-0-inlayer-12;NORMAL;85,69;88,56;94,44;88,57;91,05;95,40;73,68;88,20
1718;deberta-base;MAX+MAX-NS_SUM-8-9;two-tokens;MAX+MAX-NS;SUM-8-9;4,00;torch.Size([61, 1536]);12,00;0,00;batch-64-nhid-0-inlayer-12;NORMAL;83,73;66,01;93,34;49,59;89,13;94,20;71,83;78,26
1719;deberta-base;AVG-NS+SUM-NS_SUM-8-9;two-tokens;AVG-NS+SUM-NS;SUM-8-9;4,00;torch.Size([61, 1536]);12,00;0,00;batch-64-nhid-0-inlayer-12;NORMAL;85,84;88,29;94,29;89,11;91,27;96,00;73,86;88,38
1720;deberta-base;AVG-NS+MAX-NS_SUM-8-9;two-tokens;AVG-NS+MAX-NS;SUM-8-9;4,00;torch.Size([61, 1536]);12,00;0,00;batch-64-nhid-0-inlayer-12;NORMAL;85,49;66,22;95,15;49,65;91,21;95,20;71,83;79,25
1721;deberta-base;SUM-NS+MAX-NS_SUM-8-9;two-tokens;SUM-NS+MAX-NS;SUM-8-9;4,00;torch.Size([61, 1536]);12,00;0,00;batch-64-nhid-0-inlayer-12;NORMAL;85,44;81,72;94,55;49,44;90,88;95,60;73,86;81,64
1722;deberta-base;CLS+AVG_SUM-9-10;two-tokens;CLS+AVG;SUM-9-10;4,00;torch.Size([61, 1536]);12,00;0,00;batch-64-nhid-0-inlayer-12;NORMAL;87,96;92,19;96,08;90,59;91,87;96,40;75,71;90,11
1723;deberta-base;CLS+SUM_SUM-9-10;two-tokens;CLS+SUM;SUM-9-10;4,00;torch.Size([61, 1536]);12,00;0,00;batch-64-nhid-0-inlayer-12;NORMAL;86,86;88,87;94,58;89,27;91,43;95,20;74,03;88,61
1724;deberta-base;CLS+MAX_SUM-9-10;two-tokens;CLS+MAX;SUM-9-10;4,00;torch.Size([61, 1536]);12,00;0,00;batch-64-nhid-0-inlayer-12;NORMAL;85,15;89,06;93,58;89,13;89,62;94,60;71,65;87,54
1725;deberta-base;CLS+AVG-NS_SUM-9-10;two-tokens;CLS+AVG-NS;SUM-9-10;4,00;torch.Size([61, 1536]);12,00;0,00;batch-64-nhid-0-inlayer-12;NORMAL;87,71;91,95;96,05;90,02;92,15;96,60;75,59;90,01
1726;deberta-base;CLS+SUM-NS_SUM-9-10;two-tokens;CLS+SUM-NS;SUM-9-10;4,00;torch.Size([61, 1536]);12,00;0,00;batch-64-nhid-0-inlayer-12;NORMAL;86,65;89,17;94,44;88,97;91,10;95,40;72,87;88,37
1727;deberta-base;CLS+MAX-NS_SUM-9-10;two-tokens;CLS+MAX-NS;SUM-9-10;4,00;torch.Size([61, 1536]);12,00;0,00;batch-64-nhid-0-inlayer-12;NORMAL;84,96;66,12;93,46;49,51;89,68;94,60;72,35;78,67
1728;deberta-base;AVG+SUM_SUM-9-10;two-tokens;AVG+SUM;SUM-9-10;4,00;torch.Size([61, 1536]);12,00;0,00;batch-64-nhid-0-inlayer-12;NORMAL;86,79;89,04;94,68;88,94;91,82;95,20;73,74;88,60
1729;deberta-base;AVG+MAX_SUM-9-10;two-tokens;AVG+MAX;SUM-9-10;4,00;torch.Size([61, 1536]);12,00;0,00;batch-64-nhid-0-inlayer-12;NORMAL;86,56;90,70;95,27;89,51;91,93;95,40;73,16;88,93
1730;deberta-base;AVG+AVG-NS_SUM-9-10;two-tokens;AVG+AVG-NS;SUM-9-10;4,00;torch.Size([61, 1536]);12,00;0,00;batch-64-nhid-0-inlayer-12;NORMAL;87,78;91,87;96,00;90,01;92,64;96,20;74,90;89,91
1731;deberta-base;AVG+SUM-NS_SUM-9-10;two-tokens;AVG+SUM-NS;SUM-9-10;4,00;torch.Size([61, 1536]);12,00;0,00;batch-64-nhid-0-inlayer-12;NORMAL;86,64;89,17;94,50;89,06;91,27;95,60;73,33;88,51
1732;deberta-base;AVG+MAX-NS_SUM-9-10;two-tokens;AVG+MAX-NS;SUM-9-10;4,00;torch.Size([61, 1536]);12,00;0,00;batch-64-nhid-0-inlayer-12;NORMAL;86,22;66,38;95,14;49,67;92,04;95,60;71,54;79,51
1733;deberta-base;SUM+MAX_SUM-9-10;two-tokens;SUM+MAX;SUM-9-10;4,00;torch.Size([61, 1536]);12,00;0,00;batch-64-nhid-0-inlayer-12;NORMAL;86,73;89,11;94,81;89,08;91,54;94,80;73,74;88,54
1734;deberta-base;SUM+AVG-NS_SUM-9-10;two-tokens;SUM+AVG-NS;SUM-9-10;4,00;torch.Size([61, 1536]);12,00;0,00;batch-64-nhid-0-inlayer-12;NORMAL;86,80;88,95;94,69;89,17;91,82;95,00;73,80;88,60
1735;deberta-base;SUM+SUM-NS_SUM-9-10;two-tokens;SUM+SUM-NS;SUM-9-10;4,00;torch.Size([61, 1536]);12,00;0,00;batch-64-nhid-0-inlayer-12;NORMAL;86,67;89,03;94,63;89,00;91,38;95,40;72,75;88,41
1736;deberta-base;SUM+MAX-NS_SUM-9-10;two-tokens;SUM+MAX-NS;SUM-9-10;4,00;torch.Size([61, 1536]);12,00;0,00;batch-64-nhid-0-inlayer-12;NORMAL;86,61;82,25;94,76;49,46;92,15;95,60;73,74;82,08
1737;deberta-base;MAX+AVG-NS_SUM-9-10;two-tokens;MAX+AVG-NS;SUM-9-10;4,00;torch.Size([61, 1536]);12,00;0,00;batch-64-nhid-0-inlayer-12;NORMAL;86,43;90,68;95,32;89,17;91,87;96,00;73,04;88,93
1738;deberta-base;MAX+SUM-NS_SUM-9-10;two-tokens;MAX+SUM-NS;SUM-9-10;4,00;torch.Size([61, 1536]);12,00;0,00;batch-64-nhid-0-inlayer-12;NORMAL;86,46;89,30;94,64;89,05;91,65;95,20;72,41;88,39
1739;deberta-base;MAX+MAX-NS_SUM-9-10;two-tokens;MAX+MAX-NS;SUM-9-10;4,00;torch.Size([61, 1536]);12,00;0,00;batch-64-nhid-0-inlayer-12;NORMAL;84,71;65,90;93,13;49,54;90,17;94,60;71,48;78,50
1740;deberta-base;AVG-NS+SUM-NS_SUM-9-10;two-tokens;AVG-NS+SUM-NS;SUM-9-10;4,00;torch.Size([61, 1536]);12,00;0,00;batch-64-nhid-0-inlayer-12;NORMAL;86,65;89,27;94,57;89,27;91,76;95,40;72,70;88,52
1741;deberta-base;AVG-NS+MAX-NS_SUM-9-10;two-tokens;AVG-NS+MAX-NS;SUM-9-10;4,00;torch.Size([61, 1536]);12,00;0,00;batch-64-nhid-0-inlayer-12;NORMAL;86,34;66,41;95,36;49,65;91,43;96,20;72,99;79,77
1742;deberta-base;SUM-NS+MAX-NS_SUM-9-10;two-tokens;SUM-NS+MAX-NS;SUM-9-10;4,00;torch.Size([61, 1536]);12,00;0,00;batch-64-nhid-0-inlayer-12;NORMAL;86,57;83,39;94,73;49,46;91,27;95,80;72,93;82,02
1743;deberta-base;CLS+AVG_SUM-10-11;two-tokens;CLS+AVG;SUM-10-11;4,00;torch.Size([61, 1536]);12,00;0,00;batch-64-nhid-0-inlayer-12;NORMAL;88,13;91,95;96,20;90,40;92,37;95,20;76,58;90,12
1744;deberta-base;CLS+SUM_SUM-10-11;two-tokens;CLS+SUM;SUM-10-11;4,00;torch.Size([61, 1536]);12,00;0,00;batch-64-nhid-0-inlayer-12;NORMAL;87,02;89,48;94,54;89,34;91,82;94,80;72,58;88,51
1745;deberta-base;CLS+MAX_SUM-10-11;two-tokens;CLS+MAX;SUM-10-11;4,00;torch.Size([61, 1536]);12,00;0,00;batch-64-nhid-0-inlayer-12;NORMAL;84,90;87,79;93,96;88,92;90,33;95,20;72,12;87,60
1746;deberta-base;CLS+AVG-NS_SUM-10-11;two-tokens;CLS+AVG-NS;SUM-10-11;4,00;torch.Size([61, 1536]);12,00;0,00;batch-64-nhid-0-inlayer-12;NORMAL;88,01;91,52;96,19;89,98;92,31;95,20;76,35;89,94
1747;deberta-base;CLS+SUM-NS_SUM-10-11;two-tokens;CLS+SUM-NS;SUM-10-11;4,00;torch.Size([61, 1536]);12,00;0,00;batch-64-nhid-0-inlayer-12;NORMAL;86,91;88,96;94,62;89,18;91,38;94,60;72,41;88,29
1748;deberta-base;CLS+MAX-NS_SUM-10-11;two-tokens;CLS+MAX-NS;SUM-10-11;4,00;torch.Size([61, 1536]);12,00;0,00;batch-64-nhid-0-inlayer-12;NORMAL;84,95;65,98;93,95;49,33;90,28;94,60;71,88;78,71
1749;deberta-base;AVG+SUM_SUM-10-11;two-tokens;AVG+SUM;SUM-10-11;4,00;torch.Size([61, 1536]);12,00;0,00;batch-64-nhid-0-inlayer-12;NORMAL;86,92;89,35;94,69;89,29;91,10;94,80;72,35;88,36
1750;deberta-base;AVG+MAX_SUM-10-11;two-tokens;AVG+MAX;SUM-10-11;4,00;torch.Size([61, 1536]);12,00;0,00;batch-64-nhid-0-inlayer-12;NORMAL;87,19;90,28;95,45;89,22;92,53;95,40;73,33;89,06
1751;deberta-base;AVG+AVG-NS_SUM-10-11;two-tokens;AVG+AVG-NS;SUM-10-11;4,00;torch.Size([61, 1536]);12,00;0,00;batch-64-nhid-0-inlayer-12;NORMAL;87,97;91,50;96,12;89,93;92,53;96,00;76,12;90,02
1752;deberta-base;AVG+SUM-NS_SUM-10-11;two-tokens;AVG+SUM-NS;SUM-10-11;4,00;torch.Size([61, 1536]);12,00;0,00;batch-64-nhid-0-inlayer-12;NORMAL;86,85;88,96;94,46;89,43;90,83;94,60;72,35;88,21
1753;deberta-base;AVG+MAX-NS_SUM-10-11;two-tokens;AVG+MAX-NS;SUM-10-11;4,00;torch.Size([61, 1536]);12,00;0,00;batch-64-nhid-0-inlayer-12;NORMAL;87,01;66,33;95,45;49,35;92,70;95,00;72,81;79,81
1754;deberta-base;SUM+MAX_SUM-10-11;two-tokens;SUM+MAX;SUM-10-11;4,00;torch.Size([61, 1536]);12,00;0,00;batch-64-nhid-0-inlayer-12;NORMAL;86,64;89,48;94,58;89,11;91,82;95,00;72,06;88,38
1755;deberta-base;SUM+AVG-NS_SUM-10-11;two-tokens;SUM+AVG-NS;SUM-10-11;4,00;torch.Size([61, 1536]);12,00;0,00;batch-64-nhid-0-inlayer-12;NORMAL;87,07;89,35;94,58;89,13;91,98;94,40;71,48;88,28
1756;deberta-base;SUM+SUM-NS_SUM-10-11;two-tokens;SUM+SUM-NS;SUM-10-11;4,00;torch.Size([61, 1536]);12,00;0,00;batch-64-nhid-0-inlayer-12;NORMAL;86,96;89,25;94,55;89,38;91,10;95,00;72,87;88,44
1757;deberta-base;SUM+MAX-NS_SUM-10-11;two-tokens;SUM+MAX-NS;SUM-10-11;4,00;torch.Size([61, 1536]);12,00;0,00;batch-64-nhid-0-inlayer-12;NORMAL;86,67;81,09;94,61;49,14;91,65;94,80;70,96;81,27
1758;deberta-base;MAX+AVG-NS_SUM-10-11;two-tokens;MAX+AVG-NS;SUM-10-11;4,00;torch.Size([61, 1536]);12,00;0,00;batch-64-nhid-0-inlayer-12;NORMAL;87,19;90,78;95,36;89,07;92,31;95,80;73,33;89,12
1759;deberta-base;MAX+SUM-NS_SUM-10-11;two-tokens;MAX+SUM-NS;SUM-10-11;4,00;torch.Size([61, 1536]);12,00;0,00;batch-64-nhid-0-inlayer-12;NORMAL;86,78;89,22;94,68;89,03;91,27;95,20;72,41;88,37
1760;deberta-base;MAX+MAX-NS_SUM-10-11;two-tokens;MAX+MAX-NS;SUM-10-11;4,00;torch.Size([61, 1536]);12,00;0,00;batch-64-nhid-0-inlayer-12;NORMAL;84,68;66,22;93,73;49,30;90,33;94,20;70,55;78,43
1761;deberta-base;AVG-NS+SUM-NS_SUM-10-11;two-tokens;AVG-NS+SUM-NS;SUM-10-11;4,00;torch.Size([61, 1536]);12,00;0,00;batch-64-nhid-0-inlayer-12;NORMAL;86,92;89,11;94,58;89,33;91,16;95,20;71,42;88,25
1762;deberta-base;AVG-NS+MAX-NS_SUM-10-11;two-tokens;AVG-NS+MAX-NS;SUM-10-11;4,00;torch.Size([61, 1536]);12,00;0,00;batch-64-nhid-0-inlayer-12;NORMAL;86,92;66,41;95,42;49,41;92,86;95,40;72,64;79,87
1763;deberta-base;SUM-NS+MAX-NS_SUM-10-11;two-tokens;SUM-NS+MAX-NS;SUM-10-11;4,00;torch.Size([61, 1536]);12,00;0,00;batch-64-nhid-0-inlayer-12;NORMAL;86,67;84,11;94,71;49,19;91,71;95,20;71,71;81,90
1764;deberta-base;CLS+AVG_SUM-11-12;two-tokens;CLS+AVG;SUM-11-12;4,00;torch.Size([61, 1536]);12,00;0,00;batch-64-nhid-0-inlayer-12;NORMAL;87,58;90,81;95,69;89,97;91,87;93,40;70,61;88,56
1765;deberta-base;CLS+SUM_SUM-11-12;two-tokens;CLS+SUM;SUM-11-12;4,00;torch.Size([61, 1536]);12,00;0,00;batch-64-nhid-0-inlayer-12;NORMAL;87,04;90,09;95,14;89,15;91,21;93,60;68,29;87,79
1766;deberta-base;CLS+MAX_SUM-11-12;two-tokens;CLS+MAX;SUM-11-12;4,00;torch.Size([61, 1536]);12,00;0,00;batch-64-nhid-0-inlayer-12;NORMAL;83,13;86,12;92,79;88,04;88,14;90,60;70,61;85,63
1767;deberta-base;CLS+AVG-NS_SUM-11-12;two-tokens;CLS+AVG-NS;SUM-11-12;4,00;torch.Size([61, 1536]);12,00;0,00;batch-64-nhid-0-inlayer-12;NORMAL;87,59;90,97;95,80;89,72;92,37;93,00;70,96;88,63
1768;deberta-base;CLS+SUM-NS_SUM-11-12;two-tokens;CLS+SUM-NS;SUM-11-12;4,00;torch.Size([61, 1536]);12,00;0,00;batch-64-nhid-0-inlayer-12;NORMAL;87,11;89,70;94,94;89,06;91,60;93,40;67,88;87,67
1769;deberta-base;CLS+MAX-NS_SUM-11-12;two-tokens;CLS+MAX-NS;SUM-11-12;4,00;torch.Size([61, 1536]);12,00;0,00;batch-64-nhid-0-inlayer-12;NORMAL;83,13;65,85;92,92;75,16;88,19;90,20;71,59;81,01
1770;deberta-base;AVG+SUM_SUM-11-12;two-tokens;AVG+SUM;SUM-11-12;4,00;torch.Size([61, 1536]);12,00;0,00;batch-64-nhid-0-inlayer-12;NORMAL;87,14;90,02;95,20;89,18;91,38;93,80;68,12;87,83
1771;deberta-base;AVG+MAX_SUM-11-12;two-tokens;AVG+MAX;SUM-11-12;4,00;torch.Size([61, 1536]);12,00;0,00;batch-64-nhid-0-inlayer-12;NORMAL;85,76;89,27;94,70;88,97;90,88;92,80;70,55;87,56
1772;deberta-base;AVG+AVG-NS_SUM-11-12;two-tokens;AVG+AVG-NS;SUM-11-12;4,00;torch.Size([61, 1536]);12,00;0,00;batch-64-nhid-0-inlayer-12;NORMAL;87,35;90,78;95,53;89,75;92,09;92,20;69,80;88,21
1773;deberta-base;AVG+SUM-NS_SUM-11-12;two-tokens;AVG+SUM-NS;SUM-11-12;4,00;torch.Size([61, 1536]);12,00;0,00;batch-64-nhid-0-inlayer-12;NORMAL;86,99;89,62;95,07;89,02;91,60;93,80;68,41;87,79
1774;deberta-base;AVG+MAX-NS_SUM-11-12;two-tokens;AVG+MAX-NS;SUM-11-12;4,00;torch.Size([61, 1536]);12,00;0,00;batch-64-nhid-0-inlayer-12;NORMAL;85,64;66,49;94,61;76,88;91,16;92,80;70,38;82,57
1775;deberta-base;SUM+MAX_SUM-11-12;two-tokens;SUM+MAX;SUM-11-12;4,00;torch.Size([61, 1536]);12,00;0,00;batch-64-nhid-0-inlayer-12;NORMAL;87,03;89,59;95,39;88,79;91,49;93,00;68,06;87,62
1776;deberta-base;SUM+AVG-NS_SUM-11-12;two-tokens;SUM+AVG-NS;SUM-11-12;4,00;torch.Size([61, 1536]);12,00;0,00;batch-64-nhid-0-inlayer-12;NORMAL;87,08;89,72;95,31;89,32;91,43;93,20;67,83;87,70
1777;deberta-base;SUM+SUM-NS_SUM-11-12;two-tokens;SUM+SUM-NS;SUM-11-12;4,00;torch.Size([61, 1536]);12,00;0,00;batch-64-nhid-0-inlayer-12;NORMAL;87,07;89,99;95,30;89,08;91,43;93,60;68,06;87,79
1778;deberta-base;SUM+MAX-NS_SUM-11-12;two-tokens;SUM+MAX-NS;SUM-11-12;4,00;torch.Size([61, 1536]);12,00;0,00;batch-64-nhid-0-inlayer-12;NORMAL;87,00;68,08;95,35;72,71;91,54;94,20;67,88;82,39
1779;deberta-base;MAX+AVG-NS_SUM-11-12;two-tokens;MAX+AVG-NS;SUM-11-12;4,00;torch.Size([61, 1536]);12,00;0,00;batch-64-nhid-0-inlayer-12;NORMAL;85,83;89,35;94,64;89,34;91,21;92,00;70,09;87,49
1780;deberta-base;MAX+SUM-NS_SUM-11-12;two-tokens;MAX+SUM-NS;SUM-11-12;4,00;torch.Size([61, 1536]);12,00;0,00;batch-64-nhid-0-inlayer-12;NORMAL;87,08;89,83;95,33;88,91;91,27;93,20;67,94;87,65
1781;deberta-base;MAX+MAX-NS_SUM-11-12;two-tokens;MAX+MAX-NS;SUM-11-12;4,00;torch.Size([61, 1536]);12,00;0,00;batch-64-nhid-0-inlayer-12;NORMAL;82,85;65,85;92,74;42,89;87,81;89,80;70,38;76,05
1782;deberta-base;AVG-NS+SUM-NS_SUM-11-12;two-tokens;AVG-NS+SUM-NS;SUM-11-12;4,00;torch.Size([61, 1536]);12,00;0,00;batch-64-nhid-0-inlayer-12;NORMAL;87,10;90,07;95,22;89,31;91,16;93,40;67,88;87,73
1783;deberta-base;AVG-NS+MAX-NS_SUM-11-12;two-tokens;AVG-NS+MAX-NS;SUM-11-12;4,00;torch.Size([61, 1536]);12,00;0,00;batch-64-nhid-0-inlayer-12;NORMAL;85,95;66,25;94,83;42,93;91,43;92,40;71,07;77,84
1784;deberta-base;SUM-NS+MAX-NS_SUM-11-12;two-tokens;SUM-NS+MAX-NS;SUM-11-12;4,00;torch.Size([61, 1536]);12,00;0,00;batch-64-nhid-0-inlayer-12;NORMAL;87,28;68,60;95,19;73,25;91,43;92,60;68,41;82,39
1785;deberta-base;CLS+AVG_SUM-1-3;two-tokens;CLS+AVG;SUM-1-3;4,00;torch.Size([61, 1536]);12,00;0,00;batch-64-nhid-0-inlayer-12;NORMAL;78,87;80,69;93,67;89,27;83,03;90,60;74,09;84,32
1786;deberta-base;CLS+SUM_SUM-1-3;two-tokens;CLS+SUM;SUM-1-3;4,00;torch.Size([61, 1536]);12,00;0,00;batch-64-nhid-0-inlayer-12;NORMAL;78,17;77,88;92,18;88,20;83,53;89,60;71,07;82,95
1787;deberta-base;CLS+MAX_SUM-1-3;two-tokens;CLS+MAX;SUM-1-3;4,00;torch.Size([61, 1536]);12,00;0,00;batch-64-nhid-0-inlayer-12;NORMAL;73,18;76,58;89,31;88,06;77,32;89,00;69,80;80,46
1788;deberta-base;CLS+AVG-NS_SUM-1-3;two-tokens;CLS+AVG-NS;SUM-1-3;4,00;torch.Size([61, 1536]);12,00;0,00;batch-64-nhid-0-inlayer-12;NORMAL;78,53;80,61;93,60;88,75;82,81;90,20;74,49;84,14
1789;deberta-base;CLS+SUM-NS_SUM-1-3;two-tokens;CLS+SUM-NS;SUM-1-3;4,00;torch.Size([61, 1536]);12,00;0,00;batch-64-nhid-0-inlayer-12;NORMAL;77,84;77,70;91,73;87,99;83,42;90,00;70,67;82,76
1790;deberta-base;CLS+MAX-NS_SUM-1-3;two-tokens;CLS+MAX-NS;SUM-1-3;4,00;torch.Size([61, 1536]);12,00;0,00;batch-64-nhid-0-inlayer-12;NORMAL;73,07;64,95;89,26;48,98;77,87;88,40;70,09;73,23
1791;deberta-base;AVG+SUM_SUM-1-3;two-tokens;AVG+SUM;SUM-1-3;4,00;torch.Size([61, 1536]);12,00;0,00;batch-64-nhid-0-inlayer-12;NORMAL;78,17;77,80;92,23;87,76;83,14;88,60;70,49;82,60
1792;deberta-base;AVG+MAX_SUM-1-3;two-tokens;AVG+MAX;SUM-1-3;4,00;torch.Size([61, 1536]);12,00;0,00;batch-64-nhid-0-inlayer-12;NORMAL;77,46;77,67;91,32;87,89;83,09;89,20;69,57;82,31
1793;deberta-base;AVG+AVG-NS_SUM-1-3;two-tokens;AVG+AVG-NS;SUM-1-3;4,00;torch.Size([61, 1536]);12,00;0,00;batch-64-nhid-0-inlayer-12;NORMAL;78,38;80,37;93,40;88,60;83,69;90,20;71,94;83,80
1794;deberta-base;AVG+SUM-NS_SUM-1-3;two-tokens;AVG+SUM-NS;SUM-1-3;4,00;torch.Size([61, 1536]);12,00;0,00;batch-64-nhid-0-inlayer-12;NORMAL;77,74;77,75;91,86;88,02;83,20;89,60;70,78;82,71
1795;deberta-base;AVG+MAX-NS_SUM-1-3;two-tokens;AVG+MAX-NS;SUM-1-3;4,00;torch.Size([61, 1536]);12,00;0,00;batch-64-nhid-0-inlayer-12;NORMAL;77,24;65,03;91,33;49,14;82,92;89,40;70,55;75,09
1796;deberta-base;SUM+MAX_SUM-1-3;two-tokens;SUM+MAX;SUM-1-3;4,00;torch.Size([61, 1536]);12,00;0,00;batch-64-nhid-0-inlayer-12;NORMAL;77,87;77,46;91,88;86,94;82,65;89,80;71,42;82,57
1797;deberta-base;SUM+AVG-NS_SUM-1-3;two-tokens;SUM+AVG-NS;SUM-1-3;4,00;torch.Size([61, 1536]);12,00;0,00;batch-64-nhid-0-inlayer-12;NORMAL;78,11;77,70;92,21;87,65;82,65;89,00;71,01;82,62
1798;deberta-base;SUM+SUM-NS_SUM-1-3;two-tokens;SUM+SUM-NS;SUM-1-3;4,00;torch.Size([61, 1536]);12,00;0,00;batch-64-nhid-0-inlayer-12;NORMAL;78,07;77,40;91,83;87,73;83,42;89,20;71,59;82,75
1799;deberta-base;SUM+MAX-NS_SUM-1-3;two-tokens;SUM+MAX-NS;SUM-1-3;4,00;torch.Size([61, 1536]);12,00;0,00;batch-64-nhid-0-inlayer-12;NORMAL;77,62;73,91;91,96;85,92;83,09;89,60;70,96;81,87
1800;deberta-base;MAX+AVG-NS_SUM-1-3;two-tokens;MAX+AVG-NS;SUM-1-3;4,00;torch.Size([61, 1536]);12,00;0,00;batch-64-nhid-0-inlayer-12;NORMAL;76,86;77,46;91,49;87,11;81,44;90,20;69,91;82,07
1801;deberta-base;MAX+SUM-NS_SUM-1-3;two-tokens;MAX+SUM-NS;SUM-1-3;4,00;torch.Size([61, 1536]);12,00;0,00;batch-64-nhid-0-inlayer-12;NORMAL;77,47;76,85;91,74;87,01;83,14;90,00;71,25;82,49
1802;deberta-base;MAX+MAX-NS_SUM-1-3;two-tokens;MAX+MAX-NS;SUM-1-3;4,00;torch.Size([61, 1536]);12,00;0,00;batch-64-nhid-0-inlayer-12;NORMAL;72,60;65,67;89,04;75,51;77,43;87,80;68,99;76,72
1803;deberta-base;AVG-NS+SUM-NS_SUM-1-3;two-tokens;AVG-NS+SUM-NS;SUM-1-3;4,00;torch.Size([61, 1536]);12,00;0,00;batch-64-nhid-0-inlayer-12;NORMAL;77,79;77,64;91,82;87,54;82,92;90,20;71,36;82,75
1804;deberta-base;AVG-NS+MAX-NS_SUM-1-3;two-tokens;AVG-NS+MAX-NS;SUM-1-3;4,00;torch.Size([61, 1536]);12,00;0,00;batch-64-nhid-0-inlayer-12;NORMAL;77,09;64,95;91,58;49,05;82,15;90,60;70,67;75,16
1805;deberta-base;SUM-NS+MAX-NS_SUM-1-3;two-tokens;SUM-NS+MAX-NS;SUM-1-3;4,00;torch.Size([61, 1536]);12,00;0,00;batch-64-nhid-0-inlayer-12;NORMAL;77,46;73,64;91,62;81,94;83,69;89,40;70,55;81,19
1806;deberta-base;CLS+AVG_SUM-2-4;two-tokens;CLS+AVG;SUM-2-4;4,00;torch.Size([61, 1536]);12,00;0,00;batch-64-nhid-0-inlayer-12;NORMAL;80,00;83,21;94,18;89,31;85,39;92,60;73,28;85,42
1807;deberta-base;CLS+SUM_SUM-2-4;two-tokens;CLS+SUM;SUM-2-4;4,00;torch.Size([61, 1536]);12,00;0,00;batch-64-nhid-0-inlayer-12;NORMAL;79,78;80,37;92,60;88,52;84,73;90,80;70,78;83,94
1808;deberta-base;CLS+MAX_SUM-2-4;two-tokens;CLS+MAX;SUM-2-4;4,00;torch.Size([61, 1536]);12,00;0,00;batch-64-nhid-0-inlayer-12;NORMAL;75,02;78,49;90,60;88,26;78,36;91,80;71,19;81,96
1809;deberta-base;CLS+AVG-NS_SUM-2-4;two-tokens;CLS+AVG-NS;SUM-2-4;4,00;torch.Size([61, 1536]);12,00;0,00;batch-64-nhid-0-inlayer-12;NORMAL;79,60;82,68;94,15;89,02;84,84;92,80;74,49;85,37
1810;deberta-base;CLS+SUM-NS_SUM-2-4;two-tokens;CLS+SUM-NS;SUM-2-4;4,00;torch.Size([61, 1536]);12,00;0,00;batch-64-nhid-0-inlayer-12;NORMAL;79,28;80,42;92,98;88,47;85,06;90,20;69,62;83,72
1811;deberta-base;CLS+MAX-NS_SUM-2-4;two-tokens;CLS+MAX-NS;SUM-2-4;4,00;torch.Size([61, 1536]);12,00;0,00;batch-64-nhid-0-inlayer-12;NORMAL;75,00;65,06;90,83;49,25;78,20;90,20;70,49;74,15
1812;deberta-base;AVG+SUM_SUM-2-4;two-tokens;AVG+SUM;SUM-2-4;4,00;torch.Size([61, 1536]);12,00;0,00;batch-64-nhid-0-inlayer-12;NORMAL;79,76;80,48;92,76;88,08;85,01;91,00;70,09;83,88
1813;deberta-base;AVG+MAX_SUM-2-4;two-tokens;AVG+MAX;SUM-2-4;4,00;torch.Size([61, 1536]);12,00;0,00;batch-64-nhid-0-inlayer-12;NORMAL;78,19;79,87;92,36;88,25;84,57;91,60;70,90;83,68
1814;deberta-base;AVG+AVG-NS_SUM-2-4;two-tokens;AVG+AVG-NS;SUM-2-4;4,00;torch.Size([61, 1536]);12,00;0,00;batch-64-nhid-0-inlayer-12;NORMAL;79,71;82,41;93,92;88,96;86,11;92,20;73,04;85,19
1815;deberta-base;AVG+SUM-NS_SUM-2-4;two-tokens;AVG+SUM-NS;SUM-2-4;4,00;torch.Size([61, 1536]);12,00;0,00;batch-64-nhid-0-inlayer-12;NORMAL;79,28;80,16;92,78;88,28;84,68;91,20;70,55;83,85
1816;deberta-base;AVG+MAX-NS_SUM-2-4;two-tokens;AVG+MAX-NS;SUM-2-4;4,00;torch.Size([61, 1536]);12,00;0,00;batch-64-nhid-0-inlayer-12;NORMAL;78,03;65,11;92,53;49,23;84,40;91,40;70,96;75,95
1817;deberta-base;SUM+MAX_SUM-2-4;two-tokens;SUM+MAX;SUM-2-4;4,00;torch.Size([61, 1536]);12,00;0,00;batch-64-nhid-0-inlayer-12;NORMAL;79,36;80,03;92,62;87,57;84,84;90,80;70,72;83,71
1818;deberta-base;SUM+AVG-NS_SUM-2-4;two-tokens;SUM+AVG-NS;SUM-2-4;4,00;torch.Size([61, 1536]);12,00;0,00;batch-64-nhid-0-inlayer-12;NORMAL;79,71;80,56;92,75;88,04;85,23;90,80;70,32;83,92
1819;deberta-base;SUM+SUM-NS_SUM-2-4;two-tokens;SUM+SUM-NS;SUM-2-4;4,00;torch.Size([61, 1536]);12,00;0,00;batch-64-nhid-0-inlayer-12;NORMAL;79,41;80,74;92,85;88,34;84,40;90,00;70,14;83,70
1820;deberta-base;SUM+MAX-NS_SUM-2-4;two-tokens;SUM+MAX-NS;SUM-2-4;4,00;torch.Size([61, 1536]);12,00;0,00;batch-64-nhid-0-inlayer-12;NORMAL;79,60;75,13;92,73;82,68;85,17;91,20;71,07;82,51
1821;deberta-base;MAX+AVG-NS_SUM-2-4;two-tokens;MAX+AVG-NS;SUM-2-4;4,00;torch.Size([61, 1536]);12,00;0,00;batch-64-nhid-0-inlayer-12;NORMAL;77,96;80,08;92,43;87,56;83,64;91,80;71,42;83,56
1822;deberta-base;MAX+SUM-NS_SUM-2-4;two-tokens;MAX+SUM-NS;SUM-2-4;4,00;torch.Size([61, 1536]);12,00;0,00;batch-64-nhid-0-inlayer-12;NORMAL;78,93;80,02;92,60;87,42;85,39;90,40;70,38;83,59
1823;deberta-base;MAX+MAX-NS_SUM-2-4;two-tokens;MAX+MAX-NS;SUM-2-4;4,00;torch.Size([61, 1536]);12,00;0,00;batch-64-nhid-0-inlayer-12;NORMAL;74,71;64,98;90,62;72,45;78,25;90,40;70,14;77,36
1824;deberta-base;AVG-NS+SUM-NS_SUM-2-4;two-tokens;AVG-NS+SUM-NS;SUM-2-4;4,00;torch.Size([61, 1536]);12,00;0,00;batch-64-nhid-0-inlayer-12;NORMAL;79,30;80,08;92,77;88,14;85,23;90,60;69,57;83,67
1825;deberta-base;AVG-NS+MAX-NS_SUM-2-4;two-tokens;AVG-NS+MAX-NS;SUM-2-4;4,00;torch.Size([61, 1536]);12,00;0,00;batch-64-nhid-0-inlayer-12;NORMAL;78,17;65,11;92,40;49,23;83,25;92,20;72,00;76,05
1826;deberta-base;SUM-NS+MAX-NS_SUM-2-4;two-tokens;SUM-NS+MAX-NS;SUM-2-4;4,00;torch.Size([61, 1536]);12,00;0,00;batch-64-nhid-0-inlayer-12;NORMAL;78,86;75,66;92,48;81,80;85,50;93,00;69,33;82,38
1827;deberta-base;CLS+AVG_SUM-3-5;two-tokens;CLS+AVG;SUM-3-5;4,00;torch.Size([61, 1536]);12,00;0,00;batch-64-nhid-0-inlayer-12;NORMAL;80,92;85,17;94,59;89,60;86,88;93,60;74,49;86,46
1828;deberta-base;CLS+SUM_SUM-3-5;two-tokens;CLS+SUM;SUM-3-5;4,00;torch.Size([61, 1536]);12,00;0,00;batch-64-nhid-0-inlayer-12;NORMAL;80,78;82,30;93,02;88,60;86,77;92,80;70,43;84,96
1829;deberta-base;CLS+MAX_SUM-3-5;two-tokens;CLS+MAX;SUM-3-5;4,00;torch.Size([61, 1536]);12,00;0,00;batch-64-nhid-0-inlayer-12;NORMAL;76,56;80,29;91,35;88,43;81,05;92,00;71,25;82,99
1830;deberta-base;CLS+AVG-NS_SUM-3-5;two-tokens;CLS+AVG-NS;SUM-3-5;4,00;torch.Size([61, 1536]);12,00;0,00;batch-64-nhid-0-inlayer-12;NORMAL;80,54;84,87;94,71;89,36;86,77;93,80;74,72;86,40
1831;deberta-base;CLS+SUM-NS_SUM-3-5;two-tokens;CLS+SUM-NS;SUM-3-5;4,00;torch.Size([61, 1536]);12,00;0,00;batch-64-nhid-0-inlayer-12;NORMAL;80,56;82,52;92,95;88,70;86,49;93,60;69,22;84,86
1832;deberta-base;CLS+MAX-NS_SUM-3-5;two-tokens;CLS+MAX-NS;SUM-3-5;4,00;torch.Size([61, 1536]);12,00;0,00;batch-64-nhid-0-inlayer-12;NORMAL;76,24;65,35;91,31;49,32;80,62;93,40;71,65;75,41
1833;deberta-base;AVG+SUM_SUM-3-5;two-tokens;AVG+SUM;SUM-3-5;4,00;torch.Size([61, 1536]);12,00;0,00;batch-64-nhid-0-inlayer-12;NORMAL;80,68;82,36;93,06;88,57;86,05;93,00;69,68;84,77
1834;deberta-base;AVG+MAX_SUM-3-5;two-tokens;AVG+MAX;SUM-3-5;4,00;torch.Size([61, 1536]);12,00;0,00;batch-64-nhid-0-inlayer-12;NORMAL;79,15;82,31;93,16;88,63;86,33;93,60;71,25;84,92
1835;deberta-base;AVG+AVG-NS_SUM-3-5;two-tokens;AVG+AVG-NS;SUM-3-5;4,00;torch.Size([61, 1536]);12,00;0,00;batch-64-nhid-0-inlayer-12;NORMAL;80,80;84,35;94,43;89,02;86,77;92,80;73,74;85,99
1836;deberta-base;AVG+SUM-NS_SUM-3-5;two-tokens;AVG+SUM-NS;SUM-3-5;4,00;torch.Size([61, 1536]);12,00;0,00;batch-64-nhid-0-inlayer-12;NORMAL;80,44;82,20;93,13;88,29;86,16;93,20;69,57;84,71
1837;deberta-base;AVG+MAX-NS_SUM-3-5;two-tokens;AVG+MAX-NS;SUM-3-5;4,00;torch.Size([61, 1536]);12,00;0,00;batch-64-nhid-0-inlayer-12;NORMAL;79,01;65,59;93,18;49,24;85,67;93,20;72,58;76,92
1838;deberta-base;SUM+MAX_SUM-3-5;two-tokens;SUM+MAX;SUM-3-5;4,00;torch.Size([61, 1536]);12,00;0,00;batch-64-nhid-0-inlayer-12;NORMAL;80,62;82,49;92,98;87,93;86,27;93,20;70,14;84,80
1839;deberta-base;SUM+AVG-NS_SUM-3-5;two-tokens;SUM+AVG-NS;SUM-3-5;4,00;torch.Size([61, 1536]);12,00;0,00;batch-64-nhid-0-inlayer-12;NORMAL;80,53;82,25;93,06;88,00;86,22;92,80;70,84;84,81
1840;deberta-base;SUM+SUM-NS_SUM-3-5;two-tokens;SUM+SUM-NS;SUM-3-5;4,00;torch.Size([61, 1536]);12,00;0,00;batch-64-nhid-0-inlayer-12;NORMAL;80,51;82,20;93,05;88,54;86,33;93,80;70,14;84,94
1841;deberta-base;SUM+MAX-NS_SUM-3-5;two-tokens;SUM+MAX-NS;SUM-3-5;4,00;torch.Size([61, 1536]);12,00;0,00;batch-64-nhid-0-inlayer-12;NORMAL;80,58;74,68;92,97;81,91;86,05;93,40;69,74;82,76
1842;deberta-base;MAX+AVG-NS_SUM-3-5;two-tokens;MAX+AVG-NS;SUM-3-5;4,00;torch.Size([61, 1536]);12,00;0,00;batch-64-nhid-0-inlayer-12;NORMAL;79,40;81,88;93,14;88,03;84,84;93,40;72,52;84,74
1843;deberta-base;MAX+SUM-NS_SUM-3-5;two-tokens;MAX+SUM-NS;SUM-3-5;4,00;torch.Size([61, 1536]);12,00;0,00;batch-64-nhid-0-inlayer-12;NORMAL;80,53;81,59;93,12;87,90;86,49;93,40;69,86;84,70
1844;deberta-base;MAX+MAX-NS_SUM-3-5;two-tokens;MAX+MAX-NS;SUM-3-5;4,00;torch.Size([61, 1536]);12,00;0,00;batch-64-nhid-0-inlayer-12;NORMAL;75,34;65,99;91,17;84,51;80,34;92,60;70,84;80,11
1845;deberta-base;AVG-NS+SUM-NS_SUM-3-5;two-tokens;AVG-NS+SUM-NS;SUM-3-5;4,00;torch.Size([61, 1536]);12,00;0,00;batch-64-nhid-0-inlayer-12;NORMAL;80,42;82,33;92,96;87,87;86,11;93,40;69,33;84,63
1846;deberta-base;AVG-NS+MAX-NS_SUM-3-5;two-tokens;AVG-NS+MAX-NS;SUM-3-5;4,00;torch.Size([61, 1536]);12,00;0,00;batch-64-nhid-0-inlayer-12;NORMAL;79,04;65,56;93,23;72,50;85,06;93,40;72,12;80,13
1847;deberta-base;SUM-NS+MAX-NS_SUM-3-5;two-tokens;SUM-NS+MAX-NS;SUM-3-5;4,00;torch.Size([61, 1536]);12,00;0,00;batch-64-nhid-0-inlayer-12;NORMAL;80,56;74,94;92,84;77,01;86,38;93,60;69,91;82,18
1848;deberta-base;CLS+AVG_SUM-4-6;two-tokens;CLS+AVG;SUM-4-6;4,00;torch.Size([61, 1536]);12,00;0,00;batch-64-nhid-0-inlayer-12;NORMAL;82,12;86,97;95,05;90,06;87,75;94,20;75,13;87,33
1849;deberta-base;CLS+SUM_SUM-4-6;two-tokens;CLS+SUM;SUM-4-6;4,00;torch.Size([61, 1536]);12,00;0,00;batch-64-nhid-0-inlayer-12;NORMAL;81,53;84,16;93,55;89,01;87,15;93,80;70,72;85,70
1850;deberta-base;CLS+MAX_SUM-4-6;two-tokens;CLS+MAX;SUM-4-6;4,00;torch.Size([61, 1536]);12,00;0,00;batch-64-nhid-0-inlayer-12;NORMAL;77,67;81,85;92,37;88,84;81,33;93,20;71,77;83,86
1851;deberta-base;CLS+AVG-NS_SUM-4-6;two-tokens;CLS+AVG-NS;SUM-4-6;4,00;torch.Size([61, 1536]);12,00;0,00;batch-64-nhid-0-inlayer-12;NORMAL;81,93;86,97;95,09;89,77;87,70;94,40;73,28;87,02
1852;deberta-base;CLS+SUM-NS_SUM-4-6;two-tokens;CLS+SUM-NS;SUM-4-6;4,00;torch.Size([61, 1536]);12,00;0,00;batch-64-nhid-0-inlayer-12;NORMAL;81,50;84,19;93,42;88,92;87,10;94,00;70,43;85,65
1853;deberta-base;CLS+MAX-NS_SUM-4-6;two-tokens;CLS+MAX-NS;SUM-4-6;4,00;torch.Size([61, 1536]);12,00;0,00;batch-64-nhid-0-inlayer-12;NORMAL;77,63;65,69;92,23;49,51;81,66;93,00;71,83;75,94
1854;deberta-base;AVG+SUM_SUM-4-6;two-tokens;AVG+SUM;SUM-4-6;4,00;torch.Size([61, 1536]);12,00;0,00;batch-64-nhid-0-inlayer-12;NORMAL;81,48;84,18;93,56;89,02;86,22;93,80;70,55;85,54
1855;deberta-base;AVG+MAX_SUM-4-6;two-tokens;AVG+MAX;SUM-4-6;4,00;torch.Size([61, 1536]);12,00;0,00;batch-64-nhid-0-inlayer-12;NORMAL;80,80;84,61;93,70;88,73;86,00;93,80;72,41;85,72
1856;deberta-base;AVG+AVG-NS_SUM-4-6;two-tokens;AVG+AVG-NS;SUM-4-6;4,00;torch.Size([61, 1536]);12,00;0,00;batch-64-nhid-0-inlayer-12;NORMAL;81,83;86,38;94,86;89,76;88,08;94,00;74,20;87,02
1857;deberta-base;AVG+SUM-NS_SUM-4-6;two-tokens;AVG+SUM-NS;SUM-4-6;4,00;torch.Size([61, 1536]);12,00;0,00;batch-64-nhid-0-inlayer-12;NORMAL;81,49;84,11;93,23;88,91;85,67;94,20;70,14;85,39
1858;deberta-base;AVG+MAX-NS_SUM-4-6;two-tokens;AVG+MAX-NS;SUM-4-6;4,00;torch.Size([61, 1536]);12,00;0,00;batch-64-nhid-0-inlayer-12;NORMAL;80,72;65,96;93,76;49,36;86,33;94,20;71,65;77,43
1859;deberta-base;SUM+MAX_SUM-4-6;two-tokens;SUM+MAX;SUM-4-6;4,00;torch.Size([61, 1536]);12,00;0,00;batch-64-nhid-0-inlayer-12;NORMAL;80,87;84,53;93,60;88,51;86,49;94,40;71,42;85,69
1860;deberta-base;SUM+AVG-NS_SUM-4-6;two-tokens;SUM+AVG-NS;SUM-4-6;4,00;torch.Size([61, 1536]);12,00;0,00;batch-64-nhid-0-inlayer-12;NORMAL;81,52;84,13;93,44;88,70;86,60;93,80;71,25;85,63
1861;deberta-base;SUM+SUM-NS_SUM-4-6;two-tokens;SUM+SUM-NS;SUM-4-6;4,00;torch.Size([61, 1536]);12,00;0,00;batch-64-nhid-0-inlayer-12;NORMAL;81,25;84,45;93,34;88,94;87,10;93,80;70,49;85,62
1862;deberta-base;SUM+MAX-NS_SUM-4-6;two-tokens;SUM+MAX-NS;SUM-4-6;4,00;torch.Size([61, 1536]);12,00;0,00;batch-64-nhid-0-inlayer-12;NORMAL;81,04;77,41;93,52;80,75;86,55;94,00;71,48;83,54
1863;deberta-base;MAX+AVG-NS_SUM-4-6;two-tokens;MAX+AVG-NS;SUM-4-6;4,00;torch.Size([61, 1536]);12,00;0,00;batch-64-nhid-0-inlayer-12;NORMAL;81,06;84,29;93,70;88,60;86,11;94,40;72,46;85,80
1864;deberta-base;MAX+SUM-NS_SUM-4-6;two-tokens;MAX+SUM-NS;SUM-4-6;4,00;torch.Size([61, 1536]);12,00;0,00;batch-64-nhid-0-inlayer-12;NORMAL;81,22;84,24;93,31;88,34;85,89;94,60;70,09;85,38
1865;deberta-base;MAX+MAX-NS_SUM-4-6;two-tokens;MAX+MAX-NS;SUM-4-6;4,00;torch.Size([61, 1536]);12,00;0,00;batch-64-nhid-0-inlayer-12;NORMAL;77,49;65,80;91,94;83,59;80,83;92,40;71,01;80,44
1866;deberta-base;AVG-NS+SUM-NS_SUM-4-6;two-tokens;AVG-NS+SUM-NS;SUM-4-6;4,00;torch.Size([61, 1536]);12,00;0,00;batch-64-nhid-0-inlayer-12;NORMAL;81,57;84,03;93,40;88,77;86,55;94,40;70,20;85,56
1867;deberta-base;AVG-NS+MAX-NS_SUM-4-6;two-tokens;AVG-NS+MAX-NS;SUM-4-6;4,00;torch.Size([61, 1536]);12,00;0,00;batch-64-nhid-0-inlayer-12;NORMAL;80,53;65,88;93,81;80,29;86,00;94,20;72,17;81,84
1868;deberta-base;SUM-NS+MAX-NS_SUM-4-6;two-tokens;SUM-NS+MAX-NS;SUM-4-6;4,00;torch.Size([61, 1536]);12,00;0,00;batch-64-nhid-0-inlayer-12;NORMAL;81,04;77,65;93,32;73,84;86,71;94,40;70,03;82,43
1869;deberta-base;CLS+AVG_SUM-5-7;two-tokens;CLS+AVG;SUM-5-7;4,00;torch.Size([61, 1536]);12,00;0,00;batch-64-nhid-0-inlayer-12;NORMAL;84,01;89,25;95,68;90,39;89,13;94,40;76,00;88,41
1870;deberta-base;CLS+SUM_SUM-5-7;two-tokens;CLS+SUM;SUM-5-7;4,00;torch.Size([61, 1536]);12,00;0,00;batch-64-nhid-0-inlayer-12;NORMAL;83,24;86,38;94,18;89,28;88,08;93,80;70,67;86,52
1871;deberta-base;CLS+MAX_SUM-5-7;two-tokens;CLS+MAX;SUM-5-7;4,00;torch.Size([61, 1536]);12,00;0,00;batch-64-nhid-0-inlayer-12;NORMAL;79,63;83,36;92,77;89,12;84,18;93,00;70,84;84,70
1872;deberta-base;CLS+AVG-NS_SUM-5-7;two-tokens;CLS+AVG-NS;SUM-5-7;4,00;torch.Size([61, 1536]);12,00;0,00;batch-64-nhid-0-inlayer-12;NORMAL;83,79;88,90;95,60;90,16;89,24;94,80;75,01;88,21
1873;deberta-base;CLS+SUM-NS_SUM-5-7;two-tokens;CLS+SUM-NS;SUM-5-7;4,00;torch.Size([61, 1536]);12,00;0,00;batch-64-nhid-0-inlayer-12;NORMAL;83,09;85,80;94,24;89,11;88,19;94,20;70,84;86,50
1874;deberta-base;CLS+MAX-NS_SUM-5-7;two-tokens;CLS+MAX-NS;SUM-5-7;4,00;torch.Size([61, 1536]);12,00;0,00;batch-64-nhid-0-inlayer-12;NORMAL;79,44;65,88;92,77;49,58;84,07;93,80;70,90;76,63
1875;deberta-base;AVG+SUM_SUM-5-7;two-tokens;AVG+SUM;SUM-5-7;4,00;torch.Size([61, 1536]);12,00;0,00;batch-64-nhid-0-inlayer-12;NORMAL;83,20;86,36;94,21;89,23;88,14;93,80;69,80;86,39
1876;deberta-base;AVG+MAX_SUM-5-7;two-tokens;AVG+MAX;SUM-5-7;4,00;torch.Size([61, 1536]);12,00;0,00;batch-64-nhid-0-inlayer-12;NORMAL;82,23;86,86;94,50;89,22;89,18;94,40;72,52;86,99
1877;deberta-base;AVG+AVG-NS_SUM-5-7;two-tokens;AVG+AVG-NS;SUM-5-7;4,00;torch.Size([61, 1536]);12,00;0,00;batch-64-nhid-0-inlayer-12;NORMAL;83,61;88,43;95,41;89,93;89,51;94,60;74,03;87,93
1878;deberta-base;AVG+SUM-NS_SUM-5-7;two-tokens;AVG+SUM-NS;SUM-5-7;4,00;torch.Size([61, 1536]);12,00;0,00;batch-64-nhid-0-inlayer-12;NORMAL;83,09;85,83;94,22;89,30;89,07;93,80;69,86;86,45
1879;deberta-base;AVG+MAX-NS_SUM-5-7;two-tokens;AVG+MAX-NS;SUM-5-7;4,00;torch.Size([61, 1536]);12,00;0,00;batch-64-nhid-0-inlayer-12;NORMAL;82,10;65,98;94,33;49,52;88,74;94,80;71,88;78,19
1880;deberta-base;SUM+MAX_SUM-5-7;two-tokens;SUM+MAX;SUM-5-7;4,00;torch.Size([61, 1536]);12,00;0,00;batch-64-nhid-0-inlayer-12;NORMAL;83,07;86,70;94,31;88,60;88,30;94,20;70,49;86,52
1881;deberta-base;SUM+AVG-NS_SUM-5-7;two-tokens;SUM+AVG-NS;SUM-5-7;4,00;torch.Size([61, 1536]);12,00;0,00;batch-64-nhid-0-inlayer-12;NORMAL;83,32;86,60;94,32;89,11;88,85;93,60;70,61;86,63
1882;deberta-base;SUM+SUM-NS_SUM-5-7;two-tokens;SUM+SUM-NS;SUM-5-7;4,00;torch.Size([61, 1536]);12,00;0,00;batch-64-nhid-0-inlayer-12;NORMAL;83,09;86,30;94,19;89,34;88,41;94,20;71,07;86,66
1883;deberta-base;SUM+MAX-NS_SUM-5-7;two-tokens;SUM+MAX-NS;SUM-5-7;4,00;torch.Size([61, 1536]);12,00;0,00;batch-64-nhid-0-inlayer-12;NORMAL;82,96;81,88;94,21;79,57;88,85;94,00;70,43;84,56
1884;deberta-base;MAX+AVG-NS_SUM-5-7;two-tokens;MAX+AVG-NS;SUM-5-7;4,00;torch.Size([61, 1536]);12,00;0,00;batch-64-nhid-0-inlayer-12;NORMAL;82,23;86,86;94,48;88,92;88,58;94,60;73,33;87,00
1885;deberta-base;MAX+SUM-NS_SUM-5-7;two-tokens;MAX+SUM-NS;SUM-5-7;4,00;torch.Size([61, 1536]);12,00;0,00;batch-64-nhid-0-inlayer-12;NORMAL;83,01;86,09;94,19;88,57;88,69;94,60;70,43;86,51
1886;deberta-base;MAX+MAX-NS_SUM-5-7;two-tokens;MAX+MAX-NS;SUM-5-7;4,00;torch.Size([61, 1536]);12,00;0,00;batch-64-nhid-0-inlayer-12;NORMAL;79,17;65,69;92,61;85,31;84,24;93,20;71,77;81,71
1887;deberta-base;AVG-NS+SUM-NS_SUM-5-7;two-tokens;AVG-NS+SUM-NS;SUM-5-7;4,00;torch.Size([61, 1536]);12,00;0,00;batch-64-nhid-0-inlayer-12;NORMAL;83,00;86,25;94,19;88,99;89,02;94,20;71,07;86,67
1888;deberta-base;AVG-NS+MAX-NS_SUM-5-7;two-tokens;AVG-NS+MAX-NS;SUM-5-7;4,00;torch.Size([61, 1536]);12,00;0,00;batch-64-nhid-0-inlayer-12;NORMAL;82,26;65,88;94,42;72,74;88,63;94,80;72,46;81,60
1889;deberta-base;SUM-NS+MAX-NS_SUM-5-7;two-tokens;SUM-NS+MAX-NS;SUM-5-7;4,00;torch.Size([61, 1536]);12,00;0,00;batch-64-nhid-0-inlayer-12;NORMAL;82,86;82,07;94,33;83,52;88,85;94,00;70,55;85,17
1890;deberta-base;CLS+AVG_SUM-6-8;two-tokens;CLS+AVG;SUM-6-8;4,00;torch.Size([61, 1536]);12,00;0,00;batch-64-nhid-0-inlayer-12;NORMAL;85,46;89,99;95,89;90,35;90,77;96,00;76,41;89,27
1891;deberta-base;CLS+SUM_SUM-6-8;two-tokens;CLS+SUM;SUM-6-8;4,00;torch.Size([61, 1536]);12,00;0,00;batch-64-nhid-0-inlayer-12;NORMAL;84,69;87,60;94,41;89,22;90,17;95,20;72,00;87,61
1892;deberta-base;CLS+MAX_SUM-6-8;two-tokens;CLS+MAX;SUM-6-8;4,00;torch.Size([61, 1536]);12,00;0,00;batch-64-nhid-0-inlayer-12;NORMAL;81,61;84,77;93,32;88,78;87,75;94,80;72,06;86,16
1893;deberta-base;CLS+AVG-NS_SUM-6-8;two-tokens;CLS+AVG-NS;SUM-6-8;4,00;torch.Size([61, 1536]);12,00;0,00;batch-64-nhid-0-inlayer-12;NORMAL;85,39;89,75;95,77;90,22;91,16;96,00;75,48;89,11
1894;deberta-base;CLS+SUM-NS_SUM-6-8;two-tokens;CLS+SUM-NS;SUM-6-8;4,00;torch.Size([61, 1536]);12,00;0,00;batch-64-nhid-0-inlayer-12;NORMAL;84,52;87,05;94,25;89,26;90,33;95,20;72,35;87,57
1895;deberta-base;CLS+MAX-NS_SUM-6-8;two-tokens;CLS+MAX-NS;SUM-6-8;4,00;torch.Size([61, 1536]);12,00;0,00;batch-64-nhid-0-inlayer-12;NORMAL;81,49;65,98;93,21;49,62;87,53;95,00;71,71;77,79
1896;deberta-base;AVG+SUM_SUM-6-8;two-tokens;AVG+SUM;SUM-6-8;4,00;torch.Size([61, 1536]);12,00;0,00;batch-64-nhid-0-inlayer-12;NORMAL;84,66;87,47;94,45;89,27;90,17;94,80;71,77;87,51
1897;deberta-base;AVG+MAX_SUM-6-8;two-tokens;AVG+MAX;SUM-6-8;4,00;torch.Size([61, 1536]);12,00;0,00;batch-64-nhid-0-inlayer-12;NORMAL;83,70;87,92;94,60;89,40;90,23;96,20;73,22;87,90
1898;deberta-base;AVG+AVG-NS_SUM-6-8;two-tokens;AVG+AVG-NS;SUM-6-8;4,00;torch.Size([61, 1536]);12,00;0,00;batch-64-nhid-0-inlayer-12;NORMAL;85,12;89,46;95,66;90,02;90,88;95,80;73,80;88,68
1899;deberta-base;AVG+SUM-NS_SUM-6-8;two-tokens;AVG+SUM-NS;SUM-6-8;4,00;torch.Size([61, 1536]);12,00;0,00;batch-64-nhid-0-inlayer-12;NORMAL;84,53;87,13;94,28;89,34;90,50;95,40;71,13;87,47
1900;deberta-base;AVG+MAX-NS_SUM-6-8;two-tokens;AVG+MAX-NS;SUM-6-8;4,00;torch.Size([61, 1536]);12,00;0,00;batch-64-nhid-0-inlayer-12;NORMAL;83,84;66,12;94,43;49,54;90,28;95,80;73,04;79,01
1901;deberta-base;SUM+MAX_SUM-6-8;two-tokens;SUM+MAX;SUM-6-8;4,00;torch.Size([61, 1536]);12,00;0,00;batch-64-nhid-0-inlayer-12;NORMAL;84,40;87,68;94,29;88,52;90,17;95,00;71,71;87,40
1902;deberta-base;SUM+AVG-NS_SUM-6-8;two-tokens;SUM+AVG-NS;SUM-6-8;4,00;torch.Size([61, 1536]);12,00;0,00;batch-64-nhid-0-inlayer-12;NORMAL;84,63;87,55;94,43;88,86;90,06;95,40;72,46;87,63
1903;deberta-base;SUM+SUM-NS_SUM-6-8;two-tokens;SUM+SUM-NS;SUM-6-8;4,00;torch.Size([61, 1536]);12,00;0,00;batch-64-nhid-0-inlayer-12;NORMAL;84,46;87,20;94,30;89,09;90,06;95,20;72,00;87,47
1904;deberta-base;SUM+MAX-NS_SUM-6-8;two-tokens;SUM+MAX-NS;SUM-6-8;4,00;torch.Size([61, 1536]);12,00;0,00;batch-64-nhid-0-inlayer-12;NORMAL;84,10;77,93;94,47;89,07;90,39;95,00;71,65;86,09
1905;deberta-base;MAX+AVG-NS_SUM-6-8;two-tokens;MAX+AVG-NS;SUM-6-8;4,00;torch.Size([61, 1536]);12,00;0,00;batch-64-nhid-0-inlayer-12;NORMAL;83,73;87,84;94,75;89,23;90,44;95,20;73,39;87,80
1906;deberta-base;MAX+SUM-NS_SUM-6-8;two-tokens;MAX+SUM-NS;SUM-6-8;4,00;torch.Size([61, 1536]);12,00;0,00;batch-64-nhid-0-inlayer-12;NORMAL;84,52;87,58;94,37;88,76;90,44;95,20;71,36;87,46
1907;deberta-base;MAX+MAX-NS_SUM-6-8;two-tokens;MAX+MAX-NS;SUM-6-8;4,00;torch.Size([61, 1536]);12,00;0,00;batch-64-nhid-0-inlayer-12;NORMAL;81,59;65,96;92,91;82,12;87,37;95,00;71,30;82,32
1908;deberta-base;AVG-NS+SUM-NS_SUM-6-8;two-tokens;AVG-NS+SUM-NS;SUM-6-8;4,00;torch.Size([61, 1536]);12,00;0,00;batch-64-nhid-0-inlayer-12;NORMAL;84,50;86,91;94,35;88,93;89,79;95,00;71,42;87,27
1909;deberta-base;AVG-NS+MAX-NS_SUM-6-8;two-tokens;AVG-NS+MAX-NS;SUM-6-8;4,00;torch.Size([61, 1536]);12,00;0,00;batch-64-nhid-0-inlayer-12;NORMAL;83,72;66,17;94,45;72,93;90,23;96,40;73,45;82,48
1910;deberta-base;SUM-NS+MAX-NS_SUM-6-8;two-tokens;SUM-NS+MAX-NS;SUM-6-8;4,00;torch.Size([61, 1536]);12,00;0,00;batch-64-nhid-0-inlayer-12;NORMAL;84,55;79,02;94,35;89,24;90,72;95,40;71,01;86,33
1911;deberta-base;CLS+AVG_SUM-7-9;two-tokens;CLS+AVG;SUM-7-9;4,00;torch.Size([61, 1536]);12,00;0,00;batch-64-nhid-0-inlayer-12;NORMAL;86,53;90,89;95,70;90,31;91,60;95,60;76,70;89,62
1912;deberta-base;CLS+SUM_SUM-7-9;two-tokens;CLS+SUM;SUM-7-9;4,00;torch.Size([61, 1536]);12,00;0,00;batch-64-nhid-0-inlayer-12;NORMAL;85,57;88,26;94,44;89,28;91,54;95,60;72,75;88,21
1913;deberta-base;CLS+MAX_SUM-7-9;two-tokens;CLS+MAX;SUM-7-9;4,00;torch.Size([61, 1536]);12,00;0,00;batch-64-nhid-0-inlayer-12;NORMAL;83,55;86,68;93,54;88,71;89,13;94,60;71,71;86,85
1914;deberta-base;CLS+AVG-NS_SUM-7-9;two-tokens;CLS+AVG-NS;SUM-7-9;4,00;torch.Size([61, 1536]);12,00;0,00;batch-64-nhid-0-inlayer-12;NORMAL;86,45;90,78;95,71;90,21;91,93;95,60;75,88;89,51
1915;deberta-base;CLS+SUM-NS_SUM-7-9;two-tokens;CLS+SUM-NS;SUM-7-9;4,00;torch.Size([61, 1536]);12,00;0,00;batch-64-nhid-0-inlayer-12;NORMAL;85,47;88,29;94,32;89,31;91,76;95,60;72,87;88,23
1916;deberta-base;CLS+MAX-NS_SUM-7-9;two-tokens;CLS+MAX-NS;SUM-7-9;4,00;torch.Size([61, 1536]);12,00;0,00;batch-64-nhid-0-inlayer-12;NORMAL;83,40;65,85;93,42;49,69;89,35;95,20;71,94;78,41
1917;deberta-base;AVG+SUM_SUM-7-9;two-tokens;AVG+SUM;SUM-7-9;4,00;torch.Size([61, 1536]);12,00;0,00;batch-64-nhid-0-inlayer-12;NORMAL;85,53;88,29;94,41;89,24;90,55;95,60;73,16;88,11
1918;deberta-base;AVG+MAX_SUM-7-9;two-tokens;AVG+MAX;SUM-7-9;4,00;torch.Size([61, 1536]);12,00;0,00;batch-64-nhid-0-inlayer-12;NORMAL;84,76;88,66;94,98;89,30;90,99;95,40;73,28;88,20
1919;deberta-base;AVG+AVG-NS_SUM-7-9;two-tokens;AVG+AVG-NS;SUM-7-9;4,00;torch.Size([61, 1536]);12,00;0,00;batch-64-nhid-0-inlayer-12;NORMAL;86,30;90,01;95,53;89,89;92,15;95,80;75,48;89,31
1920;deberta-base;AVG+SUM-NS_SUM-7-9;two-tokens;AVG+SUM-NS;SUM-7-9;4,00;torch.Size([61, 1536]);12,00;0,00;batch-64-nhid-0-inlayer-12;NORMAL;85,42;88,08;94,27;89,03;90,99;95,00;71,94;87,82
1921;deberta-base;AVG+MAX-NS_SUM-7-9;two-tokens;AVG+MAX-NS;SUM-7-9;4,00;torch.Size([61, 1536]);12,00;0,00;batch-64-nhid-0-inlayer-12;NORMAL;84,94;66,04;94,95;49,68;91,10;95,40;73,22;79,33
1922;deberta-base;SUM+MAX_SUM-7-9;two-tokens;SUM+MAX;SUM-7-9;4,00;torch.Size([61, 1536]);12,00;0,00;batch-64-nhid-0-inlayer-12;NORMAL;85,19;88,21;94,46;88,46;90,94;95,60;73,33;88,03
1923;deberta-base;SUM+AVG-NS_SUM-7-9;two-tokens;SUM+AVG-NS;SUM-7-9;4,00;torch.Size([61, 1536]);12,00;0,00;batch-64-nhid-0-inlayer-12;NORMAL;85,67;88,29;94,50;89,16;90,94;95,60;73,22;88,20
1924;deberta-base;SUM+SUM-NS_SUM-7-9;two-tokens;SUM+SUM-NS;SUM-7-9;4,00;torch.Size([61, 1536]);12,00;0,00;batch-64-nhid-0-inlayer-12;NORMAL;85,52;88,19;94,31;89,22;91,65;95,20;74,09;88,31
1925;deberta-base;SUM+MAX-NS_SUM-7-9;two-tokens;SUM+MAX-NS;SUM-7-9;4,00;torch.Size([61, 1536]);12,00;0,00;batch-64-nhid-0-inlayer-12;NORMAL;85,34;82,20;94,43;90,13;91,43;95,80;73,45;87,54
1926;deberta-base;MAX+AVG-NS_SUM-7-9;two-tokens;MAX+AVG-NS;SUM-7-9;4,00;torch.Size([61, 1536]);12,00;0,00;batch-64-nhid-0-inlayer-12;NORMAL;84,83;88,82;94,99;89,00;91,10;95,20;74,09;88,29
1927;deberta-base;MAX+SUM-NS_SUM-7-9;two-tokens;MAX+SUM-NS;SUM-7-9;4,00;torch.Size([61, 1536]);12,00;0,00;batch-64-nhid-0-inlayer-12;NORMAL;85,37;88,13;94,35;88,18;90,88;95,60;73,04;87,94
1928;deberta-base;MAX+MAX-NS_SUM-7-9;two-tokens;MAX+MAX-NS;SUM-7-9;4,00;torch.Size([61, 1536]);12,00;0,00;batch-64-nhid-0-inlayer-12;NORMAL;83,34;69,00;93,24;83,89;88,96;94,00;71,48;83,42
1929;deberta-base;AVG-NS+SUM-NS_SUM-7-9;two-tokens;AVG-NS+SUM-NS;SUM-7-9;4,00;torch.Size([61, 1536]);12,00;0,00;batch-64-nhid-0-inlayer-12;NORMAL;85,62;88,00;94,25;89,26;91,32;95,40;73,28;88,16
1930;deberta-base;AVG-NS+MAX-NS_SUM-7-9;two-tokens;AVG-NS+MAX-NS;SUM-7-9;4,00;torch.Size([61, 1536]);12,00;0,00;batch-64-nhid-0-inlayer-12;NORMAL;85,11;66,06;94,91;72,87;90,50;95,80;72,64;82,56
1931;deberta-base;SUM-NS+MAX-NS_SUM-7-9;two-tokens;SUM-NS+MAX-NS;SUM-7-9;4,00;torch.Size([61, 1536]);12,00;0,00;batch-64-nhid-0-inlayer-12;NORMAL;85,18;76,72;94,47;89,91;91,10;95,60;73,33;86,62
1932;deberta-base;CLS+AVG_SUM-8-10;two-tokens;CLS+AVG;SUM-8-10;4,00;torch.Size([61, 1536]);12,00;0,00;batch-64-nhid-0-inlayer-12;NORMAL;87,48;91,55;96,13;90,18;92,48;96,40;77,16;90,20
1933;deberta-base;CLS+SUM_SUM-8-10;two-tokens;CLS+SUM;SUM-8-10;4,00;torch.Size([61, 1536]);12,00;0,00;batch-64-nhid-0-inlayer-12;NORMAL;86,40;89,11;94,72;89,37;91,93;95,20;72,23;88,42
1934;deberta-base;CLS+MAX_SUM-8-10;two-tokens;CLS+MAX;SUM-8-10;4,00;torch.Size([61, 1536]);12,00;0,00;batch-64-nhid-0-inlayer-12;NORMAL;84,44;88,34;93,42;88,92;89,84;95,00;72,46;87,49
1935;deberta-base;CLS+AVG-NS_SUM-8-10;two-tokens;CLS+AVG-NS;SUM-8-10;4,00;torch.Size([61, 1536]);12,00;0,00;batch-64-nhid-0-inlayer-12;NORMAL;87,29;91,23;95,92;89,94;92,20;95,80;76,64;89,86
1936;deberta-base;CLS+SUM-NS_SUM-8-10;two-tokens;CLS+SUM-NS;SUM-8-10;4,00;torch.Size([61, 1536]);12,00;0,00;batch-64-nhid-0-inlayer-12;NORMAL;86,45;88,71;94,47;89,28;91,43;95,40;72,81;88,36
1937;deberta-base;CLS+MAX-NS_SUM-8-10;two-tokens;CLS+MAX-NS;SUM-8-10;4,00;torch.Size([61, 1536]);12,00;0,00;batch-64-nhid-0-inlayer-12;NORMAL;84,46;66,04;93,37;49,59;89,79;94,40;72,70;78,62
1938;deberta-base;AVG+SUM_SUM-8-10;two-tokens;AVG+SUM;SUM-8-10;4,00;torch.Size([61, 1536]);12,00;0,00;batch-64-nhid-0-inlayer-12;NORMAL;86,46;89,38;94,73;89,28;91,98;95,20;74,03;88,72
1939;deberta-base;AVG+MAX_SUM-8-10;two-tokens;AVG+MAX;SUM-8-10;4,00;torch.Size([61, 1536]);12,00;0,00;batch-64-nhid-0-inlayer-12;NORMAL;85,96;90,04;95,12;89,14;91,98;95,60;73,86;88,81
1940;deberta-base;AVG+AVG-NS_SUM-8-10;two-tokens;AVG+AVG-NS;SUM-8-10;4,00;torch.Size([61, 1536]);12,00;0,00;batch-64-nhid-0-inlayer-12;NORMAL;87,29;91,02;95,92;89,72;92,53;95,60;75,77;89,69
1941;deberta-base;AVG+SUM-NS_SUM-8-10;two-tokens;AVG+SUM-NS;SUM-8-10;4,00;torch.Size([61, 1536]);12,00;0,00;batch-64-nhid-0-inlayer-12;NORMAL;86,48;88,98;94,49;89,29;91,98;95,20;72,23;88,38
1942;deberta-base;AVG+MAX-NS_SUM-8-10;two-tokens;AVG+MAX-NS;SUM-8-10;4,00;torch.Size([61, 1536]);12,00;0,00;batch-64-nhid-0-inlayer-12;NORMAL;85,89;66,20;94,94;49,56;91,82;95,00;72,87;79,47
1943;deberta-base;SUM+MAX_SUM-8-10;two-tokens;SUM+MAX;SUM-8-10;4,00;torch.Size([61, 1536]);12,00;0,00;batch-64-nhid-0-inlayer-12;NORMAL;86,18;89,56;94,77;88,85;91,98;95,00;73,33;88,52
1944;deberta-base;SUM+AVG-NS_SUM-8-10;two-tokens;SUM+AVG-NS;SUM-8-10;4,00;torch.Size([61, 1536]);12,00;0,00;batch-64-nhid-0-inlayer-12;NORMAL;86,41;89,30;94,68;89,16;92,70;95,40;72,93;88,65
1945;deberta-base;SUM+SUM-NS_SUM-8-10;two-tokens;SUM+SUM-NS;SUM-8-10;4,00;torch.Size([61, 1536]);12,00;0,00;batch-64-nhid-0-inlayer-12;NORMAL;86,33;88,95;94,65;89,35;91,60;95,00;72,93;88,40
1946;deberta-base;SUM+MAX-NS_SUM-8-10;two-tokens;SUM+MAX-NS;SUM-8-10;4,00;torch.Size([61, 1536]);12,00;0,00;batch-64-nhid-0-inlayer-12;NORMAL;86,12;70,14;94,70;85,54;92,09;95,40;72,64;85,23
1947;deberta-base;MAX+AVG-NS_SUM-8-10;two-tokens;MAX+AVG-NS;SUM-8-10;4,00;torch.Size([61, 1536]);12,00;0,00;batch-64-nhid-0-inlayer-12;NORMAL;85,90;89,99;95,05;88,84;91,76;95,60;73,45;88,66
1948;deberta-base;MAX+SUM-NS_SUM-8-10;two-tokens;MAX+SUM-NS;SUM-8-10;4,00;torch.Size([61, 1536]);12,00;0,00;batch-64-nhid-0-inlayer-12;NORMAL;86,30;89,06;94,58;88,64;92,04;95,40;73,16;88,45
1949;deberta-base;MAX+MAX-NS_SUM-8-10;two-tokens;MAX+MAX-NS;SUM-8-10;4,00;torch.Size([61, 1536]);12,00;0,00;batch-64-nhid-0-inlayer-12;NORMAL;84,12;66,04;93,21;80,90;89,79;94,20;72,00;82,89
1950;deberta-base;AVG-NS+SUM-NS_SUM-8-10;two-tokens;AVG-NS+SUM-NS;SUM-8-10;4,00;torch.Size([61, 1536]);12,00;0,00;batch-64-nhid-0-inlayer-12;NORMAL;86,45;89,01;94,51;89,18;92,09;95,20;72,87;88,47
1951;deberta-base;AVG-NS+MAX-NS_SUM-8-10;two-tokens;AVG-NS+MAX-NS;SUM-8-10;4,00;torch.Size([61, 1536]);12,00;0,00;batch-64-nhid-0-inlayer-12;NORMAL;85,96;66,30;94,99;72,82;91,60;95,40;73,22;82,90
1952;deberta-base;SUM-NS+MAX-NS_SUM-8-10;two-tokens;SUM-NS+MAX-NS;SUM-8-10;4,00;torch.Size([61, 1536]);12,00;0,00;batch-64-nhid-0-inlayer-12;NORMAL;86,40;73,94;94,52;89,32;91,54;95,20;73,39;86,33
1953;deberta-base;CLS+AVG_SUM-9-11;two-tokens;CLS+AVG;SUM-9-11;4,00;torch.Size([61, 1536]);12,00;0,00;batch-64-nhid-0-inlayer-12;NORMAL;87,97;91,76;95,96;90,45;92,53;95,80;76,41;90,13
1954;deberta-base;CLS+SUM_SUM-9-11;two-tokens;CLS+SUM;SUM-9-11;4,00;torch.Size([61, 1536]);12,00;0,00;batch-64-nhid-0-inlayer-12;NORMAL;87,05;89,06;94,67;88,99;91,21;96,20;72,29;88,50
1955;deberta-base;CLS+MAX_SUM-9-11;two-tokens;CLS+MAX;SUM-9-11;4,00;torch.Size([61, 1536]);12,00;0,00;batch-64-nhid-0-inlayer-12;NORMAL;85,00;88,11;93,71;88,68;90,72;94,20;71,59;87,43
1956;deberta-base;CLS+AVG-NS_SUM-9-11;two-tokens;CLS+AVG-NS;SUM-9-11;4,00;torch.Size([61, 1536]);12,00;0,00;batch-64-nhid-0-inlayer-12;NORMAL;87,77;91,50;96,04;89,92;92,31;95,80;76,41;89,96
1957;deberta-base;CLS+SUM-NS_SUM-9-11;two-tokens;CLS+SUM-NS;SUM-9-11;4,00;torch.Size([61, 1536]);12,00;0,00;batch-64-nhid-0-inlayer-12;NORMAL;86,80;89,09;94,60;89,10;91,38;95,20;72,70;88,41
1958;deberta-base;CLS+MAX-NS_SUM-9-11;two-tokens;CLS+MAX-NS;SUM-9-11;4,00;torch.Size([61, 1536]);12,00;0,00;batch-64-nhid-0-inlayer-12;NORMAL;84,81;67,97;93,44;72,89;90,66;94,60;71,36;82,25
1959;deberta-base;AVG+SUM_SUM-9-11;two-tokens;AVG+SUM;SUM-9-11;4,00;torch.Size([61, 1536]);12,00;0,00;batch-64-nhid-0-inlayer-12;NORMAL;86,92;89,17;94,74;89,13;91,43;96,00;72,87;88,61
1960;deberta-base;AVG+MAX_SUM-9-11;two-tokens;AVG+MAX;SUM-9-11;4,00;torch.Size([61, 1536]);12,00;0,00;batch-64-nhid-0-inlayer-12;NORMAL;86,54;90,20;95,09;89,16;92,31;95,20;73,33;88,83
1961;deberta-base;AVG+AVG-NS_SUM-9-11;two-tokens;AVG+AVG-NS;SUM-9-11;4,00;torch.Size([61, 1536]);12,00;0,00;batch-64-nhid-0-inlayer-12;NORMAL;87,68;91,15;95,85;89,90;92,26;96,00;75,59;89,78
1962;deberta-base;AVG+SUM-NS_SUM-9-11;two-tokens;AVG+SUM-NS;SUM-9-11;4,00;torch.Size([61, 1536]);12,00;0,00;batch-64-nhid-0-inlayer-12;NORMAL;86,89;89,11;94,63;89,19;91,05;95,60;71,59;88,29
1963;deberta-base;AVG+MAX-NS_SUM-9-11;two-tokens;AVG+MAX-NS;SUM-9-11;4,00;torch.Size([61, 1536]);12,00;0,00;batch-64-nhid-0-inlayer-12;NORMAL;86,76;66,20;94,76;49,36;92,31;95,40;72,70;79,64
1964;deberta-base;SUM+MAX_SUM-9-11;two-tokens;SUM+MAX;SUM-9-11;4,00;torch.Size([61, 1536]);12,00;0,00;batch-64-nhid-0-inlayer-12;NORMAL;86,87;89,43;94,94;89,05;91,54;96,40;72,87;88,73
1965;deberta-base;SUM+AVG-NS_SUM-9-11;two-tokens;SUM+AVG-NS;SUM-9-11;4,00;torch.Size([61, 1536]);12,00;0,00;batch-64-nhid-0-inlayer-12;NORMAL;86,95;89,22;94,71;89,27;92,09;96,20;72,87;88,76
1966;deberta-base;SUM+SUM-NS_SUM-9-11;two-tokens;SUM+SUM-NS;SUM-9-11;4,00;torch.Size([61, 1536]);12,00;0,00;batch-64-nhid-0-inlayer-12;NORMAL;86,87;89,11;94,96;88,97;91,27;96,00;72,35;88,50
1967;deberta-base;SUM+MAX-NS_SUM-9-11;two-tokens;SUM+MAX-NS;SUM-9-11;4,00;torch.Size([61, 1536]);12,00;0,00;batch-64-nhid-0-inlayer-12;NORMAL;86,81;78,25;94,80;88,18;91,65;95,80;72,99;86,93
1968;deberta-base;MAX+AVG-NS_SUM-9-11;two-tokens;MAX+AVG-NS;SUM-9-11;4,00;torch.Size([61, 1536]);12,00;0,00;batch-64-nhid-0-inlayer-12;NORMAL;86,78;90,49;94,95;89,03;91,98;95,60;72,00;88,69
1969;deberta-base;MAX+SUM-NS_SUM-9-11;two-tokens;MAX+SUM-NS;SUM-9-11;4,00;torch.Size([61, 1536]);12,00;0,00;batch-64-nhid-0-inlayer-12;NORMAL;87,00;89,27;94,81;89,00;91,87;96,60;72,75;88,76
1970;deberta-base;MAX+MAX-NS_SUM-9-11;two-tokens;MAX+MAX-NS;SUM-9-11;4,00;torch.Size([61, 1536]);12,00;0,00;batch-64-nhid-0-inlayer-12;NORMAL;84,88;66,80;93,45;79,38;90,72;93,80;71,25;82,90
1971;deberta-base;AVG-NS+SUM-NS_SUM-9-11;two-tokens;AVG-NS+SUM-NS;SUM-9-11;4,00;torch.Size([61, 1536]);12,00;0,00;batch-64-nhid-0-inlayer-12;NORMAL;86,90;88,95;94,70;89,23;91,65;96,20;71,48;88,44
1972;deberta-base;AVG-NS+MAX-NS_SUM-9-11;two-tokens;AVG-NS+MAX-NS;SUM-9-11;4,00;torch.Size([61, 1536]);12,00;0,00;batch-64-nhid-0-inlayer-12;NORMAL;86,63;69,88;94,82;74,65;92,26;95,20;72,17;83,66
1973;deberta-base;SUM-NS+MAX-NS_SUM-9-11;two-tokens;SUM-NS+MAX-NS;SUM-9-11;4,00;torch.Size([61, 1536]);12,00;0,00;batch-64-nhid-0-inlayer-12;NORMAL;86,79;77,06;94,85;78,56;91,49;96,00;72,29;85,29
1974;deberta-base;CLS+AVG_SUM-10-12;two-tokens;CLS+AVG;SUM-10-12;4,00;torch.Size([61, 1536]);12,00;0,00;batch-64-nhid-0-inlayer-12;NORMAL;87,59;91,10;95,77;89,81;92,31;94,40;72,35;89,05
1975;deberta-base;CLS+SUM_SUM-10-12;two-tokens;CLS+SUM;SUM-10-12;4,00;torch.Size([61, 1536]);12,00;0,00;batch-64-nhid-0-inlayer-12;NORMAL;87,01;90,31;94,93;88,77;91,82;94,40;68,75;88,00
1976;deberta-base;CLS+MAX_SUM-10-12;two-tokens;CLS+MAX;SUM-10-12;4,00;torch.Size([61, 1536]);12,00;0,00;batch-64-nhid-0-inlayer-12;NORMAL;84,22;87,13;93,48;88,65;88,85;93,00;71,36;86,67
1977;deberta-base;CLS+AVG-NS_SUM-10-12;two-tokens;CLS+AVG-NS;SUM-10-12;4,00;torch.Size([61, 1536]);12,00;0,00;batch-64-nhid-0-inlayer-12;NORMAL;87,72;91,10;95,82;89,64;92,48;94,60;73,22;89,23
1978;deberta-base;CLS+SUM-NS_SUM-10-12;two-tokens;CLS+SUM-NS;SUM-10-12;4,00;torch.Size([61, 1536]);12,00;0,00;batch-64-nhid-0-inlayer-12;NORMAL;87,17;89,88;94,89;88,87;91,93;94,60;68,46;87,97
1979;deberta-base;CLS+MAX-NS_SUM-10-12;two-tokens;CLS+MAX-NS;SUM-10-12;4,00;torch.Size([61, 1536]);12,00;0,00;batch-64-nhid-0-inlayer-12;NORMAL;84,15;65,90;93,70;47,35;89,13;93,20;70,43;77,69
1980;deberta-base;AVG+SUM_SUM-10-12;two-tokens;AVG+SUM;SUM-10-12;4,00;torch.Size([61, 1536]);12,00;0,00;batch-64-nhid-0-inlayer-12;NORMAL;87,20;90,23;95,05;89,04;91,76;94,80;68,52;88,09
1981;deberta-base;AVG+MAX_SUM-10-12;two-tokens;AVG+MAX;SUM-10-12;4,00;torch.Size([61, 1536]);12,00;0,00;batch-64-nhid-0-inlayer-12;NORMAL;86,29;89,35;94,85;89,25;91,71;94,40;70,96;88,12
1982;deberta-base;AVG+AVG-NS_SUM-10-12;two-tokens;AVG+AVG-NS;SUM-10-12;4,00;torch.Size([61, 1536]);12,00;0,00;batch-64-nhid-0-inlayer-12;NORMAL;87,32;90,70;95,58;89,61;92,31;94,80;72,17;88,93
1983;deberta-base;AVG+SUM-NS_SUM-10-12;two-tokens;AVG+SUM-NS;SUM-10-12;4,00;torch.Size([61, 1536]);12,00;0,00;batch-64-nhid-0-inlayer-12;NORMAL;86,94;89,78;95,02;89,05;91,60;94,80;68,58;87,97
1984;deberta-base;AVG+MAX-NS_SUM-10-12;two-tokens;AVG+MAX-NS;SUM-10-12;4,00;torch.Size([61, 1536]);12,00;0,00;batch-64-nhid-0-inlayer-12;NORMAL;85,92;66,38;94,57;47,36;91,76;94,80;70,55;78,76
1985;deberta-base;SUM+MAX_SUM-10-12;two-tokens;SUM+MAX;SUM-10-12;4,00;torch.Size([61, 1536]);12,00;0,00;batch-64-nhid-0-inlayer-12;NORMAL;87,02;90,07;94,86;89,03;91,87;94,80;68,81;88,07
1986;deberta-base;SUM+AVG-NS_SUM-10-12;two-tokens;SUM+AVG-NS;SUM-10-12;4,00;torch.Size([61, 1536]);12,00;0,00;batch-64-nhid-0-inlayer-12;NORMAL;87,11;90,04;95,05;89,21;92,15;94,60;70,14;88,33
1987;deberta-base;SUM+SUM-NS_SUM-10-12;two-tokens;SUM+SUM-NS;SUM-10-12;4,00;torch.Size([61, 1536]);12,00;0,00;batch-64-nhid-0-inlayer-12;NORMAL;87,08;90,41;94,95;89,19;91,76;95,00;68,46;88,12
1988;deberta-base;SUM+MAX-NS_SUM-10-12;two-tokens;SUM+MAX-NS;SUM-10-12;4,00;torch.Size([61, 1536]);12,00;0,00;batch-64-nhid-0-inlayer-12;NORMAL;87,22;73,06;94,94;84,52;92,26;94,00;68,99;85,00
1989;deberta-base;MAX+AVG-NS_SUM-10-12;two-tokens;MAX+AVG-NS;SUM-10-12;4,00;torch.Size([61, 1536]);12,00;0,00;batch-64-nhid-0-inlayer-12;NORMAL;86,39;90,04;94,76;89,04;91,98;94,80;70,84;88,26
1990;deberta-base;MAX+SUM-NS_SUM-10-12;two-tokens;MAX+SUM-NS;SUM-10-12;4,00;torch.Size([61, 1536]);12,00;0,00;batch-64-nhid-0-inlayer-12;NORMAL;87,18;89,72;95,05;88,86;91,82;94,00;68,41;87,86
1991;deberta-base;MAX+MAX-NS_SUM-10-12;two-tokens;MAX+MAX-NS;SUM-10-12;4,00;torch.Size([61, 1536]);12,00;0,00;batch-64-nhid-0-inlayer-12;NORMAL;83,80;66,38;93,51;76,67;88,63;93,00;69,80;81,68
1992;deberta-base;AVG-NS+SUM-NS_SUM-10-12;two-tokens;AVG-NS+SUM-NS;SUM-10-12;4,00;torch.Size([61, 1536]);12,00;0,00;batch-64-nhid-0-inlayer-12;NORMAL;86,88;90,12;94,82;89,10;91,60;94,20;68,17;87,84
1993;deberta-base;AVG-NS+MAX-NS_SUM-10-12;two-tokens;AVG-NS+MAX-NS;SUM-10-12;4,00;torch.Size([61, 1536]);12,00;0,00;batch-64-nhid-0-inlayer-12;NORMAL;86,25;67,34;94,78;47,46;92,09;94,40;70,61;78,99
1994;deberta-base;SUM-NS+MAX-NS_SUM-10-12;two-tokens;SUM-NS+MAX-NS;SUM-10-12;4,00;torch.Size([61, 1536]);12,00;0,00;batch-64-nhid-0-inlayer-12;NORMAL;87,11;76,14;94,99;72,86;91,65;94,40;68,29;83,63
1995;deberta-base;CLS+AVG_SUM-1-4;two-tokens;CLS+AVG;SUM-1-4;4,00;torch.Size([61, 1536]);12,00;0,00;batch-64-nhid-0-inlayer-12;NORMAL;79,75;82,44;93,79;89,21;84,62;92,60;73,97;85,20
1996;deberta-base;CLS+SUM_SUM-1-4;two-tokens;CLS+SUM;SUM-1-4;4,00;torch.Size([61, 1536]);12,00;0,00;batch-64-nhid-0-inlayer-12;NORMAL;79,45;79,21;92,40;88,34;84,68;90,20;71,54;83,69
1997;deberta-base;CLS+MAX_SUM-1-4;two-tokens;CLS+MAX;SUM-1-4;4,00;torch.Size([61, 1536]);12,00;0,00;batch-64-nhid-0-inlayer-12;NORMAL;74,56;76,85;90,09;87,95;78,20;88,40;69,80;80,84
1998;deberta-base;CLS+AVG-NS_SUM-1-4;two-tokens;CLS+AVG-NS;SUM-1-4;4,00;torch.Size([61, 1536]);12,00;0,00;batch-64-nhid-0-inlayer-12;NORMAL;79,24;81,43;93,70;88,98;84,40;92,00;74,72;84,92
1999;deberta-base;CLS+SUM-NS_SUM-1-4;two-tokens;CLS+SUM-NS;SUM-1-4;4,00;torch.Size([61, 1536]);12,00;0,00;batch-64-nhid-0-inlayer-12;NORMAL;78,89;79,31;92,37;88,41;85,50;89,60;70,32;83,49
2000;deberta-base;CLS+MAX-NS_SUM-1-4;two-tokens;CLS+MAX-NS;SUM-1-4;4,00;torch.Size([61, 1536]);12,00;0,00;batch-64-nhid-0-inlayer-12;NORMAL;74,73;64,98;90,18;87,81;78,36;89,00;68,93;79,14
2001;deberta-base;AVG+SUM_SUM-1-4;two-tokens;AVG+SUM;SUM-1-4;4,00;torch.Size([61, 1536]);12,00;0,00;batch-64-nhid-0-inlayer-12;NORMAL;79,46;79,28;92,35;88,13;84,84;90,20;71,25;83,64
2002;deberta-base;AVG+MAX_SUM-1-4;two-tokens;AVG+MAX;SUM-1-4;4,00;torch.Size([61, 1536]);12,00;0,00;batch-64-nhid-0-inlayer-12;NORMAL;78,13;78,41;91,85;87,91;83,80;90,60;69,04;82,82
2003;deberta-base;AVG+AVG-NS_SUM-1-4;two-tokens;AVG+AVG-NS;SUM-1-4;4,00;torch.Size([61, 1536]);12,00;0,00;batch-64-nhid-0-inlayer-12;NORMAL;79,26;81,27;93,43;88,70;85,45;91,60;73,10;84,69
2004;deberta-base;AVG+SUM-NS_SUM-1-4;two-tokens;AVG+SUM-NS;SUM-1-4;4,00;torch.Size([61, 1536]);12,00;0,00;batch-64-nhid-0-inlayer-12;NORMAL;78,70;79,13;92,23;88,10;84,73;90,40;70,26;83,36
2005;deberta-base;AVG+MAX-NS_SUM-1-4;two-tokens;AVG+MAX-NS;SUM-1-4;4,00;torch.Size([61, 1536]);12,00;0,00;batch-64-nhid-0-inlayer-12;NORMAL;77,90;65,14;91,88;85,77;83,80;90,40;68,81;80,53
2006;deberta-base;SUM+MAX_SUM-1-4;two-tokens;SUM+MAX;SUM-1-4;4,00;torch.Size([61, 1536]);12,00;0,00;batch-64-nhid-0-inlayer-12;NORMAL;78,81;79,18;92,53;87,52;84,18;90,20;70,96;83,34
2007;deberta-base;SUM+AVG-NS_SUM-1-4;two-tokens;SUM+AVG-NS;SUM-1-4;4,00;torch.Size([61, 1536]);12,00;0,00;batch-64-nhid-0-inlayer-12;NORMAL;79,24;79,26;92,43;87,80;84,62;90,40;70,96;83,53
2008;deberta-base;SUM+SUM-NS_SUM-1-4;two-tokens;SUM+SUM-NS;SUM-1-4;4,00;torch.Size([61, 1536]);12,00;0,00;batch-64-nhid-0-inlayer-12;NORMAL;79,00;80,22;92,53;88,35;84,68;90,20;69,91;83,56
2009;deberta-base;SUM+MAX-NS_SUM-1-4;two-tokens;SUM+MAX-NS;SUM-1-4;4,00;torch.Size([61, 1536]);12,00;0,00;batch-64-nhid-0-inlayer-12;NORMAL;78,89;72,55;92,40;87,52;84,73;91,40;70,96;82,64
2010;deberta-base;MAX+AVG-NS_SUM-1-4;two-tokens;MAX+AVG-NS;SUM-1-4;4,00;torch.Size([61, 1536]);12,00;0,00;batch-64-nhid-0-inlayer-12;NORMAL;78,00;77,88;91,92;87,18;83,09;91,00;69,62;82,67
2011;deberta-base;MAX+SUM-NS_SUM-1-4;two-tokens;MAX+SUM-NS;SUM-1-4;4,00;torch.Size([61, 1536]);12,00;0,00;batch-64-nhid-0-inlayer-12;NORMAL;78,42;78,49;92,13;87,58;84,68;90,20;70,90;83,20
2012;deberta-base;MAX+MAX-NS_SUM-1-4;two-tokens;MAX+MAX-NS;SUM-1-4;4,00;torch.Size([61, 1536]);12,00;0,00;batch-64-nhid-0-inlayer-12;NORMAL;74,07;65,77;89,72;49,05;79,24;88,80;68,17;73,55
2013;deberta-base;AVG-NS+SUM-NS_SUM-1-4;two-tokens;AVG-NS+SUM-NS;SUM-1-4;4,00;torch.Size([61, 1536]);12,00;0,00;batch-64-nhid-0-inlayer-12;NORMAL;78,80;79,39;92,17;87,96;85,28;90,60;70,26;83,49
2014;deberta-base;AVG-NS+MAX-NS_SUM-1-4;two-tokens;AVG-NS+MAX-NS;SUM-1-4;4,00;torch.Size([61, 1536]);12,00;0,00;batch-64-nhid-0-inlayer-12;NORMAL;77,81;64,87;91,83;83,58;82,81;91,60;69,68;80,31
2015;deberta-base;SUM-NS+MAX-NS_SUM-1-4;two-tokens;SUM-NS+MAX-NS;SUM-1-4;4,00;torch.Size([61, 1536]);12,00;0,00;batch-64-nhid-0-inlayer-12;NORMAL;78,47;73,46;92,18;84,33;85,12;89,60;70,72;81,98
2016;deberta-base;CLS+AVG_SUM-2-5;two-tokens;CLS+AVG;SUM-2-5;4,00;torch.Size([61, 1536]);12,00;0,00;batch-64-nhid-0-inlayer-12;NORMAL;80,83;84,03;94,44;89,51;87,04;92,40;74,90;86,16
2017;deberta-base;CLS+SUM_SUM-2-5;two-tokens;CLS+SUM;SUM-2-5;4,00;torch.Size([61, 1536]);12,00;0,00;batch-64-nhid-0-inlayer-12;NORMAL;80,39;81,85;93,22;88,43;86,22;91,20;71,13;84,63
2018;deberta-base;CLS+MAX_SUM-2-5;two-tokens;CLS+MAX;SUM-2-5;4,00;torch.Size([61, 1536]);12,00;0,00;batch-64-nhid-0-inlayer-12;NORMAL;75,79;79,82;91,01;88,44;78,86;92,20;70,14;82,32
2019;deberta-base;CLS+AVG-NS_SUM-2-5;two-tokens;CLS+AVG-NS;SUM-2-5;4,00;torch.Size([61, 1536]);12,00;0,00;batch-64-nhid-0-inlayer-12;NORMAL;80,17;83,34;94,39;89,09;86,49;92,80;74,03;85,76
2020;deberta-base;CLS+SUM-NS_SUM-2-5;two-tokens;CLS+SUM-NS;SUM-2-5;4,00;torch.Size([61, 1536]);12,00;0,00;batch-64-nhid-0-inlayer-12;NORMAL;79,89;81,14;93,18;88,54;86,33;91,20;69,22;84,21
2021;deberta-base;CLS+MAX-NS_SUM-2-5;two-tokens;CLS+MAX-NS;SUM-2-5;4,00;torch.Size([61, 1536]);12,00;0,00;batch-64-nhid-0-inlayer-12;NORMAL;75,66;65,16;91,04;72,66;79,41;91,80;71,07;78,11
2022;deberta-base;AVG+SUM_SUM-2-5;two-tokens;AVG+SUM;SUM-2-5;4,00;torch.Size([61, 1536]);12,00;0,00;batch-64-nhid-0-inlayer-12;NORMAL;80,52;81,78;93,20;88,34;86,44;91,80;70,49;84,65
2023;deberta-base;AVG+MAX_SUM-2-5;two-tokens;AVG+MAX;SUM-2-5;4,00;torch.Size([61, 1536]);12,00;0,00;batch-64-nhid-0-inlayer-12;NORMAL;78,73;81,30;93,01;88,15;85,61;92,80;71,01;84,37
2024;deberta-base;AVG+AVG-NS_SUM-2-5;two-tokens;AVG+AVG-NS;SUM-2-5;4,00;torch.Size([61, 1536]);12,00;0,00;batch-64-nhid-0-inlayer-12;NORMAL;80,42;83,31;94,16;88,96;86,77;92,20;74,49;85,76
2025;deberta-base;AVG+SUM-NS_SUM-2-5;two-tokens;AVG+SUM-NS;SUM-2-5;4,00;torch.Size([61, 1536]);12,00;0,00;batch-64-nhid-0-inlayer-12;NORMAL;80,02;81,24;93,17;88,26;86,27;91,40;70,20;84,37
2026;deberta-base;AVG+MAX-NS_SUM-2-5;two-tokens;AVG+MAX-NS;SUM-2-5;4,00;torch.Size([61, 1536]);12,00;0,00;batch-64-nhid-0-inlayer-12;NORMAL;78,63;65,48;93,05;72,71;85,06;91,60;70,61;79,59
2027;deberta-base;SUM+MAX_SUM-2-5;two-tokens;SUM+MAX;SUM-2-5;4,00;torch.Size([61, 1536]);12,00;0,00;batch-64-nhid-0-inlayer-12;NORMAL;80,60;81,64;93,14;87,59;85,78;92,00;70,20;84,42
2028;deberta-base;SUM+AVG-NS_SUM-2-5;two-tokens;SUM+AVG-NS;SUM-2-5;4,00;torch.Size([61, 1536]);12,00;0,00;batch-64-nhid-0-inlayer-12;NORMAL;80,38;81,85;93,08;88,04;86,44;91,20;70,72;84,53
2029;deberta-base;SUM+SUM-NS_SUM-2-5;two-tokens;SUM+SUM-NS;SUM-2-5;4,00;torch.Size([61, 1536]);12,00;0,00;batch-64-nhid-0-inlayer-12;NORMAL;79,95;82,04;93,15;88,29;86,16;90,80;69,33;84,25
2030;deberta-base;SUM+MAX-NS_SUM-2-5;two-tokens;SUM+MAX-NS;SUM-2-5;4,00;torch.Size([61, 1536]);12,00;0,00;batch-64-nhid-0-inlayer-12;NORMAL;80,41;73,11;93,20;79,87;86,16;92,40;70,38;82,22
2031;deberta-base;MAX+AVG-NS_SUM-2-5;two-tokens;MAX+AVG-NS;SUM-2-5;4,00;torch.Size([61, 1536]);12,00;0,00;batch-64-nhid-0-inlayer-12;NORMAL;78,66;81,48;92,97;87,91;84,90;93,60;72,29;84,54
2032;deberta-base;MAX+SUM-NS_SUM-2-5;two-tokens;MAX+SUM-NS;SUM-2-5;4,00;torch.Size([61, 1536]);12,00;0,00;batch-64-nhid-0-inlayer-12;NORMAL;80,13;81,27;93,17;87,55;86,00;91,40;69,62;84,16
2033;deberta-base;MAX+MAX-NS_SUM-2-5;two-tokens;MAX+MAX-NS;SUM-2-5;4,00;torch.Size([61, 1536]);12,00;0,00;batch-64-nhid-0-inlayer-12;NORMAL;75,11;67,10;90,78;49,19;79,63;90,80;70,72;74,76
2034;deberta-base;AVG-NS+SUM-NS_SUM-2-5;two-tokens;AVG-NS+SUM-NS;SUM-2-5;4,00;torch.Size([61, 1536]);12,00;0,00;batch-64-nhid-0-inlayer-12;NORMAL;80,00;81,62;93,04;88,02;86,55;92,00;70,61;84,55
2035;deberta-base;AVG-NS+MAX-NS_SUM-2-5;two-tokens;AVG-NS+MAX-NS;SUM-2-5;4,00;torch.Size([61, 1536]);12,00;0,00;batch-64-nhid-0-inlayer-12;NORMAL;78,89;66,70;93,03;75,26;85,01;92,20;72,23;80,47
2036;deberta-base;SUM-NS+MAX-NS_SUM-2-5;two-tokens;SUM-NS+MAX-NS;SUM-2-5;4,00;torch.Size([61, 1536]);12,00;0,00;batch-64-nhid-0-inlayer-12;NORMAL;79,99;69,80;93,06;83,02;86,44;92,20;69,97;82,07
2037;deberta-base;CLS+AVG_SUM-3-6;two-tokens;CLS+AVG;SUM-3-6;4,00;torch.Size([61, 1536]);12,00;0,00;batch-64-nhid-0-inlayer-12;NORMAL;81,96;86,15;94,80;89,80;87,81;94,00;75,19;87,10
2038;deberta-base;CLS+SUM_SUM-3-6;two-tokens;CLS+SUM;SUM-3-6;4,00;torch.Size([61, 1536]);12,00;0,00;batch-64-nhid-0-inlayer-12;NORMAL;81,34;83,76;93,55;88,97;87,20;94,00;70,61;85,63
2039;deberta-base;CLS+MAX_SUM-3-6;two-tokens;CLS+MAX;SUM-3-6;4,00;torch.Size([61, 1536]);12,00;0,00;batch-64-nhid-0-inlayer-12;NORMAL;77,48;81,11;91,88;88,52;81,22;93,20;70,90;83,47
2040;deberta-base;CLS+AVG-NS_SUM-3-6;two-tokens;CLS+AVG-NS;SUM-3-6;4,00;torch.Size([61, 1536]);12,00;0,00;batch-64-nhid-0-inlayer-12;NORMAL;81,68;86,12;94,99;89,49;87,42;93,80;75,13;86,95
2041;deberta-base;CLS+SUM-NS_SUM-3-6;two-tokens;CLS+SUM-NS;SUM-3-6;4,00;torch.Size([61, 1536]);12,00;0,00;batch-64-nhid-0-inlayer-12;NORMAL;81,31;83,55;93,51;88,94;87,31;94,40;70,26;85,61
2042;deberta-base;CLS+MAX-NS_SUM-3-6;two-tokens;CLS+MAX-NS;SUM-3-6;4,00;torch.Size([61, 1536]);12,00;0,00;batch-64-nhid-0-inlayer-12;NORMAL;77,05;67,71;91,98;89,31;81,11;92,20;71,25;81,52
2043;deberta-base;AVG+SUM_SUM-3-6;two-tokens;AVG+SUM;SUM-3-6;4,00;torch.Size([61, 1536]);12,00;0,00;batch-64-nhid-0-inlayer-12;NORMAL;81,40;83,74;93,86;88,95;85,45;94,00;70,55;85,42
2044;deberta-base;AVG+MAX_SUM-3-6;two-tokens;AVG+MAX;SUM-3-6;4,00;torch.Size([61, 1536]);12,00;0,00;batch-64-nhid-0-inlayer-12;NORMAL;80,19;83,36;93,43;88,36;86,66;93,40;71,83;85,32
2045;deberta-base;AVG+AVG-NS_SUM-3-6;two-tokens;AVG+AVG-NS;SUM-3-6;4,00;torch.Size([61, 1536]);12,00;0,00;batch-64-nhid-0-inlayer-12;NORMAL;81,71;85,80;94,63;89,45;88,36;94,00;75,19;87,02
2046;deberta-base;AVG+SUM-NS_SUM-3-6;two-tokens;AVG+SUM-NS;SUM-3-6;4,00;torch.Size([61, 1536]);12,00;0,00;batch-64-nhid-0-inlayer-12;NORMAL;81,42;83,50;93,56;89,08;86,55;93,60;70,38;85,44
2047;deberta-base;AVG+MAX-NS_SUM-3-6;two-tokens;AVG+MAX-NS;SUM-3-6;4,00;torch.Size([61, 1536]);12,00;0,00;batch-64-nhid-0-inlayer-12;NORMAL;80,26;65,88;93,52;77,01;86,55;93,00;71,88;81,16
2048;deberta-base;SUM+MAX_SUM-3-6;two-tokens;SUM+MAX;SUM-3-6;4,00;torch.Size([61, 1536]);12,00;0,00;batch-64-nhid-0-inlayer-12;NORMAL;81,01;83,79;93,47;88,42;85,89;94,00;70,14;85,25
2049;deberta-base;SUM+AVG-NS_SUM-3-6;two-tokens;SUM+AVG-NS;SUM-3-6;4,00;torch.Size([61, 1536]);12,00;0,00;batch-64-nhid-0-inlayer-12;NORMAL;81,19;83,77;93,63;88,63;86,49;94,20;70,90;85,54
2050;deberta-base;SUM+SUM-NS_SUM-3-6;two-tokens;SUM+SUM-NS;SUM-3-6;4,00;torch.Size([61, 1536]);12,00;0,00;batch-64-nhid-0-inlayer-12;NORMAL;81,13;84,05;93,66;88,86;86,99;94,00;69,57;85,47
2051;deberta-base;SUM+MAX-NS_SUM-3-6;two-tokens;SUM+MAX-NS;SUM-3-6;4,00;torch.Size([61, 1536]);12,00;0,00;batch-64-nhid-0-inlayer-12;NORMAL;81,01;76,13;93,67;81,18;86,16;93,60;70,38;83,16
2052;deberta-base;MAX+AVG-NS_SUM-3-6;two-tokens;MAX+AVG-NS;SUM-3-6;4,00;torch.Size([61, 1536]);12,00;0,00;batch-64-nhid-0-inlayer-12;NORMAL;80,40;83,50;93,59;88,28;85,61;93,60;72,41;85,34
2053;deberta-base;MAX+SUM-NS_SUM-3-6;two-tokens;MAX+SUM-NS;SUM-3-6;4,00;torch.Size([61, 1536]);12,00;0,00;batch-64-nhid-0-inlayer-12;NORMAL;81,16;83,42;93,49;88,30;86,60;93,60;70,03;85,23
2054;deberta-base;MAX+MAX-NS_SUM-3-6;two-tokens;MAX+MAX-NS;SUM-3-6;4,00;torch.Size([61, 1536]);12,00;0,00;batch-64-nhid-0-inlayer-12;NORMAL;77,20;66,70;91,71;49,33;81,77;92,60;70,72;75,72
2055;deberta-base;AVG-NS+SUM-NS_SUM-3-6;two-tokens;AVG-NS+SUM-NS;SUM-3-6;4,00;torch.Size([61, 1536]);12,00;0,00;batch-64-nhid-0-inlayer-12;NORMAL;81,35;83,50;93,46;88,57;86,55;94,20;70,61;85,46
2056;deberta-base;AVG-NS+MAX-NS_SUM-3-6;two-tokens;AVG-NS+MAX-NS;SUM-3-6;4,00;torch.Size([61, 1536]);12,00;0,00;batch-64-nhid-0-inlayer-12;NORMAL;80,04;67,07;93,50;86,30;85,56;93,60;73,10;82,74
2057;deberta-base;SUM-NS+MAX-NS_SUM-3-6;two-tokens;SUM-NS+MAX-NS;SUM-3-6;4,00;torch.Size([61, 1536]);12,00;0,00;batch-64-nhid-0-inlayer-12;NORMAL;81,29;75,02;93,57;88,99;86,38;94,40;70,26;84,27
2058;deberta-base;CLS+AVG_SUM-4-7;two-tokens;CLS+AVG;SUM-4-7;4,00;torch.Size([61, 1536]);12,00;0,00;batch-64-nhid-0-inlayer-12;NORMAL;83,64;88,74;95,27;90,28;89,13;94,40;76,12;88,23
2059;deberta-base;CLS+SUM_SUM-4-7;two-tokens;CLS+SUM;SUM-4-7;4,00;torch.Size([61, 1536]);12,00;0,00;batch-64-nhid-0-inlayer-12;NORMAL;82,99;85,54;93,91;89,42;87,81;93,80;70,14;86,23
2060;deberta-base;CLS+MAX_SUM-4-7;two-tokens;CLS+MAX;SUM-4-7;4,00;torch.Size([61, 1536]);12,00;0,00;batch-64-nhid-0-inlayer-12;NORMAL;78,85;83,58;92,68;88,98;83,14;93,00;70,26;84,36
2061;deberta-base;CLS+AVG-NS_SUM-4-7;two-tokens;CLS+AVG-NS;SUM-4-7;4,00;torch.Size([61, 1536]);12,00;0,00;batch-64-nhid-0-inlayer-12;NORMAL;83,37;88,21;95,29;89,82;89,13;94,60;75,42;87,98
2062;deberta-base;CLS+SUM-NS_SUM-4-7;two-tokens;CLS+SUM-NS;SUM-4-7;4,00;torch.Size([61, 1536]);12,00;0,00;batch-64-nhid-0-inlayer-12;NORMAL;82,68;85,91;93,84;89,45;87,81;95,00;70,67;86,48
2063;deberta-base;CLS+MAX-NS_SUM-4-7;two-tokens;CLS+MAX-NS;SUM-4-7;4,00;torch.Size([61, 1536]);12,00;0,00;batch-64-nhid-0-inlayer-12;NORMAL;79,06;65,96;92,48;74,13;82,32;93,40;70,67;79,72
2064;deberta-base;AVG+SUM_SUM-4-7;two-tokens;AVG+SUM;SUM-4-7;4,00;torch.Size([61, 1536]);12,00;0,00;batch-64-nhid-0-inlayer-12;NORMAL;82,85;85,70;94,06;89,42;86,93;94,00;69,97;86,13
2065;deberta-base;AVG+MAX_SUM-4-7;two-tokens;AVG+MAX;SUM-4-7;4,00;torch.Size([61, 1536]);12,00;0,00;batch-64-nhid-0-inlayer-12;NORMAL;81,74;85,70;93,96;89,02;87,92;94,20;72,23;86,40
2066;deberta-base;AVG+AVG-NS_SUM-4-7;two-tokens;AVG+AVG-NS;SUM-4-7;4,00;torch.Size([61, 1536]);12,00;0,00;batch-64-nhid-0-inlayer-12;NORMAL;83,22;87,87;95,13;89,65;89,51;95,00;75,07;87,92
2067;deberta-base;AVG+SUM-NS_SUM-4-7;two-tokens;AVG+SUM-NS;SUM-4-7;4,00;torch.Size([61, 1536]);12,00;0,00;batch-64-nhid-0-inlayer-12;NORMAL;82,61;85,80;93,78;89,35;87,15;94,40;70,20;86,18
2068;deberta-base;AVG+MAX-NS_SUM-4-7;two-tokens;AVG+MAX-NS;SUM-4-7;4,00;torch.Size([61, 1536]);12,00;0,00;batch-64-nhid-0-inlayer-12;NORMAL;81,82;66,01;94,15;88,78;87,86;94,00;72,35;83,57
2069;deberta-base;SUM+MAX_SUM-4-7;two-tokens;SUM+MAX;SUM-4-7;4,00;torch.Size([61, 1536]);12,00;0,00;batch-64-nhid-0-inlayer-12;NORMAL;82,74;85,77;93,95;88,89;87,64;94,60;70,43;86,29
2070;deberta-base;SUM+AVG-NS_SUM-4-7;two-tokens;SUM+AVG-NS;SUM-4-7;4,00;torch.Size([61, 1536]);12,00;0,00;batch-64-nhid-0-inlayer-12;NORMAL;82,76;85,35;94,12;89,05;88,08;93,40;70,14;86,13
2071;deberta-base;SUM+SUM-NS_SUM-4-7;two-tokens;SUM+SUM-NS;SUM-4-7;4,00;torch.Size([61, 1536]);12,00;0,00;batch-64-nhid-0-inlayer-12;NORMAL;82,56;85,77;94,07;89,38;88,08;94,60;70,90;86,48
2072;deberta-base;SUM+MAX-NS_SUM-4-7;two-tokens;SUM+MAX-NS;SUM-4-7;4,00;torch.Size([61, 1536]);12,00;0,00;batch-64-nhid-0-inlayer-12;NORMAL;82,89;74,22;93,88;80,41;87,75;94,40;70,26;83,40
2073;deberta-base;MAX+AVG-NS_SUM-4-7;two-tokens;MAX+AVG-NS;SUM-4-7;4,00;torch.Size([61, 1536]);12,00;0,00;batch-64-nhid-0-inlayer-12;NORMAL;81,63;85,96;94,00;88,66;87,64;94,40;72,41;86,39
2074;deberta-base;MAX+SUM-NS_SUM-4-7;two-tokens;MAX+SUM-NS;SUM-4-7;4,00;torch.Size([61, 1536]);12,00;0,00;batch-64-nhid-0-inlayer-12;NORMAL;82,21;86,01;94,05;89,07;88,14;94,40;69,80;86,24
2075;deberta-base;MAX+MAX-NS_SUM-4-7;two-tokens;MAX+MAX-NS;SUM-4-7;4,00;torch.Size([61, 1536]);12,00;0,00;batch-64-nhid-0-inlayer-12;NORMAL;78,90;67,05;92,36;49,53;83,69;92,80;70,90;76,46
2076;deberta-base;AVG-NS+SUM-NS_SUM-4-7;two-tokens;AVG-NS+SUM-NS;SUM-4-7;4,00;torch.Size([61, 1536]);12,00;0,00;batch-64-nhid-0-inlayer-12;NORMAL;82,62;85,75;93,97;88,98;88,47;94,40;69,74;86,28
2077;deberta-base;AVG-NS+MAX-NS_SUM-4-7;two-tokens;AVG-NS+MAX-NS;SUM-4-7;4,00;torch.Size([61, 1536]);12,00;0,00;batch-64-nhid-0-inlayer-12;NORMAL;81,62;66,09;94,18;87,36;87,10;94,80;71,59;83,25
2078;deberta-base;SUM-NS+MAX-NS_SUM-4-7;two-tokens;SUM-NS+MAX-NS;SUM-4-7;4,00;torch.Size([61, 1536]);12,00;0,00;batch-64-nhid-0-inlayer-12;NORMAL;82,44;76,80;93,90;85,46;88,08;94,60;70,20;84,50
2079;deberta-base;CLS+AVG_SUM-5-8;two-tokens;CLS+AVG;SUM-5-8;4,00;torch.Size([61, 1536]);12,00;0,00;batch-64-nhid-0-inlayer-12;NORMAL;84,84;89,46;95,64;90,38;90,44;95,80;76,23;88,97
2080;deberta-base;CLS+SUM_SUM-5-8;two-tokens;CLS+SUM;SUM-5-8;4,00;torch.Size([61, 1536]);12,00;0,00;batch-64-nhid-0-inlayer-12;NORMAL;84,24;87,42;94,30;89,28;89,29;94,40;71,25;87,17
2081;deberta-base;CLS+MAX_SUM-5-8;two-tokens;CLS+MAX;SUM-5-8;4,00;torch.Size([61, 1536]);12,00;0,00;batch-64-nhid-0-inlayer-12;NORMAL;80,80;84,13;92,94;88,81;86,49;93,80;70,55;85,36
2082;deberta-base;CLS+AVG-NS_SUM-5-8;two-tokens;CLS+AVG-NS;SUM-5-8;4,00;torch.Size([61, 1536]);12,00;0,00;batch-64-nhid-0-inlayer-12;NORMAL;84,64;89,11;95,50;89,96;90,61;94,80;75,19;88,54
2083;deberta-base;CLS+SUM-NS_SUM-5-8;two-tokens;CLS+SUM-NS;SUM-5-8;4,00;torch.Size([61, 1536]);12,00;0,00;batch-64-nhid-0-inlayer-12;NORMAL;84,13;86,86;94,33;89,28;89,57;94,20;71,13;87,07
2084;deberta-base;CLS+MAX-NS_SUM-5-8;two-tokens;CLS+MAX-NS;SUM-5-8;4,00;torch.Size([61, 1536]);12,00;0,00;batch-64-nhid-0-inlayer-12;NORMAL;80,84;65,93;92,98;76,64;86,77;94,20;70,43;81,11
2085;deberta-base;AVG+SUM_SUM-5-8;two-tokens;AVG+SUM;SUM-5-8;4,00;torch.Size([61, 1536]);12,00;0,00;batch-64-nhid-0-inlayer-12;NORMAL;84,26;87,50;94,30;89,46;89,62;94,20;70,67;87,14
2086;deberta-base;AVG+MAX_SUM-5-8;two-tokens;AVG+MAX;SUM-5-8;4,00;torch.Size([61, 1536]);12,00;0,00;batch-64-nhid-0-inlayer-12;NORMAL;83,25;87,42;94,21;89,22;90,23;95,60;73,04;87,57
2087;deberta-base;AVG+AVG-NS_SUM-5-8;two-tokens;AVG+AVG-NS;SUM-5-8;4,00;torch.Size([61, 1536]);12,00;0,00;batch-64-nhid-0-inlayer-12;NORMAL;84,68;88,80;95,38;89,58;90,66;94,80;74,78;88,38
2088;deberta-base;AVG+SUM-NS_SUM-5-8;two-tokens;AVG+SUM-NS;SUM-5-8;4,00;torch.Size([61, 1536]);12,00;0,00;batch-64-nhid-0-inlayer-12;NORMAL;84,14;86,81;94,25;89,29;89,51;94,20;71,42;87,09
2089;deberta-base;AVG+MAX-NS_SUM-5-8;two-tokens;AVG+MAX-NS;SUM-5-8;4,00;torch.Size([61, 1536]);12,00;0,00;batch-64-nhid-0-inlayer-12;NORMAL;83,22;66,06;94,29;76,02;89,90;95,00;71,94;82,35
2090;deberta-base;SUM+MAX_SUM-5-8;two-tokens;SUM+MAX;SUM-5-8;4,00;torch.Size([61, 1536]);12,00;0,00;batch-64-nhid-0-inlayer-12;NORMAL;84,12;87,68;94,33;88,54;89,46;94,40;70,84;87,05
2091;deberta-base;SUM+AVG-NS_SUM-5-8;two-tokens;SUM+AVG-NS;SUM-5-8;4,00;torch.Size([61, 1536]);12,00;0,00;batch-64-nhid-0-inlayer-12;NORMAL;84,36;87,84;94,33;88,93;89,40;94,00;70,43;87,04
2092;deberta-base;SUM+SUM-NS_SUM-5-8;two-tokens;SUM+SUM-NS;SUM-5-8;4,00;torch.Size([61, 1536]);12,00;0,00;batch-64-nhid-0-inlayer-12;NORMAL;83,98;87,47;94,27;89,12;89,02;94,00;71,59;87,06
2093;deberta-base;SUM+MAX-NS_SUM-5-8;two-tokens;SUM+MAX-NS;SUM-5-8;4,00;torch.Size([61, 1536]);12,00;0,00;batch-64-nhid-0-inlayer-12;NORMAL;84,07;78,03;94,38;90,11;90,06;94,00;71,30;85,99
2094;deberta-base;MAX+AVG-NS_SUM-5-8;two-tokens;MAX+AVG-NS;SUM-5-8;4,00;torch.Size([61, 1536]);12,00;0,00;batch-64-nhid-0-inlayer-12;NORMAL;83,09;87,79;94,20;88,79;89,84;95,20;72,81;87,39
2095;deberta-base;MAX+SUM-NS_SUM-5-8;two-tokens;MAX+SUM-NS;SUM-5-8;4,00;torch.Size([61, 1536]);12,00;0,00;batch-64-nhid-0-inlayer-12;NORMAL;84,15;87,55;94,23;88,59;89,57;94,40;70,72;87,03
2096;deberta-base;MAX+MAX-NS_SUM-5-8;two-tokens;MAX+MAX-NS;SUM-5-8;4,00;torch.Size([61, 1536]);12,00;0,00;batch-64-nhid-0-inlayer-12;NORMAL;80,53;66,86;92,67;49,52;86,16;94,60;71,07;77,34
2097;deberta-base;AVG-NS+SUM-NS_SUM-5-8;two-tokens;AVG-NS+SUM-NS;SUM-5-8;4,00;torch.Size([61, 1536]);12,00;0,00;batch-64-nhid-0-inlayer-12;NORMAL;84,12;87,02;94,15;88,90;89,79;94,40;70,14;86,93
2098;deberta-base;AVG-NS+MAX-NS_SUM-5-8;two-tokens;AVG-NS+MAX-NS;SUM-5-8;4,00;torch.Size([61, 1536]);12,00;0,00;batch-64-nhid-0-inlayer-12;NORMAL;83,25;66,14;94,40;75,59;89,73;94,80;72,06;82,28
2099;deberta-base;SUM-NS+MAX-NS_SUM-5-8;two-tokens;SUM-NS+MAX-NS;SUM-5-8;4,00;torch.Size([61, 1536]);12,00;0,00;batch-64-nhid-0-inlayer-12;NORMAL;84,22;79,36;94,40;90,03;90,33;94,60;70,96;86,27
2100;deberta-base;CLS+AVG_SUM-6-9;two-tokens;CLS+AVG;SUM-6-9;4,00;torch.Size([61, 1536]);12,00;0,00;batch-64-nhid-0-inlayer-12;NORMAL;86,06;90,17;95,73;90,21;91,32;95,40;76,58;89,35
2101;deberta-base;CLS+SUM_SUM-6-9;two-tokens;CLS+SUM;SUM-6-9;4,00;torch.Size([61, 1536]);12,00;0,00;batch-64-nhid-0-inlayer-12;NORMAL;85,21;88,08;94,53;89,21;90,88;95,20;72,46;87,94
2102;deberta-base;CLS+MAX_SUM-6-9;two-tokens;CLS+MAX;SUM-6-9;4,00;torch.Size([61, 1536]);12,00;0,00;batch-64-nhid-0-inlayer-12;NORMAL;82,48;85,78;92,98;88,68;88,85;94,80;71,19;86,39
2103;deberta-base;CLS+AVG-NS_SUM-6-9;two-tokens;CLS+AVG-NS;SUM-6-9;4,00;torch.Size([61, 1536]);12,00;0,00;batch-64-nhid-0-inlayer-12;NORMAL;86,01;89,91;95,49;90,25;91,54;95,20;75,48;89,13
2104;deberta-base;CLS+SUM-NS_SUM-6-9;two-tokens;CLS+SUM-NS;SUM-6-9;4,00;torch.Size([61, 1536]);12,00;0,00;batch-64-nhid-0-inlayer-12;NORMAL;85,42;87,81;94,39;89,27;91,05;94,80;71,54;87,75
2105;deberta-base;CLS+MAX-NS_SUM-6-9;two-tokens;CLS+MAX-NS;SUM-6-9;4,00;torch.Size([61, 1536]);12,00;0,00;batch-64-nhid-0-inlayer-12;NORMAL;82,68;65,93;93,27;76,66;88,63;95,60;71,30;82,01
2106;deberta-base;AVG+SUM_SUM-6-9;two-tokens;AVG+SUM;SUM-6-9;4,00;torch.Size([61, 1536]);12,00;0,00;batch-64-nhid-0-inlayer-12;NORMAL;85,06;88,08;94,54;89,12;90,66;95,20;71,25;87,70
2107;deberta-base;AVG+MAX_SUM-6-9;two-tokens;AVG+MAX;SUM-6-9;4,00;torch.Size([61, 1536]);12,00;0,00;batch-64-nhid-0-inlayer-12;NORMAL;84,33;88,21;94,48;89,25;90,88;95,40;72,58;87,88
2108;deberta-base;AVG+AVG-NS_SUM-6-9;two-tokens;AVG+AVG-NS;SUM-6-9;4,00;torch.Size([61, 1536]);12,00;0,00;batch-64-nhid-0-inlayer-12;NORMAL;85,58;89,40;95,44;89,74;91,71;95,20;75,59;88,95
2109;deberta-base;AVG+SUM-NS_SUM-6-9;two-tokens;AVG+SUM-NS;SUM-6-9;4,00;torch.Size([61, 1536]);12,00;0,00;batch-64-nhid-0-inlayer-12;NORMAL;85,50;88,35;94,30;89,26;90,39;94,40;71,07;87,61
2110;deberta-base;AVG+MAX-NS_SUM-6-9;two-tokens;AVG+MAX-NS;SUM-6-9;4,00;torch.Size([61, 1536]);12,00;0,00;batch-64-nhid-0-inlayer-12;NORMAL;84,72;66,04;94,31;73,00;90,83;95,40;73,16;82,49
2111;deberta-base;SUM+MAX_SUM-6-9;two-tokens;SUM+MAX;SUM-6-9;4,00;torch.Size([61, 1536]);12,00;0,00;batch-64-nhid-0-inlayer-12;NORMAL;85,13;88,34;94,69;88,62;90,61;95,00;71,65;87,72
2112;deberta-base;SUM+AVG-NS_SUM-6-9;two-tokens;SUM+AVG-NS;SUM-6-9;4,00;torch.Size([61, 1536]);12,00;0,00;batch-64-nhid-0-inlayer-12;NORMAL;85,16;87,95;94,55;89,10;90,44;95,60;71,83;87,80
2113;deberta-base;SUM+SUM-NS_SUM-6-9;two-tokens;SUM+SUM-NS;SUM-6-9;4,00;torch.Size([61, 1536]);12,00;0,00;batch-64-nhid-0-inlayer-12;NORMAL;85,24;88,21;94,36;89,24;90,99;95,00;72,12;87,88
2114;deberta-base;SUM+MAX-NS_SUM-6-9;two-tokens;SUM+MAX-NS;SUM-6-9;4,00;torch.Size([61, 1536]);12,00;0,00;batch-64-nhid-0-inlayer-12;NORMAL;85,21;84,02;94,53;89,74;91,21;95,00;71,30;87,29
2115;deberta-base;MAX+AVG-NS_SUM-6-9;two-tokens;MAX+AVG-NS;SUM-6-9;4,00;torch.Size([61, 1536]);12,00;0,00;batch-64-nhid-0-inlayer-12;NORMAL;84,46;88,35;94,58;89,05;90,39;96,00;73,45;88,04
2116;deberta-base;MAX+SUM-NS_SUM-6-9;two-tokens;MAX+SUM-NS;SUM-6-9;4,00;torch.Size([61, 1536]);12,00;0,00;batch-64-nhid-0-inlayer-12;NORMAL;85,02;88,26;94,42;88,65;90,88;95,00;72,81;87,86
2117;deberta-base;MAX+MAX-NS_SUM-6-9;two-tokens;MAX+MAX-NS;SUM-6-9;4,00;torch.Size([61, 1536]);12,00;0,00;batch-64-nhid-0-inlayer-12;NORMAL;82,20;68,82;92,84;49,52;88,69;95,40;71,59;78,44
2118;deberta-base;AVG-NS+SUM-NS_SUM-6-9;two-tokens;AVG-NS+SUM-NS;SUM-6-9;4,00;torch.Size([61, 1536]);12,00;0,00;batch-64-nhid-0-inlayer-12;NORMAL;85,38;88,05;94,40;89,26;90,66;94,80;71,25;87,69
2119;deberta-base;AVG-NS+MAX-NS_SUM-6-9;two-tokens;AVG-NS+MAX-NS;SUM-6-9;4,00;torch.Size([61, 1536]);12,00;0,00;batch-64-nhid-0-inlayer-12;NORMAL;84,55;66,06;94,48;74,94;89,95;95,80;72,52;82,61
2120;deberta-base;SUM-NS+MAX-NS_SUM-6-9;two-tokens;SUM-NS+MAX-NS;SUM-6-9;4,00;torch.Size([61, 1536]);12,00;0,00;batch-64-nhid-0-inlayer-12;NORMAL;85,13;80,12;94,42;89,26;91,10;95,20;71,07;86,61
2121;deberta-base;CLS+AVG_SUM-7-10;two-tokens;CLS+AVG;SUM-7-10;4,00;torch.Size([61, 1536]);12,00;0,00;batch-64-nhid-0-inlayer-12;NORMAL;87,07;90,97;95,82;90,06;92,59;95,60;77,04;89,88
2122;deberta-base;CLS+SUM_SUM-7-10;two-tokens;CLS+SUM;SUM-7-10;4,00;torch.Size([61, 1536]);12,00;0,00;batch-64-nhid-0-inlayer-12;NORMAL;86,12;88,66;94,47;89,26;91,87;95,20;73,10;88,38
2123;deberta-base;CLS+MAX_SUM-7-10;two-tokens;CLS+MAX;SUM-7-10;4,00;torch.Size([61, 1536]);12,00;0,00;batch-64-nhid-0-inlayer-12;NORMAL;84,06;87,21;93,37;88,82;89,51;93,80;70,49;86,75
2124;deberta-base;CLS+AVG-NS_SUM-7-10;two-tokens;CLS+AVG-NS;SUM-7-10;4,00;torch.Size([61, 1536]);12,00;0,00;batch-64-nhid-0-inlayer-12;NORMAL;86,81;90,70;95,74;89,89;92,31;95,20;76,70;89,62
2125;deberta-base;CLS+SUM-NS_SUM-7-10;two-tokens;CLS+SUM-NS;SUM-7-10;4,00;torch.Size([61, 1536]);12,00;0,00;batch-64-nhid-0-inlayer-12;NORMAL;86,23;88,64;94,47;89,33;91,60;95,40;71,83;88,21
2126;deberta-base;CLS+MAX-NS_SUM-7-10;two-tokens;CLS+MAX-NS;SUM-7-10;4,00;torch.Size([61, 1536]);12,00;0,00;batch-64-nhid-0-inlayer-12;NORMAL;84,00;66,17;93,72;85,05;89,46;94,40;70,96;83,39
2127;deberta-base;AVG+SUM_SUM-7-10;two-tokens;AVG+SUM;SUM-7-10;4,00;torch.Size([61, 1536]);12,00;0,00;batch-64-nhid-0-inlayer-12;NORMAL;86,29;88,45;94,47;89,36;91,76;95,40;72,17;88,27
2128;deberta-base;AVG+MAX_SUM-7-10;two-tokens;AVG+MAX;SUM-7-10;4,00;torch.Size([61, 1536]);12,00;0,00;batch-64-nhid-0-inlayer-12;NORMAL;85,81;89,62;95,04;89,21;91,98;96,00;73,28;88,71
2129;deberta-base;AVG+AVG-NS_SUM-7-10;two-tokens;AVG+AVG-NS;SUM-7-10;4,00;torch.Size([61, 1536]);12,00;0,00;batch-64-nhid-0-inlayer-12;NORMAL;86,84;90,15;95,62;89,69;92,59;95,80;75,30;89,43
2130;deberta-base;AVG+SUM-NS_SUM-7-10;two-tokens;AVG+SUM-NS;SUM-7-10;4,00;torch.Size([61, 1536]);12,00;0,00;batch-64-nhid-0-inlayer-12;NORMAL;86,18;88,79;94,48;89,20;92,15;94,80;71,71;88,19
2131;deberta-base;AVG+MAX-NS_SUM-7-10;two-tokens;AVG+MAX-NS;SUM-7-10;4,00;torch.Size([61, 1536]);12,00;0,00;batch-64-nhid-0-inlayer-12;NORMAL;85,77;66,12;94,93;80,00;91,65;95,60;73,16;83,89
2132;deberta-base;SUM+MAX_SUM-7-10;two-tokens;SUM+MAX;SUM-7-10;4,00;torch.Size([61, 1536]);12,00;0,00;batch-64-nhid-0-inlayer-12;NORMAL;86,16;88,93;94,73;88,70;92,09;95,20;73,22;88,43
2133;deberta-base;SUM+AVG-NS_SUM-7-10;two-tokens;SUM+AVG-NS;SUM-7-10;4,00;torch.Size([61, 1536]);12,00;0,00;batch-64-nhid-0-inlayer-12;NORMAL;86,27;88,61;94,54;89,21;92,75;95,60;72,64;88,52
2134;deberta-base;SUM+SUM-NS_SUM-7-10;two-tokens;SUM+SUM-NS;SUM-7-10;4,00;torch.Size([61, 1536]);12,00;0,00;batch-64-nhid-0-inlayer-12;NORMAL;86,14;88,61;94,47;89,31;91,82;95,40;72,87;88,37
2135;deberta-base;SUM+MAX-NS_SUM-7-10;two-tokens;SUM+MAX-NS;SUM-7-10;4,00;torch.Size([61, 1536]);12,00;0,00;batch-64-nhid-0-inlayer-12;NORMAL;86,24;86,70;94,58;82,72;92,09;95,20;73,51;87,29
2136;deberta-base;MAX+AVG-NS_SUM-7-10;two-tokens;MAX+AVG-NS;SUM-7-10;4,00;torch.Size([61, 1536]);12,00;0,00;batch-64-nhid-0-inlayer-12;NORMAL;85,56;89,38;94,90;89,01;91,71;96,40;73,33;88,61
2137;deberta-base;MAX+SUM-NS_SUM-7-10;two-tokens;MAX+SUM-NS;SUM-7-10;4,00;torch.Size([61, 1536]);12,00;0,00;batch-64-nhid-0-inlayer-12;NORMAL;86,23;88,71;94,64;88,58;92,09;95,80;71,83;88,27
2138;deberta-base;MAX+MAX-NS_SUM-7-10;two-tokens;MAX+MAX-NS;SUM-7-10;4,00;torch.Size([61, 1536]);12,00;0,00;batch-64-nhid-0-inlayer-12;NORMAL;83,60;65,75;93,20;49,40;89,84;94,20;72,12;78,30
2139;deberta-base;AVG-NS+SUM-NS_SUM-7-10;two-tokens;AVG-NS+SUM-NS;SUM-7-10;4,00;torch.Size([61, 1536]);12,00;0,00;batch-64-nhid-0-inlayer-12;NORMAL;86,37;88,61;94,44;89,13;91,98;95,00;71,36;88,13
2140;deberta-base;AVG-NS+MAX-NS_SUM-7-10;two-tokens;AVG-NS+MAX-NS;SUM-7-10;4,00;torch.Size([61, 1536]);12,00;0,00;batch-64-nhid-0-inlayer-12;NORMAL;85,59;66,20;94,82;72,87;91,05;95,80;72,35;82,67
2141;deberta-base;SUM-NS+MAX-NS_SUM-7-10;two-tokens;SUM-NS+MAX-NS;SUM-7-10;4,00;torch.Size([61, 1536]);12,00;0,00;batch-64-nhid-0-inlayer-12;NORMAL;86,16;80,59;94,60;85,17;91,49;95,40;72,23;86,52
2142;deberta-base;CLS+AVG_SUM-8-11;two-tokens;CLS+AVG;SUM-8-11;4,00;torch.Size([61, 1536]);12,00;0,00;batch-64-nhid-0-inlayer-12;NORMAL;87,51;91,34;95,94;90,09;92,42;96,40;75,94;89,95
2143;deberta-base;CLS+SUM_SUM-8-11;two-tokens;CLS+SUM;SUM-8-11;4,00;torch.Size([61, 1536]);12,00;0,00;batch-64-nhid-0-inlayer-12;NORMAL;86,92;89,09;94,65;89,39;91,93;95,40;72,81;88,60
2144;deberta-base;CLS+MAX_SUM-8-11;two-tokens;CLS+MAX;SUM-8-11;4,00;torch.Size([61, 1536]);12,00;0,00;batch-64-nhid-0-inlayer-12;NORMAL;84,80;88,27;93,63;89,00;90,39;94,20;70,38;87,24
2145;deberta-base;CLS+AVG-NS_SUM-8-11;two-tokens;CLS+AVG-NS;SUM-8-11;4,00;torch.Size([61, 1536]);12,00;0,00;batch-64-nhid-0-inlayer-12;NORMAL;87,50;91,18;95,87;89,94;92,37;96,20;75,94;89,86
2146;deberta-base;CLS+SUM-NS_SUM-8-11;two-tokens;CLS+SUM-NS;SUM-8-11;4,00;torch.Size([61, 1536]);12,00;0,00;batch-64-nhid-0-inlayer-12;NORMAL;86,67;88,66;94,51;89,22;91,93;95,80;72,64;88,49
2147;deberta-base;CLS+MAX-NS_SUM-8-11;two-tokens;CLS+MAX-NS;SUM-8-11;4,00;torch.Size([61, 1536]);12,00;0,00;batch-64-nhid-0-inlayer-12;NORMAL;84,57;66,12;93,36;83,19;90,61;93,20;69,22;82,90
2148;deberta-base;AVG+SUM_SUM-8-11;two-tokens;AVG+SUM;SUM-8-11;4,00;torch.Size([61, 1536]);12,00;0,00;batch-64-nhid-0-inlayer-12;NORMAL;86,88;88,74;94,70;89,27;91,82;95,60;73,22;88,60
2149;deberta-base;AVG+MAX_SUM-8-11;two-tokens;AVG+MAX;SUM-8-11;4,00;torch.Size([61, 1536]);12,00;0,00;batch-64-nhid-0-inlayer-12;NORMAL;86,36;90,07;95,19;89,20;92,26;95,00;72,23;88,62
2150;deberta-base;AVG+AVG-NS_SUM-8-11;two-tokens;AVG+AVG-NS;SUM-8-11;4,00;torch.Size([61, 1536]);12,00;0,00;batch-64-nhid-0-inlayer-12;NORMAL;87,23;90,60;95,67;89,66;92,75;96,40;75,13;89,63
2151;deberta-base;AVG+SUM-NS_SUM-8-11;two-tokens;AVG+SUM-NS;SUM-8-11;4,00;torch.Size([61, 1536]);12,00;0,00;batch-64-nhid-0-inlayer-12;NORMAL;86,79;88,93;94,55;89,23;92,04;95,60;72,35;88,50
2152;deberta-base;AVG+MAX-NS_SUM-8-11;two-tokens;AVG+MAX-NS;SUM-8-11;4,00;torch.Size([61, 1536]);12,00;0,00;batch-64-nhid-0-inlayer-12;NORMAL;86,51;66,17;95,10;82,53;92,20;95,40;71,30;84,17
2153;deberta-base;SUM+MAX_SUM-8-11;two-tokens;SUM+MAX;SUM-8-11;4,00;torch.Size([61, 1536]);12,00;0,00;batch-64-nhid-0-inlayer-12;NORMAL;86,67;89,11;94,78;89,03;91,98;95,60;72,87;88,58
2154;deberta-base;SUM+AVG-NS_SUM-8-11;two-tokens;SUM+AVG-NS;SUM-8-11;4,00;torch.Size([61, 1536]);12,00;0,00;batch-64-nhid-0-inlayer-12;NORMAL;86,85;89,01;94,56;89,28;92,59;95,20;73,04;88,65
2155;deberta-base;SUM+SUM-NS_SUM-8-11;two-tokens;SUM+SUM-NS;SUM-8-11;4,00;torch.Size([61, 1536]);12,00;0,00;batch-64-nhid-0-inlayer-12;NORMAL;86,79;88,80;94,71;89,12;91,87;95,80;72,81;88,56
2156;deberta-base;SUM+MAX-NS_SUM-8-11;two-tokens;SUM+MAX-NS;SUM-8-11;4,00;torch.Size([61, 1536]);12,00;0,00;batch-64-nhid-0-inlayer-12;NORMAL;86,70;81,91;94,85;80,00;91,93;95,60;73,16;86,31
2157;deberta-base;MAX+AVG-NS_SUM-8-11;two-tokens;MAX+AVG-NS;SUM-8-11;4,00;torch.Size([61, 1536]);12,00;0,00;batch-64-nhid-0-inlayer-12;NORMAL;86,15;90,20;95,27;88,95;91,93;95,00;72,23;88,53
2158;deberta-base;MAX+SUM-NS_SUM-8-11;two-tokens;MAX+SUM-NS;SUM-8-11;4,00;torch.Size([61, 1536]);12,00;0,00;batch-64-nhid-0-inlayer-12;NORMAL;86,72;89,09;94,77;89,09;92,09;95,20;72,41;88,48
2159;deberta-base;MAX+MAX-NS_SUM-8-11;two-tokens;MAX+MAX-NS;SUM-8-11;4,00;torch.Size([61, 1536]);12,00;0,00;batch-64-nhid-0-inlayer-12;NORMAL;84,15;65,96;93,51;49,45;90,28;94,00;70,72;78,30
2160;deberta-base;AVG-NS+SUM-NS_SUM-8-11;two-tokens;AVG-NS+SUM-NS;SUM-8-11;4,00;torch.Size([61, 1536]);12,00;0,00;batch-64-nhid-0-inlayer-12;NORMAL;86,72;88,93;94,60;89,04;92,26;95,40;72,17;88,45
2161;deberta-base;AVG-NS+MAX-NS_SUM-8-11;two-tokens;AVG-NS+MAX-NS;SUM-8-11;4,00;torch.Size([61, 1536]);12,00;0,00;batch-64-nhid-0-inlayer-12;NORMAL;86,55;66,22;95,08;73,05;92,37;95,80;72,17;83,03
2162;deberta-base;SUM-NS+MAX-NS_SUM-8-11;two-tokens;SUM-NS+MAX-NS;SUM-8-11;4,00;torch.Size([61, 1536]);12,00;0,00;batch-64-nhid-0-inlayer-12;NORMAL;86,76;81,19;94,80;86,54;91,60;95,80;73,10;87,11
2163;deberta-base;CLS+AVG_SUM-9-12;two-tokens;CLS+AVG;SUM-9-12;4,00;torch.Size([61, 1536]);12,00;0,00;batch-64-nhid-0-inlayer-12;NORMAL;87,44;91,23;95,90;89,77;92,31;94,60;74,32;89,37
2164;deberta-base;CLS+SUM_SUM-9-12;two-tokens;CLS+SUM;SUM-9-12;4,00;torch.Size([61, 1536]);12,00;0,00;batch-64-nhid-0-inlayer-12;NORMAL;86,93;89,78;94,97;89,10;91,65;94,60;69,28;88,04
2165;deberta-base;CLS+MAX_SUM-9-12;two-tokens;CLS+MAX;SUM-9-12;4,00;torch.Size([61, 1536]);12,00;0,00;batch-64-nhid-0-inlayer-12;NORMAL;83,91;87,44;93,62;88,68;89,35;93,60;69,62;86,60
2166;deberta-base;CLS+AVG-NS_SUM-9-12;two-tokens;CLS+AVG-NS;SUM-9-12;4,00;torch.Size([61, 1536]);12,00;0,00;batch-64-nhid-0-inlayer-12;NORMAL;87,40;90,92;95,74;89,95;92,59;95,60;73,28;89,35
2167;deberta-base;CLS+SUM-NS_SUM-9-12;two-tokens;CLS+SUM-NS;SUM-9-12;4,00;torch.Size([61, 1536]);12,00;0,00;batch-64-nhid-0-inlayer-12;NORMAL;86,85;89,99;94,91;89,08;92,04;94,40;69,33;88,09
2168;deberta-base;CLS+MAX-NS_SUM-9-12;two-tokens;CLS+MAX-NS;SUM-9-12;4,00;torch.Size([61, 1536]);12,00;0,00;batch-64-nhid-0-inlayer-12;NORMAL;84,18;66,09;93,61;49,05;89,13;94,00;69,57;77,95
2169;deberta-base;AVG+SUM_SUM-9-12;two-tokens;AVG+SUM;SUM-9-12;4,00;torch.Size([61, 1536]);12,00;0,00;batch-64-nhid-0-inlayer-12;NORMAL;86,83;90,31;94,98;89,18;91,65;94,60;68,58;88,02
2170;deberta-base;AVG+MAX_SUM-9-12;two-tokens;AVG+MAX;SUM-9-12;4,00;torch.Size([61, 1536]);12,00;0,00;batch-64-nhid-0-inlayer-12;NORMAL;86,06;89,91;94,79;89,03;91,98;95,20;70,67;88,23
2171;deberta-base;AVG+AVG-NS_SUM-9-12;two-tokens;AVG+AVG-NS;SUM-9-12;4,00;torch.Size([61, 1536]);12,00;0,00;batch-64-nhid-0-inlayer-12;NORMAL;87,14;90,67;95,62;89,68;92,37;94,80;74,32;89,23
2172;deberta-base;AVG+SUM-NS_SUM-9-12;two-tokens;AVG+SUM-NS;SUM-9-12;4,00;torch.Size([61, 1536]);12,00;0,00;batch-64-nhid-0-inlayer-12;NORMAL;87,02;89,75;94,88;88,98;91,43;95,00;68,87;87,99
2173;deberta-base;AVG+MAX-NS_SUM-9-12;two-tokens;AVG+MAX-NS;SUM-9-12;4,00;torch.Size([61, 1536]);12,00;0,00;batch-64-nhid-0-inlayer-12;NORMAL;85,88;66,38;94,87;49,22;91,82;94,60;70,55;79,05
2174;deberta-base;SUM+MAX_SUM-9-12;two-tokens;SUM+MAX;SUM-9-12;4,00;torch.Size([61, 1536]);12,00;0,00;batch-64-nhid-0-inlayer-12;NORMAL;86,80;89,83;95,15;89,16;91,21;94,80;69,33;88,04
2175;deberta-base;SUM+AVG-NS_SUM-9-12;two-tokens;SUM+AVG-NS;SUM-9-12;4,00;torch.Size([61, 1536]);12,00;0,00;batch-64-nhid-0-inlayer-12;NORMAL;87,12;90,20;94,89;89,12;91,43;94,40;69,22;88,05
2176;deberta-base;SUM+SUM-NS_SUM-9-12;two-tokens;SUM+SUM-NS;SUM-9-12;4,00;torch.Size([61, 1536]);12,00;0,00;batch-64-nhid-0-inlayer-12;NORMAL;87,08;90,28;94,84;89,23;91,60;94,60;68,75;88,05
2177;deberta-base;SUM+MAX-NS_SUM-9-12;two-tokens;SUM+MAX-NS;SUM-9-12;4,00;torch.Size([61, 1536]);12,00;0,00;batch-64-nhid-0-inlayer-12;NORMAL;86,81;80,17;94,94;88,41;91,16;95,00;69,39;86,55
2178;deberta-base;MAX+AVG-NS_SUM-9-12;two-tokens;MAX+AVG-NS;SUM-9-12;4,00;torch.Size([61, 1536]);12,00;0,00;batch-64-nhid-0-inlayer-12;NORMAL;86,14;89,91;94,67;89,07;92,15;95,80;70,96;88,39
2179;deberta-base;MAX+SUM-NS_SUM-9-12;two-tokens;MAX+SUM-NS;SUM-9-12;4,00;torch.Size([61, 1536]);12,00;0,00;batch-64-nhid-0-inlayer-12;NORMAL;86,79;89,78;94,88;88,99;91,60;95,00;68,70;87,96
2180;deberta-base;MAX+MAX-NS_SUM-9-12;two-tokens;MAX+MAX-NS;SUM-9-12;4,00;torch.Size([61, 1536]);12,00;0,00;batch-64-nhid-0-inlayer-12;NORMAL;83,82;66,12;93,21;78,48;89,02;94,20;68,64;81,93
2181;deberta-base;AVG-NS+SUM-NS_SUM-9-12;two-tokens;AVG-NS+SUM-NS;SUM-9-12;4,00;torch.Size([61, 1536]);12,00;0,00;batch-64-nhid-0-inlayer-12;NORMAL;86,97;89,91;94,77;89,13;91,60;94,60;68,58;87,94
2182;deberta-base;AVG-NS+MAX-NS_SUM-9-12;two-tokens;AVG-NS+MAX-NS;SUM-9-12;4,00;torch.Size([61, 1536]);12,00;0,00;batch-64-nhid-0-inlayer-12;NORMAL;85,68;68,13;94,89;83,79;91,93;94,60;70,26;84,18
2183;deberta-base;SUM-NS+MAX-NS_SUM-9-12;two-tokens;SUM-NS+MAX-NS;SUM-9-12;4,00;torch.Size([61, 1536]);12,00;0,00;batch-64-nhid-0-inlayer-12;NORMAL;86,96;76,92;94,89;87,78;92,20;94,40;69,04;86,03
2184;deberta-base;CLS+AVG_SUM-1-5;two-tokens;CLS+AVG;SUM-1-5;4,00;torch.Size([61, 1536]);12,00;0,00;batch-64-nhid-0-inlayer-12;NORMAL;80,40;83,52;94,24;89,21;86,77;92,40;75,13;85,95
2185;deberta-base;CLS+SUM_SUM-1-5;two-tokens;CLS+SUM;SUM-1-5;4,00;torch.Size([61, 1536]);12,00;0,00;batch-64-nhid-0-inlayer-12;NORMAL;79,95;80,98;93,17;88,52;86,44;90,40;69,68;84,16
2186;deberta-base;CLS+MAX_SUM-1-5;two-tokens;CLS+MAX;SUM-1-5;4,00;torch.Size([61, 1536]);12,00;0,00;batch-64-nhid-0-inlayer-12;NORMAL;75,90;77,88;90,67;88,01;79,52;90,80;67,71;81,50
2187;deberta-base;CLS+AVG-NS_SUM-1-5;two-tokens;CLS+AVG-NS;SUM-1-5;4,00;torch.Size([61, 1536]);12,00;0,00;batch-64-nhid-0-inlayer-12;NORMAL;79,68;82,60;93,97;89,05;86,00;92,40;74,09;85,40
2188;deberta-base;CLS+SUM-NS_SUM-1-5;two-tokens;CLS+SUM-NS;SUM-1-5;4,00;torch.Size([61, 1536]);12,00;0,00;batch-64-nhid-0-inlayer-12;NORMAL;79,53;80,85;92,96;88,47;86,49;91,20;69,68;84,17
2189;deberta-base;CLS+MAX-NS_SUM-1-5;two-tokens;CLS+MAX-NS;SUM-1-5;4,00;torch.Size([61, 1536]);12,00;0,00;batch-64-nhid-0-inlayer-12;NORMAL;75,40;64,71;90,75;80,93;79,74;91,00;67,54;78,58
2190;deberta-base;AVG+SUM_SUM-1-5;two-tokens;AVG+SUM;SUM-1-5;4,00;torch.Size([61, 1536]);12,00;0,00;batch-64-nhid-0-inlayer-12;NORMAL;79,93;80,93;93,10;88,22;85,50;90,40;69,57;83,95
2191;deberta-base;AVG+MAX_SUM-1-5;two-tokens;AVG+MAX;SUM-1-5;4,00;torch.Size([61, 1536]);12,00;0,00;batch-64-nhid-0-inlayer-12;NORMAL;78,35;79,95;92,26;87,61;85,23;91,20;69,39;83,43
2192;deberta-base;AVG+AVG-NS_SUM-1-5;two-tokens;AVG+AVG-NS;SUM-1-5;4,00;torch.Size([61, 1536]);12,00;0,00;batch-64-nhid-0-inlayer-12;NORMAL;80,07;82,17;93,91;88,56;86,77;90,80;74,09;85,20
2193;deberta-base;AVG+SUM-NS_SUM-1-5;two-tokens;AVG+SUM-NS;SUM-1-5;4,00;torch.Size([61, 1536]);12,00;0,00;batch-64-nhid-0-inlayer-12;NORMAL;79,39;80,87;92,88;88,13;86,11;91,00;69,10;83,93
2194;deberta-base;AVG+MAX-NS_SUM-1-5;two-tokens;AVG+MAX-NS;SUM-1-5;4,00;torch.Size([61, 1536]);12,00;0,00;batch-64-nhid-0-inlayer-12;NORMAL;78,47;66,12;92,26;85,44;84,84;91,40;69,28;81,12
2195;deberta-base;SUM+MAX_SUM-1-5;two-tokens;SUM+MAX;SUM-1-5;4,00;torch.Size([61, 1536]);12,00;0,00;batch-64-nhid-0-inlayer-12;NORMAL;79,79;81,03;93,00;87,61;85,61;91,40;70,20;84,09
2196;deberta-base;SUM+AVG-NS_SUM-1-5;two-tokens;SUM+AVG-NS;SUM-1-5;4,00;torch.Size([61, 1536]);12,00;0,00;batch-64-nhid-0-inlayer-12;NORMAL;79,82;81,19;93,16;88,20;86,05;90,60;69,68;84,10
2197;deberta-base;SUM+SUM-NS_SUM-1-5;two-tokens;SUM+SUM-NS;SUM-1-5;4,00;torch.Size([61, 1536]);12,00;0,00;batch-64-nhid-0-inlayer-12;NORMAL;79,37;80,74;93,13;88,48;85,78;90,40;69,16;83,87
2198;deberta-base;SUM+MAX-NS_SUM-1-5;two-tokens;SUM+MAX-NS;SUM-1-5;4,00;torch.Size([61, 1536]);12,00;0,00;batch-64-nhid-0-inlayer-12;NORMAL;79,64;72,76;93,10;78,49;86,22;92,00;70,90;81,87
2199;deberta-base;MAX+AVG-NS_SUM-1-5;two-tokens;MAX+AVG-NS;SUM-1-5;4,00;torch.Size([61, 1536]);12,00;0,00;batch-64-nhid-0-inlayer-12;NORMAL;78,52;79,47;92,20;87,06;83,53;91,60;68,64;83,00
2200;deberta-base;MAX+SUM-NS_SUM-1-5;two-tokens;MAX+SUM-NS;SUM-1-5;4,00;torch.Size([61, 1536]);12,00;0,00;batch-64-nhid-0-inlayer-12;NORMAL;79,25;80,74;92,79;87,60;86,00;91,20;70,55;84,02
2201;deberta-base;MAX+MAX-NS_SUM-1-5;two-tokens;MAX+MAX-NS;SUM-1-5;4,00;torch.Size([61, 1536]);12,00;0,00;batch-64-nhid-0-inlayer-12;NORMAL;74,84;65,75;90,28;85,82;79,46;90,40;68,23;79,25
2202;deberta-base;AVG-NS+SUM-NS_SUM-1-5;two-tokens;AVG-NS+SUM-NS;SUM-1-5;4,00;torch.Size([61, 1536]);12,00;0,00;batch-64-nhid-0-inlayer-12;NORMAL;79,34;81,06;92,84;87,97;86,00;90,80;70,49;84,07
2203;deberta-base;AVG-NS+MAX-NS_SUM-1-5;two-tokens;AVG-NS+MAX-NS;SUM-1-5;4,00;torch.Size([61, 1536]);12,00;0,00;batch-64-nhid-0-inlayer-12;NORMAL;78,30;65,08;92,48;72,38;83,64;91,80;69,91;79,08
2204;deberta-base;SUM-NS+MAX-NS_SUM-1-5;two-tokens;SUM-NS+MAX-NS;SUM-1-5;4,00;torch.Size([61, 1536]);12,00;0,00;batch-64-nhid-0-inlayer-12;NORMAL;78,94;76,29;92,81;87,54;86,44;91,40;70,61;83,43
2205;deberta-base;CLS+AVG_SUM-2-6;two-tokens;CLS+AVG;SUM-2-6;4,00;torch.Size([61, 1536]);12,00;0,00;batch-64-nhid-0-inlayer-12;NORMAL;81,55;85,96;94,84;89,74;87,59;93,80;75,19;86,95
2206;deberta-base;CLS+SUM_SUM-2-6;two-tokens;CLS+SUM;SUM-2-6;4,00;torch.Size([61, 1536]);12,00;0,00;batch-64-nhid-0-inlayer-12;NORMAL;81,29;83,97;93,61;88,95;86,93;92,00;70,61;85,34
2207;deberta-base;CLS+MAX_SUM-2-6;two-tokens;CLS+MAX;SUM-2-6;4,00;torch.Size([61, 1536]);12,00;0,00;batch-64-nhid-0-inlayer-12;NORMAL;77,12;80,13;91,61;88,40;80,72;92,40;70,09;82,92
2208;deberta-base;CLS+AVG-NS_SUM-2-6;two-tokens;CLS+AVG-NS;SUM-2-6;4,00;torch.Size([61, 1536]);12,00;0,00;batch-64-nhid-0-inlayer-12;NORMAL;81,24;85,43;94,82;89,47;87,42;92,80;74,14;86,47
2209;deberta-base;CLS+SUM-NS_SUM-2-6;two-tokens;CLS+SUM-NS;SUM-2-6;4,00;torch.Size([61, 1536]);12,00;0,00;batch-64-nhid-0-inlayer-12;NORMAL;81,04;83,84;93,71;88,85;86,77;92,20;69,80;85,17
2210;deberta-base;CLS+MAX-NS_SUM-2-6;two-tokens;CLS+MAX-NS;SUM-2-6;4,00;torch.Size([61, 1536]);12,00;0,00;batch-64-nhid-0-inlayer-12;NORMAL;76,81;65,46;91,54;72,73;80,56;93,00;69,57;78,52
2211;deberta-base;AVG+SUM_SUM-2-6;two-tokens;AVG+SUM;SUM-2-6;4,00;torch.Size([61, 1536]);12,00;0,00;batch-64-nhid-0-inlayer-12;NORMAL;81,42;84,05;93,63;88,96;86,22;92,40;70,61;85,33
2212;deberta-base;AVG+MAX_SUM-2-6;two-tokens;AVG+MAX;SUM-2-6;4,00;torch.Size([61, 1536]);12,00;0,00;batch-64-nhid-0-inlayer-12;NORMAL;79,72;82,22;93,44;88,31;86,60;93,80;71,13;85,03
2213;deberta-base;AVG+AVG-NS_SUM-2-6;two-tokens;AVG+AVG-NS;SUM-2-6;4,00;torch.Size([61, 1536]);12,00;0,00;batch-64-nhid-0-inlayer-12;NORMAL;81,25;85,27;94,60;89,27;88,25;93,20;75,42;86,75
2214;deberta-base;AVG+SUM-NS_SUM-2-6;two-tokens;AVG+SUM-NS;SUM-2-6;4,00;torch.Size([61, 1536]);12,00;0,00;batch-64-nhid-0-inlayer-12;NORMAL;80,98;83,87;93,79;88,86;86,33;92,00;70,67;85,21
2215;deberta-base;AVG+MAX-NS_SUM-2-6;two-tokens;AVG+MAX-NS;SUM-2-6;4,00;torch.Size([61, 1536]);12,00;0,00;batch-64-nhid-0-inlayer-12;NORMAL;80,07;67,07;93,27;72,61;86,49;93,40;71,54;80,64
2216;deberta-base;SUM+MAX_SUM-2-6;two-tokens;SUM+MAX;SUM-2-6;4,00;torch.Size([61, 1536]);12,00;0,00;batch-64-nhid-0-inlayer-12;NORMAL;81,10;84,08;93,73;88,15;86,33;92,40;70,84;85,23
2217;deberta-base;SUM+AVG-NS_SUM-2-6;two-tokens;SUM+AVG-NS;SUM-2-6;4,00;torch.Size([61, 1536]);12,00;0,00;batch-64-nhid-0-inlayer-12;NORMAL;81,28;84,21;93,69;88,48;86,82;92,60;70,90;85,43
2218;deberta-base;SUM+SUM-NS_SUM-2-6;two-tokens;SUM+SUM-NS;SUM-2-6;4,00;torch.Size([61, 1536]);12,00;0,00;batch-64-nhid-0-inlayer-12;NORMAL;81,17;84,24;93,67;88,93;86,77;93,00;70,61;85,48
2219;deberta-base;SUM+MAX-NS_SUM-2-6;two-tokens;SUM+MAX-NS;SUM-2-6;4,00;torch.Size([61, 1536]);12,00;0,00;batch-64-nhid-0-inlayer-12;NORMAL;80,95;78,25;93,78;89,30;86,66;93,00;70,96;84,70
2220;deberta-base;MAX+AVG-NS_SUM-2-6;two-tokens;MAX+AVG-NS;SUM-2-6;4,00;torch.Size([61, 1536]);12,00;0,00;batch-64-nhid-0-inlayer-12;NORMAL;79,67;82,52;93,33;87,97;85,78;93,60;71,59;84,92
2221;deberta-base;MAX+SUM-NS_SUM-2-6;two-tokens;MAX+SUM-NS;SUM-2-6;4,00;torch.Size([61, 1536]);12,00;0,00;batch-64-nhid-0-inlayer-12;NORMAL;80,94;83,81;93,64;88,05;86,44;93,80;70,43;85,30
2222;deberta-base;MAX+MAX-NS_SUM-2-6;two-tokens;MAX+MAX-NS;SUM-2-6;4,00;torch.Size([61, 1536]);12,00;0,00;batch-64-nhid-0-inlayer-12;NORMAL;76,66;67,63;91,34;86,63;80,45;93,20;69,51;80,77
2223;deberta-base;AVG-NS+SUM-NS_SUM-2-6;two-tokens;AVG-NS+SUM-NS;SUM-2-6;4,00;torch.Size([61, 1536]);12,00;0,00;batch-64-nhid-0-inlayer-12;NORMAL;81,08;83,71;93,82;88,42;87,15;93,00;70,67;85,41
2224;deberta-base;AVG-NS+MAX-NS_SUM-2-6;two-tokens;AVG-NS+MAX-NS;SUM-2-6;4,00;torch.Size([61, 1536]);12,00;0,00;batch-64-nhid-0-inlayer-12;NORMAL;79,55;66,57;93,38;49,17;85,67;93,40;71,19;76,99
2225;deberta-base;SUM-NS+MAX-NS_SUM-2-6;two-tokens;SUM-NS+MAX-NS;SUM-2-6;4,00;torch.Size([61, 1536]);12,00;0,00;batch-64-nhid-0-inlayer-12;NORMAL;80,74;74,46;93,70;84,13;86,60;94,20;69,68;83,36
2226;deberta-base;CLS+AVG_SUM-3-7;two-tokens;CLS+AVG;SUM-3-7;4,00;torch.Size([61, 1536]);12,00;0,00;batch-64-nhid-0-inlayer-12;NORMAL;83,01;87,68;95,04;90,08;88,91;94,40;75,07;87,74
2227;deberta-base;CLS+SUM_SUM-3-7;two-tokens;CLS+SUM;SUM-3-7;4,00;torch.Size([61, 1536]);12,00;0,00;batch-64-nhid-0-inlayer-12;NORMAL;82,44;85,91;94,08;89,48;87,70;94,20;70,26;86,30
2228;deberta-base;CLS+MAX_SUM-3-7;two-tokens;CLS+MAX;SUM-3-7;4,00;torch.Size([61, 1536]);12,00;0,00;batch-64-nhid-0-inlayer-12;NORMAL;78,51;82,83;92,59;88,92;82,32;93,20;70,72;84,16
2229;deberta-base;CLS+AVG-NS_SUM-3-7;two-tokens;CLS+AVG-NS;SUM-3-7;4,00;torch.Size([61, 1536]);12,00;0,00;batch-64-nhid-0-inlayer-12;NORMAL;82,72;87,58;95,02;89,68;88,69;94,40;75,88;87,71
2230;deberta-base;CLS+SUM-NS_SUM-3-7;two-tokens;CLS+SUM-NS;SUM-3-7;4,00;torch.Size([61, 1536]);12,00;0,00;batch-64-nhid-0-inlayer-12;NORMAL;82,23;85,59;93,84;89,46;87,97;94,20;70,20;86,21
2231;deberta-base;CLS+MAX-NS_SUM-3-7;two-tokens;CLS+MAX-NS;SUM-3-7;4,00;torch.Size([61, 1536]);12,00;0,00;batch-64-nhid-0-inlayer-12;NORMAL;78,61;65,80;92,47;72,83;82,32;92,80;69,74;79,22
2232;deberta-base;AVG+SUM_SUM-3-7;two-tokens;AVG+SUM;SUM-3-7;4,00;torch.Size([61, 1536]);12,00;0,00;batch-64-nhid-0-inlayer-12;NORMAL;82,56;85,85;93,98;89,21;87,53;94,80;70,43;86,34
2233;deberta-base;AVG+MAX_SUM-3-7;two-tokens;AVG+MAX;SUM-3-7;4,00;torch.Size([61, 1536]);12,00;0,00;batch-64-nhid-0-inlayer-12;NORMAL;81,87;84,95;93,78;88,74;87,64;93,60;71,48;86,01
2234;deberta-base;AVG+AVG-NS_SUM-3-7;two-tokens;AVG+AVG-NS;SUM-3-7;4,00;torch.Size([61, 1536]);12,00;0,00;batch-64-nhid-0-inlayer-12;NORMAL;82,87;87,28;94,79;89,45;89,62;94,00;75,13;87,59
2235;deberta-base;AVG+SUM-NS_SUM-3-7;two-tokens;AVG+SUM-NS;SUM-3-7;4,00;torch.Size([61, 1536]);12,00;0,00;batch-64-nhid-0-inlayer-12;NORMAL;82,06;85,54;93,77;89,40;87,31;94,80;70,14;86,15
2236;deberta-base;AVG+MAX-NS_SUM-3-7;two-tokens;AVG+MAX-NS;SUM-3-7;4,00;torch.Size([61, 1536]);12,00;0,00;batch-64-nhid-0-inlayer-12;NORMAL;81,53;68,45;93,66;78,37;87,70;93,40;71,36;82,07
2237;deberta-base;SUM+MAX_SUM-3-7;two-tokens;SUM+MAX;SUM-3-7;4,00;torch.Size([61, 1536]);12,00;0,00;batch-64-nhid-0-inlayer-12;NORMAL;82,44;85,93;94,23;88,72;87,42;94,20;70,20;86,16
2238;deberta-base;SUM+AVG-NS_SUM-3-7;two-tokens;SUM+AVG-NS;SUM-3-7;4,00;torch.Size([61, 1536]);12,00;0,00;batch-64-nhid-0-inlayer-12;NORMAL;82,57;85,88;94,06;88,85;88,19;94,40;71,19;86,45
2239;deberta-base;SUM+SUM-NS_SUM-3-7;two-tokens;SUM+SUM-NS;SUM-3-7;4,00;torch.Size([61, 1536]);12,00;0,00;batch-64-nhid-0-inlayer-12;NORMAL;82,38;85,67;94,06;89,34;87,86;94,40;69,91;86,23
2240;deberta-base;SUM+MAX-NS_SUM-3-7;two-tokens;SUM+MAX-NS;SUM-3-7;4,00;torch.Size([61, 1536]);12,00;0,00;batch-64-nhid-0-inlayer-12;NORMAL;82,42;78,30;94,13;81,25;87,53;94,20;70,55;84,05
2241;deberta-base;MAX+AVG-NS_SUM-3-7;two-tokens;MAX+AVG-NS;SUM-3-7;4,00;torch.Size([61, 1536]);12,00;0,00;batch-64-nhid-0-inlayer-12;NORMAL;81,45;85,03;93,93;88,28;86,99;94,40;71,88;85,99
2242;deberta-base;MAX+SUM-NS_SUM-3-7;two-tokens;MAX+SUM-NS;SUM-3-7;4,00;torch.Size([61, 1536]);12,00;0,00;batch-64-nhid-0-inlayer-12;NORMAL;82,01;85,40;93,87;88,56;87,37;94,40;70,72;86,05
2243;deberta-base;MAX+MAX-NS_SUM-3-7;two-tokens;MAX+MAX-NS;SUM-3-7;4,00;torch.Size([61, 1536]);12,00;0,00;batch-64-nhid-0-inlayer-12;NORMAL;78,36;67,68;92,14;86,06;82,43;92,40;70,67;81,39
2244;deberta-base;AVG-NS+SUM-NS_SUM-3-7;two-tokens;AVG-NS+SUM-NS;SUM-3-7;4,00;torch.Size([61, 1536]);12,00;0,00;batch-64-nhid-0-inlayer-12;NORMAL;82,20;85,32;93,86;88,94;87,81;95,00;70,26;86,20
2245;deberta-base;AVG-NS+MAX-NS_SUM-3-7;two-tokens;AVG-NS+MAX-NS;SUM-3-7;4,00;torch.Size([61, 1536]);12,00;0,00;batch-64-nhid-0-inlayer-12;NORMAL;81,47;68,34;93,91;49,45;86,77;93,80;71,36;77,87
2246;deberta-base;SUM-NS+MAX-NS_SUM-3-7;two-tokens;SUM-NS+MAX-NS;SUM-3-7;4,00;torch.Size([61, 1536]);12,00;0,00;batch-64-nhid-0-inlayer-12;NORMAL;82,04;75,39;93,98;86,91;87,53;94,20;70,38;84,35
2247;deberta-base;CLS+AVG_SUM-4-8;two-tokens;CLS+AVG;SUM-4-8;4,00;torch.Size([61, 1536]);12,00;0,00;batch-64-nhid-0-inlayer-12;NORMAL;84,45;89,48;95,48;90,27;90,12;95,60;76,29;88,81
2248;deberta-base;CLS+SUM_SUM-4-8;two-tokens;CLS+SUM;SUM-4-8;4,00;torch.Size([61, 1536]);12,00;0,00;batch-64-nhid-0-inlayer-12;NORMAL;84,05;86,73;94,41;89,43;89,13;93,80;71,01;86,94
2249;deberta-base;CLS+MAX_SUM-4-8;two-tokens;CLS+MAX;SUM-4-8;4,00;torch.Size([61, 1536]);12,00;0,00;batch-64-nhid-0-inlayer-12;NORMAL;80,27;84,32;92,87;88,78;85,12;94,80;69,91;85,15
2250;deberta-base;CLS+AVG-NS_SUM-4-8;two-tokens;CLS+AVG-NS;SUM-4-8;4,00;torch.Size([61, 1536]);12,00;0,00;batch-64-nhid-0-inlayer-12;NORMAL;84,37;88,90;95,46;89,96;90,33;95,80;75,36;88,60
2251;deberta-base;CLS+SUM-NS_SUM-4-8;two-tokens;CLS+SUM-NS;SUM-4-8;4,00;torch.Size([61, 1536]);12,00;0,00;batch-64-nhid-0-inlayer-12;NORMAL;83,83;86,84;94,36;89,61;89,13;93,80;71,07;86,95
2252;deberta-base;CLS+MAX-NS_SUM-4-8;two-tokens;CLS+MAX-NS;SUM-4-8;4,00;torch.Size([61, 1536]);12,00;0,00;batch-64-nhid-0-inlayer-12;NORMAL;80,28;65,80;92,87;74,11;84,68;93,20;69,22;80,02
2253;deberta-base;AVG+SUM_SUM-4-8;two-tokens;AVG+SUM;SUM-4-8;4,00;torch.Size([61, 1536]);12,00;0,00;batch-64-nhid-0-inlayer-12;NORMAL;84,13;86,83;94,38;89,47;88,36;93,60;71,01;86,83
2254;deberta-base;AVG+MAX_SUM-4-8;two-tokens;AVG+MAX;SUM-4-8;4,00;torch.Size([61, 1536]);12,00;0,00;batch-64-nhid-0-inlayer-12;NORMAL;83,18;87,28;94,15;89,09;89,35;95,00;71,54;87,08
2255;deberta-base;AVG+AVG-NS_SUM-4-8;two-tokens;AVG+AVG-NS;SUM-4-8;4,00;torch.Size([61, 1536]);12,00;0,00;batch-64-nhid-0-inlayer-12;NORMAL;84,14;88,74;95,28;89,66;90,83;94,20;75,07;88,27
2256;deberta-base;AVG+SUM-NS_SUM-4-8;two-tokens;AVG+SUM-NS;SUM-4-8;4,00;torch.Size([61, 1536]);12,00;0,00;batch-64-nhid-0-inlayer-12;NORMAL;83,83;86,73;94,22;89,47;88,85;94,00;70,67;86,82
2257;deberta-base;AVG+MAX-NS_SUM-4-8;two-tokens;AVG+MAX-NS;SUM-4-8;4,00;torch.Size([61, 1536]);12,00;0,00;batch-64-nhid-0-inlayer-12;NORMAL;82,74;67,68;94,18;79,16;89,24;94,80;72,29;82,87
2258;deberta-base;SUM+MAX_SUM-4-8;two-tokens;SUM+MAX;SUM-4-8;4,00;torch.Size([61, 1536]);12,00;0,00;batch-64-nhid-0-inlayer-12;NORMAL;83,77;87,05;94,47;88,54;88,80;93,80;70,84;86,75
2259;deberta-base;SUM+AVG-NS_SUM-4-8;two-tokens;SUM+AVG-NS;SUM-4-8;4,00;torch.Size([61, 1536]);12,00;0,00;batch-64-nhid-0-inlayer-12;NORMAL;84,16;86,89;94,46;88,96;88,96;94,00;71,13;86,94
2260;deberta-base;SUM+SUM-NS_SUM-4-8;two-tokens;SUM+SUM-NS;SUM-4-8;4,00;torch.Size([61, 1536]);12,00;0,00;batch-64-nhid-0-inlayer-12;NORMAL;83,92;86,81;94,46;89,52;88,85;94,60;70,78;86,99
2261;deberta-base;SUM+MAX-NS_SUM-4-8;two-tokens;SUM+MAX-NS;SUM-4-8;4,00;torch.Size([61, 1536]);12,00;0,00;batch-64-nhid-0-inlayer-12;NORMAL;83,86;76,45;94,49;80,25;89,29;93,80;71,54;84,24
2262;deberta-base;MAX+AVG-NS_SUM-4-8;two-tokens;MAX+AVG-NS;SUM-4-8;4,00;torch.Size([61, 1536]);12,00;0,00;batch-64-nhid-0-inlayer-12;NORMAL;83,18;87,21;94,29;88,60;89,18;94,80;71,83;87,01
2263;deberta-base;MAX+SUM-NS_SUM-4-8;two-tokens;MAX+SUM-NS;SUM-4-8;4,00;torch.Size([61, 1536]);12,00;0,00;batch-64-nhid-0-inlayer-12;NORMAL;83,93;86,97;94,29;88,51;89,02;94,40;71,36;86,93
2264;deberta-base;MAX+MAX-NS_SUM-4-8;two-tokens;MAX+MAX-NS;SUM-4-8;4,00;torch.Size([61, 1536]);12,00;0,00;batch-64-nhid-0-inlayer-12;NORMAL;80,47;65,61;92,53;85,54;85,56;93,60;69,91;81,89
2265;deberta-base;AVG-NS+SUM-NS_SUM-4-8;two-tokens;AVG-NS+SUM-NS;SUM-4-8;4,00;torch.Size([61, 1536]);12,00;0,00;batch-64-nhid-0-inlayer-12;NORMAL;83,92;86,67;94,29;89,02;89,07;94,40;70,78;86,88
2266;deberta-base;AVG-NS+MAX-NS_SUM-4-8;two-tokens;AVG-NS+MAX-NS;SUM-4-8;4,00;torch.Size([61, 1536]);12,00;0,00;batch-64-nhid-0-inlayer-12;NORMAL;83,00;66,20;94,20;49,41;88,85;94,80;71,01;78,21
2267;deberta-base;SUM-NS+MAX-NS_SUM-4-8;two-tokens;SUM-NS+MAX-NS;SUM-4-8;4,00;torch.Size([61, 1536]);12,00;0,00;batch-64-nhid-0-inlayer-12;NORMAL;83,93;80,61;94,37;79,09;89,24;93,40;70,96;84,51
2268;deberta-base;CLS+AVG_SUM-5-9;two-tokens;CLS+AVG;SUM-5-9;4,00;torch.Size([61, 1536]);12,00;0,00;batch-64-nhid-0-inlayer-12;NORMAL;85,52;89,83;95,67;90,20;90,83;95,40;75,94;89,06
2269;deberta-base;CLS+SUM_SUM-5-9;two-tokens;CLS+SUM;SUM-5-9;4,00;torch.Size([61, 1536]);12,00;0,00;batch-64-nhid-0-inlayer-12;NORMAL;84,94;88,29;94,44;89,34;90,33;94,20;71,48;87,57
2270;deberta-base;CLS+MAX_SUM-5-9;two-tokens;CLS+MAX;SUM-5-9;4,00;torch.Size([61, 1536]);12,00;0,00;batch-64-nhid-0-inlayer-12;NORMAL;81,69;84,90;93,04;88,89;87,75;94,80;70,14;85,89
2271;deberta-base;CLS+AVG-NS_SUM-5-9;two-tokens;CLS+AVG-NS;SUM-5-9;4,00;torch.Size([61, 1536]);12,00;0,00;batch-64-nhid-0-inlayer-12;NORMAL;85,47;89,24;95,47;90,16;91,16;95,20;75,65;88,91
2272;deberta-base;CLS+SUM-NS_SUM-5-9;two-tokens;CLS+SUM-NS;SUM-5-9;4,00;torch.Size([61, 1536]);12,00;0,00;batch-64-nhid-0-inlayer-12;NORMAL;85,07;87,60;94,48;89,21;90,61;94,00;71,36;87,48
2273;deberta-base;CLS+MAX-NS_SUM-5-9;two-tokens;CLS+MAX-NS;SUM-5-9;4,00;torch.Size([61, 1536]);12,00;0,00;batch-64-nhid-0-inlayer-12;NORMAL;81,64;65,80;93,17;82,36;88,25;95,40;70,55;82,45
2274;deberta-base;AVG+SUM_SUM-5-9;two-tokens;AVG+SUM;SUM-5-9;4,00;torch.Size([61, 1536]);12,00;0,00;batch-64-nhid-0-inlayer-12;NORMAL;85,07;88,56;94,36;89,35;90,06;94,60;71,01;87,57
2275;deberta-base;AVG+MAX_SUM-5-9;two-tokens;AVG+MAX;SUM-5-9;4,00;torch.Size([61, 1536]);12,00;0,00;batch-64-nhid-0-inlayer-12;NORMAL;83,93;88,05;94,30;89,08;90,77;95,80;70,72;87,52
2276;deberta-base;AVG+AVG-NS_SUM-5-9;two-tokens;AVG+AVG-NS;SUM-5-9;4,00;torch.Size([61, 1536]);12,00;0,00;batch-64-nhid-0-inlayer-12;NORMAL;85,47;89,17;95,27;89,72;91,87;94,40;74,90;88,69
2277;deberta-base;AVG+SUM-NS_SUM-5-9;two-tokens;AVG+SUM-NS;SUM-5-9;4,00;torch.Size([61, 1536]);12,00;0,00;batch-64-nhid-0-inlayer-12;NORMAL;84,97;87,89;94,30;89,29;90,28;94,40;70,67;87,40
2278;deberta-base;AVG+MAX-NS_SUM-5-9;two-tokens;AVG+MAX-NS;SUM-5-9;4,00;torch.Size([61, 1536]);12,00;0,00;batch-64-nhid-0-inlayer-12;NORMAL;83,93;66,14;94,38;72,89;90,17;95,40;71,59;82,07
2279;deberta-base;SUM+MAX_SUM-5-9;two-tokens;SUM+MAX;SUM-5-9;4,00;torch.Size([61, 1536]);12,00;0,00;batch-64-nhid-0-inlayer-12;NORMAL;85,02;88,40;94,53;88,78;90,01;94,00;71,19;87,42
2280;deberta-base;SUM+AVG-NS_SUM-5-9;two-tokens;SUM+AVG-NS;SUM-5-9;4,00;torch.Size([61, 1536]);12,00;0,00;batch-64-nhid-0-inlayer-12;NORMAL;85,14;88,27;94,39;89,20;90,28;94,40;71,48;87,59
2281;deberta-base;SUM+SUM-NS_SUM-5-9;two-tokens;SUM+SUM-NS;SUM-5-9;4,00;torch.Size([61, 1536]);12,00;0,00;batch-64-nhid-0-inlayer-12;NORMAL;84,74;88,13;94,37;89,16;90,33;94,40;71,36;87,50
2282;deberta-base;SUM+MAX-NS_SUM-5-9;two-tokens;SUM+MAX-NS;SUM-5-9;4,00;torch.Size([61, 1536]);12,00;0,00;batch-64-nhid-0-inlayer-12;NORMAL;84,95;82,78;94,59;52,31;90,23;94,20;71,77;81,55
2283;deberta-base;MAX+AVG-NS_SUM-5-9;two-tokens;MAX+AVG-NS;SUM-5-9;4,00;torch.Size([61, 1536]);12,00;0,00;batch-64-nhid-0-inlayer-12;NORMAL;84,11;87,71;94,52;88,98;90,33;95,80;72,00;87,64
2284;deberta-base;MAX+SUM-NS_SUM-5-9;two-tokens;MAX+SUM-NS;SUM-5-9;4,00;torch.Size([61, 1536]);12,00;0,00;batch-64-nhid-0-inlayer-12;NORMAL;84,80;87,92;94,50;88,77;90,50;94,60;71,65;87,53
2285;deberta-base;MAX+MAX-NS_SUM-5-9;two-tokens;MAX+MAX-NS;SUM-5-9;4,00;torch.Size([61, 1536]);12,00;0,00;batch-64-nhid-0-inlayer-12;NORMAL;81,44;66,88;92,74;87,36;87,86;95,40;71,07;83,25
2286;deberta-base;AVG-NS+SUM-NS_SUM-5-9;two-tokens;AVG-NS+SUM-NS;SUM-5-9;4,00;torch.Size([61, 1536]);12,00;0,00;batch-64-nhid-0-inlayer-12;NORMAL;85,04;87,89;94,34;89,13;90,33;94,60;70,84;87,45
2287;deberta-base;AVG-NS+MAX-NS_SUM-5-9;two-tokens;AVG-NS+MAX-NS;SUM-5-9;4,00;torch.Size([61, 1536]);12,00;0,00;batch-64-nhid-0-inlayer-12;NORMAL;84,13;67,70;94,30;49,51;90,01;95,40;72,23;79,04
2288;deberta-base;SUM-NS+MAX-NS_SUM-5-9;two-tokens;SUM-NS+MAX-NS;SUM-5-9;4,00;torch.Size([61, 1536]);12,00;0,00;batch-64-nhid-0-inlayer-12;NORMAL;85,03;77,75;94,43;77,01;90,44;94,00;71,54;84,31
2289;deberta-base;CLS+AVG_SUM-6-10;two-tokens;CLS+AVG;SUM-6-10;4,00;torch.Size([61, 1536]);12,00;0,00;batch-64-nhid-0-inlayer-12;NORMAL;86,74;90,33;95,66;90,15;92,09;95,40;76,29;89,52
2290;deberta-base;CLS+SUM_SUM-6-10;two-tokens;CLS+SUM;SUM-6-10;4,00;torch.Size([61, 1536]);12,00;0,00;batch-64-nhid-0-inlayer-12;NORMAL;86,02;88,32;94,49;89,31;91,05;95,20;72,29;88,10
2291;deberta-base;CLS+MAX_SUM-6-10;two-tokens;CLS+MAX;SUM-6-10;4,00;torch.Size([61, 1536]);12,00;0,00;batch-64-nhid-0-inlayer-12;NORMAL;83,29;85,83;93,12;88,97;89,07;95,20;71,77;86,75
2292;deberta-base;CLS+AVG-NS_SUM-6-10;two-tokens;CLS+AVG-NS;SUM-6-10;4,00;torch.Size([61, 1536]);12,00;0,00;batch-64-nhid-0-inlayer-12;NORMAL;86,44;90,04;95,63;90,20;92,04;95,40;76,06;89,40
2293;deberta-base;CLS+SUM-NS_SUM-6-10;two-tokens;CLS+SUM-NS;SUM-6-10;4,00;torch.Size([61, 1536]);12,00;0,00;batch-64-nhid-0-inlayer-12;NORMAL;85,99;88,61;94,59;89,24;91,05;95,20;72,00;88,10
2294;deberta-base;CLS+MAX-NS_SUM-6-10;two-tokens;CLS+MAX-NS;SUM-6-10;4,00;torch.Size([61, 1536]);12,00;0,00;batch-64-nhid-0-inlayer-12;NORMAL;83,28;65,93;93,32;49,57;89,07;95,00;72,41;78,37
2295;deberta-base;AVG+SUM_SUM-6-10;two-tokens;AVG+SUM;SUM-6-10;4,00;torch.Size([61, 1536]);12,00;0,00;batch-64-nhid-0-inlayer-12;NORMAL;86,02;88,13;94,45;89,32;91,21;95,20;72,58;88,13
2296;deberta-base;AVG+MAX_SUM-6-10;two-tokens;AVG+MAX;SUM-6-10;4,00;torch.Size([61, 1536]);12,00;0,00;batch-64-nhid-0-inlayer-12;NORMAL;85,26;88,64;94,53;89,12;91,27;96,00;71,94;88,11
2297;deberta-base;AVG+AVG-NS_SUM-6-10;two-tokens;AVG+AVG-NS;SUM-6-10;4,00;torch.Size([61, 1536]);12,00;0,00;batch-64-nhid-0-inlayer-12;NORMAL;86,22;89,43;95,41;89,59;92,64;95,20;75,71;89,17
2298;deberta-base;AVG+SUM-NS_SUM-6-10;two-tokens;AVG+SUM-NS;SUM-6-10;4,00;torch.Size([61, 1536]);12,00;0,00;batch-64-nhid-0-inlayer-12;NORMAL;86,07;88,45;94,47;89,15;90,77;95,00;71,36;87,90
2299;deberta-base;AVG+MAX-NS_SUM-6-10;two-tokens;AVG+MAX-NS;SUM-6-10;4,00;torch.Size([61, 1536]);12,00;0,00;batch-64-nhid-0-inlayer-12;NORMAL;85,07;69,77;94,35;72,85;91,32;95,60;72,17;83,02
2300;deberta-base;SUM+MAX_SUM-6-10;two-tokens;SUM+MAX;SUM-6-10;4,00;torch.Size([61, 1536]);12,00;0,00;batch-64-nhid-0-inlayer-12;NORMAL;86,01;88,37;94,58;88,81;91,65;95,20;72,64;88,18
2301;deberta-base;SUM+AVG-NS_SUM-6-10;two-tokens;SUM+AVG-NS;SUM-6-10;4,00;torch.Size([61, 1536]);12,00;0,00;batch-64-nhid-0-inlayer-12;NORMAL;86,04;88,29;94,56;89,02;92,04;95,00;72,29;88,18
2302;deberta-base;SUM+SUM-NS_SUM-6-10;two-tokens;SUM+SUM-NS;SUM-6-10;4,00;torch.Size([61, 1536]);12,00;0,00;batch-64-nhid-0-inlayer-12;NORMAL;85,70;88,19;94,57;89,23;91,05;95,20;72,93;88,12
2303;deberta-base;SUM+MAX-NS_SUM-6-10;two-tokens;SUM+MAX-NS;SUM-6-10;4,00;torch.Size([61, 1536]);12,00;0,00;batch-64-nhid-0-inlayer-12;NORMAL;85,87;86,52;94,56;74,83;91,98;94,80;72,87;85,92
2304;deberta-base;MAX+AVG-NS_SUM-6-10;two-tokens;MAX+AVG-NS;SUM-6-10;4,00;torch.Size([61, 1536]);12,00;0,00;batch-64-nhid-0-inlayer-12;NORMAL;84,98;89,01;94,70;89,10;91,32;96,00;72,75;88,27
2305;deberta-base;MAX+SUM-NS_SUM-6-10;two-tokens;MAX+SUM-NS;SUM-6-10;4,00;torch.Size([61, 1536]);12,00;0,00;batch-64-nhid-0-inlayer-12;NORMAL;85,99;88,45;94,55;88,69;91,93;94,80;72,64;88,15
2306;deberta-base;MAX+MAX-NS_SUM-6-10;two-tokens;MAX+MAX-NS;SUM-6-10;4,00;torch.Size([61, 1536]);12,00;0,00;batch-64-nhid-0-inlayer-12;NORMAL;83,07;65,93;92,89;85,93;89,07;95,40;70,55;83,26
2307;deberta-base;AVG-NS+SUM-NS_SUM-6-10;two-tokens;AVG-NS+SUM-NS;SUM-6-10;4,00;torch.Size([61, 1536]);12,00;0,00;batch-64-nhid-0-inlayer-12;NORMAL;85,97;88,42;94,75;89,13;91,71;95,00;71,88;88,12
2308;deberta-base;AVG-NS+MAX-NS_SUM-6-10;two-tokens;AVG-NS+MAX-NS;SUM-6-10;4,00;torch.Size([61, 1536]);12,00;0,00;batch-64-nhid-0-inlayer-12;NORMAL;85,20;69,61;94,39;49,68;90,77;95,60;72,00;79,61
2309;deberta-base;SUM-NS+MAX-NS_SUM-6-10;two-tokens;SUM-NS+MAX-NS;SUM-6-10;4,00;torch.Size([61, 1536]);12,00;0,00;batch-64-nhid-0-inlayer-12;NORMAL;85,89;83,84;94,50;72,85;91,65;95,00;71,54;85,04
2310;deberta-base;CLS+AVG_SUM-7-11;two-tokens;CLS+AVG;SUM-7-11;4,00;torch.Size([61, 1536]);12,00;0,00;batch-64-nhid-0-inlayer-12;NORMAL;87,15;90,89;95,91;90,11;92,53;95,60;76,06;89,75
2311;deberta-base;CLS+SUM_SUM-7-11;two-tokens;CLS+SUM;SUM-7-11;4,00;torch.Size([61, 1536]);12,00;0,00;batch-64-nhid-0-inlayer-12;NORMAL;86,67;88,66;94,60;89,49;92,09;95,20;73,62;88,62
2312;deberta-base;CLS+MAX_SUM-7-11;two-tokens;CLS+MAX;SUM-7-11;4,00;torch.Size([61, 1536]);12,00;0,00;batch-64-nhid-0-inlayer-12;NORMAL;84,39;87,47;93,65;88,90;90,28;93,80;70,26;86,96
2313;deberta-base;CLS+AVG-NS_SUM-7-11;two-tokens;CLS+AVG-NS;SUM-7-11;4,00;torch.Size([61, 1536]);12,00;0,00;batch-64-nhid-0-inlayer-12;NORMAL;86,95;90,49;95,90;90,12;92,15;95,40;76,06;89,58
2314;deberta-base;CLS+SUM-NS_SUM-7-11;two-tokens;CLS+SUM-NS;SUM-7-11;4,00;torch.Size([61, 1536]);12,00;0,00;batch-64-nhid-0-inlayer-12;NORMAL;86,48;88,58;94,50;89,39;91,71;95,20;71,71;88,22
2315;deberta-base;CLS+MAX-NS_SUM-7-11;two-tokens;CLS+MAX-NS;SUM-7-11;4,00;torch.Size([61, 1536]);12,00;0,00;batch-64-nhid-0-inlayer-12;NORMAL;84,40;69,54;93,66;49,57;90,28;94,20;69,86;78,79
2316;deberta-base;AVG+SUM_SUM-7-11;two-tokens;AVG+SUM;SUM-7-11;4,00;torch.Size([61, 1536]);12,00;0,00;batch-64-nhid-0-inlayer-12;NORMAL;86,59;88,64;94,52;89,47;91,65;95,40;73,16;88,49
2317;deberta-base;AVG+MAX_SUM-7-11;two-tokens;AVG+MAX;SUM-7-11;4,00;torch.Size([61, 1536]);12,00;0,00;batch-64-nhid-0-inlayer-12;NORMAL;86,16;89,59;94,98;89,28;92,15;95,60;72,06;88,55
2318;deberta-base;AVG+AVG-NS_SUM-7-11;two-tokens;AVG+AVG-NS;SUM-7-11;4,00;torch.Size([61, 1536]);12,00;0,00;batch-64-nhid-0-inlayer-12;NORMAL;87,04;89,78;95,60;89,86;92,75;95,80;76,46;89,61
2319;deberta-base;AVG+SUM-NS_SUM-7-11;two-tokens;AVG+SUM-NS;SUM-7-11;4,00;torch.Size([61, 1536]);12,00;0,00;batch-64-nhid-0-inlayer-12;NORMAL;86,48;88,71;94,77;89,45;91,65;94,60;72,17;88,26
2320;deberta-base;AVG+MAX-NS_SUM-7-11;two-tokens;AVG+MAX-NS;SUM-7-11;4,00;torch.Size([61, 1536]);12,00;0,00;batch-64-nhid-0-inlayer-12;NORMAL;86,10;67,86;94,93;49,46;91,65;95,40;71,25;79,52
2321;deberta-base;SUM+MAX_SUM-7-11;two-tokens;SUM+MAX;SUM-7-11;4,00;torch.Size([61, 1536]);12,00;0,00;batch-64-nhid-0-inlayer-12;NORMAL;86,31;88,90;94,85;88,98;91,87;95,20;73,33;88,49
2322;deberta-base;SUM+AVG-NS_SUM-7-11;two-tokens;SUM+AVG-NS;SUM-7-11;4,00;torch.Size([61, 1536]);12,00;0,00;batch-64-nhid-0-inlayer-12;NORMAL;86,63;88,77;94,67;89,39;92,04;95,20;73,04;88,53
2323;deberta-base;SUM+SUM-NS_SUM-7-11;two-tokens;SUM+SUM-NS;SUM-7-11;4,00;torch.Size([61, 1536]);12,00;0,00;batch-64-nhid-0-inlayer-12;NORMAL;86,45;88,53;94,54;89,42;91,82;95,00;72,75;88,36
2324;deberta-base;SUM+MAX-NS_SUM-7-11;two-tokens;SUM+MAX-NS;SUM-7-11;4,00;torch.Size([61, 1536]);12,00;0,00;batch-64-nhid-0-inlayer-12;NORMAL;86,48;84,82;94,81;76,89;92,15;95,80;72,87;86,26
2325;deberta-base;MAX+AVG-NS_SUM-7-11;two-tokens;MAX+AVG-NS;SUM-7-11;4,00;torch.Size([61, 1536]);12,00;0,00;batch-64-nhid-0-inlayer-12;NORMAL;85,83;89,43;95,01;88,80;91,87;95,60;72,06;88,37
2326;deberta-base;MAX+SUM-NS_SUM-7-11;two-tokens;MAX+SUM-NS;SUM-7-11;4,00;torch.Size([61, 1536]);12,00;0,00;batch-64-nhid-0-inlayer-12;NORMAL;86,53;88,48;94,56;88,90;92,04;95,40;72,00;88,27
2327;deberta-base;MAX+MAX-NS_SUM-7-11;two-tokens;MAX+MAX-NS;SUM-7-11;4,00;torch.Size([61, 1536]);12,00;0,00;batch-64-nhid-0-inlayer-12;NORMAL;83,79;65,85;93,64;72,77;90,61;94,00;70,20;81,55
2328;deberta-base;AVG-NS+SUM-NS_SUM-7-11;two-tokens;AVG-NS+SUM-NS;SUM-7-11;4,00;torch.Size([61, 1536]);12,00;0,00;batch-64-nhid-0-inlayer-12;NORMAL;86,48;88,64;94,53;89,23;92,31;95,20;71,65;88,29
2329;deberta-base;AVG-NS+MAX-NS_SUM-7-11;two-tokens;AVG-NS+MAX-NS;SUM-7-11;4,00;torch.Size([61, 1536]);12,00;0,00;batch-64-nhid-0-inlayer-12;NORMAL;86,02;66,12;94,74;49,44;91,82;95,60;72,17;79,42
2330;deberta-base;SUM-NS+MAX-NS_SUM-7-11;two-tokens;SUM-NS+MAX-NS;SUM-7-11;4,00;torch.Size([61, 1536]);12,00;0,00;batch-64-nhid-0-inlayer-12;NORMAL;86,46;86,30;94,68;73,57;92,04;94,80;72,81;85,81
2331;deberta-base;CLS+AVG_SUM-8-12;two-tokens;CLS+AVG;SUM-8-12;4,00;torch.Size([61, 1536]);12,00;0,00;batch-64-nhid-0-inlayer-12;NORMAL;87,33;91,13;95,88;90,17;92,59;95,80;74,67;89,65
2332;deberta-base;CLS+SUM_SUM-8-12;two-tokens;CLS+SUM;SUM-8-12;4,00;torch.Size([61, 1536]);12,00;0,00;batch-64-nhid-0-inlayer-12;NORMAL;86,73;89,88;95,00;89,16;91,71;94,60;69,97;88,15
2333;deberta-base;CLS+MAX_SUM-8-12;two-tokens;CLS+MAX;SUM-8-12;4,00;torch.Size([61, 1536]);12,00;0,00;batch-64-nhid-0-inlayer-12;NORMAL;83,94;87,63;93,75;88,91;90,44;94,80;69,16;86,95
2334;deberta-base;CLS+AVG-NS_SUM-8-12;two-tokens;CLS+AVG-NS;SUM-8-12;4,00;torch.Size([61, 1536]);12,00;0,00;batch-64-nhid-0-inlayer-12;NORMAL;87,19;90,54;95,76;89,93;92,59;96,00;74,90;89,56
2335;deberta-base;CLS+SUM-NS_SUM-8-12;two-tokens;CLS+SUM-NS;SUM-8-12;4,00;torch.Size([61, 1536]);12,00;0,00;batch-64-nhid-0-inlayer-12;NORMAL;86,88;89,70;95,07;89,27;91,87;95,60;70,14;88,36
2336;deberta-base;CLS+MAX-NS_SUM-8-12;two-tokens;CLS+MAX-NS;SUM-8-12;4,00;torch.Size([61, 1536]);12,00;0,00;batch-64-nhid-0-inlayer-12;NORMAL;84,08;66,57;93,83;75,60;89,90;93,40;68,29;81,67
2337;deberta-base;AVG+SUM_SUM-8-12;two-tokens;AVG+SUM;SUM-8-12;4,00;torch.Size([61, 1536]);12,00;0,00;batch-64-nhid-0-inlayer-12;NORMAL;86,77;89,78;95,03;89,32;91,71;95,40;69,57;88,23
2338;deberta-base;AVG+MAX_SUM-8-12;two-tokens;AVG+MAX;SUM-8-12;4,00;torch.Size([61, 1536]);12,00;0,00;batch-64-nhid-0-inlayer-12;NORMAL;85,81;89,40;94,97;89,44;92,31;95,00;70,55;88,21
2339;deberta-base;AVG+AVG-NS_SUM-8-12;two-tokens;AVG+AVG-NS;SUM-8-12;4,00;torch.Size([61, 1536]);12,00;0,00;batch-64-nhid-0-inlayer-12;NORMAL;87,19;90,39;95,59;89,70;92,70;95,00;74,32;89,27
2340;deberta-base;AVG+SUM-NS_SUM-8-12;two-tokens;AVG+SUM-NS;SUM-8-12;4,00;torch.Size([61, 1536]);12,00;0,00;batch-64-nhid-0-inlayer-12;NORMAL;86,80;89,72;94,87;89,26;91,65;95,60;69,39;88,18
2341;deberta-base;AVG+MAX-NS_SUM-8-12;two-tokens;AVG+MAX-NS;SUM-8-12;4,00;torch.Size([61, 1536]);12,00;0,00;batch-64-nhid-0-inlayer-12;NORMAL;85,80;68,58;95,05;81,90;91,65;94,80;68,93;83,82
2342;deberta-base;SUM+MAX_SUM-8-12;two-tokens;SUM+MAX;SUM-8-12;4,00;torch.Size([61, 1536]);12,00;0,00;batch-64-nhid-0-inlayer-12;NORMAL;86,69;89,70;95,02;89,07;91,71;95,40;69,74;88,19
2343;deberta-base;SUM+AVG-NS_SUM-8-12;two-tokens;SUM+AVG-NS;SUM-8-12;4,00;torch.Size([61, 1536]);12,00;0,00;batch-64-nhid-0-inlayer-12;NORMAL;86,77;89,59;95,04;89,39;91,65;95,60;70,03;88,30
2344;deberta-base;SUM+SUM-NS_SUM-8-12;two-tokens;SUM+SUM-NS;SUM-8-12;4,00;torch.Size([61, 1536]);12,00;0,00;batch-64-nhid-0-inlayer-12;NORMAL;86,75;89,88;95,10;89,35;91,98;95,80;68,93;88,26
2345;deberta-base;SUM+MAX-NS_SUM-8-12;two-tokens;SUM+MAX-NS;SUM-8-12;4,00;torch.Size([61, 1536]);12,00;0,00;batch-64-nhid-0-inlayer-12;NORMAL;86,83;84,27;94,96;87,90;92,04;95,80;69,33;87,30
2346;deberta-base;MAX+AVG-NS_SUM-8-12;two-tokens;MAX+AVG-NS;SUM-8-12;4,00;torch.Size([61, 1536]);12,00;0,00;batch-64-nhid-0-inlayer-12;NORMAL;85,61;89,59;95,11;89,02;91,27;95,20;69,16;87,85
2347;deberta-base;MAX+SUM-NS_SUM-8-12;two-tokens;MAX+SUM-NS;SUM-8-12;4,00;torch.Size([61, 1536]);12,00;0,00;batch-64-nhid-0-inlayer-12;NORMAL;86,79;89,54;94,92;89,15;91,98;95,40;69,22;88,14
2348;deberta-base;MAX+MAX-NS_SUM-8-12;two-tokens;MAX+MAX-NS;SUM-8-12;4,00;torch.Size([61, 1536]);12,00;0,00;batch-64-nhid-0-inlayer-12;NORMAL;83,79;65,88;93,49;81,27;90,01;93,80;67,77;82,29
2349;deberta-base;AVG-NS+SUM-NS_SUM-8-12;two-tokens;AVG-NS+SUM-NS;SUM-8-12;4,00;torch.Size([61, 1536]);12,00;0,00;batch-64-nhid-0-inlayer-12;NORMAL;87,06;89,46;95,12;89,18;91,93;95,40;69,39;88,22
2350;deberta-base;AVG-NS+MAX-NS_SUM-8-12;two-tokens;AVG-NS+MAX-NS;SUM-8-12;4,00;torch.Size([61, 1536]);12,00;0,00;batch-64-nhid-0-inlayer-12;NORMAL;85,67;66,12;95,13;88,21;91,76;94,80;69,74;84,49
2351;deberta-base;SUM-NS+MAX-NS_SUM-8-12;two-tokens;SUM-NS+MAX-NS;SUM-8-12;4,00;torch.Size([61, 1536]);12,00;0,00;batch-64-nhid-0-inlayer-12;NORMAL;86,80;81,35;95,07;75,46;92,31;94,80;70,38;85,17
2352;deberta-base;CLS+AVG_SUM-1-6;two-tokens;CLS+AVG;SUM-1-6;4,00;torch.Size([61, 1536]);12,00;0,00;batch-64-nhid-0-inlayer-12;NORMAL;81,09;84,93;94,55;89,70;87,59;92,20;75,54;86,51
2353;deberta-base;CLS+SUM_SUM-1-6;two-tokens;CLS+SUM;SUM-1-6;4,00;torch.Size([61, 1536]);12,00;0,00;batch-64-nhid-0-inlayer-12;NORMAL;80,75;83,50;93,60;89,07;86,82;91,20;70,49;85,06
2354;deberta-base;CLS+MAX_SUM-1-6;two-tokens;CLS+MAX;SUM-1-6;4,00;torch.Size([61, 1536]);12,00;0,00;batch-64-nhid-0-inlayer-12;NORMAL;76,34;78,60;91,40;88,33;79,68;92,20;68,46;82,14
2355;deberta-base;CLS+AVG-NS_SUM-1-6;two-tokens;CLS+AVG-NS;SUM-1-6;4,00;torch.Size([61, 1536]);12,00;0,00;batch-64-nhid-0-inlayer-12;NORMAL;80,63;84,42;94,33;89,37;87,10;92,80;74,61;86,18
2356;deberta-base;CLS+SUM-NS_SUM-1-6;two-tokens;CLS+SUM-NS;SUM-1-6;4,00;torch.Size([61, 1536]);12,00;0,00;batch-64-nhid-0-inlayer-12;NORMAL;80,66;83,05;93,53;89,04;87,04;92,40;70,20;85,13
2357;deberta-base;CLS+MAX-NS_SUM-1-6;two-tokens;CLS+MAX-NS;SUM-1-6;4,00;torch.Size([61, 1536]);12,00;0,00;batch-64-nhid-0-inlayer-12;NORMAL;76,56;65,06;91,15;49,37;79,96;92,20;68,64;74,71
2358;deberta-base;AVG+SUM_SUM-1-6;two-tokens;AVG+SUM;SUM-1-6;4,00;torch.Size([61, 1536]);12,00;0,00;batch-64-nhid-0-inlayer-12;NORMAL;80,78;83,87;93,57;89,18;86,33;91,00;70,26;85,00
2359;deberta-base;AVG+MAX_SUM-1-6;two-tokens;AVG+MAX;SUM-1-6;4,00;torch.Size([61, 1536]);12,00;0,00;batch-64-nhid-0-inlayer-12;NORMAL;79,03;81,48;92,81;88,20;86,11;92,40;69,86;84,27
2360;deberta-base;AVG+AVG-NS_SUM-1-6;two-tokens;AVG+AVG-NS;SUM-1-6;4,00;torch.Size([61, 1536]);12,00;0,00;batch-64-nhid-0-inlayer-12;NORMAL;80,77;84,00;94,19;89,15;87,37;92,20;75,19;86,12
2361;deberta-base;AVG+SUM-NS_SUM-1-6;two-tokens;AVG+SUM-NS;SUM-1-6;4,00;torch.Size([61, 1536]);12,00;0,00;batch-64-nhid-0-inlayer-12;NORMAL;80,69;83,39;93,46;88,92;86,88;91,80;70,03;85,02
2362;deberta-base;AVG+MAX-NS_SUM-1-6;two-tokens;AVG+MAX-NS;SUM-1-6;4,00;torch.Size([61, 1536]);12,00;0,00;batch-64-nhid-0-inlayer-12;NORMAL;79,32;67,92;92,53;49,19;85,45;92,60;69,22;76,60
2363;deberta-base;SUM+MAX_SUM-1-6;two-tokens;SUM+MAX;SUM-1-6;4,00;torch.Size([61, 1536]);12,00;0,00;batch-64-nhid-0-inlayer-12;NORMAL;80,77;83,47;93,64;87,90;86,82;91,60;71,01;85,03
2364;deberta-base;SUM+AVG-NS_SUM-1-6;two-tokens;SUM+AVG-NS;SUM-1-6;4,00;torch.Size([61, 1536]);12,00;0,00;batch-64-nhid-0-inlayer-12;NORMAL;80,76;83,52;93,52;88,34;86,77;91,20;69,91;84,86
2365;deberta-base;SUM+SUM-NS_SUM-1-6;two-tokens;SUM+SUM-NS;SUM-1-6;4,00;torch.Size([61, 1536]);12,00;0,00;batch-64-nhid-0-inlayer-12;NORMAL;80,73;83,89;93,51;88,89;86,66;92,00;69,97;85,09
2366;deberta-base;SUM+MAX-NS_SUM-1-6;two-tokens;SUM+MAX-NS;SUM-1-6;4,00;torch.Size([61, 1536]);12,00;0,00;batch-64-nhid-0-inlayer-12;NORMAL;80,69;76,37;93,42;72,57;86,66;92,20;70,55;81,78
2367;deberta-base;MAX+AVG-NS_SUM-1-6;two-tokens;MAX+AVG-NS;SUM-1-6;4,00;torch.Size([61, 1536]);12,00;0,00;batch-64-nhid-0-inlayer-12;NORMAL;79,32;81,48;92,89;87,54;84,46;92,80;69,16;83,95
2368;deberta-base;MAX+SUM-NS_SUM-1-6;two-tokens;MAX+SUM-NS;SUM-1-6;4,00;torch.Size([61, 1536]);12,00;0,00;batch-64-nhid-0-inlayer-12;NORMAL;80,36;83,28;93,52;87,88;87,31;91,40;70,55;84,90
2369;deberta-base;MAX+MAX-NS_SUM-1-6;two-tokens;MAX+MAX-NS;SUM-1-6;4,00;torch.Size([61, 1536]);12,00;0,00;batch-64-nhid-0-inlayer-12;NORMAL;75,83;66,31;90,51;89,01;79,85;91,20;68,41;80,16
2370;deberta-base;AVG-NS+SUM-NS_SUM-1-6;two-tokens;AVG-NS+SUM-NS;SUM-1-6;4,00;torch.Size([61, 1536]);12,00;0,00;batch-64-nhid-0-inlayer-12;NORMAL;80,52;83,34;93,52;88,45;86,93;91,80;69,86;84,92
2371;deberta-base;AVG-NS+MAX-NS_SUM-1-6;two-tokens;AVG-NS+MAX-NS;SUM-1-6;4,00;torch.Size([61, 1536]);12,00;0,00;batch-64-nhid-0-inlayer-12;NORMAL;79,27;66,75;92,89;49,08;84,35;92,80;69,45;76,37
2372;deberta-base;SUM-NS+MAX-NS_SUM-1-6;two-tokens;SUM-NS+MAX-NS;SUM-1-6;4,00;torch.Size([61, 1536]);12,00;0,00;batch-64-nhid-0-inlayer-12;NORMAL;80,60;76,82;93,54;72,54;87,10;91,20;70,03;81,69
2373;deberta-base;CLS+AVG_SUM-2-7;two-tokens;CLS+AVG;SUM-2-7;4,00;torch.Size([61, 1536]);12,00;0,00;batch-64-nhid-0-inlayer-12;NORMAL;82,62;87,71;95,03;89,99;88,91;93,60;76,23;87,73
2374;deberta-base;CLS+SUM_SUM-2-7;two-tokens;CLS+SUM;SUM-2-7;4,00;torch.Size([61, 1536]);12,00;0,00;batch-64-nhid-0-inlayer-12;NORMAL;82,52;86,22;94,07;89,41;87,92;93,80;70,14;86,30
2375;deberta-base;CLS+MAX_SUM-2-7;two-tokens;CLS+MAX;SUM-2-7;4,00;torch.Size([61, 1536]);12,00;0,00;batch-64-nhid-0-inlayer-12;NORMAL;78,05;81,88;92,05;88,60;82,59;92,80;69,16;83,59
2376;deberta-base;CLS+AVG-NS_SUM-2-7;two-tokens;CLS+AVG-NS;SUM-2-7;4,00;torch.Size([61, 1536]);12,00;0,00;batch-64-nhid-0-inlayer-12;NORMAL;82,49;86,70;94,97;89,52;88,69;93,80;75,42;87,37
2377;deberta-base;CLS+SUM-NS_SUM-2-7;two-tokens;CLS+SUM-NS;SUM-2-7;4,00;torch.Size([61, 1536]);12,00;0,00;batch-64-nhid-0-inlayer-12;NORMAL;82,16;85,16;94,04;89,31;87,92;93,40;70,72;86,10
2378;deberta-base;CLS+MAX-NS_SUM-2-7;two-tokens;CLS+MAX-NS;SUM-2-7;4,00;torch.Size([61, 1536]);12,00;0,00;batch-64-nhid-0-inlayer-12;NORMAL;77,86;67,92;92,11;49,46;82,04;92,60;68,93;75,85
2379;deberta-base;AVG+SUM_SUM-2-7;two-tokens;AVG+SUM;SUM-2-7;4,00;torch.Size([61, 1536]);12,00;0,00;batch-64-nhid-0-inlayer-12;NORMAL;82,50;86,15;94,08;89,29;87,10;93,40;70,67;86,17
2380;deberta-base;AVG+MAX_SUM-2-7;two-tokens;AVG+MAX;SUM-2-7;4,00;torch.Size([61, 1536]);12,00;0,00;batch-64-nhid-0-inlayer-12;NORMAL;81,08;84,42;93,76;88,49;87,64;93,40;70,72;85,64
2381;deberta-base;AVG+AVG-NS_SUM-2-7;two-tokens;AVG+AVG-NS;SUM-2-7;4,00;torch.Size([61, 1536]);12,00;0,00;batch-64-nhid-0-inlayer-12;NORMAL;82,50;86,62;94,66;89,21;89,29;93,60;75,48;87,34
2382;deberta-base;AVG+SUM-NS_SUM-2-7;two-tokens;AVG+SUM-NS;SUM-2-7;4,00;torch.Size([61, 1536]);12,00;0,00;batch-64-nhid-0-inlayer-12;NORMAL;82,26;85,08;93,98;89,10;87,04;93,20;70,78;85,92
2383;deberta-base;AVG+MAX-NS_SUM-2-7;two-tokens;AVG+MAX-NS;SUM-2-7;4,00;torch.Size([61, 1536]);12,00;0,00;batch-64-nhid-0-inlayer-12;NORMAL;80,89;65,80;93,64;49,36;87,31;92,60;70,55;77,16
2384;deberta-base;SUM+MAX_SUM-2-7;two-tokens;SUM+MAX;SUM-2-7;4,00;torch.Size([61, 1536]);12,00;0,00;batch-64-nhid-0-inlayer-12;NORMAL;82,35;85,72;94,05;88,62;87,37;94,00;70,03;86,02
2385;deberta-base;SUM+AVG-NS_SUM-2-7;two-tokens;SUM+AVG-NS;SUM-2-7;4,00;torch.Size([61, 1536]);12,00;0,00;batch-64-nhid-0-inlayer-12;NORMAL;82,46;86,09;93,99;88,83;88,14;93,40;70,26;86,17
2386;deberta-base;SUM+SUM-NS_SUM-2-7;two-tokens;SUM+SUM-NS;SUM-2-7;4,00;torch.Size([61, 1536]);12,00;0,00;batch-64-nhid-0-inlayer-12;NORMAL;82,26;85,83;94,02;89,20;87,64;93,60;70,61;86,17
2387;deberta-base;SUM+MAX-NS_SUM-2-7;two-tokens;SUM+MAX-NS;SUM-2-7;4,00;torch.Size([61, 1536]);12,00;0,00;batch-64-nhid-0-inlayer-12;NORMAL;82,30;78,83;94,11;72,79;88,14;94,00;69,57;82,82
2388;deberta-base;MAX+AVG-NS_SUM-2-7;two-tokens;MAX+AVG-NS;SUM-2-7;4,00;torch.Size([61, 1536]);12,00;0,00;batch-64-nhid-0-inlayer-12;NORMAL;81,03;84,08;93,92;87,87;86,38;93,60;71,13;85,43
2389;deberta-base;MAX+SUM-NS_SUM-2-7;two-tokens;MAX+SUM-NS;SUM-2-7;4,00;torch.Size([61, 1536]);12,00;0,00;batch-64-nhid-0-inlayer-12;NORMAL;81,86;85,08;93,90;88,19;87,53;93,40;70,43;85,77
2390;deberta-base;MAX+MAX-NS_SUM-2-7;two-tokens;MAX+MAX-NS;SUM-2-7;4,00;torch.Size([61, 1536]);12,00;0,00;batch-64-nhid-0-inlayer-12;NORMAL;77,76;67,89;91,68;88,99;82,21;92,60;70,67;81,69
2391;deberta-base;AVG-NS+SUM-NS_SUM-2-7;two-tokens;AVG-NS+SUM-NS;SUM-2-7;4,00;torch.Size([61, 1536]);12,00;0,00;batch-64-nhid-0-inlayer-12;NORMAL;82,10;85,11;94,07;88,59;87,59;94,00;70,38;85,98
2392;deberta-base;AVG-NS+MAX-NS_SUM-2-7;two-tokens;AVG-NS+MAX-NS;SUM-2-7;4,00;torch.Size([61, 1536]);12,00;0,00;batch-64-nhid-0-inlayer-12;NORMAL;81,03;65,90;93,77;86,83;86,93;93,40;70,55;82,63
2393;deberta-base;SUM-NS+MAX-NS_SUM-2-7;two-tokens;SUM-NS+MAX-NS;SUM-2-7;4,00;torch.Size([61, 1536]);12,00;0,00;batch-64-nhid-0-inlayer-12;NORMAL;81,91;75,46;93,94;72,77;87,48;93,60;70,49;82,24
2394;deberta-base;CLS+AVG_SUM-3-8;two-tokens;CLS+AVG;SUM-3-8;4,00;torch.Size([61, 1536]);12,00;0,00;batch-64-nhid-0-inlayer-12;NORMAL;84,14;89,01;95,24;90,20;89,68;95,00;75,83;88,44
2395;deberta-base;CLS+SUM_SUM-3-8;two-tokens;CLS+SUM;SUM-3-8;4,00;torch.Size([61, 1536]);12,00;0,00;batch-64-nhid-0-inlayer-12;NORMAL;83,66;86,81;94,32;89,65;88,58;93,60;71,30;86,85
2396;deberta-base;CLS+MAX_SUM-3-8;two-tokens;CLS+MAX;SUM-3-8;4,00;torch.Size([61, 1536]);12,00;0,00;batch-64-nhid-0-inlayer-12;NORMAL;79,97;83,07;92,60;88,92;85,34;93,40;68,46;84,54
2397;deberta-base;CLS+AVG-NS_SUM-3-8;two-tokens;CLS+AVG-NS;SUM-3-8;4,00;torch.Size([61, 1536]);12,00;0,00;batch-64-nhid-0-inlayer-12;NORMAL;83,62;88,40;95,18;89,78;89,62;95,00;75,88;88,21
2398;deberta-base;CLS+SUM-NS_SUM-3-8;two-tokens;CLS+SUM-NS;SUM-3-8;4,00;torch.Size([61, 1536]);12,00;0,00;batch-64-nhid-0-inlayer-12;NORMAL;83,77;86,12;94,45;89,63;88,36;93,80;69,86;86,57
2399;deberta-base;CLS+MAX-NS_SUM-3-8;two-tokens;CLS+MAX-NS;SUM-3-8;4,00;torch.Size([61, 1536]);12,00;0,00;batch-64-nhid-0-inlayer-12;NORMAL;79,89;65,93;92,61;49,46;84,79;93,00;68,41;76,30
2400;deberta-base;AVG+SUM_SUM-3-8;two-tokens;AVG+SUM;SUM-3-8;4,00;torch.Size([61, 1536]);12,00;0,00;batch-64-nhid-0-inlayer-12;NORMAL;83,83;86,86;94,39;89,50;89,40;93,40;70,55;86,85
2401;deberta-base;AVG+MAX_SUM-3-8;two-tokens;AVG+MAX;SUM-3-8;4,00;torch.Size([61, 1536]);12,00;0,00;batch-64-nhid-0-inlayer-12;NORMAL;82,91;85,83;93,97;89,01;89,07;94,80;70,90;86,64
2402;deberta-base;AVG+AVG-NS_SUM-3-8;two-tokens;AVG+AVG-NS;SUM-3-8;4,00;torch.Size([61, 1536]);12,00;0,00;batch-64-nhid-0-inlayer-12;NORMAL;83,75;88,18;95,16;89,40;90,28;94,60;74,55;87,99
2403;deberta-base;AVG+SUM-NS_SUM-3-8;two-tokens;AVG+SUM-NS;SUM-3-8;4,00;torch.Size([61, 1536]);12,00;0,00;batch-64-nhid-0-inlayer-12;NORMAL;83,87;86,70;94,31;89,37;88,91;94,20;70,96;86,90
2404;deberta-base;AVG+MAX-NS_SUM-3-8;two-tokens;AVG+MAX-NS;SUM-3-8;4,00;torch.Size([61, 1536]);12,00;0,00;batch-64-nhid-0-inlayer-12;NORMAL;82,72;66,04;93,85;49,41;89,18;94,80;71,54;78,22
2405;deberta-base;SUM+MAX_SUM-3-8;two-tokens;SUM+MAX;SUM-3-8;4,00;torch.Size([61, 1536]);12,00;0,00;batch-64-nhid-0-inlayer-12;NORMAL;83,74;86,81;94,37;88,60;88,85;92,80;71,59;86,68
2406;deberta-base;SUM+AVG-NS_SUM-3-8;two-tokens;SUM+AVG-NS;SUM-3-8;4,00;torch.Size([61, 1536]);12,00;0,00;batch-64-nhid-0-inlayer-12;NORMAL;83,72;86,91;94,42;89,08;89,18;93,80;71,36;86,92
2407;deberta-base;SUM+SUM-NS_SUM-3-8;two-tokens;SUM+SUM-NS;SUM-3-8;4,00;torch.Size([61, 1536]);12,00;0,00;batch-64-nhid-0-inlayer-12;NORMAL;83,62;86,97;94,45;89,50;88,30;94,20;70,43;86,78
2408;deberta-base;SUM+MAX-NS_SUM-3-8;two-tokens;SUM+MAX-NS;SUM-3-8;4,00;torch.Size([61, 1536]);12,00;0,00;batch-64-nhid-0-inlayer-12;NORMAL;83,69;78,07;94,40;86,94;89,35;93,60;70,72;85,25
2409;deberta-base;MAX+AVG-NS_SUM-3-8;two-tokens;MAX+AVG-NS;SUM-3-8;4,00;torch.Size([61, 1536]);12,00;0,00;batch-64-nhid-0-inlayer-12;NORMAL;82,77;86,01;94,04;88,49;88,91;94,40;71,48;86,59
2410;deberta-base;MAX+SUM-NS_SUM-3-8;two-tokens;MAX+SUM-NS;SUM-3-8;4,00;torch.Size([61, 1536]);12,00;0,00;batch-64-nhid-0-inlayer-12;NORMAL;83,81;86,57;94,38;88,70;89,02;94,20;69,86;86,65
2411;deberta-base;MAX+MAX-NS_SUM-3-8;two-tokens;MAX+MAX-NS;SUM-3-8;4,00;torch.Size([61, 1536]);12,00;0,00;batch-64-nhid-0-inlayer-12;NORMAL;80,20;65,59;92,39;83,93;85,50;93,80;70,43;81,69
2412;deberta-base;AVG-NS+SUM-NS_SUM-3-8;two-tokens;AVG-NS+SUM-NS;SUM-3-8;4,00;torch.Size([61, 1536]);12,00;0,00;batch-64-nhid-0-inlayer-12;NORMAL;83,75;86,38;94,32;88,81;88,58;93,80;70,32;86,57
2413;deberta-base;AVG-NS+MAX-NS_SUM-3-8;two-tokens;AVG-NS+MAX-NS;SUM-3-8;4,00;torch.Size([61, 1536]);12,00;0,00;batch-64-nhid-0-inlayer-12;NORMAL;82,64;67,20;94,05;76,72;88,69;94,60;69,57;81,92
2414;deberta-base;SUM-NS+MAX-NS_SUM-3-8;two-tokens;SUM-NS+MAX-NS;SUM-3-8;4,00;torch.Size([61, 1536]);12,00;0,00;batch-64-nhid-0-inlayer-12;NORMAL;83,78;81,96;94,46;72,86;88,80;94,20;69,62;83,67
2415;deberta-base;CLS+AVG_SUM-4-9;two-tokens;CLS+AVG;SUM-4-9;4,00;torch.Size([61, 1536]);12,00;0,00;batch-64-nhid-0-inlayer-12;NORMAL;85,34;89,56;95,40;90,31;90,44;95,40;75,36;88,83
2416;deberta-base;CLS+SUM_SUM-4-9;two-tokens;CLS+SUM;SUM-4-9;4,00;torch.Size([61, 1536]);12,00;0,00;batch-64-nhid-0-inlayer-12;NORMAL;84,81;87,92;94,46;89,66;89,62;93,80;71,83;87,44
2417;deberta-base;CLS+MAX_SUM-4-9;two-tokens;CLS+MAX;SUM-4-9;4,00;torch.Size([61, 1536]);12,00;0,00;batch-64-nhid-0-inlayer-12;NORMAL;81,35;84,18;92,90;88,72;86,93;95,00;69,68;85,54
2418;deberta-base;CLS+AVG-NS_SUM-4-9;two-tokens;CLS+AVG-NS;SUM-4-9;4,00;torch.Size([61, 1536]);12,00;0,00;batch-64-nhid-0-inlayer-12;NORMAL;85,43;89,54;95,34;90,18;90,72;95,00;75,59;88,83
2419;deberta-base;CLS+SUM-NS_SUM-4-9;two-tokens;CLS+SUM-NS;SUM-4-9;4,00;torch.Size([61, 1536]);12,00;0,00;batch-64-nhid-0-inlayer-12;NORMAL;84,71;87,50;94,43;89,62;90,06;94,20;70,61;87,30
2420;deberta-base;CLS+MAX-NS_SUM-4-9;two-tokens;CLS+MAX-NS;SUM-4-9;4,00;torch.Size([61, 1536]);12,00;0,00;batch-64-nhid-0-inlayer-12;NORMAL;81,42;68,26;93,21;49,46;86,88;94,20;69,33;77,54
2421;deberta-base;AVG+SUM_SUM-4-9;two-tokens;AVG+SUM;SUM-4-9;4,00;torch.Size([61, 1536]);12,00;0,00;batch-64-nhid-0-inlayer-12;NORMAL;85,10;87,92;94,52;89,59;90,23;93,60;71,36;87,47
2422;deberta-base;AVG+MAX_SUM-4-9;two-tokens;AVG+MAX;SUM-4-9;4,00;torch.Size([61, 1536]);12,00;0,00;batch-64-nhid-0-inlayer-12;NORMAL;84,07;87,28;94,11;88,88;90,44;94,80;71,94;87,36
2423;deberta-base;AVG+AVG-NS_SUM-4-9;two-tokens;AVG+AVG-NS;SUM-4-9;4,00;torch.Size([61, 1536]);12,00;0,00;batch-64-nhid-0-inlayer-12;NORMAL;84,98;88,90;95,06;89,71;91,43;94,60;76,41;88,73
2424;deberta-base;AVG+SUM-NS_SUM-4-9;two-tokens;AVG+SUM-NS;SUM-4-9;4,00;torch.Size([61, 1536]);12,00;0,00;batch-64-nhid-0-inlayer-12;NORMAL;84,75;87,63;94,44;89,57;89,79;94,40;70,96;87,36
2425;deberta-base;AVG+MAX-NS_SUM-4-9;two-tokens;AVG+MAX-NS;SUM-4-9;4,00;torch.Size([61, 1536]);12,00;0,00;batch-64-nhid-0-inlayer-12;NORMAL;83,77;67,81;94,16;49,41;90,12;95,40;72,00;78,95
2426;deberta-base;SUM+MAX_SUM-4-9;two-tokens;SUM+MAX;SUM-4-9;4,00;torch.Size([61, 1536]);12,00;0,00;batch-64-nhid-0-inlayer-12;NORMAL;84,73;87,74;94,62;88,73;89,90;93,40;71,71;87,26
2427;deberta-base;SUM+AVG-NS_SUM-4-9;two-tokens;SUM+AVG-NS;SUM-4-9;4,00;torch.Size([61, 1536]);12,00;0,00;batch-64-nhid-0-inlayer-12;NORMAL;84,88;88,11;94,40;89,21;89,84;94,40;70,61;87,35
2428;deberta-base;SUM+SUM-NS_SUM-4-9;two-tokens;SUM+SUM-NS;SUM-4-9;4,00;torch.Size([61, 1536]);12,00;0,00;batch-64-nhid-0-inlayer-12;NORMAL;84,79;87,79;94,48;89,53;89,79;94,60;71,48;87,49
2429;deberta-base;SUM+MAX-NS_SUM-4-9;two-tokens;SUM+MAX-NS;SUM-4-9;4,00;torch.Size([61, 1536]);12,00;0,00;batch-64-nhid-0-inlayer-12;NORMAL;84,63;81,72;94,70;85,09;90,39;94,00;71,13;85,95
2430;deberta-base;MAX+AVG-NS_SUM-4-9;two-tokens;MAX+AVG-NS;SUM-4-9;4,00;torch.Size([61, 1536]);12,00;0,00;batch-64-nhid-0-inlayer-12;NORMAL;83,90;87,13;94,24;88,57;89,40;95,20;71,71;87,16
2431;deberta-base;MAX+SUM-NS_SUM-4-9;two-tokens;MAX+SUM-NS;SUM-4-9;4,00;torch.Size([61, 1536]);12,00;0,00;batch-64-nhid-0-inlayer-12;NORMAL;84,76;87,71;94,48;88,58;90,66;94,40;70,96;87,36
2432;deberta-base;MAX+MAX-NS_SUM-4-9;two-tokens;MAX+MAX-NS;SUM-4-9;4,00;torch.Size([61, 1536]);12,00;0,00;batch-64-nhid-0-inlayer-12;NORMAL;81,16;67,07;92,73;84,40;87,37;95,80;70,32;82,69
2433;deberta-base;AVG-NS+SUM-NS_SUM-4-9;two-tokens;AVG-NS+SUM-NS;SUM-4-9;4,00;torch.Size([61, 1536]);12,00;0,00;batch-64-nhid-0-inlayer-12;NORMAL;84,78;87,76;94,43;89,02;90,33;94,00;71,30;87,37
2434;deberta-base;AVG-NS+MAX-NS_SUM-4-9;two-tokens;AVG-NS+MAX-NS;SUM-4-9;4,00;torch.Size([61, 1536]);12,00;0,00;batch-64-nhid-0-inlayer-12;NORMAL;83,85;66,14;94,22;87,70;89,35;95,80;71,65;84,10
2435;deberta-base;SUM-NS+MAX-NS_SUM-4-9;two-tokens;SUM-NS+MAX-NS;SUM-4-9;4,00;torch.Size([61, 1536]);12,00;0,00;batch-64-nhid-0-inlayer-12;NORMAL;84,64;78,28;94,49;72,97;90,01;94,00;71,01;83,63
2436;deberta-base;CLS+AVG_SUM-5-10;two-tokens;CLS+AVG;SUM-5-10;4,00;torch.Size([61, 1536]);12,00;0,00;batch-64-nhid-0-inlayer-12;NORMAL;86,32;89,91;95,56;90,29;91,27;95,00;75,83;89,17
2437;deberta-base;CLS+SUM_SUM-5-10;two-tokens;CLS+SUM;SUM-5-10;4,00;torch.Size([61, 1536]);12,00;0,00;batch-64-nhid-0-inlayer-12;NORMAL;85,91;88,24;94,70;89,22;90,39;94,60;71,94;87,86
2438;deberta-base;CLS+MAX_SUM-5-10;two-tokens;CLS+MAX;SUM-5-10;4,00;torch.Size([61, 1536]);12,00;0,00;batch-64-nhid-0-inlayer-12;NORMAL;82,66;85,72;93,20;89,00;88,85;95,00;70,32;86,39
2439;deberta-base;CLS+AVG-NS_SUM-5-10;two-tokens;CLS+AVG-NS;SUM-5-10;4,00;torch.Size([61, 1536]);12,00;0,00;batch-64-nhid-0-inlayer-12;NORMAL;86,37;89,32;95,64;90,31;91,60;95,60;76,12;89,28
2440;deberta-base;CLS+SUM-NS_SUM-5-10;two-tokens;CLS+SUM-NS;SUM-5-10;4,00;torch.Size([61, 1536]);12,00;0,00;batch-64-nhid-0-inlayer-12;NORMAL;85,83;88,26;94,65;89,26;90,77;94,80;71,36;87,85
2441;deberta-base;CLS+MAX-NS_SUM-5-10;two-tokens;CLS+MAX-NS;SUM-5-10;4,00;torch.Size([61, 1536]);12,00;0,00;batch-64-nhid-0-inlayer-12;NORMAL;82,89;65,93;93,10;49,59;88,96;94,60;69,86;77,85
2442;deberta-base;AVG+SUM_SUM-5-10;two-tokens;AVG+SUM;SUM-5-10;4,00;torch.Size([61, 1536]);12,00;0,00;batch-64-nhid-0-inlayer-12;NORMAL;85,82;88,53;94,68;89,47;90,77;94,60;71,30;87,88
2443;deberta-base;AVG+MAX_SUM-5-10;two-tokens;AVG+MAX;SUM-5-10;4,00;torch.Size([61, 1536]);12,00;0,00;batch-64-nhid-0-inlayer-12;NORMAL;84,98;88,69;94,57;89,12;91,05;95,80;72,23;88,06
2444;deberta-base;AVG+AVG-NS_SUM-5-10;two-tokens;AVG+AVG-NS;SUM-5-10;4,00;torch.Size([61, 1536]);12,00;0,00;batch-64-nhid-0-inlayer-12;NORMAL;86,13;88,80;95,22;89,60;92,26;95,00;75,77;88,97
2445;deberta-base;AVG+SUM-NS_SUM-5-10;two-tokens;AVG+SUM-NS;SUM-5-10;4,00;torch.Size([61, 1536]);12,00;0,00;batch-64-nhid-0-inlayer-12;NORMAL;85,84;88,21;94,66;89,50;90,23;94,60;71,48;87,79
2446;deberta-base;AVG+MAX-NS_SUM-5-10;two-tokens;AVG+MAX-NS;SUM-5-10;4,00;torch.Size([61, 1536]);12,00;0,00;batch-64-nhid-0-inlayer-12;NORMAL;84,81;66,12;94,43;49,52;90,44;95,80;71,94;79,01
2447;deberta-base;SUM+MAX_SUM-5-10;two-tokens;SUM+MAX;SUM-5-10;4,00;torch.Size([61, 1536]);12,00;0,00;batch-64-nhid-0-inlayer-12;NORMAL;85,73;88,88;94,71;88,88;90,50;94,60;70,61;87,70
2448;deberta-base;SUM+AVG-NS_SUM-5-10;two-tokens;SUM+AVG-NS;SUM-5-10;4,00;torch.Size([61, 1536]);12,00;0,00;batch-64-nhid-0-inlayer-12;NORMAL;85,72;88,48;94,71;89,12;91,21;94,80;71,36;87,91
2449;deberta-base;SUM+SUM-NS_SUM-5-10;two-tokens;SUM+SUM-NS;SUM-5-10;4,00;torch.Size([61, 1536]);12,00;0,00;batch-64-nhid-0-inlayer-12;NORMAL;85,64;88,42;94,53;89,20;90,50;94,60;71,94;87,83
2450;deberta-base;SUM+MAX-NS_SUM-5-10;two-tokens;SUM+MAX-NS;SUM-5-10;4,00;torch.Size([61, 1536]);12,00;0,00;batch-64-nhid-0-inlayer-12;NORMAL;85,60;80,96;94,83;90,20;91,05;94,80;71,65;87,01
2451;deberta-base;MAX+AVG-NS_SUM-5-10;two-tokens;MAX+AVG-NS;SUM-5-10;4,00;torch.Size([61, 1536]);12,00;0,00;batch-64-nhid-0-inlayer-12;NORMAL;84,88;88,58;94,56;88,93;90,61;95,80;72,87;88,03
2452;deberta-base;MAX+SUM-NS_SUM-5-10;two-tokens;MAX+SUM-NS;SUM-5-10;4,00;torch.Size([61, 1536]);12,00;0,00;batch-64-nhid-0-inlayer-12;NORMAL;85,76;88,13;94,63;88,89;90,94;94,60;70,90;87,69
2453;deberta-base;MAX+MAX-NS_SUM-5-10;two-tokens;MAX+MAX-NS;SUM-5-10;4,00;torch.Size([61, 1536]);12,00;0,00;batch-64-nhid-0-inlayer-12;NORMAL;82,35;65,98;93,05;84,26;88,91;95,00;70,72;82,90
2454;deberta-base;AVG-NS+SUM-NS_SUM-5-10;two-tokens;AVG-NS+SUM-NS;SUM-5-10;4,00;torch.Size([61, 1536]);12,00;0,00;batch-64-nhid-0-inlayer-12;NORMAL;85,73;88,32;94,62;89,18;91,27;95,00;72,06;88,03
2455;deberta-base;AVG-NS+MAX-NS_SUM-5-10;two-tokens;AVG-NS+MAX-NS;SUM-5-10;4,00;torch.Size([61, 1536]);12,00;0,00;batch-64-nhid-0-inlayer-12;NORMAL;84,90;66,20;94,34;85,00;89,90;95,80;72,41;84,08
2456;deberta-base;SUM-NS+MAX-NS_SUM-5-10;two-tokens;SUM-NS+MAX-NS;SUM-5-10;4,00;torch.Size([61, 1536]);12,00;0,00;batch-64-nhid-0-inlayer-12;NORMAL;85,68;84,24;94,68;88,27;91,43;94,80;71,71;87,26
2457;deberta-base;CLS+AVG_SUM-6-11;two-tokens;CLS+AVG;SUM-6-11;4,00;torch.Size([61, 1536]);12,00;0,00;batch-64-nhid-0-inlayer-12;NORMAL;86,93;90,44;95,63;90,11;92,42;95,80;75,88;89,60
2458;deberta-base;CLS+SUM_SUM-6-11;two-tokens;CLS+SUM;SUM-6-11;4,00;torch.Size([61, 1536]);12,00;0,00;batch-64-nhid-0-inlayer-12;NORMAL;86,40;88,29;94,52;89,46;91,65;95,60;72,52;88,35
2459;deberta-base;CLS+MAX_SUM-6-11;two-tokens;CLS+MAX;SUM-6-11;4,00;torch.Size([61, 1536]);12,00;0,00;batch-64-nhid-0-inlayer-12;NORMAL;83,73;86,54;93,15;88,78;89,62;95,00;69,04;86,55
2460;deberta-base;CLS+AVG-NS_SUM-6-11;two-tokens;CLS+AVG-NS;SUM-6-11;4,00;torch.Size([61, 1536]);12,00;0,00;batch-64-nhid-0-inlayer-12;NORMAL;86,77;90,12;95,60;90,18;91,93;95,80;76,00;89,49
2461;deberta-base;CLS+SUM-NS_SUM-6-11;two-tokens;CLS+SUM-NS;SUM-6-11;4,00;torch.Size([61, 1536]);12,00;0,00;batch-64-nhid-0-inlayer-12;NORMAL;86,31;88,26;94,69;89,51;91,49;95,20;72,12;88,23
2462;deberta-base;CLS+MAX-NS_SUM-6-11;two-tokens;CLS+MAX-NS;SUM-6-11;4,00;torch.Size([61, 1536]);12,00;0,00;batch-64-nhid-0-inlayer-12;NORMAL;83,92;65,88;93,26;49,47;89,68;94,60;68,93;77,96
2463;deberta-base;AVG+SUM_SUM-6-11;two-tokens;AVG+SUM;SUM-6-11;4,00;torch.Size([61, 1536]);12,00;0,00;batch-64-nhid-0-inlayer-12;NORMAL;86,48;88,56;94,75;89,35;91,60;95,60;72,52;88,41
2464;deberta-base;AVG+MAX_SUM-6-11;two-tokens;AVG+MAX;SUM-6-11;4,00;torch.Size([61, 1536]);12,00;0,00;batch-64-nhid-0-inlayer-12;NORMAL;85,80;88,98;94,77;89,24;91,71;95,40;71,30;88,17
2465;deberta-base;AVG+AVG-NS_SUM-6-11;two-tokens;AVG+AVG-NS;SUM-6-11;4,00;torch.Size([61, 1536]);12,00;0,00;batch-64-nhid-0-inlayer-12;NORMAL;86,57;89,35;95,43;89,85;92,53;95,80;75,30;89,26
2466;deberta-base;AVG+SUM-NS_SUM-6-11;two-tokens;AVG+SUM-NS;SUM-6-11;4,00;torch.Size([61, 1536]);12,00;0,00;batch-64-nhid-0-inlayer-12;NORMAL;86,39;88,37;94,80;89,45;91,43;95,40;71,42;88,18
2467;deberta-base;AVG+MAX-NS_SUM-6-11;two-tokens;AVG+MAX-NS;SUM-6-11;4,00;torch.Size([61, 1536]);12,00;0,00;batch-64-nhid-0-inlayer-12;NORMAL;85,63;66,04;94,67;49,46;91,43;95,00;70,72;78,99
2468;deberta-base;SUM+MAX_SUM-6-11;two-tokens;SUM+MAX;SUM-6-11;4,00;torch.Size([61, 1536]);12,00;0,00;batch-64-nhid-0-inlayer-12;NORMAL;86,13;88,56;94,77;89,19;91,65;94,60;71,88;88,11
2469;deberta-base;SUM+AVG-NS_SUM-6-11;two-tokens;SUM+AVG-NS;SUM-6-11;4,00;torch.Size([61, 1536]);12,00;0,00;batch-64-nhid-0-inlayer-12;NORMAL;86,36;88,58;94,65;89,20;91,87;95,40;72,87;88,42
2470;deberta-base;SUM+SUM-NS_SUM-6-11;two-tokens;SUM+SUM-NS;SUM-6-11;4,00;torch.Size([61, 1536]);12,00;0,00;batch-64-nhid-0-inlayer-12;NORMAL;86,26;88,58;94,50;89,26;91,60;95,60;72,17;88,28
2471;deberta-base;SUM+MAX-NS_SUM-6-11;two-tokens;SUM+MAX-NS;SUM-6-11;4,00;torch.Size([61, 1536]);12,00;0,00;batch-64-nhid-0-inlayer-12;NORMAL;86,18;85,01;94,86;90,09;92,04;95,20;73,04;88,06
2472;deberta-base;MAX+AVG-NS_SUM-6-11;two-tokens;MAX+AVG-NS;SUM-6-11;4,00;torch.Size([61, 1536]);12,00;0,00;batch-64-nhid-0-inlayer-12;NORMAL;85,74;89,38;94,90;89,09;91,49;95,40;71,25;88,18
2473;deberta-base;MAX+SUM-NS_SUM-6-11;two-tokens;MAX+SUM-NS;SUM-6-11;4,00;torch.Size([61, 1536]);12,00;0,00;batch-64-nhid-0-inlayer-12;NORMAL;86,24;88,37;94,68;88,93;91,49;95,40;72,29;88,20
2474;deberta-base;MAX+MAX-NS_SUM-6-11;two-tokens;MAX+MAX-NS;SUM-6-11;4,00;torch.Size([61, 1536]);12,00;0,00;batch-64-nhid-0-inlayer-12;NORMAL;83,29;66,04;93,35;82,10;89,57;94,60;70,43;82,77
2475;deberta-base;AVG-NS+SUM-NS_SUM-6-11;two-tokens;AVG-NS+SUM-NS;SUM-6-11;4,00;torch.Size([61, 1536]);12,00;0,00;batch-64-nhid-0-inlayer-12;NORMAL;86,34;88,48;94,79;89,26;91,54;95,40;71,54;88,19
2476;deberta-base;AVG-NS+MAX-NS_SUM-6-11;two-tokens;AVG-NS+MAX-NS;SUM-6-11;4,00;torch.Size([61, 1536]);12,00;0,00;batch-64-nhid-0-inlayer-12;NORMAL;85,47;69,69;94,66;87,04;91,32;95,80;71,30;85,04
2477;deberta-base;SUM-NS+MAX-NS_SUM-6-11;two-tokens;SUM-NS+MAX-NS;SUM-6-11;4,00;torch.Size([61, 1536]);12,00;0,00;batch-64-nhid-0-inlayer-12;NORMAL;86,08;85,27;94,84;90,10;91,76;95,00;72,23;87,90
2478;deberta-base;CLS+AVG_SUM-7-12;two-tokens;CLS+AVG;SUM-7-12;4,00;torch.Size([61, 1536]);12,00;0,00;batch-64-nhid-0-inlayer-12;NORMAL;87,29;90,81;95,84;90,21;92,26;96,20;74,09;89,53
2479;deberta-base;CLS+SUM_SUM-7-12;two-tokens;CLS+SUM;SUM-7-12;4,00;torch.Size([61, 1536]);12,00;0,00;batch-64-nhid-0-inlayer-12;NORMAL;86,54;89,43;94,95;89,66;91,76;95,80;69,39;88,22
2480;deberta-base;CLS+MAX_SUM-7-12;two-tokens;CLS+MAX;SUM-7-12;4,00;torch.Size([61, 1536]);12,00;0,00;batch-64-nhid-0-inlayer-12;NORMAL;83,95;87,13;93,85;88,84;89,84;94,80;68,52;86,70
2481;deberta-base;CLS+AVG-NS_SUM-7-12;two-tokens;CLS+AVG-NS;SUM-7-12;4,00;torch.Size([61, 1536]);12,00;0,00;batch-64-nhid-0-inlayer-12;NORMAL;87,21;89,96;95,76;89,92;92,15;95,60;74,78;89,34
2482;deberta-base;CLS+SUM-NS_SUM-7-12;two-tokens;CLS+SUM-NS;SUM-7-12;4,00;torch.Size([61, 1536]);12,00;0,00;batch-64-nhid-0-inlayer-12;NORMAL;86,70;88,82;94,96;89,66;91,87;96,00;70,90;88,42
2483;deberta-base;CLS+MAX-NS_SUM-7-12;two-tokens;CLS+MAX-NS;SUM-7-12;4,00;torch.Size([61, 1536]);12,00;0,00;batch-64-nhid-0-inlayer-12;NORMAL;84,04;65,80;93,96;72,93;89,62;94,20;67,54;81,16
2484;deberta-base;AVG+SUM_SUM-7-12;two-tokens;AVG+SUM;SUM-7-12;4,00;torch.Size([61, 1536]);12,00;0,00;batch-64-nhid-0-inlayer-12;NORMAL;86,54;89,51;94,91;89,63;91,54;95,80;69,28;88,17
2485;deberta-base;AVG+MAX_SUM-7-12;two-tokens;AVG+MAX;SUM-7-12;4,00;torch.Size([61, 1536]);12,00;0,00;batch-64-nhid-0-inlayer-12;NORMAL;85,59;89,46;95,26;89,32;92,42;94,60;69,80;88,06
2486;deberta-base;AVG+AVG-NS_SUM-7-12;two-tokens;AVG+AVG-NS;SUM-7-12;4,00;torch.Size([61, 1536]);12,00;0,00;batch-64-nhid-0-inlayer-12;NORMAL;87,01;89,91;95,50;89,82;92,48;96,00;74,90;89,37
2487;deberta-base;AVG+SUM-NS_SUM-7-12;two-tokens;AVG+SUM-NS;SUM-7-12;4,00;torch.Size([61, 1536]);12,00;0,00;batch-64-nhid-0-inlayer-12;NORMAL;86,64;88,98;94,86;89,48;91,98;95,40;70,20;88,22
2488;deberta-base;AVG+MAX-NS_SUM-7-12;two-tokens;AVG+MAX-NS;SUM-7-12;4,00;torch.Size([61, 1536]);12,00;0,00;batch-64-nhid-0-inlayer-12;NORMAL;85,78;66,12;95,26;84,24;91,98;94,60;69,97;83,99
2489;deberta-base;SUM+MAX_SUM-7-12;two-tokens;SUM+MAX;SUM-7-12;4,00;torch.Size([61, 1536]);12,00;0,00;batch-64-nhid-0-inlayer-12;NORMAL;86,51;89,51;95,05;89,33;91,54;96,00;70,09;88,29
2490;deberta-base;SUM+AVG-NS_SUM-7-12;two-tokens;SUM+AVG-NS;SUM-7-12;4,00;torch.Size([61, 1536]);12,00;0,00;batch-64-nhid-0-inlayer-12;NORMAL;86,67;89,19;95,04;89,58;91,65;95,60;69,68;88,20
2491;deberta-base;SUM+SUM-NS_SUM-7-12;two-tokens;SUM+SUM-NS;SUM-7-12;4,00;torch.Size([61, 1536]);12,00;0,00;batch-64-nhid-0-inlayer-12;NORMAL;86,60;89,14;94,86;89,57;91,76;95,60;70,09;88,23
2492;deberta-base;SUM+MAX-NS_SUM-7-12;two-tokens;SUM+MAX-NS;SUM-7-12;4,00;torch.Size([61, 1536]);12,00;0,00;batch-64-nhid-0-inlayer-12;NORMAL;86,50;80,27;95,10;79,00;91,65;95,40;69,45;85,34
2493;deberta-base;MAX+AVG-NS_SUM-7-12;two-tokens;MAX+AVG-NS;SUM-7-12;4,00;torch.Size([61, 1536]);12,00;0,00;batch-64-nhid-0-inlayer-12;NORMAL;85,85;89,19;95,24;89,27;91,87;94,80;69,91;88,02
2494;deberta-base;MAX+SUM-NS_SUM-7-12;two-tokens;MAX+SUM-NS;SUM-7-12;4,00;torch.Size([61, 1536]);12,00;0,00;batch-64-nhid-0-inlayer-12;NORMAL;86,79;88,77;94,82;89,09;92,09;95,60;69,91;88,15
2495;deberta-base;MAX+MAX-NS_SUM-7-12;two-tokens;MAX+MAX-NS;SUM-7-12;4,00;torch.Size([61, 1536]);12,00;0,00;batch-64-nhid-0-inlayer-12;NORMAL;83,51;65,75;93,62;81,96;89,51;94,00;68,23;82,37
2496;deberta-base;AVG-NS+SUM-NS_SUM-7-12;two-tokens;AVG-NS+SUM-NS;SUM-7-12;4,00;torch.Size([61, 1536]);12,00;0,00;batch-64-nhid-0-inlayer-12;NORMAL;86,57;89,01;94,94;89,38;92,20;95,40;70,43;88,28
2497;deberta-base;AVG-NS+MAX-NS_SUM-7-12;two-tokens;AVG-NS+MAX-NS;SUM-7-12;4,00;torch.Size([61, 1536]);12,00;0,00;batch-64-nhid-0-inlayer-12;NORMAL;85,81;66,14;95,10;89,24;91,87;95,60;69,57;84,76
2498;deberta-base;SUM-NS+MAX-NS_SUM-7-12;two-tokens;SUM-NS+MAX-NS;SUM-7-12;4,00;torch.Size([61, 1536]);12,00;0,00;batch-64-nhid-0-inlayer-12;NORMAL;86,43;78,87;95,06;88,91;91,60;95,20;70,72;86,68
2499;deberta-base;CLS+AVG_SUM-1-7;two-tokens;CLS+AVG;SUM-1-7;4,00;torch.Size([61, 1536]);12,00;0,00;batch-64-nhid-0-inlayer-12;NORMAL;82,30;86,84;94,73;89,97;88,47;93,80;75,42;87,36
2500;deberta-base;CLS+SUM_SUM-1-7;two-tokens;CLS+SUM;SUM-1-7;4,00;torch.Size([61, 1536]);12,00;0,00;batch-64-nhid-0-inlayer-12;NORMAL;82,12;85,59;93,72;89,44;87,92;92,20;70,38;85,91
2501;deberta-base;CLS+MAX_SUM-1-7;two-tokens;CLS+MAX;SUM-1-7;4,00;torch.Size([61, 1536]);12,00;0,00;batch-64-nhid-0-inlayer-12;NORMAL;77,74;80,34;91,58;88,47;81,27;93,00;67,36;82,82
2502;deberta-base;CLS+AVG-NS_SUM-1-7;two-tokens;CLS+AVG-NS;SUM-1-7;4,00;torch.Size([61, 1536]);12,00;0,00;batch-64-nhid-0-inlayer-12;NORMAL;82,25;85,93;94,71;89,68;88,36;93,20;74,90;87,00
2503;deberta-base;CLS+SUM-NS_SUM-1-7;two-tokens;CLS+SUM-NS;SUM-1-7;4,00;torch.Size([61, 1536]);12,00;0,00;batch-64-nhid-0-inlayer-12;NORMAL;81,88;84,82;93,77;89,35;87,70;92,60;70,09;85,74
2504;deberta-base;CLS+MAX-NS_SUM-1-7;two-tokens;CLS+MAX-NS;SUM-1-7;4,00;torch.Size([61, 1536]);12,00;0,00;batch-64-nhid-0-inlayer-12;NORMAL;77,93;65,43;91,73;49,51;81,22;93,40;67,30;75,22
2505;deberta-base;AVG+SUM_SUM-1-7;two-tokens;AVG+SUM;SUM-1-7;4,00;torch.Size([61, 1536]);12,00;0,00;batch-64-nhid-0-inlayer-12;NORMAL;82,10;85,64;93,78;89,30;87,75;93,20;70,32;86,01
2506;deberta-base;AVG+MAX_SUM-1-7;two-tokens;AVG+MAX;SUM-1-7;4,00;torch.Size([61, 1536]);12,00;0,00;batch-64-nhid-0-inlayer-12;NORMAL;80,75;83,23;93,28;88,39;87,42;92,80;69,28;85,02
2507;deberta-base;AVG+AVG-NS_SUM-1-7;two-tokens;AVG+AVG-NS;SUM-1-7;4,00;torch.Size([61, 1536]);12,00;0,00;batch-64-nhid-0-inlayer-12;NORMAL;82,11;86,04;94,50;89,14;88,80;92,40;74,84;86,83
2508;deberta-base;AVG+SUM-NS_SUM-1-7;two-tokens;AVG+SUM-NS;SUM-1-7;4,00;torch.Size([61, 1536]);12,00;0,00;batch-64-nhid-0-inlayer-12;NORMAL;81,87;84,69;93,78;88,83;88,03;92,80;70,26;85,75
2509;deberta-base;AVG+MAX-NS_SUM-1-7;two-tokens;AVG+MAX-NS;SUM-1-7;4,00;torch.Size([61, 1536]);12,00;0,00;batch-64-nhid-0-inlayer-12;NORMAL;80,73;65,75;93,23;49,37;87,20;93,80;69,22;77,04
2510;deberta-base;SUM+MAX_SUM-1-7;two-tokens;SUM+MAX;SUM-1-7;4,00;torch.Size([61, 1536]);12,00;0,00;batch-64-nhid-0-inlayer-12;NORMAL;82,03;85,27;93,88;88,51;87,81;92,80;70,61;85,84
2511;deberta-base;SUM+AVG-NS_SUM-1-7;two-tokens;SUM+AVG-NS;SUM-1-7;4,00;torch.Size([61, 1536]);12,00;0,00;batch-64-nhid-0-inlayer-12;NORMAL;82,11;85,62;93,80;88,78;87,81;92,40;69,91;85,78
2512;deberta-base;SUM+SUM-NS_SUM-1-7;two-tokens;SUM+SUM-NS;SUM-1-7;4,00;torch.Size([61, 1536]);12,00;0,00;batch-64-nhid-0-inlayer-12;NORMAL;81,83;84,95;93,77;89,28;87,64;92,60;70,49;85,79
2513;deberta-base;SUM+MAX-NS_SUM-1-7;two-tokens;SUM+MAX-NS;SUM-1-7;4,00;torch.Size([61, 1536]);12,00;0,00;batch-64-nhid-0-inlayer-12;NORMAL;81,97;77,35;93,92;89,41;87,92;93,20;70,90;84,95
2514;deberta-base;MAX+AVG-NS_SUM-1-7;two-tokens;MAX+AVG-NS;SUM-1-7;4,00;torch.Size([61, 1536]);12,00;0,00;batch-64-nhid-0-inlayer-12;NORMAL;80,41;83,28;93,54;87,71;86,71;93,40;69,28;84,90
2515;deberta-base;MAX+SUM-NS_SUM-1-7;two-tokens;MAX+SUM-NS;SUM-1-7;4,00;torch.Size([61, 1536]);12,00;0,00;batch-64-nhid-0-inlayer-12;NORMAL;81,81;84,48;93,83;88,50;87,75;92,60;70,14;85,59
2516;deberta-base;MAX+MAX-NS_SUM-1-7;two-tokens;MAX+MAX-NS;SUM-1-7;4,00;torch.Size([61, 1536]);12,00;0,00;batch-64-nhid-0-inlayer-12;NORMAL;77,20;65,43;91,19;89,11;81,71;91,60;68,81;80,72
2517;deberta-base;AVG-NS+SUM-NS_SUM-1-7;two-tokens;AVG-NS+SUM-NS;SUM-1-7;4,00;torch.Size([61, 1536]);12,00;0,00;batch-64-nhid-0-inlayer-12;NORMAL;81,65;84,79;93,85;88,56;88,03;92,60;69,80;85,61
2518;deberta-base;AVG-NS+MAX-NS_SUM-1-7;two-tokens;AVG-NS+MAX-NS;SUM-1-7;4,00;torch.Size([61, 1536]);12,00;0,00;batch-64-nhid-0-inlayer-12;NORMAL;80,73;68,26;93,49;86,43;86,88;93,00;69,39;82,60
2519;deberta-base;SUM-NS+MAX-NS_SUM-1-7;two-tokens;SUM-NS+MAX-NS;SUM-1-7;4,00;torch.Size([61, 1536]);12,00;0,00;batch-64-nhid-0-inlayer-12;NORMAL;81,69;79,26;93,88;89,46;88,30;92,80;70,09;85,07
2520;deberta-base;CLS+AVG_SUM-2-8;two-tokens;CLS+AVG;SUM-2-8;4,00;torch.Size([61, 1536]);12,00;0,00;batch-64-nhid-0-inlayer-12;NORMAL;83,64;88,63;95,33;90,01;89,68;94,40;75,48;88,17
2521;deberta-base;CLS+SUM_SUM-2-8;two-tokens;CLS+SUM;SUM-2-8;4,00;torch.Size([61, 1536]);12,00;0,00;batch-64-nhid-0-inlayer-12;NORMAL;83,60;86,78;94,47;89,45;88,25;94,20;70,09;86,69
2522;deberta-base;CLS+MAX_SUM-2-8;two-tokens;CLS+MAX;SUM-2-8;4,00;torch.Size([61, 1536]);12,00;0,00;batch-64-nhid-0-inlayer-12;NORMAL;79,32;83,76;92,24;88,88;84,84;93,80;69,80;84,66
2523;deberta-base;CLS+AVG-NS_SUM-2-8;two-tokens;CLS+AVG-NS;SUM-2-8;4,00;torch.Size([61, 1536]);12,00;0,00;batch-64-nhid-0-inlayer-12;NORMAL;83,77;87,97;95,12;89,68;89,84;94,40;75,65;88,06
2524;deberta-base;CLS+SUM-NS_SUM-2-8;two-tokens;CLS+SUM-NS;SUM-2-8;4,00;torch.Size([61, 1536]);12,00;0,00;batch-64-nhid-0-inlayer-12;NORMAL;83,65;86,44;94,42;89,51;88,36;94,20;69,80;86,63
2525;deberta-base;CLS+MAX-NS_SUM-2-8;two-tokens;CLS+MAX-NS;SUM-2-8;4,00;torch.Size([61, 1536]);12,00;0,00;batch-64-nhid-0-inlayer-12;NORMAL;79,39;68,40;92,47;81,22;84,35;94,40;68,75;81,28
2526;deberta-base;AVG+SUM_SUM-2-8;two-tokens;AVG+SUM;SUM-2-8;4,00;torch.Size([61, 1536]);12,00;0,00;batch-64-nhid-0-inlayer-12;NORMAL;83,64;86,94;94,40;89,22;88,52;94,00;70,96;86,81
2527;deberta-base;AVG+MAX_SUM-2-8;two-tokens;AVG+MAX;SUM-2-8;4,00;torch.Size([61, 1536]);12,00;0,00;batch-64-nhid-0-inlayer-12;NORMAL;82,52;86,09;93,85;88,65;88,74;94,20;71,25;86,47
2528;deberta-base;AVG+AVG-NS_SUM-2-8;two-tokens;AVG+AVG-NS;SUM-2-8;4,00;torch.Size([61, 1536]);12,00;0,00;batch-64-nhid-0-inlayer-12;NORMAL;83,71;87,66;95,03;89,01;89,84;94,20;75,71;87,88
2529;deberta-base;AVG+SUM-NS_SUM-2-8;two-tokens;AVG+SUM-NS;SUM-2-8;4,00;torch.Size([61, 1536]);12,00;0,00;batch-64-nhid-0-inlayer-12;NORMAL;83,57;86,49;94,40;89,10;88,74;94,60;69,62;86,65
2530;deberta-base;AVG+MAX-NS_SUM-2-8;two-tokens;AVG+MAX-NS;SUM-2-8;4,00;torch.Size([61, 1536]);12,00;0,00;batch-64-nhid-0-inlayer-12;NORMAL;82,42;66,12;93,95;76,66;88,96;94,00;70,78;81,84
2531;deberta-base;SUM+MAX_SUM-2-8;two-tokens;SUM+MAX;SUM-2-8;4,00;torch.Size([61, 1536]);12,00;0,00;batch-64-nhid-0-inlayer-12;NORMAL;83,58;87,36;94,54;88,71;88,30;94,00;70,61;86,73
2532;deberta-base;SUM+AVG-NS_SUM-2-8;two-tokens;SUM+AVG-NS;SUM-2-8;4,00;torch.Size([61, 1536]);12,00;0,00;batch-64-nhid-0-inlayer-12;NORMAL;83,64;86,78;94,47;88,82;89,07;94,40;71,71;86,98
2533;deberta-base;SUM+SUM-NS_SUM-2-8;two-tokens;SUM+SUM-NS;SUM-2-8;4,00;torch.Size([61, 1536]);12,00;0,00;batch-64-nhid-0-inlayer-12;NORMAL;83,72;86,70;94,29;89,35;88,52;95,00;70,84;86,92
2534;deberta-base;SUM+MAX-NS_SUM-2-8;two-tokens;SUM+MAX-NS;SUM-2-8;4,00;torch.Size([61, 1536]);12,00;0,00;batch-64-nhid-0-inlayer-12;NORMAL;83,53;79,06;94,55;89,57;88,30;93,80;71,30;85,73
2535;deberta-base;MAX+AVG-NS_SUM-2-8;two-tokens;MAX+AVG-NS;SUM-2-8;4,00;torch.Size([61, 1536]);12,00;0,00;batch-64-nhid-0-inlayer-12;NORMAL;82,47;85,99;94,11;88,27;87,42;94,20;71,54;86,29
2536;deberta-base;MAX+SUM-NS_SUM-2-8;two-tokens;MAX+SUM-NS;SUM-2-8;4,00;torch.Size([61, 1536]);12,00;0,00;batch-64-nhid-0-inlayer-12;NORMAL;83,67;86,41;94,31;88,57;88,52;94,20;70,20;86,55
2537;deberta-base;MAX+MAX-NS_SUM-2-8;two-tokens;MAX+MAX-NS;SUM-2-8;4,00;torch.Size([61, 1536]);12,00;0,00;batch-64-nhid-0-inlayer-12;NORMAL;79,34;65,77;91,97;87,20;84,90;93,40;68,75;81,62
2538;deberta-base;AVG-NS+SUM-NS_SUM-2-8;two-tokens;AVG-NS+SUM-NS;SUM-2-8;4,00;torch.Size([61, 1536]);12,00;0,00;batch-64-nhid-0-inlayer-12;NORMAL;83,60;86,46;94,20;88,64;89,13;94,20;70,32;86,65
2539;deberta-base;AVG-NS+MAX-NS_SUM-2-8;two-tokens;AVG-NS+MAX-NS;SUM-2-8;4,00;torch.Size([61, 1536]);12,00;0,00;batch-64-nhid-0-inlayer-12;NORMAL;82,52;68,66;94,02;87,90;88,08;94,60;70,20;83,71
2540;deberta-base;SUM-NS+MAX-NS_SUM-2-8;two-tokens;SUM-NS+MAX-NS;SUM-2-8;4,00;torch.Size([61, 1536]);12,00;0,00;batch-64-nhid-0-inlayer-12;NORMAL;83,51;78,89;94,33;89,68;88,52;94,00;69,68;85,52
2541;deberta-base;CLS+AVG_SUM-3-9;two-tokens;CLS+AVG;SUM-3-9;4,00;torch.Size([61, 1536]);12,00;0,00;batch-64-nhid-0-inlayer-12;NORMAL;85,00;89,35;95,31;90,21;90,23;95,40;75,65;88,74
2542;deberta-base;CLS+SUM_SUM-3-9;two-tokens;CLS+SUM;SUM-3-9;4,00;torch.Size([61, 1536]);12,00;0,00;batch-64-nhid-0-inlayer-12;NORMAL;84,67;87,39;94,49;89,74;89,29;93,00;71,71;87,18
2543;deberta-base;CLS+MAX_SUM-3-9;two-tokens;CLS+MAX;SUM-3-9;4,00;torch.Size([61, 1536]);12,00;0,00;batch-64-nhid-0-inlayer-12;NORMAL;81,00;84,58;92,84;88,83;86,88;95,40;69,62;85,59
2544;deberta-base;CLS+AVG-NS_SUM-3-9;two-tokens;CLS+AVG-NS;SUM-3-9;4,00;torch.Size([61, 1536]);12,00;0,00;batch-64-nhid-0-inlayer-12;NORMAL;84,95;88,85;95,23;90,07;90,44;95,00;76,06;88,66
2545;deberta-base;CLS+SUM-NS_SUM-3-9;two-tokens;CLS+SUM-NS;SUM-3-9;4,00;torch.Size([61, 1536]);12,00;0,00;batch-64-nhid-0-inlayer-12;NORMAL;84,49;87,18;94,58;89,70;89,79;95,00;70,43;87,31
2546;deberta-base;CLS+MAX-NS_SUM-3-9;two-tokens;CLS+MAX-NS;SUM-3-9;4,00;torch.Size([61, 1536]);12,00;0,00;batch-64-nhid-0-inlayer-12;NORMAL;80,99;66,99;92,81;72,76;86,33;94,00;70,38;80,61
2547;deberta-base;AVG+SUM_SUM-3-9;two-tokens;AVG+SUM;SUM-3-9;4,00;torch.Size([61, 1536]);12,00;0,00;batch-64-nhid-0-inlayer-12;NORMAL;84,78;87,55;94,36;89,63;90,23;93,40;71,48;87,35
2548;deberta-base;AVG+MAX_SUM-3-9;two-tokens;AVG+MAX;SUM-3-9;4,00;torch.Size([61, 1536]);12,00;0,00;batch-64-nhid-0-inlayer-12;NORMAL;83,83;86,83;93,74;88,80;89,40;95,40;71,83;87,12
2549;deberta-base;AVG+AVG-NS_SUM-3-9;two-tokens;AVG+AVG-NS;SUM-3-9;4,00;torch.Size([61, 1536]);12,00;0,00;batch-64-nhid-0-inlayer-12;NORMAL;84,70;88,42;95,07;89,44;91,10;93,60;76,35;88,38
2550;deberta-base;AVG+SUM-NS_SUM-3-9;two-tokens;AVG+SUM-NS;SUM-3-9;4,00;torch.Size([61, 1536]);12,00;0,00;batch-64-nhid-0-inlayer-12;NORMAL;84,60;87,21;94,49;89,45;89,79;94,20;71,01;87,25
2551;deberta-base;AVG+MAX-NS_SUM-3-9;two-tokens;AVG+MAX-NS;SUM-3-9;4,00;torch.Size([61, 1536]);12,00;0,00;batch-64-nhid-0-inlayer-12;NORMAL;83,43;66,17;93,93;78,73;89,68;95,40;71,77;82,73
2552;deberta-base;SUM+MAX_SUM-3-9;two-tokens;SUM+MAX;SUM-3-9;4,00;torch.Size([61, 1536]);12,00;0,00;batch-64-nhid-0-inlayer-12;NORMAL;84,70;87,71;94,62;88,82;89,79;93,40;70,90;87,13
2553;deberta-base;SUM+AVG-NS_SUM-3-9;two-tokens;SUM+AVG-NS;SUM-3-9;4,00;torch.Size([61, 1536]);12,00;0,00;batch-64-nhid-0-inlayer-12;NORMAL;84,68;87,66;94,49;89,00;89,79;94,00;71,01;87,23
2554;deberta-base;SUM+SUM-NS_SUM-3-9;two-tokens;SUM+SUM-NS;SUM-3-9;4,00;torch.Size([61, 1536]);12,00;0,00;batch-64-nhid-0-inlayer-12;NORMAL;84,62;87,42;94,46;89,47;89,73;93,20;70,78;87,10
2555;deberta-base;SUM+MAX-NS_SUM-3-9;two-tokens;SUM+MAX-NS;SUM-3-9;4,00;torch.Size([61, 1536]);12,00;0,00;batch-64-nhid-0-inlayer-12;NORMAL;84,57;83,05;94,48;89,63;89,73;93,40;70,49;86,48
2556;deberta-base;MAX+AVG-NS_SUM-3-9;two-tokens;MAX+AVG-NS;SUM-3-9;4,00;torch.Size([61, 1536]);12,00;0,00;batch-64-nhid-0-inlayer-12;NORMAL;83,61;86,73;93,90;88,57;89,24;95,00;70,78;86,83
2557;deberta-base;MAX+SUM-NS_SUM-3-9;two-tokens;MAX+SUM-NS;SUM-3-9;4,00;torch.Size([61, 1536]);12,00;0,00;batch-64-nhid-0-inlayer-12;NORMAL;84,44;87,18;94,59;88,87;89,84;94,00;71,25;87,17
2558;deberta-base;MAX+MAX-NS_SUM-3-9;two-tokens;MAX+MAX-NS;SUM-3-9;4,00;torch.Size([61, 1536]);12,00;0,00;batch-64-nhid-0-inlayer-12;NORMAL;80,74;65,83;92,25;89,19;86,99;95,20;68,64;82,69
2559;deberta-base;AVG-NS+SUM-NS_SUM-3-9;two-tokens;AVG-NS+SUM-NS;SUM-3-9;4,00;torch.Size([61, 1536]);12,00;0,00;batch-64-nhid-0-inlayer-12;NORMAL;84,55;87,39;94,36;89,04;90,01;93,80;70,72;87,12
2560;deberta-base;AVG-NS+MAX-NS_SUM-3-9;two-tokens;AVG-NS+MAX-NS;SUM-3-9;4,00;torch.Size([61, 1536]);12,00;0,00;batch-64-nhid-0-inlayer-12;NORMAL;83,48;67,66;94,12;89,95;89,35;95,00;71,30;84,41
2561;deberta-base;SUM-NS+MAX-NS_SUM-3-9;two-tokens;SUM-NS+MAX-NS;SUM-3-9;4,00;torch.Size([61, 1536]);12,00;0,00;batch-64-nhid-0-inlayer-12;NORMAL;84,43;79,84;94,54;89,82;89,40;93,60;70,84;86,07
2562;deberta-base;CLS+AVG_SUM-4-10;two-tokens;CLS+AVG;SUM-4-10;4,00;torch.Size([61, 1536]);12,00;0,00;batch-64-nhid-0-inlayer-12;NORMAL;86,32;89,64;95,40;90,36;91,27;94,80;75,42;89,03
2563;deberta-base;CLS+SUM_SUM-4-10;two-tokens;CLS+SUM;SUM-4-10;4,00;torch.Size([61, 1536]);12,00;0,00;batch-64-nhid-0-inlayer-12;NORMAL;85,70;88,26;94,70;89,32;90,39;94,60;71,30;87,75
2564;deberta-base;CLS+MAX_SUM-4-10;two-tokens;CLS+MAX;SUM-4-10;4,00;torch.Size([61, 1536]);12,00;0,00;batch-64-nhid-0-inlayer-12;NORMAL;82,18;85,83;93,15;89,15;88,47;95,20;69,57;86,22
2565;deberta-base;CLS+AVG-NS_SUM-4-10;two-tokens;CLS+AVG-NS;SUM-4-10;4,00;torch.Size([61, 1536]);12,00;0,00;batch-64-nhid-0-inlayer-12;NORMAL;86,15;89,56;95,53;90,18;91,43;95,00;76,00;89,12
2566;deberta-base;CLS+SUM-NS_SUM-4-10;two-tokens;CLS+SUM-NS;SUM-4-10;4,00;torch.Size([61, 1536]);12,00;0,00;batch-64-nhid-0-inlayer-12;NORMAL;85,74;88,16;94,55;89,41;90,77;94,40;70,38;87,63
2567;deberta-base;CLS+MAX-NS_SUM-4-10;two-tokens;CLS+MAX-NS;SUM-4-10;4,00;torch.Size([61, 1536]);12,00;0,00;batch-64-nhid-0-inlayer-12;NORMAL;82,19;68,74;93,14;78,60;88,19;94,40;70,26;82,22
2568;deberta-base;AVG+SUM_SUM-4-10;two-tokens;AVG+SUM;SUM-4-10;4,00;torch.Size([61, 1536]);12,00;0,00;batch-64-nhid-0-inlayer-12;NORMAL;85,67;88,34;94,69;89,53;90,28;94,80;71,42;87,82
2569;deberta-base;AVG+MAX_SUM-4-10;two-tokens;AVG+MAX;SUM-4-10;4,00;torch.Size([61, 1536]);12,00;0,00;batch-64-nhid-0-inlayer-12;NORMAL;84,83;87,95;94,41;88,98;90,72;95,60;71,54;87,72
2570;deberta-base;AVG+AVG-NS_SUM-4-10;two-tokens;AVG+AVG-NS;SUM-4-10;4,00;torch.Size([61, 1536]);12,00;0,00;batch-64-nhid-0-inlayer-12;NORMAL;85,92;89,16;95,22;89,71;92,04;94,20;75,94;88,88
2571;deberta-base;AVG+SUM-NS_SUM-4-10;two-tokens;AVG+SUM-NS;SUM-4-10;4,00;torch.Size([61, 1536]);12,00;0,00;batch-64-nhid-0-inlayer-12;NORMAL;85,58;88,21;94,64;89,46;90,66;94,00;70,84;87,63
2572;deberta-base;AVG+MAX-NS_SUM-4-10;two-tokens;AVG+MAX-NS;SUM-4-10;4,00;torch.Size([61, 1536]);12,00;0,00;batch-64-nhid-0-inlayer-12;NORMAL;84,56;66,17;94,38;74,20;90,06;95,80;70,38;82,22
2573;deberta-base;SUM+MAX_SUM-4-10;two-tokens;SUM+MAX;SUM-4-10;4,00;torch.Size([61, 1536]);12,00;0,00;batch-64-nhid-0-inlayer-12;NORMAL;85,60;88,45;94,78;88,95;90,50;94,40;71,07;87,68
2574;deberta-base;SUM+AVG-NS_SUM-4-10;two-tokens;SUM+AVG-NS;SUM-4-10;4,00;torch.Size([61, 1536]);12,00;0,00;batch-64-nhid-0-inlayer-12;NORMAL;85,82;88,16;94,61;89,11;90,39;94,40;70,55;87,58
2575;deberta-base;SUM+SUM-NS_SUM-4-10;two-tokens;SUM+SUM-NS;SUM-4-10;4,00;torch.Size([61, 1536]);12,00;0,00;batch-64-nhid-0-inlayer-12;NORMAL;85,47;88,45;94,52;89,22;90,55;94,40;71,13;87,68
2576;deberta-base;SUM+MAX-NS_SUM-4-10;two-tokens;SUM+MAX-NS;SUM-4-10;4,00;torch.Size([61, 1536]);12,00;0,00;batch-64-nhid-0-inlayer-12;NORMAL;85,63;78,86;94,85;88,85;90,66;94,20;71,71;86,39
2577;deberta-base;MAX+AVG-NS_SUM-4-10;two-tokens;MAX+AVG-NS;SUM-4-10;4,00;torch.Size([61, 1536]);12,00;0,00;batch-64-nhid-0-inlayer-12;NORMAL;84,63;87,89;94,24;88,97;90,50;95,20;70,84;87,47
2578;deberta-base;MAX+SUM-NS_SUM-4-10;two-tokens;MAX+SUM-NS;SUM-4-10;4,00;torch.Size([61, 1536]);12,00;0,00;batch-64-nhid-0-inlayer-12;NORMAL;85,73;88,37;94,76;88,94;90,39;95,20;70,55;87,71
2579;deberta-base;MAX+MAX-NS_SUM-4-10;two-tokens;MAX+MAX-NS;SUM-4-10;4,00;torch.Size([61, 1536]);12,00;0,00;batch-64-nhid-0-inlayer-12;NORMAL;81,87;67,52;92,86;86,29;87,86;95,20;68,41;82,86
2580;deberta-base;AVG-NS+SUM-NS_SUM-4-10;two-tokens;AVG-NS+SUM-NS;SUM-4-10;4,00;torch.Size([61, 1536]);12,00;0,00;batch-64-nhid-0-inlayer-12;NORMAL;85,66;88,45;94,62;89,22;90,55;94,80;70,84;87,73
2581;deberta-base;AVG-NS+MAX-NS_SUM-4-10;two-tokens;AVG-NS+MAX-NS;SUM-4-10;4,00;torch.Size([61, 1536]);12,00;0,00;batch-64-nhid-0-inlayer-12;NORMAL;84,72;69,30;94,38;90,21;90,23;95,80;71,36;85,14
2582;deberta-base;SUM-NS+MAX-NS_SUM-4-10;two-tokens;SUM-NS+MAX-NS;SUM-4-10;4,00;torch.Size([61, 1536]);12,00;0,00;batch-64-nhid-0-inlayer-12;NORMAL;85,45;84,48;94,77;89,98;90,94;95,20;70,78;87,37
2583;deberta-base;CLS+AVG_SUM-5-11;two-tokens;CLS+AVG;SUM-5-11;4,00;torch.Size([61, 1536]);12,00;0,00;batch-64-nhid-0-inlayer-12;NORMAL;86,69;89,88;95,48;90,26;91,60;96,20;75,83;89,42
2584;deberta-base;CLS+SUM_SUM-5-11;two-tokens;CLS+SUM;SUM-5-11;4,00;torch.Size([61, 1536]);12,00;0,00;batch-64-nhid-0-inlayer-12;NORMAL;86,12;88,64;94,67;89,27;91,05;95,00;71,59;88,05
2585;deberta-base;CLS+MAX_SUM-5-11;two-tokens;CLS+MAX;SUM-5-11;4,00;torch.Size([61, 1536]);12,00;0,00;batch-64-nhid-0-inlayer-12;NORMAL;83,07;86,17;93,19;88,97;89,62;95,40;68,70;86,45
2586;deberta-base;CLS+AVG-NS_SUM-5-11;two-tokens;CLS+AVG-NS;SUM-5-11;4,00;torch.Size([61, 1536]);12,00;0,00;batch-64-nhid-0-inlayer-12;NORMAL;86,52;90,04;95,59;90,31;91,82;95,20;75,65;89,30
2587;deberta-base;CLS+SUM-NS_SUM-5-11;two-tokens;CLS+SUM-NS;SUM-5-11;4,00;torch.Size([61, 1536]);12,00;0,00;batch-64-nhid-0-inlayer-12;NORMAL;86,02;88,77;94,88;89,32;91,10;95,20;71,83;88,16
2588;deberta-base;CLS+MAX-NS_SUM-5-11;two-tokens;CLS+MAX-NS;SUM-5-11;4,00;torch.Size([61, 1536]);12,00;0,00;batch-64-nhid-0-inlayer-12;NORMAL;83,31;65,85;93,05;87,34;89,79;94,40;69,04;83,25
2589;deberta-base;AVG+SUM_SUM-5-11;two-tokens;AVG+SUM;SUM-5-11;4,00;torch.Size([61, 1536]);12,00;0,00;batch-64-nhid-0-inlayer-12;NORMAL;86,04;88,69;94,62;89,51;90,72;95,20;71,25;88,00
2590;deberta-base;AVG+MAX_SUM-5-11;two-tokens;AVG+MAX;SUM-5-11;4,00;torch.Size([61, 1536]);12,00;0,00;batch-64-nhid-0-inlayer-12;NORMAL;85,39;88,61;94,49;89,24;91,27;95,40;71,07;87,92
2591;deberta-base;AVG+AVG-NS_SUM-5-11;two-tokens;AVG+AVG-NS;SUM-5-11;4,00;torch.Size([61, 1536]);12,00;0,00;batch-64-nhid-0-inlayer-12;NORMAL;86,46;89,33;95,30;89,95;92,59;95,20;76,23;89,29
2592;deberta-base;AVG+SUM-NS_SUM-5-11;two-tokens;AVG+SUM-NS;SUM-5-11;4,00;torch.Size([61, 1536]);12,00;0,00;batch-64-nhid-0-inlayer-12;NORMAL;85,99;88,69;94,86;89,42;91,05;95,00;70,67;87,95
2593;deberta-base;AVG+MAX-NS_SUM-5-11;two-tokens;AVG+MAX-NS;SUM-5-11;4,00;torch.Size([61, 1536]);12,00;0,00;batch-64-nhid-0-inlayer-12;NORMAL;85,16;66,04;94,52;86,33;91,16;95,40;72,46;84,44
2594;deberta-base;SUM+MAX_SUM-5-11;two-tokens;SUM+MAX;SUM-5-11;4,00;torch.Size([61, 1536]);12,00;0,00;batch-64-nhid-0-inlayer-12;NORMAL;85,88;88,50;94,61;89,52;90,99;95,00;71,42;87,99
2595;deberta-base;SUM+AVG-NS_SUM-5-11;two-tokens;SUM+AVG-NS;SUM-5-11;4,00;torch.Size([61, 1536]);12,00;0,00;batch-64-nhid-0-inlayer-12;NORMAL;85,93;88,58;94,63;89,26;90,83;95,00;71,48;87,96
2596;deberta-base;SUM+SUM-NS_SUM-5-11;two-tokens;SUM+SUM-NS;SUM-5-11;4,00;torch.Size([61, 1536]);12,00;0,00;batch-64-nhid-0-inlayer-12;NORMAL;86,05;88,72;94,88;89,25;90,99;95,20;71,36;88,06
2597;deberta-base;SUM+MAX-NS_SUM-5-11;two-tokens;SUM+MAX-NS;SUM-5-11;4,00;torch.Size([61, 1536]);12,00;0,00;batch-64-nhid-0-inlayer-12;NORMAL;85,85;83,71;94,58;90,29;91,76;95,00;72,52;87,67
2598;deberta-base;MAX+AVG-NS_SUM-5-11;two-tokens;MAX+AVG-NS;SUM-5-11;4,00;torch.Size([61, 1536]);12,00;0,00;batch-64-nhid-0-inlayer-12;NORMAL;85,22;88,77;94,64;89,32;90,99;95,40;70,14;87,78
2599;deberta-base;MAX+SUM-NS_SUM-5-11;two-tokens;MAX+SUM-NS;SUM-5-11;4,00;torch.Size([61, 1536]);12,00;0,00;batch-64-nhid-0-inlayer-12;NORMAL;85,93;88,48;94,83;89,00;91,05;95,00;70,43;87,82
2600;deberta-base;MAX+MAX-NS_SUM-5-11;two-tokens;MAX+MAX-NS;SUM-5-11;4,00;torch.Size([61, 1536]);12,00;0,00;batch-64-nhid-0-inlayer-12;NORMAL;82,94;66,09;93,06;83,05;89,68;94,60;68,64;82,58
2601;deberta-base;AVG-NS+SUM-NS_SUM-5-11;two-tokens;AVG-NS+SUM-NS;SUM-5-11;4,00;torch.Size([61, 1536]);12,00;0,00;batch-64-nhid-0-inlayer-12;NORMAL;86,14;88,72;94,86;89,34;91,16;95,00;72,00;88,17
2602;deberta-base;AVG-NS+MAX-NS_SUM-5-11;two-tokens;AVG-NS+MAX-NS;SUM-5-11;4,00;torch.Size([61, 1536]);12,00;0,00;batch-64-nhid-0-inlayer-12;NORMAL;85,01;66,04;94,54;89,52;90,55;95,00;70,61;84,47
2603;deberta-base;SUM-NS+MAX-NS_SUM-5-11;two-tokens;SUM-NS+MAX-NS;SUM-5-11;4,00;torch.Size([61, 1536]);12,00;0,00;batch-64-nhid-0-inlayer-12;NORMAL;85,98;85,85;94,75;88,50;91,38;95,00;71,13;87,51
2604;deberta-base;CLS+AVG_SUM-6-12;two-tokens;CLS+AVG;SUM-6-12;4,00;torch.Size([61, 1536]);12,00;0,00;batch-64-nhid-0-inlayer-12;NORMAL;86,93;90,33;95,74;90,25;92,31;95,60;75,25;89,49
2605;deberta-base;CLS+SUM_SUM-6-12;two-tokens;CLS+SUM;SUM-6-12;4,00;torch.Size([61, 1536]);12,00;0,00;batch-64-nhid-0-inlayer-12;NORMAL;86,24;89,33;94,89;89,66;91,32;95,40;71,42;88,32
2606;deberta-base;CLS+MAX_SUM-6-12;two-tokens;CLS+MAX;SUM-6-12;4,00;torch.Size([61, 1536]);12,00;0,00;batch-64-nhid-0-inlayer-12;NORMAL;83,83;87,15;93,57;88,77;89,62;94,60;67,88;86,49
2607;deberta-base;CLS+AVG-NS_SUM-6-12;two-tokens;CLS+AVG-NS;SUM-6-12;4,00;torch.Size([61, 1536]);12,00;0,00;batch-64-nhid-0-inlayer-12;NORMAL;86,95;89,96;95,68;90,07;91,49;95,80;74,38;89,19
2608;deberta-base;CLS+SUM-NS_SUM-6-12;two-tokens;CLS+SUM-NS;SUM-6-12;4,00;torch.Size([61, 1536]);12,00;0,00;batch-64-nhid-0-inlayer-12;NORMAL;86,37;89,01;94,95;89,67;91,54;94,80;69,97;88,04
2609;deberta-base;CLS+MAX-NS_SUM-6-12;two-tokens;CLS+MAX-NS;SUM-6-12;4,00;torch.Size([61, 1536]);12,00;0,00;batch-64-nhid-0-inlayer-12;NORMAL;83,74;66,06;93,84;87,81;89,24;94,00;68,87;83,37
2610;deberta-base;AVG+SUM_SUM-6-12;two-tokens;AVG+SUM;SUM-6-12;4,00;torch.Size([61, 1536]);12,00;0,00;batch-64-nhid-0-inlayer-12;NORMAL;86,32;89,27;94,83;89,77;91,76;95,00;70,38;88,19
2611;deberta-base;AVG+MAX_SUM-6-12;two-tokens;AVG+MAX;SUM-6-12;4,00;torch.Size([61, 1536]);12,00;0,00;batch-64-nhid-0-inlayer-12;NORMAL;85,43;88,98;94,98;89,21;92,26;94,20;69,16;87,75
2612;deberta-base;AVG+AVG-NS_SUM-6-12;two-tokens;AVG+AVG-NS;SUM-6-12;4,00;torch.Size([61, 1536]);12,00;0,00;batch-64-nhid-0-inlayer-12;NORMAL;86,80;89,70;95,58;89,78;92,15;96,00;74,26;89,18
2613;deberta-base;AVG+SUM-NS_SUM-6-12;two-tokens;AVG+SUM-NS;SUM-6-12;4,00;torch.Size([61, 1536]);12,00;0,00;batch-64-nhid-0-inlayer-12;NORMAL;86,35;88,85;95,04;89,80;91,27;95,20;69,57;88,01
2614;deberta-base;AVG+MAX-NS_SUM-6-12;two-tokens;AVG+MAX-NS;SUM-6-12;4,00;torch.Size([61, 1536]);12,00;0,00;batch-64-nhid-0-inlayer-12;NORMAL;85,50;66,25;94,95;86,14;91,49;94,80;69,10;84,03
2615;deberta-base;SUM+MAX_SUM-6-12;two-tokens;SUM+MAX;SUM-6-12;4,00;torch.Size([61, 1536]);12,00;0,00;batch-64-nhid-0-inlayer-12;NORMAL;86,24;89,35;94,79;89,46;91,05;95,40;70,67;88,14
2616;deberta-base;SUM+AVG-NS_SUM-6-12;two-tokens;SUM+AVG-NS;SUM-6-12;4,00;torch.Size([61, 1536]);12,00;0,00;batch-64-nhid-0-inlayer-12;NORMAL;86,22;89,01;94,98;89,76;91,54;95,60;70,49;88,23
2617;deberta-base;SUM+SUM-NS_SUM-6-12;two-tokens;SUM+SUM-NS;SUM-6-12;4,00;torch.Size([61, 1536]);12,00;0,00;batch-64-nhid-0-inlayer-12;NORMAL;86,25;89,01;94,84;89,63;91,49;94,80;70,26;88,04
2618;deberta-base;SUM+MAX-NS_SUM-6-12;two-tokens;SUM+MAX-NS;SUM-6-12;4,00;torch.Size([61, 1536]);12,00;0,00;batch-64-nhid-0-inlayer-12;NORMAL;86,24;79,32;94,97;83,05;91,60;95,40;69,91;85,78
2619;deberta-base;MAX+AVG-NS_SUM-6-12;two-tokens;MAX+AVG-NS;SUM-6-12;4,00;torch.Size([61, 1536]);12,00;0,00;batch-64-nhid-0-inlayer-12;NORMAL;85,54;89,16;95,18;89,37;91,93;94,40;70,03;87,94
2620;deberta-base;MAX+SUM-NS_SUM-6-12;two-tokens;MAX+SUM-NS;SUM-6-12;4,00;torch.Size([61, 1536]);12,00;0,00;batch-64-nhid-0-inlayer-12;NORMAL;86,20;89,25;95,17;89,27;91,65;95,40;70,38;88,19
2621;deberta-base;MAX+MAX-NS_SUM-6-12;two-tokens;MAX+MAX-NS;SUM-6-12;4,00;torch.Size([61, 1536]);12,00;0,00;batch-64-nhid-0-inlayer-12;NORMAL;83,35;65,93;93,54;86,97;89,40;93,80;67,65;82,95
2622;deberta-base;AVG-NS+SUM-NS_SUM-6-12;two-tokens;AVG-NS+SUM-NS;SUM-6-12;4,00;torch.Size([61, 1536]);12,00;0,00;batch-64-nhid-0-inlayer-12;NORMAL;86,28;89,06;94,98;89,48;91,10;95,20;70,32;88,06
2623;deberta-base;AVG-NS+MAX-NS_SUM-6-12;two-tokens;AVG-NS+MAX-NS;SUM-6-12;4,00;torch.Size([61, 1536]);12,00;0,00;batch-64-nhid-0-inlayer-12;NORMAL;85,58;65,98;95,23;88,88;91,32;95,40;69,45;84,55
2624;deberta-base;SUM-NS+MAX-NS_SUM-6-12;two-tokens;SUM-NS+MAX-NS;SUM-6-12;4,00;torch.Size([61, 1536]);12,00;0,00;batch-64-nhid-0-inlayer-12;NORMAL;86,29;83,52;95,05;82,89;91,71;95,20;69,80;86,35
2625;deberta-base;CLS+AVG_SUM-1-8;two-tokens;CLS+AVG;SUM-1-8;4,00;torch.Size([61, 1536]);12,00;0,00;batch-64-nhid-0-inlayer-12;NORMAL;83,33;88,29;94,99;90,16;89,29;93,80;75,71;87,94
2626;deberta-base;CLS+SUM_SUM-1-8;two-tokens;CLS+SUM;SUM-1-8;4,00;torch.Size([61, 1536]);12,00;0,00;batch-64-nhid-0-inlayer-12;NORMAL;83,46;87,18;94,23;89,54;88,36;94,00;70,38;86,74
2627;deberta-base;CLS+MAX_SUM-1-8;two-tokens;CLS+MAX;SUM-1-8;4,00;torch.Size([61, 1536]);12,00;0,00;batch-64-nhid-0-inlayer-12;NORMAL;78,79;81,64;92,05;88,48;84,13;93,00;68,00;83,73
2628;deberta-base;CLS+AVG-NS_SUM-1-8;two-tokens;CLS+AVG-NS;SUM-1-8;4,00;torch.Size([61, 1536]);12,00;0,00;batch-64-nhid-0-inlayer-12;NORMAL;83,39;87,63;94,98;89,81;89,29;94,60;75,01;87,82
2629;deberta-base;CLS+SUM-NS_SUM-1-8;two-tokens;CLS+SUM-NS;SUM-1-8;4,00;torch.Size([61, 1536]);12,00;0,00;batch-64-nhid-0-inlayer-12;NORMAL;83,43;86,17;94,21;89,45;88,63;94,20;70,67;86,68
2630;deberta-base;CLS+MAX-NS_SUM-1-8;two-tokens;CLS+MAX-NS;SUM-1-8;4,00;torch.Size([61, 1536]);12,00;0,00;batch-64-nhid-0-inlayer-12;NORMAL;79,00;65,56;91,90;87,74;83,58;93,80;67,88;81,35
2631;deberta-base;AVG+SUM_SUM-1-8;two-tokens;AVG+SUM;SUM-1-8;4,00;torch.Size([61, 1536]);12,00;0,00;batch-64-nhid-0-inlayer-12;NORMAL;83,49;87,05;94,30;89,38;88,63;93,20;70,84;86,70
2632;deberta-base;AVG+MAX_SUM-1-8;two-tokens;AVG+MAX;SUM-1-8;4,00;torch.Size([61, 1536]);12,00;0,00;batch-64-nhid-0-inlayer-12;NORMAL;81,94;84,74;93,83;88,56;88,47;94,20;70,26;86,00
2633;deberta-base;AVG+AVG-NS_SUM-1-8;two-tokens;AVG+AVG-NS;SUM-1-8;4,00;torch.Size([61, 1536]);12,00;0,00;batch-64-nhid-0-inlayer-12;NORMAL;83,33;87,36;94,84;88,99;89,57;93,60;76,00;87,67
2634;deberta-base;AVG+SUM-NS_SUM-1-8;two-tokens;AVG+SUM-NS;SUM-1-8;4,00;torch.Size([61, 1536]);12,00;0,00;batch-64-nhid-0-inlayer-12;NORMAL;83,44;86,17;94,18;89,22;88,47;94,00;70,26;86,53
2635;deberta-base;AVG+MAX-NS_SUM-1-8;two-tokens;AVG+MAX-NS;SUM-1-8;4,00;torch.Size([61, 1536]);12,00;0,00;batch-64-nhid-0-inlayer-12;NORMAL;82,15;66,01;93,71;85,28;88,58;93,00;69,39;82,59
2636;deberta-base;SUM+MAX_SUM-1-8;two-tokens;SUM+MAX;SUM-1-8;4,00;torch.Size([61, 1536]);12,00;0,00;batch-64-nhid-0-inlayer-12;NORMAL;83,41;86,91;94,34;88,46;87,86;93,80;71,01;86,54
2637;deberta-base;SUM+AVG-NS_SUM-1-8;two-tokens;SUM+AVG-NS;SUM-1-8;4,00;torch.Size([61, 1536]);12,00;0,00;batch-64-nhid-0-inlayer-12;NORMAL;83,40;87,05;94,25;88,69;88,96;94,00;70,38;86,68
2638;deberta-base;SUM+SUM-NS_SUM-1-8;two-tokens;SUM+SUM-NS;SUM-1-8;4,00;torch.Size([61, 1536]);12,00;0,00;batch-64-nhid-0-inlayer-12;NORMAL;83,34;86,65;94,21;89,33;88,30;93,20;70,49;86,50
2639;deberta-base;SUM+MAX-NS_SUM-1-8;two-tokens;SUM+MAX-NS;SUM-1-8;4,00;torch.Size([61, 1536]);12,00;0,00;batch-64-nhid-0-inlayer-12;NORMAL;83,21;80,27;94,51;88,32;88,47;93,60;70,32;85,53
2640;deberta-base;MAX+AVG-NS_SUM-1-8;two-tokens;MAX+AVG-NS;SUM-1-8;4,00;torch.Size([61, 1536]);12,00;0,00;batch-64-nhid-0-inlayer-12;NORMAL;81,76;84,74;93,88;87,69;87,59;94,40;69,45;85,64
2641;deberta-base;MAX+SUM-NS_SUM-1-8;two-tokens;MAX+SUM-NS;SUM-1-8;4,00;torch.Size([61, 1536]);12,00;0,00;batch-64-nhid-0-inlayer-12;NORMAL;83,28;86,14;94,29;88,25;88,58;93,60;71,07;86,46
2642;deberta-base;MAX+MAX-NS_SUM-1-8;two-tokens;MAX+MAX-NS;SUM-1-8;4,00;torch.Size([61, 1536]);12,00;0,00;batch-64-nhid-0-inlayer-12;NORMAL;78,42;66,73;91,27;86,01;83,96;93,60;68,06;81,15
2643;deberta-base;AVG-NS+SUM-NS_SUM-1-8;two-tokens;AVG-NS+SUM-NS;SUM-1-8;4,00;torch.Size([61, 1536]);12,00;0,00;batch-64-nhid-0-inlayer-12;NORMAL;83,51;86,41;94,16;88,70;88,69;93,80;70,26;86,50
2644;deberta-base;AVG-NS+MAX-NS_SUM-1-8;two-tokens;AVG-NS+MAX-NS;SUM-1-8;4,00;torch.Size([61, 1536]);12,00;0,00;batch-64-nhid-0-inlayer-12;NORMAL;82,18;65,88;93,75;89,60;88,25;94,40;70,61;83,52
2645;deberta-base;SUM-NS+MAX-NS_SUM-1-8;two-tokens;SUM-NS+MAX-NS;SUM-1-8;4,00;torch.Size([61, 1536]);12,00;0,00;batch-64-nhid-0-inlayer-12;NORMAL;83,35;79,29;94,25;86,55;88,63;94,20;70,49;85,25
2646;deberta-base;CLS+AVG_SUM-2-9;two-tokens;CLS+AVG;SUM-2-9;4,00;torch.Size([61, 1536]);12,00;0,00;batch-64-nhid-0-inlayer-12;NORMAL;84,74;88,98;95,22;90,20;90,23;94,80;76,17;88,62
2647;deberta-base;CLS+SUM_SUM-2-9;two-tokens;CLS+SUM;SUM-2-9;4,00;torch.Size([61, 1536]);12,00;0,00;batch-64-nhid-0-inlayer-12;NORMAL;84,64;87,55;94,60;89,46;89,35;93,80;71,25;87,24
2648;deberta-base;CLS+MAX_SUM-2-9;two-tokens;CLS+MAX;SUM-2-9;4,00;torch.Size([61, 1536]);12,00;0,00;batch-64-nhid-0-inlayer-12;NORMAL;80,25;84,42;92,54;88,88;86,49;93,80;68,58;84,99
2649;deberta-base;CLS+AVG-NS_SUM-2-9;two-tokens;CLS+AVG-NS;SUM-2-9;4,00;torch.Size([61, 1536]);12,00;0,00;batch-64-nhid-0-inlayer-12;NORMAL;84,60;88,50;95,31;89,85;90,50;94,80;75,42;88,43
2650;deberta-base;CLS+SUM-NS_SUM-2-9;two-tokens;CLS+SUM-NS;SUM-2-9;4,00;torch.Size([61, 1536]);12,00;0,00;batch-64-nhid-0-inlayer-12;NORMAL;84,39;87,13;94,48;89,44;89,73;93,80;70,49;87,07
2651;deberta-base;CLS+MAX-NS_SUM-2-9;two-tokens;CLS+MAX-NS;SUM-2-9;4,00;torch.Size([61, 1536]);12,00;0,00;batch-64-nhid-0-inlayer-12;NORMAL;80,48;68,32;92,76;85,02;85,83;94,40;68,00;82,12
2652;deberta-base;AVG+SUM_SUM-2-9;two-tokens;AVG+SUM;SUM-2-9;4,00;torch.Size([61, 1536]);12,00;0,00;batch-64-nhid-0-inlayer-12;NORMAL;84,57;87,44;94,68;89,34;89,79;93,80;71,01;87,23
2653;deberta-base;AVG+MAX_SUM-2-9;two-tokens;AVG+MAX;SUM-2-9;4,00;torch.Size([61, 1536]);12,00;0,00;batch-64-nhid-0-inlayer-12;NORMAL;83,49;86,88;93,90;88,59;89,35;95,40;68,81;86,63
2654;deberta-base;AVG+AVG-NS_SUM-2-9;two-tokens;AVG+AVG-NS;SUM-2-9;4,00;torch.Size([61, 1536]);12,00;0,00;batch-64-nhid-0-inlayer-12;NORMAL;84,56;88,56;95,17;89,13;90,88;94,60;75,13;88,29
2655;deberta-base;AVG+SUM-NS_SUM-2-9;two-tokens;AVG+SUM-NS;SUM-2-9;4,00;torch.Size([61, 1536]);12,00;0,00;batch-64-nhid-0-inlayer-12;NORMAL;84,34;86,97;94,56;89,38;89,40;93,60;70,72;87,00
2656;deberta-base;AVG+MAX-NS_SUM-2-9;two-tokens;AVG+MAX-NS;SUM-2-9;4,00;torch.Size([61, 1536]);12,00;0,00;batch-64-nhid-0-inlayer-12;NORMAL;83,32;67,76;94,03;85,31;89,51;94,40;68,35;83,24
2657;deberta-base;SUM+MAX_SUM-2-9;two-tokens;SUM+MAX;SUM-2-9;4,00;torch.Size([61, 1536]);12,00;0,00;batch-64-nhid-0-inlayer-12;NORMAL;84,59;87,52;94,76;89,06;90,17;93,80;71,65;87,36
2658;deberta-base;SUM+AVG-NS_SUM-2-9;two-tokens;SUM+AVG-NS;SUM-2-9;4,00;torch.Size([61, 1536]);12,00;0,00;batch-64-nhid-0-inlayer-12;NORMAL;84,80;87,47;94,67;88,93;90,23;94,00;70,84;87,28
2659;deberta-base;SUM+SUM-NS_SUM-2-9;two-tokens;SUM+SUM-NS;SUM-2-9;4,00;torch.Size([61, 1536]);12,00;0,00;batch-64-nhid-0-inlayer-12;NORMAL;84,67;87,52;94,47;89,50;89,90;94,80;70,49;87,34
2660;deberta-base;SUM+MAX-NS_SUM-2-9;two-tokens;SUM+MAX-NS;SUM-2-9;4,00;torch.Size([61, 1536]);12,00;0,00;batch-64-nhid-0-inlayer-12;NORMAL;84,77;80,29;94,74;90,38;89,73;93,80;71,25;86,42
2661;deberta-base;MAX+AVG-NS_SUM-2-9;two-tokens;MAX+AVG-NS;SUM-2-9;4,00;torch.Size([61, 1536]);12,00;0,00;batch-64-nhid-0-inlayer-12;NORMAL;83,30;87,20;93,87;88,51;88,52;94,40;69,80;86,51
2662;deberta-base;MAX+SUM-NS_SUM-2-9;two-tokens;MAX+SUM-NS;SUM-2-9;4,00;torch.Size([61, 1536]);12,00;0,00;batch-64-nhid-0-inlayer-12;NORMAL;84,18;86,94;94,62;88,85;89,79;93,80;70,96;87,02
2663;deberta-base;MAX+MAX-NS_SUM-2-9;two-tokens;MAX+MAX-NS;SUM-2-9;4,00;torch.Size([61, 1536]);12,00;0,00;batch-64-nhid-0-inlayer-12;NORMAL;80,57;66,73;92,36;74,07;86,16;94,40;68,23;80,36
2664;deberta-base;AVG-NS+SUM-NS_SUM-2-9;two-tokens;AVG-NS+SUM-NS;SUM-2-9;4,00;torch.Size([61, 1536]);12,00;0,00;batch-64-nhid-0-inlayer-12;NORMAL;84,46;87,10;94,55;88,77;89,90;93,60;70,96;87,05
2665;deberta-base;AVG-NS+MAX-NS_SUM-2-9;two-tokens;AVG-NS+MAX-NS;SUM-2-9;4,00;torch.Size([61, 1536]);12,00;0,00;batch-64-nhid-0-inlayer-12;NORMAL;83,40;66,01;94,17;90,20;88,52;94,60;69,51;83,77
2666;deberta-base;SUM-NS+MAX-NS_SUM-2-9;two-tokens;SUM-NS+MAX-NS;SUM-2-9;4,00;torch.Size([61, 1536]);12,00;0,00;batch-64-nhid-0-inlayer-12;NORMAL;84,32;79,58;94,58;88,09;90,12;93,40;71,07;85,88
2667;deberta-base;CLS+AVG_SUM-3-10;two-tokens;CLS+AVG;SUM-3-10;4,00;torch.Size([61, 1536]);12,00;0,00;batch-64-nhid-0-inlayer-12;NORMAL;85,97;89,48;95,36;90,25;91,32;95,00;76,35;89,10
2668;deberta-base;CLS+SUM_SUM-3-10;two-tokens;CLS+SUM;SUM-3-10;4,00;torch.Size([61, 1536]);12,00;0,00;batch-64-nhid-0-inlayer-12;NORMAL;85,50;88,42;94,59;89,52;90,44;94,40;71,07;87,71
2669;deberta-base;CLS+MAX_SUM-3-10;two-tokens;CLS+MAX;SUM-3-10;4,00;torch.Size([61, 1536]);12,00;0,00;batch-64-nhid-0-inlayer-12;NORMAL;81,61;85,06;92,75;88,70;87,97;96,00;69,04;85,88
2670;deberta-base;CLS+AVG-NS_SUM-3-10;two-tokens;CLS+AVG-NS;SUM-3-10;4,00;torch.Size([61, 1536]);12,00;0,00;batch-64-nhid-0-inlayer-12;NORMAL;85,78;89,27;95,24;90,14;91,32;95,80;75,94;89,07
2671;deberta-base;CLS+SUM-NS_SUM-3-10;two-tokens;CLS+SUM-NS;SUM-3-10;4,00;torch.Size([61, 1536]);12,00;0,00;batch-64-nhid-0-inlayer-12;NORMAL;85,26;88,37;94,48;89,44;90,66;94,60;71,19;87,71
2672;deberta-base;CLS+MAX-NS_SUM-3-10;two-tokens;CLS+MAX-NS;SUM-3-10;4,00;torch.Size([61, 1536]);12,00;0,00;batch-64-nhid-0-inlayer-12;NORMAL;81,77;65,64;92,98;89,16;87,86;95,60;68,64;83,09
2673;deberta-base;AVG+SUM_SUM-3-10;two-tokens;AVG+SUM;SUM-3-10;4,00;torch.Size([61, 1536]);12,00;0,00;batch-64-nhid-0-inlayer-12;NORMAL;85,67;88,42;94,70;89,63;90,17;94,40;71,88;87,84
2674;deberta-base;AVG+MAX_SUM-3-10;two-tokens;AVG+MAX;SUM-3-10;4,00;torch.Size([61, 1536]);12,00;0,00;batch-64-nhid-0-inlayer-12;NORMAL;84,64;87,52;94,06;88,99;90,44;95,20;70,43;87,33
2675;deberta-base;AVG+AVG-NS_SUM-3-10;two-tokens;AVG+AVG-NS;SUM-3-10;4,00;torch.Size([61, 1536]);12,00;0,00;batch-64-nhid-0-inlayer-12;NORMAL;85,74;89,24;95,06;89,65;91,82;94,00;75,59;88,73
2676;deberta-base;AVG+SUM-NS_SUM-3-10;two-tokens;AVG+SUM-NS;SUM-3-10;4,00;torch.Size([61, 1536]);12,00;0,00;batch-64-nhid-0-inlayer-12;NORMAL;85,35;88,24;94,55;89,47;89,84;94,40;70,90;87,54
2677;deberta-base;AVG+MAX-NS_SUM-3-10;two-tokens;AVG+MAX-NS;SUM-3-10;4,00;torch.Size([61, 1536]);12,00;0,00;batch-64-nhid-0-inlayer-12;NORMAL;84,32;69,32;94,17;79,78;90,01;94,60;69,91;83,16
2678;deberta-base;SUM+MAX_SUM-3-10;two-tokens;SUM+MAX;SUM-3-10;4,00;torch.Size([61, 1536]);12,00;0,00;batch-64-nhid-0-inlayer-12;NORMAL;85,37;88,40;94,74;88,87;90,33;93,80;71,13;87,52
2679;deberta-base;SUM+AVG-NS_SUM-3-10;two-tokens;SUM+AVG-NS;SUM-3-10;4,00;torch.Size([61, 1536]);12,00;0,00;batch-64-nhid-0-inlayer-12;NORMAL;85,62;88,26;94,59;89,13;90,50;93,80;71,25;87,59
2680;deberta-base;SUM+SUM-NS_SUM-3-10;two-tokens;SUM+SUM-NS;SUM-3-10;4,00;torch.Size([61, 1536]);12,00;0,00;batch-64-nhid-0-inlayer-12;NORMAL;85,33;88,19;94,59;89,48;90,50;94,20;71,36;87,66
2681;deberta-base;SUM+MAX-NS_SUM-3-10;two-tokens;SUM+MAX-NS;SUM-3-10;4,00;torch.Size([61, 1536]);12,00;0,00;batch-64-nhid-0-inlayer-12;NORMAL;85,40;82,81;94,69;82,72;90,01;93,60;71,88;85,87
2682;deberta-base;MAX+AVG-NS_SUM-3-10;two-tokens;MAX+AVG-NS;SUM-3-10;4,00;torch.Size([61, 1536]);12,00;0,00;batch-64-nhid-0-inlayer-12;NORMAL;84,54;87,44;94,18;88,89;90,28;95,40;70,32;87,29
2683;deberta-base;MAX+SUM-NS_SUM-3-10;two-tokens;MAX+SUM-NS;SUM-3-10;4,00;torch.Size([61, 1536]);12,00;0,00;batch-64-nhid-0-inlayer-12;NORMAL;85,41;87,89;94,59;88,85;89,95;94,20;70,90;87,40
2684;deberta-base;MAX+MAX-NS_SUM-3-10;two-tokens;MAX+MAX-NS;SUM-3-10;4,00;torch.Size([61, 1536]);12,00;0,00;batch-64-nhid-0-inlayer-12;NORMAL;81,68;65,69;92,68;83,56;87,86;96,20;68,23;82,27
2685;deberta-base;AVG-NS+SUM-NS_SUM-3-10;two-tokens;AVG-NS+SUM-NS;SUM-3-10;4,00;torch.Size([61, 1536]);12,00;0,00;batch-64-nhid-0-inlayer-12;NORMAL;85,42;88,27;94,55;88,81;90,12;94,60;70,78;87,51
2686;deberta-base;AVG-NS+MAX-NS_SUM-3-10;two-tokens;AVG-NS+MAX-NS;SUM-3-10;4,00;torch.Size([61, 1536]);12,00;0,00;batch-64-nhid-0-inlayer-12;NORMAL;84,60;67,71;94,27;90,29;89,73;95,40;69,28;84,47
2687;deberta-base;SUM-NS+MAX-NS_SUM-3-10;two-tokens;SUM-NS+MAX-NS;SUM-3-10;4,00;torch.Size([61, 1536]);12,00;0,00;batch-64-nhid-0-inlayer-12;NORMAL;85,27;85,46;94,56;82,37;90,17;94,20;70,96;86,14
2688;deberta-base;CLS+AVG_SUM-4-11;two-tokens;CLS+AVG;SUM-4-11;4,00;torch.Size([61, 1536]);12,00;0,00;batch-64-nhid-0-inlayer-12;NORMAL;86,45;89,83;95,43;90,24;91,54;95,40;75,07;89,14
2689;deberta-base;CLS+SUM_SUM-4-11;two-tokens;CLS+SUM;SUM-4-11;4,00;torch.Size([61, 1536]);12,00;0,00;batch-64-nhid-0-inlayer-12;NORMAL;85,94;88,58;94,71;89,40;90,50;95,20;72,23;88,08
2690;deberta-base;CLS+MAX_SUM-4-11;two-tokens;CLS+MAX;SUM-4-11;4,00;torch.Size([61, 1536]);12,00;0,00;batch-64-nhid-0-inlayer-12;NORMAL;82,80;86,12;93,16;89,12;88,58;94,80;67,71;86,04
2691;deberta-base;CLS+AVG-NS_SUM-4-11;two-tokens;CLS+AVG-NS;SUM-4-11;4,00;torch.Size([61, 1536]);12,00;0,00;batch-64-nhid-0-inlayer-12;NORMAL;86,51;89,64;95,47;90,23;91,43;95,40;74,96;89,09
2692;deberta-base;CLS+SUM-NS_SUM-4-11;two-tokens;CLS+SUM-NS;SUM-4-11;4,00;torch.Size([61, 1536]);12,00;0,00;batch-64-nhid-0-inlayer-12;NORMAL;85,88;89,09;94,84;89,44;90,66;95,00;70,67;87,94
2693;deberta-base;CLS+MAX-NS_SUM-4-11;two-tokens;CLS+MAX-NS;SUM-4-11;4,00;torch.Size([61, 1536]);12,00;0,00;batch-64-nhid-0-inlayer-12;NORMAL;82,94;66,83;93,48;87,75;89,35;94,60;68,17;83,30
2694;deberta-base;AVG+SUM_SUM-4-11;two-tokens;AVG+SUM;SUM-4-11;4,00;torch.Size([61, 1536]);12,00;0,00;batch-64-nhid-0-inlayer-12;NORMAL;86,04;88,40;94,63;89,44;90,39;95,20;70,84;87,85
2695;deberta-base;AVG+MAX_SUM-4-11;two-tokens;AVG+MAX;SUM-4-11;4,00;torch.Size([61, 1536]);12,00;0,00;batch-64-nhid-0-inlayer-12;NORMAL;85,12;88,34;94,53;89,26;91,32;94,60;70,20;87,62
2696;deberta-base;AVG+AVG-NS_SUM-4-11;two-tokens;AVG+AVG-NS;SUM-4-11;4,00;torch.Size([61, 1536]);12,00;0,00;batch-64-nhid-0-inlayer-12;NORMAL;86,14;89,17;95,14;89,74;92,59;95,40;75,77;89,14
2697;deberta-base;AVG+SUM-NS_SUM-4-11;two-tokens;AVG+SUM-NS;SUM-4-11;4,00;torch.Size([61, 1536]);12,00;0,00;batch-64-nhid-0-inlayer-12;NORMAL;85,82;88,66;94,82;89,47;90,17;94,80;71,13;87,84
2698;deberta-base;AVG+MAX-NS_SUM-4-11;two-tokens;AVG+MAX-NS;SUM-4-11;4,00;torch.Size([61, 1536]);12,00;0,00;batch-64-nhid-0-inlayer-12;NORMAL;85,06;66,04;94,51;88,84;90,50;95,40;69,33;84,24
2699;deberta-base;SUM+MAX_SUM-4-11;two-tokens;SUM+MAX;SUM-4-11;4,00;torch.Size([61, 1536]);12,00;0,00;batch-64-nhid-0-inlayer-12;NORMAL;85,83;88,82;94,77;89,24;90,72;95,20;71,94;88,07
2700;deberta-base;SUM+AVG-NS_SUM-4-11;two-tokens;SUM+AVG-NS;SUM-4-11;4,00;torch.Size([61, 1536]);12,00;0,00;batch-64-nhid-0-inlayer-12;NORMAL;86,02;88,72;94,70;89,50;90,77;94,80;71,65;88,02
2701;deberta-base;SUM+SUM-NS_SUM-4-11;two-tokens;SUM+SUM-NS;SUM-4-11;4,00;torch.Size([61, 1536]);12,00;0,00;batch-64-nhid-0-inlayer-12;NORMAL;85,79;88,85;94,79;89,32;90,28;94,80;71,65;87,93
2702;deberta-base;SUM+MAX-NS_SUM-4-11;two-tokens;SUM+MAX-NS;SUM-4-11;4,00;torch.Size([61, 1536]);12,00;0,00;batch-64-nhid-0-inlayer-12;NORMAL;85,65;80,19;94,75;76,60;90,77;95,00;71,25;84,89
2703;deberta-base;MAX+AVG-NS_SUM-4-11;two-tokens;MAX+AVG-NS;SUM-4-11;4,00;torch.Size([61, 1536]);12,00;0,00;batch-64-nhid-0-inlayer-12;NORMAL;84,79;88,69;94,48;89,29;91,10;95,40;69,62;87,62
2704;deberta-base;MAX+SUM-NS_SUM-4-11;two-tokens;MAX+SUM-NS;SUM-4-11;4,00;torch.Size([61, 1536]);12,00;0,00;batch-64-nhid-0-inlayer-12;NORMAL;85,89;88,53;94,83;88,87;90,99;95,40;71,30;87,97
2705;deberta-base;MAX+MAX-NS_SUM-4-11;two-tokens;MAX+MAX-NS;SUM-4-11;4,00;torch.Size([61, 1536]);12,00;0,00;batch-64-nhid-0-inlayer-12;NORMAL;82,54;65,77;93,00;72,89;89,02;94,60;68,58;80,91
2706;deberta-base;AVG-NS+SUM-NS_SUM-4-11;two-tokens;AVG-NS+SUM-NS;SUM-4-11;4,00;torch.Size([61, 1536]);12,00;0,00;batch-64-nhid-0-inlayer-12;NORMAL;85,89;88,72;94,76;89,25;90,94;95,20;71,01;87,97
2707;deberta-base;AVG-NS+MAX-NS_SUM-4-11;two-tokens;AVG-NS+MAX-NS;SUM-4-11;4,00;torch.Size([61, 1536]);12,00;0,00;batch-64-nhid-0-inlayer-12;NORMAL;85,05;66,12;94,43;90,46;90,50;95,40;69,33;84,47
2708;deberta-base;SUM-NS+MAX-NS_SUM-4-11;two-tokens;SUM-NS+MAX-NS;SUM-4-11;4,00;torch.Size([61, 1536]);12,00;0,00;batch-64-nhid-0-inlayer-12;NORMAL;85,97;83,58;94,70;75,82;90,83;95,00;71,59;85,36
2709;deberta-base;CLS+AVG_SUM-5-12;two-tokens;CLS+AVG;SUM-5-12;4,00;torch.Size([61, 1536]);12,00;0,00;batch-64-nhid-0-inlayer-12;NORMAL;86,78;90,04;95,74;90,45;91,65;96,20;74,43;89,33
2710;deberta-base;CLS+SUM_SUM-5-12;two-tokens;CLS+SUM;SUM-5-12;4,00;torch.Size([61, 1536]);12,00;0,00;batch-64-nhid-0-inlayer-12;NORMAL;86,00;89,06;95,19;89,75;90,88;95,60;71,01;88,21
2711;deberta-base;CLS+MAX_SUM-5-12;two-tokens;CLS+MAX;SUM-5-12;4,00;torch.Size([61, 1536]);12,00;0,00;batch-64-nhid-0-inlayer-12;NORMAL;83,40;86,89;93,48;88,86;89,18;94,20;68,29;86,33
2712;deberta-base;CLS+AVG-NS_SUM-5-12;two-tokens;CLS+AVG-NS;SUM-5-12;4,00;torch.Size([61, 1536]);12,00;0,00;batch-64-nhid-0-inlayer-12;NORMAL;86,76;89,67;95,81;90,47;91,49;95,60;73,91;89,10
2713;deberta-base;CLS+SUM-NS_SUM-5-12;two-tokens;CLS+SUM-NS;SUM-5-12;4,00;torch.Size([61, 1536]);12,00;0,00;batch-64-nhid-0-inlayer-12;NORMAL;86,13;88,90;94,91;89,64;91,10;95,20;71,30;88,17
2714;deberta-base;CLS+MAX-NS_SUM-5-12;two-tokens;CLS+MAX-NS;SUM-5-12;4,00;torch.Size([61, 1536]);12,00;0,00;batch-64-nhid-0-inlayer-12;NORMAL;83,21;68,08;93,50;89,48;89,40;94,40;68,52;83,80
2715;deberta-base;AVG+SUM_SUM-5-12;two-tokens;AVG+SUM;SUM-5-12;4,00;torch.Size([61, 1536]);12,00;0,00;batch-64-nhid-0-inlayer-12;NORMAL;86,14;89,01;95,12;89,82;90,77;95,60;70,38;88,12
2716;deberta-base;AVG+MAX_SUM-5-12;two-tokens;AVG+MAX;SUM-5-12;4,00;torch.Size([61, 1536]);12,00;0,00;batch-64-nhid-0-inlayer-12;NORMAL;85,17;89,27;94,90;89,31;92,09;94,20;68,35;87,61
2717;deberta-base;AVG+AVG-NS_SUM-5-12;two-tokens;AVG+AVG-NS;SUM-5-12;4,00;torch.Size([61, 1536]);12,00;0,00;batch-64-nhid-0-inlayer-12;NORMAL;86,48;89,75;95,38;90,12;92,04;95,80;73,97;89,08
2718;deberta-base;AVG+SUM-NS_SUM-5-12;two-tokens;AVG+SUM-NS;SUM-5-12;4,00;torch.Size([61, 1536]);12,00;0,00;batch-64-nhid-0-inlayer-12;NORMAL;86,22;88,74;95,02;89,69;90,99;95,00;70,32;88,00
2719;deberta-base;AVG+MAX-NS_SUM-5-12;two-tokens;AVG+MAX-NS;SUM-5-12;4,00;torch.Size([61, 1536]);12,00;0,00;batch-64-nhid-0-inlayer-12;NORMAL;85,34;66,20;94,80;89,64;91,54;94,40;68,58;84,36
2720;deberta-base;SUM+MAX_SUM-5-12;two-tokens;SUM+MAX;SUM-5-12;4,00;torch.Size([61, 1536]);12,00;0,00;batch-64-nhid-0-inlayer-12;NORMAL;85,99;89,01;95,23;89,60;91,16;95,60;70,78;88,20
2721;deberta-base;SUM+AVG-NS_SUM-5-12;two-tokens;SUM+AVG-NS;SUM-5-12;4,00;torch.Size([61, 1536]);12,00;0,00;batch-64-nhid-0-inlayer-12;NORMAL;85,95;89,11;95,24;89,83;91,05;95,60;70,84;88,23
2722;deberta-base;SUM+SUM-NS_SUM-5-12;two-tokens;SUM+SUM-NS;SUM-5-12;4,00;torch.Size([61, 1536]);12,00;0,00;batch-64-nhid-0-inlayer-12;NORMAL;86,11;88,87;95,02;89,64;90,50;95,20;71,07;88,06
2723;deberta-base;SUM+MAX-NS_SUM-5-12;two-tokens;SUM+MAX-NS;SUM-5-12;4,00;torch.Size([61, 1536]);12,00;0,00;batch-64-nhid-0-inlayer-12;NORMAL;85,85;82,41;95,08;87,47;90,83;95,60;70,49;86,82
2724;deberta-base;MAX+AVG-NS_SUM-5-12;two-tokens;MAX+AVG-NS;SUM-5-12;4,00;torch.Size([61, 1536]);12,00;0,00;batch-64-nhid-0-inlayer-12;NORMAL;85,10;89,16;94,86;88,95;91,71;94,40;69,62;87,69
2725;deberta-base;MAX+SUM-NS_SUM-5-12;two-tokens;MAX+SUM-NS;SUM-5-12;4,00;torch.Size([61, 1536]);12,00;0,00;batch-64-nhid-0-inlayer-12;NORMAL;86,34;88,98;95,06;89,54;90,77;95,40;70,72;88,12
2726;deberta-base;MAX+MAX-NS_SUM-5-12;two-tokens;MAX+MAX-NS;SUM-5-12;4,00;torch.Size([61, 1536]);12,00;0,00;batch-64-nhid-0-inlayer-12;NORMAL;82,68;68,05;93,09;77,61;89,02;94,80;68,29;81,93
2727;deberta-base;AVG-NS+SUM-NS_SUM-5-12;two-tokens;AVG-NS+SUM-NS;SUM-5-12;4,00;torch.Size([61, 1536]);12,00;0,00;batch-64-nhid-0-inlayer-12;NORMAL;86,04;89,22;94,98;89,86;90,99;95,20;70,67;88,14
2728;deberta-base;AVG-NS+MAX-NS_SUM-5-12;two-tokens;AVG-NS+MAX-NS;SUM-5-12;4,00;torch.Size([61, 1536]);12,00;0,00;batch-64-nhid-0-inlayer-12;NORMAL;85,31;66,12;94,79;72,82;91,43;95,00;69,04;82,07
2729;deberta-base;SUM-NS+MAX-NS_SUM-5-12;two-tokens;SUM-NS+MAX-NS;SUM-5-12;4,00;torch.Size([61, 1536]);12,00;0,00;batch-64-nhid-0-inlayer-12;NORMAL;86,29;83,87;95,08;81,62;91,27;95,80;70,55;86,35
2730;deberta-base;CLS+AVG_SUM-1-9;two-tokens;CLS+AVG;SUM-1-9;4,00;torch.Size([61, 1536]);12,00;0,00;batch-64-nhid-0-inlayer-12;NORMAL;84,47;88,82;95,15;90,15;90,12;94,60;75,42;88,39
2731;deberta-base;CLS+SUM_SUM-1-9;two-tokens;CLS+SUM;SUM-1-9;4,00;torch.Size([61, 1536]);12,00;0,00;batch-64-nhid-0-inlayer-12;NORMAL;84,54;87,15;94,52;89,57;89,13;94,00;70,32;87,03
2732;deberta-base;CLS+MAX_SUM-1-9;two-tokens;CLS+MAX;SUM-1-9;4,00;torch.Size([61, 1536]);12,00;0,00;batch-64-nhid-0-inlayer-12;NORMAL;80,07;82,91;92,26;88,60;86,05;94,40;67,94;84,60
2733;deberta-base;CLS+AVG-NS_SUM-1-9;two-tokens;CLS+AVG-NS;SUM-1-9;4,00;torch.Size([61, 1536]);12,00;0,00;batch-64-nhid-0-inlayer-12;NORMAL;84,49;88,32;95,06;89,89;90,39;94,00;75,54;88,24
2734;deberta-base;CLS+SUM-NS_SUM-1-9;two-tokens;CLS+SUM-NS;SUM-1-9;4,00;torch.Size([61, 1536]);12,00;0,00;batch-64-nhid-0-inlayer-12;NORMAL;84,31;87,15;94,41;89,43;89,02;93,60;70,09;86,86
2735;deberta-base;CLS+MAX-NS_SUM-1-9;two-tokens;CLS+MAX-NS;SUM-1-9;4,00;torch.Size([61, 1536]);12,00;0,00;batch-64-nhid-0-inlayer-12;NORMAL;80,03;66,62;92,30;89,76;85,12;93,40;68,00;82,18
2736;deberta-base;AVG+SUM_SUM-1-9;two-tokens;AVG+SUM;SUM-1-9;4,00;torch.Size([61, 1536]);12,00;0,00;batch-64-nhid-0-inlayer-12;NORMAL;84,61;87,21;94,63;89,25;89,24;94,00;70,78;87,10
2737;deberta-base;AVG+MAX_SUM-1-9;two-tokens;AVG+MAX;SUM-1-9;4,00;torch.Size([61, 1536]);12,00;0,00;batch-64-nhid-0-inlayer-12;NORMAL;82,82;85,62;93,90;88,47;89,35;94,60;69,74;86,36
2738;deberta-base;AVG+AVG-NS_SUM-1-9;two-tokens;AVG+AVG-NS;SUM-1-9;4,00;torch.Size([61, 1536]);12,00;0,00;batch-64-nhid-0-inlayer-12;NORMAL;84,44;87,71;94,96;89,32;90,83;94,80;75,54;88,23
2739;deberta-base;AVG+SUM-NS_SUM-1-9;two-tokens;AVG+SUM-NS;SUM-1-9;4,00;torch.Size([61, 1536]);12,00;0,00;batch-64-nhid-0-inlayer-12;NORMAL;84,38;87,05;94,54;89,23;89,18;94,00;70,43;86,97
2740;deberta-base;AVG+MAX-NS_SUM-1-9;two-tokens;AVG+MAX-NS;SUM-1-9;4,00;torch.Size([61, 1536]);12,00;0,00;batch-64-nhid-0-inlayer-12;NORMAL;83,08;67,79;94,00;89,90;89,24;95,40;69,74;84,16
2741;deberta-base;SUM+MAX_SUM-1-9;two-tokens;SUM+MAX;SUM-1-9;4,00;torch.Size([61, 1536]);12,00;0,00;batch-64-nhid-0-inlayer-12;NORMAL;84,33;87,47;94,59;88,55;89,13;93,60;70,72;86,91
2742;deberta-base;SUM+AVG-NS_SUM-1-9;two-tokens;SUM+AVG-NS;SUM-1-9;4,00;torch.Size([61, 1536]);12,00;0,00;batch-64-nhid-0-inlayer-12;NORMAL;84,63;87,39;94,45;88,93;89,90;93,80;70,43;87,08
2743;deberta-base;SUM+SUM-NS_SUM-1-9;two-tokens;SUM+SUM-NS;SUM-1-9;4,00;torch.Size([61, 1536]);12,00;0,00;batch-64-nhid-0-inlayer-12;NORMAL;84,47;87,15;94,63;89,50;89,13;94,00;70,84;87,10
2744;deberta-base;SUM+MAX-NS_SUM-1-9;two-tokens;SUM+MAX-NS;SUM-1-9;4,00;torch.Size([61, 1536]);12,00;0,00;batch-64-nhid-0-inlayer-12;NORMAL;84,12;83,26;94,65;84,19;89,68;93,80;70,84;85,79
2745;deberta-base;MAX+AVG-NS_SUM-1-9;two-tokens;MAX+AVG-NS;SUM-1-9;4,00;torch.Size([61, 1536]);12,00;0,00;batch-64-nhid-0-inlayer-12;NORMAL;82,84;86,14;93,99;88,01;88,52;95,00;68,99;86,21
2746;deberta-base;MAX+SUM-NS_SUM-1-9;two-tokens;MAX+SUM-NS;SUM-1-9;4,00;torch.Size([61, 1536]);12,00;0,00;batch-64-nhid-0-inlayer-12;NORMAL;84,04;87,23;94,49;88,36;89,46;94,40;70,49;86,92
2747;deberta-base;MAX+MAX-NS_SUM-1-9;two-tokens;MAX+MAX-NS;SUM-1-9;4,00;torch.Size([61, 1536]);12,00;0,00;batch-64-nhid-0-inlayer-12;NORMAL;79,58;65,48;91,70;89,64;85,94;93,60;67,65;81,94
2748;deberta-base;AVG-NS+SUM-NS_SUM-1-9;two-tokens;AVG-NS+SUM-NS;SUM-1-9;4,00;torch.Size([61, 1536]);12,00;0,00;batch-64-nhid-0-inlayer-12;NORMAL;84,32;87,07;94,47;88,84;89,62;94,40;70,61;87,05
2749;deberta-base;AVG-NS+MAX-NS_SUM-1-9;two-tokens;AVG-NS+MAX-NS;SUM-1-9;4,00;torch.Size([61, 1536]);12,00;0,00;batch-64-nhid-0-inlayer-12;NORMAL;82,82;67,58;94,03;90,00;89,02;93,80;68,99;83,75
2750;deberta-base;SUM-NS+MAX-NS_SUM-1-9;two-tokens;SUM-NS+MAX-NS;SUM-1-9;4,00;torch.Size([61, 1536]);12,00;0,00;batch-64-nhid-0-inlayer-12;NORMAL;84,19;80,66;94,52;87,77;89,90;94,00;70,26;85,90
2751;deberta-base;CLS+AVG_SUM-2-10;two-tokens;CLS+AVG;SUM-2-10;4,00;torch.Size([61, 1536]);12,00;0,00;batch-64-nhid-0-inlayer-12;NORMAL;85,66;89,30;95,23;90,19;91,49;95,00;75,25;88,87
2752;deberta-base;CLS+SUM_SUM-2-10;two-tokens;CLS+SUM;SUM-2-10;4,00;torch.Size([61, 1536]);12,00;0,00;batch-64-nhid-0-inlayer-12;NORMAL;85,27;88,50;94,54;89,70;90,28;94,00;70,61;87,56
2753;deberta-base;CLS+MAX_SUM-2-10;two-tokens;CLS+MAX;SUM-2-10;4,00;torch.Size([61, 1536]);12,00;0,00;batch-64-nhid-0-inlayer-12;NORMAL;81,55;85,48;92,40;88,96;87,26;95,80;67,42;85,55
2754;deberta-base;CLS+AVG-NS_SUM-2-10;two-tokens;CLS+AVG-NS;SUM-2-10;4,00;torch.Size([61, 1536]);12,00;0,00;batch-64-nhid-0-inlayer-12;NORMAL;85,37;89,11;95,21;90,01;91,76;95,00;75,13;88,80
2755;deberta-base;CLS+SUM-NS_SUM-2-10;two-tokens;CLS+SUM-NS;SUM-2-10;4,00;torch.Size([61, 1536]);12,00;0,00;batch-64-nhid-0-inlayer-12;NORMAL;85,23;87,87;94,62;89,49;90,88;93,80;70,49;87,48
2756;deberta-base;CLS+MAX-NS_SUM-2-10;two-tokens;CLS+MAX-NS;SUM-2-10;4,00;torch.Size([61, 1536]);12,00;0,00;batch-64-nhid-0-inlayer-12;NORMAL;81,49;66,99;92,45;89,52;87,31;95,60;68,06;83,06
2757;deberta-base;AVG+SUM_SUM-2-10;two-tokens;AVG+SUM;SUM-2-10;4,00;torch.Size([61, 1536]);12,00;0,00;batch-64-nhid-0-inlayer-12;NORMAL;85,42;88,42;94,45;89,47;90,12;93,80;71,25;87,56
2758;deberta-base;AVG+MAX_SUM-2-10;two-tokens;AVG+MAX;SUM-2-10;4,00;torch.Size([61, 1536]);12,00;0,00;batch-64-nhid-0-inlayer-12;NORMAL;84,17;87,28;94,04;89,03;89,79;95,20;69,28;86,97
2759;deberta-base;AVG+AVG-NS_SUM-2-10;two-tokens;AVG+AVG-NS;SUM-2-10;4,00;torch.Size([61, 1536]);12,00;0,00;batch-64-nhid-0-inlayer-12;NORMAL;85,48;88,42;95,02;89,42;91,49;94,60;75,59;88,57
2760;deberta-base;AVG+SUM-NS_SUM-2-10;two-tokens;AVG+SUM-NS;SUM-2-10;4,00;torch.Size([61, 1536]);12,00;0,00;batch-64-nhid-0-inlayer-12;NORMAL;85,24;87,92;94,76;89,35;90,55;94,60;70,78;87,60
2761;deberta-base;AVG+MAX-NS_SUM-2-10;two-tokens;AVG+MAX-NS;SUM-2-10;4,00;torch.Size([61, 1536]);12,00;0,00;batch-64-nhid-0-inlayer-12;NORMAL;84,12;69,22;94,17;90,03;89,84;94,80;67,94;84,30
2762;deberta-base;SUM+MAX_SUM-2-10;two-tokens;SUM+MAX;SUM-2-10;4,00;torch.Size([61, 1536]);12,00;0,00;batch-64-nhid-0-inlayer-12;NORMAL;85,19;88,37;94,57;89,31;90,55;93,40;71,88;87,61
2763;deberta-base;SUM+AVG-NS_SUM-2-10;two-tokens;SUM+AVG-NS;SUM-2-10;4,00;torch.Size([61, 1536]);12,00;0,00;batch-64-nhid-0-inlayer-12;NORMAL;85,33;88,42;94,55;88,92;90,61;93,60;71,01;87,49
2764;deberta-base;SUM+SUM-NS_SUM-2-10;two-tokens;SUM+SUM-NS;SUM-2-10;4,00;torch.Size([61, 1536]);12,00;0,00;batch-64-nhid-0-inlayer-12;NORMAL;85,10;88,16;94,68;89,58;90,44;94,60;71,19;87,68
2765;deberta-base;SUM+MAX-NS_SUM-2-10;two-tokens;SUM+MAX-NS;SUM-2-10;4,00;torch.Size([61, 1536]);12,00;0,00;batch-64-nhid-0-inlayer-12;NORMAL;85,27;83,31;94,70;89,88;90,44;94,00;70,78;86,91
2766;deberta-base;MAX+AVG-NS_SUM-2-10;two-tokens;MAX+AVG-NS;SUM-2-10;4,00;torch.Size([61, 1536]);12,00;0,00;batch-64-nhid-0-inlayer-12;NORMAL;84,25;87,34;94,08;88,87;89,95;95,40;69,86;87,11
2767;deberta-base;MAX+SUM-NS_SUM-2-10;two-tokens;MAX+SUM-NS;SUM-2-10;4,00;torch.Size([61, 1536]);12,00;0,00;batch-64-nhid-0-inlayer-12;NORMAL;85,19;87,89;94,71;89,00;89,68;94,40;70,84;87,39
2768;deberta-base;MAX+MAX-NS_SUM-2-10;two-tokens;MAX+MAX-NS;SUM-2-10;4,00;torch.Size([61, 1536]);12,00;0,00;batch-64-nhid-0-inlayer-12;NORMAL;81,15;67,28;92,32;85,05;87,31;96,20;68,00;82,47
2769;deberta-base;AVG-NS+SUM-NS_SUM-2-10;two-tokens;AVG-NS+SUM-NS;SUM-2-10;4,00;torch.Size([61, 1536]);12,00;0,00;batch-64-nhid-0-inlayer-12;NORMAL;85,15;88,05;94,76;88,88;90,61;94,20;70,78;87,49
2770;deberta-base;AVG-NS+MAX-NS_SUM-2-10;two-tokens;AVG-NS+MAX-NS;SUM-2-10;4,00;torch.Size([61, 1536]);12,00;0,00;batch-64-nhid-0-inlayer-12;NORMAL;83,71;66,17;94,34;86,92;89,79;95,60;69,74;83,75
2771;deberta-base;SUM-NS+MAX-NS_SUM-2-10;two-tokens;SUM-NS+MAX-NS;SUM-2-10;4,00;torch.Size([61, 1536]);12,00;0,00;batch-64-nhid-0-inlayer-12;NORMAL;85,25;82,44;94,82;89,63;89,95;93,60;71,01;86,67
2772;deberta-base;CLS+AVG_SUM-3-11;two-tokens;CLS+AVG;SUM-3-11;4,00;torch.Size([61, 1536]);12,00;0,00;batch-64-nhid-0-inlayer-12;NORMAL;86,50;89,86;95,32;90,29;91,54;95,20;75,25;89,14
2773;deberta-base;CLS+SUM_SUM-3-11;two-tokens;CLS+SUM;SUM-3-11;4,00;torch.Size([61, 1536]);12,00;0,00;batch-64-nhid-0-inlayer-12;NORMAL;85,89;88,43;94,79;89,23;90,33;94,60;71,36;87,80
2774;deberta-base;CLS+MAX_SUM-3-11;two-tokens;CLS+MAX;SUM-3-11;4,00;torch.Size([61, 1536]);12,00;0,00;batch-64-nhid-0-inlayer-12;NORMAL;82,41;85,27;92,96;88,96;88,36;95,40;68,23;85,94
2775;deberta-base;CLS+AVG-NS_SUM-3-11;two-tokens;CLS+AVG-NS;SUM-3-11;4,00;torch.Size([61, 1536]);12,00;0,00;batch-64-nhid-0-inlayer-12;NORMAL;86,37;89,24;95,20;90,28;91,32;94,20;75,13;88,82
2776;deberta-base;CLS+SUM-NS_SUM-3-11;two-tokens;CLS+SUM-NS;SUM-3-11;4,00;torch.Size([61, 1536]);12,00;0,00;batch-64-nhid-0-inlayer-12;NORMAL;85,60;88,82;94,60;89,41;90,50;94,80;70,84;87,80
2777;deberta-base;CLS+MAX-NS_SUM-3-11;two-tokens;CLS+MAX-NS;SUM-3-11;4,00;torch.Size([61, 1536]);12,00;0,00;batch-64-nhid-0-inlayer-12;NORMAL;82,49;68,61;92,74;89,56;88,25;94,20;67,83;83,38
2778;deberta-base;AVG+SUM_SUM-3-11;two-tokens;AVG+SUM;SUM-3-11;4,00;torch.Size([61, 1536]);12,00;0,00;batch-64-nhid-0-inlayer-12;NORMAL;85,80;88,96;94,84;89,39;90,17;94,80;71,48;87,92
2779;deberta-base;AVG+MAX_SUM-3-11;two-tokens;AVG+MAX;SUM-3-11;4,00;torch.Size([61, 1536]);12,00;0,00;batch-64-nhid-0-inlayer-12;NORMAL;84,71;87,55;94,26;89,12;91,10;95,00;69,39;87,30
2780;deberta-base;AVG+AVG-NS_SUM-3-11;two-tokens;AVG+AVG-NS;SUM-3-11;4,00;torch.Size([61, 1536]);12,00;0,00;batch-64-nhid-0-inlayer-12;NORMAL;86,10;89,19;94,98;89,72;92,20;94,80;75,59;88,94
2781;deberta-base;AVG+SUM-NS_SUM-3-11;two-tokens;AVG+SUM-NS;SUM-3-11;4,00;torch.Size([61, 1536]);12,00;0,00;batch-64-nhid-0-inlayer-12;NORMAL;85,60;88,56;94,59;89,21;90,77;94,80;70,32;87,69
2782;deberta-base;AVG+MAX-NS_SUM-3-11;two-tokens;AVG+MAX-NS;SUM-3-11;4,00;torch.Size([61, 1536]);12,00;0,00;batch-64-nhid-0-inlayer-12;NORMAL;84,59;67,41;94,33;90,19;90,61;95,20;70,03;84,62
2783;deberta-base;SUM+MAX_SUM-3-11;two-tokens;SUM+MAX;SUM-3-11;4,00;torch.Size([61, 1536]);12,00;0,00;batch-64-nhid-0-inlayer-12;NORMAL;85,70;88,95;94,76;89,29;90,23;94,40;71,65;87,85
2784;deberta-base;SUM+AVG-NS_SUM-3-11;two-tokens;SUM+AVG-NS;SUM-3-11;4,00;torch.Size([61, 1536]);12,00;0,00;batch-64-nhid-0-inlayer-12;NORMAL;85,78;88,79;94,77;89,29;90,55;94,80;71,71;87,96
2785;deberta-base;SUM+SUM-NS_SUM-3-11;two-tokens;SUM+SUM-NS;SUM-3-11;4,00;torch.Size([61, 1536]);12,00;0,00;batch-64-nhid-0-inlayer-12;NORMAL;85,75;88,72;94,70;89,48;90,33;95,00;71,48;87,92
2786;deberta-base;SUM+MAX-NS_SUM-3-11;two-tokens;SUM+MAX-NS;SUM-3-11;4,00;torch.Size([61, 1536]);12,00;0,00;batch-64-nhid-0-inlayer-12;NORMAL;85,70;84,87;94,69;80,76;90,28;95,00;72,00;86,19
2787;deberta-base;MAX+AVG-NS_SUM-3-11;two-tokens;MAX+AVG-NS;SUM-3-11;4,00;torch.Size([61, 1536]);12,00;0,00;batch-64-nhid-0-inlayer-12;NORMAL;84,59;88,16;94,25;89,02;90,94;95,00;69,80;87,39
2788;deberta-base;MAX+SUM-NS_SUM-3-11;two-tokens;MAX+SUM-NS;SUM-3-11;4,00;torch.Size([61, 1536]);12,00;0,00;batch-64-nhid-0-inlayer-12;NORMAL;85,69;88,56;94,56;89,07;90,66;94,60;71,25;87,77
2789;deberta-base;MAX+MAX-NS_SUM-3-11;two-tokens;MAX+MAX-NS;SUM-3-11;4,00;torch.Size([61, 1536]);12,00;0,00;batch-64-nhid-0-inlayer-12;NORMAL;82,34;68,37;92,67;74,35;88,47;95,60;68,06;81,41
2790;deberta-base;AVG-NS+SUM-NS_SUM-3-11;two-tokens;AVG-NS+SUM-NS;SUM-3-11;4,00;torch.Size([61, 1536]);12,00;0,00;batch-64-nhid-0-inlayer-12;NORMAL;85,70;88,58;94,60;89,05;90,61;94,80;70,61;87,71
2791;deberta-base;AVG-NS+MAX-NS_SUM-3-11;two-tokens;AVG-NS+MAX-NS;SUM-3-11;4,00;torch.Size([61, 1536]);12,00;0,00;batch-64-nhid-0-inlayer-12;NORMAL;84,64;68,66;94,51;86,52;90,94;95,20;69,57;84,29
2792;deberta-base;SUM-NS+MAX-NS_SUM-3-11;two-tokens;SUM-NS+MAX-NS;SUM-3-11;4,00;torch.Size([61, 1536]);12,00;0,00;batch-64-nhid-0-inlayer-12;NORMAL;85,76;83,13;94,73;81,39;90,33;94,40;70,84;85,80
2793;deberta-base;CLS+AVG_SUM-4-12;two-tokens;CLS+AVG;SUM-4-12;4,00;torch.Size([61, 1536]);12,00;0,00;batch-64-nhid-0-inlayer-12;NORMAL;86,52;89,96;95,67;90,45;91,76;96,20;73,97;89,22
2794;deberta-base;CLS+SUM_SUM-4-12;two-tokens;CLS+SUM;SUM-4-12;4,00;torch.Size([61, 1536]);12,00;0,00;batch-64-nhid-0-inlayer-12;NORMAL;85,86;89,27;95,10;89,81;90,28;95,20;71,25;88,11
2795;deberta-base;CLS+MAX_SUM-4-12;two-tokens;CLS+MAX;SUM-4-12;4,00;torch.Size([61, 1536]);12,00;0,00;batch-64-nhid-0-inlayer-12;NORMAL;82,82;85,33;93,33;88,83;88,74;93,60;67,59;85,75
2796;deberta-base;CLS+AVG-NS_SUM-4-12;two-tokens;CLS+AVG-NS;SUM-4-12;4,00;torch.Size([61, 1536]);12,00;0,00;batch-64-nhid-0-inlayer-12;NORMAL;86,55;89,67;95,72;90,39;91,65;96,40;73,51;89,13
2797;deberta-base;CLS+SUM-NS_SUM-4-12;two-tokens;CLS+SUM-NS;SUM-4-12;4,00;torch.Size([61, 1536]);12,00;0,00;batch-64-nhid-0-inlayer-12;NORMAL;85,70;89,03;95,15;89,76;90,72;95,40;71,07;88,12
2798;deberta-base;CLS+MAX-NS_SUM-4-12;two-tokens;CLS+MAX-NS;SUM-4-12;4,00;torch.Size([61, 1536]);12,00;0,00;batch-64-nhid-0-inlayer-12;NORMAL;82,78;65,72;93,52;79,33;89,57;93,60;67,13;81,66
2799;deberta-base;AVG+SUM_SUM-4-12;two-tokens;AVG+SUM;SUM-4-12;4,00;torch.Size([61, 1536]);12,00;0,00;batch-64-nhid-0-inlayer-12;NORMAL;85,89;88,77;95,21;89,95;90,50;95,40;70,84;88,08
2800;deberta-base;AVG+MAX_SUM-4-12;two-tokens;AVG+MAX;SUM-4-12;4,00;torch.Size([61, 1536]);12,00;0,00;batch-64-nhid-0-inlayer-12;NORMAL;85,03;88,69;94,59;89,49;91,49;94,20;68,99;87,50
2801;deberta-base;AVG+AVG-NS_SUM-4-12;two-tokens;AVG+AVG-NS;SUM-4-12;4,00;torch.Size([61, 1536]);12,00;0,00;batch-64-nhid-0-inlayer-12;NORMAL;86,38;89,62;95,60;90,24;91,87;95,60;74,26;89,08
2802;deberta-base;AVG+SUM-NS_SUM-4-12;two-tokens;AVG+SUM-NS;SUM-4-12;4,00;torch.Size([61, 1536]);12,00;0,00;batch-64-nhid-0-inlayer-12;NORMAL;85,72;89,22;95,16;89,77;90,39;95,80;70,61;88,10
2803;deberta-base;AVG+MAX-NS_SUM-4-12;two-tokens;AVG+MAX-NS;SUM-4-12;4,00;torch.Size([61, 1536]);12,00;0,00;batch-64-nhid-0-inlayer-12;NORMAL;85,01;65,88;94,44;73,69;91,49;94,40;68,35;81,89
2804;deberta-base;SUM+MAX_SUM-4-12;two-tokens;SUM+MAX;SUM-4-12;4,00;torch.Size([61, 1536]);12,00;0,00;batch-64-nhid-0-inlayer-12;NORMAL;85,91;89,17;95,07;89,67;90,72;95,40;70,67;88,09
2805;deberta-base;SUM+AVG-NS_SUM-4-12;two-tokens;SUM+AVG-NS;SUM-4-12;4,00;torch.Size([61, 1536]);12,00;0,00;batch-64-nhid-0-inlayer-12;NORMAL;86,05;89,30;94,98;89,94;90,77;95,60;71,36;88,29
2806;deberta-base;SUM+SUM-NS_SUM-4-12;two-tokens;SUM+SUM-NS;SUM-4-12;4,00;torch.Size([61, 1536]);12,00;0,00;batch-64-nhid-0-inlayer-12;NORMAL;85,84;89,48;95,00;89,69;90,50;95,40;71,01;88,13
2807;deberta-base;SUM+MAX-NS_SUM-4-12;two-tokens;SUM+MAX-NS;SUM-4-12;4,00;torch.Size([61, 1536]);12,00;0,00;batch-64-nhid-0-inlayer-12;NORMAL;85,78;83,36;95,10;73,63;90,61;95,60;71,07;85,02
2808;deberta-base;MAX+AVG-NS_SUM-4-12;two-tokens;MAX+AVG-NS;SUM-4-12;4,00;torch.Size([61, 1536]);12,00;0,00;batch-64-nhid-0-inlayer-12;NORMAL;84,87;88,82;94,75;89,08;91,38;94,60;68,12;87,37
2809;deberta-base;MAX+SUM-NS_SUM-4-12;two-tokens;MAX+SUM-NS;SUM-4-12;4,00;torch.Size([61, 1536]);12,00;0,00;batch-64-nhid-0-inlayer-12;NORMAL;85,79;89,11;95,08;89,35;90,39;95,20;70,72;87,95
2810;deberta-base;MAX+MAX-NS_SUM-4-12;two-tokens;MAX+MAX-NS;SUM-4-12;4,00;torch.Size([61, 1536]);12,00;0,00;batch-64-nhid-0-inlayer-12;NORMAL;82,45;65,75;93,23;76,67;88,63;94,00;68,17;81,27
2811;deberta-base;AVG-NS+SUM-NS_SUM-4-12;two-tokens;AVG-NS+SUM-NS;SUM-4-12;4,00;torch.Size([61, 1536]);12,00;0,00;batch-64-nhid-0-inlayer-12;NORMAL;85,78;89,04;95,16;89,72;90,77;95,40;70,55;88,06
2812;deberta-base;AVG-NS+MAX-NS_SUM-4-12;two-tokens;AVG-NS+MAX-NS;SUM-4-12;4,00;torch.Size([61, 1536]);12,00;0,00;batch-64-nhid-0-inlayer-12;NORMAL;84,86;65,88;94,54;84,80;91,21;95,20;67,48;83,42
2813;deberta-base;SUM-NS+MAX-NS_SUM-4-12;two-tokens;SUM-NS+MAX-NS;SUM-4-12;4,00;torch.Size([61, 1536]);12,00;0,00;batch-64-nhid-0-inlayer-12;NORMAL;85,86;82,36;95,01;73,00;90,88;95,60;70,67;84,77
2814;deberta-base;CLS+AVG_SUM-1-10;two-tokens;CLS+AVG;SUM-1-10;4,00;torch.Size([61, 1536]);12,00;0,00;batch-64-nhid-0-inlayer-12;NORMAL;85,44;89,38;95,20;90,02;91,32;95,40;74,72;88,78
2815;deberta-base;CLS+SUM_SUM-1-10;two-tokens;CLS+SUM;SUM-1-10;4,00;torch.Size([61, 1536]);12,00;0,00;batch-64-nhid-0-inlayer-12;NORMAL;85,21;88,19;94,50;89,54;90,39;94,60;70,38;87,54
2816;deberta-base;CLS+MAX_SUM-1-10;two-tokens;CLS+MAX;SUM-1-10;4,00;torch.Size([61, 1536]);12,00;0,00;batch-64-nhid-0-inlayer-12;NORMAL;81,23;83,73;92,39;88,78;86,66;94,00;67,19;84,85
2817;deberta-base;CLS+AVG-NS_SUM-1-10;two-tokens;CLS+AVG-NS;SUM-1-10;4,00;torch.Size([61, 1536]);12,00;0,00;batch-64-nhid-0-inlayer-12;NORMAL;85,32;88,66;95,12;89,88;91,65;95,00;75,30;88,70
2818;deberta-base;CLS+SUM-NS_SUM-1-10;two-tokens;CLS+SUM-NS;SUM-1-10;4,00;torch.Size([61, 1536]);12,00;0,00;batch-64-nhid-0-inlayer-12;NORMAL;85,09;87,81;94,63;89,66;90,61;94,20;70,67;87,52
2819;deberta-base;CLS+MAX-NS_SUM-1-10;two-tokens;CLS+MAX-NS;SUM-1-10;4,00;torch.Size([61, 1536]);12,00;0,00;batch-64-nhid-0-inlayer-12;NORMAL;81,11;65,64;92,26;89,35;86,49;94,60;66,49;82,28
2820;deberta-base;AVG+SUM_SUM-1-10;two-tokens;AVG+SUM;SUM-1-10;4,00;torch.Size([61, 1536]);12,00;0,00;batch-64-nhid-0-inlayer-12;NORMAL;85,20;88,11;94,53;89,43;89,90;94,60;70,78;87,51
2821;deberta-base;AVG+MAX_SUM-1-10;two-tokens;AVG+MAX;SUM-1-10;4,00;torch.Size([61, 1536]);12,00;0,00;batch-64-nhid-0-inlayer-12;NORMAL;83,44;86,75;93,87;88,71;90,23;94,80;67,42;86,46
2822;deberta-base;AVG+AVG-NS_SUM-1-10;two-tokens;AVG+AVG-NS;SUM-1-10;4,00;torch.Size([61, 1536]);12,00;0,00;batch-64-nhid-0-inlayer-12;NORMAL;85,19;88,72;95,06;89,28;91,65;94,40;76,29;88,66
2823;deberta-base;AVG+SUM-NS_SUM-1-10;two-tokens;AVG+SUM-NS;SUM-1-10;4,00;torch.Size([61, 1536]);12,00;0,00;batch-64-nhid-0-inlayer-12;NORMAL;85,33;87,92;94,54;89,44;89,95;94,60;70,84;87,52
2824;deberta-base;AVG+MAX-NS_SUM-1-10;two-tokens;AVG+MAX-NS;SUM-1-10;4,00;torch.Size([61, 1536]);12,00;0,00;batch-64-nhid-0-inlayer-12;NORMAL;83,56;69,35;93,92;89,98;90,01;94,40;67,88;84,16
2825;deberta-base;SUM+MAX_SUM-1-10;two-tokens;SUM+MAX;SUM-1-10;4,00;torch.Size([61, 1536]);12,00;0,00;batch-64-nhid-0-inlayer-12;NORMAL;84,95;88,05;94,67;88,93;90,23;94,20;70,96;87,43
2826;deberta-base;SUM+AVG-NS_SUM-1-10;two-tokens;SUM+AVG-NS;SUM-1-10;4,00;torch.Size([61, 1536]);12,00;0,00;batch-64-nhid-0-inlayer-12;NORMAL;85,21;88,29;94,52;88,96;90,01;94,40;70,78;87,45
2827;deberta-base;SUM+SUM-NS_SUM-1-10;two-tokens;SUM+SUM-NS;SUM-1-10;4,00;torch.Size([61, 1536]);12,00;0,00;batch-64-nhid-0-inlayer-12;NORMAL;85,23;87,79;94,65;89,50;90,50;94,20;70,90;87,54
2828;deberta-base;SUM+MAX-NS_SUM-1-10;two-tokens;SUM+MAX-NS;SUM-1-10;4,00;torch.Size([61, 1536]);12,00;0,00;batch-64-nhid-0-inlayer-12;NORMAL;84,83;83,24;94,72;79,69;90,55;94,60;70,84;85,50
2829;deberta-base;MAX+AVG-NS_SUM-1-10;two-tokens;MAX+AVG-NS;SUM-1-10;4,00;torch.Size([61, 1536]);12,00;0,00;batch-64-nhid-0-inlayer-12;NORMAL;83,88;86,88;93,98;87,96;89,90;94,60;68,99;86,60
2830;deberta-base;MAX+SUM-NS_SUM-1-10;two-tokens;MAX+SUM-NS;SUM-1-10;4,00;torch.Size([61, 1536]);12,00;0,00;batch-64-nhid-0-inlayer-12;NORMAL;85,10;87,71;94,56;88,84;90,28;94,20;70,32;87,29
2831;deberta-base;MAX+MAX-NS_SUM-1-10;two-tokens;MAX+MAX-NS;SUM-1-10;4,00;torch.Size([61, 1536]);12,00;0,00;batch-64-nhid-0-inlayer-12;NORMAL;80,77;65,75;92,00;72,71;86,99;95,40;66,84;80,07
2832;deberta-base;AVG-NS+SUM-NS_SUM-1-10;two-tokens;AVG-NS+SUM-NS;SUM-1-10;4,00;torch.Size([61, 1536]);12,00;0,00;batch-64-nhid-0-inlayer-12;NORMAL;85,00;88,08;94,58;88,82;90,33;93,60;70,55;87,28
2833;deberta-base;AVG-NS+MAX-NS_SUM-1-10;two-tokens;AVG-NS+MAX-NS;SUM-1-10;4,00;torch.Size([61, 1536]);12,00;0,00;batch-64-nhid-0-inlayer-12;NORMAL;83,93;67,60;94,12;87,23;89,57;94,40;68,29;83,59
2834;deberta-base;SUM-NS+MAX-NS_SUM-1-10;two-tokens;SUM-NS+MAX-NS;SUM-1-10;4,00;torch.Size([61, 1536]);12,00;0,00;batch-64-nhid-0-inlayer-12;NORMAL;85,07;85,24;94,63;83,49;90,99;94,00;70,43;86,26
2835;deberta-base;CLS+AVG_SUM-2-11;two-tokens;CLS+AVG;SUM-2-11;4,00;torch.Size([61, 1536]);12,00;0,00;batch-64-nhid-0-inlayer-12;NORMAL;86,29;89,72;95,20;90,26;91,82;94,40;74,49;88,88
2836;deberta-base;CLS+SUM_SUM-2-11;two-tokens;CLS+SUM;SUM-2-11;4,00;torch.Size([61, 1536]);12,00;0,00;batch-64-nhid-0-inlayer-12;NORMAL;85,58;88,37;94,58;89,59;90,39;94,80;71,48;87,83
2837;deberta-base;CLS+MAX_SUM-2-11;two-tokens;CLS+MAX;SUM-2-11;4,00;torch.Size([61, 1536]);12,00;0,00;batch-64-nhid-0-inlayer-12;NORMAL;82,07;84,08;92,68;88,84;88,08;95,60;68,12;85,64
2838;deberta-base;CLS+AVG-NS_SUM-2-11;two-tokens;CLS+AVG-NS;SUM-2-11;4,00;torch.Size([61, 1536]);12,00;0,00;batch-64-nhid-0-inlayer-12;NORMAL;86,21;89,19;95,20;90,10;91,65;95,00;74,03;88,77
2839;deberta-base;CLS+SUM-NS_SUM-2-11;two-tokens;CLS+SUM-NS;SUM-2-11;4,00;torch.Size([61, 1536]);12,00;0,00;batch-64-nhid-0-inlayer-12;NORMAL;85,57;88,10;94,74;89,70;90,72;94,40;70,03;87,61
2840;deberta-base;CLS+MAX-NS_SUM-2-11;two-tokens;CLS+MAX-NS;SUM-2-11;4,00;torch.Size([61, 1536]);12,00;0,00;batch-64-nhid-0-inlayer-12;NORMAL;82,16;65,75;92,77;87,32;88,03;96,00;67,48;82,79
2841;deberta-base;AVG+SUM_SUM-2-11;two-tokens;AVG+SUM;SUM-2-11;4,00;torch.Size([61, 1536]);12,00;0,00;batch-64-nhid-0-inlayer-12;NORMAL;85,42;88,66;94,61;89,63;89,84;94,60;70,96;87,67
2842;deberta-base;AVG+MAX_SUM-2-11;two-tokens;AVG+MAX;SUM-2-11;4,00;torch.Size([61, 1536]);12,00;0,00;batch-64-nhid-0-inlayer-12;NORMAL;84,71;87,20;94,20;88,94;90,88;95,20;68,87;87,14
2843;deberta-base;AVG+AVG-NS_SUM-2-11;two-tokens;AVG+AVG-NS;SUM-2-11;4,00;torch.Size([61, 1536]);12,00;0,00;batch-64-nhid-0-inlayer-12;NORMAL;86,01;88,82;94,93;89,55;91,82;94,00;75,25;88,63
2844;deberta-base;AVG+SUM-NS_SUM-2-11;two-tokens;AVG+SUM-NS;SUM-2-11;4,00;torch.Size([61, 1536]);12,00;0,00;batch-64-nhid-0-inlayer-12;NORMAL;85,54;88,32;94,66;89,56;89,95;94,60;70,32;87,56
2845;deberta-base;AVG+MAX-NS_SUM-2-11;two-tokens;AVG+MAX-NS;SUM-2-11;4,00;torch.Size([61, 1536]);12,00;0,00;batch-64-nhid-0-inlayer-12;NORMAL;84,09;66,20;94,33;86,77;90,33;94,80;68,46;83,57
2846;deberta-base;SUM+MAX_SUM-2-11;two-tokens;SUM+MAX;SUM-2-11;4,00;torch.Size([61, 1536]);12,00;0,00;batch-64-nhid-0-inlayer-12;NORMAL;85,63;88,80;94,60;89,39;90,44;93,80;71,42;87,73
2847;deberta-base;SUM+AVG-NS_SUM-2-11;two-tokens;SUM+AVG-NS;SUM-2-11;4,00;torch.Size([61, 1536]);12,00;0,00;batch-64-nhid-0-inlayer-12;NORMAL;85,58;88,64;94,53;89,20;90,39;94,80;70,96;87,73
2848;deberta-base;SUM+SUM-NS_SUM-2-11;two-tokens;SUM+SUM-NS;SUM-2-11;4,00;torch.Size([61, 1536]);12,00;0,00;batch-64-nhid-0-inlayer-12;NORMAL;85,58;88,34;94,56;89,52;90,33;94,60;71,48;87,77
2849;deberta-base;SUM+MAX-NS_SUM-2-11;two-tokens;SUM+MAX-NS;SUM-2-11;4,00;torch.Size([61, 1536]);12,00;0,00;batch-64-nhid-0-inlayer-12;NORMAL;85,58;84,66;94,69;88,46;90,61;94,00;71,19;87,03
2850;deberta-base;MAX+AVG-NS_SUM-2-11;two-tokens;MAX+AVG-NS;SUM-2-11;4,00;torch.Size([61, 1536]);12,00;0,00;batch-64-nhid-0-inlayer-12;NORMAL;84,58;87,05;94,14;88,83;90,83;94,80;69,04;87,04
2851;deberta-base;MAX+SUM-NS_SUM-2-11;two-tokens;MAX+SUM-NS;SUM-2-11;4,00;torch.Size([61, 1536]);12,00;0,00;batch-64-nhid-0-inlayer-12;NORMAL;85,43;88,53;94,69;89,30;90,50;94,60;70,32;87,62
2852;deberta-base;MAX+MAX-NS_SUM-2-11;two-tokens;MAX+MAX-NS;SUM-2-11;4,00;torch.Size([61, 1536]);12,00;0,00;batch-64-nhid-0-inlayer-12;NORMAL;81,96;65,59;92,16;74,59;88,19;95,20;68,35;80,86
2853;deberta-base;AVG-NS+SUM-NS_SUM-2-11;two-tokens;AVG-NS+SUM-NS;SUM-2-11;4,00;torch.Size([61, 1536]);12,00;0,00;batch-64-nhid-0-inlayer-12;NORMAL;85,61;88,16;94,71;89,00;90,55;94,20;70,09;87,47
2854;deberta-base;AVG-NS+MAX-NS_SUM-2-11;two-tokens;AVG-NS+MAX-NS;SUM-2-11;4,00;torch.Size([61, 1536]);12,00;0,00;batch-64-nhid-0-inlayer-12;NORMAL;84,22;66,28;94,28;84,36;90,72;95,40;68,93;83,46
2855;deberta-base;SUM-NS+MAX-NS_SUM-2-11;two-tokens;SUM-NS+MAX-NS;SUM-2-11;4,00;torch.Size([61, 1536]);12,00;0,00;batch-64-nhid-0-inlayer-12;NORMAL;85,47;82,22;94,69;86,38;90,39;94,40;70,43;86,28
2856;deberta-base;CLS+AVG_SUM-3-12;two-tokens;CLS+AVG;SUM-3-12;4,00;torch.Size([61, 1536]);12,00;0,00;batch-64-nhid-0-inlayer-12;NORMAL;86,48;89,72;95,60;90,21;91,60;95,40;73,91;88,99
2857;deberta-base;CLS+SUM_SUM-3-12;two-tokens;CLS+SUM;SUM-3-12;4,00;torch.Size([61, 1536]);12,00;0,00;batch-64-nhid-0-inlayer-12;NORMAL;85,86;89,35;94,97;89,74;90,23;95,60;71,48;88,18
2858;deberta-base;CLS+MAX_SUM-3-12;two-tokens;CLS+MAX;SUM-3-12;4,00;torch.Size([61, 1536]);12,00;0,00;batch-64-nhid-0-inlayer-12;NORMAL;82,66;85,30;92,91;88,89;88,41;94,20;67,65;85,72
2859;deberta-base;CLS+AVG-NS_SUM-3-12;two-tokens;CLS+AVG-NS;SUM-3-12;4,00;torch.Size([61, 1536]);12,00;0,00;batch-64-nhid-0-inlayer-12;NORMAL;86,47;89,64;95,60;90,45;92,09;96,20;73,28;89,10
2860;deberta-base;CLS+SUM-NS_SUM-3-12;two-tokens;CLS+SUM-NS;SUM-3-12;4,00;torch.Size([61, 1536]);12,00;0,00;batch-64-nhid-0-inlayer-12;NORMAL;86,04;88,95;94,95;89,48;90,33;94,60;70,67;87,86
2861;deberta-base;CLS+MAX-NS_SUM-3-12;two-tokens;CLS+MAX-NS;SUM-3-12;4,00;torch.Size([61, 1536]);12,00;0,00;batch-64-nhid-0-inlayer-12;NORMAL;82,31;66,83;93,15;76,58;89,07;94,60;68,06;81,51
2862;deberta-base;AVG+SUM_SUM-3-12;two-tokens;AVG+SUM;SUM-3-12;4,00;torch.Size([61, 1536]);12,00;0,00;batch-64-nhid-0-inlayer-12;NORMAL;85,86;89,32;95,17;89,90;89,90;95,00;70,78;87,99
2863;deberta-base;AVG+MAX_SUM-3-12;two-tokens;AVG+MAX;SUM-3-12;4,00;torch.Size([61, 1536]);12,00;0,00;batch-64-nhid-0-inlayer-12;NORMAL;84,76;88,10;94,49;89,07;91,32;94,60;68,81;87,31
2864;deberta-base;AVG+AVG-NS_SUM-3-12;two-tokens;AVG+AVG-NS;SUM-3-12;4,00;torch.Size([61, 1536]);12,00;0,00;batch-64-nhid-0-inlayer-12;NORMAL;86,28;89,64;95,36;90,12;91,87;95,40;73,68;88,91
2865;deberta-base;AVG+SUM-NS_SUM-3-12;two-tokens;AVG+SUM-NS;SUM-3-12;4,00;torch.Size([61, 1536]);12,00;0,00;batch-64-nhid-0-inlayer-12;NORMAL;85,90;89,25;95,11;89,64;90,23;95,20;70,90;88,03
2866;deberta-base;AVG+MAX-NS_SUM-3-12;two-tokens;AVG+MAX-NS;SUM-3-12;4,00;torch.Size([61, 1536]);12,00;0,00;batch-64-nhid-0-inlayer-12;NORMAL;84,81;66,06;94,53;76,12;91,38;94,60;67,94;82,21
2867;deberta-base;SUM+MAX_SUM-3-12;two-tokens;SUM+MAX;SUM-3-12;4,00;torch.Size([61, 1536]);12,00;0,00;batch-64-nhid-0-inlayer-12;NORMAL;86,01;89,16;95,05;89,69;90,61;95,20;70,67;88,06
2868;deberta-base;SUM+AVG-NS_SUM-3-12;two-tokens;SUM+AVG-NS;SUM-3-12;4,00;torch.Size([61, 1536]);12,00;0,00;batch-64-nhid-0-inlayer-12;NORMAL;86,00;89,24;95,04;89,79;90,61;95,60;70,14;88,06
2869;deberta-base;SUM+SUM-NS_SUM-3-12;two-tokens;SUM+SUM-NS;SUM-3-12;4,00;torch.Size([61, 1536]);12,00;0,00;batch-64-nhid-0-inlayer-12;NORMAL;85,77;89,22;95,02;89,45;90,39;95,80;70,78;88,06
2870;deberta-base;SUM+MAX-NS_SUM-3-12;two-tokens;SUM+MAX-NS;SUM-3-12;4,00;torch.Size([61, 1536]);12,00;0,00;batch-64-nhid-0-inlayer-12;NORMAL;85,82;83,76;95,09;83,53;90,72;95,60;70,78;86,47
2871;deberta-base;MAX+AVG-NS_SUM-3-12;two-tokens;MAX+AVG-NS;SUM-3-12;4,00;torch.Size([61, 1536]);12,00;0,00;batch-64-nhid-0-inlayer-12;NORMAL;84,92;88,08;94,41;89,09;90,72;94,60;68,12;87,13
2872;deberta-base;MAX+SUM-NS_SUM-3-12;two-tokens;MAX+SUM-NS;SUM-3-12;4,00;torch.Size([61, 1536]);12,00;0,00;batch-64-nhid-0-inlayer-12;NORMAL;85,69;88,85;94,86;89,49;90,44;95,20;70,55;87,87
2873;deberta-base;MAX+MAX-NS_SUM-3-12;two-tokens;MAX+MAX-NS;SUM-3-12;4,00;torch.Size([61, 1536]);12,00;0,00;batch-64-nhid-0-inlayer-12;NORMAL;82,17;65,69;92,92;86,84;88,85;95,00;67,48;82,71
2874;deberta-base;AVG-NS+SUM-NS_SUM-3-12;two-tokens;AVG-NS+SUM-NS;SUM-3-12;4,00;torch.Size([61, 1536]);12,00;0,00;batch-64-nhid-0-inlayer-12;NORMAL;85,97;89,04;94,93;89,78;90,28;95,20;70,55;87,96
2875;deberta-base;AVG-NS+MAX-NS_SUM-3-12;two-tokens;AVG-NS+MAX-NS;SUM-3-12;4,00;torch.Size([61, 1536]);12,00;0,00;batch-64-nhid-0-inlayer-12;NORMAL;84,60;66,04;94,60;88,59;90,61;94,80;68,93;84,02
2876;deberta-base;SUM-NS+MAX-NS_SUM-3-12;two-tokens;SUM-NS+MAX-NS;SUM-3-12;4,00;torch.Size([61, 1536]);12,00;0,00;batch-64-nhid-0-inlayer-12;NORMAL;85,81;81,64;95,04;86,10;90,94;95,20;70,49;86,46
2877;deberta-base;CLS+AVG_SUM-1-11;two-tokens;CLS+AVG;SUM-1-11;4,00;torch.Size([61, 1536]);12,00;0,00;batch-64-nhid-0-inlayer-12;NORMAL;85,83;89,59;95,16;90,27;91,49;95,00;74,20;88,79
2878;deberta-base;CLS+SUM_SUM-1-11;two-tokens;CLS+SUM;SUM-1-11;4,00;torch.Size([61, 1536]);12,00;0,00;batch-64-nhid-0-inlayer-12;NORMAL;85,54;88,51;94,55;89,47;90,44;95,20;70,96;87,81
2879;deberta-base;CLS+MAX_SUM-1-11;two-tokens;CLS+MAX;SUM-1-11;4,00;torch.Size([61, 1536]);12,00;0,00;batch-64-nhid-0-inlayer-12;NORMAL;81,50;84,23;92,58;88,66;87,53;95,00;67,01;85,22
2880;deberta-base;CLS+AVG-NS_SUM-1-11;two-tokens;CLS+AVG-NS;SUM-1-11;4,00;torch.Size([61, 1536]);12,00;0,00;batch-64-nhid-0-inlayer-12;NORMAL;85,85;89,27;95,13;89,91;91,71;95,00;74,96;88,83
2881;deberta-base;CLS+SUM-NS_SUM-1-11;two-tokens;CLS+SUM-NS;SUM-1-11;4,00;torch.Size([61, 1536]);12,00;0,00;batch-64-nhid-0-inlayer-12;NORMAL;85,55;88,42;94,68;89,58;90,44;94,20;71,01;87,70
2882;deberta-base;CLS+MAX-NS_SUM-1-11;two-tokens;CLS+MAX-NS;SUM-1-11;4,00;torch.Size([61, 1536]);12,00;0,00;batch-64-nhid-0-inlayer-12;NORMAL;81,56;67,36;92,34;81,99;86,99;95,60;67,01;81,84
2883;deberta-base;AVG+SUM_SUM-1-11;two-tokens;AVG+SUM;SUM-1-11;4,00;torch.Size([61, 1536]);12,00;0,00;batch-64-nhid-0-inlayer-12;NORMAL;85,44;88,40;94,54;89,47;90,61;94,80;70,26;87,65
2884;deberta-base;AVG+MAX_SUM-1-11;two-tokens;AVG+MAX;SUM-1-11;4,00;torch.Size([61, 1536]);12,00;0,00;batch-64-nhid-0-inlayer-12;NORMAL;84,32;86,94;93,91;88,78;90,88;94,40;67,30;86,65
2885;deberta-base;AVG+AVG-NS_SUM-1-11;two-tokens;AVG+AVG-NS;SUM-1-11;4,00;torch.Size([61, 1536]);12,00;0,00;batch-64-nhid-0-inlayer-12;NORMAL;85,67;88,61;94,94;89,33;91,49;94,20;74,67;88,42
2886;deberta-base;AVG+SUM-NS_SUM-1-11;two-tokens;AVG+SUM-NS;SUM-1-11;4,00;torch.Size([61, 1536]);12,00;0,00;batch-64-nhid-0-inlayer-12;NORMAL;85,51;88,21;94,75;89,37;90,17;94,40;69,80;87,46
2887;deberta-base;AVG+MAX-NS_SUM-1-11;two-tokens;AVG+MAX-NS;SUM-1-11;4,00;torch.Size([61, 1536]);12,00;0,00;batch-64-nhid-0-inlayer-12;NORMAL;84,25;66,17;93,90;72,82;90,77;95,00;68,52;81,63
2888;deberta-base;SUM+MAX_SUM-1-11;two-tokens;SUM+MAX;SUM-1-11;4,00;torch.Size([61, 1536]);12,00;0,00;batch-64-nhid-0-inlayer-12;NORMAL;85,47;88,80;94,61;89,19;90,50;94,80;70,55;87,70
2889;deberta-base;SUM+AVG-NS_SUM-1-11;two-tokens;SUM+AVG-NS;SUM-1-11;4,00;torch.Size([61, 1536]);12,00;0,00;batch-64-nhid-0-inlayer-12;NORMAL;85,53;88,48;94,57;89,22;90,94;94,20;70,20;87,59
2890;deberta-base;SUM+SUM-NS_SUM-1-11;two-tokens;SUM+SUM-NS;SUM-1-11;4,00;torch.Size([61, 1536]);12,00;0,00;batch-64-nhid-0-inlayer-12;NORMAL;85,45;88,05;94,58;89,56;90,39;95,00;71,36;87,77
2891;deberta-base;SUM+MAX-NS_SUM-1-11;two-tokens;SUM+MAX-NS;SUM-1-11;4,00;torch.Size([61, 1536]);12,00;0,00;batch-64-nhid-0-inlayer-12;NORMAL;85,50;82,25;94,53;84,13;90,55;94,60;71,42;86,14
2892;deberta-base;MAX+AVG-NS_SUM-1-11;two-tokens;MAX+AVG-NS;SUM-1-11;4,00;torch.Size([61, 1536]);12,00;0,00;batch-64-nhid-0-inlayer-12;NORMAL;84,29;86,83;94,05;87,89;90,77;95,40;68,58;86,83
2893;deberta-base;MAX+SUM-NS_SUM-1-11;two-tokens;MAX+SUM-NS;SUM-1-11;4,00;torch.Size([61, 1536]);12,00;0,00;batch-64-nhid-0-inlayer-12;NORMAL;85,29;88,21;94,69;88,98;90,72;94,20;70,96;87,58
2894;deberta-base;MAX+MAX-NS_SUM-1-11;two-tokens;MAX+MAX-NS;SUM-1-11;4,00;torch.Size([61, 1536]);12,00;0,00;batch-64-nhid-0-inlayer-12;NORMAL;81,45;67,23;92,01;88,62;87,20;95,80;67,36;82,81
2895;deberta-base;AVG-NS+SUM-NS_SUM-1-11;two-tokens;AVG-NS+SUM-NS;SUM-1-11;4,00;torch.Size([61, 1536]);12,00;0,00;batch-64-nhid-0-inlayer-12;NORMAL;85,52;88,24;94,72;89,04;90,94;94,20;70,38;87,58
2896;deberta-base;AVG-NS+MAX-NS_SUM-1-11;two-tokens;AVG-NS+MAX-NS;SUM-1-11;4,00;torch.Size([61, 1536]);12,00;0,00;batch-64-nhid-0-inlayer-12;NORMAL;84,10;66,17;93,93;72,60;90,50;94,80;68,46;81,51
2897;deberta-base;SUM-NS+MAX-NS_SUM-1-11;two-tokens;SUM-NS+MAX-NS;SUM-1-11;4,00;torch.Size([61, 1536]);12,00;0,00;batch-64-nhid-0-inlayer-12;NORMAL;85,32;81,64;94,60;89,77;90,61;94,00;70,61;86,65
2898;deberta-base;CLS+AVG_SUM-2-12;two-tokens;CLS+AVG;SUM-2-12;4,00;torch.Size([61, 1536]);12,00;0,00;batch-64-nhid-0-inlayer-12;NORMAL;86,37;89,86;95,49;90,23;91,76;95,20;73,91;88,97
2899;deberta-base;CLS+SUM_SUM-2-12;two-tokens;CLS+SUM;SUM-2-12;4,00;torch.Size([61, 1536]);12,00;0,00;batch-64-nhid-0-inlayer-12;NORMAL;85,89;89,03;94,98;89,67;90,12;95,60;70,67;87,99
2900;deberta-base;CLS+MAX_SUM-2-12;two-tokens;CLS+MAX;SUM-2-12;4,00;torch.Size([61, 1536]);12,00;0,00;batch-64-nhid-0-inlayer-12;NORMAL;82,32;84,34;93,03;89,02;88,08;94,60;68,35;85,68
2901;deberta-base;CLS+AVG-NS_SUM-2-12;two-tokens;CLS+AVG-NS;SUM-2-12;4,00;torch.Size([61, 1536]);12,00;0,00;batch-64-nhid-0-inlayer-12;NORMAL;86,48;89,70;95,45;90,18;92,04;95,60;72,75;88,89
2902;deberta-base;CLS+SUM-NS_SUM-2-12;two-tokens;CLS+SUM-NS;SUM-2-12;4,00;torch.Size([61, 1536]);12,00;0,00;batch-64-nhid-0-inlayer-12;NORMAL;85,71;89,30;94,85;89,54;90,72;95,00;70,55;87,95
2903;deberta-base;CLS+MAX-NS_SUM-2-12;two-tokens;CLS+MAX-NS;SUM-2-12;4,00;torch.Size([61, 1536]);12,00;0,00;batch-64-nhid-0-inlayer-12;NORMAL;82,25;65,59;93,00;72,93;88,14;95,20;68,17;80,75
2904;deberta-base;AVG+SUM_SUM-2-12;two-tokens;AVG+SUM;SUM-2-12;4,00;torch.Size([61, 1536]);12,00;0,00;batch-64-nhid-0-inlayer-12;NORMAL;85,92;89,08;94,98;89,77;90,33;94,60;70,49;87,88
2905;deberta-base;AVG+MAX_SUM-2-12;two-tokens;AVG+MAX;SUM-2-12;4,00;torch.Size([61, 1536]);12,00;0,00;batch-64-nhid-0-inlayer-12;NORMAL;84,57;87,81;94,12;89,06;91,38;95,20;67,71;87,12
2906;deberta-base;AVG+AVG-NS_SUM-2-12;two-tokens;AVG+AVG-NS;SUM-2-12;4,00;torch.Size([61, 1536]);12,00;0,00;batch-64-nhid-0-inlayer-12;NORMAL;86,24;89,30;95,10;89,99;92,04;95,60;74,09;88,91
2907;deberta-base;AVG+SUM-NS_SUM-2-12;two-tokens;AVG+SUM-NS;SUM-2-12;4,00;torch.Size([61, 1536]);12,00;0,00;batch-64-nhid-0-inlayer-12;NORMAL;85,58;88,72;94,84;89,69;90,12;95,20;71,01;87,88
2908;deberta-base;AVG+MAX-NS_SUM-2-12;two-tokens;AVG+MAX-NS;SUM-2-12;4,00;torch.Size([61, 1536]);12,00;0,00;batch-64-nhid-0-inlayer-12;NORMAL;84,82;67,76;94,30;72,93;90,99;95,40;68,75;82,14
2909;deberta-base;SUM+MAX_SUM-2-12;two-tokens;SUM+MAX;SUM-2-12;4,00;torch.Size([61, 1536]);12,00;0,00;batch-64-nhid-0-inlayer-12;NORMAL;85,79;88,98;94,96;89,52;90,61;95,40;71,65;88,13
2910;deberta-base;SUM+AVG-NS_SUM-2-12;two-tokens;SUM+AVG-NS;SUM-2-12;4,00;torch.Size([61, 1536]);12,00;0,00;batch-64-nhid-0-inlayer-12;NORMAL;85,92;89,14;94,91;89,73;90,61;95,20;70,49;88,00
2911;deberta-base;SUM+SUM-NS_SUM-2-12;two-tokens;SUM+SUM-NS;SUM-2-12;4,00;torch.Size([61, 1536]);12,00;0,00;batch-64-nhid-0-inlayer-12;NORMAL;85,61;89,17;94,91;89,56;90,23;94,80;71,30;87,94
2912;deberta-base;SUM+MAX-NS_SUM-2-12;two-tokens;SUM+MAX-NS;SUM-2-12;4,00;torch.Size([61, 1536]);12,00;0,00;batch-64-nhid-0-inlayer-12;NORMAL;86,02;82,62;95,08;81,11;90,94;94,80;71,07;85,95
2913;deberta-base;MAX+AVG-NS_SUM-2-12;two-tokens;MAX+AVG-NS;SUM-2-12;4,00;torch.Size([61, 1536]);12,00;0,00;batch-64-nhid-0-inlayer-12;NORMAL;84,58;87,76;94,49;88,89;90,94;95,60;68,23;87,21
2914;deberta-base;MAX+SUM-NS_SUM-2-12;two-tokens;MAX+SUM-NS;SUM-2-12;4,00;torch.Size([61, 1536]);12,00;0,00;batch-64-nhid-0-inlayer-12;NORMAL;85,56;89,38;95,05;89,59;90,23;94,60;70,84;87,89
2915;deberta-base;MAX+MAX-NS_SUM-2-12;two-tokens;MAX+MAX-NS;SUM-2-12;4,00;torch.Size([61, 1536]);12,00;0,00;batch-64-nhid-0-inlayer-12;NORMAL;82,08;66,06;92,91;85,56;87,97;95,20;68,52;82,61
2916;deberta-base;AVG-NS+SUM-NS_SUM-2-12;two-tokens;AVG-NS+SUM-NS;SUM-2-12;4,00;torch.Size([61, 1536]);12,00;0,00;batch-64-nhid-0-inlayer-12;NORMAL;85,58;89,14;94,85;89,60;90,61;95,40;70,55;87,96
2917;deberta-base;AVG-NS+MAX-NS_SUM-2-12;two-tokens;AVG-NS+MAX-NS;SUM-2-12;4,00;torch.Size([61, 1536]);12,00;0,00;batch-64-nhid-0-inlayer-12;NORMAL;84,52;67,26;94,45;72,79;90,72;95,00;68,12;81,84
2918;deberta-base;SUM-NS+MAX-NS_SUM-2-12;two-tokens;SUM-NS+MAX-NS;SUM-2-12;4,00;torch.Size([61, 1536]);12,00;0,00;batch-64-nhid-0-inlayer-12;NORMAL;85,65;82,20;95,04;75,31;90,55;95,00;70,14;84,84
2919;deberta-base;CLS+AVG_SUM-1-12;two-tokens;CLS+AVG;SUM-1-12;4,00;torch.Size([61, 1536]);12,00;0,00;batch-64-nhid-0-inlayer-12;NORMAL;86,24;89,78;95,48;90,30;91,49;95,80;72,99;88,87
2920;deberta-base;CLS+SUM_SUM-1-12;two-tokens;CLS+SUM;SUM-1-12;4,00;torch.Size([61, 1536]);12,00;0,00;batch-64-nhid-0-inlayer-12;NORMAL;85,58;88,72;94,91;89,48;90,50;94,40;70,49;87,73
2921;deberta-base;CLS+MAX_SUM-1-12;two-tokens;CLS+MAX;SUM-1-12;4,00;torch.Size([61, 1536]);12,00;0,00;batch-64-nhid-0-inlayer-12;NORMAL;81,95;84,95;92,83;88,68;87,64;93,60;67,48;85,30
2922;deberta-base;CLS+AVG-NS_SUM-1-12;two-tokens;CLS+AVG-NS;SUM-1-12;4,00;torch.Size([61, 1536]);12,00;0,00;batch-64-nhid-0-inlayer-12;NORMAL;86,30;89,51;95,35;90,06;92,15;95,20;73,28;88,84
2923;deberta-base;CLS+SUM-NS_SUM-1-12;two-tokens;CLS+SUM-NS;SUM-1-12;4,00;torch.Size([61, 1536]);12,00;0,00;batch-64-nhid-0-inlayer-12;NORMAL;85,54;89,22;95,00;89,52;90,94;94,80;70,72;87,96
2924;deberta-base;CLS+MAX-NS_SUM-1-12;two-tokens;CLS+MAX-NS;SUM-1-12;4,00;torch.Size([61, 1536]);12,00;0,00;batch-64-nhid-0-inlayer-12;NORMAL;82,01;65,61;92,57;88,47;87,92;94,80;68,58;82,85
2925;deberta-base;AVG+SUM_SUM-1-12;two-tokens;AVG+SUM;SUM-1-12;4,00;torch.Size([61, 1536]);12,00;0,00;batch-64-nhid-0-inlayer-12;NORMAL;85,61;89,14;94,99;89,70;90,44;94,20;71,01;87,87
2926;deberta-base;AVG+MAX_SUM-1-12;two-tokens;AVG+MAX;SUM-1-12;4,00;torch.Size([61, 1536]);12,00;0,00;batch-64-nhid-0-inlayer-12;NORMAL;84,34;86,99;93,94;88,72;91,21;94,80;69,10;87,01
2927;deberta-base;AVG+AVG-NS_SUM-1-12;two-tokens;AVG+AVG-NS;SUM-1-12;4,00;torch.Size([61, 1536]);12,00;0,00;batch-64-nhid-0-inlayer-12;NORMAL;85,96;89,17;95,13;89,75;91,60;95,20;73,74;88,65
2928;deberta-base;AVG+SUM-NS_SUM-1-12;two-tokens;AVG+SUM-NS;SUM-1-12;4,00;torch.Size([61, 1536]);12,00;0,00;batch-64-nhid-0-inlayer-12;NORMAL;85,47;88,85;94,97;89,59;90,50;94,80;70,67;87,84
2929;deberta-base;AVG+MAX-NS_SUM-1-12;two-tokens;AVG+MAX-NS;SUM-1-12;4,00;torch.Size([61, 1536]);12,00;0,00;batch-64-nhid-0-inlayer-12;NORMAL;84,55;66,14;94,19;90,03;91,16;95,00;68,58;84,24
2930;deberta-base;SUM+MAX_SUM-1-12;two-tokens;SUM+MAX;SUM-1-12;4,00;torch.Size([61, 1536]);12,00;0,00;batch-64-nhid-0-inlayer-12;NORMAL;85,54;88,93;95,06;89,39;90,44;95,40;70,38;87,88
2931;deberta-base;SUM+AVG-NS_SUM-1-12;two-tokens;SUM+AVG-NS;SUM-1-12;4,00;torch.Size([61, 1536]);12,00;0,00;batch-64-nhid-0-inlayer-12;NORMAL;85,57;88,90;94,96;89,67;91,05;95,20;71,01;88,05
2932;deberta-base;SUM+SUM-NS_SUM-1-12;two-tokens;SUM+SUM-NS;SUM-1-12;4,00;torch.Size([61, 1536]);12,00;0,00;batch-64-nhid-0-inlayer-12;NORMAL;85,51;89,11;94,89;89,55;90,50;95,40;70,32;87,90
2933;deberta-base;SUM+MAX-NS_SUM-1-12;two-tokens;SUM+MAX-NS;SUM-1-12;4,00;torch.Size([61, 1536]);12,00;0,00;batch-64-nhid-0-inlayer-12;NORMAL;85,52;83,68;94,98;85,65;90,88;95,00;70,43;86,59
2934;deberta-base;MAX+AVG-NS_SUM-1-12;two-tokens;MAX+AVG-NS;SUM-1-12;4,00;torch.Size([61, 1536]);12,00;0,00;batch-64-nhid-0-inlayer-12;NORMAL;84,46;87,44;94,18;88,27;90,72;95,40;69,22;87,10
2935;deberta-base;MAX+SUM-NS_SUM-1-12;two-tokens;MAX+SUM-NS;SUM-1-12;4,00;torch.Size([61, 1536]);12,00;0,00;batch-64-nhid-0-inlayer-12;NORMAL;85,39;89,14;94,96;89,18;90,39;95,00;70,96;87,86
2936;deberta-base;MAX+MAX-NS_SUM-1-12;two-tokens;MAX+MAX-NS;SUM-1-12;4,00;torch.Size([61, 1536]);12,00;0,00;batch-64-nhid-0-inlayer-12;NORMAL;81,75;66,57;92,74;88,42;88,30;95,00;67,19;82,85
2937;deberta-base;AVG-NS+SUM-NS_SUM-1-12;two-tokens;AVG-NS+SUM-NS;SUM-1-12;4,00;torch.Size([61, 1536]);12,00;0,00;batch-64-nhid-0-inlayer-12;NORMAL;85,48;88,61;94,99;89,58;91,21;95,00;70,72;87,94
2938;deberta-base;AVG-NS+MAX-NS_SUM-1-12;two-tokens;AVG-NS+MAX-NS;SUM-1-12;4,00;torch.Size([61, 1536]);12,00;0,00;batch-64-nhid-0-inlayer-12;NORMAL;84,64;67,76;94,18;80,01;90,99;95,60;69,04;83,17
2939;deberta-base;SUM-NS+MAX-NS_SUM-1-12;two-tokens;SUM-NS+MAX-NS;SUM-1-12;4,00;torch.Size([61, 1536]);12,00;0,00;batch-64-nhid-0-inlayer-12;NORMAL;85,27;81,61;94,96;77,86;90,94;94,80;70,09;85,08
