,model,pooling,type_pooling,agg,layer,epochs,out_vec_size,qtd_layers,nhid,params,best_layers,MR,CR,SUBJ,MPQA,SST2,TREC,MRPC,avg_tasks
0,allmpnet,CLS_LYR-1,simple,CLS,LYR-1,4,"torch.Size([61, 768])",12,0,batch-64-nhid-0-inlayer-0,NORMAL,62.45,63.76,84.39,68.77,68.15,43.4,66.49,65.3442857142857
1,allmpnet,AVG_LYR-1,simple,AVG,LYR-1,4,"torch.Size([61, 768])",12,0,batch-64-nhid-0-inlayer-0,NORMAL,77.43,81.56,93.33,89.48,83.31,90.2,73.45,84.10857142857144
2,allmpnet,SUM_LYR-1,simple,SUM,LYR-1,4,"torch.Size([61, 768])",12,0,batch-64-nhid-0-inlayer-0,NORMAL,76.76,81.09,92.97,89.25,82.48,86.6,68.41,82.50857142857144
3,allmpnet,MAX_LYR-1,simple,MAX,LYR-1,4,"torch.Size([61, 768])",12,0,batch-64-nhid-0-inlayer-0,NORMAL,71.5,78.6,89.79,88.48,75.62,86.8,70.9,80.24142857142859
4,allmpnet,AVG-NS_LYR-1,simple-ns,AVG-NS,LYR-1,4,"torch.Size([61, 768])",12,0,batch-64-nhid-0-inlayer-0,NORMAL,76.97,80.77,92.27,88.39,82.21,82.0,73.04,82.23571428571428
5,allmpnet,SUM-NS_LYR-1,simple-ns,SUM-NS,LYR-1,4,"torch.Size([61, 768])",12,0,batch-64-nhid-0-inlayer-0,NORMAL,76.51,79.0,91.83,87.75,81.33,79.8,64.58,80.11428571428571
6,allmpnet,MAX-NS_LYR-1,simple-ns,MAX-NS,LYR-1,4,"torch.Size([61, 768])",12,0,batch-64-nhid-0-inlayer-0,NORMAL,71.68,62.62,88.68,68.73,54.7,80.0,72.52,71.27571428571429
7,allmpnet,CLS_LYR-2,simple,CLS,LYR-2,4,"torch.Size([61, 768])",12,0,batch-64-nhid-0-inlayer-0,NORMAL,64.87,63.76,85.53,70.81,69.03,42.0,66.49,66.07000000000001
8,allmpnet,AVG_LYR-2,simple,AVG,LYR-2,4,"torch.Size([61, 768])",12,0,batch-64-nhid-0-inlayer-0,NORMAL,79.48,85.33,93.99,90.22,84.13,90.6,75.3,85.57857142857142
9,allmpnet,SUM_LYR-2,simple,SUM,LYR-2,4,"torch.Size([61, 768])",12,0,batch-64-nhid-0-inlayer-0,NORMAL,78.61,83.84,93.73,89.52,83.96,90.0,71.48,84.44857142857143
10,allmpnet,MAX_LYR-2,simple,MAX,LYR-2,4,"torch.Size([61, 768])",12,0,batch-64-nhid-0-inlayer-0,NORMAL,74.87,79.89,91.58,88.34,78.91,90.4,72.87,82.40857142857142
11,allmpnet,AVG-NS_LYR-2,simple-ns,AVG-NS,LYR-2,4,"torch.Size([61, 768])",12,0,batch-64-nhid-0-inlayer-0,NORMAL,78.22,82.01,93.16,89.43,83.58,85.0,73.57,83.56714285714285
12,allmpnet,SUM-NS_LYR-2,simple-ns,SUM-NS,LYR-2,4,"torch.Size([61, 768])",12,0,batch-64-nhid-0-inlayer-0,NORMAL,77.34,81.61,93.18,88.81,82.98,85.4,67.54,82.40857142857143
13,allmpnet,MAX-NS_LYR-2,simple-ns,MAX-NS,LYR-2,4,"torch.Size([61, 768])",12,0,batch-64-nhid-0-inlayer-0,NORMAL,74.61,62.54,90.67,68.62,53.32,84.4,74.26,72.63142857142857
14,allmpnet,CLS_LYR-3,simple,CLS,LYR-3,4,"torch.Size([61, 768])",12,0,batch-64-nhid-0-inlayer-0,NORMAL,73.13,75.47,89.43,83.38,79.35,76.2,71.48,78.34857142857142
15,allmpnet,AVG_LYR-3,simple,AVG,LYR-3,4,"torch.Size([61, 768])",12,0,batch-64-nhid-0-inlayer-0,NORMAL,80.83,85.54,94.65,90.07,85.5,91.8,74.55,86.13428571428571
16,allmpnet,SUM_LYR-3,simple,SUM,LYR-3,4,"torch.Size([61, 768])",12,0,batch-64-nhid-0-inlayer-0,NORMAL,79.12,84.0,94.28,89.6,84.18,91.2,69.97,84.62142857142858
17,allmpnet,MAX_LYR-3,simple,MAX,LYR-3,4,"torch.Size([61, 768])",12,0,batch-64-nhid-0-inlayer-0,NORMAL,77.1,81.88,92.77,88.8,82.15,91.6,72.17,83.78142857142858
18,allmpnet,AVG-NS_LYR-3,simple-ns,AVG-NS,LYR-3,4,"torch.Size([61, 768])",12,0,batch-64-nhid-0-inlayer-0,NORMAL,79.25,83.39,94.1,89.42,84.73,88.4,71.77,84.43714285714286
19,allmpnet,SUM-NS_LYR-3,simple-ns,SUM-NS,LYR-3,4,"torch.Size([61, 768])",12,0,batch-64-nhid-0-inlayer-0,NORMAL,78.57,82.81,93.85,88.92,84.07,87.2,67.54,83.27999999999999
20,allmpnet,MAX-NS_LYR-3,simple-ns,MAX-NS,LYR-3,4,"torch.Size([61, 768])",12,0,batch-64-nhid-0-inlayer-0,NORMAL,76.32,63.18,92.25,68.7,60.52,87.0,73.57,74.50571428571428
21,allmpnet,CLS_LYR-4,simple,CLS,LYR-4,4,"torch.Size([61, 768])",12,0,batch-64-nhid-0-inlayer-0,NORMAL,75.44,76.9,91.84,86.78,81.66,83.6,68.17,80.62714285714286
22,allmpnet,AVG_LYR-4,simple,AVG,LYR-4,4,"torch.Size([61, 768])",12,0,batch-64-nhid-0-inlayer-0,NORMAL,81.41,87.23,95.35,90.4,85.78,92.8,75.07,86.86285714285714
23,allmpnet,SUM_LYR-4,simple,SUM,LYR-4,4,"torch.Size([61, 768])",12,0,batch-64-nhid-0-inlayer-0,NORMAL,80.4,86.17,94.6,89.35,85.39,94.0,70.03,85.70571428571428
24,allmpnet,MAX_LYR-4,simple,MAX,LYR-4,4,"torch.Size([61, 768])",12,0,batch-64-nhid-0-inlayer-0,NORMAL,78.68,84.45,93.4,89.38,82.92,91.0,73.51,84.76285714285713
25,allmpnet,AVG-NS_LYR-4,simple-ns,AVG-NS,LYR-4,4,"torch.Size([61, 768])",12,0,batch-64-nhid-0-inlayer-0,NORMAL,80.79,85.62,94.74,89.61,85.5,88.4,72.75,85.34428571428573
26,allmpnet,SUM-NS_LYR-4,simple-ns,SUM-NS,LYR-4,4,"torch.Size([61, 768])",12,0,batch-64-nhid-0-inlayer-0,NORMAL,79.31,84.19,94.52,88.89,84.13,91.2,64.46,83.81428571428572
27,allmpnet,MAX-NS_LYR-4,simple-ns,MAX-NS,LYR-4,4,"torch.Size([61, 768])",12,0,batch-64-nhid-0-inlayer-0,NORMAL,78.18,62.65,93.01,68.73,65.68,89.6,75.01,76.12285714285714
28,allmpnet,CLS_LYR-5,simple,CLS,LYR-5,4,"torch.Size([61, 768])",12,0,batch-64-nhid-0-inlayer-0,NORMAL,79.35,84.19,94.5,87.41,84.29,85.6,70.61,83.70714285714284
29,allmpnet,AVG_LYR-5,simple,AVG,LYR-5,4,"torch.Size([61, 768])",12,0,batch-64-nhid-0-inlayer-0,NORMAL,84.48,89.59,95.46,90.9,88.36,94.4,77.1,88.61285714285714
30,allmpnet,SUM_LYR-5,simple,SUM,LYR-5,4,"torch.Size([61, 768])",12,0,batch-64-nhid-0-inlayer-0,NORMAL,83.28,89.11,95.38,90.48,87.48,94.4,73.68,87.68714285714285
31,allmpnet,MAX_LYR-5,simple,MAX,LYR-5,4,"torch.Size([61, 768])",12,0,batch-64-nhid-0-inlayer-0,NORMAL,80.87,86.44,94.11,89.66,85.67,93.4,76.29,86.63428571428572
32,allmpnet,AVG-NS_LYR-5,simple-ns,AVG-NS,LYR-5,4,"torch.Size([61, 768])",12,0,batch-64-nhid-0-inlayer-0,NORMAL,83.2,87.63,95.29,90.12,87.64,91.8,74.09,87.11
33,allmpnet,SUM-NS_LYR-5,simple-ns,SUM-NS,LYR-5,4,"torch.Size([61, 768])",12,0,batch-64-nhid-0-inlayer-0,NORMAL,82.1,87.36,94.73,89.92,86.77,91.6,69.57,86.00714285714285
34,allmpnet,MAX-NS_LYR-5,simple-ns,MAX-NS,LYR-5,4,"torch.Size([61, 768])",12,0,batch-64-nhid-0-inlayer-0,NORMAL,80.11,64.45,93.91,68.7,66.89,90.2,75.13,77.05571428571429
35,allmpnet,CLS_LYR-6,simple,CLS,LYR-6,4,"torch.Size([61, 768])",12,0,batch-64-nhid-0-inlayer-0,NORMAL,81.82,88.32,94.37,68.79,86.44,46.2,69.97,76.55857142857143
36,allmpnet,AVG_LYR-6,simple,AVG,LYR-6,4,"torch.Size([61, 768])",12,0,batch-64-nhid-0-inlayer-0,NORMAL,85.33,90.81,95.88,90.92,90.5,94.4,76.0,89.12
37,allmpnet,SUM_LYR-6,simple,SUM,LYR-6,4,"torch.Size([61, 768])",12,0,batch-64-nhid-0-inlayer-0,NORMAL,83.82,89.75,95.46,90.56,89.73,94.8,73.86,88.28285714285714
38,allmpnet,MAX_LYR-6,simple,MAX,LYR-6,4,"torch.Size([61, 768])",12,0,batch-64-nhid-0-inlayer-0,NORMAL,82.2,88.82,94.49,89.93,88.58,93.0,74.72,87.39142857142858
39,allmpnet,AVG-NS_LYR-6,simple-ns,AVG-NS,LYR-6,4,"torch.Size([61, 768])",12,0,batch-64-nhid-0-inlayer-0,NORMAL,84.44,89.56,95.65,90.23,89.29,92.0,73.86,87.86142857142859
40,allmpnet,SUM-NS_LYR-6,simple-ns,SUM-NS,LYR-6,4,"torch.Size([61, 768])",12,0,batch-64-nhid-0-inlayer-0,NORMAL,82.82,89.27,95.15,89.88,88.8,90.8,70.43,86.7357142857143
41,allmpnet,MAX-NS_LYR-6,simple-ns,MAX-NS,LYR-6,4,"torch.Size([61, 768])",12,0,batch-64-nhid-0-inlayer-0,NORMAL,81.44,62.07,94.14,68.71,68.86,88.8,74.78,76.97142857142856
42,allmpnet,CLS_LYR-7,simple,CLS,LYR-7,4,"torch.Size([61, 768])",12,0,batch-64-nhid-0-inlayer-0,NORMAL,82.55,89.46,94.04,68.75,88.8,43.2,70.26,76.72285714285715
43,allmpnet,AVG_LYR-7,simple,AVG,LYR-7,4,"torch.Size([61, 768])",12,0,batch-64-nhid-0-inlayer-0,NORMAL,86.29,91.76,95.95,90.82,91.05,95.4,76.0,89.61
44,allmpnet,SUM_LYR-7,simple,SUM,LYR-7,4,"torch.Size([61, 768])",12,0,batch-64-nhid-0-inlayer-0,NORMAL,84.96,91.07,95.65,90.29,90.5,94.4,70.9,88.25285714285714
45,allmpnet,MAX_LYR-7,simple,MAX,LYR-7,4,"torch.Size([61, 768])",12,0,batch-64-nhid-0-inlayer-0,NORMAL,83.71,89.8,94.25,89.76,89.02,94.4,75.71,88.09285714285714
46,allmpnet,AVG-NS_LYR-7,simple-ns,AVG-NS,LYR-7,4,"torch.Size([61, 768])",12,0,batch-64-nhid-0-inlayer-0,NORMAL,85.35,90.28,95.68,90.37,90.33,92.4,73.45,88.26571428571428
47,allmpnet,SUM-NS_LYR-7,simple-ns,SUM-NS,LYR-7,4,"torch.Size([61, 768])",12,0,batch-64-nhid-0-inlayer-0,NORMAL,83.76,90.2,95.35,89.95,89.68,92.6,72.23,87.68142857142857
48,allmpnet,MAX-NS_LYR-7,simple-ns,MAX-NS,LYR-7,4,"torch.Size([61, 768])",12,0,batch-64-nhid-0-inlayer-0,NORMAL,82.8,64.19,94.03,68.73,72.21,90.0,74.49,78.0642857142857
49,allmpnet,CLS_LYR-8,simple,CLS,LYR-8,4,"torch.Size([61, 768])",12,0,batch-64-nhid-0-inlayer-0,NORMAL,83.31,89.3,94.05,84.4,87.04,70.6,68.87,82.51
50,allmpnet,AVG_LYR-8,simple,AVG,LYR-8,4,"torch.Size([61, 768])",12,0,batch-64-nhid-0-inlayer-0,NORMAL,86.4,91.6,95.69,90.82,91.16,93.8,75.71,89.31142857142856
51,allmpnet,SUM_LYR-8,simple,SUM,LYR-8,4,"torch.Size([61, 768])",12,0,batch-64-nhid-0-inlayer-0,NORMAL,85.07,90.49,95.16,90.15,90.12,95.6,73.74,88.61857142857143
52,allmpnet,MAX_LYR-8,simple,MAX,LYR-8,4,"torch.Size([61, 768])",12,0,batch-64-nhid-0-inlayer-0,NORMAL,84.63,90.17,94.72,89.76,89.84,92.2,74.14,87.92285714285715
53,allmpnet,AVG-NS_LYR-8,simple-ns,AVG-NS,LYR-8,4,"torch.Size([61, 768])",12,0,batch-64-nhid-0-inlayer-0,NORMAL,85.71,90.52,95.44,90.26,90.55,92.0,73.86,88.33428571428571
54,allmpnet,SUM-NS_LYR-8,simple-ns,SUM-NS,LYR-8,4,"torch.Size([61, 768])",12,0,batch-64-nhid-0-inlayer-0,NORMAL,84.63,90.12,95.16,89.61,89.68,92.6,70.96,87.53714285714285
55,allmpnet,MAX-NS_LYR-8,simple-ns,MAX-NS,LYR-8,4,"torch.Size([61, 768])",12,0,batch-64-nhid-0-inlayer-0,NORMAL,84.43,64.06,94.36,68.56,75.12,88.6,73.33,78.35142857142857
56,allmpnet,CLS_LYR-9,simple,CLS,LYR-9,4,"torch.Size([61, 768])",12,0,batch-64-nhid-0-inlayer-0,NORMAL,82.4,85.46,91.81,79.19,86.44,74.6,66.32,80.88857142857144
57,allmpnet,AVG_LYR-9,simple,AVG,LYR-9,4,"torch.Size([61, 768])",12,0,batch-64-nhid-0-inlayer-0,NORMAL,86.57,91.31,95.4,90.19,91.1,96.2,75.71,89.49714285714286
58,allmpnet,SUM_LYR-9,simple,SUM,LYR-9,4,"torch.Size([61, 768])",12,0,batch-64-nhid-0-inlayer-0,NORMAL,85.12,90.81,95.26,89.97,90.39,95.6,72.87,88.57428571428571
59,allmpnet,MAX_LYR-9,simple,MAX,LYR-9,4,"torch.Size([61, 768])",12,0,batch-64-nhid-0-inlayer-0,NORMAL,84.51,89.8,94.81,89.63,90.44,96.0,74.32,88.50142857142858
60,allmpnet,AVG-NS_LYR-9,simple-ns,AVG-NS,LYR-9,4,"torch.Size([61, 768])",12,0,batch-64-nhid-0-inlayer-0,NORMAL,85.74,90.52,95.16,89.87,90.72,92.6,73.8,88.3442857142857
61,allmpnet,SUM-NS_LYR-9,simple-ns,SUM-NS,LYR-9,4,"torch.Size([61, 768])",12,0,batch-64-nhid-0-inlayer-0,NORMAL,84.9,90.25,94.93,89.47,89.73,93.8,70.03,87.58714285714287
62,allmpnet,MAX-NS_LYR-9,simple-ns,MAX-NS,LYR-9,4,"torch.Size([61, 768])",12,0,batch-64-nhid-0-inlayer-0,NORMAL,84.26,69.69,93.85,68.54,77.32,92.0,73.28,79.84857142857142
63,allmpnet,CLS_LYR-10,simple,CLS,LYR-10,4,"torch.Size([61, 768])",12,0,batch-64-nhid-0-inlayer-0,NORMAL,77.35,63.82,81.51,68.77,84.51,47.6,66.2,69.96571428571428
64,allmpnet,AVG_LYR-10,simple,AVG,LYR-10,4,"torch.Size([61, 768])",12,0,batch-64-nhid-0-inlayer-0,NORMAL,86.64,90.41,95.47,90.34,90.55,96.4,76.81,89.51714285714287
65,allmpnet,SUM_LYR-10,simple,SUM,LYR-10,4,"torch.Size([61, 768])",12,0,batch-64-nhid-0-inlayer-0,NORMAL,84.81,90.38,94.93,89.69,90.61,96.6,71.59,88.37285714285714
66,allmpnet,MAX_LYR-10,simple,MAX,LYR-10,4,"torch.Size([61, 768])",12,0,batch-64-nhid-0-inlayer-0,NORMAL,85.12,88.24,94.47,89.4,89.9,95.6,75.59,88.33142857142857
67,allmpnet,AVG-NS_LYR-10,simple-ns,AVG-NS,LYR-10,4,"torch.Size([61, 768])",12,0,batch-64-nhid-0-inlayer-0,NORMAL,85.74,89.64,94.9,89.81,90.39,91.8,75.25,88.21857142857142
68,allmpnet,SUM-NS_LYR-10,simple-ns,SUM-NS,LYR-10,4,"torch.Size([61, 768])",12,0,batch-64-nhid-0-inlayer-0,NORMAL,84.11,89.64,94.73,89.31,89.9,91.4,68.46,86.79285714285716
69,allmpnet,MAX-NS_LYR-10,simple-ns,MAX-NS,LYR-10,4,"torch.Size([61, 768])",12,0,batch-64-nhid-0-inlayer-0,NORMAL,83.87,69.56,93.62,68.56,79.08,90.2,73.8,79.81285714285714
70,allmpnet,CLS_LYR-11,simple,CLS,LYR-11,4,"torch.Size([61, 768])",12,0,batch-64-nhid-0-inlayer-0,NORMAL,79.22,77.96,87.59,82.36,84.07,89.4,69.04,81.37714285714286
71,allmpnet,AVG_LYR-11,simple,AVG,LYR-11,4,"torch.Size([61, 768])",12,0,batch-64-nhid-0-inlayer-0,NORMAL,85.83,89.88,94.89,90.09,89.51,96.6,76.06,88.97999999999999
72,allmpnet,SUM_LYR-11,simple,SUM,LYR-11,4,"torch.Size([61, 768])",12,0,batch-64-nhid-0-inlayer-0,NORMAL,84.35,90.14,94.58,89.69,89.95,94.8,69.68,87.59857142857143
73,allmpnet,MAX_LYR-11,simple,MAX,LYR-11,4,"torch.Size([61, 768])",12,0,batch-64-nhid-0-inlayer-0,NORMAL,84.11,86.78,93.86,89.2,88.47,95.8,75.07,87.61285714285714
74,allmpnet,AVG-NS_LYR-11,simple-ns,AVG-NS,LYR-11,4,"torch.Size([61, 768])",12,0,batch-64-nhid-0-inlayer-0,NORMAL,85.38,88.77,94.64,89.86,89.51,92.2,74.67,87.86142857142856
75,allmpnet,SUM-NS_LYR-11,simple-ns,SUM-NS,LYR-11,4,"torch.Size([61, 768])",12,0,batch-64-nhid-0-inlayer-0,NORMAL,84.63,88.95,94.48,89.07,89.73,91.0,70.26,86.87428571428572
76,allmpnet,MAX-NS_LYR-11,simple-ns,MAX-NS,LYR-11,4,"torch.Size([61, 768])",12,0,batch-64-nhid-0-inlayer-0,NORMAL,83.64,70.52,93.19,68.71,79.79,89.0,74.96,79.97285714285715
77,allmpnet,CLS_LYR-12,simple,CLS,LYR-12,4,"torch.Size([61, 768])",12,0,batch-64-nhid-0-inlayer-0,NORMAL,83.86,87.1,93.35,89.18,88.03,91.0,74.32,86.69142857142856
78,allmpnet,AVG_LYR-12,simple,AVG,LYR-12,4,"torch.Size([61, 768])",12,0,batch-64-nhid-0-inlayer-0,NORMAL,85.13,87.79,93.99,89.7,88.47,94.4,74.9,87.76857142857143
79,allmpnet,SUM_LYR-12,simple,SUM,LYR-12,4,"torch.Size([61, 768])",12,0,batch-64-nhid-0-inlayer-0,NORMAL,83.91,87.05,93.85,89.54,88.03,94.6,69.57,86.64999999999999
80,allmpnet,MAX_LYR-12,simple,MAX,LYR-12,4,"torch.Size([61, 768])",12,0,batch-64-nhid-0-inlayer-0,NORMAL,84.64,87.73,93.96,89.23,88.69,93.8,76.7,87.82142857142857
81,allmpnet,AVG-NS_LYR-12,simple-ns,AVG-NS,LYR-12,4,"torch.Size([61, 768])",12,0,batch-64-nhid-0-inlayer-0,NORMAL,85.08,87.44,94.24,89.66,88.74,92.0,75.07,87.46142857142857
82,allmpnet,SUM-NS_LYR-12,simple-ns,SUM-NS,LYR-12,4,"torch.Size([61, 768])",12,0,batch-64-nhid-0-inlayer-0,NORMAL,84.34,87.47,94.0,88.95,88.3,91.8,65.8,85.80857142857143
83,allmpnet,MAX-NS_LYR-12,simple-ns,MAX-NS,LYR-12,4,"torch.Size([61, 768])",12,0,batch-64-nhid-0-inlayer-0,NORMAL,84.63,79.32,93.79,68.77,72.54,91.8,76.29,81.02
84,allmpnet,CLS+AVG_SUM-1-2,two-tokens,CLS+AVG,SUM-1-2,4,"torch.Size([61, 1536])",12,0,batch-64-nhid-0-inlayer-12,NORMAL,79.23,84.03,93.94,90.0,84.24,89.4,74.32,85.02285714285715
85,allmpnet,CLS+SUM_SUM-1-2,two-tokens,CLS+SUM,SUM-1-2,4,"torch.Size([61, 1536])",12,0,batch-64-nhid-0-inlayer-12,NORMAL,78.77,80.61,92.12,88.36,83.75,88.4,71.3,83.33
86,allmpnet,CLS+MAX_SUM-1-2,two-tokens,CLS+MAX,SUM-1-2,4,"torch.Size([61, 1536])",12,0,batch-64-nhid-0-inlayer-12,NORMAL,72.94,79.74,91.02,88.2,76.61,86.4,71.13,80.86285714285714
87,allmpnet,CLS+AVG-NS_SUM-1-2,two-tokens,CLS+AVG-NS,SUM-1-2,4,"torch.Size([61, 1536])",12,0,batch-64-nhid-0-inlayer-12,NORMAL,77.89,81.64,93.22,88.54,82.81,81.0,72.0,82.44285714285715
88,allmpnet,CLS+SUM-NS_SUM-1-2,two-tokens,CLS+SUM-NS,SUM-1-2,4,"torch.Size([61, 1536])",12,0,batch-64-nhid-0-inlayer-12,NORMAL,77.33,78.22,91.79,87.5,83.69,82.2,69.33,81.43714285714286
89,allmpnet,CLS+MAX-NS_SUM-1-2,two-tokens,CLS+MAX-NS,SUM-1-2,4,"torch.Size([61, 1536])",12,0,batch-64-nhid-0-inlayer-12,NORMAL,72.86,64.58,89.93,35.8,50.08,80.6,70.43,66.32571428571428
90,allmpnet,AVG+SUM_SUM-1-2,two-tokens,AVG+SUM,SUM-1-2,4,"torch.Size([61, 1536])",12,0,batch-64-nhid-0-inlayer-12,NORMAL,78.76,80.26,92.18,88.38,83.91,88.2,71.25,83.27714285714286
91,allmpnet,AVG+MAX_SUM-1-2,two-tokens,AVG+MAX,SUM-1-2,4,"torch.Size([61, 1536])",12,0,batch-64-nhid-0-inlayer-12,NORMAL,77.77,81.54,93.3,88.92,83.42,89.6,70.96,83.64428571428573
92,allmpnet,AVG+AVG-NS_SUM-1-2,two-tokens,AVG+AVG-NS,SUM-1-2,4,"torch.Size([61, 1536])",12,0,batch-64-nhid-0-inlayer-12,NORMAL,79.21,83.58,94.14,89.42,85.67,88.2,72.93,84.7357142857143
93,allmpnet,AVG+SUM-NS_SUM-1-2,two-tokens,AVG+SUM-NS,SUM-1-2,4,"torch.Size([61, 1536])",12,0,batch-64-nhid-0-inlayer-12,NORMAL,77.61,79.1,91.69,88.54,83.69,84.2,67.3,81.73285714285714
94,allmpnet,AVG+MAX-NS_SUM-1-2,two-tokens,AVG+MAX-NS,SUM-1-2,4,"torch.Size([61, 1536])",12,0,batch-64-nhid-0-inlayer-12,NORMAL,77.95,65.32,92.85,35.79,50.08,88.4,70.26,68.66428571428571
95,allmpnet,SUM+MAX_SUM-1-2,two-tokens,SUM+MAX,SUM-1-2,4,"torch.Size([61, 1536])",12,0,batch-64-nhid-0-inlayer-12,NORMAL,78.57,79.79,92.05,87.71,83.8,89.2,71.3,83.20285714285714
96,allmpnet,SUM+AVG-NS_SUM-1-2,two-tokens,SUM+AVG-NS,SUM-1-2,4,"torch.Size([61, 1536])",12,0,batch-64-nhid-0-inlayer-12,NORMAL,78.82,80.11,92.05,87.71,83.86,88.6,70.96,83.15857142857143
97,allmpnet,SUM+SUM-NS_SUM-1-2,two-tokens,SUM+SUM-NS,SUM-1-2,4,"torch.Size([61, 1536])",12,0,batch-64-nhid-0-inlayer-12,NORMAL,78.44,80.34,91.71,87.9,83.91,89.2,70.2,83.1
98,allmpnet,SUM+MAX-NS_SUM-1-2,two-tokens,SUM+MAX-NS,SUM-1-2,4,"torch.Size([61, 1536])",12,0,batch-64-nhid-0-inlayer-12,NORMAL,78.52,67.36,92.19,35.79,50.08,89.6,71.13,69.23857142857142
99,allmpnet,MAX+AVG-NS_SUM-1-2,two-tokens,MAX+AVG-NS,SUM-1-2,4,"torch.Size([61, 1536])",12,0,batch-64-nhid-0-inlayer-12,NORMAL,77.43,81.72,93.13,87.82,82.15,88.4,70.49,83.02
100,allmpnet,MAX+SUM-NS_SUM-1-2,two-tokens,MAX+SUM-NS,SUM-1-2,4,"torch.Size([61, 1536])",12,0,batch-64-nhid-0-inlayer-12,NORMAL,77.19,79.07,91.64,87.55,83.2,87.6,68.06,82.0442857142857
101,allmpnet,MAX+MAX-NS_SUM-1-2,two-tokens,MAX+MAX-NS,SUM-1-2,4,"torch.Size([61, 1536])",12,0,batch-64-nhid-0-inlayer-12,NORMAL,73.05,65.4,90.94,35.79,50.08,87.4,69.86,67.50285714285714
102,allmpnet,AVG-NS+SUM-NS_SUM-1-2,two-tokens,AVG-NS+SUM-NS,SUM-1-2,4,"torch.Size([61, 1536])",12,0,batch-64-nhid-0-inlayer-12,NORMAL,77.28,78.3,91.71,87.08,82.65,82.0,67.36,80.91142857142857
103,allmpnet,AVG-NS+MAX-NS_SUM-1-2,two-tokens,AVG-NS+MAX-NS,SUM-1-2,4,"torch.Size([61, 1536])",12,0,batch-64-nhid-0-inlayer-12,NORMAL,77.06,65.14,92.38,35.79,50.08,84.4,69.39,67.74857142857142
104,allmpnet,SUM-NS+MAX-NS_SUM-1-2,two-tokens,SUM-NS+MAX-NS,SUM-1-2,4,"torch.Size([61, 1536])",12,0,batch-64-nhid-0-inlayer-12,NORMAL,76.49,65.03,91.43,35.79,50.08,84.0,68.29,67.30142857142857
105,allmpnet,CLS+AVG_SUM-2-3,two-tokens,CLS+AVG,SUM-2-3,4,"torch.Size([61, 1536])",12,0,batch-64-nhid-0-inlayer-12,NORMAL,80.73,86.12,94.92,90.03,85.56,91.4,73.8,86.08000000000001
106,allmpnet,CLS+SUM_SUM-2-3,two-tokens,CLS+SUM,SUM-2-3,4,"torch.Size([61, 1536])",12,0,batch-64-nhid-0-inlayer-12,NORMAL,79.54,82.78,93.35,88.62,84.9,89.4,70.55,84.16285714285712
107,allmpnet,CLS+MAX_SUM-2-3,two-tokens,CLS+MAX,SUM-2-3,4,"torch.Size([61, 1536])",12,0,batch-64-nhid-0-inlayer-12,NORMAL,76.29,80.8,92.0,88.35,80.51,90.8,72.06,82.97285714285714
108,allmpnet,CLS+AVG-NS_SUM-2-3,two-tokens,CLS+AVG-NS,SUM-2-3,4,"torch.Size([61, 1536])",12,0,batch-64-nhid-0-inlayer-12,NORMAL,79.57,83.63,94.17,89.26,84.57,86.2,72.75,84.30714285714285
109,allmpnet,CLS+SUM-NS_SUM-2-3,two-tokens,CLS+SUM-NS,SUM-2-3,4,"torch.Size([61, 1536])",12,0,batch-64-nhid-0-inlayer-12,NORMAL,78.2,79.92,92.65,88.06,84.07,85.6,69.28,82.53999999999999
110,allmpnet,CLS+MAX-NS_SUM-2-3,two-tokens,CLS+MAX-NS,SUM-2-3,4,"torch.Size([61, 1536])",12,0,batch-64-nhid-0-inlayer-12,NORMAL,75.3,65.24,91.48,31.75,50.08,83.8,71.54,67.02714285714286
111,allmpnet,AVG+SUM_SUM-2-3,two-tokens,AVG+SUM,SUM-2-3,4,"torch.Size([61, 1536])",12,0,batch-64-nhid-0-inlayer-12,NORMAL,79.49,82.33,93.27,88.72,84.13,89.0,70.55,83.92714285714284
112,allmpnet,AVG+MAX_SUM-2-3,two-tokens,AVG+MAX,SUM-2-3,4,"torch.Size([61, 1536])",12,0,batch-64-nhid-0-inlayer-12,NORMAL,79.29,83.39,93.79,89.08,84.68,91.6,71.54,84.76714285714286
113,allmpnet,AVG+AVG-NS_SUM-2-3,two-tokens,AVG+AVG-NS,SUM-2-3,4,"torch.Size([61, 1536])",12,0,batch-64-nhid-0-inlayer-12,NORMAL,80.57,85.32,94.87,89.25,85.89,91.4,73.8,85.87142857142855
114,allmpnet,AVG+SUM-NS_SUM-2-3,two-tokens,AVG+SUM-NS,SUM-2-3,4,"torch.Size([61, 1536])",12,0,batch-64-nhid-0-inlayer-12,NORMAL,78.61,80.11,92.53,88.84,84.51,87.2,68.0,82.82857142857142
115,allmpnet,AVG+MAX-NS_SUM-2-3,two-tokens,AVG+MAX-NS,SUM-2-3,4,"torch.Size([61, 1536])",12,0,batch-64-nhid-0-inlayer-12,NORMAL,79.25,65.61,93.96,31.75,50.08,89.6,71.88,68.87571428571428
116,allmpnet,SUM+MAX_SUM-2-3,two-tokens,SUM+MAX,SUM-2-3,4,"torch.Size([61, 1536])",12,0,batch-64-nhid-0-inlayer-12,NORMAL,79.55,82.2,92.96,88.01,84.62,89.4,70.49,83.89
117,allmpnet,SUM+AVG-NS_SUM-2-3,two-tokens,SUM+AVG-NS,SUM-2-3,4,"torch.Size([61, 1536])",12,0,batch-64-nhid-0-inlayer-12,NORMAL,79.39,82.28,93.22,88.11,85.12,89.2,70.67,83.99857142857142
118,allmpnet,SUM+SUM-NS_SUM-2-3,two-tokens,SUM+SUM-NS,SUM-2-3,4,"torch.Size([61, 1536])",12,0,batch-64-nhid-0-inlayer-12,NORMAL,79.07,82.73,92.81,87.86,85.45,89.8,69.86,83.94000000000001
119,allmpnet,SUM+MAX-NS_SUM-2-3,two-tokens,SUM+MAX-NS,SUM-2-3,4,"torch.Size([61, 1536])",12,0,batch-64-nhid-0-inlayer-12,NORMAL,79.61,66.57,93.11,35.5,50.08,89.4,70.9,69.30999999999999
120,allmpnet,MAX+AVG-NS_SUM-2-3,two-tokens,MAX+AVG-NS,SUM-2-3,4,"torch.Size([61, 1536])",12,0,batch-64-nhid-0-inlayer-12,NORMAL,78.78,82.99,93.76,88.39,84.62,90.8,72.0,84.47714285714285
121,allmpnet,MAX+SUM-NS_SUM-2-3,two-tokens,MAX+SUM-NS,SUM-2-3,4,"torch.Size([61, 1536])",12,0,batch-64-nhid-0-inlayer-12,NORMAL,78.39,80.37,92.65,87.86,83.47,89.8,69.91,83.20714285714284
122,allmpnet,MAX+MAX-NS_SUM-2-3,two-tokens,MAX+MAX-NS,SUM-2-3,4,"torch.Size([61, 1536])",12,0,batch-64-nhid-0-inlayer-12,NORMAL,75.61,65.54,91.92,31.75,50.08,91.2,71.88,68.28285714285714
123,allmpnet,AVG-NS+SUM-NS_SUM-2-3,two-tokens,AVG-NS+SUM-NS,SUM-2-3,4,"torch.Size([61, 1536])",12,0,batch-64-nhid-0-inlayer-12,NORMAL,78.17,79.6,92.49,87.82,83.14,85.2,68.17,82.0842857142857
124,allmpnet,AVG-NS+MAX-NS_SUM-2-3,two-tokens,AVG-NS+MAX-NS,SUM-2-3,4,"torch.Size([61, 1536])",12,0,batch-64-nhid-0-inlayer-12,NORMAL,78.4,65.59,93.54,31.75,50.08,88.0,71.07,68.34714285714286
125,allmpnet,SUM-NS+MAX-NS_SUM-2-3,two-tokens,SUM-NS+MAX-NS,SUM-2-3,4,"torch.Size([61, 1536])",12,0,batch-64-nhid-0-inlayer-12,NORMAL,77.69,66.12,92.41,31.75,50.08,86.6,69.62,67.75285714285714
126,allmpnet,CLS+AVG_SUM-3-4,two-tokens,CLS+AVG,SUM-3-4,4,"torch.Size([61, 1536])",12,0,batch-64-nhid-0-inlayer-12,NORMAL,81.63,86.78,95.4,90.01,86.38,92.6,75.25,86.86428571428571
127,allmpnet,CLS+SUM_SUM-3-4,two-tokens,CLS+SUM,SUM-3-4,4,"torch.Size([61, 1536])",12,0,batch-64-nhid-0-inlayer-12,NORMAL,80.59,82.89,93.19,88.61,84.68,91.8,70.09,84.55
128,allmpnet,CLS+MAX_SUM-3-4,two-tokens,CLS+MAX,SUM-3-4,4,"torch.Size([61, 1536])",12,0,batch-64-nhid-0-inlayer-12,NORMAL,78.01,81.78,92.95,88.77,82.98,91.4,72.06,83.99285714285715
129,allmpnet,CLS+AVG-NS_SUM-3-4,two-tokens,CLS+AVG-NS,SUM-3-4,4,"torch.Size([61, 1536])",12,0,batch-64-nhid-0-inlayer-12,NORMAL,80.57,85.54,95.13,89.29,84.73,88.4,73.04,85.24285714285715
130,allmpnet,CLS+SUM-NS_SUM-3-4,two-tokens,CLS+SUM-NS,SUM-3-4,4,"torch.Size([61, 1536])",12,0,batch-64-nhid-0-inlayer-12,NORMAL,79.5,81.62,93.21,87.72,84.24,88.0,70.78,83.58142857142856
131,allmpnet,CLS+MAX-NS_SUM-3-4,two-tokens,CLS+MAX-NS,SUM-3-4,4,"torch.Size([61, 1536])",12,0,batch-64-nhid-0-inlayer-12,NORMAL,76.94,65.14,92.6,31.75,50.08,86.6,71.42,67.78999999999999
132,allmpnet,AVG+SUM_SUM-3-4,two-tokens,AVG+SUM,SUM-3-4,4,"torch.Size([61, 1536])",12,0,batch-64-nhid-0-inlayer-12,NORMAL,80.72,82.57,93.22,88.73,84.73,92.0,70.32,84.61285714285714
133,allmpnet,AVG+MAX_SUM-3-4,two-tokens,AVG+MAX,SUM-3-4,4,"torch.Size([61, 1536])",12,0,batch-64-nhid-0-inlayer-12,NORMAL,80.1,84.45,94.25,89.21,85.23,92.4,72.35,85.42714285714285
134,allmpnet,AVG+AVG-NS_SUM-3-4,two-tokens,AVG+AVG-NS,SUM-3-4,4,"torch.Size([61, 1536])",12,0,batch-64-nhid-0-inlayer-12,NORMAL,81.59,86.09,95.54,89.55,87.26,91.4,74.67,86.58571428571429
135,allmpnet,AVG+SUM-NS_SUM-3-4,two-tokens,AVG+SUM-NS,SUM-3-4,4,"torch.Size([61, 1536])",12,0,batch-64-nhid-0-inlayer-12,NORMAL,79.46,81.64,93.18,88.92,85.06,89.4,69.45,83.87285714285714
136,allmpnet,AVG+MAX-NS_SUM-3-4,two-tokens,AVG+MAX-NS,SUM-3-4,4,"torch.Size([61, 1536])",12,0,batch-64-nhid-0-inlayer-12,NORMAL,80.09,65.67,94.71,31.75,50.08,91.4,73.28,69.56857142857142
137,allmpnet,SUM+MAX_SUM-3-4,two-tokens,SUM+MAX,SUM-3-4,4,"torch.Size([61, 1536])",12,0,batch-64-nhid-0-inlayer-12,NORMAL,80.45,82.92,93.02,88.05,85.06,92.0,70.38,84.55428571428571
138,allmpnet,SUM+AVG-NS_SUM-3-4,two-tokens,SUM+AVG-NS,SUM-3-4,4,"torch.Size([61, 1536])",12,0,batch-64-nhid-0-inlayer-12,NORMAL,80.69,82.54,93.19,88.39,85.39,91.8,70.55,84.64999999999999
139,allmpnet,SUM+SUM-NS_SUM-3-4,two-tokens,SUM+SUM-NS,SUM-3-4,4,"torch.Size([61, 1536])",12,0,batch-64-nhid-0-inlayer-12,NORMAL,80.22,82.65,93.49,87.83,85.01,91.8,71.48,84.64
140,allmpnet,SUM+MAX-NS_SUM-3-4,two-tokens,SUM+MAX-NS,SUM-3-4,4,"torch.Size([61, 1536])",12,0,batch-64-nhid-0-inlayer-12,NORMAL,80.41,68.79,93.17,35.5,50.08,92.2,70.55,70.1
141,allmpnet,MAX+AVG-NS_SUM-3-4,two-tokens,MAX+AVG-NS,SUM-3-4,4,"torch.Size([61, 1536])",12,0,batch-64-nhid-0-inlayer-12,NORMAL,79.52,84.19,94.32,88.8,84.35,92.6,72.06,85.11999999999999
142,allmpnet,MAX+SUM-NS_SUM-3-4,two-tokens,MAX+SUM-NS,SUM-3-4,4,"torch.Size([61, 1536])",12,0,batch-64-nhid-0-inlayer-12,NORMAL,78.96,82.04,93.16,88.17,84.84,90.0,70.2,83.91
143,allmpnet,MAX+MAX-NS_SUM-3-4,two-tokens,MAX+MAX-NS,SUM-3-4,4,"torch.Size([61, 1536])",12,0,batch-64-nhid-0-inlayer-12,NORMAL,77.13,65.54,93.07,31.75,50.08,91.0,71.88,68.63571428571429
144,allmpnet,AVG-NS+SUM-NS_SUM-3-4,two-tokens,AVG-NS+SUM-NS,SUM-3-4,4,"torch.Size([61, 1536])",12,0,batch-64-nhid-0-inlayer-12,NORMAL,79.22,81.11,93.1,88.26,84.07,88.4,69.22,83.34
145,allmpnet,AVG-NS+MAX-NS_SUM-3-4,two-tokens,AVG-NS+MAX-NS,SUM-3-4,4,"torch.Size([61, 1536])",12,0,batch-64-nhid-0-inlayer-12,NORMAL,79.06,65.51,94.34,31.75,50.08,88.8,71.65,68.74142857142856
146,allmpnet,SUM-NS+MAX-NS_SUM-3-4,two-tokens,SUM-NS+MAX-NS,SUM-3-4,4,"torch.Size([61, 1536])",12,0,batch-64-nhid-0-inlayer-12,NORMAL,78.87,65.35,93.16,31.75,50.08,89.2,69.97,68.34
147,allmpnet,CLS+AVG_SUM-4-5,two-tokens,CLS+AVG,SUM-4-5,4,"torch.Size([61, 1536])",12,0,batch-64-nhid-0-inlayer-12,NORMAL,84.0,89.62,95.97,90.68,88.03,93.8,76.29,88.34142857142857
148,allmpnet,CLS+SUM_SUM-4-5,two-tokens,CLS+SUM,SUM-4-5,4,"torch.Size([61, 1536])",12,0,batch-64-nhid-0-inlayer-12,NORMAL,82.97,85.12,93.71,88.99,87.92,92.8,70.84,86.05
149,allmpnet,CLS+MAX_SUM-4-5,two-tokens,CLS+MAX,SUM-4-5,4,"torch.Size([61, 1536])",12,0,batch-64-nhid-0-inlayer-12,NORMAL,80.84,84.66,94.85,89.08,86.77,92.0,73.33,85.93285714285716
150,allmpnet,CLS+AVG-NS_SUM-4-5,two-tokens,CLS+AVG-NS,SUM-4-5,4,"torch.Size([61, 1536])",12,0,batch-64-nhid-0-inlayer-12,NORMAL,83.0,87.98,95.66,89.43,86.66,91.2,72.52,86.63571428571429
151,allmpnet,CLS+SUM-NS_SUM-4-5,two-tokens,CLS+SUM-NS,SUM-4-5,4,"torch.Size([61, 1536])",12,0,batch-64-nhid-0-inlayer-12,NORMAL,81.85,82.92,93.35,88.28,85.94,88.6,71.19,84.58999999999999
152,allmpnet,CLS+MAX-NS_SUM-4-5,two-tokens,CLS+MAX-NS,SUM-4-5,4,"torch.Size([61, 1536])",12,0,batch-64-nhid-0-inlayer-12,NORMAL,80.39,65.69,94.64,31.75,50.08,88.8,72.29,69.09142857142857
153,allmpnet,AVG+SUM_SUM-4-5,two-tokens,AVG+SUM,SUM-4-5,4,"torch.Size([61, 1536])",12,0,batch-64-nhid-0-inlayer-12,NORMAL,82.97,85.25,93.74,89.18,88.36,92.4,71.19,86.15571428571427
154,allmpnet,AVG+MAX_SUM-4-5,two-tokens,AVG+MAX,SUM-4-5,4,"torch.Size([61, 1536])",12,0,batch-64-nhid-0-inlayer-12,NORMAL,82.23,87.02,95.11,89.79,86.66,93.8,72.58,86.74142857142859
155,allmpnet,AVG+AVG-NS_SUM-4-5,two-tokens,AVG+AVG-NS,SUM-4-5,4,"torch.Size([61, 1536])",12,0,batch-64-nhid-0-inlayer-12,NORMAL,84.07,88.69,95.76,90.34,88.74,93.6,74.49,87.9557142857143
156,allmpnet,AVG+SUM-NS_SUM-4-5,two-tokens,AVG+SUM-NS,SUM-4-5,4,"torch.Size([61, 1536])",12,0,batch-64-nhid-0-inlayer-12,NORMAL,81.92,82.97,93.41,89.53,87.31,89.8,70.26,85.02857142857142
157,allmpnet,AVG+MAX-NS_SUM-4-5,two-tokens,AVG+MAX-NS,SUM-4-5,4,"torch.Size([61, 1536])",12,0,batch-64-nhid-0-inlayer-12,NORMAL,82.41,65.93,95.09,31.75,50.08,92.6,73.39,70.17857142857143
158,allmpnet,SUM+MAX_SUM-4-5,two-tokens,SUM+MAX,SUM-4-5,4,"torch.Size([61, 1536])",12,0,batch-64-nhid-0-inlayer-12,NORMAL,82.74,85.35,93.74,88.65,88.19,93.2,70.49,86.05142857142857
159,allmpnet,SUM+AVG-NS_SUM-4-5,two-tokens,SUM+AVG-NS,SUM-4-5,4,"torch.Size([61, 1536])",12,0,batch-64-nhid-0-inlayer-12,NORMAL,82.87,85.64,93.69,88.76,88.41,93.2,70.43,86.14285714285714
160,allmpnet,SUM+SUM-NS_SUM-4-5,two-tokens,SUM+SUM-NS,SUM-4-5,4,"torch.Size([61, 1536])",12,0,batch-64-nhid-0-inlayer-12,NORMAL,82.03,85.93,94.1,88.14,87.81,92.8,70.72,85.93285714285715
161,allmpnet,SUM+MAX-NS_SUM-4-5,two-tokens,SUM+MAX-NS,SUM-4-5,4,"torch.Size([61, 1536])",12,0,batch-64-nhid-0-inlayer-12,NORMAL,82.66,67.28,93.75,35.5,50.08,93.6,70.9,70.53857142857143
162,allmpnet,MAX+AVG-NS_SUM-4-5,two-tokens,MAX+AVG-NS,SUM-4-5,4,"torch.Size([61, 1536])",12,0,batch-64-nhid-0-inlayer-12,NORMAL,81.22,85.65,94.96,89.14,86.49,93.8,70.26,85.93142857142857
163,allmpnet,MAX+SUM-NS_SUM-4-5,two-tokens,MAX+SUM-NS,SUM-4-5,4,"torch.Size([61, 1536])",12,0,batch-64-nhid-0-inlayer-12,NORMAL,81.26,83.82,93.55,88.62,86.71,91.4,70.78,85.16285714285713
164,allmpnet,MAX+MAX-NS_SUM-4-5,two-tokens,MAX+MAX-NS,SUM-4-5,4,"torch.Size([61, 1536])",12,0,batch-64-nhid-0-inlayer-12,NORMAL,79.66,65.51,93.87,31.75,50.08,92.0,72.75,69.37428571428572
165,allmpnet,AVG-NS+SUM-NS_SUM-4-5,two-tokens,AVG-NS+SUM-NS,SUM-4-5,4,"torch.Size([61, 1536])",12,0,batch-64-nhid-0-inlayer-12,NORMAL,81.71,82.49,93.34,88.47,86.38,88.4,70.14,84.41857142857143
166,allmpnet,AVG-NS+MAX-NS_SUM-4-5,two-tokens,AVG-NS+MAX-NS,SUM-4-5,4,"torch.Size([61, 1536])",12,0,batch-64-nhid-0-inlayer-12,NORMAL,81.37,65.77,94.75,31.75,50.08,90.2,71.88,69.39999999999999
167,allmpnet,SUM-NS+MAX-NS_SUM-4-5,two-tokens,SUM-NS+MAX-NS,SUM-4-5,4,"torch.Size([61, 1536])",12,0,batch-64-nhid-0-inlayer-12,NORMAL,81.4,66.78,93.58,31.75,50.08,92.2,70.96,69.53571428571428
168,allmpnet,CLS+AVG_SUM-5-6,two-tokens,CLS+AVG,SUM-5-6,4,"torch.Size([61, 1536])",12,0,batch-64-nhid-0-inlayer-12,NORMAL,85.25,91.15,96.37,91.07,89.79,93.8,76.29,89.10285714285713
169,allmpnet,CLS+SUM_SUM-5-6,two-tokens,CLS+SUM,SUM-5-6,4,"torch.Size([61, 1536])",12,0,batch-64-nhid-0-inlayer-12,NORMAL,84.36,87.21,94.67,89.66,89.9,93.8,70.55,87.1642857142857
170,allmpnet,CLS+MAX_SUM-5-6,two-tokens,CLS+MAX,SUM-5-6,4,"torch.Size([61, 1536])",12,0,batch-64-nhid-0-inlayer-12,NORMAL,82.74,88.03,95.51,90.02,89.13,92.6,74.09,87.44571428571429
171,allmpnet,CLS+AVG-NS_SUM-5-6,two-tokens,CLS+AVG-NS,SUM-5-6,4,"torch.Size([61, 1536])",12,0,batch-64-nhid-0-inlayer-12,NORMAL,84.86,89.88,96.19,89.91,89.02,90.8,72.93,87.65571428571427
172,allmpnet,CLS+SUM-NS_SUM-5-6,two-tokens,CLS+SUM-NS,SUM-5-6,4,"torch.Size([61, 1536])",12,0,batch-64-nhid-0-inlayer-12,NORMAL,83.3,85.27,94.37,89.04,88.52,90.8,69.97,85.89571428571428
173,allmpnet,CLS+MAX-NS_SUM-5-6,two-tokens,CLS+MAX-NS,SUM-5-6,4,"torch.Size([61, 1536])",12,0,batch-64-nhid-0-inlayer-12,NORMAL,83.0,66.01,95.32,31.75,50.08,89.0,72.64,69.68571428571428
174,allmpnet,AVG+SUM_SUM-5-6,two-tokens,AVG+SUM,SUM-5-6,4,"torch.Size([61, 1536])",12,0,batch-64-nhid-0-inlayer-12,NORMAL,84.36,87.08,94.63,89.54,90.01,94.0,70.49,87.15857142857143
175,allmpnet,AVG+MAX_SUM-5-6,two-tokens,AVG+MAX,SUM-5-6,4,"torch.Size([61, 1536])",12,0,batch-64-nhid-0-inlayer-12,NORMAL,83.76,88.66,95.07,90.19,89.07,94.4,73.91,87.86571428571428
176,allmpnet,AVG+AVG-NS_SUM-5-6,two-tokens,AVG+AVG-NS,SUM-5-6,4,"torch.Size([61, 1536])",12,0,batch-64-nhid-0-inlayer-12,NORMAL,85.11,90.54,96.02,90.42,90.17,94.4,74.38,88.72000000000001
177,allmpnet,AVG+SUM-NS_SUM-5-6,two-tokens,AVG+SUM-NS,SUM-5-6,4,"torch.Size([61, 1536])",12,0,batch-64-nhid-0-inlayer-12,NORMAL,83.27,85.46,94.24,89.75,89.13,91.4,70.49,86.24857142857142
178,allmpnet,AVG+MAX-NS_SUM-5-6,two-tokens,AVG+MAX-NS,SUM-5-6,4,"torch.Size([61, 1536])",12,0,batch-64-nhid-0-inlayer-12,NORMAL,84.13,65.9,95.27,31.75,50.08,93.6,73.28,70.57285714285715
179,allmpnet,SUM+MAX_SUM-5-6,two-tokens,SUM+MAX,SUM-5-6,4,"torch.Size([61, 1536])",12,0,batch-64-nhid-0-inlayer-12,NORMAL,84.1,87.63,94.65,89.16,89.73,94.0,70.49,87.10857142857142
180,allmpnet,SUM+AVG-NS_SUM-5-6,two-tokens,SUM+AVG-NS,SUM-5-6,4,"torch.Size([61, 1536])",12,0,batch-64-nhid-0-inlayer-12,NORMAL,84.23,87.36,94.62,89.19,89.79,93.8,70.14,87.01857142857143
181,allmpnet,SUM+SUM-NS_SUM-5-6,two-tokens,SUM+SUM-NS,SUM-5-6,4,"torch.Size([61, 1536])",12,0,batch-64-nhid-0-inlayer-12,NORMAL,83.34,88.27,94.86,89.01,89.24,93.2,71.13,87.00714285714287
182,allmpnet,SUM+MAX-NS_SUM-5-6,two-tokens,SUM+MAX-NS,SUM-5-6,4,"torch.Size([61, 1536])",12,0,batch-64-nhid-0-inlayer-12,NORMAL,83.98,80.18,94.6,35.5,50.08,94.0,70.67,72.71571428571428
183,allmpnet,MAX+AVG-NS_SUM-5-6,two-tokens,MAX+AVG-NS,SUM-5-6,4,"torch.Size([61, 1536])",12,0,batch-64-nhid-0-inlayer-12,NORMAL,83.02,88.18,95.2,89.79,89.4,94.6,73.97,87.73714285714287
184,allmpnet,MAX+SUM-NS_SUM-5-6,two-tokens,MAX+SUM-NS,SUM-5-6,4,"torch.Size([61, 1536])",12,0,batch-64-nhid-0-inlayer-12,NORMAL,82.92,85.85,94.34,89.03,89.07,92.6,70.2,86.28714285714285
185,allmpnet,MAX+MAX-NS_SUM-5-6,two-tokens,MAX+MAX-NS,SUM-5-6,4,"torch.Size([61, 1536])",12,0,batch-64-nhid-0-inlayer-12,NORMAL,80.81,65.93,93.93,31.75,50.08,91.8,73.45,69.67857142857143
186,allmpnet,AVG-NS+SUM-NS_SUM-5-6,two-tokens,AVG-NS+SUM-NS,SUM-5-6,4,"torch.Size([61, 1536])",12,0,batch-64-nhid-0-inlayer-12,NORMAL,83.12,85.22,94.15,88.76,89.07,90.4,70.32,85.86285714285714
187,allmpnet,AVG-NS+MAX-NS_SUM-5-6,two-tokens,AVG-NS+MAX-NS,SUM-5-6,4,"torch.Size([61, 1536])",12,0,batch-64-nhid-0-inlayer-12,NORMAL,83.1,65.83,95.0,31.75,50.08,89.8,72.87,69.77571428571429
188,allmpnet,SUM-NS+MAX-NS_SUM-5-6,two-tokens,SUM-NS+MAX-NS,SUM-5-6,4,"torch.Size([61, 1536])",12,0,batch-64-nhid-0-inlayer-12,NORMAL,82.76,67.2,94.19,35.5,50.08,91.8,69.8,70.19
189,allmpnet,CLS+AVG_SUM-6-7,two-tokens,CLS+AVG,SUM-6-7,4,"torch.Size([61, 1536])",12,0,batch-64-nhid-0-inlayer-12,NORMAL,85.77,92.0,96.52,90.88,90.83,94.4,74.43,89.26142857142857
190,allmpnet,CLS+SUM_SUM-6-7,two-tokens,CLS+SUM,SUM-6-7,4,"torch.Size([61, 1536])",12,0,batch-64-nhid-0-inlayer-12,NORMAL,84.96,88.08,94.66,89.35,90.77,92.8,68.41,87.0042857142857
191,allmpnet,CLS+MAX_SUM-6-7,two-tokens,CLS+MAX,SUM-6-7,4,"torch.Size([61, 1536])",12,0,batch-64-nhid-0-inlayer-12,NORMAL,83.78,89.56,95.44,89.47,91.16,90.8,74.09,87.75714285714285
192,allmpnet,CLS+AVG-NS_SUM-6-7,two-tokens,CLS+AVG-NS,SUM-6-7,4,"torch.Size([61, 1536])",12,0,batch-64-nhid-0-inlayer-12,NORMAL,85.6,91.05,96.39,89.94,90.39,91.4,73.22,88.28428571428572
193,allmpnet,CLS+SUM-NS_SUM-6-7,two-tokens,CLS+SUM-NS,SUM-6-7,4,"torch.Size([61, 1536])",12,0,batch-64-nhid-0-inlayer-12,NORMAL,83.89,87.5,94.51,89.17,89.62,90.4,69.68,86.39571428571428
194,allmpnet,CLS+MAX-NS_SUM-6-7,two-tokens,CLS+MAX-NS,SUM-6-7,4,"torch.Size([61, 1536])",12,0,batch-64-nhid-0-inlayer-12,NORMAL,83.87,66.22,95.56,31.75,50.08,88.0,72.93,69.77285714285713
195,allmpnet,AVG+SUM_SUM-6-7,two-tokens,AVG+SUM,SUM-6-7,4,"torch.Size([61, 1536])",12,0,batch-64-nhid-0-inlayer-12,NORMAL,84.85,87.71,94.49,89.55,89.95,93.0,69.16,86.95857142857142
196,allmpnet,AVG+MAX_SUM-6-7,two-tokens,AVG+MAX,SUM-6-7,4,"torch.Size([61, 1536])",12,0,batch-64-nhid-0-inlayer-12,NORMAL,84.74,89.54,95.23,90.06,91.21,94.6,73.97,88.47857142857143
197,allmpnet,AVG+AVG-NS_SUM-6-7,two-tokens,AVG+AVG-NS,SUM-6-7,4,"torch.Size([61, 1536])",12,0,batch-64-nhid-0-inlayer-12,NORMAL,85.82,90.99,96.11,90.35,90.77,94.6,73.86,88.92857142857143
198,allmpnet,AVG+SUM-NS_SUM-6-7,two-tokens,AVG+SUM-NS,SUM-6-7,4,"torch.Size([61, 1536])",12,0,batch-64-nhid-0-inlayer-12,NORMAL,83.83,87.05,94.41,89.82,89.79,90.8,69.8,86.49999999999999
199,allmpnet,AVG+MAX-NS_SUM-6-7,two-tokens,AVG+MAX-NS,SUM-6-7,4,"torch.Size([61, 1536])",12,0,batch-64-nhid-0-inlayer-12,NORMAL,84.95,65.98,95.36,31.75,50.08,93.8,73.45,70.76714285714286
200,allmpnet,SUM+MAX_SUM-6-7,two-tokens,SUM+MAX,SUM-6-7,4,"torch.Size([61, 1536])",12,0,batch-64-nhid-0-inlayer-12,NORMAL,84.56,87.79,94.53,89.03,90.23,93.4,69.33,86.98142857142857
201,allmpnet,SUM+AVG-NS_SUM-6-7,two-tokens,SUM+AVG-NS,SUM-6-7,4,"torch.Size([61, 1536])",12,0,batch-64-nhid-0-inlayer-12,NORMAL,84.8,87.81,94.62,89.03,90.17,93.2,69.57,87.02857142857144
202,allmpnet,SUM+SUM-NS_SUM-6-7,two-tokens,SUM+SUM-NS,SUM-6-7,4,"torch.Size([61, 1536])",12,0,batch-64-nhid-0-inlayer-12,NORMAL,83.69,88.72,94.81,88.99,89.4,93.8,69.68,87.01285714285713
203,allmpnet,SUM+MAX-NS_SUM-6-7,two-tokens,SUM+MAX-NS,SUM-6-7,4,"torch.Size([61, 1536])",12,0,batch-64-nhid-0-inlayer-12,NORMAL,84.69,85.03,94.44,35.5,50.08,93.2,68.81,73.10714285714285
204,allmpnet,MAX+AVG-NS_SUM-6-7,two-tokens,MAX+AVG-NS,SUM-6-7,4,"torch.Size([61, 1536])",12,0,batch-64-nhid-0-inlayer-12,NORMAL,84.09,89.09,95.19,89.49,90.66,93.6,73.57,87.9557142857143
205,allmpnet,MAX+SUM-NS_SUM-6-7,two-tokens,MAX+SUM-NS,SUM-6-7,4,"torch.Size([61, 1536])",12,0,batch-64-nhid-0-inlayer-12,NORMAL,83.45,87.6,94.47,88.73,89.35,92.0,69.86,86.49428571428572
206,allmpnet,MAX+MAX-NS_SUM-6-7,two-tokens,MAX+MAX-NS,SUM-6-7,4,"torch.Size([61, 1536])",12,0,batch-64-nhid-0-inlayer-12,NORMAL,82.56,66.09,94.28,31.75,50.08,92.4,73.04,70.02857142857142
207,allmpnet,AVG-NS+SUM-NS_SUM-6-7,two-tokens,AVG-NS+SUM-NS,SUM-6-7,4,"torch.Size([61, 1536])",12,0,batch-64-nhid-0-inlayer-12,NORMAL,83.82,86.65,94.28,88.94,89.4,90.4,69.28,86.11
208,allmpnet,AVG-NS+MAX-NS_SUM-6-7,two-tokens,AVG-NS+MAX-NS,SUM-6-7,4,"torch.Size([61, 1536])",12,0,batch-64-nhid-0-inlayer-12,NORMAL,84.23,65.96,94.97,31.75,50.08,89.0,73.04,69.86142857142856
209,allmpnet,SUM-NS+MAX-NS_SUM-6-7,two-tokens,SUM-NS+MAX-NS,SUM-6-7,4,"torch.Size([61, 1536])",12,0,batch-64-nhid-0-inlayer-12,NORMAL,83.3,66.06,94.34,35.5,50.08,91.4,70.32,70.14285714285715
210,allmpnet,CLS+AVG_SUM-7-8,two-tokens,CLS+AVG,SUM-7-8,4,"torch.Size([61, 1536])",12,0,batch-64-nhid-0-inlayer-12,NORMAL,86.46,91.68,96.46,90.82,91.6,95.0,75.83,89.69285714285715
211,allmpnet,CLS+SUM_SUM-7-8,two-tokens,CLS+SUM,SUM-7-8,4,"torch.Size([61, 1536])",12,0,batch-64-nhid-0-inlayer-12,NORMAL,85.12,87.89,94.59,89.46,91.21,93.4,69.68,87.33571428571427
212,allmpnet,CLS+MAX_SUM-7-8,two-tokens,CLS+MAX,SUM-7-8,4,"torch.Size([61, 1536])",12,0,batch-64-nhid-0-inlayer-12,NORMAL,84.52,89.96,95.61,89.3,91.32,92.8,72.81,88.04571428571428
213,allmpnet,CLS+AVG-NS_SUM-7-8,two-tokens,CLS+AVG-NS,SUM-7-8,4,"torch.Size([61, 1536])",12,0,batch-64-nhid-0-inlayer-12,NORMAL,85.99,91.39,96.34,90.05,90.88,91.8,71.48,88.2757142857143
214,allmpnet,CLS+SUM-NS_SUM-7-8,two-tokens,CLS+SUM-NS,SUM-7-8,4,"torch.Size([61, 1536])",12,0,batch-64-nhid-0-inlayer-12,NORMAL,84.6,88.11,94.45,89.1,89.95,89.4,69.1,86.38714285714286
215,allmpnet,CLS+MAX-NS_SUM-7-8,two-tokens,CLS+MAX-NS,SUM-7-8,4,"torch.Size([61, 1536])",12,0,batch-64-nhid-0-inlayer-12,NORMAL,84.42,66.22,95.17,31.75,50.08,88.4,71.94,69.71142857142857
216,allmpnet,AVG+SUM_SUM-7-8,two-tokens,AVG+SUM,SUM-7-8,4,"torch.Size([61, 1536])",12,0,batch-64-nhid-0-inlayer-12,NORMAL,85.18,88.05,94.56,89.54,90.33,93.8,68.99,87.20714285714287
217,allmpnet,AVG+MAX_SUM-7-8,two-tokens,AVG+MAX,SUM-7-8,4,"torch.Size([61, 1536])",12,0,batch-64-nhid-0-inlayer-12,NORMAL,84.66,90.41,95.36,90.11,91.71,94.6,73.1,88.56428571428572
218,allmpnet,AVG+AVG-NS_SUM-7-8,two-tokens,AVG+AVG-NS,SUM-7-8,4,"torch.Size([61, 1536])",12,0,batch-64-nhid-0-inlayer-12,NORMAL,86.12,91.31,96.04,90.26,91.38,95.4,71.65,88.88
219,allmpnet,AVG+SUM-NS_SUM-7-8,two-tokens,AVG+SUM-NS,SUM-7-8,4,"torch.Size([61, 1536])",12,0,batch-64-nhid-0-inlayer-12,NORMAL,84.64,87.76,94.22,89.67,89.62,90.4,69.39,86.52857142857144
220,allmpnet,AVG+MAX-NS_SUM-7-8,two-tokens,AVG+MAX-NS,SUM-7-8,4,"torch.Size([61, 1536])",12,0,batch-64-nhid-0-inlayer-12,NORMAL,85.02,66.3,95.36,31.75,50.08,92.4,72.12,70.43285714285715
221,allmpnet,SUM+MAX_SUM-7-8,two-tokens,SUM+MAX,SUM-7-8,4,"torch.Size([61, 1536])",12,0,batch-64-nhid-0-inlayer-12,NORMAL,85.1,88.37,94.36,88.88,90.72,94.4,68.17,87.14285714285712
222,allmpnet,SUM+AVG-NS_SUM-7-8,two-tokens,SUM+AVG-NS,SUM-7-8,4,"torch.Size([61, 1536])",12,0,batch-64-nhid-0-inlayer-12,NORMAL,85.14,88.1,94.41,88.93,90.99,94.2,68.64,87.20142857142856
223,allmpnet,SUM+SUM-NS_SUM-7-8,two-tokens,SUM+SUM-NS,SUM-7-8,4,"torch.Size([61, 1536])",12,0,batch-64-nhid-0-inlayer-12,NORMAL,84.16,88.85,94.82,88.5,90.44,94.0,69.86,87.23285714285714
224,allmpnet,SUM+MAX-NS_SUM-7-8,two-tokens,SUM+MAX-NS,SUM-7-8,4,"torch.Size([61, 1536])",12,0,batch-64-nhid-0-inlayer-12,NORMAL,84.93,88.56,94.45,35.5,50.08,93.8,68.17,73.64142857142858
225,allmpnet,MAX+AVG-NS_SUM-7-8,two-tokens,MAX+AVG-NS,SUM-7-8,4,"torch.Size([61, 1536])",12,0,batch-64-nhid-0-inlayer-12,NORMAL,84.23,89.7,95.19,89.34,91.32,93.2,71.94,87.8457142857143
226,allmpnet,MAX+SUM-NS_SUM-7-8,two-tokens,MAX+SUM-NS,SUM-7-8,4,"torch.Size([61, 1536])",12,0,batch-64-nhid-0-inlayer-12,NORMAL,84.03,88.32,94.45,88.86,89.84,91.8,69.68,86.71142857142857
227,allmpnet,MAX+MAX-NS_SUM-7-8,two-tokens,MAX+MAX-NS,SUM-7-8,4,"torch.Size([61, 1536])",12,0,batch-64-nhid-0-inlayer-12,NORMAL,83.24,66.14,94.17,31.75,50.08,92.0,71.77,69.87857142857142
228,allmpnet,AVG-NS+SUM-NS_SUM-7-8,two-tokens,AVG-NS+SUM-NS,SUM-7-8,4,"torch.Size([61, 1536])",12,0,batch-64-nhid-0-inlayer-12,NORMAL,84.5,87.55,94.26,89.0,90.33,90.0,69.68,86.4742857142857
229,allmpnet,AVG-NS+MAX-NS_SUM-7-8,two-tokens,AVG-NS+MAX-NS,SUM-7-8,4,"torch.Size([61, 1536])",12,0,batch-64-nhid-0-inlayer-12,NORMAL,84.46,66.17,94.89,31.75,50.08,87.8,71.42,69.51
230,allmpnet,SUM-NS+MAX-NS_SUM-7-8,two-tokens,SUM-NS+MAX-NS,SUM-7-8,4,"torch.Size([61, 1536])",12,0,batch-64-nhid-0-inlayer-12,NORMAL,83.96,66.25,94.22,35.5,50.08,90.2,69.68,69.9842857142857
231,allmpnet,CLS+AVG_SUM-8-9,two-tokens,CLS+AVG,SUM-8-9,4,"torch.Size([61, 1536])",12,0,batch-64-nhid-0-inlayer-12,NORMAL,86.88,91.92,96.1,90.68,91.49,96.4,74.84,89.75857142857144
232,allmpnet,CLS+SUM_SUM-8-9,two-tokens,CLS+SUM,SUM-8-9,4,"torch.Size([61, 1536])",12,0,batch-64-nhid-0-inlayer-12,NORMAL,85.5,88.37,94.32,89.08,90.99,95.0,70.84,87.72857142857143
233,allmpnet,CLS+MAX_SUM-8-9,two-tokens,CLS+MAX,SUM-8-9,4,"torch.Size([61, 1536])",12,0,batch-64-nhid-0-inlayer-12,NORMAL,85.73,89.72,94.94,89.28,91.16,93.2,72.23,88.03714285714285
234,allmpnet,CLS+AVG-NS_SUM-8-9,two-tokens,CLS+AVG-NS,SUM-8-9,4,"torch.Size([61, 1536])",12,0,batch-64-nhid-0-inlayer-12,NORMAL,86.39,91.5,95.86,89.85,91.27,91.8,73.62,88.61285714285714
235,allmpnet,CLS+SUM-NS_SUM-8-9,two-tokens,CLS+SUM-NS,SUM-8-9,4,"torch.Size([61, 1536])",12,0,batch-64-nhid-0-inlayer-12,NORMAL,84.92,87.26,94.16,88.55,89.68,92.0,70.43,86.71428571428571
236,allmpnet,CLS+MAX-NS_SUM-8-9,two-tokens,CLS+MAX-NS,SUM-8-9,4,"torch.Size([61, 1536])",12,0,batch-64-nhid-0-inlayer-12,NORMAL,85.08,66.14,94.69,39.0,50.08,87.8,70.72,70.50142857142858
237,allmpnet,AVG+SUM_SUM-8-9,two-tokens,AVG+SUM,SUM-8-9,4,"torch.Size([61, 1536])",12,0,batch-64-nhid-0-inlayer-12,NORMAL,85.49,88.26,94.33,88.82,91.32,94.8,71.48,87.78571428571429
238,allmpnet,AVG+MAX_SUM-8-9,two-tokens,AVG+MAX,SUM-8-9,4,"torch.Size([61, 1536])",12,0,batch-64-nhid-0-inlayer-12,NORMAL,86.02,90.2,95.52,89.98,91.43,94.6,72.23,88.56857142857143
239,allmpnet,AVG+AVG-NS_SUM-8-9,two-tokens,AVG+AVG-NS,SUM-8-9,4,"torch.Size([61, 1536])",12,0,batch-64-nhid-0-inlayer-12,NORMAL,86.43,91.34,95.84,90.11,91.43,96.0,73.62,89.25285714285715
240,allmpnet,AVG+SUM-NS_SUM-8-9,two-tokens,AVG+SUM-NS,SUM-8-9,4,"torch.Size([61, 1536])",12,0,batch-64-nhid-0-inlayer-12,NORMAL,84.91,87.29,94.27,89.05,89.95,93.6,70.78,87.12142857142855
241,allmpnet,AVG+MAX-NS_SUM-8-9,two-tokens,AVG+MAX-NS,SUM-8-9,4,"torch.Size([61, 1536])",12,0,batch-64-nhid-0-inlayer-12,NORMAL,85.62,66.33,95.21,39.0,50.08,93.4,71.25,71.55571428571429
242,allmpnet,SUM+MAX_SUM-8-9,two-tokens,SUM+MAX,SUM-8-9,4,"torch.Size([61, 1536])",12,0,batch-64-nhid-0-inlayer-12,NORMAL,85.17,88.21,94.42,88.85,91.21,95.0,70.2,87.58
243,allmpnet,SUM+AVG-NS_SUM-8-9,two-tokens,SUM+AVG-NS,SUM-8-9,4,"torch.Size([61, 1536])",12,0,batch-64-nhid-0-inlayer-12,NORMAL,85.46,88.61,94.48,88.69,90.77,94.8,70.96,87.68142857142857
244,allmpnet,SUM+SUM-NS_SUM-8-9,two-tokens,SUM+SUM-NS,SUM-8-9,4,"torch.Size([61, 1536])",12,0,batch-64-nhid-0-inlayer-12,NORMAL,84.6,88.61,94.62,88.32,91.05,96.0,70.55,87.67857142857143
245,allmpnet,SUM+MAX-NS_SUM-8-9,two-tokens,SUM+MAX-NS,SUM-8-9,4,"torch.Size([61, 1536])",12,0,batch-64-nhid-0-inlayer-12,NORMAL,85.21,87.55,94.41,42.2,50.08,95.4,70.96,75.11571428571428
246,allmpnet,MAX+AVG-NS_SUM-8-9,two-tokens,MAX+AVG-NS,SUM-8-9,4,"torch.Size([61, 1536])",12,0,batch-64-nhid-0-inlayer-12,NORMAL,85.39,89.62,95.38,89.57,90.88,94.0,72.12,88.13714285714285
247,allmpnet,MAX+SUM-NS_SUM-8-9,two-tokens,MAX+SUM-NS,SUM-8-9,4,"torch.Size([61, 1536])",12,0,batch-64-nhid-0-inlayer-12,NORMAL,84.62,88.08,94.23,88.51,90.28,94.4,70.38,87.21428571428571
248,allmpnet,MAX+MAX-NS_SUM-8-9,two-tokens,MAX+MAX-NS,SUM-8-9,4,"torch.Size([61, 1536])",12,0,batch-64-nhid-0-inlayer-12,NORMAL,84.38,66.06,94.28,39.0,50.08,92.8,72.17,71.25285714285715
249,allmpnet,AVG-NS+SUM-NS_SUM-8-9,two-tokens,AVG-NS+SUM-NS,SUM-8-9,4,"torch.Size([61, 1536])",12,0,batch-64-nhid-0-inlayer-12,NORMAL,84.72,87.23,94.12,88.68,90.23,92.2,70.26,86.77714285714286
250,allmpnet,AVG-NS+MAX-NS_SUM-8-9,two-tokens,AVG-NS+MAX-NS,SUM-8-9,4,"torch.Size([61, 1536])",12,0,batch-64-nhid-0-inlayer-12,NORMAL,84.85,66.14,94.99,39.0,50.08,92.0,70.67,71.10428571428572
251,allmpnet,SUM-NS+MAX-NS_SUM-8-9,two-tokens,SUM-NS+MAX-NS,SUM-8-9,4,"torch.Size([61, 1536])",12,0,batch-64-nhid-0-inlayer-12,NORMAL,84.4,67.76,94.19,42.2,50.08,93.8,70.49,71.8457142857143
252,allmpnet,CLS+AVG_SUM-9-10,two-tokens,CLS+AVG,SUM-9-10,4,"torch.Size([61, 1536])",12,0,batch-64-nhid-0-inlayer-12,NORMAL,86.67,92.0,95.71,90.45,91.16,96.4,75.07,89.63714285714286
253,allmpnet,CLS+SUM_SUM-9-10,two-tokens,CLS+SUM,SUM-9-10,4,"torch.Size([61, 1536])",12,0,batch-64-nhid-0-inlayer-12,NORMAL,85.22,88.5,94.18,88.71,90.39,96.2,71.13,87.76142857142857
254,allmpnet,CLS+MAX_SUM-9-10,two-tokens,CLS+MAX,SUM-9-10,4,"torch.Size([61, 1536])",12,0,batch-64-nhid-0-inlayer-12,NORMAL,84.49,89.08,94.25,89.07,90.99,93.6,72.12,87.65714285714286
255,allmpnet,CLS+AVG-NS_SUM-9-10,two-tokens,CLS+AVG-NS,SUM-9-10,4,"torch.Size([61, 1536])",12,0,batch-64-nhid-0-inlayer-12,NORMAL,86.28,90.67,95.47,89.71,90.72,93.0,73.39,88.46285714285713
256,allmpnet,CLS+SUM-NS_SUM-9-10,two-tokens,CLS+SUM-NS,SUM-9-10,4,"torch.Size([61, 1536])",12,0,batch-64-nhid-0-inlayer-12,NORMAL,84.76,87.34,94.05,88.58,89.95,91.8,69.86,86.62
257,allmpnet,CLS+MAX-NS_SUM-9-10,two-tokens,CLS+MAX-NS,SUM-9-10,4,"torch.Size([61, 1536])",12,0,batch-64-nhid-0-inlayer-12,NORMAL,83.58,65.85,93.49,40.06,50.03,88.8,70.32,70.30428571428571
258,allmpnet,AVG+SUM_SUM-9-10,two-tokens,AVG+SUM,SUM-9-10,4,"torch.Size([61, 1536])",12,0,batch-64-nhid-0-inlayer-12,NORMAL,85.17,88.21,94.18,88.83,90.33,95.8,70.67,87.59857142857142
259,allmpnet,AVG+MAX_SUM-9-10,two-tokens,AVG+MAX,SUM-9-10,4,"torch.Size([61, 1536])",12,0,batch-64-nhid-0-inlayer-12,NORMAL,85.73,90.7,95.29,89.7,91.54,94.6,71.65,88.45857142857143
260,allmpnet,AVG+AVG-NS_SUM-9-10,two-tokens,AVG+AVG-NS,SUM-9-10,4,"torch.Size([61, 1536])",12,0,batch-64-nhid-0-inlayer-12,NORMAL,86.45,91.44,95.61,90.05,91.32,96.2,74.2,89.32428571428572
261,allmpnet,AVG+SUM-NS_SUM-9-10,two-tokens,AVG+SUM-NS,SUM-9-10,4,"torch.Size([61, 1536])",12,0,batch-64-nhid-0-inlayer-12,NORMAL,84.71,87.39,94.02,89.29,90.44,93.4,69.86,87.01571428571428
262,allmpnet,AVG+MAX-NS_SUM-9-10,two-tokens,AVG+MAX-NS,SUM-9-10,4,"torch.Size([61, 1536])",12,0,batch-64-nhid-0-inlayer-12,NORMAL,85.9,66.28,95.08,40.06,50.03,94.0,72.12,71.92428571428572
263,allmpnet,SUM+MAX_SUM-9-10,two-tokens,SUM+MAX,SUM-9-10,4,"torch.Size([61, 1536])",12,0,batch-64-nhid-0-inlayer-12,NORMAL,85.12,88.29,94.11,88.32,90.94,96.2,70.9,87.69714285714285
264,allmpnet,SUM+AVG-NS_SUM-9-10,two-tokens,SUM+AVG-NS,SUM-9-10,4,"torch.Size([61, 1536])",12,0,batch-64-nhid-0-inlayer-12,NORMAL,85.06,88.37,94.17,88.64,90.99,96.2,71.54,87.85285714285715
265,allmpnet,SUM+SUM-NS_SUM-9-10,two-tokens,SUM+SUM-NS,SUM-9-10,4,"torch.Size([61, 1536])",12,0,batch-64-nhid-0-inlayer-12,NORMAL,84.8,89.06,94.2,88.34,90.77,96.4,70.2,87.68142857142857
266,allmpnet,SUM+MAX-NS_SUM-9-10,two-tokens,SUM+MAX-NS,SUM-9-10,4,"torch.Size([61, 1536])",12,0,batch-64-nhid-0-inlayer-12,NORMAL,84.82,84.85,94.14,43.09,50.03,96.2,70.67,74.82857142857142
267,allmpnet,MAX+AVG-NS_SUM-9-10,two-tokens,MAX+AVG-NS,SUM-9-10,4,"torch.Size([61, 1536])",12,0,batch-64-nhid-0-inlayer-12,NORMAL,85.09,90.41,95.14,89.35,90.88,94.4,71.94,88.17285714285715
268,allmpnet,MAX+SUM-NS_SUM-9-10,two-tokens,MAX+SUM-NS,SUM-9-10,4,"torch.Size([61, 1536])",12,0,batch-64-nhid-0-inlayer-12,NORMAL,84.59,88.16,94.08,88.79,90.28,94.4,70.14,87.20571428571428
269,allmpnet,MAX+MAX-NS_SUM-9-10,two-tokens,MAX+MAX-NS,SUM-9-10,4,"torch.Size([61, 1536])",12,0,batch-64-nhid-0-inlayer-12,NORMAL,83.89,66.09,93.83,40.06,50.03,93.0,71.71,71.22999999999999
270,allmpnet,AVG-NS+SUM-NS_SUM-9-10,two-tokens,AVG-NS+SUM-NS,SUM-9-10,4,"torch.Size([61, 1536])",12,0,batch-64-nhid-0-inlayer-12,NORMAL,84.75,86.97,93.92,88.45,90.33,91.4,69.86,86.52571428571427
271,allmpnet,AVG-NS+MAX-NS_SUM-9-10,two-tokens,AVG-NS+MAX-NS,SUM-9-10,4,"torch.Size([61, 1536])",12,0,batch-64-nhid-0-inlayer-12,NORMAL,85.02,66.2,95.03,40.06,50.03,91.2,71.3,71.26285714285714
272,allmpnet,SUM-NS+MAX-NS_SUM-9-10,two-tokens,SUM-NS+MAX-NS,SUM-9-10,4,"torch.Size([61, 1536])",12,0,batch-64-nhid-0-inlayer-12,NORMAL,84.48,66.09,94.02,43.09,50.03,92.4,70.2,71.47285714285712
273,allmpnet,CLS+AVG_SUM-10-11,two-tokens,CLS+AVG,SUM-10-11,4,"torch.Size([61, 1536])",12,0,batch-64-nhid-0-inlayer-12,NORMAL,86.33,91.28,95.55,90.51,90.28,95.6,74.67,89.17428571428572
274,allmpnet,CLS+SUM_SUM-10-11,two-tokens,CLS+SUM,SUM-10-11,4,"torch.Size([61, 1536])",12,0,batch-64-nhid-0-inlayer-12,NORMAL,84.51,88.13,93.99,88.81,90.17,95.4,70.72,87.39
275,allmpnet,CLS+MAX_SUM-10-11,two-tokens,CLS+MAX,SUM-10-11,4,"torch.Size([61, 1536])",12,0,batch-64-nhid-0-inlayer-12,NORMAL,83.84,88.13,93.87,88.92,90.12,94.8,71.83,87.35857142857144
276,allmpnet,CLS+AVG-NS_SUM-10-11,two-tokens,CLS+AVG-NS,SUM-10-11,4,"torch.Size([61, 1536])",12,0,batch-64-nhid-0-inlayer-12,NORMAL,85.67,90.04,95.37,89.37,90.01,93.0,73.28,88.10571428571428
277,allmpnet,CLS+SUM-NS_SUM-10-11,two-tokens,CLS+SUM-NS,SUM-10-11,4,"torch.Size([61, 1536])",12,0,batch-64-nhid-0-inlayer-12,NORMAL,84.54,87.18,93.8,88.58,90.28,89.0,70.9,86.32571428571428
278,allmpnet,CLS+MAX-NS_SUM-10-11,two-tokens,CLS+MAX-NS,SUM-10-11,4,"torch.Size([61, 1536])",12,0,batch-64-nhid-0-inlayer-12,NORMAL,83.54,66.14,93.33,39.89,50.08,89.2,69.68,70.26571428571428
279,allmpnet,AVG+SUM_SUM-10-11,two-tokens,AVG+SUM,SUM-10-11,4,"torch.Size([61, 1536])",12,0,batch-64-nhid-0-inlayer-12,NORMAL,84.44,88.16,94.08,88.88,89.95,94.6,71.59,87.38571428571429
280,allmpnet,AVG+MAX_SUM-10-11,two-tokens,AVG+MAX,SUM-10-11,4,"torch.Size([61, 1536])",12,0,batch-64-nhid-0-inlayer-12,NORMAL,85.64,89.83,95.03,89.47,90.88,95.8,73.28,88.56142857142856
281,allmpnet,AVG+AVG-NS_SUM-10-11,two-tokens,AVG+AVG-NS,SUM-10-11,4,"torch.Size([61, 1536])",12,0,batch-64-nhid-0-inlayer-12,NORMAL,86.21,90.81,95.57,89.69,90.39,95.8,74.09,88.93714285714285
282,allmpnet,AVG+SUM-NS_SUM-10-11,two-tokens,AVG+SUM-NS,SUM-10-11,4,"torch.Size([61, 1536])",12,0,batch-64-nhid-0-inlayer-12,NORMAL,84.68,87.42,93.92,89.22,89.68,91.8,71.13,86.83571428571429
283,allmpnet,AVG+MAX-NS_SUM-10-11,two-tokens,AVG+MAX-NS,SUM-10-11,4,"torch.Size([61, 1536])",12,0,batch-64-nhid-0-inlayer-12,NORMAL,85.17,66.17,94.95,39.89,50.08,95.6,71.94,71.97142857142858
284,allmpnet,SUM+MAX_SUM-10-11,two-tokens,SUM+MAX,SUM-10-11,4,"torch.Size([61, 1536])",12,0,batch-64-nhid-0-inlayer-12,NORMAL,84.44,88.32,94.14,88.38,90.23,95.6,71.13,87.46285714285715
285,allmpnet,SUM+AVG-NS_SUM-10-11,two-tokens,SUM+AVG-NS,SUM-10-11,4,"torch.Size([61, 1536])",12,0,batch-64-nhid-0-inlayer-12,NORMAL,84.64,87.97,94.14,88.32,89.95,95.2,70.84,87.29428571428572
286,allmpnet,SUM+SUM-NS_SUM-10-11,two-tokens,SUM+SUM-NS,SUM-10-11,4,"torch.Size([61, 1536])",12,0,batch-64-nhid-0-inlayer-12,NORMAL,84.2,88.37,93.9,88.12,90.39,95.2,70.43,87.23000000000002
287,allmpnet,SUM+MAX-NS_SUM-10-11,two-tokens,SUM+MAX-NS,SUM-10-11,4,"torch.Size([61, 1536])",12,0,batch-64-nhid-0-inlayer-12,NORMAL,84.63,81.54,94.02,42.91,50.08,95.6,70.84,74.23142857142857
288,allmpnet,MAX+AVG-NS_SUM-10-11,two-tokens,MAX+AVG-NS,SUM-10-11,4,"torch.Size([61, 1536])",12,0,batch-64-nhid-0-inlayer-12,NORMAL,85.18,89.64,94.9,89.28,90.5,95.2,73.22,88.27428571428572
289,allmpnet,MAX+SUM-NS_SUM-10-11,two-tokens,MAX+SUM-NS,SUM-10-11,4,"torch.Size([61, 1536])",12,0,batch-64-nhid-0-inlayer-12,NORMAL,84.6,87.95,93.78,88.43,89.57,92.8,71.54,86.95285714285714
290,allmpnet,MAX+MAX-NS_SUM-10-11,two-tokens,MAX+MAX-NS,SUM-10-11,4,"torch.Size([61, 1536])",12,0,batch-64-nhid-0-inlayer-12,NORMAL,83.59,66.22,93.52,39.89,50.08,94.0,71.01,71.18714285714285
291,allmpnet,AVG-NS+SUM-NS_SUM-10-11,two-tokens,AVG-NS+SUM-NS,SUM-10-11,4,"torch.Size([61, 1536])",12,0,batch-64-nhid-0-inlayer-12,NORMAL,84.61,87.18,93.86,88.2,89.4,89.8,71.25,86.32857142857142
292,allmpnet,AVG-NS+MAX-NS_SUM-10-11,two-tokens,AVG-NS+MAX-NS,SUM-10-11,4,"torch.Size([61, 1536])",12,0,batch-64-nhid-0-inlayer-12,NORMAL,84.52,66.01,94.74,39.89,50.08,91.0,72.46,71.24285714285713
293,allmpnet,SUM-NS+MAX-NS_SUM-10-11,two-tokens,SUM-NS+MAX-NS,SUM-10-11,4,"torch.Size([61, 1536])",12,0,batch-64-nhid-0-inlayer-12,NORMAL,84.54,69.83,93.89,42.91,50.08,91.0,71.48,71.96142857142857
294,allmpnet,CLS+AVG_SUM-11-12,two-tokens,CLS+AVG,SUM-11-12,4,"torch.Size([61, 1536])",12,0,batch-64-nhid-0-inlayer-12,NORMAL,85.7,89.64,95.24,90.36,90.12,97.0,75.3,89.05142857142856
295,allmpnet,CLS+SUM_SUM-11-12,two-tokens,CLS+SUM,SUM-11-12,4,"torch.Size([61, 1536])",12,0,batch-64-nhid-0-inlayer-12,NORMAL,84.18,86.99,93.73,89.04,89.57,94.6,72.0,87.15857142857143
296,allmpnet,CLS+MAX_SUM-11-12,two-tokens,CLS+MAX,SUM-11-12,4,"torch.Size([61, 1536])",12,0,batch-64-nhid-0-inlayer-12,NORMAL,84.71,88.4,94.24,89.68,89.02,95.2,71.25,87.5
297,allmpnet,CLS+AVG-NS_SUM-11-12,two-tokens,CLS+AVG-NS,SUM-11-12,4,"torch.Size([61, 1536])",12,0,batch-64-nhid-0-inlayer-12,NORMAL,85.52,89.35,95.14,89.81,89.73,93.4,74.67,88.23142857142857
298,allmpnet,CLS+SUM-NS_SUM-11-12,two-tokens,CLS+SUM-NS,SUM-11-12,4,"torch.Size([61, 1536])",12,0,batch-64-nhid-0-inlayer-12,NORMAL,83.87,86.86,93.67,89.35,89.35,90.2,69.68,86.14
299,allmpnet,CLS+MAX-NS_SUM-11-12,two-tokens,CLS+MAX-NS,SUM-11-12,4,"torch.Size([61, 1536])",12,0,batch-64-nhid-0-inlayer-12,NORMAL,84.43,66.33,94.2,31.94,50.08,92.4,72.17,70.22142857142858
300,allmpnet,AVG+SUM_SUM-11-12,two-tokens,AVG+SUM,SUM-11-12,4,"torch.Size([61, 1536])",12,0,batch-64-nhid-0-inlayer-12,NORMAL,83.97,86.89,93.74,88.85,89.79,94.8,72.41,87.20714285714287
301,allmpnet,AVG+MAX_SUM-11-12,two-tokens,AVG+MAX,SUM-11-12,4,"torch.Size([61, 1536])",12,0,batch-64-nhid-0-inlayer-12,NORMAL,85.26,89.03,94.92,89.71,89.95,95.8,73.74,88.3442857142857
302,allmpnet,AVG+AVG-NS_SUM-11-12,two-tokens,AVG+AVG-NS,SUM-11-12,4,"torch.Size([61, 1536])",12,0,batch-64-nhid-0-inlayer-12,NORMAL,85.48,89.67,95.24,89.94,90.61,95.4,74.2,88.64857142857144
303,allmpnet,AVG+SUM-NS_SUM-11-12,two-tokens,AVG+SUM-NS,SUM-11-12,4,"torch.Size([61, 1536])",12,0,batch-64-nhid-0-inlayer-12,NORMAL,83.88,86.97,93.71,89.27,89.62,90.4,69.62,86.21000000000001
304,allmpnet,AVG+MAX-NS_SUM-11-12,two-tokens,AVG+MAX-NS,SUM-11-12,4,"torch.Size([61, 1536])",12,0,batch-64-nhid-0-inlayer-12,NORMAL,85.08,66.25,94.91,31.94,50.08,95.2,73.33,70.97
305,allmpnet,SUM+MAX_SUM-11-12,two-tokens,SUM+MAX,SUM-11-12,4,"torch.Size([61, 1536])",12,0,batch-64-nhid-0-inlayer-12,NORMAL,84.03,86.91,93.78,88.97,89.51,94.2,71.77,87.02428571428572
306,allmpnet,SUM+AVG-NS_SUM-11-12,two-tokens,SUM+AVG-NS,SUM-11-12,4,"torch.Size([61, 1536])",12,0,batch-64-nhid-0-inlayer-12,NORMAL,84.09,86.97,93.78,88.48,90.06,94.6,72.06,87.14857142857143
307,allmpnet,SUM+SUM-NS_SUM-11-12,two-tokens,SUM+SUM-NS,SUM-11-12,4,"torch.Size([61, 1536])",12,0,batch-64-nhid-0-inlayer-12,NORMAL,83.45,86.67,93.65,88.35,89.62,94.6,70.38,86.67428571428572
308,allmpnet,SUM+MAX-NS_SUM-11-12,two-tokens,SUM+MAX-NS,SUM-11-12,4,"torch.Size([61, 1536])",12,0,batch-64-nhid-0-inlayer-12,NORMAL,83.92,81.24,93.65,35.66,50.08,94.8,72.06,73.05857142857143
309,allmpnet,MAX+AVG-NS_SUM-11-12,two-tokens,MAX+AVG-NS,SUM-11-12,4,"torch.Size([61, 1536])",12,0,batch-64-nhid-0-inlayer-12,NORMAL,84.93,88.66,94.83,89.63,90.01,95.2,74.09,88.19285714285715
310,allmpnet,MAX+SUM-NS_SUM-11-12,two-tokens,MAX+SUM-NS,SUM-11-12,4,"torch.Size([61, 1536])",12,0,batch-64-nhid-0-inlayer-12,NORMAL,83.76,87.21,93.75,89.01,89.4,91.4,69.45,86.28285714285714
311,allmpnet,MAX+MAX-NS_SUM-11-12,two-tokens,MAX+MAX-NS,SUM-11-12,4,"torch.Size([61, 1536])",12,0,batch-64-nhid-0-inlayer-12,NORMAL,84.31,66.3,93.66,31.94,50.08,94.6,70.43,70.18857142857142
312,allmpnet,AVG-NS+SUM-NS_SUM-11-12,two-tokens,AVG-NS+SUM-NS,SUM-11-12,4,"torch.Size([61, 1536])",12,0,batch-64-nhid-0-inlayer-12,NORMAL,84.11,86.78,93.68,88.52,89.18,89.8,69.97,86.00571428571428
313,allmpnet,AVG-NS+MAX-NS_SUM-11-12,two-tokens,AVG-NS+MAX-NS,SUM-11-12,4,"torch.Size([61, 1536])",12,0,batch-64-nhid-0-inlayer-12,NORMAL,84.72,66.22,94.72,31.94,50.08,91.4,73.8,70.41142857142857
314,allmpnet,SUM-NS+MAX-NS_SUM-11-12,two-tokens,SUM-NS+MAX-NS,SUM-11-12,4,"torch.Size([61, 1536])",12,0,batch-64-nhid-0-inlayer-12,NORMAL,83.81,65.98,93.73,31.94,50.08,89.6,70.14,69.32571428571428
315,allmpnet,CLS+AVG_SUM-1-3,two-tokens,CLS+AVG,SUM-1-3,4,"torch.Size([61, 1536])",12,0,batch-64-nhid-0-inlayer-12,NORMAL,80.03,85.24,94.6,89.9,85.06,90.6,73.04,85.49571428571427
316,allmpnet,CLS+SUM_SUM-1-3,two-tokens,CLS+SUM,SUM-1-3,4,"torch.Size([61, 1536])",12,0,batch-64-nhid-0-inlayer-12,NORMAL,79.59,81.99,92.89,88.31,84.46,88.6,70.09,83.7042857142857
317,allmpnet,CLS+MAX_SUM-1-3,two-tokens,CLS+MAX,SUM-1-3,4,"torch.Size([61, 1536])",12,0,batch-64-nhid-0-inlayer-12,NORMAL,75.74,80.29,91.68,88.41,80.01,86.8,71.59,82.07428571428571
318,allmpnet,CLS+AVG-NS_SUM-1-3,two-tokens,CLS+AVG-NS,SUM-1-3,4,"torch.Size([61, 1536])",12,0,batch-64-nhid-0-inlayer-12,NORMAL,78.68,82.62,93.99,88.94,83.91,82.8,72.87,83.40142857142857
319,allmpnet,CLS+SUM-NS_SUM-1-3,two-tokens,CLS+SUM-NS,SUM-1-3,4,"torch.Size([61, 1536])",12,0,batch-64-nhid-0-inlayer-12,NORMAL,78.14,79.26,92.4,88.0,84.46,84.4,69.45,82.30142857142857
320,allmpnet,CLS+MAX-NS_SUM-1-3,two-tokens,CLS+MAX-NS,SUM-1-3,4,"torch.Size([61, 1536])",12,0,batch-64-nhid-0-inlayer-12,NORMAL,74.61,64.9,90.67,35.75,50.08,80.0,70.55,66.65142857142857
321,allmpnet,AVG+SUM_SUM-1-3,two-tokens,AVG+SUM,SUM-1-3,4,"torch.Size([61, 1536])",12,0,batch-64-nhid-0-inlayer-12,NORMAL,79.5,81.86,92.78,88.63,83.64,89.0,70.14,83.64999999999999
322,allmpnet,AVG+MAX_SUM-1-3,two-tokens,AVG+MAX,SUM-1-3,4,"torch.Size([61, 1536])",12,0,batch-64-nhid-0-inlayer-12,NORMAL,78.65,82.49,93.56,88.71,84.51,89.2,70.14,83.89428571428572
323,allmpnet,AVG+AVG-NS_SUM-1-3,two-tokens,AVG+AVG-NS,SUM-1-3,4,"torch.Size([61, 1536])",12,0,batch-64-nhid-0-inlayer-12,NORMAL,79.92,84.61,94.54,89.15,85.78,90.4,72.87,85.32428571428571
324,allmpnet,AVG+SUM-NS_SUM-1-3,two-tokens,AVG+SUM-NS,SUM-1-3,4,"torch.Size([61, 1536])",12,0,batch-64-nhid-0-inlayer-12,NORMAL,78.04,79.26,92.41,88.62,84.73,86.0,68.0,82.43714285714286
325,allmpnet,AVG+MAX-NS_SUM-1-3,two-tokens,AVG+MAX-NS,SUM-1-3,4,"torch.Size([61, 1536])",12,0,batch-64-nhid-0-inlayer-12,NORMAL,78.65,65.43,93.37,32.0,50.08,87.2,69.86,68.08428571428571
326,allmpnet,SUM+MAX_SUM-1-3,two-tokens,SUM+MAX,SUM-1-3,4,"torch.Size([61, 1536])",12,0,batch-64-nhid-0-inlayer-12,NORMAL,79.42,81.8,92.6,87.83,85.01,88.2,70.03,83.55571428571429
327,allmpnet,SUM+AVG-NS_SUM-1-3,two-tokens,SUM+AVG-NS,SUM-1-3,4,"torch.Size([61, 1536])",12,0,batch-64-nhid-0-inlayer-12,NORMAL,79.37,81.8,92.82,87.71,84.4,89.2,70.32,83.66000000000001
328,allmpnet,SUM+SUM-NS_SUM-1-3,two-tokens,SUM+SUM-NS,SUM-1-3,4,"torch.Size([61, 1536])",12,0,batch-64-nhid-0-inlayer-12,NORMAL,79.29,82.01,92.56,87.45,84.79,90.0,70.84,83.84857142857143
329,allmpnet,SUM+MAX-NS_SUM-1-3,two-tokens,SUM+MAX-NS,SUM-1-3,4,"torch.Size([61, 1536])",12,0,batch-64-nhid-0-inlayer-12,NORMAL,79.31,68.61,92.73,35.75,50.08,88.4,69.86,69.24857142857142
330,allmpnet,MAX+AVG-NS_SUM-1-3,two-tokens,MAX+AVG-NS,SUM-1-3,4,"torch.Size([61, 1536])",12,0,batch-64-nhid-0-inlayer-12,NORMAL,77.79,82.23,93.46,87.56,83.64,90.2,69.28,83.45142857142856
331,allmpnet,MAX+SUM-NS_SUM-1-3,two-tokens,MAX+SUM-NS,SUM-1-3,4,"torch.Size([61, 1536])",12,0,batch-64-nhid-0-inlayer-12,NORMAL,77.66,79.63,92.19,87.46,84.62,88.0,69.1,82.66571428571429
332,allmpnet,MAX+MAX-NS_SUM-1-3,two-tokens,MAX+MAX-NS,SUM-1-3,4,"torch.Size([61, 1536])",12,0,batch-64-nhid-0-inlayer-12,NORMAL,74.15,65.35,91.59,32.0,50.08,88.4,69.22,67.25571428571429
333,allmpnet,AVG-NS+SUM-NS_SUM-1-3,two-tokens,AVG-NS+SUM-NS,SUM-1-3,4,"torch.Size([61, 1536])",12,0,batch-64-nhid-0-inlayer-12,NORMAL,77.94,79.31,92.35,87.38,83.8,86.0,68.17,82.13571428571429
334,allmpnet,AVG-NS+MAX-NS_SUM-1-3,two-tokens,AVG-NS+MAX-NS,SUM-1-3,4,"torch.Size([61, 1536])",12,0,batch-64-nhid-0-inlayer-12,NORMAL,78.41,65.43,92.92,32.0,50.08,84.6,69.97,67.63
335,allmpnet,SUM-NS+MAX-NS_SUM-1-3,two-tokens,SUM-NS+MAX-NS,SUM-1-3,4,"torch.Size([61, 1536])",12,0,batch-64-nhid-0-inlayer-12,NORMAL,77.37,68.05,91.9,35.75,50.08,86.2,68.7,68.29285714285714
336,allmpnet,CLS+AVG_SUM-2-4,two-tokens,CLS+AVG,SUM-2-4,4,"torch.Size([61, 1536])",12,0,batch-64-nhid-0-inlayer-12,NORMAL,81.09,86.47,95.3,90.0,86.33,92.4,74.2,86.54142857142858
337,allmpnet,CLS+SUM_SUM-2-4,two-tokens,CLS+SUM,SUM-2-4,4,"torch.Size([61, 1536])",12,0,batch-64-nhid-0-inlayer-12,NORMAL,80.28,82.65,93.37,88.58,84.62,91.2,69.74,84.34857142857143
338,allmpnet,CLS+MAX_SUM-2-4,two-tokens,CLS+MAX,SUM-2-4,4,"torch.Size([61, 1536])",12,0,batch-64-nhid-0-inlayer-12,NORMAL,77.66,81.59,92.84,88.65,82.98,90.0,72.64,83.76571428571428
339,allmpnet,CLS+AVG-NS_SUM-2-4,two-tokens,CLS+AVG-NS,SUM-2-4,4,"torch.Size([61, 1536])",12,0,batch-64-nhid-0-inlayer-12,NORMAL,80.09,84.08,94.96,89.0,84.95,87.6,72.81,84.78428571428572
340,allmpnet,CLS+SUM-NS_SUM-2-4,two-tokens,CLS+SUM-NS,SUM-2-4,4,"torch.Size([61, 1536])",12,0,batch-64-nhid-0-inlayer-12,NORMAL,79.02,79.87,92.98,88.24,84.46,85.8,70.72,83.01285714285714
341,allmpnet,CLS+MAX-NS_SUM-2-4,two-tokens,CLS+MAX-NS,SUM-2-4,4,"torch.Size([61, 1536])",12,0,batch-64-nhid-0-inlayer-12,NORMAL,76.46,65.14,91.99,35.5,50.08,87.6,71.25,68.28857142857143
342,allmpnet,AVG+SUM_SUM-2-4,two-tokens,AVG+SUM,SUM-2-4,4,"torch.Size([61, 1536])",12,0,batch-64-nhid-0-inlayer-12,NORMAL,80.41,82.44,93.37,88.7,83.96,90.8,70.84,84.36
343,allmpnet,AVG+MAX_SUM-2-4,two-tokens,AVG+MAX,SUM-2-4,4,"torch.Size([61, 1536])",12,0,batch-64-nhid-0-inlayer-12,NORMAL,79.73,84.29,94.21,88.69,84.79,92.0,71.3,85.00142857142858
344,allmpnet,AVG+AVG-NS_SUM-2-4,two-tokens,AVG+AVG-NS,SUM-2-4,4,"torch.Size([61, 1536])",12,0,batch-64-nhid-0-inlayer-12,NORMAL,81.44,85.54,95.24,89.4,86.22,91.4,72.87,86.01571428571428
345,allmpnet,AVG+SUM-NS_SUM-2-4,two-tokens,AVG+SUM-NS,SUM-2-4,4,"torch.Size([61, 1536])",12,0,batch-64-nhid-0-inlayer-12,NORMAL,79.54,80.35,92.8,88.67,84.9,87.2,70.09,83.36428571428573
346,allmpnet,AVG+MAX-NS_SUM-2-4,two-tokens,AVG+MAX-NS,SUM-2-4,4,"torch.Size([61, 1536])",12,0,batch-64-nhid-0-inlayer-12,NORMAL,79.72,65.67,94.37,31.75,50.08,90.8,72.12,69.21571428571428
347,allmpnet,SUM+MAX_SUM-2-4,two-tokens,SUM+MAX,SUM-2-4,4,"torch.Size([61, 1536])",12,0,batch-64-nhid-0-inlayer-12,NORMAL,80.18,82.78,93.33,87.71,84.51,91.2,70.84,84.36428571428573
348,allmpnet,SUM+AVG-NS_SUM-2-4,two-tokens,SUM+AVG-NS,SUM-2-4,4,"torch.Size([61, 1536])",12,0,batch-64-nhid-0-inlayer-12,NORMAL,80.3,82.28,93.36,88.04,84.68,91.0,70.61,84.32428571428572
349,allmpnet,SUM+SUM-NS_SUM-2-4,two-tokens,SUM+SUM-NS,SUM-2-4,4,"torch.Size([61, 1536])",12,0,batch-64-nhid-0-inlayer-12,NORMAL,79.83,81.83,93.43,87.84,85.39,90.4,70.49,84.17285714285715
350,allmpnet,SUM+MAX-NS_SUM-2-4,two-tokens,SUM+MAX-NS,SUM-2-4,4,"torch.Size([61, 1536])",12,0,batch-64-nhid-0-inlayer-12,NORMAL,79.89,67.18,93.26,35.5,50.08,91.2,70.26,69.6242857142857
351,allmpnet,MAX+AVG-NS_SUM-2-4,two-tokens,MAX+AVG-NS,SUM-2-4,4,"torch.Size([61, 1536])",12,0,batch-64-nhid-0-inlayer-12,NORMAL,79.09,83.42,94.01,87.82,84.68,92.4,70.38,84.54285714285713
352,allmpnet,MAX+SUM-NS_SUM-2-4,two-tokens,MAX+SUM-NS,SUM-2-4,4,"torch.Size([61, 1536])",12,0,batch-64-nhid-0-inlayer-12,NORMAL,79.27,80.98,92.91,87.72,84.62,89.8,69.97,83.61
353,allmpnet,MAX+MAX-NS_SUM-2-4,two-tokens,MAX+MAX-NS,SUM-2-4,4,"torch.Size([61, 1536])",12,0,batch-64-nhid-0-inlayer-12,NORMAL,76.83,66.14,92.22,35.5,50.08,90.6,71.42,68.97
354,allmpnet,AVG-NS+SUM-NS_SUM-2-4,two-tokens,AVG-NS+SUM-NS,SUM-2-4,4,"torch.Size([61, 1536])",12,0,batch-64-nhid-0-inlayer-12,NORMAL,78.9,80.37,92.68,87.77,84.02,86.4,69.97,82.87285714285714
355,allmpnet,AVG-NS+MAX-NS_SUM-2-4,two-tokens,AVG-NS+MAX-NS,SUM-2-4,4,"torch.Size([61, 1536])",12,0,batch-64-nhid-0-inlayer-12,NORMAL,78.58,65.67,93.77,31.75,50.08,87.2,70.84,68.27
356,allmpnet,SUM-NS+MAX-NS_SUM-2-4,two-tokens,SUM-NS+MAX-NS,SUM-2-4,4,"torch.Size([61, 1536])",12,0,batch-64-nhid-0-inlayer-12,NORMAL,78.37,65.3,92.94,35.5,50.08,87.4,69.8,68.48428571428572
357,allmpnet,CLS+AVG_SUM-3-5,two-tokens,CLS+AVG,SUM-3-5,4,"torch.Size([61, 1536])",12,0,batch-64-nhid-0-inlayer-12,NORMAL,83.51,88.93,95.92,90.31,87.92,92.8,74.78,87.73857142857142
358,allmpnet,CLS+SUM_SUM-3-5,two-tokens,CLS+SUM,SUM-3-5,4,"torch.Size([61, 1536])",12,0,batch-64-nhid-0-inlayer-12,NORMAL,82.68,84.74,93.59,88.9,86.82,92.2,69.51,85.49142857142856
359,allmpnet,CLS+MAX_SUM-3-5,two-tokens,CLS+MAX,SUM-3-5,4,"torch.Size([61, 1536])",12,0,batch-64-nhid-0-inlayer-12,NORMAL,80.1,83.5,94.38,88.98,86.05,90.8,73.28,85.29857142857144
360,allmpnet,CLS+AVG-NS_SUM-3-5,two-tokens,CLS+AVG-NS,SUM-3-5,4,"torch.Size([61, 1536])",12,0,batch-64-nhid-0-inlayer-12,NORMAL,82.5,87.39,95.68,89.31,86.22,90.4,72.75,86.32142857142857
361,allmpnet,CLS+SUM-NS_SUM-3-5,two-tokens,CLS+SUM-NS,SUM-3-5,4,"torch.Size([61, 1536])",12,0,batch-64-nhid-0-inlayer-12,NORMAL,81.24,82.36,93.28,88.03,85.56,87.2,69.51,83.88285714285713
362,allmpnet,CLS+MAX-NS_SUM-3-5,two-tokens,CLS+MAX-NS,SUM-3-5,4,"torch.Size([61, 1536])",12,0,batch-64-nhid-0-inlayer-12,NORMAL,79.26,65.4,94.14,31.75,50.08,88.0,71.83,68.63714285714285
363,allmpnet,AVG+SUM_SUM-3-5,two-tokens,AVG+SUM,SUM-3-5,4,"torch.Size([61, 1536])",12,0,batch-64-nhid-0-inlayer-12,NORMAL,82.68,84.74,93.63,89.02,86.77,92.2,69.62,85.52285714285713
364,allmpnet,AVG+MAX_SUM-3-5,two-tokens,AVG+MAX,SUM-3-5,4,"torch.Size([61, 1536])",12,0,batch-64-nhid-0-inlayer-12,NORMAL,81.62,86.44,94.77,89.49,86.88,93.6,72.75,86.50714285714285
365,allmpnet,AVG+AVG-NS_SUM-3-5,two-tokens,AVG+AVG-NS,SUM-3-5,4,"torch.Size([61, 1536])",12,0,batch-64-nhid-0-inlayer-12,NORMAL,83.41,88.05,95.69,89.7,88.25,91.8,73.86,87.25142857142858
366,allmpnet,AVG+SUM-NS_SUM-3-5,two-tokens,AVG+SUM-NS,SUM-3-5,4,"torch.Size([61, 1536])",12,0,batch-64-nhid-0-inlayer-12,NORMAL,81.39,82.62,93.25,89.09,86.71,88.8,69.62,84.49714285714286
367,allmpnet,AVG+MAX-NS_SUM-3-5,two-tokens,AVG+MAX-NS,SUM-3-5,4,"torch.Size([61, 1536])",12,0,batch-64-nhid-0-inlayer-12,NORMAL,81.53,65.77,94.71,31.75,50.08,90.2,71.94,69.42571428571428
368,allmpnet,SUM+MAX_SUM-3-5,two-tokens,SUM+MAX,SUM-3-5,4,"torch.Size([61, 1536])",12,0,batch-64-nhid-0-inlayer-12,NORMAL,82.47,85.27,93.66,88.21,86.99,92.4,70.03,85.57571428571428
369,allmpnet,SUM+AVG-NS_SUM-3-5,two-tokens,SUM+AVG-NS,SUM-3-5,4,"torch.Size([61, 1536])",12,0,batch-64-nhid-0-inlayer-12,NORMAL,82.58,84.69,93.62,88.4,87.26,92.4,70.09,85.57714285714285
370,allmpnet,SUM+SUM-NS_SUM-3-5,two-tokens,SUM+SUM-NS,SUM-3-5,4,"torch.Size([61, 1536])",12,0,batch-64-nhid-0-inlayer-12,NORMAL,81.97,84.96,94.22,88.25,86.44,92.4,69.74,85.42571428571429
371,allmpnet,SUM+MAX-NS_SUM-3-5,two-tokens,SUM+MAX-NS,SUM-3-5,4,"torch.Size([61, 1536])",12,0,batch-64-nhid-0-inlayer-12,NORMAL,82.39,77.38,93.66,35.5,50.08,93.0,69.1,71.58714285714284
372,allmpnet,MAX+AVG-NS_SUM-3-5,two-tokens,MAX+AVG-NS,SUM-3-5,4,"torch.Size([61, 1536])",12,0,batch-64-nhid-0-inlayer-12,NORMAL,80.99,85.38,94.58,88.7,86.82,92.2,70.96,85.66142857142857
373,allmpnet,MAX+SUM-NS_SUM-3-5,two-tokens,MAX+SUM-NS,SUM-3-5,4,"torch.Size([61, 1536])",12,0,batch-64-nhid-0-inlayer-12,NORMAL,80.99,83.71,93.52,88.12,86.33,90.2,69.1,84.56714285714285
374,allmpnet,MAX+MAX-NS_SUM-3-5,two-tokens,MAX+MAX-NS,SUM-3-5,4,"torch.Size([61, 1536])",12,0,batch-64-nhid-0-inlayer-12,NORMAL,79.17,65.64,93.53,35.5,50.08,92.2,72.0,69.73142857142857
375,allmpnet,AVG-NS+SUM-NS_SUM-3-5,two-tokens,AVG-NS+SUM-NS,SUM-3-5,4,"torch.Size([61, 1536])",12,0,batch-64-nhid-0-inlayer-12,NORMAL,81.15,82.41,93.21,88.12,85.45,88.4,69.62,84.05142857142857
376,allmpnet,AVG-NS+MAX-NS_SUM-3-5,two-tokens,AVG-NS+MAX-NS,SUM-3-5,4,"torch.Size([61, 1536])",12,0,batch-64-nhid-0-inlayer-12,NORMAL,80.26,65.56,94.44,31.75,50.08,89.6,71.77,69.06571428571428
377,allmpnet,SUM-NS+MAX-NS_SUM-3-5,two-tokens,SUM-NS+MAX-NS,SUM-3-5,4,"torch.Size([61, 1536])",12,0,batch-64-nhid-0-inlayer-12,NORMAL,80.61,67.15,93.12,35.5,50.08,88.6,69.62,69.24
378,allmpnet,CLS+AVG_SUM-4-6,two-tokens,CLS+AVG,SUM-4-6,4,"torch.Size([61, 1536])",12,0,batch-64-nhid-0-inlayer-12,NORMAL,85.0,90.62,96.39,90.8,89.57,93.8,75.65,88.83285714285714
379,allmpnet,CLS+SUM_SUM-4-6,two-tokens,CLS+SUM,SUM-4-6,4,"torch.Size([61, 1536])",12,0,batch-64-nhid-0-inlayer-12,NORMAL,84.26,86.36,94.22,89.34,89.24,94.0,69.16,86.65428571428572
380,allmpnet,CLS+MAX_SUM-4-6,two-tokens,CLS+MAX,SUM-4-6,4,"torch.Size([61, 1536])",12,0,batch-64-nhid-0-inlayer-12,NORMAL,82.54,86.49,95.07,89.52,88.41,93.6,71.94,86.79571428571428
381,allmpnet,CLS+AVG-NS_SUM-4-6,two-tokens,CLS+AVG-NS,SUM-4-6,4,"torch.Size([61, 1536])",12,0,batch-64-nhid-0-inlayer-12,NORMAL,84.47,89.83,96.08,89.72,89.07,90.2,71.88,87.32142857142857
382,allmpnet,CLS+SUM-NS_SUM-4-6,two-tokens,CLS+SUM-NS,SUM-4-6,4,"torch.Size([61, 1536])",12,0,batch-64-nhid-0-inlayer-12,NORMAL,83.09,84.29,93.86,88.88,88.25,89.0,70.2,85.36714285714287
383,allmpnet,CLS+MAX-NS_SUM-4-6,two-tokens,CLS+MAX-NS,SUM-4-6,4,"torch.Size([61, 1536])",12,0,batch-64-nhid-0-inlayer-12,NORMAL,82.73,65.88,94.99,31.75,50.08,88.2,72.23,69.40857142857143
384,allmpnet,AVG+SUM_SUM-4-6,two-tokens,AVG+SUM,SUM-4-6,4,"torch.Size([61, 1536])",12,0,batch-64-nhid-0-inlayer-12,NORMAL,84.18,86.1,94.16,89.34,89.29,93.8,69.39,86.60857142857142
385,allmpnet,AVG+MAX_SUM-4-6,two-tokens,AVG+MAX,SUM-4-6,4,"torch.Size([61, 1536])",12,0,batch-64-nhid-0-inlayer-12,NORMAL,83.21,88.13,94.98,89.74,88.8,93.8,74.14,87.54285714285713
386,allmpnet,AVG+AVG-NS_SUM-4-6,two-tokens,AVG+AVG-NS,SUM-4-6,4,"torch.Size([61, 1536])",12,0,batch-64-nhid-0-inlayer-12,NORMAL,84.54,90.07,95.85,89.93,89.62,94.2,72.75,88.13714285714286
387,allmpnet,AVG+SUM-NS_SUM-4-6,two-tokens,AVG+SUM-NS,SUM-4-6,4,"torch.Size([61, 1536])",12,0,batch-64-nhid-0-inlayer-12,NORMAL,83.15,84.4,93.78,89.52,88.36,91.0,68.52,85.53285714285714
388,allmpnet,AVG+MAX-NS_SUM-4-6,two-tokens,AVG+MAX-NS,SUM-4-6,4,"torch.Size([61, 1536])",12,0,batch-64-nhid-0-inlayer-12,NORMAL,83.28,65.93,95.01,31.75,50.08,92.8,74.32,70.45285714285714
389,allmpnet,SUM+MAX_SUM-4-6,two-tokens,SUM+MAX,SUM-4-6,4,"torch.Size([61, 1536])",12,0,batch-64-nhid-0-inlayer-12,NORMAL,83.86,86.6,94.3,88.82,89.68,93.6,69.57,86.63285714285715
390,allmpnet,SUM+AVG-NS_SUM-4-6,two-tokens,SUM+AVG-NS,SUM-4-6,4,"torch.Size([61, 1536])",12,0,batch-64-nhid-0-inlayer-12,NORMAL,84.11,86.23,94.29,89.0,90.01,93.4,68.99,86.57571428571428
391,allmpnet,SUM+SUM-NS_SUM-4-6,two-tokens,SUM+SUM-NS,SUM-4-6,4,"torch.Size([61, 1536])",12,0,batch-64-nhid-0-inlayer-12,NORMAL,83.11,87.31,94.64,88.72,88.91,93.2,70.2,86.58428571428571
392,allmpnet,SUM+MAX-NS_SUM-4-6,two-tokens,SUM+MAX-NS,SUM-4-6,4,"torch.Size([61, 1536])",12,0,batch-64-nhid-0-inlayer-12,NORMAL,83.8,80.0,94.22,35.5,50.08,94.0,68.87,72.35285714285713
393,allmpnet,MAX+AVG-NS_SUM-4-6,two-tokens,MAX+AVG-NS,SUM-4-6,4,"torch.Size([61, 1536])",12,0,batch-64-nhid-0-inlayer-12,NORMAL,82.16,87.39,95.0,89.11,88.36,93.8,72.17,86.85571428571428
394,allmpnet,MAX+SUM-NS_SUM-4-6,two-tokens,MAX+SUM-NS,SUM-4-6,4,"torch.Size([61, 1536])",12,0,batch-64-nhid-0-inlayer-12,NORMAL,82.53,85.43,94.09,88.83,88.3,92.2,69.33,85.8157142857143
395,allmpnet,MAX+MAX-NS_SUM-4-6,two-tokens,MAX+MAX-NS,SUM-4-6,4,"torch.Size([61, 1536])",12,0,batch-64-nhid-0-inlayer-12,NORMAL,80.38,65.64,93.78,35.5,50.08,92.2,73.33,70.12999999999998
396,allmpnet,AVG-NS+SUM-NS_SUM-4-6,two-tokens,AVG-NS+SUM-NS,SUM-4-6,4,"torch.Size([61, 1536])",12,0,batch-64-nhid-0-inlayer-12,NORMAL,82.95,84.16,93.86,88.46,88.08,89.8,69.45,85.25142857142858
397,allmpnet,AVG-NS+MAX-NS_SUM-4-6,two-tokens,AVG-NS+MAX-NS,SUM-4-6,4,"torch.Size([61, 1536])",12,0,batch-64-nhid-0-inlayer-12,NORMAL,82.25,65.67,94.77,31.75,50.08,89.0,72.41,69.41857142857143
398,allmpnet,SUM-NS+MAX-NS_SUM-4-6,two-tokens,SUM-NS+MAX-NS,SUM-4-6,4,"torch.Size([61, 1536])",12,0,batch-64-nhid-0-inlayer-12,NORMAL,82.34,68.34,94.09,35.5,50.08,90.8,69.1,70.03571428571429
399,allmpnet,CLS+AVG_SUM-5-7,two-tokens,CLS+AVG,SUM-5-7,4,"torch.Size([61, 1536])",12,0,batch-64-nhid-0-inlayer-12,NORMAL,85.52,91.5,96.46,90.91,90.55,94.0,75.36,89.1857142857143
400,allmpnet,CLS+SUM_SUM-5-7,two-tokens,CLS+SUM,SUM-5-7,4,"torch.Size([61, 1536])",12,0,batch-64-nhid-0-inlayer-12,NORMAL,84.61,87.66,94.67,89.48,90.33,92.4,68.75,86.84285714285714
401,allmpnet,CLS+MAX_SUM-5-7,two-tokens,CLS+MAX,SUM-5-7,4,"torch.Size([61, 1536])",12,0,batch-64-nhid-0-inlayer-12,NORMAL,83.24,89.14,95.41,89.68,90.77,90.6,72.81,87.3785714285714
402,allmpnet,CLS+AVG-NS_SUM-5-7,two-tokens,CLS+AVG-NS,SUM-5-7,4,"torch.Size([61, 1536])",12,0,batch-64-nhid-0-inlayer-12,NORMAL,85.45,90.81,96.16,89.7,89.95,92.0,73.62,88.24142857142856
403,allmpnet,CLS+SUM-NS_SUM-5-7,two-tokens,CLS+SUM-NS,SUM-5-7,4,"torch.Size([61, 1536])",12,0,batch-64-nhid-0-inlayer-12,NORMAL,83.68,86.62,94.44,88.8,89.62,90.8,69.86,86.26
404,allmpnet,CLS+MAX-NS_SUM-5-7,two-tokens,CLS+MAX-NS,SUM-5-7,4,"torch.Size([61, 1536])",12,0,batch-64-nhid-0-inlayer-12,NORMAL,83.25,66.14,95.22,31.75,50.08,88.2,72.52,69.5942857142857
405,allmpnet,AVG+SUM_SUM-5-7,two-tokens,AVG+SUM,SUM-5-7,4,"torch.Size([61, 1536])",12,0,batch-64-nhid-0-inlayer-12,NORMAL,84.64,87.34,94.6,89.37,90.06,93.0,68.17,86.74
406,allmpnet,AVG+MAX_SUM-5-7,two-tokens,AVG+MAX,SUM-5-7,4,"torch.Size([61, 1536])",12,0,batch-64-nhid-0-inlayer-12,NORMAL,84.33,89.43,95.24,89.84,90.61,93.8,74.9,88.30714285714285
407,allmpnet,AVG+AVG-NS_SUM-5-7,two-tokens,AVG+AVG-NS,SUM-5-7,4,"torch.Size([61, 1536])",12,0,batch-64-nhid-0-inlayer-12,NORMAL,85.56,90.57,96.05,90.15,90.61,94.4,72.64,88.56857142857143
408,allmpnet,AVG+SUM-NS_SUM-5-7,two-tokens,AVG+SUM-NS,SUM-5-7,4,"torch.Size([61, 1536])",12,0,batch-64-nhid-0-inlayer-12,NORMAL,83.6,86.12,94.1,89.32,89.18,91.4,69.45,86.16714285714286
409,allmpnet,AVG+MAX-NS_SUM-5-7,two-tokens,AVG+MAX-NS,SUM-5-7,4,"torch.Size([61, 1536])",12,0,batch-64-nhid-0-inlayer-12,NORMAL,84.31,65.96,94.99,31.75,50.08,92.8,72.29,70.31142857142858
410,allmpnet,SUM+MAX_SUM-5-7,two-tokens,SUM+MAX,SUM-5-7,4,"torch.Size([61, 1536])",12,0,batch-64-nhid-0-inlayer-12,NORMAL,84.49,87.66,94.63,88.8,90.23,93.2,68.46,86.78142857142858
411,allmpnet,SUM+AVG-NS_SUM-5-7,two-tokens,SUM+AVG-NS,SUM-5-7,4,"torch.Size([61, 1536])",12,0,batch-64-nhid-0-inlayer-12,NORMAL,84.63,87.5,94.62,88.93,90.39,93.4,68.29,86.82285714285715
412,allmpnet,SUM+SUM-NS_SUM-5-7,two-tokens,SUM+SUM-NS,SUM-5-7,4,"torch.Size([61, 1536])",12,0,batch-64-nhid-0-inlayer-12,NORMAL,83.74,88.74,94.85,88.76,90.23,93.0,69.28,86.94285714285714
413,allmpnet,SUM+MAX-NS_SUM-5-7,two-tokens,SUM+MAX-NS,SUM-5-7,4,"torch.Size([61, 1536])",12,0,batch-64-nhid-0-inlayer-12,NORMAL,84.47,83.63,94.43,35.5,50.08,93.2,68.58,72.84142857142857
414,allmpnet,MAX+AVG-NS_SUM-5-7,two-tokens,MAX+AVG-NS,SUM-5-7,4,"torch.Size([61, 1536])",12,0,batch-64-nhid-0-inlayer-12,NORMAL,83.9,88.74,94.97,89.18,90.33,94.0,73.91,87.86142857142856
415,allmpnet,MAX+SUM-NS_SUM-5-7,two-tokens,MAX+SUM-NS,SUM-5-7,4,"torch.Size([61, 1536])",12,0,batch-64-nhid-0-inlayer-12,NORMAL,83.22,86.89,94.28,88.66,89.51,92.2,69.74,86.35714285714286
416,allmpnet,MAX+MAX-NS_SUM-5-7,two-tokens,MAX+MAX-NS,SUM-5-7,4,"torch.Size([61, 1536])",12,0,batch-64-nhid-0-inlayer-12,NORMAL,81.77,65.75,93.95,35.5,50.08,92.0,73.16,70.31571428571428
417,allmpnet,AVG-NS+SUM-NS_SUM-5-7,two-tokens,AVG-NS+SUM-NS,SUM-5-7,4,"torch.Size([61, 1536])",12,0,batch-64-nhid-0-inlayer-12,NORMAL,83.47,85.91,94.1,88.51,89.51,90.6,69.51,85.94428571428571
418,allmpnet,AVG-NS+MAX-NS_SUM-5-7,two-tokens,AVG-NS+MAX-NS,SUM-5-7,4,"torch.Size([61, 1536])",12,0,batch-64-nhid-0-inlayer-12,NORMAL,83.25,65.96,94.71,31.75,50.08,89.6,73.39,69.81999999999998
419,allmpnet,SUM-NS+MAX-NS_SUM-5-7,two-tokens,SUM-NS+MAX-NS,SUM-5-7,4,"torch.Size([61, 1536])",12,0,batch-64-nhid-0-inlayer-12,NORMAL,83.01,68.03,94.25,35.5,50.08,91.4,70.09,70.33714285714287
420,allmpnet,CLS+AVG_SUM-6-8,two-tokens,CLS+AVG,SUM-6-8,4,"torch.Size([61, 1536])",12,0,batch-64-nhid-0-inlayer-12,NORMAL,85.81,91.52,96.44,90.68,90.88,95.0,75.59,89.41714285714285
421,allmpnet,CLS+SUM_SUM-6-8,two-tokens,CLS+SUM,SUM-6-8,4,"torch.Size([61, 1536])",12,0,batch-64-nhid-0-inlayer-12,NORMAL,85.11,88.02,94.6,89.49,91.05,93.4,68.81,87.21142857142857
422,allmpnet,CLS+MAX_SUM-6-8,two-tokens,CLS+MAX,SUM-6-8,4,"torch.Size([61, 1536])",12,0,batch-64-nhid-0-inlayer-12,NORMAL,84.07,89.27,95.3,89.22,91.1,92.6,71.77,87.61857142857143
423,allmpnet,CLS+AVG-NS_SUM-6-8,two-tokens,CLS+AVG-NS,SUM-6-8,4,"torch.Size([61, 1536])",12,0,batch-64-nhid-0-inlayer-12,NORMAL,85.22,90.92,96.3,90.07,90.72,91.8,73.16,88.31285714285714
424,allmpnet,CLS+SUM-NS_SUM-6-8,two-tokens,CLS+SUM-NS,SUM-6-8,4,"torch.Size([61, 1536])",12,0,batch-64-nhid-0-inlayer-12,NORMAL,84.35,87.31,94.37,89.12,90.12,89.6,68.93,86.25714285714285
425,allmpnet,CLS+MAX-NS_SUM-6-8,two-tokens,CLS+MAX-NS,SUM-6-8,4,"torch.Size([61, 1536])",12,0,batch-64-nhid-0-inlayer-12,NORMAL,84.28,66.25,95.07,31.75,50.08,87.8,72.23,69.63714285714286
426,allmpnet,AVG+SUM_SUM-6-8,two-tokens,AVG+SUM,SUM-6-8,4,"torch.Size([61, 1536])",12,0,batch-64-nhid-0-inlayer-12,NORMAL,84.96,87.65,94.61,89.47,90.72,93.2,68.35,86.99428571428574
427,allmpnet,AVG+MAX_SUM-6-8,two-tokens,AVG+MAX,SUM-6-8,4,"torch.Size([61, 1536])",12,0,batch-64-nhid-0-inlayer-12,NORMAL,84.44,89.54,95.1,89.54,91.6,94.8,73.28,88.32857142857142
428,allmpnet,AVG+AVG-NS_SUM-6-8,two-tokens,AVG+AVG-NS,SUM-6-8,4,"torch.Size([61, 1536])",12,0,batch-64-nhid-0-inlayer-12,NORMAL,85.61,90.94,96.0,90.19,91.16,95.2,71.3,88.62857142857142
429,allmpnet,AVG+SUM-NS_SUM-6-8,two-tokens,AVG+SUM-NS,SUM-6-8,4,"torch.Size([61, 1536])",12,0,batch-64-nhid-0-inlayer-12,NORMAL,84.53,86.94,94.36,89.5,90.28,91.4,69.62,86.66142857142857
430,allmpnet,AVG+MAX-NS_SUM-6-8,two-tokens,AVG+MAX-NS,SUM-6-8,4,"torch.Size([61, 1536])",12,0,batch-64-nhid-0-inlayer-12,NORMAL,84.7,66.28,95.27,31.75,50.08,92.2,72.64,70.41714285714285
431,allmpnet,SUM+MAX_SUM-6-8,two-tokens,SUM+MAX,SUM-6-8,4,"torch.Size([61, 1536])",12,0,batch-64-nhid-0-inlayer-12,NORMAL,84.82,88.03,94.65,88.82,90.66,93.8,67.94,86.96000000000001
432,allmpnet,SUM+AVG-NS_SUM-6-8,two-tokens,SUM+AVG-NS,SUM-6-8,4,"torch.Size([61, 1536])",12,0,batch-64-nhid-0-inlayer-12,NORMAL,85.03,87.79,94.59,88.81,91.05,93.0,68.0,86.89571428571428
433,allmpnet,SUM+SUM-NS_SUM-6-8,two-tokens,SUM+SUM-NS,SUM-6-8,4,"torch.Size([61, 1536])",12,0,batch-64-nhid-0-inlayer-12,NORMAL,84.13,88.82,94.7,88.57,90.55,94.4,68.99,87.16571428571429
434,allmpnet,SUM+MAX-NS_SUM-6-8,two-tokens,SUM+MAX-NS,SUM-6-8,4,"torch.Size([61, 1536])",12,0,batch-64-nhid-0-inlayer-12,NORMAL,84.81,83.26,94.63,35.5,50.08,93.4,68.81,72.92714285714285
435,allmpnet,MAX+AVG-NS_SUM-6-8,two-tokens,MAX+AVG-NS,SUM-6-8,4,"torch.Size([61, 1536])",12,0,batch-64-nhid-0-inlayer-12,NORMAL,84.05,89.19,95.17,89.11,91.05,93.2,73.22,87.8557142857143
436,allmpnet,MAX+SUM-NS_SUM-6-8,two-tokens,MAX+SUM-NS,SUM-6-8,4,"torch.Size([61, 1536])",12,0,batch-64-nhid-0-inlayer-12,NORMAL,84.04,87.23,94.33,88.72,90.5,92.0,68.87,86.52714285714286
437,allmpnet,MAX+MAX-NS_SUM-6-8,two-tokens,MAX+MAX-NS,SUM-6-8,4,"torch.Size([61, 1536])",12,0,batch-64-nhid-0-inlayer-12,NORMAL,82.95,66.17,94.08,35.5,50.08,92.0,71.94,70.38857142857142
438,allmpnet,AVG-NS+SUM-NS_SUM-6-8,two-tokens,AVG-NS+SUM-NS,SUM-6-8,4,"torch.Size([61, 1536])",12,0,batch-64-nhid-0-inlayer-12,NORMAL,84.35,87.07,94.27,88.84,90.33,90.4,68.35,86.23
439,allmpnet,AVG-NS+MAX-NS_SUM-6-8,two-tokens,AVG-NS+MAX-NS,SUM-6-8,4,"torch.Size([61, 1536])",12,0,batch-64-nhid-0-inlayer-12,NORMAL,83.76,66.12,94.85,31.75,50.08,87.0,71.59,69.30714285714285
440,allmpnet,SUM-NS+MAX-NS_SUM-6-8,two-tokens,SUM-NS+MAX-NS,SUM-6-8,4,"torch.Size([61, 1536])",12,0,batch-64-nhid-0-inlayer-12,NORMAL,83.85,68.82,94.31,31.75,50.08,90.0,69.1,69.70142857142856
441,allmpnet,CLS+AVG_SUM-7-9,two-tokens,CLS+AVG,SUM-7-9,4,"torch.Size([61, 1536])",12,0,batch-64-nhid-0-inlayer-12,NORMAL,86.24,91.39,96.37,90.62,91.16,95.6,74.96,89.47714285714287
442,allmpnet,CLS+SUM_SUM-7-9,two-tokens,CLS+SUM,SUM-7-9,4,"torch.Size([61, 1536])",12,0,batch-64-nhid-0-inlayer-12,NORMAL,85.35,88.03,94.43,89.07,91.6,94.6,68.75,87.40428571428572
443,allmpnet,CLS+MAX_SUM-7-9,two-tokens,CLS+MAX,SUM-7-9,4,"torch.Size([61, 1536])",12,0,batch-64-nhid-0-inlayer-12,NORMAL,84.85,89.64,95.26,89.19,91.05,93.4,71.88,87.89571428571428
444,allmpnet,CLS+AVG-NS_SUM-7-9,two-tokens,CLS+AVG-NS,SUM-7-9,4,"torch.Size([61, 1536])",12,0,batch-64-nhid-0-inlayer-12,NORMAL,85.89,91.23,96.24,89.75,91.21,92.6,72.7,88.51714285714286
445,allmpnet,CLS+SUM-NS_SUM-7-9,two-tokens,CLS+SUM-NS,SUM-7-9,4,"torch.Size([61, 1536])",12,0,batch-64-nhid-0-inlayer-12,NORMAL,84.88,87.89,94.57,88.75,90.12,91.2,68.99,86.62857142857142
446,allmpnet,CLS+MAX-NS_SUM-7-9,two-tokens,CLS+MAX-NS,SUM-7-9,4,"torch.Size([61, 1536])",12,0,batch-64-nhid-0-inlayer-12,NORMAL,84.35,66.06,94.84,31.75,50.08,89.0,71.54,69.66
447,allmpnet,AVG+SUM_SUM-7-9,two-tokens,AVG+SUM,SUM-7-9,4,"torch.Size([61, 1536])",12,0,batch-64-nhid-0-inlayer-12,NORMAL,85.4,88.34,94.61,89.3,90.72,94.4,68.93,87.38571428571429
448,allmpnet,AVG+MAX_SUM-7-9,two-tokens,AVG+MAX,SUM-7-9,4,"torch.Size([61, 1536])",12,0,batch-64-nhid-0-inlayer-12,NORMAL,85.1,90.09,95.25,89.98,91.6,94.8,70.9,88.24571428571427
449,allmpnet,AVG+AVG-NS_SUM-7-9,two-tokens,AVG+AVG-NS,SUM-7-9,4,"torch.Size([61, 1536])",12,0,batch-64-nhid-0-inlayer-12,NORMAL,86.06,90.78,95.84,89.83,91.43,95.4,72.12,88.78
450,allmpnet,AVG+SUM-NS_SUM-7-9,two-tokens,AVG+SUM-NS,SUM-7-9,4,"torch.Size([61, 1536])",12,0,batch-64-nhid-0-inlayer-12,NORMAL,84.8,87.92,94.52,88.94,90.28,93.0,68.58,86.86285714285715
451,allmpnet,AVG+MAX-NS_SUM-7-9,two-tokens,AVG+MAX-NS,SUM-7-9,4,"torch.Size([61, 1536])",12,0,batch-64-nhid-0-inlayer-12,NORMAL,84.65,66.25,95.03,31.75,50.08,92.2,70.32,70.03999999999999
452,allmpnet,SUM+MAX_SUM-7-9,two-tokens,SUM+MAX,SUM-7-9,4,"torch.Size([61, 1536])",12,0,batch-64-nhid-0-inlayer-12,NORMAL,85.24,88.18,94.54,88.6,91.54,94.0,68.52,87.2314285714286
453,allmpnet,SUM+AVG-NS_SUM-7-9,two-tokens,SUM+AVG-NS,SUM-7-9,4,"torch.Size([61, 1536])",12,0,batch-64-nhid-0-inlayer-12,NORMAL,85.42,88.37,94.43,88.8,91.16,94.6,68.41,87.31285714285715
454,allmpnet,SUM+SUM-NS_SUM-7-9,two-tokens,SUM+SUM-NS,SUM-7-9,4,"torch.Size([61, 1536])",12,0,batch-64-nhid-0-inlayer-12,NORMAL,84.52,88.95,94.83,88.38,90.33,95.2,68.29,87.21428571428571
455,allmpnet,SUM+MAX-NS_SUM-7-9,two-tokens,SUM+MAX-NS,SUM-7-9,4,"torch.Size([61, 1536])",12,0,batch-64-nhid-0-inlayer-12,NORMAL,85.11,87.79,94.44,35.5,50.08,94.4,68.87,73.74142857142859
456,allmpnet,MAX+AVG-NS_SUM-7-9,two-tokens,MAX+AVG-NS,SUM-7-9,4,"torch.Size([61, 1536])",12,0,batch-64-nhid-0-inlayer-12,NORMAL,84.4,89.96,95.1,89.05,91.05,93.4,71.77,87.81857142857143
457,allmpnet,MAX+SUM-NS_SUM-7-9,two-tokens,MAX+SUM-NS,SUM-7-9,4,"torch.Size([61, 1536])",12,0,batch-64-nhid-0-inlayer-12,NORMAL,84.41,88.13,94.53,88.62,90.88,93.4,68.58,86.9357142857143
458,allmpnet,MAX+MAX-NS_SUM-7-9,two-tokens,MAX+MAX-NS,SUM-7-9,4,"torch.Size([61, 1536])",12,0,batch-64-nhid-0-inlayer-12,NORMAL,83.66,68.07,93.77,35.5,50.08,93.0,71.42,70.78571428571429
459,allmpnet,AVG-NS+SUM-NS_SUM-7-9,two-tokens,AVG-NS+SUM-NS,SUM-7-9,4,"torch.Size([61, 1536])",12,0,batch-64-nhid-0-inlayer-12,NORMAL,84.74,87.63,94.42,88.55,90.17,92.0,68.64,86.59285714285714
460,allmpnet,AVG-NS+MAX-NS_SUM-7-9,two-tokens,AVG-NS+MAX-NS,SUM-7-9,4,"torch.Size([61, 1536])",12,0,batch-64-nhid-0-inlayer-12,NORMAL,84.21,65.98,94.68,31.75,50.08,91.0,70.84,69.79142857142857
461,allmpnet,SUM-NS+MAX-NS_SUM-7-9,two-tokens,SUM-NS+MAX-NS,SUM-7-9,4,"torch.Size([61, 1536])",12,0,batch-64-nhid-0-inlayer-12,NORMAL,84.38,66.09,94.47,35.5,50.08,92.2,69.04,70.25142857142858
462,allmpnet,CLS+AVG_SUM-8-10,two-tokens,CLS+AVG,SUM-8-10,4,"torch.Size([61, 1536])",12,0,batch-64-nhid-0-inlayer-12,NORMAL,86.75,91.68,96.06,90.42,92.04,96.0,75.77,89.81714285714285
463,allmpnet,CLS+SUM_SUM-8-10,two-tokens,CLS+SUM,SUM-8-10,4,"torch.Size([61, 1536])",12,0,batch-64-nhid-0-inlayer-12,NORMAL,85.44,88.0,94.08,88.71,90.94,95.8,70.38,87.62142857142855
464,allmpnet,CLS+MAX_SUM-8-10,two-tokens,CLS+MAX,SUM-8-10,4,"torch.Size([61, 1536])",12,0,batch-64-nhid-0-inlayer-12,NORMAL,85.14,88.98,94.39,89.08,90.61,92.8,71.77,87.53857142857143
465,allmpnet,CLS+AVG-NS_SUM-8-10,two-tokens,CLS+AVG-NS,SUM-8-10,4,"torch.Size([61, 1536])",12,0,batch-64-nhid-0-inlayer-12,NORMAL,86.51,91.07,95.82,89.61,91.43,92.0,72.64,88.44000000000001
466,allmpnet,CLS+SUM-NS_SUM-8-10,two-tokens,CLS+SUM-NS,SUM-8-10,4,"torch.Size([61, 1536])",12,0,batch-64-nhid-0-inlayer-12,NORMAL,84.81,87.74,94.04,88.54,90.39,92.6,70.96,87.01142857142858
467,allmpnet,CLS+MAX-NS_SUM-8-10,two-tokens,CLS+MAX-NS,SUM-8-10,4,"torch.Size([61, 1536])",12,0,batch-64-nhid-0-inlayer-12,NORMAL,84.71,66.01,94.05,40.06,50.08,87.8,71.19,70.55714285714285
468,allmpnet,AVG+SUM_SUM-8-10,two-tokens,AVG+SUM,SUM-8-10,4,"torch.Size([61, 1536])",12,0,batch-64-nhid-0-inlayer-12,NORMAL,85.43,87.97,94.22,88.83,90.61,95.4,70.2,87.52285714285715
469,allmpnet,AVG+MAX_SUM-8-10,two-tokens,AVG+MAX,SUM-8-10,4,"torch.Size([61, 1536])",12,0,batch-64-nhid-0-inlayer-12,NORMAL,85.37,89.85,95.14,89.52,90.88,94.0,73.1,88.26571428571428
470,allmpnet,AVG+AVG-NS_SUM-8-10,two-tokens,AVG+AVG-NS,SUM-8-10,4,"torch.Size([61, 1536])",12,0,batch-64-nhid-0-inlayer-12,NORMAL,86.07,91.13,95.7,89.62,91.1,96.2,74.26,89.15428571428572
471,allmpnet,AVG+SUM-NS_SUM-8-10,two-tokens,AVG+SUM-NS,SUM-8-10,4,"torch.Size([61, 1536])",12,0,batch-64-nhid-0-inlayer-12,NORMAL,84.83,88.22,94.17,88.97,90.61,93.2,70.26,87.18000000000002
472,allmpnet,AVG+MAX-NS_SUM-8-10,two-tokens,AVG+MAX-NS,SUM-8-10,4,"torch.Size([61, 1536])",12,0,batch-64-nhid-0-inlayer-12,NORMAL,85.12,66.12,94.79,40.06,50.08,93.6,71.65,71.63142857142857
473,allmpnet,SUM+MAX_SUM-8-10,two-tokens,SUM+MAX,SUM-8-10,4,"torch.Size([61, 1536])",12,0,batch-64-nhid-0-inlayer-12,NORMAL,85.28,88.29,94.24,88.54,90.94,95.4,70.26,87.56428571428572
474,allmpnet,SUM+AVG-NS_SUM-8-10,two-tokens,SUM+AVG-NS,SUM-8-10,4,"torch.Size([61, 1536])",12,0,batch-64-nhid-0-inlayer-12,NORMAL,85.38,88.0,94.24,88.57,90.55,95.6,70.43,87.53857142857143
475,allmpnet,SUM+SUM-NS_SUM-8-10,two-tokens,SUM+SUM-NS,SUM-8-10,4,"torch.Size([61, 1536])",12,0,batch-64-nhid-0-inlayer-12,NORMAL,84.68,88.56,94.45,88.21,90.77,96.0,69.16,87.4042857142857
476,allmpnet,SUM+MAX-NS_SUM-8-10,two-tokens,SUM+MAX-NS,SUM-8-10,4,"torch.Size([61, 1536])",12,0,batch-64-nhid-0-inlayer-12,NORMAL,85.39,86.38,94.13,43.09,50.08,95.6,70.38,75.00714285714285
477,allmpnet,MAX+AVG-NS_SUM-8-10,two-tokens,MAX+AVG-NS,SUM-8-10,4,"torch.Size([61, 1536])",12,0,batch-64-nhid-0-inlayer-12,NORMAL,84.65,89.56,95.0,88.99,91.27,94.2,72.41,88.01142857142858
478,allmpnet,MAX+SUM-NS_SUM-8-10,two-tokens,MAX+SUM-NS,SUM-8-10,4,"torch.Size([61, 1536])",12,0,batch-64-nhid-0-inlayer-12,NORMAL,84.74,88.37,94.04,88.22,90.5,94.4,70.9,87.30999999999999
479,allmpnet,MAX+MAX-NS_SUM-8-10,two-tokens,MAX+MAX-NS,SUM-8-10,4,"torch.Size([61, 1536])",12,0,batch-64-nhid-0-inlayer-12,NORMAL,83.79,65.83,93.78,43.09,50.08,92.4,68.29,71.03714285714287
480,allmpnet,AVG-NS+SUM-NS_SUM-8-10,two-tokens,AVG-NS+SUM-NS,SUM-8-10,4,"torch.Size([61, 1536])",12,0,batch-64-nhid-0-inlayer-12,NORMAL,84.84,87.82,94.15,88.23,89.95,93.0,70.61,86.94285714285715
481,allmpnet,AVG-NS+MAX-NS_SUM-8-10,two-tokens,AVG-NS+MAX-NS,SUM-8-10,4,"torch.Size([61, 1536])",12,0,batch-64-nhid-0-inlayer-12,NORMAL,84.62,66.06,94.57,40.06,50.08,91.4,70.49,71.03999999999999
482,allmpnet,SUM-NS+MAX-NS_SUM-8-10,two-tokens,SUM-NS+MAX-NS,SUM-8-10,4,"torch.Size([61, 1536])",12,0,batch-64-nhid-0-inlayer-12,NORMAL,84.33,68.87,94.14,43.09,50.08,94.2,70.67,72.19714285714285
483,allmpnet,CLS+AVG_SUM-9-11,two-tokens,CLS+AVG,SUM-9-11,4,"torch.Size([61, 1536])",12,0,batch-64-nhid-0-inlayer-12,NORMAL,86.52,91.58,95.73,90.27,91.76,97.0,73.22,89.43999999999998
484,allmpnet,CLS+SUM_SUM-9-11,two-tokens,CLS+SUM,SUM-9-11,4,"torch.Size([61, 1536])",12,0,batch-64-nhid-0-inlayer-12,NORMAL,84.97,88.93,94.07,88.6,90.33,96.2,70.32,87.63142857142859
485,allmpnet,CLS+MAX_SUM-9-11,two-tokens,CLS+MAX,SUM-9-11,4,"torch.Size([61, 1536])",12,0,batch-64-nhid-0-inlayer-12,NORMAL,84.21,87.52,93.88,88.79,90.94,93.6,71.77,87.24428571428572
486,allmpnet,CLS+AVG-NS_SUM-9-11,two-tokens,CLS+AVG-NS,SUM-9-11,4,"torch.Size([61, 1536])",12,0,batch-64-nhid-0-inlayer-12,NORMAL,85.72,90.36,95.48,89.36,90.83,93.0,72.41,88.16571428571429
487,allmpnet,CLS+SUM-NS_SUM-9-11,two-tokens,CLS+SUM-NS,SUM-9-11,4,"torch.Size([61, 1536])",12,0,batch-64-nhid-0-inlayer-12,NORMAL,84.67,87.26,94.13,88.63,90.83,91.8,70.72,86.86285714285714
488,allmpnet,CLS+MAX-NS_SUM-9-11,two-tokens,CLS+MAX-NS,SUM-9-11,4,"torch.Size([61, 1536])",12,0,batch-64-nhid-0-inlayer-12,NORMAL,83.74,65.85,93.32,40.06,50.08,89.4,70.14,70.36999999999999
489,allmpnet,AVG+SUM_SUM-9-11,two-tokens,AVG+SUM,SUM-9-11,4,"torch.Size([61, 1536])",12,0,batch-64-nhid-0-inlayer-12,NORMAL,84.95,88.82,94.12,88.83,90.39,96.0,71.3,87.77285714285712
490,allmpnet,AVG+MAX_SUM-9-11,two-tokens,AVG+MAX,SUM-9-11,4,"torch.Size([61, 1536])",12,0,batch-64-nhid-0-inlayer-12,NORMAL,85.51,89.91,95.1,89.48,91.21,94.8,74.03,88.57714285714285
491,allmpnet,AVG+AVG-NS_SUM-9-11,two-tokens,AVG+AVG-NS,SUM-9-11,4,"torch.Size([61, 1536])",12,0,batch-64-nhid-0-inlayer-12,NORMAL,86.23,91.07,95.58,89.72,91.1,96.0,72.0,88.81428571428572
492,allmpnet,AVG+SUM-NS_SUM-9-11,two-tokens,AVG+SUM-NS,SUM-9-11,4,"torch.Size([61, 1536])",12,0,batch-64-nhid-0-inlayer-12,NORMAL,84.82,87.34,94.18,89.04,90.23,93.4,70.49,87.07142857142858
493,allmpnet,AVG+MAX-NS_SUM-9-11,two-tokens,AVG+MAX-NS,SUM-9-11,4,"torch.Size([61, 1536])",12,0,batch-64-nhid-0-inlayer-12,NORMAL,85.45,66.17,94.92,40.06,50.08,93.6,72.52,71.82857142857142
494,allmpnet,SUM+MAX_SUM-9-11,two-tokens,SUM+MAX,SUM-9-11,4,"torch.Size([61, 1536])",12,0,batch-64-nhid-0-inlayer-12,NORMAL,84.89,88.98,94.02,88.35,90.94,95.2,70.2,87.51142857142858
495,allmpnet,SUM+AVG-NS_SUM-9-11,two-tokens,SUM+AVG-NS,SUM-9-11,4,"torch.Size([61, 1536])",12,0,batch-64-nhid-0-inlayer-12,NORMAL,84.81,88.74,94.04,88.24,90.39,96.0,70.32,87.50571428571428
496,allmpnet,SUM+SUM-NS_SUM-9-11,two-tokens,SUM+SUM-NS,SUM-9-11,4,"torch.Size([61, 1536])",12,0,batch-64-nhid-0-inlayer-12,NORMAL,84.71,88.77,93.94,88.19,90.61,95.8,70.14,87.45142857142856
497,allmpnet,SUM+MAX-NS_SUM-9-11,two-tokens,SUM+MAX-NS,SUM-9-11,4,"torch.Size([61, 1536])",12,0,batch-64-nhid-0-inlayer-12,NORMAL,84.88,85.06,93.9,43.09,50.08,95.8,69.62,74.63285714285715
498,allmpnet,MAX+AVG-NS_SUM-9-11,two-tokens,MAX+AVG-NS,SUM-9-11,4,"torch.Size([61, 1536])",12,0,batch-64-nhid-0-inlayer-12,NORMAL,84.94,89.19,94.73,88.91,90.39,95.0,71.77,87.84714285714286
499,allmpnet,MAX+SUM-NS_SUM-9-11,two-tokens,MAX+SUM-NS,SUM-9-11,4,"torch.Size([61, 1536])",12,0,batch-64-nhid-0-inlayer-12,NORMAL,84.81,87.92,94.23,88.24,89.73,94.8,70.49,87.17428571428572
500,allmpnet,MAX+MAX-NS_SUM-9-11,two-tokens,MAX+MAX-NS,SUM-9-11,4,"torch.Size([61, 1536])",12,0,batch-64-nhid-0-inlayer-12,NORMAL,83.92,66.01,93.72,43.09,50.08,94.0,69.68,71.5
501,allmpnet,AVG-NS+SUM-NS_SUM-9-11,two-tokens,AVG-NS+SUM-NS,SUM-9-11,4,"torch.Size([61, 1536])",12,0,batch-64-nhid-0-inlayer-12,NORMAL,84.65,87.23,94.18,87.91,90.44,91.0,71.3,86.67285714285715
502,allmpnet,AVG-NS+MAX-NS_SUM-9-11,two-tokens,AVG-NS+MAX-NS,SUM-9-11,4,"torch.Size([61, 1536])",12,0,batch-64-nhid-0-inlayer-12,NORMAL,84.98,66.12,94.55,40.06,50.08,91.0,70.96,71.10714285714286
503,allmpnet,SUM-NS+MAX-NS_SUM-9-11,two-tokens,SUM-NS+MAX-NS,SUM-9-11,4,"torch.Size([61, 1536])",12,0,batch-64-nhid-0-inlayer-12,NORMAL,84.17,80.26,94.2,43.09,50.08,91.6,70.49,73.41285714285713
504,allmpnet,CLS+AVG_SUM-10-12,two-tokens,CLS+AVG,SUM-10-12,4,"torch.Size([61, 1536])",12,0,batch-64-nhid-0-inlayer-12,NORMAL,86.13,90.91,95.63,90.43,90.55,96.0,74.55,89.17142857142856
505,allmpnet,CLS+SUM_SUM-10-12,two-tokens,CLS+SUM,SUM-10-12,4,"torch.Size([61, 1536])",12,0,batch-64-nhid-0-inlayer-12,NORMAL,84.44,87.28,94.1,88.83,89.79,94.0,71.01,87.06428571428572
506,allmpnet,CLS+MAX_SUM-10-12,two-tokens,CLS+MAX,SUM-10-12,4,"torch.Size([61, 1536])",12,0,batch-64-nhid-0-inlayer-12,NORMAL,84.14,88.45,93.96,89.36,89.57,94.6,70.72,87.25714285714287
507,allmpnet,CLS+AVG-NS_SUM-10-12,two-tokens,CLS+AVG-NS,SUM-10-12,4,"torch.Size([61, 1536])",12,0,batch-64-nhid-0-inlayer-12,NORMAL,86.06,90.17,95.52,89.88,90.17,93.2,73.1,88.3
508,allmpnet,CLS+SUM-NS_SUM-10-12,two-tokens,CLS+SUM-NS,SUM-10-12,4,"torch.Size([61, 1536])",12,0,batch-64-nhid-0-inlayer-12,NORMAL,84.41,86.99,93.86,89.06,89.9,89.4,69.97,86.22714285714287
509,allmpnet,CLS+MAX-NS_SUM-10-12,two-tokens,CLS+MAX-NS,SUM-10-12,4,"torch.Size([61, 1536])",12,0,batch-64-nhid-0-inlayer-12,NORMAL,83.71,66.17,93.81,39.95,50.08,91.4,70.43,70.79285714285714
510,allmpnet,AVG+SUM_SUM-10-12,two-tokens,AVG+SUM,SUM-10-12,4,"torch.Size([61, 1536])",12,0,batch-64-nhid-0-inlayer-12,NORMAL,84.39,87.42,94.02,88.82,89.84,94.4,71.65,87.22
511,allmpnet,AVG+MAX_SUM-10-12,two-tokens,AVG+MAX,SUM-10-12,4,"torch.Size([61, 1536])",12,0,batch-64-nhid-0-inlayer-12,NORMAL,85.06,89.38,94.85,89.54,90.72,94.6,72.29,88.06285714285714
512,allmpnet,AVG+AVG-NS_SUM-10-12,two-tokens,AVG+AVG-NS,SUM-10-12,4,"torch.Size([61, 1536])",12,0,batch-64-nhid-0-inlayer-12,NORMAL,85.93,90.36,95.5,89.75,90.5,94.8,72.46,88.47142857142858
513,allmpnet,AVG+SUM-NS_SUM-10-12,two-tokens,AVG+SUM-NS,SUM-10-12,4,"torch.Size([61, 1536])",12,0,batch-64-nhid-0-inlayer-12,NORMAL,84.34,87.0,93.69,88.98,89.62,89.6,70.61,86.26285714285714
514,allmpnet,AVG+MAX-NS_SUM-10-12,two-tokens,AVG+MAX-NS,SUM-10-12,4,"torch.Size([61, 1536])",12,0,batch-64-nhid-0-inlayer-12,NORMAL,84.75,66.28,94.85,39.95,50.08,94.8,71.07,71.68285714285715
515,allmpnet,SUM+MAX_SUM-10-12,two-tokens,SUM+MAX,SUM-10-12,4,"torch.Size([61, 1536])",12,0,batch-64-nhid-0-inlayer-12,NORMAL,84.45,87.39,94.13,88.24,89.79,94.4,71.36,87.10857142857144
516,allmpnet,SUM+AVG-NS_SUM-10-12,two-tokens,SUM+AVG-NS,SUM-10-12,4,"torch.Size([61, 1536])",12,0,batch-64-nhid-0-inlayer-12,NORMAL,84.35,87.34,94.08,88.29,89.68,94.2,71.59,87.0757142857143
517,allmpnet,SUM+SUM-NS_SUM-10-12,two-tokens,SUM+SUM-NS,SUM-10-12,4,"torch.Size([61, 1536])",12,0,batch-64-nhid-0-inlayer-12,NORMAL,83.95,88.05,94.0,88.2,90.44,94.4,70.61,87.09285714285714
518,allmpnet,SUM+MAX-NS_SUM-10-12,two-tokens,SUM+MAX-NS,SUM-10-12,4,"torch.Size([61, 1536])",12,0,batch-64-nhid-0-inlayer-12,NORMAL,84.34,83.81,94.04,42.98,50.08,93.8,72.06,74.44428571428571
519,allmpnet,MAX+AVG-NS_SUM-10-12,two-tokens,MAX+AVG-NS,SUM-10-12,4,"torch.Size([61, 1536])",12,0,batch-64-nhid-0-inlayer-12,NORMAL,84.62,89.3,94.69,89.15,90.33,94.6,72.99,87.9542857142857
520,allmpnet,MAX+SUM-NS_SUM-10-12,two-tokens,MAX+SUM-NS,SUM-10-12,4,"torch.Size([61, 1536])",12,0,batch-64-nhid-0-inlayer-12,NORMAL,84.25,87.79,93.62,88.31,89.79,92.8,70.55,86.73
521,allmpnet,MAX+MAX-NS_SUM-10-12,two-tokens,MAX+MAX-NS,SUM-10-12,4,"torch.Size([61, 1536])",12,0,batch-64-nhid-0-inlayer-12,NORMAL,83.58,66.17,93.53,39.95,50.08,93.6,69.28,70.88428571428571
522,allmpnet,AVG-NS+SUM-NS_SUM-10-12,two-tokens,AVG-NS+SUM-NS,SUM-10-12,4,"torch.Size([61, 1536])",12,0,batch-64-nhid-0-inlayer-12,NORMAL,84.26,87.1,93.72,88.14,89.46,89.4,70.32,86.05714285714286
523,allmpnet,AVG-NS+MAX-NS_SUM-10-12,two-tokens,AVG-NS+MAX-NS,SUM-10-12,4,"torch.Size([61, 1536])",12,0,batch-64-nhid-0-inlayer-12,NORMAL,84.44,66.12,94.64,39.95,50.08,91.6,71.88,71.24428571428571
524,allmpnet,SUM-NS+MAX-NS_SUM-10-12,two-tokens,SUM-NS+MAX-NS,SUM-10-12,4,"torch.Size([61, 1536])",12,0,batch-64-nhid-0-inlayer-12,NORMAL,84.2,67.65,93.76,42.98,50.08,90.0,70.2,71.26714285714286
525,allmpnet,CLS+AVG_SUM-1-4,two-tokens,CLS+AVG,SUM-1-4,4,"torch.Size([61, 1536])",12,0,batch-64-nhid-0-inlayer-12,NORMAL,80.87,86.07,95.17,89.98,85.83,91.2,73.51,86.09
526,allmpnet,CLS+SUM_SUM-1-4,two-tokens,CLS+SUM,SUM-1-4,4,"torch.Size([61, 1536])",12,0,batch-64-nhid-0-inlayer-12,NORMAL,79.86,82.73,93.43,88.7,84.79,89.4,70.03,84.13428571428571
527,allmpnet,CLS+MAX_SUM-1-4,two-tokens,CLS+MAX,SUM-1-4,4,"torch.Size([61, 1536])",12,0,batch-64-nhid-0-inlayer-12,NORMAL,76.86,81.22,92.49,88.63,81.88,88.8,72.06,83.13428571428572
528,allmpnet,CLS+AVG-NS_SUM-1-4,two-tokens,CLS+AVG-NS,SUM-1-4,4,"torch.Size([61, 1536])",12,0,batch-64-nhid-0-inlayer-12,NORMAL,79.56,83.9,94.65,89.14,84.79,86.2,71.94,84.31142857142858
529,allmpnet,CLS+SUM-NS_SUM-1-4,two-tokens,CLS+SUM-NS,SUM-1-4,4,"torch.Size([61, 1536])",12,0,batch-64-nhid-0-inlayer-12,NORMAL,78.91,80.21,92.72,87.9,84.73,84.8,69.86,82.73285714285714
530,allmpnet,CLS+MAX-NS_SUM-1-4,two-tokens,CLS+MAX-NS,SUM-1-4,4,"torch.Size([61, 1536])",12,0,batch-64-nhid-0-inlayer-12,NORMAL,76.3,65.22,91.52,35.5,50.08,84.4,71.13,67.73571428571428
531,allmpnet,AVG+SUM_SUM-1-4,two-tokens,AVG+SUM,SUM-1-4,4,"torch.Size([61, 1536])",12,0,batch-64-nhid-0-inlayer-12,NORMAL,79.94,82.75,93.34,88.75,84.35,90.2,69.91,84.17714285714285
532,allmpnet,AVG+MAX_SUM-1-4,two-tokens,AVG+MAX,SUM-1-4,4,"torch.Size([61, 1536])",12,0,batch-64-nhid-0-inlayer-12,NORMAL,79.56,83.39,93.99,88.45,84.84,90.0,70.78,84.42999999999999
533,allmpnet,AVG+AVG-NS_SUM-1-4,two-tokens,AVG+AVG-NS,SUM-1-4,4,"torch.Size([61, 1536])",12,0,batch-64-nhid-0-inlayer-12,NORMAL,80.88,85.38,94.92,89.1,86.22,91.2,72.23,85.70428571428572
534,allmpnet,AVG+SUM-NS_SUM-1-4,two-tokens,AVG+SUM-NS,SUM-1-4,4,"torch.Size([61, 1536])",12,0,batch-64-nhid-0-inlayer-12,NORMAL,79.32,80.42,92.74,88.49,85.5,86.2,69.39,83.15142857142858
535,allmpnet,AVG+MAX-NS_SUM-1-4,two-tokens,AVG+MAX-NS,SUM-1-4,4,"torch.Size([61, 1536])",12,0,batch-64-nhid-0-inlayer-12,NORMAL,79.49,65.72,93.89,31.75,50.08,89.4,70.03,68.62285714285713
536,allmpnet,SUM+MAX_SUM-1-4,two-tokens,SUM+MAX,SUM-1-4,4,"torch.Size([61, 1536])",12,0,batch-64-nhid-0-inlayer-12,NORMAL,80.16,82.62,93.22,87.77,85.01,90.8,70.14,84.24571428571427
537,allmpnet,SUM+AVG-NS_SUM-1-4,two-tokens,SUM+AVG-NS,SUM-1-4,4,"torch.Size([61, 1536])",12,0,batch-64-nhid-0-inlayer-12,NORMAL,79.99,82.97,93.38,87.82,84.73,90.0,71.07,84.28
538,allmpnet,SUM+SUM-NS_SUM-1-4,two-tokens,SUM+SUM-NS,SUM-1-4,4,"torch.Size([61, 1536])",12,0,batch-64-nhid-0-inlayer-12,NORMAL,79.97,82.54,93.36,87.67,85.56,90.0,69.97,84.15285714285714
539,allmpnet,SUM+MAX-NS_SUM-1-4,two-tokens,SUM+MAX-NS,SUM-1-4,4,"torch.Size([61, 1536])",12,0,batch-64-nhid-0-inlayer-12,NORMAL,79.77,68.03,93.26,35.5,50.08,90.0,70.55,69.59857142857143
540,allmpnet,MAX+AVG-NS_SUM-1-4,two-tokens,MAX+AVG-NS,SUM-1-4,4,"torch.Size([61, 1536])",12,0,batch-64-nhid-0-inlayer-12,NORMAL,78.99,82.99,93.83,87.95,85.23,91.0,70.49,84.35428571428572
541,allmpnet,MAX+SUM-NS_SUM-1-4,two-tokens,MAX+SUM-NS,SUM-1-4,4,"torch.Size([61, 1536])",12,0,batch-64-nhid-0-inlayer-12,NORMAL,78.63,80.34,92.64,87.38,84.84,88.2,70.32,83.19285714285716
542,allmpnet,MAX+MAX-NS_SUM-1-4,two-tokens,MAX+MAX-NS,SUM-1-4,4,"torch.Size([61, 1536])",12,0,batch-64-nhid-0-inlayer-12,NORMAL,76.27,65.64,92.13,35.5,50.08,89.4,70.32,68.47714285714285
543,allmpnet,AVG-NS+SUM-NS_SUM-1-4,two-tokens,AVG-NS+SUM-NS,SUM-1-4,4,"torch.Size([61, 1536])",12,0,batch-64-nhid-0-inlayer-12,NORMAL,78.8,80.16,92.68,87.48,84.51,85.6,69.39,82.66
544,allmpnet,AVG-NS+MAX-NS_SUM-1-4,two-tokens,AVG-NS+MAX-NS,SUM-1-4,4,"torch.Size([61, 1536])",12,0,batch-64-nhid-0-inlayer-12,NORMAL,78.57,65.38,93.42,31.75,50.08,84.6,70.67,67.78142857142856
545,allmpnet,SUM-NS+MAX-NS_SUM-1-4,two-tokens,SUM-NS+MAX-NS,SUM-1-4,4,"torch.Size([61, 1536])",12,0,batch-64-nhid-0-inlayer-12,NORMAL,78.25,68.56,92.54,35.5,50.08,86.4,69.57,68.7
546,allmpnet,CLS+AVG_SUM-2-5,two-tokens,CLS+AVG,SUM-2-5,4,"torch.Size([61, 1536])",12,0,batch-64-nhid-0-inlayer-12,NORMAL,83.12,88.58,95.78,90.03,87.26,92.0,74.61,87.34
547,allmpnet,CLS+SUM_SUM-2-5,two-tokens,CLS+SUM,SUM-2-5,4,"torch.Size([61, 1536])",12,0,batch-64-nhid-0-inlayer-12,NORMAL,82.16,84.4,93.5,88.78,86.27,91.4,68.75,85.03714285714285
548,allmpnet,CLS+MAX_SUM-2-5,two-tokens,CLS+MAX,SUM-2-5,4,"torch.Size([61, 1536])",12,0,batch-64-nhid-0-inlayer-12,NORMAL,79.24,82.97,94.02,88.98,85.34,90.2,72.17,84.70285714285714
549,allmpnet,CLS+AVG-NS_SUM-2-5,two-tokens,CLS+AVG-NS,SUM-2-5,4,"torch.Size([61, 1536])",12,0,batch-64-nhid-0-inlayer-12,NORMAL,82.07,86.46,95.51,89.08,86.05,88.8,72.17,85.73428571428569
550,allmpnet,CLS+SUM-NS_SUM-2-5,two-tokens,CLS+SUM-NS,SUM-2-5,4,"torch.Size([61, 1536])",12,0,batch-64-nhid-0-inlayer-12,NORMAL,80.77,81.67,93.4,88.13,85.17,87.2,69.62,83.70857142857143
551,allmpnet,CLS+MAX-NS_SUM-2-5,two-tokens,CLS+MAX-NS,SUM-2-5,4,"torch.Size([61, 1536])",12,0,batch-64-nhid-0-inlayer-12,NORMAL,79.06,65.54,93.63,31.75,50.08,88.6,71.36,68.57428571428571
552,allmpnet,AVG+SUM_SUM-2-5,two-tokens,AVG+SUM,SUM-2-5,4,"torch.Size([61, 1536])",12,0,batch-64-nhid-0-inlayer-12,NORMAL,82.08,84.37,93.5,89.05,85.72,91.8,68.58,85.01428571428572
553,allmpnet,AVG+MAX_SUM-2-5,two-tokens,AVG+MAX,SUM-2-5,4,"torch.Size([61, 1536])",12,0,batch-64-nhid-0-inlayer-12,NORMAL,80.77,85.72,94.33,89.16,86.66,91.6,71.88,85.73142857142857
554,allmpnet,AVG+AVG-NS_SUM-2-5,two-tokens,AVG+AVG-NS,SUM-2-5,4,"torch.Size([61, 1536])",12,0,batch-64-nhid-0-inlayer-12,NORMAL,82.72,87.55,95.49,89.37,87.92,91.8,72.87,86.81714285714285
555,allmpnet,AVG+SUM-NS_SUM-2-5,two-tokens,AVG+SUM-NS,SUM-2-5,4,"torch.Size([61, 1536])",12,0,batch-64-nhid-0-inlayer-12,NORMAL,81.06,81.7,93.31,88.75,85.89,88.0,69.8,84.07285714285715
556,allmpnet,AVG+MAX-NS_SUM-2-5,two-tokens,AVG+MAX-NS,SUM-2-5,4,"torch.Size([61, 1536])",12,0,batch-64-nhid-0-inlayer-12,NORMAL,81.45,65.75,94.46,31.75,50.08,92.6,71.36,69.63571428571427
557,allmpnet,SUM+MAX_SUM-2-5,two-tokens,SUM+MAX,SUM-2-5,4,"torch.Size([61, 1536])",12,0,batch-64-nhid-0-inlayer-12,NORMAL,81.9,84.48,93.74,87.94,85.78,91.6,69.28,84.96000000000001
558,allmpnet,SUM+AVG-NS_SUM-2-5,two-tokens,SUM+AVG-NS,SUM-2-5,4,"torch.Size([61, 1536])",12,0,batch-64-nhid-0-inlayer-12,NORMAL,82.2,84.4,93.53,88.34,86.38,91.8,69.28,85.13285714285713
559,allmpnet,SUM+SUM-NS_SUM-2-5,two-tokens,SUM+SUM-NS,SUM-2-5,4,"torch.Size([61, 1536])",12,0,batch-64-nhid-0-inlayer-12,NORMAL,81.43,84.16,94.18,88.14,86.82,91.8,69.45,85.14
560,allmpnet,SUM+MAX-NS_SUM-2-5,two-tokens,SUM+MAX-NS,SUM-2-5,4,"torch.Size([61, 1536])",12,0,batch-64-nhid-0-inlayer-12,NORMAL,82.01,79.15,93.56,35.5,50.08,91.4,69.22,71.56000000000002
561,allmpnet,MAX+AVG-NS_SUM-2-5,two-tokens,MAX+AVG-NS,SUM-2-5,4,"torch.Size([61, 1536])",12,0,batch-64-nhid-0-inlayer-12,NORMAL,80.25,85.35,94.25,88.15,86.44,92.4,71.88,85.53142857142858
562,allmpnet,MAX+SUM-NS_SUM-2-5,two-tokens,MAX+SUM-NS,SUM-2-5,4,"torch.Size([61, 1536])",12,0,batch-64-nhid-0-inlayer-12,NORMAL,80.45,82.68,93.53,88.28,85.67,90.2,70.2,84.42999999999999
563,allmpnet,MAX+MAX-NS_SUM-2-5,two-tokens,MAX+MAX-NS,SUM-2-5,4,"torch.Size([61, 1536])",12,0,batch-64-nhid-0-inlayer-12,NORMAL,78.16,65.54,92.9,35.5,50.08,90.6,71.77,69.22142857142856
564,allmpnet,AVG-NS+SUM-NS_SUM-2-5,two-tokens,AVG-NS+SUM-NS,SUM-2-5,4,"torch.Size([61, 1536])",12,0,batch-64-nhid-0-inlayer-12,NORMAL,80.86,81.11,93.04,87.54,85.12,86.8,69.28,83.39285714285714
565,allmpnet,AVG-NS+MAX-NS_SUM-2-5,two-tokens,AVG-NS+MAX-NS,SUM-2-5,4,"torch.Size([61, 1536])",12,0,batch-64-nhid-0-inlayer-12,NORMAL,80.26,65.38,94.04,31.75,50.08,88.0,70.84,68.62142857142858
566,allmpnet,SUM-NS+MAX-NS_SUM-2-5,two-tokens,SUM-NS+MAX-NS,SUM-2-5,4,"torch.Size([61, 1536])",12,0,batch-64-nhid-0-inlayer-12,NORMAL,80.3,68.98,93.49,31.75,50.08,88.8,69.45,68.97857142857143
567,allmpnet,CLS+AVG_SUM-3-6,two-tokens,CLS+AVG,SUM-3-6,4,"torch.Size([61, 1536])",12,0,batch-64-nhid-0-inlayer-12,NORMAL,84.87,90.6,96.26,90.3,89.46,93.6,76.23,88.76
568,allmpnet,CLS+SUM_SUM-3-6,two-tokens,CLS+SUM,SUM-3-6,4,"torch.Size([61, 1536])",12,0,batch-64-nhid-0-inlayer-12,NORMAL,83.95,86.49,94.08,89.23,89.07,93.8,68.93,86.50714285714285
569,allmpnet,CLS+MAX_SUM-3-6,two-tokens,CLS+MAX,SUM-3-6,4,"torch.Size([61, 1536])",12,0,batch-64-nhid-0-inlayer-12,NORMAL,82.7,85.67,94.81,89.27,88.14,92.8,71.94,86.47571428571428
570,allmpnet,CLS+AVG-NS_SUM-3-6,two-tokens,CLS+AVG-NS,SUM-3-6,4,"torch.Size([61, 1536])",12,0,batch-64-nhid-0-inlayer-12,NORMAL,84.23,89.38,96.02,89.38,89.35,91.0,72.52,87.41142857142857
571,allmpnet,CLS+SUM-NS_SUM-3-6,two-tokens,CLS+SUM-NS,SUM-3-6,4,"torch.Size([61, 1536])",12,0,batch-64-nhid-0-inlayer-12,NORMAL,82.73,84.11,93.79,88.38,87.97,87.4,69.22,84.8
572,allmpnet,CLS+MAX-NS_SUM-3-6,two-tokens,CLS+MAX-NS,SUM-3-6,4,"torch.Size([61, 1536])",12,0,batch-64-nhid-0-inlayer-12,NORMAL,82.41,65.96,94.61,35.5,50.08,87.4,71.71,69.66714285714286
573,allmpnet,AVG+SUM_SUM-3-6,two-tokens,AVG+SUM,SUM-3-6,4,"torch.Size([61, 1536])",12,0,batch-64-nhid-0-inlayer-12,NORMAL,83.79,86.65,94.09,89.26,88.85,93.4,68.64,86.38285714285713
574,allmpnet,AVG+MAX_SUM-3-6,two-tokens,AVG+MAX,SUM-3-6,4,"torch.Size([61, 1536])",12,0,batch-64-nhid-0-inlayer-12,NORMAL,82.97,86.84,94.87,89.6,88.74,93.6,72.93,87.07857142857142
575,allmpnet,AVG+AVG-NS_SUM-3-6,two-tokens,AVG+AVG-NS,SUM-3-6,4,"torch.Size([61, 1536])",12,0,batch-64-nhid-0-inlayer-12,NORMAL,84.22,89.25,95.77,89.74,89.29,92.2,72.23,87.52857142857144
576,allmpnet,AVG+SUM-NS_SUM-3-6,two-tokens,AVG+SUM-NS,SUM-3-6,4,"torch.Size([61, 1536])",12,0,batch-64-nhid-0-inlayer-12,NORMAL,82.54,84.35,93.82,89.18,88.08,89.2,69.04,85.17285714285713
577,allmpnet,AVG+MAX-NS_SUM-3-6,two-tokens,AVG+MAX-NS,SUM-3-6,4,"torch.Size([61, 1536])",12,0,batch-64-nhid-0-inlayer-12,NORMAL,82.82,65.8,94.9,31.75,50.08,91.8,71.77,69.84571428571428
578,allmpnet,SUM+MAX_SUM-3-6,two-tokens,SUM+MAX,SUM-3-6,4,"torch.Size([61, 1536])",12,0,batch-64-nhid-0-inlayer-12,NORMAL,83.58,86.84,94.32,88.7,89.24,93.4,68.64,86.38857142857144
579,allmpnet,SUM+AVG-NS_SUM-3-6,two-tokens,SUM+AVG-NS,SUM-3-6,4,"torch.Size([61, 1536])",12,0,batch-64-nhid-0-inlayer-12,NORMAL,83.85,86.62,94.18,88.7,89.57,93.8,67.83,86.36428571428571
580,allmpnet,SUM+SUM-NS_SUM-3-6,two-tokens,SUM+SUM-NS,SUM-3-6,4,"torch.Size([61, 1536])",12,0,batch-64-nhid-0-inlayer-12,NORMAL,82.92,87.31,94.66,88.49,88.85,93.6,69.33,86.45142857142858
581,allmpnet,SUM+MAX-NS_SUM-3-6,two-tokens,SUM+MAX-NS,SUM-3-6,4,"torch.Size([61, 1536])",12,0,batch-64-nhid-0-inlayer-12,NORMAL,83.63,82.99,94.28,35.5,50.08,93.4,68.41,72.61285714285714
582,allmpnet,MAX+AVG-NS_SUM-3-6,two-tokens,MAX+AVG-NS,SUM-3-6,4,"torch.Size([61, 1536])",12,0,batch-64-nhid-0-inlayer-12,NORMAL,82.11,85.59,94.84,88.79,88.41,94.2,72.29,86.60428571428572
583,allmpnet,MAX+SUM-NS_SUM-3-6,two-tokens,MAX+SUM-NS,SUM-3-6,4,"torch.Size([61, 1536])",12,0,batch-64-nhid-0-inlayer-12,NORMAL,82.18,84.74,93.82,88.23,87.92,91.4,69.62,85.4157142857143
584,allmpnet,MAX+MAX-NS_SUM-3-6,two-tokens,MAX+MAX-NS,SUM-3-6,4,"torch.Size([61, 1536])",12,0,batch-64-nhid-0-inlayer-12,NORMAL,80.74,65.72,93.72,35.5,50.08,92.6,72.17,70.07571428571427
585,allmpnet,AVG-NS+SUM-NS_SUM-3-6,two-tokens,AVG-NS+SUM-NS,SUM-3-6,4,"torch.Size([61, 1536])",12,0,batch-64-nhid-0-inlayer-12,NORMAL,82.4,84.0,93.77,88.38,87.48,88.6,69.16,84.82714285714285
586,allmpnet,AVG-NS+MAX-NS_SUM-3-6,two-tokens,AVG-NS+MAX-NS,SUM-3-6,4,"torch.Size([61, 1536])",12,0,batch-64-nhid-0-inlayer-12,NORMAL,81.43,65.72,94.53,31.75,50.08,89.2,70.96,69.09571428571428
587,allmpnet,SUM-NS+MAX-NS_SUM-3-6,two-tokens,SUM-NS+MAX-NS,SUM-3-6,4,"torch.Size([61, 1536])",12,0,batch-64-nhid-0-inlayer-12,NORMAL,82.01,69.46,93.69,31.75,50.08,90.6,68.93,69.50285714285714
588,allmpnet,CLS+AVG_SUM-4-7,two-tokens,CLS+AVG,SUM-4-7,4,"torch.Size([61, 1536])",12,0,batch-64-nhid-0-inlayer-12,NORMAL,85.47,91.55,96.29,90.73,90.61,93.4,75.42,89.06714285714285
589,allmpnet,CLS+SUM_SUM-4-7,two-tokens,CLS+SUM,SUM-4-7,4,"torch.Size([61, 1536])",12,0,batch-64-nhid-0-inlayer-12,NORMAL,84.66,87.47,94.45,89.58,90.66,94.2,68.64,87.0942857142857
590,allmpnet,CLS+MAX_SUM-4-7,two-tokens,CLS+MAX,SUM-4-7,4,"torch.Size([61, 1536])",12,0,batch-64-nhid-0-inlayer-12,NORMAL,83.12,88.34,95.08,89.41,90.28,94.2,72.41,87.54857142857144
591,allmpnet,CLS+AVG-NS_SUM-4-7,two-tokens,CLS+AVG-NS,SUM-4-7,4,"torch.Size([61, 1536])",12,0,batch-64-nhid-0-inlayer-12,NORMAL,85.18,90.36,96.07,89.41,89.68,91.0,72.41,87.73
592,allmpnet,CLS+SUM-NS_SUM-4-7,two-tokens,CLS+SUM-NS,SUM-4-7,4,"torch.Size([61, 1536])",12,0,batch-64-nhid-0-inlayer-12,NORMAL,83.62,85.8,93.99,88.68,88.85,90.4,68.29,85.66142857142857
593,allmpnet,CLS+MAX-NS_SUM-4-7,two-tokens,CLS+MAX-NS,SUM-4-7,4,"torch.Size([61, 1536])",12,0,batch-64-nhid-0-inlayer-12,NORMAL,83.15,66.09,94.9,31.75,50.08,87.8,72.06,69.4042857142857
594,allmpnet,AVG+SUM_SUM-4-7,two-tokens,AVG+SUM,SUM-4-7,4,"torch.Size([61, 1536])",12,0,batch-64-nhid-0-inlayer-12,NORMAL,84.78,87.5,94.45,89.49,90.55,94.2,68.17,87.02
595,allmpnet,AVG+MAX_SUM-4-7,two-tokens,AVG+MAX,SUM-4-7,4,"torch.Size([61, 1536])",12,0,batch-64-nhid-0-inlayer-12,NORMAL,83.56,88.9,95.11,89.45,90.23,94.6,73.86,87.95857142857143
596,allmpnet,AVG+AVG-NS_SUM-4-7,two-tokens,AVG+AVG-NS,SUM-4-7,4,"torch.Size([61, 1536])",12,0,batch-64-nhid-0-inlayer-12,NORMAL,85.05,90.23,95.89,89.85,90.88,93.8,71.77,88.21
597,allmpnet,AVG+SUM-NS_SUM-4-7,two-tokens,AVG+SUM-NS,SUM-4-7,4,"torch.Size([61, 1536])",12,0,batch-64-nhid-0-inlayer-12,NORMAL,83.66,85.91,93.77,89.25,88.96,91.4,68.23,85.88285714285713
598,allmpnet,AVG+MAX-NS_SUM-4-7,two-tokens,AVG+MAX-NS,SUM-4-7,4,"torch.Size([61, 1536])",12,0,batch-64-nhid-0-inlayer-12,NORMAL,83.79,65.96,94.99,31.75,50.08,92.8,72.58,70.27857142857142
599,allmpnet,SUM+MAX_SUM-4-7,two-tokens,SUM+MAX,SUM-4-7,4,"torch.Size([61, 1536])",12,0,batch-64-nhid-0-inlayer-12,NORMAL,84.64,87.74,94.41,88.67,90.44,94.2,68.58,86.95428571428572
600,allmpnet,SUM+AVG-NS_SUM-4-7,two-tokens,SUM+AVG-NS,SUM-4-7,4,"torch.Size([61, 1536])",12,0,batch-64-nhid-0-inlayer-12,NORMAL,84.67,87.6,94.36,88.86,90.44,94.0,68.58,86.93000000000002
601,allmpnet,SUM+SUM-NS_SUM-4-7,two-tokens,SUM+SUM-NS,SUM-4-7,4,"torch.Size([61, 1536])",12,0,batch-64-nhid-0-inlayer-12,NORMAL,83.58,88.29,94.75,88.65,89.57,93.4,67.83,86.58142857142857
602,allmpnet,SUM+MAX-NS_SUM-4-7,two-tokens,SUM+MAX-NS,SUM-4-7,4,"torch.Size([61, 1536])",12,0,batch-64-nhid-0-inlayer-12,NORMAL,84.64,82.81,94.45,35.5,50.08,93.4,68.0,72.69714285714285
603,allmpnet,MAX+AVG-NS_SUM-4-7,two-tokens,MAX+AVG-NS,SUM-4-7,4,"torch.Size([61, 1536])",12,0,batch-64-nhid-0-inlayer-12,NORMAL,83.19,88.11,94.92,88.73,90.01,94.4,73.22,87.51142857142858
604,allmpnet,MAX+SUM-NS_SUM-4-7,two-tokens,MAX+SUM-NS,SUM-4-7,4,"torch.Size([61, 1536])",12,0,batch-64-nhid-0-inlayer-12,NORMAL,83.16,86.23,94.22,88.37,89.07,92.4,67.83,85.89714285714287
605,allmpnet,MAX+MAX-NS_SUM-4-7,two-tokens,MAX+MAX-NS,SUM-4-7,4,"torch.Size([61, 1536])",12,0,batch-64-nhid-0-inlayer-12,NORMAL,82.18,66.8,93.83,35.5,50.08,91.6,72.12,70.30142857142857
606,allmpnet,AVG-NS+SUM-NS_SUM-4-7,two-tokens,AVG-NS+SUM-NS,SUM-4-7,4,"torch.Size([61, 1536])",12,0,batch-64-nhid-0-inlayer-12,NORMAL,83.46,85.51,93.82,88.18,88.85,91.8,68.52,85.73428571428569
607,allmpnet,AVG-NS+MAX-NS_SUM-4-7,two-tokens,AVG-NS+MAX-NS,SUM-4-7,4,"torch.Size([61, 1536])",12,0,batch-64-nhid-0-inlayer-12,NORMAL,82.54,65.83,94.64,35.5,50.08,89.6,71.65,69.97714285714285
608,allmpnet,SUM-NS+MAX-NS_SUM-4-7,two-tokens,SUM-NS+MAX-NS,SUM-4-7,4,"torch.Size([61, 1536])",12,0,batch-64-nhid-0-inlayer-12,NORMAL,83.29,65.72,94.28,35.5,50.08,92.2,68.58,69.94999999999999
609,allmpnet,CLS+AVG_SUM-5-8,two-tokens,CLS+AVG,SUM-5-8,4,"torch.Size([61, 1536])",12,0,batch-64-nhid-0-inlayer-12,NORMAL,85.56,90.97,96.43,90.75,90.72,94.0,75.19,89.08857142857144
610,allmpnet,CLS+SUM_SUM-5-8,two-tokens,CLS+SUM,SUM-5-8,4,"torch.Size([61, 1536])",12,0,batch-64-nhid-0-inlayer-12,NORMAL,84.95,87.84,94.5,89.64,90.88,93.4,67.83,87.00571428571429
611,allmpnet,CLS+MAX_SUM-5-8,two-tokens,CLS+MAX,SUM-5-8,4,"torch.Size([61, 1536])",12,0,batch-64-nhid-0-inlayer-12,NORMAL,83.85,88.95,95.15,89.03,90.94,92.0,71.88,87.4
612,allmpnet,CLS+AVG-NS_SUM-5-8,two-tokens,CLS+AVG-NS,SUM-5-8,4,"torch.Size([61, 1536])",12,0,batch-64-nhid-0-inlayer-12,NORMAL,85.24,90.49,96.16,89.64,90.77,92.2,73.86,88.33714285714287
613,allmpnet,CLS+SUM-NS_SUM-5-8,two-tokens,CLS+SUM-NS,SUM-5-8,4,"torch.Size([61, 1536])",12,0,batch-64-nhid-0-inlayer-12,NORMAL,84.02,86.89,94.25,88.92,90.01,89.4,67.77,85.89428571428572
614,allmpnet,CLS+MAX-NS_SUM-5-8,two-tokens,CLS+MAX-NS,SUM-5-8,4,"torch.Size([61, 1536])",12,0,batch-64-nhid-0-inlayer-12,NORMAL,83.67,66.17,95.04,35.5,50.08,87.2,72.06,69.96
615,allmpnet,AVG+SUM_SUM-5-8,two-tokens,AVG+SUM,SUM-5-8,4,"torch.Size([61, 1536])",12,0,batch-64-nhid-0-inlayer-12,NORMAL,84.91,87.63,94.57,89.6,90.33,93.2,67.59,86.83285714285715
616,allmpnet,AVG+MAX_SUM-5-8,two-tokens,AVG+MAX,SUM-5-8,4,"torch.Size([61, 1536])",12,0,batch-64-nhid-0-inlayer-12,NORMAL,84.16,89.38,94.96,89.67,90.77,94.4,73.22,88.08000000000001
617,allmpnet,AVG+AVG-NS_SUM-5-8,two-tokens,AVG+AVG-NS,SUM-5-8,4,"torch.Size([61, 1536])",12,0,batch-64-nhid-0-inlayer-12,NORMAL,85.43,90.31,96.03,90.06,90.77,94.6,72.06,88.46571428571428
618,allmpnet,AVG+SUM-NS_SUM-5-8,two-tokens,AVG+SUM-NS,SUM-5-8,4,"torch.Size([61, 1536])",12,0,batch-64-nhid-0-inlayer-12,NORMAL,84.12,86.89,94.13,89.34,90.01,91.4,67.71,86.22857142857143
619,allmpnet,AVG+MAX-NS_SUM-5-8,two-tokens,AVG+MAX-NS,SUM-5-8,4,"torch.Size([61, 1536])",12,0,batch-64-nhid-0-inlayer-12,NORMAL,84.71,65.8,94.98,31.75,50.08,93.0,73.57,70.55571428571429
620,allmpnet,SUM+MAX_SUM-5-8,two-tokens,SUM+MAX,SUM-5-8,4,"torch.Size([61, 1536])",12,0,batch-64-nhid-0-inlayer-12,NORMAL,84.64,88.03,94.39,88.81,90.99,93.8,68.0,86.95142857142856
621,allmpnet,SUM+AVG-NS_SUM-5-8,two-tokens,SUM+AVG-NS,SUM-5-8,4,"torch.Size([61, 1536])",12,0,batch-64-nhid-0-inlayer-12,NORMAL,85.04,87.76,94.56,88.91,90.23,93.4,67.88,86.82571428571428
622,allmpnet,SUM+SUM-NS_SUM-5-8,two-tokens,SUM+SUM-NS,SUM-5-8,4,"torch.Size([61, 1536])",12,0,batch-64-nhid-0-inlayer-12,NORMAL,84.29,88.42,94.75,88.73,90.17,93.2,69.57,87.01857142857145
623,allmpnet,SUM+MAX-NS_SUM-5-8,two-tokens,SUM+MAX-NS,SUM-5-8,4,"torch.Size([61, 1536])",12,0,batch-64-nhid-0-inlayer-12,NORMAL,84.8,87.9,94.47,35.5,50.08,93.2,67.42,73.33857142857141
624,allmpnet,MAX+AVG-NS_SUM-5-8,two-tokens,MAX+AVG-NS,SUM-5-8,4,"torch.Size([61, 1536])",12,0,batch-64-nhid-0-inlayer-12,NORMAL,83.72,88.82,94.96,88.84,90.61,93.2,72.35,87.50000000000001
625,allmpnet,MAX+SUM-NS_SUM-5-8,two-tokens,MAX+SUM-NS,SUM-5-8,4,"torch.Size([61, 1536])",12,0,batch-64-nhid-0-inlayer-12,NORMAL,83.82,87.15,94.33,88.57,90.66,92.8,68.06,86.48428571428569
626,allmpnet,MAX+MAX-NS_SUM-5-8,two-tokens,MAX+MAX-NS,SUM-5-8,4,"torch.Size([61, 1536])",12,0,batch-64-nhid-0-inlayer-12,NORMAL,82.61,65.8,93.82,35.5,50.08,91.2,72.23,70.17714285714285
627,allmpnet,AVG-NS+SUM-NS_SUM-5-8,two-tokens,AVG-NS+SUM-NS,SUM-5-8,4,"torch.Size([61, 1536])",12,0,batch-64-nhid-0-inlayer-12,NORMAL,83.97,86.36,94.08,88.45,90.06,90.2,67.65,85.82428571428571
628,allmpnet,AVG-NS+MAX-NS_SUM-5-8,two-tokens,AVG-NS+MAX-NS,SUM-5-8,4,"torch.Size([61, 1536])",12,0,batch-64-nhid-0-inlayer-12,NORMAL,83.47,65.8,94.84,35.5,50.08,89.6,71.48,70.11
629,allmpnet,SUM-NS+MAX-NS_SUM-5-8,two-tokens,SUM-NS+MAX-NS,SUM-5-8,4,"torch.Size([61, 1536])",12,0,batch-64-nhid-0-inlayer-12,NORMAL,83.57,69.72,94.09,35.5,50.08,91.4,67.65,70.28714285714285
630,allmpnet,CLS+AVG_SUM-6-9,two-tokens,CLS+AVG,SUM-6-9,4,"torch.Size([61, 1536])",12,0,batch-64-nhid-0-inlayer-12,NORMAL,85.59,91.31,96.29,90.72,91.27,95.6,74.9,89.38285714285713
631,allmpnet,CLS+SUM_SUM-6-9,two-tokens,CLS+SUM,SUM-6-9,4,"torch.Size([61, 1536])",12,0,batch-64-nhid-0-inlayer-12,NORMAL,85.21,88.03,94.54,89.3,91.71,93.6,67.42,87.11571428571428
632,allmpnet,CLS+MAX_SUM-6-9,two-tokens,CLS+MAX,SUM-6-9,4,"torch.Size([61, 1536])",12,0,batch-64-nhid-0-inlayer-12,NORMAL,84.45,88.95,95.04,89.39,91.43,93.0,70.49,87.53571428571429
633,allmpnet,CLS+AVG-NS_SUM-6-9,two-tokens,CLS+AVG-NS,SUM-6-9,4,"torch.Size([61, 1536])",12,0,batch-64-nhid-0-inlayer-12,NORMAL,85.1,90.81,96.19,90.0,91.43,92.6,72.23,88.33714285714287
634,allmpnet,CLS+SUM-NS_SUM-6-9,two-tokens,CLS+SUM-NS,SUM-6-9,4,"torch.Size([61, 1536])",12,0,batch-64-nhid-0-inlayer-12,NORMAL,84.55,87.66,94.33,89.17,90.5,92.6,68.81,86.80285714285712
635,allmpnet,CLS+MAX-NS_SUM-6-9,two-tokens,CLS+MAX-NS,SUM-6-9,4,"torch.Size([61, 1536])",12,0,batch-64-nhid-0-inlayer-12,NORMAL,83.96,66.17,94.98,31.75,50.08,87.6,71.36,69.41428571428571
636,allmpnet,AVG+SUM_SUM-6-9,two-tokens,AVG+SUM,SUM-6-9,4,"torch.Size([61, 1536])",12,0,batch-64-nhid-0-inlayer-12,NORMAL,85.33,88.26,94.51,89.49,90.72,94.0,68.35,87.23714285714287
637,allmpnet,AVG+MAX_SUM-6-9,two-tokens,AVG+MAX,SUM-6-9,4,"torch.Size([61, 1536])",12,0,batch-64-nhid-0-inlayer-12,NORMAL,84.62,89.86,94.98,89.62,91.49,94.8,72.23,88.22857142857143
638,allmpnet,AVG+AVG-NS_SUM-6-9,two-tokens,AVG+AVG-NS,SUM-6-9,4,"torch.Size([61, 1536])",12,0,batch-64-nhid-0-inlayer-12,NORMAL,85.53,90.49,95.95,89.86,91.49,95.2,71.36,88.55428571428571
639,allmpnet,AVG+SUM-NS_SUM-6-9,two-tokens,AVG+SUM-NS,SUM-6-9,4,"torch.Size([61, 1536])",12,0,batch-64-nhid-0-inlayer-12,NORMAL,84.84,87.39,94.47,89.41,90.39,92.4,68.87,86.82428571428571
640,allmpnet,AVG+MAX-NS_SUM-6-9,two-tokens,AVG+MAX-NS,SUM-6-9,4,"torch.Size([61, 1536])",12,0,batch-64-nhid-0-inlayer-12,NORMAL,84.77,66.22,94.97,35.5,50.08,91.6,71.71,70.69285714285714
641,allmpnet,SUM+MAX_SUM-6-9,two-tokens,SUM+MAX,SUM-6-9,4,"torch.Size([61, 1536])",12,0,batch-64-nhid-0-inlayer-12,NORMAL,84.92,88.26,94.57,88.76,91.1,93.4,67.88,86.98428571428572
642,allmpnet,SUM+AVG-NS_SUM-6-9,two-tokens,SUM+AVG-NS,SUM-6-9,4,"torch.Size([61, 1536])",12,0,batch-64-nhid-0-inlayer-12,NORMAL,85.21,87.95,94.56,89.04,90.94,94.2,68.46,87.19428571428573
643,allmpnet,SUM+SUM-NS_SUM-6-9,two-tokens,SUM+SUM-NS,SUM-6-9,4,"torch.Size([61, 1536])",12,0,batch-64-nhid-0-inlayer-12,NORMAL,84.48,88.85,94.83,88.64,90.77,94.8,68.64,87.28714285714284
644,allmpnet,SUM+MAX-NS_SUM-6-9,two-tokens,SUM+MAX-NS,SUM-6-9,4,"torch.Size([61, 1536])",12,0,batch-64-nhid-0-inlayer-12,NORMAL,85.11,88.72,94.55,35.5,50.08,94.0,68.12,73.72571428571428
645,allmpnet,MAX+AVG-NS_SUM-6-9,two-tokens,MAX+AVG-NS,SUM-6-9,4,"torch.Size([61, 1536])",12,0,batch-64-nhid-0-inlayer-12,NORMAL,84.11,89.46,95.03,88.84,91.05,93.4,71.65,87.64857142857144
646,allmpnet,MAX+SUM-NS_SUM-6-9,two-tokens,MAX+SUM-NS,SUM-6-9,4,"torch.Size([61, 1536])",12,0,batch-64-nhid-0-inlayer-12,NORMAL,84.68,88.26,94.45,88.74,91.05,93.8,69.04,87.14571428571428
647,allmpnet,MAX+MAX-NS_SUM-6-9,two-tokens,MAX+MAX-NS,SUM-6-9,4,"torch.Size([61, 1536])",12,0,batch-64-nhid-0-inlayer-12,NORMAL,83.52,66.01,93.95,31.75,50.08,92.6,70.78,69.81285714285714
648,allmpnet,AVG-NS+SUM-NS_SUM-6-9,two-tokens,AVG-NS+SUM-NS,SUM-6-9,4,"torch.Size([61, 1536])",12,0,batch-64-nhid-0-inlayer-12,NORMAL,84.66,87.2,94.31,88.54,90.72,91.8,69.04,86.61
649,allmpnet,AVG-NS+MAX-NS_SUM-6-9,two-tokens,AVG-NS+MAX-NS,SUM-6-9,4,"torch.Size([61, 1536])",12,0,batch-64-nhid-0-inlayer-12,NORMAL,84.11,66.12,94.59,35.5,50.08,88.8,70.09,69.89857142857144
650,allmpnet,SUM-NS+MAX-NS_SUM-6-9,two-tokens,SUM-NS+MAX-NS,SUM-6-9,4,"torch.Size([61, 1536])",12,0,batch-64-nhid-0-inlayer-12,NORMAL,84.37,82.28,94.27,35.5,50.08,91.6,68.23,72.33285714285715
651,allmpnet,CLS+AVG_SUM-7-10,two-tokens,CLS+AVG,SUM-7-10,4,"torch.Size([61, 1536])",12,0,batch-64-nhid-0-inlayer-12,NORMAL,86.46,91.42,96.3,90.48,91.76,96.0,75.42,89.69142857142857
652,allmpnet,CLS+SUM_SUM-7-10,two-tokens,CLS+SUM,SUM-7-10,4,"torch.Size([61, 1536])",12,0,batch-64-nhid-0-inlayer-12,NORMAL,85.54,88.48,94.49,89.07,91.49,94.8,69.62,87.64142857142858
653,allmpnet,CLS+MAX_SUM-7-10,two-tokens,CLS+MAX,SUM-7-10,4,"torch.Size([61, 1536])",12,0,batch-64-nhid-0-inlayer-12,NORMAL,84.73,89.46,94.68,89.18,91.27,92.8,72.12,87.74857142857142
654,allmpnet,CLS+AVG-NS_SUM-7-10,two-tokens,CLS+AVG-NS,SUM-7-10,4,"torch.Size([61, 1536])",12,0,batch-64-nhid-0-inlayer-12,NORMAL,85.86,90.97,96.26,89.53,91.76,91.8,73.28,88.49428571428571
655,allmpnet,CLS+SUM-NS_SUM-7-10,two-tokens,CLS+SUM-NS,SUM-7-10,4,"torch.Size([61, 1536])",12,0,batch-64-nhid-0-inlayer-12,NORMAL,85.25,88.0,94.49,88.52,90.55,92.4,70.03,87.03428571428572
656,allmpnet,CLS+MAX-NS_SUM-7-10,two-tokens,CLS+MAX-NS,SUM-7-10,4,"torch.Size([61, 1536])",12,0,batch-64-nhid-0-inlayer-12,NORMAL,84.39,66.25,94.45,38.46,50.08,87.2,71.36,70.31285714285714
657,allmpnet,AVG+SUM_SUM-7-10,two-tokens,AVG+SUM,SUM-7-10,4,"torch.Size([61, 1536])",12,0,batch-64-nhid-0-inlayer-12,NORMAL,85.48,88.1,94.4,89.1,90.66,94.8,69.57,87.4442857142857
658,allmpnet,AVG+MAX_SUM-7-10,two-tokens,AVG+MAX,SUM-7-10,4,"torch.Size([61, 1536])",12,0,batch-64-nhid-0-inlayer-12,NORMAL,85.16,90.12,95.01,89.56,91.32,95.0,72.12,88.32714285714287
659,allmpnet,AVG+AVG-NS_SUM-7-10,two-tokens,AVG+AVG-NS,SUM-7-10,4,"torch.Size([61, 1536])",12,0,batch-64-nhid-0-inlayer-12,NORMAL,86.03,90.73,95.88,89.48,91.1,95.8,72.35,88.76714285714286
660,allmpnet,AVG+SUM-NS_SUM-7-10,two-tokens,AVG+SUM-NS,SUM-7-10,4,"torch.Size([61, 1536])",12,0,batch-64-nhid-0-inlayer-12,NORMAL,85.05,88.03,94.54,88.89,90.12,93.2,69.51,87.04857142857144
661,allmpnet,AVG+MAX-NS_SUM-7-10,two-tokens,AVG+MAX-NS,SUM-7-10,4,"torch.Size([61, 1536])",12,0,batch-64-nhid-0-inlayer-12,NORMAL,84.91,66.2,94.8,38.46,50.08,91.6,71.01,71.00857142857141
662,allmpnet,SUM+MAX_SUM-7-10,two-tokens,SUM+MAX,SUM-7-10,4,"torch.Size([61, 1536])",12,0,batch-64-nhid-0-inlayer-12,NORMAL,85.42,88.58,94.49,88.56,90.99,95.0,69.45,87.49857142857142
663,allmpnet,SUM+AVG-NS_SUM-7-10,two-tokens,SUM+AVG-NS,SUM-7-10,4,"torch.Size([61, 1536])",12,0,batch-64-nhid-0-inlayer-12,NORMAL,85.38,88.66,94.46,88.64,90.83,95.2,69.8,87.56714285714284
664,allmpnet,SUM+SUM-NS_SUM-7-10,two-tokens,SUM+SUM-NS,SUM-7-10,4,"torch.Size([61, 1536])",12,0,batch-64-nhid-0-inlayer-12,NORMAL,84.82,88.92,94.69,88.17,90.94,95.8,70.14,87.64
665,allmpnet,SUM+MAX-NS_SUM-7-10,two-tokens,SUM+MAX-NS,SUM-7-10,4,"torch.Size([61, 1536])",12,0,batch-64-nhid-0-inlayer-12,NORMAL,85.3,86.2,94.57,38.45,50.08,95.0,69.39,74.14142857142858
666,allmpnet,MAX+AVG-NS_SUM-7-10,two-tokens,MAX+AVG-NS,SUM-7-10,4,"torch.Size([61, 1536])",12,0,batch-64-nhid-0-inlayer-12,NORMAL,84.22,89.64,95.04,88.84,91.05,93.4,71.83,87.71714285714287
667,allmpnet,MAX+SUM-NS_SUM-7-10,two-tokens,MAX+SUM-NS,SUM-7-10,4,"torch.Size([61, 1536])",12,0,batch-64-nhid-0-inlayer-12,NORMAL,84.94,88.32,94.45,88.32,90.55,94.0,69.62,87.17142857142856
668,allmpnet,MAX+MAX-NS_SUM-7-10,two-tokens,MAX+MAX-NS,SUM-7-10,4,"torch.Size([61, 1536])",12,0,batch-64-nhid-0-inlayer-12,NORMAL,83.51,66.17,93.62,38.46,50.08,92.4,68.87,70.44428571428571
669,allmpnet,AVG-NS+SUM-NS_SUM-7-10,two-tokens,AVG-NS+SUM-NS,SUM-7-10,4,"torch.Size([61, 1536])",12,0,batch-64-nhid-0-inlayer-12,NORMAL,85.14,87.9,94.58,88.01,90.01,92.6,69.91,86.87857142857142
670,allmpnet,AVG-NS+MAX-NS_SUM-7-10,two-tokens,AVG-NS+MAX-NS,SUM-7-10,4,"torch.Size([61, 1536])",12,0,batch-64-nhid-0-inlayer-12,NORMAL,84.16,66.12,94.48,38.46,50.08,89.8,70.38,70.49714285714285
671,allmpnet,SUM-NS+MAX-NS_SUM-7-10,two-tokens,SUM-NS+MAX-NS,SUM-7-10,4,"torch.Size([61, 1536])",12,0,batch-64-nhid-0-inlayer-12,NORMAL,85.07,87.12,94.44,38.46,50.08,92.2,69.62,73.85571428571428
672,allmpnet,CLS+AVG_SUM-8-11,two-tokens,CLS+AVG,SUM-8-11,4,"torch.Size([61, 1536])",12,0,batch-64-nhid-0-inlayer-12,NORMAL,86.52,91.55,95.92,90.27,91.76,96.4,75.59,89.71571428571428
673,allmpnet,CLS+SUM_SUM-8-11,two-tokens,CLS+SUM,SUM-8-11,4,"torch.Size([61, 1536])",12,0,batch-64-nhid-0-inlayer-12,NORMAL,85.31,88.29,94.22,88.7,91.1,95.6,70.03,87.60714285714286
674,allmpnet,CLS+MAX_SUM-8-11,two-tokens,CLS+MAX,SUM-8-11,4,"torch.Size([61, 1536])",12,0,batch-64-nhid-0-inlayer-12,NORMAL,85.1,88.4,94.06,89.01,90.55,93.2,72.06,87.48285714285716
675,allmpnet,CLS+AVG-NS_SUM-8-11,two-tokens,CLS+AVG-NS,SUM-8-11,4,"torch.Size([61, 1536])",12,0,batch-64-nhid-0-inlayer-12,NORMAL,86.29,90.44,95.75,89.41,91.32,91.8,73.22,88.31857142857143
676,allmpnet,CLS+SUM-NS_SUM-8-11,two-tokens,CLS+SUM-NS,SUM-8-11,4,"torch.Size([61, 1536])",12,0,batch-64-nhid-0-inlayer-12,NORMAL,84.7,87.23,93.77,88.69,90.66,90.4,70.43,86.5542857142857
677,allmpnet,CLS+MAX-NS_SUM-8-11,two-tokens,CLS+MAX-NS,SUM-8-11,4,"torch.Size([61, 1536])",12,0,batch-64-nhid-0-inlayer-12,NORMAL,84.53,66.04,93.8,39.94,50.08,88.4,71.77,70.65142857142857
678,allmpnet,AVG+SUM_SUM-8-11,two-tokens,AVG+SUM,SUM-8-11,4,"torch.Size([61, 1536])",12,0,batch-64-nhid-0-inlayer-12,NORMAL,85.13,88.13,94.24,88.74,90.61,95.6,70.49,87.56285714285715
679,allmpnet,AVG+MAX_SUM-8-11,two-tokens,AVG+MAX,SUM-8-11,4,"torch.Size([61, 1536])",12,0,batch-64-nhid-0-inlayer-12,NORMAL,85.03,89.27,94.76,89.37,91.43,94.4,73.74,88.28571428571429
680,allmpnet,AVG+AVG-NS_SUM-8-11,two-tokens,AVG+AVG-NS,SUM-8-11,4,"torch.Size([61, 1536])",12,0,batch-64-nhid-0-inlayer-12,NORMAL,85.84,90.83,95.43,89.36,90.94,96.0,73.1,88.7857142857143
681,allmpnet,AVG+SUM-NS_SUM-8-11,two-tokens,AVG+SUM-NS,SUM-8-11,4,"torch.Size([61, 1536])",12,0,batch-64-nhid-0-inlayer-12,NORMAL,84.69,87.44,93.92,89.0,90.12,91.6,69.8,86.65285714285713
682,allmpnet,AVG+MAX-NS_SUM-8-11,two-tokens,AVG+MAX-NS,SUM-8-11,4,"torch.Size([61, 1536])",12,0,batch-64-nhid-0-inlayer-12,NORMAL,85.08,66.01,94.72,43.01,50.08,92.6,71.01,71.78714285714285
683,allmpnet,SUM+MAX_SUM-8-11,two-tokens,SUM+MAX,SUM-8-11,4,"torch.Size([61, 1536])",12,0,batch-64-nhid-0-inlayer-12,NORMAL,85.18,88.66,94.21,88.08,90.99,95.0,69.51,87.37571428571428
684,allmpnet,SUM+AVG-NS_SUM-8-11,two-tokens,SUM+AVG-NS,SUM-8-11,4,"torch.Size([61, 1536])",12,0,batch-64-nhid-0-inlayer-12,NORMAL,85.23,88.53,94.19,88.6,90.94,95.8,69.91,87.6
685,allmpnet,SUM+SUM-NS_SUM-8-11,two-tokens,SUM+SUM-NS,SUM-8-11,4,"torch.Size([61, 1536])",12,0,batch-64-nhid-0-inlayer-12,NORMAL,84.82,88.71,94.03,87.96,90.99,95.4,69.28,87.31285714285714
686,allmpnet,SUM+MAX-NS_SUM-8-11,two-tokens,SUM+MAX-NS,SUM-8-11,4,"torch.Size([61, 1536])",12,0,batch-64-nhid-0-inlayer-12,NORMAL,85.14,81.4,94.15,43.01,50.08,95.0,69.97,74.10714285714286
687,allmpnet,MAX+AVG-NS_SUM-8-11,two-tokens,MAX+AVG-NS,SUM-8-11,4,"torch.Size([61, 1536])",12,0,batch-64-nhid-0-inlayer-12,NORMAL,84.71,89.09,94.66,88.82,91.05,94.8,72.87,88.0
688,allmpnet,MAX+SUM-NS_SUM-8-11,two-tokens,MAX+SUM-NS,SUM-8-11,4,"torch.Size([61, 1536])",12,0,batch-64-nhid-0-inlayer-12,NORMAL,84.45,88.21,93.99,87.99,90.55,94.0,69.62,86.97285714285715
689,allmpnet,MAX+MAX-NS_SUM-8-11,two-tokens,MAX+MAX-NS,SUM-8-11,4,"torch.Size([61, 1536])",12,0,batch-64-nhid-0-inlayer-12,NORMAL,84.13,66.2,93.47,43.01,50.08,91.6,70.03,71.21714285714286
690,allmpnet,AVG-NS+SUM-NS_SUM-8-11,two-tokens,AVG-NS+SUM-NS,SUM-8-11,4,"torch.Size([61, 1536])",12,0,batch-64-nhid-0-inlayer-12,NORMAL,84.45,87.39,94.03,87.74,90.99,89.8,70.09,86.35571428571428
691,allmpnet,AVG-NS+MAX-NS_SUM-8-11,two-tokens,AVG-NS+MAX-NS,SUM-8-11,4,"torch.Size([61, 1536])",12,0,batch-64-nhid-0-inlayer-12,NORMAL,84.24,66.06,94.32,43.01,50.08,90.2,69.91,71.11714285714285
692,allmpnet,SUM-NS+MAX-NS_SUM-8-11,two-tokens,SUM-NS+MAX-NS,SUM-8-11,4,"torch.Size([61, 1536])",12,0,batch-64-nhid-0-inlayer-12,NORMAL,84.29,85.69,93.92,43.01,50.08,91.2,70.32,74.07285714285715
693,allmpnet,CLS+AVG_SUM-9-12,two-tokens,CLS+AVG,SUM-9-12,4,"torch.Size([61, 1536])",12,0,batch-64-nhid-0-inlayer-12,NORMAL,86.16,90.94,95.7,90.32,90.88,96.0,74.14,89.16285714285713
694,allmpnet,CLS+SUM_SUM-9-12,two-tokens,CLS+SUM,SUM-9-12,4,"torch.Size([61, 1536])",12,0,batch-64-nhid-0-inlayer-12,NORMAL,85.04,87.66,94.09,88.87,90.83,95.6,71.36,87.63571428571427
695,allmpnet,CLS+MAX_SUM-9-12,two-tokens,CLS+MAX,SUM-9-12,4,"torch.Size([61, 1536])",12,0,batch-64-nhid-0-inlayer-12,NORMAL,84.36,87.76,93.93,88.97,90.94,94.0,71.48,87.34857142857143
696,allmpnet,CLS+AVG-NS_SUM-9-12,two-tokens,CLS+AVG-NS,SUM-9-12,4,"torch.Size([61, 1536])",12,0,batch-64-nhid-0-inlayer-12,NORMAL,85.81,90.36,95.56,89.5,89.95,93.6,72.12,88.12857142857142
697,allmpnet,CLS+SUM-NS_SUM-9-12,two-tokens,CLS+SUM-NS,SUM-9-12,4,"torch.Size([61, 1536])",12,0,batch-64-nhid-0-inlayer-12,NORMAL,84.56,87.36,93.96,89.0,90.28,90.4,70.84,86.62857142857142
698,allmpnet,CLS+MAX-NS_SUM-9-12,two-tokens,CLS+MAX-NS,SUM-9-12,4,"torch.Size([61, 1536])",12,0,batch-64-nhid-0-inlayer-12,NORMAL,84.38,66.14,93.64,40.06,50.08,90.0,72.23,70.93285714285715
699,allmpnet,AVG+SUM_SUM-9-12,two-tokens,AVG+SUM,SUM-9-12,4,"torch.Size([61, 1536])",12,0,batch-64-nhid-0-inlayer-12,NORMAL,85.14,87.71,94.28,88.87,89.95,95.4,70.96,87.47285714285715
700,allmpnet,AVG+MAX_SUM-9-12,two-tokens,AVG+MAX,SUM-9-12,4,"torch.Size([61, 1536])",12,0,batch-64-nhid-0-inlayer-12,NORMAL,85.22,89.56,94.8,89.34,91.38,95.2,72.64,88.30571428571429
701,allmpnet,AVG+AVG-NS_SUM-9-12,two-tokens,AVG+AVG-NS,SUM-9-12,4,"torch.Size([61, 1536])",12,0,batch-64-nhid-0-inlayer-12,NORMAL,85.82,90.22,95.56,89.69,90.72,95.0,72.35,88.48
702,allmpnet,AVG+SUM-NS_SUM-9-12,two-tokens,AVG+SUM-NS,SUM-9-12,4,"torch.Size([61, 1536])",12,0,batch-64-nhid-0-inlayer-12,NORMAL,84.6,87.68,94.07,88.83,89.95,92.2,71.19,86.93142857142857
703,allmpnet,AVG+MAX-NS_SUM-9-12,two-tokens,AVG+MAX-NS,SUM-9-12,4,"torch.Size([61, 1536])",12,0,batch-64-nhid-0-inlayer-12,NORMAL,85.17,66.43,94.88,40.06,50.08,94.2,71.48,71.75714285714285
704,allmpnet,SUM+MAX_SUM-9-12,two-tokens,SUM+MAX,SUM-9-12,4,"torch.Size([61, 1536])",12,0,batch-64-nhid-0-inlayer-12,NORMAL,85.17,88.37,94.06,88.35,90.77,95.4,70.9,87.57428571428571
705,allmpnet,SUM+AVG-NS_SUM-9-12,two-tokens,SUM+AVG-NS,SUM-9-12,4,"torch.Size([61, 1536])",12,0,batch-64-nhid-0-inlayer-12,NORMAL,85.11,87.79,94.01,88.11,90.23,95.2,71.07,87.36
706,allmpnet,SUM+SUM-NS_SUM-9-12,two-tokens,SUM+SUM-NS,SUM-9-12,4,"torch.Size([61, 1536])",12,0,batch-64-nhid-0-inlayer-12,NORMAL,84.65,88.42,94.02,87.97,90.28,95.4,70.84,87.36857142857141
707,allmpnet,SUM+MAX-NS_SUM-9-12,two-tokens,SUM+MAX-NS,SUM-9-12,4,"torch.Size([61, 1536])",12,0,batch-64-nhid-0-inlayer-12,NORMAL,84.92,86.14,94.14,43.09,50.08,95.2,70.9,74.9242857142857
708,allmpnet,MAX+AVG-NS_SUM-9-12,two-tokens,MAX+AVG-NS,SUM-9-12,4,"torch.Size([61, 1536])",12,0,batch-64-nhid-0-inlayer-12,NORMAL,84.69,89.32,94.55,88.89,90.94,95.2,72.64,88.03285714285714
709,allmpnet,MAX+SUM-NS_SUM-9-12,two-tokens,MAX+SUM-NS,SUM-9-12,4,"torch.Size([61, 1536])",12,0,batch-64-nhid-0-inlayer-12,NORMAL,84.37,88.0,93.92,88.32,89.62,92.8,70.72,86.82142857142857
710,allmpnet,MAX+MAX-NS_SUM-9-12,two-tokens,MAX+MAX-NS,SUM-9-12,4,"torch.Size([61, 1536])",12,0,batch-64-nhid-0-inlayer-12,NORMAL,83.93,66.22,93.49,43.09,50.08,93.6,70.03,71.49142857142856
711,allmpnet,AVG-NS+SUM-NS_SUM-9-12,two-tokens,AVG-NS+SUM-NS,SUM-9-12,4,"torch.Size([61, 1536])",12,0,batch-64-nhid-0-inlayer-12,NORMAL,84.49,87.52,94.01,88.05,90.06,91.2,71.01,86.62
712,allmpnet,AVG-NS+MAX-NS_SUM-9-12,two-tokens,AVG-NS+MAX-NS,SUM-9-12,4,"torch.Size([61, 1536])",12,0,batch-64-nhid-0-inlayer-12,NORMAL,84.44,66.01,94.49,43.09,50.08,91.2,70.2,71.35857142857142
713,allmpnet,SUM-NS+MAX-NS_SUM-9-12,two-tokens,SUM-NS+MAX-NS,SUM-9-12,4,"torch.Size([61, 1536])",12,0,batch-64-nhid-0-inlayer-12,NORMAL,84.2,81.62,94.09,43.09,50.08,91.2,70.26,73.50571428571428
714,allmpnet,CLS+AVG_SUM-1-5,two-tokens,CLS+AVG,SUM-1-5,4,"torch.Size([61, 1536])",12,0,batch-64-nhid-0-inlayer-12,NORMAL,82.76,88.21,95.73,89.92,87.26,92.4,74.2,87.21142857142857
715,allmpnet,CLS+SUM_SUM-1-5,two-tokens,CLS+SUM,SUM-1-5,4,"torch.Size([61, 1536])",12,0,batch-64-nhid-0-inlayer-12,NORMAL,82.22,84.08,93.71,88.97,86.49,90.6,69.33,85.05714285714286
716,allmpnet,CLS+MAX_SUM-1-5,two-tokens,CLS+MAX,SUM-1-5,4,"torch.Size([61, 1536])",12,0,batch-64-nhid-0-inlayer-12,NORMAL,78.81,82.84,93.53,88.96,84.29,89.2,71.48,84.15857142857143
717,allmpnet,CLS+AVG-NS_SUM-1-5,two-tokens,CLS+AVG-NS,SUM-1-5,4,"torch.Size([61, 1536])",12,0,batch-64-nhid-0-inlayer-12,NORMAL,81.64,85.83,95.34,89.05,86.0,85.2,72.23,85.04142857142858
718,allmpnet,CLS+SUM-NS_SUM-1-5,two-tokens,CLS+SUM-NS,SUM-1-5,4,"torch.Size([61, 1536])",12,0,batch-64-nhid-0-inlayer-12,NORMAL,80.43,81.56,93.11,88.18,84.9,85.4,70.67,83.46428571428571
719,allmpnet,CLS+MAX-NS_SUM-1-5,two-tokens,CLS+MAX-NS,SUM-1-5,4,"torch.Size([61, 1536])",12,0,batch-64-nhid-0-inlayer-12,NORMAL,78.47,65.14,93.19,35.5,50.08,87.2,70.55,68.59
720,allmpnet,AVG+SUM_SUM-1-5,two-tokens,AVG+SUM,SUM-1-5,4,"torch.Size([61, 1536])",12,0,batch-64-nhid-0-inlayer-12,NORMAL,82.4,83.97,93.8,89.0,86.44,90.6,68.81,85.00285714285714
721,allmpnet,AVG+MAX_SUM-1-5,two-tokens,AVG+MAX,SUM-1-5,4,"torch.Size([61, 1536])",12,0,batch-64-nhid-0-inlayer-12,NORMAL,80.72,85.14,94.19,88.65,86.16,91.4,70.43,85.24142857142859
722,allmpnet,AVG+AVG-NS_SUM-1-5,two-tokens,AVG+AVG-NS,SUM-1-5,4,"torch.Size([61, 1536])",12,0,batch-64-nhid-0-inlayer-12,NORMAL,82.69,86.83,95.24,89.16,87.53,91.4,72.58,86.49
723,allmpnet,AVG+SUM-NS_SUM-1-5,two-tokens,AVG+SUM-NS,SUM-1-5,4,"torch.Size([61, 1536])",12,0,batch-64-nhid-0-inlayer-12,NORMAL,80.86,81.11,93.17,88.75,86.6,87.6,70.14,84.03285714285714
724,allmpnet,AVG+MAX-NS_SUM-1-5,two-tokens,AVG+MAX-NS,SUM-1-5,4,"torch.Size([61, 1536])",12,0,batch-64-nhid-0-inlayer-12,NORMAL,81.1,65.51,94.22,31.75,50.08,90.0,70.72,69.05428571428571
725,allmpnet,SUM+MAX_SUM-1-5,two-tokens,SUM+MAX,SUM-1-5,4,"torch.Size([61, 1536])",12,0,batch-64-nhid-0-inlayer-12,NORMAL,81.96,84.37,93.68,88.22,85.83,91.0,69.04,84.87142857142855
726,allmpnet,SUM+AVG-NS_SUM-1-5,two-tokens,SUM+AVG-NS,SUM-1-5,4,"torch.Size([61, 1536])",12,0,batch-64-nhid-0-inlayer-12,NORMAL,82.31,84.05,93.62,88.21,86.55,90.6,69.16,84.92857142857143
727,allmpnet,SUM+SUM-NS_SUM-1-5,two-tokens,SUM+SUM-NS,SUM-1-5,4,"torch.Size([61, 1536])",12,0,batch-64-nhid-0-inlayer-12,NORMAL,81.33,84.55,94.05,87.99,86.55,91.2,70.72,85.19857142857144
728,allmpnet,SUM+MAX-NS_SUM-1-5,two-tokens,SUM+MAX-NS,SUM-1-5,4,"torch.Size([61, 1536])",12,0,batch-64-nhid-0-inlayer-12,NORMAL,81.82,78.52,93.8,35.5,50.08,90.6,69.45,71.39571428571428
729,allmpnet,MAX+AVG-NS_SUM-1-5,two-tokens,MAX+AVG-NS,SUM-1-5,4,"torch.Size([61, 1536])",12,0,batch-64-nhid-0-inlayer-12,NORMAL,80.2,84.05,94.12,87.72,86.16,91.2,71.48,84.99000000000001
730,allmpnet,MAX+SUM-NS_SUM-1-5,two-tokens,MAX+SUM-NS,SUM-1-5,4,"torch.Size([61, 1536])",12,0,batch-64-nhid-0-inlayer-12,NORMAL,80.14,82.17,93.34,87.87,85.56,88.8,70.49,84.05285714285715
731,allmpnet,MAX+MAX-NS_SUM-1-5,two-tokens,MAX+MAX-NS,SUM-1-5,4,"torch.Size([61, 1536])",12,0,batch-64-nhid-0-inlayer-12,NORMAL,77.92,65.51,92.53,35.5,50.08,90.6,71.13,69.03857142857143
732,allmpnet,AVG-NS+SUM-NS_SUM-1-5,two-tokens,AVG-NS+SUM-NS,SUM-1-5,4,"torch.Size([61, 1536])",12,0,batch-64-nhid-0-inlayer-12,NORMAL,80.42,80.88,93.06,87.47,85.89,87.4,70.26,83.62571428571428
733,allmpnet,AVG-NS+MAX-NS_SUM-1-5,two-tokens,AVG-NS+MAX-NS,SUM-1-5,4,"torch.Size([61, 1536])",12,0,batch-64-nhid-0-inlayer-12,NORMAL,80.04,65.56,93.8,35.5,50.08,86.8,70.2,68.85428571428572
734,allmpnet,SUM-NS+MAX-NS_SUM-1-5,two-tokens,SUM-NS+MAX-NS,SUM-1-5,4,"torch.Size([61, 1536])",12,0,batch-64-nhid-0-inlayer-12,NORMAL,79.89,68.48,93.22,35.5,50.08,87.4,70.49,69.29428571428572
735,allmpnet,CLS+AVG_SUM-2-6,two-tokens,CLS+AVG,SUM-2-6,4,"torch.Size([61, 1536])",12,0,batch-64-nhid-0-inlayer-12,NORMAL,84.65,90.12,96.2,90.25,89.57,93.0,75.07,88.40857142857142
736,allmpnet,CLS+SUM_SUM-2-6,two-tokens,CLS+SUM,SUM-2-6,4,"torch.Size([61, 1536])",12,0,batch-64-nhid-0-inlayer-12,NORMAL,83.46,86.02,94.1,89.34,88.14,92.0,67.65,85.81571428571428
737,allmpnet,CLS+MAX_SUM-2-6,two-tokens,CLS+MAX,SUM-2-6,4,"torch.Size([61, 1536])",12,0,batch-64-nhid-0-inlayer-12,NORMAL,82.05,85.59,94.88,89.1,87.59,91.2,70.49,85.84285714285716
738,allmpnet,CLS+AVG-NS_SUM-2-6,two-tokens,CLS+AVG-NS,SUM-2-6,4,"torch.Size([61, 1536])",12,0,batch-64-nhid-0-inlayer-12,NORMAL,84.26,89.19,95.88,89.1,88.8,90.2,73.22,87.23571428571428
739,allmpnet,CLS+SUM-NS_SUM-2-6,two-tokens,CLS+SUM-NS,SUM-2-6,4,"torch.Size([61, 1536])",12,0,batch-64-nhid-0-inlayer-12,NORMAL,82.33,83.29,93.81,88.42,87.2,88.8,68.29,84.59142857142857
740,allmpnet,CLS+MAX-NS_SUM-2-6,two-tokens,CLS+MAX-NS,SUM-2-6,4,"torch.Size([61, 1536])",12,0,batch-64-nhid-0-inlayer-12,NORMAL,82.04,65.9,94.51,35.5,50.08,88.6,71.71,69.76285714285714
741,allmpnet,AVG+SUM_SUM-2-6,two-tokens,AVG+SUM,SUM-2-6,4,"torch.Size([61, 1536])",12,0,batch-64-nhid-0-inlayer-12,NORMAL,83.57,85.88,94.03,89.36,88.14,92.2,68.35,85.93285714285716
742,allmpnet,AVG+MAX_SUM-2-6,two-tokens,AVG+MAX,SUM-2-6,4,"torch.Size([61, 1536])",12,0,batch-64-nhid-0-inlayer-12,NORMAL,82.63,86.81,94.79,89.3,87.97,93.2,72.99,86.81285714285715
743,allmpnet,AVG+AVG-NS_SUM-2-6,two-tokens,AVG+AVG-NS,SUM-2-6,4,"torch.Size([61, 1536])",12,0,batch-64-nhid-0-inlayer-12,NORMAL,83.88,88.56,95.72,89.41,89.24,92.4,72.99,87.45714285714284
744,allmpnet,AVG+SUM-NS_SUM-2-6,two-tokens,AVG+SUM-NS,SUM-2-6,4,"torch.Size([61, 1536])",12,0,batch-64-nhid-0-inlayer-12,NORMAL,82.36,83.5,93.82,88.96,87.81,88.4,68.87,84.81714285714285
745,allmpnet,AVG+MAX-NS_SUM-2-6,two-tokens,AVG+MAX-NS,SUM-2-6,4,"torch.Size([61, 1536])",12,0,batch-64-nhid-0-inlayer-12,NORMAL,82.55,65.85,94.74,35.5,50.08,92.0,71.88,70.37142857142857
746,allmpnet,SUM+MAX_SUM-2-6,two-tokens,SUM+MAX,SUM-2-6,4,"torch.Size([61, 1536])",12,0,batch-64-nhid-0-inlayer-12,NORMAL,83.52,86.76,94.24,88.7,88.63,92.4,69.33,86.22571428571429
747,allmpnet,SUM+AVG-NS_SUM-2-6,two-tokens,SUM+AVG-NS,SUM-2-6,4,"torch.Size([61, 1536])",12,0,batch-64-nhid-0-inlayer-12,NORMAL,83.5,85.85,94.02,88.84,88.69,92.0,68.41,85.90142857142858
748,allmpnet,SUM+SUM-NS_SUM-2-6,two-tokens,SUM+SUM-NS,SUM-2-6,4,"torch.Size([61, 1536])",12,0,batch-64-nhid-0-inlayer-12,NORMAL,82.89,86.6,94.59,88.37,88.25,92.2,69.33,86.03285714285717
749,allmpnet,SUM+MAX-NS_SUM-2-6,two-tokens,SUM+MAX-NS,SUM-2-6,4,"torch.Size([61, 1536])",12,0,batch-64-nhid-0-inlayer-12,NORMAL,83.46,80.77,94.24,35.5,50.08,93.0,68.58,72.23285714285713
750,allmpnet,MAX+AVG-NS_SUM-2-6,two-tokens,MAX+AVG-NS,SUM-2-6,4,"torch.Size([61, 1536])",12,0,batch-64-nhid-0-inlayer-12,NORMAL,81.75,86.17,94.61,88.53,87.81,93.4,72.41,86.38285714285715
751,allmpnet,MAX+SUM-NS_SUM-2-6,two-tokens,MAX+SUM-NS,SUM-2-6,4,"torch.Size([61, 1536])",12,0,batch-64-nhid-0-inlayer-12,NORMAL,82.0,84.34,93.71,88.27,87.1,91.6,69.1,85.16
752,allmpnet,MAX+MAX-NS_SUM-2-6,two-tokens,MAX+MAX-NS,SUM-2-6,4,"torch.Size([61, 1536])",12,0,batch-64-nhid-0-inlayer-12,NORMAL,80.06,65.64,93.28,35.5,50.08,92.2,71.83,69.79857142857142
753,allmpnet,AVG-NS+SUM-NS_SUM-2-6,two-tokens,AVG-NS+SUM-NS,SUM-2-6,4,"torch.Size([61, 1536])",12,0,batch-64-nhid-0-inlayer-12,NORMAL,82.26,82.94,93.75,88.02,87.1,87.6,69.62,84.47
754,allmpnet,AVG-NS+MAX-NS_SUM-2-6,two-tokens,AVG-NS+MAX-NS,SUM-2-6,4,"torch.Size([61, 1536])",12,0,batch-64-nhid-0-inlayer-12,NORMAL,81.43,65.59,94.39,35.5,50.08,89.4,71.42,69.68714285714286
755,allmpnet,SUM-NS+MAX-NS_SUM-2-6,two-tokens,SUM-NS+MAX-NS,SUM-2-6,4,"torch.Size([61, 1536])",12,0,batch-64-nhid-0-inlayer-12,NORMAL,81.67,65.64,93.78,35.5,50.08,89.2,69.04,69.27285714285715
756,allmpnet,CLS+AVG_SUM-3-7,two-tokens,CLS+AVG,SUM-3-7,4,"torch.Size([61, 1536])",12,0,batch-64-nhid-0-inlayer-12,NORMAL,85.44,91.23,96.26,90.45,90.72,93.4,75.71,89.03
757,allmpnet,CLS+SUM_SUM-3-7,two-tokens,CLS+SUM,SUM-3-7,4,"torch.Size([61, 1536])",12,0,batch-64-nhid-0-inlayer-12,NORMAL,84.52,87.1,94.2,89.4,89.79,92.6,67.71,86.47428571428573
758,allmpnet,CLS+MAX_SUM-3-7,two-tokens,CLS+MAX,SUM-3-7,4,"torch.Size([61, 1536])",12,0,batch-64-nhid-0-inlayer-12,NORMAL,83.45,87.84,95.07,89.24,89.29,91.8,71.48,86.88142857142859
759,allmpnet,CLS+AVG-NS_SUM-3-7,two-tokens,CLS+AVG-NS,SUM-3-7,4,"torch.Size([61, 1536])",12,0,batch-64-nhid-0-inlayer-12,NORMAL,84.8,90.09,95.97,89.24,89.95,90.2,72.93,87.59714285714287
760,allmpnet,CLS+SUM-NS_SUM-3-7,two-tokens,CLS+SUM-NS,SUM-3-7,4,"torch.Size([61, 1536])",12,0,batch-64-nhid-0-inlayer-12,NORMAL,83.42,85.4,94.1,88.68,88.3,89.8,68.12,85.40285714285713
761,allmpnet,CLS+MAX-NS_SUM-3-7,two-tokens,CLS+MAX-NS,SUM-3-7,4,"torch.Size([61, 1536])",12,0,batch-64-nhid-0-inlayer-12,NORMAL,83.07,66.17,94.91,35.5,50.08,88.4,71.71,69.97714285714285
762,allmpnet,AVG+SUM_SUM-3-7,two-tokens,AVG+SUM,SUM-3-7,4,"torch.Size([61, 1536])",12,0,batch-64-nhid-0-inlayer-12,NORMAL,84.31,87.15,94.36,89.37,89.62,93.4,67.54,86.53571428571429
763,allmpnet,AVG+MAX_SUM-3-7,two-tokens,AVG+MAX,SUM-3-7,4,"torch.Size([61, 1536])",12,0,batch-64-nhid-0-inlayer-12,NORMAL,83.71,88.16,94.88,89.39,89.62,93.8,73.22,87.53999999999999
764,allmpnet,AVG+AVG-NS_SUM-3-7,two-tokens,AVG+AVG-NS,SUM-3-7,4,"torch.Size([61, 1536])",12,0,batch-64-nhid-0-inlayer-12,NORMAL,84.68,89.54,95.81,89.5,90.17,93.6,71.71,87.85857142857144
765,allmpnet,AVG+SUM-NS_SUM-3-7,two-tokens,AVG+SUM-NS,SUM-3-7,4,"torch.Size([61, 1536])",12,0,batch-64-nhid-0-inlayer-12,NORMAL,83.27,85.4,94.07,89.29,88.41,90.2,68.64,85.61142857142859
766,allmpnet,AVG+MAX-NS_SUM-3-7,two-tokens,AVG+MAX-NS,SUM-3-7,4,"torch.Size([61, 1536])",12,0,batch-64-nhid-0-inlayer-12,NORMAL,83.63,65.98,94.86,35.5,50.08,92.4,71.88,70.61857142857143
767,allmpnet,SUM+MAX_SUM-3-7,two-tokens,SUM+MAX,SUM-3-7,4,"torch.Size([61, 1536])",12,0,batch-64-nhid-0-inlayer-12,NORMAL,84.26,87.63,94.4,88.77,90.23,93.6,67.94,86.68999999999998
768,allmpnet,SUM+AVG-NS_SUM-3-7,two-tokens,SUM+AVG-NS,SUM-3-7,4,"torch.Size([61, 1536])",12,0,batch-64-nhid-0-inlayer-12,NORMAL,84.35,87.5,94.24,88.74,89.79,93.4,68.17,86.59857142857142
769,allmpnet,SUM+SUM-NS_SUM-3-7,two-tokens,SUM+SUM-NS,SUM-3-7,4,"torch.Size([61, 1536])",12,0,batch-64-nhid-0-inlayer-12,NORMAL,83.14,88.21,94.75,88.52,89.57,93.8,69.1,86.72714285714287
770,allmpnet,SUM+MAX-NS_SUM-3-7,two-tokens,SUM+MAX-NS,SUM-3-7,4,"torch.Size([61, 1536])",12,0,batch-64-nhid-0-inlayer-12,NORMAL,84.32,85.12,94.38,31.75,50.08,93.6,67.65,72.41428571428571
771,allmpnet,MAX+AVG-NS_SUM-3-7,two-tokens,MAX+AVG-NS,SUM-3-7,4,"torch.Size([61, 1536])",12,0,batch-64-nhid-0-inlayer-12,NORMAL,83.19,87.47,94.9,88.52,89.79,93.6,73.39,87.26571428571428
772,allmpnet,MAX+SUM-NS_SUM-3-7,two-tokens,MAX+SUM-NS,SUM-3-7,4,"torch.Size([61, 1536])",12,0,batch-64-nhid-0-inlayer-12,NORMAL,83.15,86.23,94.35,88.22,88.47,91.6,68.12,85.73428571428573
773,allmpnet,MAX+MAX-NS_SUM-3-7,two-tokens,MAX+MAX-NS,SUM-3-7,4,"torch.Size([61, 1536])",12,0,batch-64-nhid-0-inlayer-12,NORMAL,81.7,67.15,93.53,35.5,50.08,92.2,71.71,70.26714285714284
774,allmpnet,AVG-NS+SUM-NS_SUM-3-7,two-tokens,AVG-NS+SUM-NS,SUM-3-7,4,"torch.Size([61, 1536])",12,0,batch-64-nhid-0-inlayer-12,NORMAL,83.28,85.3,94.04,88.17,89.24,90.2,68.99,85.60285714285715
775,allmpnet,AVG-NS+MAX-NS_SUM-3-7,two-tokens,AVG-NS+MAX-NS,SUM-3-7,4,"torch.Size([61, 1536])",12,0,batch-64-nhid-0-inlayer-12,NORMAL,82.56,65.85,94.49,35.5,50.08,89.8,72.41,70.09857142857142
776,allmpnet,SUM-NS+MAX-NS_SUM-3-7,two-tokens,SUM-NS+MAX-NS,SUM-3-7,4,"torch.Size([61, 1536])",12,0,batch-64-nhid-0-inlayer-12,NORMAL,82.86,69.29,94.25,35.5,50.08,90.6,68.46,70.14857142857142
777,allmpnet,CLS+AVG_SUM-4-8,two-tokens,CLS+AVG,SUM-4-8,4,"torch.Size([61, 1536])",12,0,batch-64-nhid-0-inlayer-12,NORMAL,85.53,91.23,96.37,90.72,90.55,93.8,75.01,89.03
778,allmpnet,CLS+SUM_SUM-4-8,two-tokens,CLS+SUM,SUM-4-8,4,"torch.Size([61, 1536])",12,0,batch-64-nhid-0-inlayer-12,NORMAL,84.84,87.9,94.7,89.56,90.66,93.4,67.59,86.95
779,allmpnet,CLS+MAX_SUM-4-8,two-tokens,CLS+MAX,SUM-4-8,4,"torch.Size([61, 1536])",12,0,batch-64-nhid-0-inlayer-12,NORMAL,83.92,88.5,94.95,89.1,90.44,92.4,72.29,87.37142857142858
780,allmpnet,CLS+AVG-NS_SUM-4-8,two-tokens,CLS+AVG-NS,SUM-4-8,4,"torch.Size([61, 1536])",12,0,batch-64-nhid-0-inlayer-12,NORMAL,84.99,90.17,96.04,89.5,90.28,91.0,72.23,87.74428571428572
781,allmpnet,CLS+SUM-NS_SUM-4-8,two-tokens,CLS+SUM-NS,SUM-4-8,4,"torch.Size([61, 1536])",12,0,batch-64-nhid-0-inlayer-12,NORMAL,84.04,86.41,94.21,88.83,89.07,88.6,67.36,85.50285714285714
782,allmpnet,CLS+MAX-NS_SUM-4-8,two-tokens,CLS+MAX-NS,SUM-4-8,4,"torch.Size([61, 1536])",12,0,batch-64-nhid-0-inlayer-12,NORMAL,83.72,65.96,94.79,35.5,50.08,88.0,71.65,69.95714285714287
783,allmpnet,AVG+SUM_SUM-4-8,two-tokens,AVG+SUM,SUM-4-8,4,"torch.Size([61, 1536])",12,0,batch-64-nhid-0-inlayer-12,NORMAL,84.92,88.0,94.6,89.57,90.88,93.8,67.25,87.00285714285714
784,allmpnet,AVG+MAX_SUM-4-8,two-tokens,AVG+MAX,SUM-4-8,4,"torch.Size([61, 1536])",12,0,batch-64-nhid-0-inlayer-12,NORMAL,84.13,88.98,94.95,89.42,90.88,94.6,72.64,87.94285714285715
785,allmpnet,AVG+AVG-NS_SUM-4-8,two-tokens,AVG+AVG-NS,SUM-4-8,4,"torch.Size([61, 1536])",12,0,batch-64-nhid-0-inlayer-12,NORMAL,85.07,89.72,95.8,89.63,91.1,94.0,71.25,88.08142857142856
786,allmpnet,AVG+SUM-NS_SUM-4-8,two-tokens,AVG+SUM-NS,SUM-4-8,4,"torch.Size([61, 1536])",12,0,batch-64-nhid-0-inlayer-12,NORMAL,84.08,86.07,93.96,89.44,89.51,90.4,68.17,85.94714285714284
787,allmpnet,AVG+MAX-NS_SUM-4-8,two-tokens,AVG+MAX-NS,SUM-4-8,4,"torch.Size([61, 1536])",12,0,batch-64-nhid-0-inlayer-12,NORMAL,84.27,66.06,94.85,35.5,50.08,93.6,73.1,71.06571428571428
788,allmpnet,SUM+MAX_SUM-4-8,two-tokens,SUM+MAX,SUM-4-8,4,"torch.Size([61, 1536])",12,0,batch-64-nhid-0-inlayer-12,NORMAL,84.78,87.97,94.74,88.63,91.05,94.0,67.25,86.91714285714286
789,allmpnet,SUM+AVG-NS_SUM-4-8,two-tokens,SUM+AVG-NS,SUM-4-8,4,"torch.Size([61, 1536])",12,0,batch-64-nhid-0-inlayer-12,NORMAL,84.85,87.98,94.61,88.85,90.72,93.8,67.01,86.83142857142856
790,allmpnet,SUM+SUM-NS_SUM-4-8,two-tokens,SUM+SUM-NS,SUM-4-8,4,"torch.Size([61, 1536])",12,0,batch-64-nhid-0-inlayer-12,NORMAL,84.04,88.77,94.86,88.76,89.46,94.0,68.29,86.88285714285713
791,allmpnet,SUM+MAX-NS_SUM-4-8,two-tokens,SUM+MAX-NS,SUM-4-8,4,"torch.Size([61, 1536])",12,0,batch-64-nhid-0-inlayer-12,NORMAL,84.79,85.98,94.7,39.19,50.08,93.6,68.23,73.7957142857143
792,allmpnet,MAX+AVG-NS_SUM-4-8,two-tokens,MAX+AVG-NS,SUM-4-8,4,"torch.Size([61, 1536])",12,0,batch-64-nhid-0-inlayer-12,NORMAL,83.56,88.45,95.01,88.74,90.39,92.6,72.7,87.35000000000001
793,allmpnet,MAX+SUM-NS_SUM-4-8,two-tokens,MAX+SUM-NS,SUM-4-8,4,"torch.Size([61, 1536])",12,0,batch-64-nhid-0-inlayer-12,NORMAL,83.75,86.86,94.26,88.56,89.84,92.2,68.35,86.26
794,allmpnet,MAX+MAX-NS_SUM-4-8,two-tokens,MAX+MAX-NS,SUM-4-8,4,"torch.Size([61, 1536])",12,0,batch-64-nhid-0-inlayer-12,NORMAL,82.66,65.98,93.8,35.5,50.08,92.2,71.48,70.24285714285715
795,allmpnet,AVG-NS+SUM-NS_SUM-4-8,two-tokens,AVG-NS+SUM-NS,SUM-4-8,4,"torch.Size([61, 1536])",12,0,batch-64-nhid-0-inlayer-12,NORMAL,83.82,86.01,94.02,88.22,89.9,90.8,68.29,85.86571428571426
796,allmpnet,AVG-NS+MAX-NS_SUM-4-8,two-tokens,AVG-NS+MAX-NS,SUM-4-8,4,"torch.Size([61, 1536])",12,0,batch-64-nhid-0-inlayer-12,NORMAL,83.23,65.8,94.6,35.5,50.08,90.2,71.77,70.16857142857143
797,allmpnet,SUM-NS+MAX-NS_SUM-4-8,two-tokens,SUM-NS+MAX-NS,SUM-4-8,4,"torch.Size([61, 1536])",12,0,batch-64-nhid-0-inlayer-12,NORMAL,83.43,80.61,93.97,35.5,50.08,92.0,68.12,71.95857142857143
798,allmpnet,CLS+AVG_SUM-5-9,two-tokens,CLS+AVG,SUM-5-9,4,"torch.Size([61, 1536])",12,0,batch-64-nhid-0-inlayer-12,NORMAL,85.62,91.23,96.21,90.79,90.88,95.6,75.54,89.41
799,allmpnet,CLS+SUM_SUM-5-9,two-tokens,CLS+SUM,SUM-5-9,4,"torch.Size([61, 1536])",12,0,batch-64-nhid-0-inlayer-12,NORMAL,85.17,88.13,94.58,89.77,91.21,93.8,67.59,87.17857142857143
800,allmpnet,CLS+MAX_SUM-5-9,two-tokens,CLS+MAX,SUM-5-9,4,"torch.Size([61, 1536])",12,0,batch-64-nhid-0-inlayer-12,NORMAL,83.96,88.72,95.03,89.18,91.05,93.2,71.54,87.5257142857143
801,allmpnet,CLS+AVG-NS_SUM-5-9,two-tokens,CLS+AVG-NS,SUM-5-9,4,"torch.Size([61, 1536])",12,0,batch-64-nhid-0-inlayer-12,NORMAL,84.97,90.49,96.04,89.71,91.32,92.4,71.83,88.10857142857142
802,allmpnet,CLS+SUM-NS_SUM-5-9,two-tokens,CLS+SUM-NS,SUM-5-9,4,"torch.Size([61, 1536])",12,0,batch-64-nhid-0-inlayer-12,NORMAL,84.26,87.2,94.47,89.08,90.39,91.4,67.94,86.39142857142858
803,allmpnet,CLS+MAX-NS_SUM-5-9,two-tokens,CLS+MAX-NS,SUM-5-9,4,"torch.Size([61, 1536])",12,0,batch-64-nhid-0-inlayer-12,NORMAL,84.07,66.17,94.76,35.5,50.08,87.6,71.42,69.94285714285714
804,allmpnet,AVG+SUM_SUM-5-9,two-tokens,AVG+SUM,SUM-5-9,4,"torch.Size([61, 1536])",12,0,batch-64-nhid-0-inlayer-12,NORMAL,85.27,88.11,94.68,89.57,90.61,93.6,67.19,87.00428571428571
805,allmpnet,AVG+MAX_SUM-5-9,two-tokens,AVG+MAX,SUM-5-9,4,"torch.Size([61, 1536])",12,0,batch-64-nhid-0-inlayer-12,NORMAL,84.33,89.75,94.83,89.55,91.49,94.6,71.59,88.02
806,allmpnet,AVG+AVG-NS_SUM-5-9,two-tokens,AVG+AVG-NS,SUM-5-9,4,"torch.Size([61, 1536])",12,0,batch-64-nhid-0-inlayer-12,NORMAL,85.47,90.04,95.85,89.6,91.21,95.2,71.54,88.41571428571429
807,allmpnet,AVG+SUM-NS_SUM-5-9,two-tokens,AVG+SUM-NS,SUM-5-9,4,"torch.Size([61, 1536])",12,0,batch-64-nhid-0-inlayer-12,NORMAL,84.45,87.02,94.38,89.29,90.01,92.0,67.71,86.40857142857145
808,allmpnet,AVG+MAX-NS_SUM-5-9,two-tokens,AVG+MAX-NS,SUM-5-9,4,"torch.Size([61, 1536])",12,0,batch-64-nhid-0-inlayer-12,NORMAL,84.44,66.01,95.02,35.5,50.08,92.4,71.65,70.72857142857141
809,allmpnet,SUM+MAX_SUM-5-9,two-tokens,SUM+MAX,SUM-5-9,4,"torch.Size([61, 1536])",12,0,batch-64-nhid-0-inlayer-12,NORMAL,84.96,88.45,94.55,88.78,91.16,93.6,68.41,87.13
810,allmpnet,SUM+AVG-NS_SUM-5-9,two-tokens,SUM+AVG-NS,SUM-5-9,4,"torch.Size([61, 1536])",12,0,batch-64-nhid-0-inlayer-12,NORMAL,85.15,88.1,94.52,89.07,90.99,93.6,68.17,87.08571428571427
811,allmpnet,SUM+SUM-NS_SUM-5-9,two-tokens,SUM+SUM-NS,SUM-5-9,4,"torch.Size([61, 1536])",12,0,batch-64-nhid-0-inlayer-12,NORMAL,84.4,88.69,94.96,88.66,90.94,94.4,68.29,87.19142857142857
812,allmpnet,SUM+MAX-NS_SUM-5-9,two-tokens,SUM+MAX-NS,SUM-5-9,4,"torch.Size([61, 1536])",12,0,batch-64-nhid-0-inlayer-12,NORMAL,84.88,85.43,94.61,48.19,50.08,93.0,68.06,74.89285714285714
813,allmpnet,MAX+AVG-NS_SUM-5-9,two-tokens,MAX+AVG-NS,SUM-5-9,4,"torch.Size([61, 1536])",12,0,batch-64-nhid-0-inlayer-12,NORMAL,83.99,89.22,94.88,88.92,91.38,93.8,72.29,87.78285714285713
814,allmpnet,MAX+SUM-NS_SUM-5-9,two-tokens,MAX+SUM-NS,SUM-5-9,4,"torch.Size([61, 1536])",12,0,batch-64-nhid-0-inlayer-12,NORMAL,84.4,87.71,94.48,88.56,91.05,92.8,67.42,86.63142857142857
815,allmpnet,MAX+MAX-NS_SUM-5-9,two-tokens,MAX+MAX-NS,SUM-5-9,4,"torch.Size([61, 1536])",12,0,batch-64-nhid-0-inlayer-12,NORMAL,82.8,66.09,93.64,35.5,50.08,93.0,71.65,70.39428571428572
816,allmpnet,AVG-NS+SUM-NS_SUM-5-9,two-tokens,AVG-NS+SUM-NS,SUM-5-9,4,"torch.Size([61, 1536])",12,0,batch-64-nhid-0-inlayer-12,NORMAL,84.31,86.81,94.39,88.54,90.61,91.6,67.65,86.27285714285713
817,allmpnet,AVG-NS+MAX-NS_SUM-5-9,two-tokens,AVG-NS+MAX-NS,SUM-5-9,4,"torch.Size([61, 1536])",12,0,batch-64-nhid-0-inlayer-12,NORMAL,83.8,65.96,94.76,35.5,50.08,88.2,71.42,69.96
818,allmpnet,SUM-NS+MAX-NS_SUM-5-9,two-tokens,SUM-NS+MAX-NS,SUM-5-9,4,"torch.Size([61, 1536])",12,0,batch-64-nhid-0-inlayer-12,NORMAL,84.24,81.88,94.38,35.5,50.08,92.4,68.06,72.36285714285715
819,allmpnet,CLS+AVG_SUM-6-10,two-tokens,CLS+AVG,SUM-6-10,4,"torch.Size([61, 1536])",12,0,batch-64-nhid-0-inlayer-12,NORMAL,85.63,91.34,96.27,90.46,91.65,95.8,76.17,89.61714285714285
820,allmpnet,CLS+SUM_SUM-6-10,two-tokens,CLS+SUM,SUM-6-10,4,"torch.Size([61, 1536])",12,0,batch-64-nhid-0-inlayer-12,NORMAL,85.61,88.71,94.65,89.29,90.99,94.8,69.86,87.70142857142858
821,allmpnet,CLS+MAX_SUM-6-10,two-tokens,CLS+MAX,SUM-6-10,4,"torch.Size([61, 1536])",12,0,batch-64-nhid-0-inlayer-12,NORMAL,84.35,88.93,94.9,89.28,90.94,92.8,71.77,87.56714285714285
822,allmpnet,CLS+AVG-NS_SUM-6-10,two-tokens,CLS+AVG-NS,SUM-6-10,4,"torch.Size([61, 1536])",12,0,batch-64-nhid-0-inlayer-12,NORMAL,85.38,90.84,96.15,89.73,91.76,91.4,72.7,88.28
823,allmpnet,CLS+SUM-NS_SUM-6-10,two-tokens,CLS+SUM-NS,SUM-6-10,4,"torch.Size([61, 1536])",12,0,batch-64-nhid-0-inlayer-12,NORMAL,85.09,87.55,94.43,88.99,90.55,91.4,69.68,86.81285714285715
824,allmpnet,CLS+MAX-NS_SUM-6-10,two-tokens,CLS+MAX-NS,SUM-6-10,4,"torch.Size([61, 1536])",12,0,batch-64-nhid-0-inlayer-12,NORMAL,84.39,66.35,94.75,35.5,50.08,89.0,71.42,70.21285714285715
825,allmpnet,AVG+SUM_SUM-6-10,two-tokens,AVG+SUM,SUM-6-10,4,"torch.Size([61, 1536])",12,0,batch-64-nhid-0-inlayer-12,NORMAL,85.68,88.64,94.64,89.28,91.05,94.8,68.7,87.54142857142858
826,allmpnet,AVG+MAX_SUM-6-10,two-tokens,AVG+MAX,SUM-6-10,4,"torch.Size([61, 1536])",12,0,batch-64-nhid-0-inlayer-12,NORMAL,84.89,89.64,95.11,89.51,91.27,94.2,72.12,88.10571428571428
827,allmpnet,AVG+AVG-NS_SUM-6-10,two-tokens,AVG+AVG-NS,SUM-6-10,4,"torch.Size([61, 1536])",12,0,batch-64-nhid-0-inlayer-12,NORMAL,85.79,90.65,95.89,89.34,91.1,95.4,71.59,88.53714285714285
828,allmpnet,AVG+SUM-NS_SUM-6-10,two-tokens,AVG+SUM-NS,SUM-6-10,4,"torch.Size([61, 1536])",12,0,batch-64-nhid-0-inlayer-12,NORMAL,85.09,87.66,94.43,89.16,90.66,92.6,69.33,86.99000000000001
829,allmpnet,AVG+MAX-NS_SUM-6-10,two-tokens,AVG+MAX-NS,SUM-6-10,4,"torch.Size([61, 1536])",12,0,batch-64-nhid-0-inlayer-12,NORMAL,84.47,66.09,94.88,35.5,50.08,92.8,70.84,70.66571428571429
830,allmpnet,SUM+MAX_SUM-6-10,two-tokens,SUM+MAX,SUM-6-10,4,"torch.Size([61, 1536])",12,0,batch-64-nhid-0-inlayer-12,NORMAL,85.39,88.56,94.65,88.47,91.32,94.8,69.04,87.46142857142857
831,allmpnet,SUM+AVG-NS_SUM-6-10,two-tokens,SUM+AVG-NS,SUM-6-10,4,"torch.Size([61, 1536])",12,0,batch-64-nhid-0-inlayer-12,NORMAL,85.55,88.69,94.55,88.54,91.27,94.6,69.16,87.48
832,allmpnet,SUM+SUM-NS_SUM-6-10,two-tokens,SUM+SUM-NS,SUM-6-10,4,"torch.Size([61, 1536])",12,0,batch-64-nhid-0-inlayer-12,NORMAL,85.0,89.11,94.84,88.49,90.66,95.6,69.22,87.56000000000002
833,allmpnet,SUM+MAX-NS_SUM-6-10,two-tokens,SUM+MAX-NS,SUM-6-10,4,"torch.Size([61, 1536])",12,0,batch-64-nhid-0-inlayer-12,NORMAL,85.64,88.66,94.62,46.61,50.08,94.4,68.99,75.57142857142857
834,allmpnet,MAX+AVG-NS_SUM-6-10,two-tokens,MAX+AVG-NS,SUM-6-10,4,"torch.Size([61, 1536])",12,0,batch-64-nhid-0-inlayer-12,NORMAL,84.34,89.01,95.07,88.82,91.32,93.6,70.96,87.58857142857143
835,allmpnet,MAX+SUM-NS_SUM-6-10,two-tokens,MAX+SUM-NS,SUM-6-10,4,"torch.Size([61, 1536])",12,0,batch-64-nhid-0-inlayer-12,NORMAL,84.81,87.74,94.46,88.27,91.1,93.4,69.16,86.99142857142856
836,allmpnet,MAX+MAX-NS_SUM-6-10,two-tokens,MAX+MAX-NS,SUM-6-10,4,"torch.Size([61, 1536])",12,0,batch-64-nhid-0-inlayer-12,NORMAL,83.44,68.03,93.79,35.5,50.08,92.2,71.65,70.66999999999999
837,allmpnet,AVG-NS+SUM-NS_SUM-6-10,two-tokens,AVG-NS+SUM-NS,SUM-6-10,4,"torch.Size([61, 1536])",12,0,batch-64-nhid-0-inlayer-12,NORMAL,84.98,87.55,94.48,88.38,90.17,90.6,70.03,86.59857142857142
838,allmpnet,AVG-NS+MAX-NS_SUM-6-10,two-tokens,AVG-NS+MAX-NS,SUM-6-10,4,"torch.Size([61, 1536])",12,0,batch-64-nhid-0-inlayer-12,NORMAL,84.08,66.17,94.46,35.5,50.08,90.6,70.96,70.2642857142857
839,allmpnet,SUM-NS+MAX-NS_SUM-6-10,two-tokens,SUM-NS+MAX-NS,SUM-6-10,4,"torch.Size([61, 1536])",12,0,batch-64-nhid-0-inlayer-12,NORMAL,84.36,84.26,94.45,35.5,50.08,91.6,68.64,72.69857142857143
840,allmpnet,CLS+AVG_SUM-7-11,two-tokens,CLS+AVG,SUM-7-11,4,"torch.Size([61, 1536])",12,0,batch-64-nhid-0-inlayer-12,NORMAL,86.22,91.21,96.26,90.33,91.98,96.0,72.87,89.26714285714286
841,allmpnet,CLS+SUM_SUM-7-11,two-tokens,CLS+SUM,SUM-7-11,4,"torch.Size([61, 1536])",12,0,batch-64-nhid-0-inlayer-12,NORMAL,85.43,88.4,94.36,89.1,91.16,94.2,70.03,87.52571428571427
842,allmpnet,CLS+MAX_SUM-7-11,two-tokens,CLS+MAX,SUM-7-11,4,"torch.Size([61, 1536])",12,0,batch-64-nhid-0-inlayer-12,NORMAL,84.63,88.42,94.52,89.15,91.05,93.2,71.88,87.55
843,allmpnet,CLS+AVG-NS_SUM-7-11,two-tokens,CLS+AVG-NS,SUM-7-11,4,"torch.Size([61, 1536])",12,0,batch-64-nhid-0-inlayer-12,NORMAL,85.96,90.83,96.29,89.57,91.43,91.8,73.22,88.44285714285715
844,allmpnet,CLS+SUM-NS_SUM-7-11,two-tokens,CLS+SUM-NS,SUM-7-11,4,"torch.Size([61, 1536])",12,0,batch-64-nhid-0-inlayer-12,NORMAL,85.16,87.42,94.3,88.64,90.44,91.4,70.55,86.8442857142857
845,allmpnet,CLS+MAX-NS_SUM-7-11,two-tokens,CLS+MAX-NS,SUM-7-11,4,"torch.Size([61, 1536])",12,0,batch-64-nhid-0-inlayer-12,NORMAL,84.57,66.43,94.48,36.79,50.08,88.8,70.61,70.25142857142858
846,allmpnet,AVG+SUM_SUM-7-11,two-tokens,AVG+SUM,SUM-7-11,4,"torch.Size([61, 1536])",12,0,batch-64-nhid-0-inlayer-12,NORMAL,85.59,88.32,94.4,88.96,91.05,94.2,70.2,87.53142857142858
847,allmpnet,AVG+MAX_SUM-7-11,two-tokens,AVG+MAX,SUM-7-11,4,"torch.Size([61, 1536])",12,0,batch-64-nhid-0-inlayer-12,NORMAL,84.66,89.03,94.78,89.45,90.94,94.6,72.93,88.0557142857143
848,allmpnet,AVG+AVG-NS_SUM-7-11,two-tokens,AVG+AVG-NS,SUM-7-11,4,"torch.Size([61, 1536])",12,0,batch-64-nhid-0-inlayer-12,NORMAL,85.66,90.54,95.84,89.26,90.77,95.6,73.51,88.74
849,allmpnet,AVG+SUM-NS_SUM-7-11,two-tokens,AVG+SUM-NS,SUM-7-11,4,"torch.Size([61, 1536])",12,0,batch-64-nhid-0-inlayer-12,NORMAL,85.03,87.57,94.45,88.91,90.44,92.4,69.91,86.95857142857143
850,allmpnet,AVG+MAX-NS_SUM-7-11,two-tokens,AVG+MAX-NS,SUM-7-11,4,"torch.Size([61, 1536])",12,0,batch-64-nhid-0-inlayer-12,NORMAL,84.89,66.28,94.78,36.79,50.08,91.4,70.72,70.7057142857143
851,allmpnet,SUM+MAX_SUM-7-11,two-tokens,SUM+MAX,SUM-7-11,4,"torch.Size([61, 1536])",12,0,batch-64-nhid-0-inlayer-12,NORMAL,85.14,88.53,94.38,88.46,91.16,95.0,69.57,87.46285714285715
852,allmpnet,SUM+AVG-NS_SUM-7-11,two-tokens,SUM+AVG-NS,SUM-7-11,4,"torch.Size([61, 1536])",12,0,batch-64-nhid-0-inlayer-12,NORMAL,85.3,88.42,94.37,88.65,91.1,94.6,69.51,87.42142857142858
853,allmpnet,SUM+SUM-NS_SUM-7-11,two-tokens,SUM+SUM-NS,SUM-7-11,4,"torch.Size([61, 1536])",12,0,batch-64-nhid-0-inlayer-12,NORMAL,85.04,88.9,94.53,88.21,91.16,95.4,68.81,87.43571428571428
854,allmpnet,SUM+MAX-NS_SUM-7-11,two-tokens,SUM+MAX-NS,SUM-7-11,4,"torch.Size([61, 1536])",12,0,batch-64-nhid-0-inlayer-12,NORMAL,85.31,78.3,94.33,48.91,50.08,94.6,69.62,74.45
855,allmpnet,MAX+AVG-NS_SUM-7-11,two-tokens,MAX+AVG-NS,SUM-7-11,4,"torch.Size([61, 1536])",12,0,batch-64-nhid-0-inlayer-12,NORMAL,84.33,89.03,94.68,88.74,91.21,94.4,71.94,87.76142857142857
856,allmpnet,MAX+SUM-NS_SUM-7-11,two-tokens,MAX+SUM-NS,SUM-7-11,4,"torch.Size([61, 1536])",12,0,batch-64-nhid-0-inlayer-12,NORMAL,84.67,88.48,94.32,88.0,90.66,93.8,70.72,87.23571428571428
857,allmpnet,MAX+MAX-NS_SUM-7-11,two-tokens,MAX+MAX-NS,SUM-7-11,4,"torch.Size([61, 1536])",12,0,batch-64-nhid-0-inlayer-12,NORMAL,83.56,70.17,93.34,38.17,50.08,92.0,70.61,71.13285714285715
858,allmpnet,AVG-NS+SUM-NS_SUM-7-11,two-tokens,AVG-NS+SUM-NS,SUM-7-11,4,"torch.Size([61, 1536])",12,0,batch-64-nhid-0-inlayer-12,NORMAL,85.03,87.34,94.49,87.94,90.88,91.6,70.49,86.82428571428571
859,allmpnet,AVG-NS+MAX-NS_SUM-7-11,two-tokens,AVG-NS+MAX-NS,SUM-7-11,4,"torch.Size([61, 1536])",12,0,batch-64-nhid-0-inlayer-12,NORMAL,84.15,66.12,94.23,33.15,50.08,90.8,71.59,70.01714285714286
860,allmpnet,SUM-NS+MAX-NS_SUM-7-11,two-tokens,SUM-NS+MAX-NS,SUM-7-11,4,"torch.Size([61, 1536])",12,0,batch-64-nhid-0-inlayer-12,NORMAL,84.55,82.57,94.3,36.79,50.08,92.0,70.61,72.9857142857143
861,allmpnet,CLS+AVG_SUM-8-12,two-tokens,CLS+AVG,SUM-8-12,4,"torch.Size([61, 1536])",12,0,batch-64-nhid-0-inlayer-12,NORMAL,86.5,91.28,95.78,90.31,92.04,96.0,75.01,89.56000000000002
862,allmpnet,CLS+SUM_SUM-8-12,two-tokens,CLS+SUM,SUM-8-12,4,"torch.Size([61, 1536])",12,0,batch-64-nhid-0-inlayer-12,NORMAL,85.29,87.87,94.15,89.04,90.99,95.0,69.91,87.46428571428574
863,allmpnet,CLS+MAX_SUM-8-12,two-tokens,CLS+MAX,SUM-8-12,4,"torch.Size([61, 1536])",12,0,batch-64-nhid-0-inlayer-12,NORMAL,84.67,88.05,94.11,89.2,91.16,92.4,72.64,87.46142857142856
864,allmpnet,CLS+AVG-NS_SUM-8-12,two-tokens,CLS+AVG-NS,SUM-8-12,4,"torch.Size([61, 1536])",12,0,batch-64-nhid-0-inlayer-12,NORMAL,86.13,90.46,95.71,89.51,90.99,92.8,73.04,88.37714285714284
865,allmpnet,CLS+SUM-NS_SUM-8-12,two-tokens,CLS+SUM-NS,SUM-8-12,4,"torch.Size([61, 1536])",12,0,batch-64-nhid-0-inlayer-12,NORMAL,84.79,87.13,93.6,88.69,90.39,90.8,70.9,86.61428571428571
866,allmpnet,CLS+MAX-NS_SUM-8-12,two-tokens,CLS+MAX-NS,SUM-8-12,4,"torch.Size([61, 1536])",12,0,batch-64-nhid-0-inlayer-12,NORMAL,84.34,66.2,94.0,43.07,50.08,90.0,70.55,71.17714285714285
867,allmpnet,AVG+SUM_SUM-8-12,two-tokens,AVG+SUM,SUM-8-12,4,"torch.Size([61, 1536])",12,0,batch-64-nhid-0-inlayer-12,NORMAL,85.16,88.0,94.14,89.05,90.72,94.8,70.43,87.47142857142856
868,allmpnet,AVG+MAX_SUM-8-12,two-tokens,AVG+MAX,SUM-8-12,4,"torch.Size([61, 1536])",12,0,batch-64-nhid-0-inlayer-12,NORMAL,85.01,88.95,94.6,89.43,91.21,95.6,71.71,88.07285714285715
869,allmpnet,AVG+AVG-NS_SUM-8-12,two-tokens,AVG+AVG-NS,SUM-8-12,4,"torch.Size([61, 1536])",12,0,batch-64-nhid-0-inlayer-12,NORMAL,85.57,90.46,95.44,89.44,90.99,95.2,71.77,88.41
870,allmpnet,AVG+SUM-NS_SUM-8-12,two-tokens,AVG+SUM-NS,SUM-8-12,4,"torch.Size([61, 1536])",12,0,batch-64-nhid-0-inlayer-12,NORMAL,84.91,87.37,93.76,88.78,90.06,92.4,71.19,86.92428571428572
871,allmpnet,AVG+MAX-NS_SUM-8-12,two-tokens,AVG+MAX-NS,SUM-8-12,4,"torch.Size([61, 1536])",12,0,batch-64-nhid-0-inlayer-12,NORMAL,84.82,66.17,94.87,43.07,50.08,93.6,70.84,71.92142857142858
872,allmpnet,SUM+MAX_SUM-8-12,two-tokens,SUM+MAX,SUM-8-12,4,"torch.Size([61, 1536])",12,0,batch-64-nhid-0-inlayer-12,NORMAL,85.11,88.1,94.11,88.33,90.83,95.4,69.91,87.39857142857143
873,allmpnet,SUM+AVG-NS_SUM-8-12,two-tokens,SUM+AVG-NS,SUM-8-12,4,"torch.Size([61, 1536])",12,0,batch-64-nhid-0-inlayer-12,NORMAL,85.02,88.24,94.08,88.46,90.83,95.0,70.38,87.42999999999998
874,allmpnet,SUM+SUM-NS_SUM-8-12,two-tokens,SUM+SUM-NS,SUM-8-12,4,"torch.Size([61, 1536])",12,0,batch-64-nhid-0-inlayer-12,NORMAL,84.69,88.16,94.18,88.12,90.39,95.2,70.78,87.36
875,allmpnet,SUM+MAX-NS_SUM-8-12,two-tokens,SUM+MAX-NS,SUM-8-12,4,"torch.Size([61, 1536])",12,0,batch-64-nhid-0-inlayer-12,NORMAL,85.03,84.45,94.12,39.91,50.08,95.2,70.55,74.19142857142856
876,allmpnet,MAX+AVG-NS_SUM-8-12,two-tokens,MAX+AVG-NS,SUM-8-12,4,"torch.Size([61, 1536])",12,0,batch-64-nhid-0-inlayer-12,NORMAL,84.5,88.66,94.57,88.76,91.21,94.0,73.22,87.8457142857143
877,allmpnet,MAX+SUM-NS_SUM-8-12,two-tokens,MAX+SUM-NS,SUM-8-12,4,"torch.Size([61, 1536])",12,0,batch-64-nhid-0-inlayer-12,NORMAL,84.65,88.16,93.78,87.95,90.28,93.6,70.32,86.96285714285715
878,allmpnet,MAX+MAX-NS_SUM-8-12,two-tokens,MAX+MAX-NS,SUM-8-12,4,"torch.Size([61, 1536])",12,0,batch-64-nhid-0-inlayer-12,NORMAL,83.74,66.2,93.43,43.06,50.08,91.8,70.84,71.30714285714285
879,allmpnet,AVG-NS+SUM-NS_SUM-8-12,two-tokens,AVG-NS+SUM-NS,SUM-8-12,4,"torch.Size([61, 1536])",12,0,batch-64-nhid-0-inlayer-12,NORMAL,84.68,87.2,93.81,87.86,90.39,90.2,70.43,86.36714285714285
880,allmpnet,AVG-NS+MAX-NS_SUM-8-12,two-tokens,AVG-NS+MAX-NS,SUM-8-12,4,"torch.Size([61, 1536])",12,0,batch-64-nhid-0-inlayer-12,NORMAL,84.08,65.98,94.31,43.07,50.08,91.2,70.96,71.38285714285713
881,allmpnet,SUM-NS+MAX-NS_SUM-8-12,two-tokens,SUM-NS+MAX-NS,SUM-8-12,4,"torch.Size([61, 1536])",12,0,batch-64-nhid-0-inlayer-12,NORMAL,84.47,83.31,94.0,43.05,50.08,91.0,70.38,73.75571428571428
882,allmpnet,CLS+AVG_SUM-1-6,two-tokens,CLS+AVG,SUM-1-6,4,"torch.Size([61, 1536])",12,0,batch-64-nhid-0-inlayer-12,NORMAL,84.78,89.96,96.21,90.15,89.24,92.4,74.96,88.24285714285715
883,allmpnet,CLS+SUM_SUM-1-6,two-tokens,CLS+SUM,SUM-1-6,4,"torch.Size([61, 1536])",12,0,batch-64-nhid-0-inlayer-12,NORMAL,83.54,85.59,94.19,89.14,87.92,91.2,68.64,85.74571428571429
884,allmpnet,CLS+MAX_SUM-1-6,two-tokens,CLS+MAX,SUM-1-6,4,"torch.Size([61, 1536])",12,0,batch-64-nhid-0-inlayer-12,NORMAL,81.47,84.93,94.32,88.92,87.15,90.2,70.96,85.42142857142859
885,allmpnet,CLS+AVG-NS_SUM-1-6,two-tokens,CLS+AVG-NS,SUM-1-6,4,"torch.Size([61, 1536])",12,0,batch-64-nhid-0-inlayer-12,NORMAL,83.97,88.93,95.81,89.0,88.52,88.8,73.33,86.90857142857143
886,allmpnet,CLS+SUM-NS_SUM-1-6,two-tokens,CLS+SUM-NS,SUM-1-6,4,"torch.Size([61, 1536])",12,0,batch-64-nhid-0-inlayer-12,NORMAL,82.01,82.78,93.69,88.28,87.2,87.4,68.81,84.31000000000002
887,allmpnet,CLS+MAX-NS_SUM-1-6,two-tokens,CLS+MAX-NS,SUM-1-6,4,"torch.Size([61, 1536])",12,0,batch-64-nhid-0-inlayer-12,NORMAL,81.34,66.88,94.39,35.5,50.08,87.6,70.09,69.41142857142857
888,allmpnet,AVG+SUM_SUM-1-6,two-tokens,AVG+SUM,SUM-1-6,4,"torch.Size([61, 1536])",12,0,batch-64-nhid-0-inlayer-12,NORMAL,83.41,85.56,94.21,89.22,88.3,91.6,68.17,85.78142857142856
889,allmpnet,AVG+MAX_SUM-1-6,two-tokens,AVG+MAX,SUM-1-6,4,"torch.Size([61, 1536])",12,0,batch-64-nhid-0-inlayer-12,NORMAL,82.15,86.7,94.25,88.97,87.48,91.6,72.41,86.22285714285715
890,allmpnet,AVG+AVG-NS_SUM-1-6,two-tokens,AVG+AVG-NS,SUM-1-6,4,"torch.Size([61, 1536])",12,0,batch-64-nhid-0-inlayer-12,NORMAL,83.61,88.19,95.67,89.19,89.68,91.2,72.75,87.18428571428572
891,allmpnet,AVG+SUM-NS_SUM-1-6,two-tokens,AVG+SUM-NS,SUM-1-6,4,"torch.Size([61, 1536])",12,0,batch-64-nhid-0-inlayer-12,NORMAL,82.07,83.08,93.82,89.04,87.81,89.2,68.7,84.81714285714285
892,allmpnet,AVG+MAX-NS_SUM-1-6,two-tokens,AVG+MAX-NS,SUM-1-6,4,"torch.Size([61, 1536])",12,0,batch-64-nhid-0-inlayer-12,NORMAL,82.24,65.69,94.5,35.5,50.08,91.4,72.35,70.25142857142858
893,allmpnet,SUM+MAX_SUM-1-6,two-tokens,SUM+MAX,SUM-1-6,4,"torch.Size([61, 1536])",12,0,batch-64-nhid-0-inlayer-12,NORMAL,83.28,85.8,94.33,88.68,88.3,91.8,68.64,85.83285714285714
894,allmpnet,SUM+AVG-NS_SUM-1-6,two-tokens,SUM+AVG-NS,SUM-1-6,4,"torch.Size([61, 1536])",12,0,batch-64-nhid-0-inlayer-12,NORMAL,83.39,85.59,94.18,88.52,87.92,91.6,69.04,85.74857142857142
895,allmpnet,SUM+SUM-NS_SUM-1-6,two-tokens,SUM+SUM-NS,SUM-1-6,4,"torch.Size([61, 1536])",12,0,batch-64-nhid-0-inlayer-12,NORMAL,82.98,85.99,94.72,88.27,88.69,91.6,70.03,86.03999999999999
896,allmpnet,SUM+MAX-NS_SUM-1-6,two-tokens,SUM+MAX-NS,SUM-1-6,4,"torch.Size([61, 1536])",12,0,batch-64-nhid-0-inlayer-12,NORMAL,83.11,83.76,94.27,31.75,50.08,92.0,68.75,71.96
897,allmpnet,MAX+AVG-NS_SUM-1-6,two-tokens,MAX+AVG-NS,SUM-1-6,4,"torch.Size([61, 1536])",12,0,batch-64-nhid-0-inlayer-12,NORMAL,81.24,85.62,94.22,88.1,87.26,92.2,72.46,85.8714285714286
898,allmpnet,MAX+SUM-NS_SUM-1-6,two-tokens,MAX+SUM-NS,SUM-1-6,4,"torch.Size([61, 1536])",12,0,batch-64-nhid-0-inlayer-12,NORMAL,81.48,83.74,93.74,88.07,87.48,90.4,69.16,84.86714285714285
899,allmpnet,MAX+MAX-NS_SUM-1-6,two-tokens,MAX+MAX-NS,SUM-1-6,4,"torch.Size([61, 1536])",12,0,batch-64-nhid-0-inlayer-12,NORMAL,79.28,65.54,93.01,35.5,50.08,91.2,71.88,69.49857142857142
900,allmpnet,AVG-NS+SUM-NS_SUM-1-6,two-tokens,AVG-NS+SUM-NS,SUM-1-6,4,"torch.Size([61, 1536])",12,0,batch-64-nhid-0-inlayer-12,NORMAL,81.99,82.62,93.65,87.74,87.37,88.2,68.46,84.29
901,allmpnet,AVG-NS+MAX-NS_SUM-1-6,two-tokens,AVG-NS+MAX-NS,SUM-1-6,4,"torch.Size([61, 1536])",12,0,batch-64-nhid-0-inlayer-12,NORMAL,81.04,65.56,94.19,35.5,50.08,88.8,71.48,69.52142857142857
902,allmpnet,SUM-NS+MAX-NS_SUM-1-6,two-tokens,SUM-NS+MAX-NS,SUM-1-6,4,"torch.Size([61, 1536])",12,0,batch-64-nhid-0-inlayer-12,NORMAL,81.45,65.64,93.7,35.5,50.08,88.6,68.81,69.11142857142858
903,allmpnet,CLS+AVG_SUM-2-7,two-tokens,CLS+AVG,SUM-2-7,4,"torch.Size([61, 1536])",12,0,batch-64-nhid-0-inlayer-12,NORMAL,85.14,90.89,96.23,90.64,90.44,93.6,74.72,88.80857142857143
904,allmpnet,CLS+SUM_SUM-2-7,two-tokens,CLS+SUM,SUM-2-7,4,"torch.Size([61, 1536])",12,0,batch-64-nhid-0-inlayer-12,NORMAL,84.2,87.28,94.25,89.43,89.46,93.4,68.17,86.59857142857142
905,allmpnet,CLS+MAX_SUM-2-7,two-tokens,CLS+MAX,SUM-2-7,4,"torch.Size([61, 1536])",12,0,batch-64-nhid-0-inlayer-12,NORMAL,83.49,87.55,94.91,89.18,89.9,92.0,71.19,86.88857142857144
906,allmpnet,CLS+AVG-NS_SUM-2-7,two-tokens,CLS+AVG-NS,SUM-2-7,4,"torch.Size([61, 1536])",12,0,batch-64-nhid-0-inlayer-12,NORMAL,85.0,90.02,95.91,89.3,90.17,90.0,72.7,87.58571428571429
907,allmpnet,CLS+SUM-NS_SUM-2-7,two-tokens,CLS+SUM-NS,SUM-2-7,4,"torch.Size([61, 1536])",12,0,batch-64-nhid-0-inlayer-12,NORMAL,83.28,85.51,94.22,88.5,88.14,88.4,68.35,85.2
908,allmpnet,CLS+MAX-NS_SUM-2-7,two-tokens,CLS+MAX-NS,SUM-2-7,4,"torch.Size([61, 1536])",12,0,batch-64-nhid-0-inlayer-12,NORMAL,83.03,66.06,94.73,35.5,50.08,89.2,71.19,69.97
909,allmpnet,AVG+SUM_SUM-2-7,two-tokens,AVG+SUM,SUM-2-7,4,"torch.Size([61, 1536])",12,0,batch-64-nhid-0-inlayer-12,NORMAL,84.22,87.02,94.34,89.49,89.18,92.6,67.77,86.37428571428572
910,allmpnet,AVG+MAX_SUM-2-7,two-tokens,AVG+MAX,SUM-2-7,4,"torch.Size([61, 1536])",12,0,batch-64-nhid-0-inlayer-12,NORMAL,83.79,88.03,94.88,89.35,89.73,94.0,72.41,87.45571428571428
911,allmpnet,AVG+AVG-NS_SUM-2-7,two-tokens,AVG+AVG-NS,SUM-2-7,4,"torch.Size([61, 1536])",12,0,batch-64-nhid-0-inlayer-12,NORMAL,84.4,89.27,95.77,89.43,90.06,93.0,72.23,87.73714285714287
912,allmpnet,AVG+SUM-NS_SUM-2-7,two-tokens,AVG+SUM-NS,SUM-2-7,4,"torch.Size([61, 1536])",12,0,batch-64-nhid-0-inlayer-12,NORMAL,83.2,85.75,94.07,89.13,88.69,88.6,68.06,85.35714285714286
913,allmpnet,AVG+MAX-NS_SUM-2-7,two-tokens,AVG+MAX-NS,SUM-2-7,4,"torch.Size([61, 1536])",12,0,batch-64-nhid-0-inlayer-12,NORMAL,83.11,66.14,94.76,31.75,50.08,92.2,71.77,69.97285714285714
914,allmpnet,SUM+MAX_SUM-2-7,two-tokens,SUM+MAX,SUM-2-7,4,"torch.Size([61, 1536])",12,0,batch-64-nhid-0-inlayer-12,NORMAL,84.26,87.5,94.49,88.86,89.35,93.0,68.29,86.53571428571429
915,allmpnet,SUM+AVG-NS_SUM-2-7,two-tokens,SUM+AVG-NS,SUM-2-7,4,"torch.Size([61, 1536])",12,0,batch-64-nhid-0-inlayer-12,NORMAL,84.3,87.18,94.39,88.98,89.62,92.6,67.83,86.41428571428573
916,allmpnet,SUM+SUM-NS_SUM-2-7,two-tokens,SUM+SUM-NS,SUM-2-7,4,"torch.Size([61, 1536])",12,0,batch-64-nhid-0-inlayer-12,NORMAL,83.12,87.52,94.76,88.39,89.07,93.4,69.57,86.54714285714284
917,allmpnet,SUM+MAX-NS_SUM-2-7,two-tokens,SUM+MAX-NS,SUM-2-7,4,"torch.Size([61, 1536])",12,0,batch-64-nhid-0-inlayer-12,NORMAL,83.98,83.5,94.39,46.61,50.08,93.0,67.59,74.16428571428571
918,allmpnet,MAX+AVG-NS_SUM-2-7,two-tokens,MAX+AVG-NS,SUM-2-7,4,"torch.Size([61, 1536])",12,0,batch-64-nhid-0-inlayer-12,NORMAL,82.98,87.36,94.79,88.34,88.96,93.6,72.06,86.86999999999999
919,allmpnet,MAX+SUM-NS_SUM-2-7,two-tokens,MAX+SUM-NS,SUM-2-7,4,"torch.Size([61, 1536])",12,0,batch-64-nhid-0-inlayer-12,NORMAL,82.95,85.67,94.27,87.72,88.41,91.0,68.0,85.43142857142857
920,allmpnet,MAX+MAX-NS_SUM-2-7,two-tokens,MAX+MAX-NS,SUM-2-7,4,"torch.Size([61, 1536])",12,0,batch-64-nhid-0-inlayer-12,NORMAL,81.09,65.56,93.34,35.5,50.08,92.4,71.65,69.94571428571429
921,allmpnet,AVG-NS+SUM-NS_SUM-2-7,two-tokens,AVG-NS+SUM-NS,SUM-2-7,4,"torch.Size([61, 1536])",12,0,batch-64-nhid-0-inlayer-12,NORMAL,83.16,85.19,94.03,88.12,88.63,88.6,67.88,85.08714285714287
922,allmpnet,AVG-NS+MAX-NS_SUM-2-7,two-tokens,AVG-NS+MAX-NS,SUM-2-7,4,"torch.Size([61, 1536])",12,0,batch-64-nhid-0-inlayer-12,NORMAL,81.95,65.9,94.45,35.5,50.08,90.0,71.83,69.95857142857143
923,allmpnet,SUM-NS+MAX-NS_SUM-2-7,two-tokens,SUM-NS+MAX-NS,SUM-2-7,4,"torch.Size([61, 1536])",12,0,batch-64-nhid-0-inlayer-12,NORMAL,82.9,68.66,94.11,35.5,50.08,89.0,67.48,69.67571428571429
924,allmpnet,CLS+AVG_SUM-3-8,two-tokens,CLS+AVG,SUM-3-8,4,"torch.Size([61, 1536])",12,0,batch-64-nhid-0-inlayer-12,NORMAL,85.43,91.23,96.33,90.76,90.83,93.6,75.36,89.07714285714285
925,allmpnet,CLS+SUM_SUM-3-8,two-tokens,CLS+SUM,SUM-3-8,4,"torch.Size([61, 1536])",12,0,batch-64-nhid-0-inlayer-12,NORMAL,84.82,88.08,94.53,89.61,90.83,94.0,67.36,87.03285714285713
926,allmpnet,CLS+MAX_SUM-3-8,two-tokens,CLS+MAX,SUM-3-8,4,"torch.Size([61, 1536])",12,0,batch-64-nhid-0-inlayer-12,NORMAL,83.96,87.87,95.13,89.04,90.72,92.6,70.49,87.11571428571429
927,allmpnet,CLS+AVG-NS_SUM-3-8,two-tokens,CLS+AVG-NS,SUM-3-8,4,"torch.Size([61, 1536])",12,0,batch-64-nhid-0-inlayer-12,NORMAL,84.96,89.91,96.01,89.33,90.61,90.6,73.1,87.78857142857143
928,allmpnet,CLS+SUM-NS_SUM-3-8,two-tokens,CLS+SUM-NS,SUM-3-8,4,"torch.Size([61, 1536])",12,0,batch-64-nhid-0-inlayer-12,NORMAL,83.78,86.15,94.41,88.81,89.18,90.4,67.94,85.81000000000002
929,allmpnet,CLS+MAX-NS_SUM-3-8,two-tokens,CLS+MAX-NS,SUM-3-8,4,"torch.Size([61, 1536])",12,0,batch-64-nhid-0-inlayer-12,NORMAL,83.79,65.85,94.94,35.5,50.08,87.8,71.77,69.96142857142857
930,allmpnet,AVG+SUM_SUM-3-8,two-tokens,AVG+SUM,SUM-3-8,4,"torch.Size([61, 1536])",12,0,batch-64-nhid-0-inlayer-12,NORMAL,84.83,88.03,94.52,89.31,90.77,93.8,66.96,86.88857142857144
931,allmpnet,AVG+MAX_SUM-3-8,two-tokens,AVG+MAX,SUM-3-8,4,"torch.Size([61, 1536])",12,0,batch-64-nhid-0-inlayer-12,NORMAL,84.04,88.48,94.94,89.35,89.9,93.8,72.87,87.62571428571428
932,allmpnet,AVG+AVG-NS_SUM-3-8,two-tokens,AVG+AVG-NS,SUM-3-8,4,"torch.Size([61, 1536])",12,0,batch-64-nhid-0-inlayer-12,NORMAL,84.78,89.62,95.76,89.45,91.1,94.0,71.65,88.05142857142857
933,allmpnet,AVG+SUM-NS_SUM-3-8,two-tokens,AVG+SUM-NS,SUM-3-8,4,"torch.Size([61, 1536])",12,0,batch-64-nhid-0-inlayer-12,NORMAL,83.76,85.93,94.22,89.21,90.01,90.4,67.3,85.83285714285714
934,allmpnet,AVG+MAX-NS_SUM-3-8,two-tokens,AVG+MAX-NS,SUM-3-8,4,"torch.Size([61, 1536])",12,0,batch-64-nhid-0-inlayer-12,NORMAL,83.93,67.68,94.98,35.5,50.08,92.8,72.29,71.03714285714287
935,allmpnet,SUM+MAX_SUM-3-8,two-tokens,SUM+MAX,SUM-3-8,4,"torch.Size([61, 1536])",12,0,batch-64-nhid-0-inlayer-12,NORMAL,84.54,88.21,94.51,88.38,90.66,94.0,68.23,86.93285714285715
936,allmpnet,SUM+AVG-NS_SUM-3-8,two-tokens,SUM+AVG-NS,SUM-3-8,4,"torch.Size([61, 1536])",12,0,batch-64-nhid-0-inlayer-12,NORMAL,84.62,88.11,94.39,88.74,90.55,94.0,67.3,86.8157142857143
937,allmpnet,SUM+SUM-NS_SUM-3-8,two-tokens,SUM+SUM-NS,SUM-3-8,4,"torch.Size([61, 1536])",12,0,batch-64-nhid-0-inlayer-12,NORMAL,83.81,88.11,95.01,88.63,89.84,93.8,68.64,86.8342857142857
938,allmpnet,SUM+MAX-NS_SUM-3-8,two-tokens,SUM+MAX-NS,SUM-3-8,4,"torch.Size([61, 1536])",12,0,batch-64-nhid-0-inlayer-12,NORMAL,84.67,83.24,94.58,46.61,50.08,94.4,67.54,74.44571428571429
939,allmpnet,MAX+AVG-NS_SUM-3-8,two-tokens,MAX+AVG-NS,SUM-3-8,4,"torch.Size([61, 1536])",12,0,batch-64-nhid-0-inlayer-12,NORMAL,83.59,88.0,94.92,88.24,90.28,93.4,72.87,87.32857142857142
940,allmpnet,MAX+SUM-NS_SUM-3-8,two-tokens,MAX+SUM-NS,SUM-3-8,4,"torch.Size([61, 1536])",12,0,batch-64-nhid-0-inlayer-12,NORMAL,83.3,86.46,94.3,88.55,89.62,91.6,68.0,85.97571428571429
941,allmpnet,MAX+MAX-NS_SUM-3-8,two-tokens,MAX+MAX-NS,SUM-3-8,4,"torch.Size([61, 1536])",12,0,batch-64-nhid-0-inlayer-12,NORMAL,82.26,68.55,93.66,35.5,50.08,92.2,71.19,70.49142857142857
942,allmpnet,AVG-NS+SUM-NS_SUM-3-8,two-tokens,AVG-NS+SUM-NS,SUM-3-8,4,"torch.Size([61, 1536])",12,0,batch-64-nhid-0-inlayer-12,NORMAL,83.64,85.8,94.14,87.8,90.39,90.2,67.19,85.59428571428573
943,allmpnet,AVG-NS+MAX-NS_SUM-3-8,two-tokens,AVG-NS+MAX-NS,SUM-3-8,4,"torch.Size([61, 1536])",12,0,batch-64-nhid-0-inlayer-12,NORMAL,82.8,69.14,94.66,35.5,50.08,90.2,71.94,70.61714285714285
944,allmpnet,SUM-NS+MAX-NS_SUM-3-8,two-tokens,SUM-NS+MAX-NS,SUM-3-8,4,"torch.Size([61, 1536])",12,0,batch-64-nhid-0-inlayer-12,NORMAL,83.49,80.56,94.29,35.5,50.08,91.4,68.12,71.92
945,allmpnet,CLS+AVG_SUM-4-9,two-tokens,CLS+AVG,SUM-4-9,4,"torch.Size([61, 1536])",12,0,batch-64-nhid-0-inlayer-12,NORMAL,85.32,91.29,96.29,90.57,91.1,94.6,75.77,89.27714285714286
946,allmpnet,CLS+SUM_SUM-4-9,two-tokens,CLS+SUM,SUM-4-9,4,"torch.Size([61, 1536])",12,0,batch-64-nhid-0-inlayer-12,NORMAL,84.87,87.84,94.55,89.52,91.16,94.4,67.07,87.05857142857141
947,allmpnet,CLS+MAX_SUM-4-9,two-tokens,CLS+MAX,SUM-4-9,4,"torch.Size([61, 1536])",12,0,batch-64-nhid-0-inlayer-12,NORMAL,83.95,88.61,95.04,89.17,90.55,93.2,72.12,87.52000000000001
948,allmpnet,CLS+AVG-NS_SUM-4-9,two-tokens,CLS+AVG-NS,SUM-4-9,4,"torch.Size([61, 1536])",12,0,batch-64-nhid-0-inlayer-12,NORMAL,85.04,90.28,95.93,89.6,91.05,91.0,71.88,87.8257142857143
949,allmpnet,CLS+SUM-NS_SUM-4-9,two-tokens,CLS+SUM-NS,SUM-4-9,4,"torch.Size([61, 1536])",12,0,batch-64-nhid-0-inlayer-12,NORMAL,84.07,86.81,94.24,88.85,89.79,90.6,67.83,86.02714285714286
950,allmpnet,CLS+MAX-NS_SUM-4-9,two-tokens,CLS+MAX-NS,SUM-4-9,4,"torch.Size([61, 1536])",12,0,batch-64-nhid-0-inlayer-12,NORMAL,84.17,65.88,94.69,35.5,50.08,90.2,71.83,70.33571428571427
951,allmpnet,AVG+SUM_SUM-4-9,two-tokens,AVG+SUM,SUM-4-9,4,"torch.Size([61, 1536])",12,0,batch-64-nhid-0-inlayer-12,NORMAL,84.96,87.84,94.67,89.64,90.77,93.8,67.3,86.99714285714285
952,allmpnet,AVG+MAX_SUM-4-9,two-tokens,AVG+MAX,SUM-4-9,4,"torch.Size([61, 1536])",12,0,batch-64-nhid-0-inlayer-12,NORMAL,84.06,89.51,94.83,89.33,90.94,95.2,72.7,88.08142857142857
953,allmpnet,AVG+AVG-NS_SUM-4-9,two-tokens,AVG+AVG-NS,SUM-4-9,4,"torch.Size([61, 1536])",12,0,batch-64-nhid-0-inlayer-12,NORMAL,85.32,89.96,95.76,89.62,91.1,94.8,72.23,88.39857142857143
954,allmpnet,AVG+SUM-NS_SUM-4-9,two-tokens,AVG+SUM-NS,SUM-4-9,4,"torch.Size([61, 1536])",12,0,batch-64-nhid-0-inlayer-12,NORMAL,84.38,87.1,94.25,89.2,90.44,91.8,67.54,86.38714285714285
955,allmpnet,AVG+MAX-NS_SUM-4-9,two-tokens,AVG+MAX-NS,SUM-4-9,4,"torch.Size([61, 1536])",12,0,batch-64-nhid-0-inlayer-12,NORMAL,84.36,69.72,95.06,35.5,50.08,92.2,71.94,71.26571428571428
956,allmpnet,SUM+MAX_SUM-4-9,two-tokens,SUM+MAX,SUM-4-9,4,"torch.Size([61, 1536])",12,0,batch-64-nhid-0-inlayer-12,NORMAL,84.92,88.05,94.75,88.88,91.1,94.6,67.48,87.11142857142859
957,allmpnet,SUM+AVG-NS_SUM-4-9,two-tokens,SUM+AVG-NS,SUM-4-9,4,"torch.Size([61, 1536])",12,0,batch-64-nhid-0-inlayer-12,NORMAL,84.97,87.97,94.67,88.88,90.5,94.2,67.54,86.96142857142857
958,allmpnet,SUM+SUM-NS_SUM-4-9,two-tokens,SUM+SUM-NS,SUM-4-9,4,"torch.Size([61, 1536])",12,0,batch-64-nhid-0-inlayer-12,NORMAL,84.27,88.64,94.8,88.91,90.17,94.8,67.36,86.99285714285715
959,allmpnet,SUM+MAX-NS_SUM-4-9,two-tokens,SUM+MAX-NS,SUM-4-9,4,"torch.Size([61, 1536])",12,0,batch-64-nhid-0-inlayer-12,NORMAL,84.85,82.07,94.75,46.61,50.08,94.2,66.84,74.2
960,allmpnet,MAX+AVG-NS_SUM-4-9,two-tokens,MAX+AVG-NS,SUM-4-9,4,"torch.Size([61, 1536])",12,0,batch-64-nhid-0-inlayer-12,NORMAL,84.04,88.64,94.7,88.7,90.72,93.2,72.35,87.47857142857143
961,allmpnet,MAX+SUM-NS_SUM-4-9,two-tokens,MAX+SUM-NS,SUM-4-9,4,"torch.Size([61, 1536])",12,0,batch-64-nhid-0-inlayer-12,NORMAL,83.99,87.47,94.5,88.4,90.66,93.2,67.88,86.58571428571429
962,allmpnet,MAX+MAX-NS_SUM-4-9,two-tokens,MAX+MAX-NS,SUM-4-9,4,"torch.Size([61, 1536])",12,0,batch-64-nhid-0-inlayer-12,NORMAL,83.16,65.85,93.91,35.5,50.08,92.6,71.71,70.40142857142855
963,allmpnet,AVG-NS+SUM-NS_SUM-4-9,two-tokens,AVG-NS+SUM-NS,SUM-4-9,4,"torch.Size([61, 1536])",12,0,batch-64-nhid-0-inlayer-12,NORMAL,84.24,86.6,94.19,88.68,90.12,90.4,67.19,85.91714285714286
964,allmpnet,AVG-NS+MAX-NS_SUM-4-9,two-tokens,AVG-NS+MAX-NS,SUM-4-9,4,"torch.Size([61, 1536])",12,0,batch-64-nhid-0-inlayer-12,NORMAL,83.56,68.85,94.6,35.5,50.08,90.2,71.3,70.58428571428571
965,allmpnet,SUM-NS+MAX-NS_SUM-4-9,two-tokens,SUM-NS+MAX-NS,SUM-4-9,4,"torch.Size([61, 1536])",12,0,batch-64-nhid-0-inlayer-12,NORMAL,83.91,81.98,94.28,35.5,50.08,92.6,68.23,72.36857142857141
966,allmpnet,CLS+AVG_SUM-5-10,two-tokens,CLS+AVG,SUM-5-10,4,"torch.Size([61, 1536])",12,0,batch-64-nhid-0-inlayer-12,NORMAL,85.68,91.34,96.14,90.43,91.21,95.2,76.41,89.48714285714286
967,allmpnet,CLS+SUM_SUM-5-10,two-tokens,CLS+SUM,SUM-5-10,4,"torch.Size([61, 1536])",12,0,batch-64-nhid-0-inlayer-12,NORMAL,85.57,88.53,94.67,89.69,90.94,94.8,68.46,87.52285714285713
968,allmpnet,CLS+MAX_SUM-5-10,two-tokens,CLS+MAX,SUM-5-10,4,"torch.Size([61, 1536])",12,0,batch-64-nhid-0-inlayer-12,NORMAL,84.32,88.74,94.71,89.05,91.16,93.0,71.65,87.51857142857143
969,allmpnet,CLS+AVG-NS_SUM-5-10,two-tokens,CLS+AVG-NS,SUM-5-10,4,"torch.Size([61, 1536])",12,0,batch-64-nhid-0-inlayer-12,NORMAL,85.28,90.57,96.04,89.74,91.65,91.6,73.28,88.30857142857143
970,allmpnet,CLS+SUM-NS_SUM-5-10,two-tokens,CLS+SUM-NS,SUM-5-10,4,"torch.Size([61, 1536])",12,0,batch-64-nhid-0-inlayer-12,NORMAL,84.81,87.34,94.53,89.0,90.39,91.2,68.12,86.48428571428572
971,allmpnet,CLS+MAX-NS_SUM-5-10,two-tokens,CLS+MAX-NS,SUM-5-10,4,"torch.Size([61, 1536])",12,0,batch-64-nhid-0-inlayer-12,NORMAL,83.93,66.06,94.64,35.5,50.08,89.0,71.01,70.03142857142856
972,allmpnet,AVG+SUM_SUM-5-10,two-tokens,AVG+SUM,SUM-5-10,4,"torch.Size([61, 1536])",12,0,batch-64-nhid-0-inlayer-12,NORMAL,85.68,88.66,94.73,89.62,90.5,94.0,67.94,87.30428571428573
973,allmpnet,AVG+MAX_SUM-5-10,two-tokens,AVG+MAX,SUM-5-10,4,"torch.Size([61, 1536])",12,0,batch-64-nhid-0-inlayer-12,NORMAL,84.77,89.32,94.88,89.61,91.54,94.4,71.19,87.95857142857143
974,allmpnet,AVG+AVG-NS_SUM-5-10,two-tokens,AVG+AVG-NS,SUM-5-10,4,"torch.Size([61, 1536])",12,0,batch-64-nhid-0-inlayer-12,NORMAL,85.61,89.96,95.74,89.46,91.43,95.2,72.58,88.56857142857143
975,allmpnet,AVG+SUM-NS_SUM-5-10,two-tokens,AVG+SUM-NS,SUM-5-10,4,"torch.Size([61, 1536])",12,0,batch-64-nhid-0-inlayer-12,NORMAL,85.08,87.66,94.48,89.07,90.61,92.6,68.64,86.87714285714286
976,allmpnet,AVG+MAX-NS_SUM-5-10,two-tokens,AVG+MAX-NS,SUM-5-10,4,"torch.Size([61, 1536])",12,0,batch-64-nhid-0-inlayer-12,NORMAL,84.67,65.98,94.81,35.5,50.08,92.6,72.06,70.81428571428572
977,allmpnet,SUM+MAX_SUM-5-10,two-tokens,SUM+MAX,SUM-5-10,4,"torch.Size([61, 1536])",12,0,batch-64-nhid-0-inlayer-12,NORMAL,85.28,88.61,94.71,88.69,90.88,94.6,68.52,87.32714285714285
978,allmpnet,SUM+AVG-NS_SUM-5-10,two-tokens,SUM+AVG-NS,SUM-5-10,4,"torch.Size([61, 1536])",12,0,batch-64-nhid-0-inlayer-12,NORMAL,85.51,88.48,94.61,88.86,90.77,94.6,68.23,87.29428571428572
979,allmpnet,SUM+SUM-NS_SUM-5-10,two-tokens,SUM+SUM-NS,SUM-5-10,4,"torch.Size([61, 1536])",12,0,batch-64-nhid-0-inlayer-12,NORMAL,84.59,88.79,94.83,88.83,90.88,95.4,68.7,87.43142857142857
980,allmpnet,SUM+MAX-NS_SUM-5-10,two-tokens,SUM+MAX-NS,SUM-5-10,4,"torch.Size([61, 1536])",12,0,batch-64-nhid-0-inlayer-12,NORMAL,85.56,84.83,94.68,46.61,50.08,94.4,68.23,74.91285714285713
981,allmpnet,MAX+AVG-NS_SUM-5-10,two-tokens,MAX+AVG-NS,SUM-5-10,4,"torch.Size([61, 1536])",12,0,batch-64-nhid-0-inlayer-12,NORMAL,84.19,88.82,94.92,88.93,91.76,93.2,70.61,87.49000000000001
982,allmpnet,MAX+SUM-NS_SUM-5-10,two-tokens,MAX+SUM-NS,SUM-5-10,4,"torch.Size([61, 1536])",12,0,batch-64-nhid-0-inlayer-12,NORMAL,84.51,87.97,94.45,88.35,91.05,93.4,68.41,86.87714285714286
983,allmpnet,MAX+MAX-NS_SUM-5-10,two-tokens,MAX+MAX-NS,SUM-5-10,4,"torch.Size([61, 1536])",12,0,batch-64-nhid-0-inlayer-12,NORMAL,83.46,67.94,93.7,35.5,50.08,94.0,71.59,70.89571428571428
984,allmpnet,AVG-NS+SUM-NS_SUM-5-10,two-tokens,AVG-NS+SUM-NS,SUM-5-10,4,"torch.Size([61, 1536])",12,0,batch-64-nhid-0-inlayer-12,NORMAL,84.93,87.28,94.58,88.22,90.33,91.4,68.17,86.41571428571429
985,allmpnet,AVG-NS+MAX-NS_SUM-5-10,two-tokens,AVG-NS+MAX-NS,SUM-5-10,4,"torch.Size([61, 1536])",12,0,batch-64-nhid-0-inlayer-12,NORMAL,84.05,66.06,94.6,36.44,50.08,88.4,71.36,70.14142857142858
986,allmpnet,SUM-NS+MAX-NS_SUM-5-10,two-tokens,SUM-NS+MAX-NS,SUM-5-10,4,"torch.Size([61, 1536])",12,0,batch-64-nhid-0-inlayer-12,NORMAL,84.38,83.18,94.26,35.5,50.08,91.6,67.88,72.41142857142857
987,allmpnet,CLS+AVG_SUM-6-11,two-tokens,CLS+AVG,SUM-6-11,4,"torch.Size([61, 1536])",12,0,batch-64-nhid-0-inlayer-12,NORMAL,85.58,91.13,96.18,90.44,91.82,95.4,75.83,89.48285714285714
988,allmpnet,CLS+SUM_SUM-6-11,two-tokens,CLS+SUM,SUM-6-11,4,"torch.Size([61, 1536])",12,0,batch-64-nhid-0-inlayer-12,NORMAL,85.35,88.64,94.5,89.31,91.21,94.2,69.04,87.46428571428571
989,allmpnet,CLS+MAX_SUM-6-11,two-tokens,CLS+MAX,SUM-6-11,4,"torch.Size([61, 1536])",12,0,batch-64-nhid-0-inlayer-12,NORMAL,84.59,88.26,94.84,89.46,90.83,93.6,71.54,87.58857142857143
990,allmpnet,CLS+AVG-NS_SUM-6-11,two-tokens,CLS+AVG-NS,SUM-6-11,4,"torch.Size([61, 1536])",12,0,batch-64-nhid-0-inlayer-12,NORMAL,85.56,90.62,96.21,89.58,91.93,91.2,73.22,88.33142857142857
991,allmpnet,CLS+SUM-NS_SUM-6-11,two-tokens,CLS+SUM-NS,SUM-6-11,4,"torch.Size([61, 1536])",12,0,batch-64-nhid-0-inlayer-12,NORMAL,85.06,87.79,94.59,88.89,90.61,91.0,70.2,86.87714285714287
992,allmpnet,CLS+MAX-NS_SUM-6-11,two-tokens,CLS+MAX-NS,SUM-6-11,4,"torch.Size([61, 1536])",12,0,batch-64-nhid-0-inlayer-12,NORMAL,84.59,66.25,94.47,35.5,50.08,89.6,71.65,70.30571428571429
993,allmpnet,AVG+SUM_SUM-6-11,two-tokens,AVG+SUM,SUM-6-11,4,"torch.Size([61, 1536])",12,0,batch-64-nhid-0-inlayer-12,NORMAL,85.54,88.58,94.53,89.25,91.1,94.0,68.81,87.40142857142857
994,allmpnet,AVG+MAX_SUM-6-11,two-tokens,AVG+MAX,SUM-6-11,4,"torch.Size([61, 1536])",12,0,batch-64-nhid-0-inlayer-12,NORMAL,84.52,88.87,95.0,89.7,91.05,94.4,72.7,88.03428571428572
995,allmpnet,AVG+AVG-NS_SUM-6-11,two-tokens,AVG+AVG-NS,SUM-6-11,4,"torch.Size([61, 1536])",12,0,batch-64-nhid-0-inlayer-12,NORMAL,85.63,90.65,95.79,89.32,91.05,95.2,72.23,88.55285714285715
996,allmpnet,AVG+SUM-NS_SUM-6-11,two-tokens,AVG+SUM-NS,SUM-6-11,4,"torch.Size([61, 1536])",12,0,batch-64-nhid-0-inlayer-12,NORMAL,84.88,87.74,94.45,89.27,90.66,91.8,70.67,87.06714285714284
997,allmpnet,AVG+MAX-NS_SUM-6-11,two-tokens,AVG+MAX-NS,SUM-6-11,4,"torch.Size([61, 1536])",12,0,batch-64-nhid-0-inlayer-12,NORMAL,84.6,66.28,94.8,35.5,50.08,92.2,72.23,70.81285714285714
998,allmpnet,SUM+MAX_SUM-6-11,two-tokens,SUM+MAX,SUM-6-11,4,"torch.Size([61, 1536])",12,0,batch-64-nhid-0-inlayer-12,NORMAL,85.44,88.63,94.51,88.66,91.38,94.6,69.16,87.48285714285714
999,allmpnet,SUM+AVG-NS_SUM-6-11,two-tokens,SUM+AVG-NS,SUM-6-11,4,"torch.Size([61, 1536])",12,0,batch-64-nhid-0-inlayer-12,NORMAL,85.54,88.87,94.47,88.85,91.05,94.8,69.62,87.60000000000001
1000,allmpnet,SUM+SUM-NS_SUM-6-11,two-tokens,SUM+SUM-NS,SUM-6-11,4,"torch.Size([61, 1536])",12,0,batch-64-nhid-0-inlayer-12,NORMAL,84.87,88.85,94.81,88.43,90.77,95.4,70.49,87.66
1001,allmpnet,SUM+MAX-NS_SUM-6-11,two-tokens,SUM+MAX-NS,SUM-6-11,4,"torch.Size([61, 1536])",12,0,batch-64-nhid-0-inlayer-12,NORMAL,85.65,80.87,94.41,46.61,90.55,94.2,68.87,80.1657142857143
1002,allmpnet,MAX+AVG-NS_SUM-6-11,two-tokens,MAX+AVG-NS,SUM-6-11,4,"torch.Size([61, 1536])",12,0,batch-64-nhid-0-inlayer-12,NORMAL,84.47,88.66,94.92,88.61,91.38,93.4,72.23,87.66714285714286
1003,allmpnet,MAX+SUM-NS_SUM-6-11,two-tokens,MAX+SUM-NS,SUM-6-11,4,"torch.Size([61, 1536])",12,0,batch-64-nhid-0-inlayer-12,NORMAL,84.58,87.89,94.49,88.28,90.88,93.2,70.09,87.05857142857144
1004,allmpnet,MAX+MAX-NS_SUM-6-11,two-tokens,MAX+MAX-NS,SUM-6-11,4,"torch.Size([61, 1536])",12,0,batch-64-nhid-0-inlayer-12,NORMAL,83.67,68.23,93.73,35.5,50.08,92.6,71.83,70.80571428571427
1005,allmpnet,AVG-NS+SUM-NS_SUM-6-11,two-tokens,AVG-NS+SUM-NS,SUM-6-11,4,"torch.Size([61, 1536])",12,0,batch-64-nhid-0-inlayer-12,NORMAL,85.0,87.39,94.62,88.26,90.66,91.4,70.14,86.78142857142856
1006,allmpnet,AVG-NS+MAX-NS_SUM-6-11,two-tokens,AVG-NS+MAX-NS,SUM-6-11,4,"torch.Size([61, 1536])",12,0,batch-64-nhid-0-inlayer-12,NORMAL,84.08,65.96,94.42,35.5,50.08,91.4,71.83,70.46714285714285
1007,allmpnet,SUM-NS+MAX-NS_SUM-6-11,two-tokens,SUM-NS+MAX-NS,SUM-6-11,4,"torch.Size([61, 1536])",12,0,batch-64-nhid-0-inlayer-12,NORMAL,84.4,80.77,94.27,35.5,50.08,91.8,70.03,72.40714285714286
1008,allmpnet,CLS+AVG_SUM-7-12,two-tokens,CLS+AVG,SUM-7-12,4,"torch.Size([61, 1536])",12,0,batch-64-nhid-0-inlayer-12,NORMAL,85.95,91.28,96.19,90.31,92.04,95.4,74.09,89.32285714285716
1009,allmpnet,CLS+SUM_SUM-7-12,two-tokens,CLS+SUM,SUM-7-12,4,"torch.Size([61, 1536])",12,0,batch-64-nhid-0-inlayer-12,NORMAL,85.22,88.29,94.5,89.25,90.99,95.0,70.38,87.66142857142857
1010,allmpnet,CLS+MAX_SUM-7-12,two-tokens,CLS+MAX,SUM-7-12,4,"torch.Size([61, 1536])",12,0,batch-64-nhid-0-inlayer-12,NORMAL,84.72,88.34,94.54,89.16,91.6,93.0,71.54,87.55714285714285
1011,allmpnet,CLS+AVG-NS_SUM-7-12,two-tokens,CLS+AVG-NS,SUM-7-12,4,"torch.Size([61, 1536])",12,0,batch-64-nhid-0-inlayer-12,NORMAL,85.97,90.57,96.13,89.52,91.05,92.2,72.64,88.29714285714284
1012,allmpnet,CLS+SUM-NS_SUM-7-12,two-tokens,CLS+SUM-NS,SUM-7-12,4,"torch.Size([61, 1536])",12,0,batch-64-nhid-0-inlayer-12,NORMAL,84.95,87.42,94.47,88.63,90.39,91.6,71.25,86.95857142857143
1013,allmpnet,CLS+MAX-NS_SUM-7-12,two-tokens,CLS+MAX-NS,SUM-7-12,4,"torch.Size([61, 1536])",12,0,batch-64-nhid-0-inlayer-12,NORMAL,84.54,66.38,94.51,36.53,50.08,88.4,71.13,70.22428571428573
1014,allmpnet,AVG+SUM_SUM-7-12,two-tokens,AVG+SUM,SUM-7-12,4,"torch.Size([61, 1536])",12,0,batch-64-nhid-0-inlayer-12,NORMAL,85.28,88.08,94.41,89.22,90.77,94.8,70.38,87.56285714285714
1015,allmpnet,AVG+MAX_SUM-7-12,two-tokens,AVG+MAX,SUM-7-12,4,"torch.Size([61, 1536])",12,0,batch-64-nhid-0-inlayer-12,NORMAL,84.47,88.87,94.72,89.32,90.83,94.4,72.75,87.90857142857143
1016,allmpnet,AVG+AVG-NS_SUM-7-12,two-tokens,AVG+AVG-NS,SUM-7-12,4,"torch.Size([61, 1536])",12,0,batch-64-nhid-0-inlayer-12,NORMAL,85.7,90.3,95.57,89.43,90.99,95.0,73.22,88.60142857142857
1017,allmpnet,AVG+SUM-NS_SUM-7-12,two-tokens,AVG+SUM-NS,SUM-7-12,4,"torch.Size([61, 1536])",12,0,batch-64-nhid-0-inlayer-12,NORMAL,85.03,87.44,94.48,88.67,90.44,91.8,70.49,86.90714285714286
1018,allmpnet,AVG+MAX-NS_SUM-7-12,two-tokens,AVG+MAX-NS,SUM-7-12,4,"torch.Size([61, 1536])",12,0,batch-64-nhid-0-inlayer-12,NORMAL,84.35,66.12,94.63,36.53,50.08,92.0,72.46,70.88142857142857
1019,allmpnet,SUM+MAX_SUM-7-12,two-tokens,SUM+MAX,SUM-7-12,4,"torch.Size([61, 1536])",12,0,batch-64-nhid-0-inlayer-12,NORMAL,85.28,88.19,94.41,88.5,90.17,95.2,70.49,87.46285714285715
1020,allmpnet,SUM+AVG-NS_SUM-7-12,two-tokens,SUM+AVG-NS,SUM-7-12,4,"torch.Size([61, 1536])",12,0,batch-64-nhid-0-inlayer-12,NORMAL,85.22,88.11,94.46,88.54,90.83,94.8,70.32,87.46857142857142
1021,allmpnet,SUM+SUM-NS_SUM-7-12,two-tokens,SUM+SUM-NS,SUM-7-12,4,"torch.Size([61, 1536])",12,0,batch-64-nhid-0-inlayer-12,NORMAL,84.98,88.53,94.54,88.21,90.66,95.2,70.32,87.49142857142859
1022,allmpnet,SUM+MAX-NS_SUM-7-12,two-tokens,SUM+MAX-NS,SUM-7-12,4,"torch.Size([61, 1536])",12,0,batch-64-nhid-0-inlayer-12,NORMAL,85.22,85.46,94.43,47.26,89.4,95.4,69.91,81.01142857142857
1023,allmpnet,MAX+AVG-NS_SUM-7-12,two-tokens,MAX+AVG-NS,SUM-7-12,4,"torch.Size([61, 1536])",12,0,batch-64-nhid-0-inlayer-12,NORMAL,84.39,88.66,94.52,88.86,91.16,93.2,71.59,87.48285714285716
1024,allmpnet,MAX+SUM-NS_SUM-7-12,two-tokens,MAX+SUM-NS,SUM-7-12,4,"torch.Size([61, 1536])",12,0,batch-64-nhid-0-inlayer-12,NORMAL,84.68,88.05,94.31,88.22,90.23,92.6,70.14,86.89
1025,allmpnet,MAX+MAX-NS_SUM-7-12,two-tokens,MAX+MAX-NS,SUM-7-12,4,"torch.Size([61, 1536])",12,0,batch-64-nhid-0-inlayer-12,NORMAL,83.74,70.41,93.44,36.53,50.08,92.2,71.71,71.15857142857142
1026,allmpnet,AVG-NS+SUM-NS_SUM-7-12,two-tokens,AVG-NS+SUM-NS,SUM-7-12,4,"torch.Size([61, 1536])",12,0,batch-64-nhid-0-inlayer-12,NORMAL,84.84,87.05,94.36,88.01,90.72,91.8,70.09,86.69571428571429
1027,allmpnet,AVG-NS+MAX-NS_SUM-7-12,two-tokens,AVG-NS+MAX-NS,SUM-7-12,4,"torch.Size([61, 1536])",12,0,batch-64-nhid-0-inlayer-12,NORMAL,83.67,65.96,94.36,36.53,50.08,90.2,71.13,70.27571428571427
1028,allmpnet,SUM-NS+MAX-NS_SUM-7-12,two-tokens,SUM-NS+MAX-NS,SUM-7-12,4,"torch.Size([61, 1536])",12,0,batch-64-nhid-0-inlayer-12,NORMAL,84.52,85.93,94.26,36.53,50.08,92.2,70.2,73.38857142857144
1029,allmpnet,CLS+AVG_SUM-1-7,two-tokens,CLS+AVG,SUM-1-7,4,"torch.Size([61, 1536])",12,0,batch-64-nhid-0-inlayer-12,NORMAL,85.11,90.78,96.17,90.44,90.44,93.4,75.3,88.80571428571429
1030,allmpnet,CLS+SUM_SUM-1-7,two-tokens,CLS+SUM,SUM-1-7,4,"torch.Size([61, 1536])",12,0,batch-64-nhid-0-inlayer-12,NORMAL,84.0,87.05,94.43,89.45,89.68,92.4,68.46,86.49571428571429
1031,allmpnet,CLS+MAX_SUM-1-7,two-tokens,CLS+MAX,SUM-1-7,4,"torch.Size([61, 1536])",12,0,batch-64-nhid-0-inlayer-12,NORMAL,83.28,86.94,94.62,89.12,89.07,91.2,69.16,86.19857142857143
1032,allmpnet,CLS+AVG-NS_SUM-1-7,two-tokens,CLS+AVG-NS,SUM-1-7,4,"torch.Size([61, 1536])",12,0,batch-64-nhid-0-inlayer-12,NORMAL,84.82,89.4,95.98,89.12,90.06,89.2,72.99,87.36714285714287
1033,allmpnet,CLS+SUM-NS_SUM-1-7,two-tokens,CLS+SUM-NS,SUM-1-7,4,"torch.Size([61, 1536])",12,0,batch-64-nhid-0-inlayer-12,NORMAL,82.8,84.93,94.03,88.5,88.03,89.0,68.52,85.11571428571428
1034,allmpnet,CLS+MAX-NS_SUM-1-7,two-tokens,CLS+MAX-NS,SUM-1-7,4,"torch.Size([61, 1536])",12,0,batch-64-nhid-0-inlayer-12,NORMAL,83.17,66.09,94.65,35.5,50.08,88.2,69.39,69.58285714285714
1035,allmpnet,AVG+SUM_SUM-1-7,two-tokens,AVG+SUM,SUM-1-7,4,"torch.Size([61, 1536])",12,0,batch-64-nhid-0-inlayer-12,NORMAL,84.06,87.1,94.25,89.43,89.29,92.4,68.93,86.49428571428572
1036,allmpnet,AVG+MAX_SUM-1-7,two-tokens,AVG+MAX,SUM-1-7,4,"torch.Size([61, 1536])",12,0,batch-64-nhid-0-inlayer-12,NORMAL,83.05,87.95,94.54,89.11,88.85,93.8,72.41,87.10142857142856
1037,allmpnet,AVG+AVG-NS_SUM-1-7,two-tokens,AVG+AVG-NS,SUM-1-7,4,"torch.Size([61, 1536])",12,0,batch-64-nhid-0-inlayer-12,NORMAL,84.19,89.22,95.82,89.25,90.12,92.2,71.59,87.48428571428573
1038,allmpnet,AVG+SUM-NS_SUM-1-7,two-tokens,AVG+SUM-NS,SUM-1-7,4,"torch.Size([61, 1536])",12,0,batch-64-nhid-0-inlayer-12,NORMAL,82.91,84.64,94.03,88.91,88.58,89.2,68.23,85.21428571428571
1039,allmpnet,AVG+MAX-NS_SUM-1-7,two-tokens,AVG+MAX-NS,SUM-1-7,4,"torch.Size([61, 1536])",12,0,batch-64-nhid-0-inlayer-12,NORMAL,83.1,65.83,94.71,35.5,50.08,91.6,72.0,70.40285714285713
1040,allmpnet,SUM+MAX_SUM-1-7,two-tokens,SUM+MAX,SUM-1-7,4,"torch.Size([61, 1536])",12,0,batch-64-nhid-0-inlayer-12,NORMAL,84.02,87.36,94.48,88.8,89.4,92.4,67.59,86.29285714285716
1041,allmpnet,SUM+AVG-NS_SUM-1-7,two-tokens,SUM+AVG-NS,SUM-1-7,4,"torch.Size([61, 1536])",12,0,batch-64-nhid-0-inlayer-12,NORMAL,83.96,87.15,94.36,88.83,89.35,92.4,68.46,86.35857142857142
1042,allmpnet,SUM+SUM-NS_SUM-1-7,two-tokens,SUM+SUM-NS,SUM-1-7,4,"torch.Size([61, 1536])",12,0,batch-64-nhid-0-inlayer-12,NORMAL,83.24,87.5,94.81,88.34,89.07,92.2,69.1,86.32285714285715
1043,allmpnet,SUM+MAX-NS_SUM-1-7,two-tokens,SUM+MAX-NS,SUM-1-7,4,"torch.Size([61, 1536])",12,0,batch-64-nhid-0-inlayer-12,NORMAL,83.92,83.42,94.67,46.61,50.08,93.2,68.75,74.37857142857142
1044,allmpnet,MAX+AVG-NS_SUM-1-7,two-tokens,MAX+AVG-NS,SUM-1-7,4,"torch.Size([61, 1536])",12,0,batch-64-nhid-0-inlayer-12,NORMAL,82.18,87.05,94.39,88.18,88.41,92.4,72.12,86.39
1045,allmpnet,MAX+SUM-NS_SUM-1-7,two-tokens,MAX+SUM-NS,SUM-1-7,4,"torch.Size([61, 1536])",12,0,batch-64-nhid-0-inlayer-12,NORMAL,82.23,85.75,94.17,87.87,88.41,91.0,67.77,85.31428571428572
1046,allmpnet,MAX+MAX-NS_SUM-1-7,two-tokens,MAX+MAX-NS,SUM-1-7,4,"torch.Size([61, 1536])",12,0,batch-64-nhid-0-inlayer-12,NORMAL,80.9,67.15,93.1,35.5,50.08,92.0,71.19,69.98857142857142
1047,allmpnet,AVG-NS+SUM-NS_SUM-1-7,two-tokens,AVG-NS+SUM-NS,SUM-1-7,4,"torch.Size([61, 1536])",12,0,batch-64-nhid-0-inlayer-12,NORMAL,82.65,84.4,94.07,87.92,88.91,89.6,68.7,85.17857142857144
1048,allmpnet,AVG-NS+MAX-NS_SUM-1-7,two-tokens,AVG-NS+MAX-NS,SUM-1-7,4,"torch.Size([61, 1536])",12,0,batch-64-nhid-0-inlayer-12,NORMAL,81.88,69.08,94.41,35.5,50.08,89.4,70.55,70.12857142857143
1049,allmpnet,SUM-NS+MAX-NS_SUM-1-7,two-tokens,SUM-NS+MAX-NS,SUM-1-7,4,"torch.Size([61, 1536])",12,0,batch-64-nhid-0-inlayer-12,NORMAL,82.57,79.44,94.04,35.5,50.08,89.6,67.77,71.28571428571429
1050,allmpnet,CLS+AVG_SUM-2-8,two-tokens,CLS+AVG,SUM-2-8,4,"torch.Size([61, 1536])",12,0,batch-64-nhid-0-inlayer-12,NORMAL,85.39,90.94,96.26,90.43,91.16,93.8,75.65,89.08999999999999
1051,allmpnet,CLS+SUM_SUM-2-8,two-tokens,CLS+SUM,SUM-2-8,4,"torch.Size([61, 1536])",12,0,batch-64-nhid-0-inlayer-12,NORMAL,84.64,87.97,94.79,89.65,90.44,93.0,67.88,86.91
1052,allmpnet,CLS+MAX_SUM-2-8,two-tokens,CLS+MAX,SUM-2-8,4,"torch.Size([61, 1536])",12,0,batch-64-nhid-0-inlayer-12,NORMAL,83.76,87.6,95.01,89.03,90.12,92.4,72.23,87.16428571428571
1053,allmpnet,CLS+AVG-NS_SUM-2-8,two-tokens,CLS+AVG-NS,SUM-2-8,4,"torch.Size([61, 1536])",12,0,batch-64-nhid-0-inlayer-12,NORMAL,84.84,89.67,95.9,89.45,90.83,89.2,72.58,87.49571428571429
1054,allmpnet,CLS+SUM-NS_SUM-2-8,two-tokens,CLS+SUM-NS,SUM-2-8,4,"torch.Size([61, 1536])",12,0,batch-64-nhid-0-inlayer-12,NORMAL,83.94,86.2,94.4,88.58,88.91,88.4,67.71,85.44857142857143
1055,allmpnet,CLS+MAX-NS_SUM-2-8,two-tokens,CLS+MAX-NS,SUM-2-8,4,"torch.Size([61, 1536])",12,0,batch-64-nhid-0-inlayer-12,NORMAL,83.53,69.4,94.72,35.5,50.08,88.2,69.45,70.12571428571428
1056,allmpnet,AVG+SUM_SUM-2-8,two-tokens,AVG+SUM,SUM-2-8,4,"torch.Size([61, 1536])",12,0,batch-64-nhid-0-inlayer-12,NORMAL,84.44,88.0,94.65,89.49,90.17,93.2,67.36,86.75857142857144
1057,allmpnet,AVG+MAX_SUM-2-8,two-tokens,AVG+MAX,SUM-2-8,4,"torch.Size([61, 1536])",12,0,batch-64-nhid-0-inlayer-12,NORMAL,83.93,88.24,94.96,89.29,89.57,93.6,72.75,87.47714285714287
1058,allmpnet,AVG+AVG-NS_SUM-2-8,two-tokens,AVG+AVG-NS,SUM-2-8,4,"torch.Size([61, 1536])",12,0,batch-64-nhid-0-inlayer-12,NORMAL,84.64,89.54,95.83,89.34,90.83,94.0,71.83,88.00142857142859
1059,allmpnet,AVG+SUM-NS_SUM-2-8,two-tokens,AVG+SUM-NS,SUM-2-8,4,"torch.Size([61, 1536])",12,0,batch-64-nhid-0-inlayer-12,NORMAL,83.67,85.75,94.48,89.14,89.9,90.0,68.12,85.86571428571429
1060,allmpnet,AVG+MAX-NS_SUM-2-8,two-tokens,AVG+MAX-NS,SUM-2-8,4,"torch.Size([61, 1536])",12,0,batch-64-nhid-0-inlayer-12,NORMAL,83.69,66.09,94.86,35.5,50.08,91.2,71.94,70.47999999999999
1061,allmpnet,SUM+MAX_SUM-2-8,two-tokens,SUM+MAX,SUM-2-8,4,"torch.Size([61, 1536])",12,0,batch-64-nhid-0-inlayer-12,NORMAL,84.36,88.26,94.78,88.64,89.95,93.2,67.88,86.7242857142857
1062,allmpnet,SUM+AVG-NS_SUM-2-8,two-tokens,SUM+AVG-NS,SUM-2-8,4,"torch.Size([61, 1536])",12,0,batch-64-nhid-0-inlayer-12,NORMAL,84.47,88.03,94.74,88.72,90.33,93.6,67.94,86.83285714285714
1063,allmpnet,SUM+SUM-NS_SUM-2-8,two-tokens,SUM+SUM-NS,SUM-2-8,4,"torch.Size([61, 1536])",12,0,batch-64-nhid-0-inlayer-12,NORMAL,83.71,88.08,95.03,88.68,90.06,93.8,68.06,86.77428571428572
1064,allmpnet,SUM+MAX-NS_SUM-2-8,two-tokens,SUM+MAX-NS,SUM-2-8,4,"torch.Size([61, 1536])",12,0,batch-64-nhid-0-inlayer-12,NORMAL,84.29,72.92,94.75,46.61,50.08,93.4,67.25,72.75714285714285
1065,allmpnet,MAX+AVG-NS_SUM-2-8,two-tokens,MAX+AVG-NS,SUM-2-8,4,"torch.Size([61, 1536])",12,0,batch-64-nhid-0-inlayer-12,NORMAL,83.16,87.76,94.81,88.49,89.4,92.8,72.17,86.94142857142856
1066,allmpnet,MAX+SUM-NS_SUM-2-8,two-tokens,MAX+SUM-NS,SUM-2-8,4,"torch.Size([61, 1536])",12,0,batch-64-nhid-0-inlayer-12,NORMAL,83.19,86.41,94.34,88.37,89.51,91.8,67.71,85.90428571428572
1067,allmpnet,MAX+MAX-NS_SUM-2-8,two-tokens,MAX+MAX-NS,SUM-2-8,4,"torch.Size([61, 1536])",12,0,batch-64-nhid-0-inlayer-12,NORMAL,81.99,65.85,93.62,35.5,50.08,91.0,71.07,69.87285714285714
1068,allmpnet,AVG-NS+SUM-NS_SUM-2-8,two-tokens,AVG-NS+SUM-NS,SUM-2-8,4,"torch.Size([61, 1536])",12,0,batch-64-nhid-0-inlayer-12,NORMAL,83.71,85.56,94.35,87.81,89.62,88.8,67.59,85.34857142857143
1069,allmpnet,AVG-NS+MAX-NS_SUM-2-8,two-tokens,AVG-NS+MAX-NS,SUM-2-8,4,"torch.Size([61, 1536])",12,0,batch-64-nhid-0-inlayer-12,NORMAL,82.46,67.5,94.43,35.5,50.08,89.4,71.65,70.14571428571428
1070,allmpnet,SUM-NS+MAX-NS_SUM-2-8,two-tokens,SUM-NS+MAX-NS,SUM-2-8,4,"torch.Size([61, 1536])",12,0,batch-64-nhid-0-inlayer-12,NORMAL,83.2,79.31,94.54,35.5,50.08,90.2,68.87,71.67142857142856
1071,allmpnet,CLS+AVG_SUM-3-9,two-tokens,CLS+AVG,SUM-3-9,4,"torch.Size([61, 1536])",12,0,batch-64-nhid-0-inlayer-12,NORMAL,85.36,91.1,96.16,90.5,91.27,94.4,75.65,89.20571428571428
1072,allmpnet,CLS+SUM_SUM-3-9,two-tokens,CLS+SUM,SUM-3-9,4,"torch.Size([61, 1536])",12,0,batch-64-nhid-0-inlayer-12,NORMAL,85.15,88.29,94.6,89.34,90.83,94.0,67.48,87.09857142857143
1073,allmpnet,CLS+MAX_SUM-3-9,two-tokens,CLS+MAX,SUM-3-9,4,"torch.Size([61, 1536])",12,0,batch-64-nhid-0-inlayer-12,NORMAL,84.04,88.24,94.86,89.26,90.61,93.4,70.78,87.31285714285714
1074,allmpnet,CLS+AVG-NS_SUM-3-9,two-tokens,CLS+AVG-NS,SUM-3-9,4,"torch.Size([61, 1536])",12,0,batch-64-nhid-0-inlayer-12,NORMAL,84.96,89.99,96.02,89.61,91.16,90.6,73.39,87.96142857142857
1075,allmpnet,CLS+SUM-NS_SUM-3-9,two-tokens,CLS+SUM-NS,SUM-3-9,4,"torch.Size([61, 1536])",12,0,batch-64-nhid-0-inlayer-12,NORMAL,84.17,86.76,94.43,88.86,89.79,89.8,68.23,86.00571428571429
1076,allmpnet,CLS+MAX-NS_SUM-3-9,two-tokens,CLS+MAX-NS,SUM-3-9,4,"torch.Size([61, 1536])",12,0,batch-64-nhid-0-inlayer-12,NORMAL,83.75,65.93,94.77,35.5,50.08,89.2,69.74,69.85285714285713
1077,allmpnet,AVG+SUM_SUM-3-9,two-tokens,AVG+SUM,SUM-3-9,4,"torch.Size([61, 1536])",12,0,batch-64-nhid-0-inlayer-12,NORMAL,85.07,88.11,94.62,89.3,90.94,94.0,67.42,87.06571428571428
1078,allmpnet,AVG+MAX_SUM-3-9,two-tokens,AVG+MAX,SUM-3-9,4,"torch.Size([61, 1536])",12,0,batch-64-nhid-0-inlayer-12,NORMAL,84.5,88.98,95.05,89.2,91.21,94.0,72.41,87.90714285714286
1079,allmpnet,AVG+AVG-NS_SUM-3-9,two-tokens,AVG+AVG-NS,SUM-3-9,4,"torch.Size([61, 1536])",12,0,batch-64-nhid-0-inlayer-12,NORMAL,85.05,89.67,95.72,89.48,91.05,94.0,71.77,88.10571428571428
1080,allmpnet,AVG+SUM-NS_SUM-3-9,two-tokens,AVG+SUM-NS,SUM-3-9,4,"torch.Size([61, 1536])",12,0,batch-64-nhid-0-inlayer-12,NORMAL,84.21,86.76,94.33,89.09,90.23,91.6,67.07,86.1842857142857
1081,allmpnet,AVG+MAX-NS_SUM-3-9,two-tokens,AVG+MAX-NS,SUM-3-9,4,"torch.Size([61, 1536])",12,0,batch-64-nhid-0-inlayer-12,NORMAL,84.15,66.25,94.92,35.5,50.08,92.6,72.52,70.86
1082,allmpnet,SUM+MAX_SUM-3-9,two-tokens,SUM+MAX,SUM-3-9,4,"torch.Size([61, 1536])",12,0,batch-64-nhid-0-inlayer-12,NORMAL,85.0,88.16,94.77,88.57,90.94,94.4,66.78,86.94571428571429
1083,allmpnet,SUM+AVG-NS_SUM-3-9,two-tokens,SUM+AVG-NS,SUM-3-9,4,"torch.Size([61, 1536])",12,0,batch-64-nhid-0-inlayer-12,NORMAL,85.07,88.16,94.71,88.72,91.16,94.6,66.32,86.96285714285715
1084,allmpnet,SUM+SUM-NS_SUM-3-9,two-tokens,SUM+SUM-NS,SUM-3-9,4,"torch.Size([61, 1536])",12,0,batch-64-nhid-0-inlayer-12,NORMAL,84.21,88.53,94.99,88.75,90.01,94.8,67.88,87.02428571428571
1085,allmpnet,SUM+MAX-NS_SUM-3-9,two-tokens,SUM+MAX-NS,SUM-3-9,4,"torch.Size([61, 1536])",12,0,batch-64-nhid-0-inlayer-12,NORMAL,85.08,79.0,94.86,46.61,50.08,93.8,66.43,73.69428571428571
1086,allmpnet,MAX+AVG-NS_SUM-3-9,two-tokens,MAX+AVG-NS,SUM-3-9,4,"torch.Size([61, 1536])",12,0,batch-64-nhid-0-inlayer-12,NORMAL,83.9,88.24,94.75,88.68,90.83,94.0,72.46,87.55142857142857
1087,allmpnet,MAX+SUM-NS_SUM-3-9,two-tokens,MAX+SUM-NS,SUM-3-9,4,"torch.Size([61, 1536])",12,0,batch-64-nhid-0-inlayer-12,NORMAL,83.74,87.39,94.46,88.32,90.44,93.2,68.46,86.57285714285715
1088,allmpnet,MAX+MAX-NS_SUM-3-9,two-tokens,MAX+MAX-NS,SUM-3-9,4,"torch.Size([61, 1536])",12,0,batch-64-nhid-0-inlayer-12,NORMAL,83.1,65.88,93.71,35.5,50.08,91.8,70.2,70.03857142857143
1089,allmpnet,AVG-NS+SUM-NS_SUM-3-9,two-tokens,AVG-NS+SUM-NS,SUM-3-9,4,"torch.Size([61, 1536])",12,0,batch-64-nhid-0-inlayer-12,NORMAL,84.09,86.07,94.34,88.11,90.23,90.8,67.83,85.92428571428572
1090,allmpnet,AVG-NS+MAX-NS_SUM-3-9,two-tokens,AVG-NS+MAX-NS,SUM-3-9,4,"torch.Size([61, 1536])",12,0,batch-64-nhid-0-inlayer-12,NORMAL,83.23,65.96,94.54,35.5,50.08,90.2,72.12,70.23285714285714
1091,allmpnet,SUM-NS+MAX-NS_SUM-3-9,two-tokens,SUM-NS+MAX-NS,SUM-3-9,4,"torch.Size([61, 1536])",12,0,batch-64-nhid-0-inlayer-12,NORMAL,83.59,80.74,94.37,35.5,50.08,92.0,67.77,72.00714285714285
1092,allmpnet,CLS+AVG_SUM-4-10,two-tokens,CLS+AVG,SUM-4-10,4,"torch.Size([61, 1536])",12,0,batch-64-nhid-0-inlayer-12,NORMAL,85.53,91.15,96.32,90.61,91.32,95.0,76.0,89.41857142857144
1093,allmpnet,CLS+SUM_SUM-4-10,two-tokens,CLS+SUM,SUM-4-10,4,"torch.Size([61, 1536])",12,0,batch-64-nhid-0-inlayer-12,NORMAL,85.54,88.27,94.57,89.66,90.88,94.8,66.61,87.18999999999998
1094,allmpnet,CLS+MAX_SUM-4-10,two-tokens,CLS+MAX,SUM-4-10,4,"torch.Size([61, 1536])",12,0,batch-64-nhid-0-inlayer-12,NORMAL,84.4,88.74,94.78,89.21,90.61,92.8,70.78,87.33142857142856
1095,allmpnet,CLS+AVG-NS_SUM-4-10,two-tokens,CLS+AVG-NS,SUM-4-10,4,"torch.Size([61, 1536])",12,0,batch-64-nhid-0-inlayer-12,NORMAL,85.14,90.31,95.97,89.57,91.76,91.4,73.39,88.22
1096,allmpnet,CLS+SUM-NS_SUM-4-10,two-tokens,CLS+SUM-NS,SUM-4-10,4,"torch.Size([61, 1536])",12,0,batch-64-nhid-0-inlayer-12,NORMAL,84.55,86.91,94.35,88.85,90.33,91.2,67.54,86.24714285714285
1097,allmpnet,CLS+MAX-NS_SUM-4-10,two-tokens,CLS+MAX-NS,SUM-4-10,4,"torch.Size([61, 1536])",12,0,batch-64-nhid-0-inlayer-12,NORMAL,84.36,66.04,94.36,31.75,50.08,89.0,71.36,69.56428571428572
1098,allmpnet,AVG+SUM_SUM-4-10,two-tokens,AVG+SUM,SUM-4-10,4,"torch.Size([61, 1536])",12,0,batch-64-nhid-0-inlayer-12,NORMAL,85.45,88.29,94.56,89.38,90.66,94.6,68.0,87.27714285714286
1099,allmpnet,AVG+MAX_SUM-4-10,two-tokens,AVG+MAX,SUM-4-10,4,"torch.Size([61, 1536])",12,0,batch-64-nhid-0-inlayer-12,NORMAL,84.69,89.19,94.82,89.24,91.27,94.6,70.43,87.74857142857142
1100,allmpnet,AVG+AVG-NS_SUM-4-10,two-tokens,AVG+AVG-NS,SUM-4-10,4,"torch.Size([61, 1536])",12,0,batch-64-nhid-0-inlayer-12,NORMAL,85.56,89.72,95.63,89.35,91.16,94.6,72.52,88.36285714285714
1101,allmpnet,AVG+SUM-NS_SUM-4-10,two-tokens,AVG+SUM-NS,SUM-4-10,4,"torch.Size([61, 1536])",12,0,batch-64-nhid-0-inlayer-12,NORMAL,84.98,87.15,94.51,89.15,90.39,93.0,67.77,86.70714285714284
1102,allmpnet,AVG+MAX-NS_SUM-4-10,two-tokens,AVG+MAX-NS,SUM-4-10,4,"torch.Size([61, 1536])",12,0,batch-64-nhid-0-inlayer-12,NORMAL,84.54,67.76,94.82,35.5,50.08,92.6,72.23,71.07571428571428
1103,allmpnet,SUM+MAX_SUM-4-10,two-tokens,SUM+MAX,SUM-4-10,4,"torch.Size([61, 1536])",12,0,batch-64-nhid-0-inlayer-12,NORMAL,85.25,88.32,94.63,88.69,90.66,94.6,67.25,87.05714285714285
1104,allmpnet,SUM+AVG-NS_SUM-4-10,two-tokens,SUM+AVG-NS,SUM-4-10,4,"torch.Size([61, 1536])",12,0,batch-64-nhid-0-inlayer-12,NORMAL,85.44,88.08,94.49,89.04,90.72,94.6,67.3,87.09571428571428
1105,allmpnet,SUM+SUM-NS_SUM-4-10,two-tokens,SUM+SUM-NS,SUM-4-10,4,"torch.Size([61, 1536])",12,0,batch-64-nhid-0-inlayer-12,NORMAL,84.46,88.74,95.03,88.75,90.33,94.4,68.23,87.13428571428572
1106,allmpnet,SUM+MAX-NS_SUM-4-10,two-tokens,SUM+MAX-NS,SUM-4-10,4,"torch.Size([61, 1536])",12,0,batch-64-nhid-0-inlayer-12,NORMAL,85.47,84.39,94.66,46.61,87.64,95.2,67.71,80.24
1107,allmpnet,MAX+AVG-NS_SUM-4-10,two-tokens,MAX+AVG-NS,SUM-4-10,4,"torch.Size([61, 1536])",12,0,batch-64-nhid-0-inlayer-12,NORMAL,84.47,88.72,94.77,88.97,91.21,93.0,72.17,87.61571428571426
1108,allmpnet,MAX+SUM-NS_SUM-4-10,two-tokens,MAX+SUM-NS,SUM-4-10,4,"torch.Size([61, 1536])",12,0,batch-64-nhid-0-inlayer-12,NORMAL,84.52,87.5,94.4,88.26,91.38,93.2,67.48,86.67714285714285
1109,allmpnet,MAX+MAX-NS_SUM-4-10,two-tokens,MAX+MAX-NS,SUM-4-10,4,"torch.Size([61, 1536])",12,0,batch-64-nhid-0-inlayer-12,NORMAL,83.48,67.68,93.7,35.5,50.08,92.8,71.25,70.64142857142858
1110,allmpnet,AVG-NS+SUM-NS_SUM-4-10,two-tokens,AVG-NS+SUM-NS,SUM-4-10,4,"torch.Size([61, 1536])",12,0,batch-64-nhid-0-inlayer-12,NORMAL,84.69,86.65,94.44,88.52,89.95,92.2,67.48,86.27571428571427
1111,allmpnet,AVG-NS+MAX-NS_SUM-4-10,two-tokens,AVG-NS+MAX-NS,SUM-4-10,4,"torch.Size([61, 1536])",12,0,batch-64-nhid-0-inlayer-12,NORMAL,83.98,65.98,94.58,31.75,50.08,89.4,70.96,69.53285714285714
1112,allmpnet,SUM-NS+MAX-NS_SUM-4-10,two-tokens,SUM-NS+MAX-NS,SUM-4-10,4,"torch.Size([61, 1536])",12,0,batch-64-nhid-0-inlayer-12,NORMAL,84.13,83.29,94.22,31.75,50.08,91.6,68.93,71.99999999999999
1113,allmpnet,CLS+AVG_SUM-5-11,two-tokens,CLS+AVG,SUM-5-11,4,"torch.Size([61, 1536])",12,0,batch-64-nhid-0-inlayer-12,NORMAL,85.77,91.21,96.15,90.33,91.49,95.2,76.52,89.52428571428571
1114,allmpnet,CLS+SUM_SUM-5-11,two-tokens,CLS+SUM,SUM-5-11,4,"torch.Size([61, 1536])",12,0,batch-64-nhid-0-inlayer-12,NORMAL,85.56,88.74,94.7,89.56,91.21,94.4,68.46,87.51857142857143
1115,allmpnet,CLS+MAX_SUM-5-11,two-tokens,CLS+MAX,SUM-5-11,4,"torch.Size([61, 1536])",12,0,batch-64-nhid-0-inlayer-12,NORMAL,84.31,88.4,94.62,89.48,90.88,93.8,71.36,87.55
1116,allmpnet,CLS+AVG-NS_SUM-5-11,two-tokens,CLS+AVG-NS,SUM-5-11,4,"torch.Size([61, 1536])",12,0,batch-64-nhid-0-inlayer-12,NORMAL,85.48,90.33,96.07,89.45,91.93,91.2,73.33,88.25571428571429
1117,allmpnet,CLS+SUM-NS_SUM-5-11,two-tokens,CLS+SUM-NS,SUM-5-11,4,"torch.Size([61, 1536])",12,0,batch-64-nhid-0-inlayer-12,NORMAL,84.96,87.63,94.69,88.88,90.44,90.4,69.8,86.68571428571428
1118,allmpnet,CLS+MAX-NS_SUM-5-11,two-tokens,CLS+MAX-NS,SUM-5-11,4,"torch.Size([61, 1536])",12,0,batch-64-nhid-0-inlayer-12,NORMAL,84.39,66.17,94.56,35.5,50.08,90.0,70.96,70.23714285714286
1119,allmpnet,AVG+SUM_SUM-5-11,two-tokens,AVG+SUM,SUM-5-11,4,"torch.Size([61, 1536])",12,0,batch-64-nhid-0-inlayer-12,NORMAL,85.57,88.56,94.72,89.67,90.77,94.0,68.29,87.36857142857141
1120,allmpnet,AVG+MAX_SUM-5-11,two-tokens,AVG+MAX,SUM-5-11,4,"torch.Size([61, 1536])",12,0,batch-64-nhid-0-inlayer-12,NORMAL,84.76,89.38,94.79,89.66,91.65,94.4,71.01,87.95
1121,allmpnet,AVG+AVG-NS_SUM-5-11,two-tokens,AVG+AVG-NS,SUM-5-11,4,"torch.Size([61, 1536])",12,0,batch-64-nhid-0-inlayer-12,NORMAL,85.53,90.52,95.74,89.35,91.27,95.2,72.06,88.52428571428572
1122,allmpnet,AVG+SUM-NS_SUM-5-11,two-tokens,AVG+SUM-NS,SUM-5-11,4,"torch.Size([61, 1536])",12,0,batch-64-nhid-0-inlayer-12,NORMAL,85.03,87.58,94.69,89.19,90.77,91.6,69.57,86.91857142857144
1123,allmpnet,AVG+MAX-NS_SUM-5-11,two-tokens,AVG+MAX-NS,SUM-5-11,4,"torch.Size([61, 1536])",12,0,batch-64-nhid-0-inlayer-12,NORMAL,84.44,68.39,94.91,35.5,50.08,93.2,73.1,71.37428571428572
1124,allmpnet,SUM+MAX_SUM-5-11,two-tokens,SUM+MAX,SUM-5-11,4,"torch.Size([61, 1536])",12,0,batch-64-nhid-0-inlayer-12,NORMAL,85.5,88.77,94.78,88.71,91.32,94.6,68.23,87.41571428571429
1125,allmpnet,SUM+AVG-NS_SUM-5-11,two-tokens,SUM+AVG-NS,SUM-5-11,4,"torch.Size([61, 1536])",12,0,batch-64-nhid-0-inlayer-12,NORMAL,85.47,88.64,94.77,88.92,91.38,94.8,69.45,87.63285714285715
1126,allmpnet,SUM+SUM-NS_SUM-5-11,two-tokens,SUM+SUM-NS,SUM-5-11,4,"torch.Size([61, 1536])",12,0,batch-64-nhid-0-inlayer-12,NORMAL,84.51,88.87,94.69,88.76,90.72,94.8,68.81,87.30857142857141
1127,allmpnet,SUM+MAX-NS_SUM-5-11,two-tokens,SUM+MAX-NS,SUM-5-11,4,"torch.Size([61, 1536])",12,0,batch-64-nhid-0-inlayer-12,NORMAL,85.4,83.26,94.67,46.61,88.74,94.4,68.58,80.23714285714287
1128,allmpnet,MAX+AVG-NS_SUM-5-11,two-tokens,MAX+AVG-NS,SUM-5-11,4,"torch.Size([61, 1536])",12,0,batch-64-nhid-0-inlayer-12,NORMAL,84.39,88.9,94.81,89.02,91.6,93.6,70.43,87.53571428571429
1129,allmpnet,MAX+SUM-NS_SUM-5-11,two-tokens,MAX+SUM-NS,SUM-5-11,4,"torch.Size([61, 1536])",12,0,batch-64-nhid-0-inlayer-12,NORMAL,84.55,87.76,94.66,88.5,91.05,92.4,69.91,86.97571428571429
1130,allmpnet,MAX+MAX-NS_SUM-5-11,two-tokens,MAX+MAX-NS,SUM-5-11,4,"torch.Size([61, 1536])",12,0,batch-64-nhid-0-inlayer-12,NORMAL,83.7,66.04,93.47,35.5,50.08,92.8,70.67,70.32285714285715
1131,allmpnet,AVG-NS+SUM-NS_SUM-5-11,two-tokens,AVG-NS+SUM-NS,SUM-5-11,4,"torch.Size([61, 1536])",12,0,batch-64-nhid-0-inlayer-12,NORMAL,84.88,87.1,94.73,88.17,90.88,91.6,69.68,86.72
1132,allmpnet,AVG-NS+MAX-NS_SUM-5-11,two-tokens,AVG-NS+MAX-NS,SUM-5-11,4,"torch.Size([61, 1536])",12,0,batch-64-nhid-0-inlayer-12,NORMAL,83.9,65.9,94.57,35.5,50.08,89.2,71.01,70.02285714285713
1133,allmpnet,SUM-NS+MAX-NS_SUM-5-11,two-tokens,SUM-NS+MAX-NS,SUM-5-11,4,"torch.Size([61, 1536])",12,0,batch-64-nhid-0-inlayer-12,NORMAL,84.54,84.5,94.52,35.44,50.08,91.6,68.99,72.80999999999999
1134,allmpnet,CLS+AVG_SUM-6-12,two-tokens,CLS+AVG,SUM-6-12,4,"torch.Size([61, 1536])",12,0,batch-64-nhid-0-inlayer-12,NORMAL,85.68,91.31,96.19,90.61,91.65,95.6,75.77,89.54428571428572
1135,allmpnet,CLS+SUM_SUM-6-12,two-tokens,CLS+SUM,SUM-6-12,4,"torch.Size([61, 1536])",12,0,batch-64-nhid-0-inlayer-12,NORMAL,85.41,87.95,94.64,89.41,91.32,94.2,70.2,87.59
1136,allmpnet,CLS+MAX_SUM-6-12,two-tokens,CLS+MAX,SUM-6-12,4,"torch.Size([61, 1536])",12,0,batch-64-nhid-0-inlayer-12,NORMAL,84.71,88.26,94.93,89.31,91.32,94.2,72.46,87.88428571428572
1137,allmpnet,CLS+AVG-NS_SUM-6-12,two-tokens,CLS+AVG-NS,SUM-6-12,4,"torch.Size([61, 1536])",12,0,batch-64-nhid-0-inlayer-12,NORMAL,85.47,90.41,96.14,89.76,91.6,92.6,73.68,88.52285714285715
1138,allmpnet,CLS+SUM-NS_SUM-6-12,two-tokens,CLS+SUM-NS,SUM-6-12,4,"torch.Size([61, 1536])",12,0,batch-64-nhid-0-inlayer-12,NORMAL,85.0,87.58,94.39,88.9,90.39,91.0,69.86,86.73142857142857
1139,allmpnet,CLS+MAX-NS_SUM-6-12,two-tokens,CLS+MAX-NS,SUM-6-12,4,"torch.Size([61, 1536])",12,0,batch-64-nhid-0-inlayer-12,NORMAL,84.57,70.46,94.61,35.5,50.08,90.2,71.71,71.01857142857142
1140,allmpnet,AVG+SUM_SUM-6-12,two-tokens,AVG+SUM,SUM-6-12,4,"torch.Size([61, 1536])",12,0,batch-64-nhid-0-inlayer-12,NORMAL,85.36,87.84,94.57,89.47,91.1,94.4,69.91,87.52142857142857
1141,allmpnet,AVG+MAX_SUM-6-12,two-tokens,AVG+MAX,SUM-6-12,4,"torch.Size([61, 1536])",12,0,batch-64-nhid-0-inlayer-12,NORMAL,84.94,89.06,94.91,89.47,90.77,94.4,73.68,88.17571428571429
1142,allmpnet,AVG+AVG-NS_SUM-6-12,two-tokens,AVG+AVG-NS,SUM-6-12,4,"torch.Size([61, 1536])",12,0,batch-64-nhid-0-inlayer-12,NORMAL,85.39,90.38,95.76,89.36,90.99,96.0,73.39,88.75285714285714
1143,allmpnet,AVG+SUM-NS_SUM-6-12,two-tokens,AVG+SUM-NS,SUM-6-12,4,"torch.Size([61, 1536])",12,0,batch-64-nhid-0-inlayer-12,NORMAL,84.85,87.29,94.37,88.99,90.55,91.6,70.03,86.81142857142856
1144,allmpnet,AVG+MAX-NS_SUM-6-12,two-tokens,AVG+MAX-NS,SUM-6-12,4,"torch.Size([61, 1536])",12,0,batch-64-nhid-0-inlayer-12,NORMAL,84.62,66.17,94.74,35.5,50.08,92.6,72.99,70.95714285714287
1145,allmpnet,SUM+MAX_SUM-6-12,two-tokens,SUM+MAX,SUM-6-12,4,"torch.Size([61, 1536])",12,0,batch-64-nhid-0-inlayer-12,NORMAL,85.26,88.18,94.55,88.62,90.99,94.6,69.74,87.42
1146,allmpnet,SUM+AVG-NS_SUM-6-12,two-tokens,SUM+AVG-NS,SUM-6-12,4,"torch.Size([61, 1536])",12,0,batch-64-nhid-0-inlayer-12,NORMAL,85.52,88.0,94.56,88.75,90.66,94.8,70.2,87.49857142857142
1147,allmpnet,SUM+SUM-NS_SUM-6-12,two-tokens,SUM+SUM-NS,SUM-6-12,4,"torch.Size([61, 1536])",12,0,batch-64-nhid-0-inlayer-12,NORMAL,84.36,88.72,94.65,88.65,90.94,94.2,70.49,87.42999999999999
1148,allmpnet,SUM+MAX-NS_SUM-6-12,two-tokens,SUM+MAX-NS,SUM-6-12,4,"torch.Size([61, 1536])",12,0,batch-64-nhid-0-inlayer-12,NORMAL,85.16,80.32,94.56,48.32,90.28,94.8,69.86,80.47142857142856
1149,allmpnet,MAX+AVG-NS_SUM-6-12,two-tokens,MAX+AVG-NS,SUM-6-12,4,"torch.Size([61, 1536])",12,0,batch-64-nhid-0-inlayer-12,NORMAL,84.41,88.5,94.82,88.67,91.43,93.0,73.74,87.7957142857143
1150,allmpnet,MAX+SUM-NS_SUM-6-12,two-tokens,MAX+SUM-NS,SUM-6-12,4,"torch.Size([61, 1536])",12,0,batch-64-nhid-0-inlayer-12,NORMAL,84.54,88.35,94.34,87.97,90.44,92.4,69.28,86.76
1151,allmpnet,MAX+MAX-NS_SUM-6-12,two-tokens,MAX+MAX-NS,SUM-6-12,4,"torch.Size([61, 1536])",12,0,batch-64-nhid-0-inlayer-12,NORMAL,83.79,66.12,93.53,35.5,50.08,93.2,71.71,70.56142857142858
1152,allmpnet,AVG-NS+SUM-NS_SUM-6-12,two-tokens,AVG-NS+SUM-NS,SUM-6-12,4,"torch.Size([61, 1536])",12,0,batch-64-nhid-0-inlayer-12,NORMAL,85.0,87.39,94.29,88.22,90.61,91.8,69.97,86.75428571428571
1153,allmpnet,AVG-NS+MAX-NS_SUM-6-12,two-tokens,AVG-NS+MAX-NS,SUM-6-12,4,"torch.Size([61, 1536])",12,0,batch-64-nhid-0-inlayer-12,NORMAL,84.08,66.09,94.4,35.5,50.08,90.0,72.23,70.34
1154,allmpnet,SUM-NS+MAX-NS_SUM-6-12,two-tokens,SUM-NS+MAX-NS,SUM-6-12,4,"torch.Size([61, 1536])",12,0,batch-64-nhid-0-inlayer-12,NORMAL,84.34,84.34,94.29,31.75,50.08,91.2,70.32,72.33142857142857
1155,allmpnet,CLS+AVG_SUM-1-8,two-tokens,CLS+AVG,SUM-1-8,4,"torch.Size([61, 1536])",12,0,batch-64-nhid-0-inlayer-12,NORMAL,85.43,90.6,96.28,90.58,91.16,93.0,75.94,88.99857142857142
1156,allmpnet,CLS+SUM_SUM-1-8,two-tokens,CLS+SUM,SUM-1-8,4,"torch.Size([61, 1536])",12,0,batch-64-nhid-0-inlayer-12,NORMAL,84.66,88.02,94.71,89.54,90.28,93.6,67.94,86.96428571428571
1157,allmpnet,CLS+MAX_SUM-1-8,two-tokens,CLS+MAX,SUM-1-8,4,"torch.Size([61, 1536])",12,0,batch-64-nhid-0-inlayer-12,NORMAL,83.57,87.58,94.8,89.17,89.35,92.2,67.25,86.27428571428572
1158,allmpnet,CLS+AVG-NS_SUM-1-8,two-tokens,CLS+AVG-NS,SUM-1-8,4,"torch.Size([61, 1536])",12,0,batch-64-nhid-0-inlayer-12,NORMAL,85.04,89.48,95.92,89.17,90.55,88.4,72.41,87.28142857142858
1159,allmpnet,CLS+SUM-NS_SUM-1-8,two-tokens,CLS+SUM-NS,SUM-1-8,4,"torch.Size([61, 1536])",12,0,batch-64-nhid-0-inlayer-12,NORMAL,83.76,85.65,94.31,88.64,88.36,88.0,67.3,85.14571428571428
1160,allmpnet,CLS+MAX-NS_SUM-1-8,two-tokens,CLS+MAX-NS,SUM-1-8,4,"torch.Size([61, 1536])",12,0,batch-64-nhid-0-inlayer-12,NORMAL,83.56,65.96,94.82,35.5,50.08,87.4,69.62,69.56285714285714
1161,allmpnet,AVG+SUM_SUM-1-8,two-tokens,AVG+SUM,SUM-1-8,4,"torch.Size([61, 1536])",12,0,batch-64-nhid-0-inlayer-12,NORMAL,84.42,87.92,94.59,89.52,89.73,93.2,67.71,86.72714285714287
1162,allmpnet,AVG+MAX_SUM-1-8,two-tokens,AVG+MAX,SUM-1-8,4,"torch.Size([61, 1536])",12,0,batch-64-nhid-0-inlayer-12,NORMAL,83.75,88.42,94.8,89.02,89.68,94.0,72.46,87.44714285714288
1163,allmpnet,AVG+AVG-NS_SUM-1-8,two-tokens,AVG+AVG-NS,SUM-1-8,4,"torch.Size([61, 1536])",12,0,batch-64-nhid-0-inlayer-12,NORMAL,84.57,89.35,95.71,89.4,90.66,93.2,71.48,87.76714285714286
1164,allmpnet,AVG+SUM-NS_SUM-1-8,two-tokens,AVG+SUM-NS,SUM-1-8,4,"torch.Size([61, 1536])",12,0,batch-64-nhid-0-inlayer-12,NORMAL,83.61,85.83,94.2,89.3,89.62,88.8,67.48,85.54857142857144
1165,allmpnet,AVG+MAX-NS_SUM-1-8,two-tokens,AVG+MAX-NS,SUM-1-8,4,"torch.Size([61, 1536])",12,0,batch-64-nhid-0-inlayer-12,NORMAL,83.55,66.04,94.88,35.5,50.08,92.2,71.13,70.48285714285714
1166,allmpnet,SUM+MAX_SUM-1-8,two-tokens,SUM+MAX,SUM-1-8,4,"torch.Size([61, 1536])",12,0,batch-64-nhid-0-inlayer-12,NORMAL,84.24,87.89,94.75,88.8,90.33,93.4,67.3,86.67285714285713
1167,allmpnet,SUM+AVG-NS_SUM-1-8,two-tokens,SUM+AVG-NS,SUM-1-8,4,"torch.Size([61, 1536])",12,0,batch-64-nhid-0-inlayer-12,NORMAL,84.38,87.95,94.52,88.92,89.62,93.4,66.43,86.46000000000001
1168,allmpnet,SUM+SUM-NS_SUM-1-8,two-tokens,SUM+SUM-NS,SUM-1-8,4,"torch.Size([61, 1536])",12,0,batch-64-nhid-0-inlayer-12,NORMAL,83.68,87.84,94.96,88.39,90.01,93.6,68.93,86.77285714285715
1169,allmpnet,SUM+MAX-NS_SUM-1-8,two-tokens,SUM+MAX-NS,SUM-1-8,4,"torch.Size([61, 1536])",12,0,batch-64-nhid-0-inlayer-12,NORMAL,84.3,82.6,94.64,48.28,50.08,93.6,67.42,74.41714285714284
1170,allmpnet,MAX+AVG-NS_SUM-1-8,two-tokens,MAX+AVG-NS,SUM-1-8,4,"torch.Size([61, 1536])",12,0,batch-64-nhid-0-inlayer-12,NORMAL,82.98,87.13,94.7,88.38,89.57,93.4,71.3,86.77999999999999
1171,allmpnet,MAX+SUM-NS_SUM-1-8,two-tokens,MAX+SUM-NS,SUM-1-8,4,"torch.Size([61, 1536])",12,0,batch-64-nhid-0-inlayer-12,NORMAL,83.16,86.38,94.47,88.32,88.41,90.8,68.0,85.64857142857143
1172,allmpnet,MAX+MAX-NS_SUM-1-8,two-tokens,MAX+MAX-NS,SUM-1-8,4,"torch.Size([61, 1536])",12,0,batch-64-nhid-0-inlayer-12,NORMAL,81.96,65.85,93.41,35.5,50.08,92.8,70.9,70.07142857142857
1173,allmpnet,AVG-NS+SUM-NS_SUM-1-8,two-tokens,AVG-NS+SUM-NS,SUM-1-8,4,"torch.Size([61, 1536])",12,0,batch-64-nhid-0-inlayer-12,NORMAL,83.51,85.41,94.24,87.87,89.51,88.4,66.96,85.12857142857145
1174,allmpnet,AVG-NS+MAX-NS_SUM-1-8,two-tokens,AVG-NS+MAX-NS,SUM-1-8,4,"torch.Size([61, 1536])",12,0,batch-64-nhid-0-inlayer-12,NORMAL,82.47,69.22,94.42,35.5,50.08,89.6,70.67,70.28
1175,allmpnet,SUM-NS+MAX-NS_SUM-1-8,two-tokens,SUM-NS+MAX-NS,SUM-1-8,4,"torch.Size([61, 1536])",12,0,batch-64-nhid-0-inlayer-12,NORMAL,83.11,79.31,94.43,36.56,50.08,90.2,67.07,71.53714285714285
1176,allmpnet,CLS+AVG_SUM-2-9,two-tokens,CLS+AVG,SUM-2-9,4,"torch.Size([61, 1536])",12,0,batch-64-nhid-0-inlayer-12,NORMAL,85.6,91.13,96.25,90.49,91.32,94.4,74.43,89.08857142857144
1177,allmpnet,CLS+SUM_SUM-2-9,two-tokens,CLS+SUM,SUM-2-9,4,"torch.Size([61, 1536])",12,0,batch-64-nhid-0-inlayer-12,NORMAL,84.74,88.56,94.88,89.55,90.55,94.0,67.65,87.13285714285713
1178,allmpnet,CLS+MAX_SUM-2-9,two-tokens,CLS+MAX,SUM-2-9,4,"torch.Size([61, 1536])",12,0,batch-64-nhid-0-inlayer-12,NORMAL,83.9,87.92,94.63,89.2,90.39,93.0,71.3,87.19142857142856
1179,allmpnet,CLS+AVG-NS_SUM-2-9,two-tokens,CLS+AVG-NS,SUM-2-9,4,"torch.Size([61, 1536])",12,0,batch-64-nhid-0-inlayer-12,NORMAL,85.15,89.46,95.98,89.69,91.21,90.0,71.54,87.57571428571428
1180,allmpnet,CLS+SUM-NS_SUM-2-9,two-tokens,CLS+SUM-NS,SUM-2-9,4,"torch.Size([61, 1536])",12,0,batch-64-nhid-0-inlayer-12,NORMAL,83.92,86.39,94.27,88.7,89.73,89.6,68.29,85.84285714285714
1181,allmpnet,CLS+MAX-NS_SUM-2-9,two-tokens,CLS+MAX-NS,SUM-2-9,4,"torch.Size([61, 1536])",12,0,batch-64-nhid-0-inlayer-12,NORMAL,83.91,69.32,94.67,35.5,50.08,87.6,69.86,70.13428571428571
1182,allmpnet,AVG+SUM_SUM-2-9,two-tokens,AVG+SUM,SUM-2-9,4,"torch.Size([61, 1536])",12,0,batch-64-nhid-0-inlayer-12,NORMAL,84.76,88.5,94.77,89.4,90.94,93.4,67.42,87.02714285714285
1183,allmpnet,AVG+MAX_SUM-2-9,two-tokens,AVG+MAX,SUM-2-9,4,"torch.Size([61, 1536])",12,0,batch-64-nhid-0-inlayer-12,NORMAL,84.39,88.37,94.93,89.02,90.77,94.0,72.12,87.65714285714286
1184,allmpnet,AVG+AVG-NS_SUM-2-9,two-tokens,AVG+AVG-NS,SUM-2-9,4,"torch.Size([61, 1536])",12,0,batch-64-nhid-0-inlayer-12,NORMAL,84.81,89.51,95.65,89.76,91.05,94.2,73.04,88.28857142857143
1185,allmpnet,AVG+SUM-NS_SUM-2-9,two-tokens,AVG+SUM-NS,SUM-2-9,4,"torch.Size([61, 1536])",12,0,batch-64-nhid-0-inlayer-12,NORMAL,84.1,86.52,94.35,89.3,90.61,89.8,67.83,86.07285714285716
1186,allmpnet,AVG+MAX-NS_SUM-2-9,two-tokens,AVG+MAX-NS,SUM-2-9,4,"torch.Size([61, 1536])",12,0,batch-64-nhid-0-inlayer-12,NORMAL,84.26,67.99,95.12,35.5,50.08,92.2,71.77,70.98857142857142
1187,allmpnet,SUM+MAX_SUM-2-9,two-tokens,SUM+MAX,SUM-2-9,4,"torch.Size([61, 1536])",12,0,batch-64-nhid-0-inlayer-12,NORMAL,84.64,88.26,94.83,88.74,90.5,94.2,68.0,87.02428571428572
1188,allmpnet,SUM+AVG-NS_SUM-2-9,two-tokens,SUM+AVG-NS,SUM-2-9,4,"torch.Size([61, 1536])",12,0,batch-64-nhid-0-inlayer-12,NORMAL,84.72,88.58,94.8,88.81,91.21,94.8,67.48,87.2
1189,allmpnet,SUM+SUM-NS_SUM-2-9,two-tokens,SUM+SUM-NS,SUM-2-9,4,"torch.Size([61, 1536])",12,0,batch-64-nhid-0-inlayer-12,NORMAL,84.03,88.69,95.03,88.7,90.12,94.6,68.23,87.05714285714285
1190,allmpnet,SUM+MAX-NS_SUM-2-9,two-tokens,SUM+MAX-NS,SUM-2-9,4,"torch.Size([61, 1536])",12,0,batch-64-nhid-0-inlayer-12,NORMAL,84.53,82.81,94.98,46.61,88.41,94.4,66.84,79.79714285714286
1191,allmpnet,MAX+AVG-NS_SUM-2-9,two-tokens,MAX+AVG-NS,SUM-2-9,4,"torch.Size([61, 1536])",12,0,batch-64-nhid-0-inlayer-12,NORMAL,83.97,87.82,94.78,88.6,90.72,93.8,70.72,87.20142857142856
1192,allmpnet,MAX+SUM-NS_SUM-2-9,two-tokens,MAX+SUM-NS,SUM-2-9,4,"torch.Size([61, 1536])",12,0,batch-64-nhid-0-inlayer-12,NORMAL,83.53,86.86,94.52,88.2,90.17,92.4,69.04,86.38857142857141
1193,allmpnet,MAX+MAX-NS_SUM-2-9,two-tokens,MAX+MAX-NS,SUM-2-9,4,"torch.Size([61, 1536])",12,0,batch-64-nhid-0-inlayer-12,NORMAL,82.87,68.74,93.66,35.5,50.08,92.4,70.09,70.47714285714287
1194,allmpnet,AVG-NS+SUM-NS_SUM-2-9,two-tokens,AVG-NS+SUM-NS,SUM-2-9,4,"torch.Size([61, 1536])",12,0,batch-64-nhid-0-inlayer-12,NORMAL,83.96,86.31,94.08,88.09,90.33,90.0,68.52,85.89857142857143
1195,allmpnet,AVG-NS+MAX-NS_SUM-2-9,two-tokens,AVG-NS+MAX-NS,SUM-2-9,4,"torch.Size([61, 1536])",12,0,batch-64-nhid-0-inlayer-12,NORMAL,83.35,66.04,94.54,35.5,50.08,90.2,71.88,70.22714285714285
1196,allmpnet,SUM-NS+MAX-NS_SUM-2-9,two-tokens,SUM-NS+MAX-NS,SUM-2-9,4,"torch.Size([61, 1536])",12,0,batch-64-nhid-0-inlayer-12,NORMAL,83.45,81.96,94.45,31.75,50.08,90.6,67.77,71.43714285714285
1197,allmpnet,CLS+AVG_SUM-3-10,two-tokens,CLS+AVG,SUM-3-10,4,"torch.Size([61, 1536])",12,0,batch-64-nhid-0-inlayer-12,NORMAL,85.47,91.02,96.24,90.39,91.65,94.8,75.3,89.26714285714284
1198,allmpnet,CLS+SUM_SUM-3-10,two-tokens,CLS+SUM,SUM-3-10,4,"torch.Size([61, 1536])",12,0,batch-64-nhid-0-inlayer-12,NORMAL,85.69,88.05,94.62,89.54,90.77,94.4,67.3,87.19571428571429
1199,allmpnet,CLS+MAX_SUM-3-10,two-tokens,CLS+MAX,SUM-3-10,4,"torch.Size([61, 1536])",12,0,batch-64-nhid-0-inlayer-12,NORMAL,84.32,87.95,94.84,89.18,89.95,92.8,71.48,87.21714285714286
1200,allmpnet,CLS+AVG-NS_SUM-3-10,two-tokens,CLS+AVG-NS,SUM-3-10,4,"torch.Size([61, 1536])",12,0,batch-64-nhid-0-inlayer-12,NORMAL,85.22,89.91,95.87,89.36,91.93,91.0,72.41,87.95714285714284
1201,allmpnet,CLS+SUM-NS_SUM-3-10,two-tokens,CLS+SUM-NS,SUM-3-10,4,"torch.Size([61, 1536])",12,0,batch-64-nhid-0-inlayer-12,NORMAL,84.51,86.94,94.36,88.98,89.73,90.4,67.94,86.12285714285716
1202,allmpnet,CLS+MAX-NS_SUM-3-10,two-tokens,CLS+MAX-NS,SUM-3-10,4,"torch.Size([61, 1536])",12,0,batch-64-nhid-0-inlayer-12,NORMAL,84.23,65.98,94.54,35.5,50.08,89.8,71.48,70.23
1203,allmpnet,AVG+SUM_SUM-3-10,two-tokens,AVG+SUM,SUM-3-10,4,"torch.Size([61, 1536])",12,0,batch-64-nhid-0-inlayer-12,NORMAL,85.56,88.08,94.62,89.44,90.94,93.8,67.42,87.12285714285713
1204,allmpnet,AVG+MAX_SUM-3-10,two-tokens,AVG+MAX,SUM-3-10,4,"torch.Size([61, 1536])",12,0,batch-64-nhid-0-inlayer-12,NORMAL,84.73,88.85,94.95,89.25,91.65,95.2,70.78,87.91571428571429
1205,allmpnet,AVG+AVG-NS_SUM-3-10,two-tokens,AVG+AVG-NS,SUM-3-10,4,"torch.Size([61, 1536])",12,0,batch-64-nhid-0-inlayer-12,NORMAL,85.38,89.51,95.69,89.45,91.27,94.4,72.52,88.31714285714284
1206,allmpnet,AVG+SUM-NS_SUM-3-10,two-tokens,AVG+SUM-NS,SUM-3-10,4,"torch.Size([61, 1536])",12,0,batch-64-nhid-0-inlayer-12,NORMAL,84.64,86.89,94.41,89.07,90.44,92.0,67.13,86.36857142857143
1207,allmpnet,AVG+MAX-NS_SUM-3-10,two-tokens,AVG+MAX-NS,SUM-3-10,4,"torch.Size([61, 1536])",12,0,batch-64-nhid-0-inlayer-12,NORMAL,84.54,69.77,95.09,35.5,50.08,92.0,71.59,71.2242857142857
1208,allmpnet,SUM+MAX_SUM-3-10,two-tokens,SUM+MAX,SUM-3-10,4,"torch.Size([61, 1536])",12,0,batch-64-nhid-0-inlayer-12,NORMAL,85.29,88.21,94.63,88.72,90.83,93.8,67.13,86.94428571428571
1209,allmpnet,SUM+AVG-NS_SUM-3-10,two-tokens,SUM+AVG-NS,SUM-3-10,4,"torch.Size([61, 1536])",12,0,batch-64-nhid-0-inlayer-12,NORMAL,85.51,88.11,94.68,88.71,91.43,93.8,67.59,87.11857142857143
1210,allmpnet,SUM+SUM-NS_SUM-3-10,two-tokens,SUM+SUM-NS,SUM-3-10,4,"torch.Size([61, 1536])",12,0,batch-64-nhid-0-inlayer-12,NORMAL,84.59,88.77,94.94,88.89,89.68,95.0,68.46,87.19000000000001
1211,allmpnet,SUM+MAX-NS_SUM-3-10,two-tokens,SUM+MAX-NS,SUM-3-10,4,"torch.Size([61, 1536])",12,0,batch-64-nhid-0-inlayer-12,NORMAL,85.34,83.79,94.65,46.61,87.64,95.0,67.13,80.02285714285713
1212,allmpnet,MAX+AVG-NS_SUM-3-10,two-tokens,MAX+AVG-NS,SUM-3-10,4,"torch.Size([61, 1536])",12,0,batch-64-nhid-0-inlayer-12,NORMAL,84.43,88.37,94.76,88.71,91.05,93.6,71.59,87.50142857142858
1213,allmpnet,MAX+SUM-NS_SUM-3-10,two-tokens,MAX+SUM-NS,SUM-3-10,4,"torch.Size([61, 1536])",12,0,batch-64-nhid-0-inlayer-12,NORMAL,84.38,87.84,94.53,88.12,90.39,93.4,67.42,86.58285714285714
1214,allmpnet,MAX+MAX-NS_SUM-3-10,two-tokens,MAX+MAX-NS,SUM-3-10,4,"torch.Size([61, 1536])",12,0,batch-64-nhid-0-inlayer-12,NORMAL,83.6,67.42,93.72,35.5,50.08,92.2,69.91,70.34714285714286
1215,allmpnet,AVG-NS+SUM-NS_SUM-3-10,two-tokens,AVG-NS+SUM-NS,SUM-3-10,4,"torch.Size([61, 1536])",12,0,batch-64-nhid-0-inlayer-12,NORMAL,84.49,86.97,94.38,88.0,90.28,91.4,67.48,86.14285714285714
1216,allmpnet,AVG-NS+MAX-NS_SUM-3-10,two-tokens,AVG-NS+MAX-NS,SUM-3-10,4,"torch.Size([61, 1536])",12,0,batch-64-nhid-0-inlayer-12,NORMAL,83.9,67.89,94.59,35.5,50.08,91.0,72.0,70.70857142857143
1217,allmpnet,SUM-NS+MAX-NS_SUM-3-10,two-tokens,SUM-NS+MAX-NS,SUM-3-10,4,"torch.Size([61, 1536])",12,0,batch-64-nhid-0-inlayer-12,NORMAL,84.08,85.51,94.48,42.88,50.08,92.2,67.42,73.80714285714285
1218,allmpnet,CLS+AVG_SUM-4-11,two-tokens,CLS+AVG,SUM-4-11,4,"torch.Size([61, 1536])",12,0,batch-64-nhid-0-inlayer-12,NORMAL,85.61,91.02,96.2,90.42,91.49,95.4,75.42,89.36571428571428
1219,allmpnet,CLS+SUM_SUM-4-11,two-tokens,CLS+SUM,SUM-4-11,4,"torch.Size([61, 1536])",12,0,batch-64-nhid-0-inlayer-12,NORMAL,85.53,88.53,94.8,89.71,90.99,94.6,68.06,87.46000000000001
1220,allmpnet,CLS+MAX_SUM-4-11,two-tokens,CLS+MAX,SUM-4-11,4,"torch.Size([61, 1536])",12,0,batch-64-nhid-0-inlayer-12,NORMAL,84.42,88.29,94.75,89.28,90.44,93.2,71.3,87.38285714285713
1221,allmpnet,CLS+AVG-NS_SUM-4-11,two-tokens,CLS+AVG-NS,SUM-4-11,4,"torch.Size([61, 1536])",12,0,batch-64-nhid-0-inlayer-12,NORMAL,85.43,89.91,96.03,89.54,91.71,91.6,73.1,88.18857142857144
1222,allmpnet,CLS+SUM-NS_SUM-4-11,two-tokens,CLS+SUM-NS,SUM-4-11,4,"torch.Size([61, 1536])",12,0,batch-64-nhid-0-inlayer-12,NORMAL,84.66,86.97,94.43,88.96,90.23,91.6,68.41,86.46571428571428
1223,allmpnet,CLS+MAX-NS_SUM-4-11,two-tokens,CLS+MAX-NS,SUM-4-11,4,"torch.Size([61, 1536])",12,0,batch-64-nhid-0-inlayer-12,NORMAL,84.08,66.01,94.27,35.5,50.08,89.4,71.59,70.13285714285715
1224,allmpnet,AVG+SUM_SUM-4-11,two-tokens,AVG+SUM,SUM-4-11,4,"torch.Size([61, 1536])",12,0,batch-64-nhid-0-inlayer-12,NORMAL,85.48,88.24,94.8,89.68,90.55,94.0,67.94,87.24142857142859
1225,allmpnet,AVG+MAX_SUM-4-11,two-tokens,AVG+MAX,SUM-4-11,4,"torch.Size([61, 1536])",12,0,batch-64-nhid-0-inlayer-12,NORMAL,84.8,88.79,94.79,89.41,91.49,94.6,72.0,87.98285714285714
1226,allmpnet,AVG+AVG-NS_SUM-4-11,two-tokens,AVG+AVG-NS,SUM-4-11,4,"torch.Size([61, 1536])",12,0,batch-64-nhid-0-inlayer-12,NORMAL,85.56,89.56,95.56,89.34,91.38,94.8,72.23,88.34714285714286
1227,allmpnet,AVG+SUM-NS_SUM-4-11,two-tokens,AVG+SUM-NS,SUM-4-11,4,"torch.Size([61, 1536])",12,0,batch-64-nhid-0-inlayer-12,NORMAL,85.03,87.21,94.59,89.2,90.77,91.8,68.46,86.72285714285715
1228,allmpnet,AVG+MAX-NS_SUM-4-11,two-tokens,AVG+MAX-NS,SUM-4-11,4,"torch.Size([61, 1536])",12,0,batch-64-nhid-0-inlayer-12,NORMAL,84.79,65.98,94.85,35.5,50.08,91.4,72.58,70.74
1229,allmpnet,SUM+MAX_SUM-4-11,two-tokens,SUM+MAX,SUM-4-11,4,"torch.Size([61, 1536])",12,0,batch-64-nhid-0-inlayer-12,NORMAL,85.45,88.72,94.69,88.77,91.16,94.4,67.94,87.3042857142857
1230,allmpnet,SUM+AVG-NS_SUM-4-11,two-tokens,SUM+AVG-NS,SUM-4-11,4,"torch.Size([61, 1536])",12,0,batch-64-nhid-0-inlayer-12,NORMAL,85.57,88.45,94.63,88.98,91.05,94.0,67.83,87.2157142857143
1231,allmpnet,SUM+SUM-NS_SUM-4-11,two-tokens,SUM+SUM-NS,SUM-4-11,4,"torch.Size([61, 1536])",12,0,batch-64-nhid-0-inlayer-12,NORMAL,84.46,88.79,94.98,88.71,90.17,95.4,68.06,87.2242857142857
1232,allmpnet,SUM+MAX-NS_SUM-4-11,two-tokens,SUM+MAX-NS,SUM-4-11,4,"torch.Size([61, 1536])",12,0,batch-64-nhid-0-inlayer-12,NORMAL,85.38,83.82,94.66,48.43,89.95,95.0,68.17,80.77285714285713
1233,allmpnet,MAX+AVG-NS_SUM-4-11,two-tokens,MAX+AVG-NS,SUM-4-11,4,"torch.Size([61, 1536])",12,0,batch-64-nhid-0-inlayer-12,NORMAL,84.6,88.77,94.78,88.72,91.43,93.6,71.77,87.66714285714285
1234,allmpnet,MAX+SUM-NS_SUM-4-11,two-tokens,MAX+SUM-NS,SUM-4-11,4,"torch.Size([61, 1536])",12,0,batch-64-nhid-0-inlayer-12,NORMAL,84.6,87.6,94.69,88.32,90.83,93.0,68.12,86.73714285714286
1235,allmpnet,MAX+MAX-NS_SUM-4-11,two-tokens,MAX+MAX-NS,SUM-4-11,4,"torch.Size([61, 1536])",12,0,batch-64-nhid-0-inlayer-12,NORMAL,83.49,66.04,93.47,35.5,50.08,93.0,69.86,70.20571428571428
1236,allmpnet,AVG-NS+SUM-NS_SUM-4-11,two-tokens,AVG-NS+SUM-NS,SUM-4-11,4,"torch.Size([61, 1536])",12,0,batch-64-nhid-0-inlayer-12,NORMAL,84.8,86.97,94.45,88.06,90.55,91.6,68.35,86.39714285714285
1237,allmpnet,AVG-NS+MAX-NS_SUM-4-11,two-tokens,AVG-NS+MAX-NS,SUM-4-11,4,"torch.Size([61, 1536])",12,0,batch-64-nhid-0-inlayer-12,NORMAL,84.07,65.98,94.73,35.5,50.08,89.0,71.48,70.12
1238,allmpnet,SUM-NS+MAX-NS_SUM-4-11,two-tokens,SUM-NS+MAX-NS,SUM-4-11,4,"torch.Size([61, 1536])",12,0,batch-64-nhid-0-inlayer-12,NORMAL,84.38,83.13,94.7,46.61,50.08,91.8,68.87,74.2242857142857
1239,allmpnet,CLS+AVG_SUM-5-12,two-tokens,CLS+AVG,SUM-5-12,4,"torch.Size([61, 1536])",12,0,batch-64-nhid-0-inlayer-12,NORMAL,85.57,91.05,95.97,90.41,91.98,95.6,75.71,89.47000000000001
1240,allmpnet,CLS+SUM_SUM-5-12,two-tokens,CLS+SUM,SUM-5-12,4,"torch.Size([61, 1536])",12,0,batch-64-nhid-0-inlayer-12,NORMAL,85.38,88.21,94.71,89.56,91.05,94.0,69.74,87.52142857142857
1241,allmpnet,CLS+MAX_SUM-5-12,two-tokens,CLS+MAX,SUM-5-12,4,"torch.Size([61, 1536])",12,0,batch-64-nhid-0-inlayer-12,NORMAL,84.5,88.32,94.83,89.52,90.94,93.8,71.07,87.56857142857143
1242,allmpnet,CLS+AVG-NS_SUM-5-12,two-tokens,CLS+AVG-NS,SUM-5-12,4,"torch.Size([61, 1536])",12,0,batch-64-nhid-0-inlayer-12,NORMAL,85.58,90.44,96.08,89.63,91.71,91.4,72.99,88.26142857142857
1243,allmpnet,CLS+SUM-NS_SUM-5-12,two-tokens,CLS+SUM-NS,SUM-5-12,4,"torch.Size([61, 1536])",12,0,batch-64-nhid-0-inlayer-12,NORMAL,85.03,87.39,94.52,89.06,90.39,91.4,69.86,86.80714285714285
1244,allmpnet,CLS+MAX-NS_SUM-5-12,two-tokens,CLS+MAX-NS,SUM-5-12,4,"torch.Size([61, 1536])",12,0,batch-64-nhid-0-inlayer-12,NORMAL,84.46,66.12,94.59,35.5,50.08,90.8,71.36,70.41571428571429
1245,allmpnet,AVG+SUM_SUM-5-12,two-tokens,AVG+SUM,SUM-5-12,4,"torch.Size([61, 1536])",12,0,batch-64-nhid-0-inlayer-12,NORMAL,85.39,88.13,94.69,89.68,90.99,94.0,68.75,87.37571428571428
1246,allmpnet,AVG+MAX_SUM-5-12,two-tokens,AVG+MAX,SUM-5-12,4,"torch.Size([61, 1536])",12,0,batch-64-nhid-0-inlayer-12,NORMAL,84.83,89.11,94.72,89.47,91.1,94.6,72.87,88.10000000000001
1247,allmpnet,AVG+AVG-NS_SUM-5-12,two-tokens,AVG+AVG-NS,SUM-5-12,4,"torch.Size([61, 1536])",12,0,batch-64-nhid-0-inlayer-12,NORMAL,85.47,90.23,95.59,89.19,91.32,95.4,73.33,88.64714285714285
1248,allmpnet,AVG+SUM-NS_SUM-5-12,two-tokens,AVG+SUM-NS,SUM-5-12,4,"torch.Size([61, 1536])",12,0,batch-64-nhid-0-inlayer-12,NORMAL,84.9,87.36,94.49,89.13,90.61,92.0,69.1,86.79857142857144
1249,allmpnet,AVG+MAX-NS_SUM-5-12,two-tokens,AVG+MAX-NS,SUM-5-12,4,"torch.Size([61, 1536])",12,0,batch-64-nhid-0-inlayer-12,NORMAL,84.74,66.22,94.95,35.5,50.08,91.8,73.16,70.92142857142856
1250,allmpnet,SUM+MAX_SUM-5-12,two-tokens,SUM+MAX,SUM-5-12,4,"torch.Size([61, 1536])",12,0,batch-64-nhid-0-inlayer-12,NORMAL,85.32,88.37,94.59,88.66,90.88,94.0,69.1,87.27428571428571
1251,allmpnet,SUM+AVG-NS_SUM-5-12,two-tokens,SUM+AVG-NS,SUM-5-12,4,"torch.Size([61, 1536])",12,0,batch-64-nhid-0-inlayer-12,NORMAL,85.4,88.34,94.67,88.87,90.72,94.0,69.04,87.29142857142857
1252,allmpnet,SUM+SUM-NS_SUM-5-12,two-tokens,SUM+SUM-NS,SUM-5-12,4,"torch.Size([61, 1536])",12,0,batch-64-nhid-0-inlayer-12,NORMAL,84.51,88.95,94.85,88.85,90.66,94.8,70.32,87.56285714285711
1253,allmpnet,SUM+MAX-NS_SUM-5-12,two-tokens,SUM+MAX-NS,SUM-5-12,4,"torch.Size([61, 1536])",12,0,batch-64-nhid-0-inlayer-12,NORMAL,85.07,87.82,94.67,48.48,89.07,94.6,69.45,81.30857142857144
1254,allmpnet,MAX+AVG-NS_SUM-5-12,two-tokens,MAX+AVG-NS,SUM-5-12,4,"torch.Size([61, 1536])",12,0,batch-64-nhid-0-inlayer-12,NORMAL,84.6,88.82,94.86,88.99,91.16,93.8,71.36,87.65571428571427
1255,allmpnet,MAX+SUM-NS_SUM-5-12,two-tokens,MAX+SUM-NS,SUM-5-12,4,"torch.Size([61, 1536])",12,0,batch-64-nhid-0-inlayer-12,NORMAL,84.87,87.6,94.48,88.25,90.61,92.4,69.45,86.80857142857144
1256,allmpnet,MAX+MAX-NS_SUM-5-12,two-tokens,MAX+MAX-NS,SUM-5-12,4,"torch.Size([61, 1536])",12,0,batch-64-nhid-0-inlayer-12,NORMAL,83.38,69.82,93.32,35.5,50.08,93.0,70.96,70.86571428571428
1257,allmpnet,AVG-NS+SUM-NS_SUM-5-12,two-tokens,AVG-NS+SUM-NS,SUM-5-12,4,"torch.Size([61, 1536])",12,0,batch-64-nhid-0-inlayer-12,NORMAL,84.93,87.23,94.43,88.16,90.55,91.0,70.26,86.65142857142857
1258,allmpnet,AVG-NS+MAX-NS_SUM-5-12,two-tokens,AVG-NS+MAX-NS,SUM-5-12,4,"torch.Size([61, 1536])",12,0,batch-64-nhid-0-inlayer-12,NORMAL,84.18,66.09,94.48,35.5,50.08,89.4,71.36,70.1557142857143
1259,allmpnet,SUM-NS+MAX-NS_SUM-5-12,two-tokens,SUM-NS+MAX-NS,SUM-5-12,4,"torch.Size([61, 1536])",12,0,batch-64-nhid-0-inlayer-12,NORMAL,84.68,85.27,94.4,48.36,50.08,91.2,69.51,74.78571428571429
1260,allmpnet,CLS+AVG_SUM-1-9,two-tokens,CLS+AVG,SUM-1-9,4,"torch.Size([61, 1536])",12,0,batch-64-nhid-0-inlayer-12,NORMAL,85.56,90.92,96.18,90.56,91.49,94.8,75.88,89.34142857142857
1261,allmpnet,CLS+SUM_SUM-1-9,two-tokens,CLS+SUM,SUM-1-9,4,"torch.Size([61, 1536])",12,0,batch-64-nhid-0-inlayer-12,NORMAL,84.76,88.71,94.82,89.48,90.23,94.2,67.71,87.13000000000001
1262,allmpnet,CLS+MAX_SUM-1-9,two-tokens,CLS+MAX,SUM-1-9,4,"torch.Size([61, 1536])",12,0,batch-64-nhid-0-inlayer-12,NORMAL,84.19,87.42,94.76,89.3,89.73,92.8,69.45,86.80714285714286
1263,allmpnet,CLS+AVG-NS_SUM-1-9,two-tokens,CLS+AVG-NS,SUM-1-9,4,"torch.Size([61, 1536])",12,0,batch-64-nhid-0-inlayer-12,NORMAL,85.33,89.72,95.96,89.4,91.21,89.2,72.46,87.61142857142856
1264,allmpnet,CLS+SUM-NS_SUM-1-9,two-tokens,CLS+SUM-NS,SUM-1-9,4,"torch.Size([61, 1536])",12,0,batch-64-nhid-0-inlayer-12,NORMAL,83.98,86.46,94.37,88.69,89.4,89.4,68.06,85.76571428571427
1265,allmpnet,CLS+MAX-NS_SUM-1-9,two-tokens,CLS+MAX-NS,SUM-1-9,4,"torch.Size([61, 1536])",12,0,batch-64-nhid-0-inlayer-12,NORMAL,83.48,69.11,94.52,35.5,50.08,87.0,69.86,69.93571428571428
1266,allmpnet,AVG+SUM_SUM-1-9,two-tokens,AVG+SUM,SUM-1-9,4,"torch.Size([61, 1536])",12,0,batch-64-nhid-0-inlayer-12,NORMAL,84.75,88.47,94.97,89.45,89.9,93.8,67.01,86.90714285714284
1267,allmpnet,AVG+MAX_SUM-1-9,two-tokens,AVG+MAX,SUM-1-9,4,"torch.Size([61, 1536])",12,0,batch-64-nhid-0-inlayer-12,NORMAL,84.31,88.08,94.94,88.78,90.72,93.6,72.06,87.49857142857142
1268,allmpnet,AVG+AVG-NS_SUM-1-9,two-tokens,AVG+AVG-NS,SUM-1-9,4,"torch.Size([61, 1536])",12,0,batch-64-nhid-0-inlayer-12,NORMAL,84.75,89.43,95.69,89.45,91.1,93.0,72.7,88.01714285714286
1269,allmpnet,AVG+SUM-NS_SUM-1-9,two-tokens,AVG+SUM-NS,SUM-1-9,4,"torch.Size([61, 1536])",12,0,batch-64-nhid-0-inlayer-12,NORMAL,84.14,86.65,94.33,89.21,89.95,90.4,67.77,86.0642857142857
1270,allmpnet,AVG+MAX-NS_SUM-1-9,two-tokens,AVG+MAX-NS,SUM-1-9,4,"torch.Size([61, 1536])",12,0,batch-64-nhid-0-inlayer-12,NORMAL,84.08,69.59,95.0,35.5,50.08,91.4,70.84,70.92714285714285
1271,allmpnet,SUM+MAX_SUM-1-9,two-tokens,SUM+MAX,SUM-1-9,4,"torch.Size([61, 1536])",12,0,batch-64-nhid-0-inlayer-12,NORMAL,84.57,88.63,94.9,88.93,90.33,94.0,67.36,86.96000000000001
1272,allmpnet,SUM+AVG-NS_SUM-1-9,two-tokens,SUM+AVG-NS,SUM-1-9,4,"torch.Size([61, 1536])",12,0,batch-64-nhid-0-inlayer-12,NORMAL,84.65,88.63,94.82,88.7,90.44,94.2,66.78,86.88857142857144
1273,allmpnet,SUM+SUM-NS_SUM-1-9,two-tokens,SUM+SUM-NS,SUM-1-9,4,"torch.Size([61, 1536])",12,0,batch-64-nhid-0-inlayer-12,NORMAL,84.13,88.42,95.11,88.68,90.39,93.8,68.52,87.00714285714285
1274,allmpnet,SUM+MAX-NS_SUM-1-9,two-tokens,SUM+MAX-NS,SUM-1-9,4,"torch.Size([61, 1536])",12,0,batch-64-nhid-0-inlayer-12,NORMAL,84.5,86.57,94.98,46.61,88.14,93.4,67.48,80.24000000000001
1275,allmpnet,MAX+AVG-NS_SUM-1-9,two-tokens,MAX+AVG-NS,SUM-1-9,4,"torch.Size([61, 1536])",12,0,batch-64-nhid-0-inlayer-12,NORMAL,83.64,87.84,94.67,88.37,90.5,92.2,71.59,86.97285714285715
1276,allmpnet,MAX+SUM-NS_SUM-1-9,two-tokens,MAX+SUM-NS,SUM-1-9,4,"torch.Size([61, 1536])",12,0,batch-64-nhid-0-inlayer-12,NORMAL,83.3,86.89,94.6,87.96,89.29,92.2,68.64,86.12571428571428
1277,allmpnet,MAX+MAX-NS_SUM-1-9,two-tokens,MAX+MAX-NS,SUM-1-9,4,"torch.Size([61, 1536])",12,0,batch-64-nhid-0-inlayer-12,NORMAL,82.35,67.33,93.41,35.5,50.08,91.8,70.09,70.08000000000001
1278,allmpnet,AVG-NS+SUM-NS_SUM-1-9,two-tokens,AVG-NS+SUM-NS,SUM-1-9,4,"torch.Size([61, 1536])",12,0,batch-64-nhid-0-inlayer-12,NORMAL,83.86,86.46,94.2,88.06,89.9,89.8,68.41,85.81285714285714
1279,allmpnet,AVG-NS+MAX-NS_SUM-1-9,two-tokens,AVG-NS+MAX-NS,SUM-1-9,4,"torch.Size([61, 1536])",12,0,batch-64-nhid-0-inlayer-12,NORMAL,83.3,69.38,94.33,35.5,50.08,90.2,70.96,70.53571428571428
1280,allmpnet,SUM-NS+MAX-NS_SUM-1-9,two-tokens,SUM-NS+MAX-NS,SUM-1-9,4,"torch.Size([61, 1536])",12,0,batch-64-nhid-0-inlayer-12,NORMAL,83.39,83.95,94.5,41.17,50.08,90.8,67.59,73.06857142857143
1281,allmpnet,CLS+AVG_SUM-2-10,two-tokens,CLS+AVG,SUM-2-10,4,"torch.Size([61, 1536])",12,0,batch-64-nhid-0-inlayer-12,NORMAL,85.66,90.86,96.24,90.62,91.49,94.4,75.36,89.23285714285714
1282,allmpnet,CLS+SUM_SUM-2-10,two-tokens,CLS+SUM,SUM-2-10,4,"torch.Size([61, 1536])",12,0,batch-64-nhid-0-inlayer-12,NORMAL,85.07,88.21,94.82,89.47,90.66,94.0,67.48,87.10142857142856
1283,allmpnet,CLS+MAX_SUM-2-10,two-tokens,CLS+MAX,SUM-2-10,4,"torch.Size([61, 1536])",12,0,batch-64-nhid-0-inlayer-12,NORMAL,84.58,87.66,94.88,89.29,90.28,93.2,70.78,87.23857142857143
1284,allmpnet,CLS+AVG-NS_SUM-2-10,two-tokens,CLS+AVG-NS,SUM-2-10,4,"torch.Size([61, 1536])",12,0,batch-64-nhid-0-inlayer-12,NORMAL,85.28,89.99,96.0,89.66,91.76,90.8,72.12,87.9442857142857
1285,allmpnet,CLS+SUM-NS_SUM-2-10,two-tokens,CLS+SUM-NS,SUM-2-10,4,"torch.Size([61, 1536])",12,0,batch-64-nhid-0-inlayer-12,NORMAL,84.31,87.02,94.36,88.76,90.23,89.8,67.54,86.00285714285714
1286,allmpnet,CLS+MAX-NS_SUM-2-10,two-tokens,CLS+MAX-NS,SUM-2-10,4,"torch.Size([61, 1536])",12,0,batch-64-nhid-0-inlayer-12,NORMAL,84.24,69.4,94.65,35.5,50.08,89.6,70.32,70.54142857142855
1287,allmpnet,AVG+SUM_SUM-2-10,two-tokens,AVG+SUM,SUM-2-10,4,"torch.Size([61, 1536])",12,0,batch-64-nhid-0-inlayer-12,NORMAL,85.07,88.48,94.81,89.52,90.33,94.2,67.3,87.10142857142856
1288,allmpnet,AVG+MAX_SUM-2-10,two-tokens,AVG+MAX,SUM-2-10,4,"torch.Size([61, 1536])",12,0,batch-64-nhid-0-inlayer-12,NORMAL,84.51,88.95,95.0,89.03,91.16,93.6,71.71,87.70857142857143
1289,allmpnet,AVG+AVG-NS_SUM-2-10,two-tokens,AVG+AVG-NS,SUM-2-10,4,"torch.Size([61, 1536])",12,0,batch-64-nhid-0-inlayer-12,NORMAL,85.16,89.16,95.66,89.7,91.38,94.8,72.64,88.35714285714286
1290,allmpnet,AVG+SUM-NS_SUM-2-10,two-tokens,AVG+SUM-NS,SUM-2-10,4,"torch.Size([61, 1536])",12,0,batch-64-nhid-0-inlayer-12,NORMAL,84.16,86.99,94.41,89.18,90.88,90.0,67.3,86.13142857142854
1291,allmpnet,AVG+MAX-NS_SUM-2-10,two-tokens,AVG+MAX-NS,SUM-2-10,4,"torch.Size([61, 1536])",12,0,batch-64-nhid-0-inlayer-12,NORMAL,84.55,66.14,95.11,35.5,50.08,92.2,72.23,70.83
1292,allmpnet,SUM+MAX_SUM-2-10,two-tokens,SUM+MAX,SUM-2-10,4,"torch.Size([61, 1536])",12,0,batch-64-nhid-0-inlayer-12,NORMAL,85.05,88.21,94.9,88.8,90.72,94.6,67.36,87.09142857142857
1293,allmpnet,SUM+AVG-NS_SUM-2-10,two-tokens,SUM+AVG-NS,SUM-2-10,4,"torch.Size([61, 1536])",12,0,batch-64-nhid-0-inlayer-12,NORMAL,85.1,88.24,94.74,89.11,90.99,94.0,67.13,87.04428571428572
1294,allmpnet,SUM+SUM-NS_SUM-2-10,two-tokens,SUM+SUM-NS,SUM-2-10,4,"torch.Size([61, 1536])",12,0,batch-64-nhid-0-inlayer-12,NORMAL,84.43,88.4,95.04,88.94,89.95,95.2,67.88,87.12
1295,allmpnet,SUM+MAX-NS_SUM-2-10,two-tokens,SUM+MAX-NS,SUM-2-10,4,"torch.Size([61, 1536])",12,0,batch-64-nhid-0-inlayer-12,NORMAL,84.9,82.81,94.86,42.86,87.04,93.2,67.01,78.95428571428572
1296,allmpnet,MAX+AVG-NS_SUM-2-10,two-tokens,MAX+AVG-NS,SUM-2-10,4,"torch.Size([61, 1536])",12,0,batch-64-nhid-0-inlayer-12,NORMAL,84.36,88.13,94.76,88.64,90.99,93.0,71.94,87.40285714285713
1297,allmpnet,MAX+SUM-NS_SUM-2-10,two-tokens,MAX+SUM-NS,SUM-2-10,4,"torch.Size([61, 1536])",12,0,batch-64-nhid-0-inlayer-12,NORMAL,84.15,87.28,94.52,88.21,90.55,92.6,67.77,86.43999999999998
1298,allmpnet,MAX+MAX-NS_SUM-2-10,two-tokens,MAX+MAX-NS,SUM-2-10,4,"torch.Size([61, 1536])",12,0,batch-64-nhid-0-inlayer-12,NORMAL,83.07,66.06,93.65,31.75,50.08,92.8,70.32,69.67571428571428
1299,allmpnet,AVG-NS+SUM-NS_SUM-2-10,two-tokens,AVG-NS+SUM-NS,SUM-2-10,4,"torch.Size([61, 1536])",12,0,batch-64-nhid-0-inlayer-12,NORMAL,84.16,86.52,94.3,88.21,91.1,90.0,67.59,85.98285714285714
1300,allmpnet,AVG-NS+MAX-NS_SUM-2-10,two-tokens,AVG-NS+MAX-NS,SUM-2-10,4,"torch.Size([61, 1536])",12,0,batch-64-nhid-0-inlayer-12,NORMAL,84.02,66.01,94.45,35.5,50.08,89.8,70.49,70.05
1301,allmpnet,SUM-NS+MAX-NS_SUM-2-10,two-tokens,SUM-NS+MAX-NS,SUM-2-10,4,"torch.Size([61, 1536])",12,0,batch-64-nhid-0-inlayer-12,NORMAL,83.91,79.87,94.46,48.61,50.08,91.8,67.71,73.77714285714286
1302,allmpnet,CLS+AVG_SUM-3-11,two-tokens,CLS+AVG,SUM-3-11,4,"torch.Size([61, 1536])",12,0,batch-64-nhid-0-inlayer-12,NORMAL,85.6,90.81,96.09,90.45,91.54,94.8,74.72,89.14428571428572
1303,allmpnet,CLS+SUM_SUM-3-11,two-tokens,CLS+SUM,SUM-3-11,4,"torch.Size([61, 1536])",12,0,batch-64-nhid-0-inlayer-12,NORMAL,85.56,88.02,94.75,89.67,90.5,94.0,68.12,87.23142857142857
1304,allmpnet,CLS+MAX_SUM-3-11,two-tokens,CLS+MAX,SUM-3-11,4,"torch.Size([61, 1536])",12,0,batch-64-nhid-0-inlayer-12,NORMAL,84.59,87.82,94.75,89.27,90.28,92.6,71.48,87.25571428571428
1305,allmpnet,CLS+AVG-NS_SUM-3-11,two-tokens,CLS+AVG-NS,SUM-3-11,4,"torch.Size([61, 1536])",12,0,batch-64-nhid-0-inlayer-12,NORMAL,85.4,90.07,95.94,89.38,92.2,91.2,73.51,88.24285714285713
1306,allmpnet,CLS+SUM-NS_SUM-3-11,two-tokens,CLS+SUM-NS,SUM-3-11,4,"torch.Size([61, 1536])",12,0,batch-64-nhid-0-inlayer-12,NORMAL,84.7,86.92,94.3,89.04,89.9,91.8,68.58,86.46285714285715
1307,allmpnet,CLS+MAX-NS_SUM-3-11,two-tokens,CLS+MAX-NS,SUM-3-11,4,"torch.Size([61, 1536])",12,0,batch-64-nhid-0-inlayer-12,NORMAL,84.24,69.4,94.41,35.5,50.08,90.8,71.01,70.77714285714285
1308,allmpnet,AVG+SUM_SUM-3-11,two-tokens,AVG+SUM,SUM-3-11,4,"torch.Size([61, 1536])",12,0,batch-64-nhid-0-inlayer-12,NORMAL,85.49,88.34,94.88,89.5,90.28,95.4,67.94,87.4042857142857
1309,allmpnet,AVG+MAX_SUM-3-11,two-tokens,AVG+MAX,SUM-3-11,4,"torch.Size([61, 1536])",12,0,batch-64-nhid-0-inlayer-12,NORMAL,84.91,88.95,94.85,89.1,91.27,95.2,71.54,87.97428571428573
1310,allmpnet,AVG+AVG-NS_SUM-3-11,two-tokens,AVG+AVG-NS,SUM-3-11,4,"torch.Size([61, 1536])",12,0,batch-64-nhid-0-inlayer-12,NORMAL,85.53,89.38,95.54,89.39,91.49,94.6,72.41,88.3342857142857
1311,allmpnet,AVG+SUM-NS_SUM-3-11,two-tokens,AVG+SUM-NS,SUM-3-11,4,"torch.Size([61, 1536])",12,0,batch-64-nhid-0-inlayer-12,NORMAL,84.79,86.92,94.4,89.05,90.77,92.2,68.41,86.64857142857143
1312,allmpnet,AVG+MAX-NS_SUM-3-11,two-tokens,AVG+MAX-NS,SUM-3-11,4,"torch.Size([61, 1536])",12,0,batch-64-nhid-0-inlayer-12,NORMAL,84.68,68.18,94.95,35.5,50.08,90.6,71.19,70.74
1313,allmpnet,SUM+MAX_SUM-3-11,two-tokens,SUM+MAX,SUM-3-11,4,"torch.Size([61, 1536])",12,0,batch-64-nhid-0-inlayer-12,NORMAL,85.27,88.21,94.74,88.76,91.38,94.0,67.48,87.11999999999999
1314,allmpnet,SUM+AVG-NS_SUM-3-11,two-tokens,SUM+AVG-NS,SUM-3-11,4,"torch.Size([61, 1536])",12,0,batch-64-nhid-0-inlayer-12,NORMAL,85.57,88.21,94.87,89.04,90.94,95.0,67.77,87.34285714285714
1315,allmpnet,SUM+SUM-NS_SUM-3-11,two-tokens,SUM+SUM-NS,SUM-3-11,4,"torch.Size([61, 1536])",12,0,batch-64-nhid-0-inlayer-12,NORMAL,84.25,88.82,94.83,89.0,90.39,95.2,67.94,87.20428571428572
1316,allmpnet,SUM+MAX-NS_SUM-3-11,two-tokens,SUM+MAX-NS,SUM-3-11,4,"torch.Size([61, 1536])",12,0,batch-64-nhid-0-inlayer-12,NORMAL,85.26,83.13,94.78,42.86,90.23,94.2,67.94,79.77142857142857
1317,allmpnet,MAX+AVG-NS_SUM-3-11,two-tokens,MAX+AVG-NS,SUM-3-11,4,"torch.Size([61, 1536])",12,0,batch-64-nhid-0-inlayer-12,NORMAL,84.48,87.97,94.74,88.67,91.16,93.4,72.41,87.54714285714284
1318,allmpnet,MAX+SUM-NS_SUM-3-11,two-tokens,MAX+SUM-NS,SUM-3-11,4,"torch.Size([61, 1536])",12,0,batch-64-nhid-0-inlayer-12,NORMAL,84.38,87.31,94.56,88.39,90.94,93.4,68.06,86.72
1319,allmpnet,MAX+MAX-NS_SUM-3-11,two-tokens,MAX+MAX-NS,SUM-3-11,4,"torch.Size([61, 1536])",12,0,batch-64-nhid-0-inlayer-12,NORMAL,83.12,65.98,93.64,31.75,50.08,92.2,69.68,69.49285714285715
1320,allmpnet,AVG-NS+SUM-NS_SUM-3-11,two-tokens,AVG-NS+SUM-NS,SUM-3-11,4,"torch.Size([61, 1536])",12,0,batch-64-nhid-0-inlayer-12,NORMAL,84.54,86.86,94.37,88.06,90.72,91.2,67.94,86.24142857142859
1321,allmpnet,AVG-NS+MAX-NS_SUM-3-11,two-tokens,AVG-NS+MAX-NS,SUM-3-11,4,"torch.Size([61, 1536])",12,0,batch-64-nhid-0-inlayer-12,NORMAL,83.95,65.88,94.58,35.5,50.08,89.6,70.84,70.06142857142856
1322,allmpnet,SUM-NS+MAX-NS_SUM-3-11,two-tokens,SUM-NS+MAX-NS,SUM-3-11,4,"torch.Size([61, 1536])",12,0,batch-64-nhid-0-inlayer-12,NORMAL,84.43,85.35,94.53,46.61,50.08,91.6,68.0,74.37142857142858
1323,allmpnet,CLS+AVG_SUM-4-12,two-tokens,CLS+AVG,SUM-4-12,4,"torch.Size([61, 1536])",12,0,batch-64-nhid-0-inlayer-12,NORMAL,85.65,90.99,96.01,90.31,91.71,95.6,75.13,89.34285714285714
1324,allmpnet,CLS+SUM_SUM-4-12,two-tokens,CLS+SUM,SUM-4-12,4,"torch.Size([61, 1536])",12,0,batch-64-nhid-0-inlayer-12,NORMAL,85.43,88.29,94.72,89.48,91.1,94.2,69.22,87.4914285714286
1325,allmpnet,CLS+MAX_SUM-4-12,two-tokens,CLS+MAX,SUM-4-12,4,"torch.Size([61, 1536])",12,0,batch-64-nhid-0-inlayer-12,NORMAL,84.54,88.37,94.78,89.21,91.05,93.6,71.3,87.55
1326,allmpnet,CLS+AVG-NS_SUM-4-12,two-tokens,CLS+AVG-NS,SUM-4-12,4,"torch.Size([61, 1536])",12,0,batch-64-nhid-0-inlayer-12,NORMAL,85.53,89.8,96.01,89.56,91.93,92.2,73.22,88.32142857142857
1327,allmpnet,CLS+SUM-NS_SUM-4-12,two-tokens,CLS+SUM-NS,SUM-4-12,4,"torch.Size([61, 1536])",12,0,batch-64-nhid-0-inlayer-12,NORMAL,84.96,86.73,94.62,89.05,90.83,91.4,68.7,86.61285714285715
1328,allmpnet,CLS+MAX-NS_SUM-4-12,two-tokens,CLS+MAX-NS,SUM-4-12,4,"torch.Size([61, 1536])",12,0,batch-64-nhid-0-inlayer-12,NORMAL,84.42,69.3,94.49,35.5,50.08,90.0,71.13,70.70285714285714
1329,allmpnet,AVG+SUM_SUM-4-12,two-tokens,AVG+SUM,SUM-4-12,4,"torch.Size([61, 1536])",12,0,batch-64-nhid-0-inlayer-12,NORMAL,85.26,88.27,94.72,89.59,90.83,94.2,68.46,87.33285714285715
1330,allmpnet,AVG+MAX_SUM-4-12,two-tokens,AVG+MAX,SUM-4-12,4,"torch.Size([61, 1536])",12,0,batch-64-nhid-0-inlayer-12,NORMAL,84.87,88.85,94.81,89.42,91.49,94.8,73.33,88.22428571428573
1331,allmpnet,AVG+AVG-NS_SUM-4-12,two-tokens,AVG+AVG-NS,SUM-4-12,4,"torch.Size([61, 1536])",12,0,batch-64-nhid-0-inlayer-12,NORMAL,85.44,90.04,95.55,89.11,91.1,95.0,73.16,88.48571428571428
1332,allmpnet,AVG+SUM-NS_SUM-4-12,two-tokens,AVG+SUM-NS,SUM-4-12,4,"torch.Size([61, 1536])",12,0,batch-64-nhid-0-inlayer-12,NORMAL,85.05,87.26,94.63,89.22,90.94,91.8,68.41,86.75857142857141
1333,allmpnet,AVG+MAX-NS_SUM-4-12,two-tokens,AVG+MAX-NS,SUM-4-12,4,"torch.Size([61, 1536])",12,0,batch-64-nhid-0-inlayer-12,NORMAL,84.49,70.04,94.91,35.5,50.08,92.2,71.94,71.30857142857143
1334,allmpnet,SUM+MAX_SUM-4-12,two-tokens,SUM+MAX,SUM-4-12,4,"torch.Size([61, 1536])",12,0,batch-64-nhid-0-inlayer-12,NORMAL,85.23,88.56,94.68,88.77,91.16,94.0,68.7,87.3
1335,allmpnet,SUM+AVG-NS_SUM-4-12,two-tokens,SUM+AVG-NS,SUM-4-12,4,"torch.Size([61, 1536])",12,0,batch-64-nhid-0-inlayer-12,NORMAL,85.41,88.42,94.69,88.82,90.61,94.2,69.22,87.33857142857143
1336,allmpnet,SUM+SUM-NS_SUM-4-12,two-tokens,SUM+SUM-NS,SUM-4-12,4,"torch.Size([61, 1536])",12,0,batch-64-nhid-0-inlayer-12,NORMAL,84.57,88.9,94.78,88.71,90.55,95.2,69.28,87.42714285714285
1337,allmpnet,SUM+MAX-NS_SUM-4-12,two-tokens,SUM+MAX-NS,SUM-4-12,4,"torch.Size([61, 1536])",12,0,batch-64-nhid-0-inlayer-12,NORMAL,85.31,84.9,94.66,42.86,90.17,93.8,68.29,79.99857142857142
1338,allmpnet,MAX+AVG-NS_SUM-4-12,two-tokens,MAX+AVG-NS,SUM-4-12,4,"torch.Size([61, 1536])",12,0,batch-64-nhid-0-inlayer-12,NORMAL,84.52,88.64,94.67,89.11,91.54,93.6,72.06,87.73428571428573
1339,allmpnet,MAX+SUM-NS_SUM-4-12,two-tokens,MAX+SUM-NS,SUM-4-12,4,"torch.Size([61, 1536])",12,0,batch-64-nhid-0-inlayer-12,NORMAL,85.05,87.44,94.67,88.27,90.39,93.0,68.99,86.83
1340,allmpnet,MAX+MAX-NS_SUM-4-12,two-tokens,MAX+MAX-NS,SUM-4-12,4,"torch.Size([61, 1536])",12,0,batch-64-nhid-0-inlayer-12,NORMAL,83.39,69.4,93.7,35.5,50.08,92.4,70.84,70.75857142857144
1341,allmpnet,AVG-NS+SUM-NS_SUM-4-12,two-tokens,AVG-NS+SUM-NS,SUM-4-12,4,"torch.Size([61, 1536])",12,0,batch-64-nhid-0-inlayer-12,NORMAL,84.99,87.05,94.43,88.02,90.66,91.0,68.93,86.43999999999998
1342,allmpnet,AVG-NS+MAX-NS_SUM-4-12,two-tokens,AVG-NS+MAX-NS,SUM-4-12,4,"torch.Size([61, 1536])",12,0,batch-64-nhid-0-inlayer-12,NORMAL,84.18,69.69,94.71,35.5,50.08,88.8,71.83,70.6842857142857
1343,allmpnet,SUM-NS+MAX-NS_SUM-4-12,two-tokens,SUM-NS+MAX-NS,SUM-4-12,4,"torch.Size([61, 1536])",12,0,batch-64-nhid-0-inlayer-12,NORMAL,84.76,81.64,94.51,46.61,50.08,92.4,69.16,74.16571428571429
1344,allmpnet,CLS+AVG_SUM-1-10,two-tokens,CLS+AVG,SUM-1-10,4,"torch.Size([61, 1536])",12,0,batch-64-nhid-0-inlayer-12,NORMAL,85.62,91.15,96.14,90.59,91.32,94.6,75.42,89.26285714285713
1345,allmpnet,CLS+SUM_SUM-1-10,two-tokens,CLS+SUM,SUM-1-10,4,"torch.Size([61, 1536])",12,0,batch-64-nhid-0-inlayer-12,NORMAL,85.02,88.48,94.57,89.63,90.28,94.2,67.19,87.05285714285716
1346,allmpnet,CLS+MAX_SUM-1-10,two-tokens,CLS+MAX,SUM-1-10,4,"torch.Size([61, 1536])",12,0,batch-64-nhid-0-inlayer-12,NORMAL,84.56,87.26,94.72,89.33,89.84,91.8,70.84,86.90714285714284
1347,allmpnet,CLS+AVG-NS_SUM-1-10,two-tokens,CLS+AVG-NS,SUM-1-10,4,"torch.Size([61, 1536])",12,0,batch-64-nhid-0-inlayer-12,NORMAL,85.34,89.86,95.95,89.54,91.38,91.2,72.41,87.9542857142857
1348,allmpnet,CLS+SUM-NS_SUM-1-10,two-tokens,CLS+SUM-NS,SUM-1-10,4,"torch.Size([61, 1536])",12,0,batch-64-nhid-0-inlayer-12,NORMAL,84.18,86.54,94.39,88.91,89.9,89.2,67.54,85.80857142857143
1349,allmpnet,CLS+MAX-NS_SUM-1-10,two-tokens,CLS+MAX-NS,SUM-1-10,4,"torch.Size([61, 1536])",12,0,batch-64-nhid-0-inlayer-12,NORMAL,83.96,67.5,94.67,35.5,50.08,88.4,68.87,69.85428571428572
1350,allmpnet,AVG+SUM_SUM-1-10,two-tokens,AVG+SUM,SUM-1-10,4,"torch.Size([61, 1536])",12,0,batch-64-nhid-0-inlayer-12,NORMAL,85.0,88.11,94.73,89.69,90.55,93.6,67.07,86.96428571428571
1351,allmpnet,AVG+MAX_SUM-1-10,two-tokens,AVG+MAX,SUM-1-10,4,"torch.Size([61, 1536])",12,0,batch-64-nhid-0-inlayer-12,NORMAL,84.68,88.85,94.87,88.84,91.05,94.2,72.35,87.83428571428571
1352,allmpnet,AVG+AVG-NS_SUM-1-10,two-tokens,AVG+AVG-NS,SUM-1-10,4,"torch.Size([61, 1536])",12,0,batch-64-nhid-0-inlayer-12,NORMAL,84.88,89.27,95.73,89.4,91.32,93.8,73.22,88.23142857142857
1353,allmpnet,AVG+SUM-NS_SUM-1-10,two-tokens,AVG+SUM-NS,SUM-1-10,4,"torch.Size([61, 1536])",12,0,batch-64-nhid-0-inlayer-12,NORMAL,84.2,86.65,94.37,89.19,90.55,90.8,67.36,86.16
1354,allmpnet,AVG+MAX-NS_SUM-1-10,two-tokens,AVG+MAX-NS,SUM-1-10,4,"torch.Size([61, 1536])",12,0,batch-64-nhid-0-inlayer-12,NORMAL,84.84,66.28,95.04,35.5,50.08,91.0,70.78,70.50285714285714
1355,allmpnet,SUM+MAX_SUM-1-10,two-tokens,SUM+MAX,SUM-1-10,4,"torch.Size([61, 1536])",12,0,batch-64-nhid-0-inlayer-12,NORMAL,84.8,88.48,95.04,89.0,90.39,93.8,67.07,86.93999999999998
1356,allmpnet,SUM+AVG-NS_SUM-1-10,two-tokens,SUM+AVG-NS,SUM-1-10,4,"torch.Size([61, 1536])",12,0,batch-64-nhid-0-inlayer-12,NORMAL,85.06,88.34,94.7,89.1,90.66,93.8,66.84,86.92857142857143
1357,allmpnet,SUM+SUM-NS_SUM-1-10,two-tokens,SUM+SUM-NS,SUM-1-10,4,"torch.Size([61, 1536])",12,0,batch-64-nhid-0-inlayer-12,NORMAL,84.57,88.32,95.15,89.07,90.12,94.4,67.65,87.03999999999999
1358,allmpnet,SUM+MAX-NS_SUM-1-10,two-tokens,SUM+MAX-NS,SUM-1-10,4,"torch.Size([61, 1536])",12,0,batch-64-nhid-0-inlayer-12,NORMAL,84.63,78.97,94.95,42.86,86.82,94.4,68.0,78.66142857142857
1359,allmpnet,MAX+AVG-NS_SUM-1-10,two-tokens,MAX+AVG-NS,SUM-1-10,4,"torch.Size([61, 1536])",12,0,batch-64-nhid-0-inlayer-12,NORMAL,84.01,87.81,94.67,88.13,90.99,92.8,71.59,87.14285714285714
1360,allmpnet,MAX+SUM-NS_SUM-1-10,two-tokens,MAX+SUM-NS,SUM-1-10,4,"torch.Size([61, 1536])",12,0,batch-64-nhid-0-inlayer-12,NORMAL,83.98,86.99,94.53,87.97,90.39,91.8,67.65,86.18714285714285
1361,allmpnet,MAX+MAX-NS_SUM-1-10,two-tokens,MAX+MAX-NS,SUM-1-10,4,"torch.Size([61, 1536])",12,0,batch-64-nhid-0-inlayer-12,NORMAL,82.79,66.06,93.35,35.44,50.08,93.0,69.39,70.01571428571428
1362,allmpnet,AVG-NS+SUM-NS_SUM-1-10,two-tokens,AVG-NS+SUM-NS,SUM-1-10,4,"torch.Size([61, 1536])",12,0,batch-64-nhid-0-inlayer-12,NORMAL,84.0,86.65,94.44,88.34,90.61,89.6,66.96,85.80000000000003
1363,allmpnet,AVG-NS+MAX-NS_SUM-1-10,two-tokens,AVG-NS+MAX-NS,SUM-1-10,4,"torch.Size([61, 1536])",12,0,batch-64-nhid-0-inlayer-12,NORMAL,83.76,69.4,94.5,35.5,50.08,89.4,70.61,70.46428571428571
1364,allmpnet,SUM-NS+MAX-NS_SUM-1-10,two-tokens,SUM-NS+MAX-NS,SUM-1-10,4,"torch.Size([61, 1536])",12,0,batch-64-nhid-0-inlayer-12,NORMAL,83.76,85.06,94.49,46.61,50.08,91.0,67.42,74.05999999999999
1365,allmpnet,CLS+AVG_SUM-2-11,two-tokens,CLS+AVG,SUM-2-11,4,"torch.Size([61, 1536])",12,0,batch-64-nhid-0-inlayer-12,NORMAL,85.62,90.78,96.1,90.35,91.6,94.4,75.48,89.19000000000001
1366,allmpnet,CLS+SUM_SUM-2-11,two-tokens,CLS+SUM,SUM-2-11,4,"torch.Size([61, 1536])",12,0,batch-64-nhid-0-inlayer-12,NORMAL,85.37,88.24,94.77,89.73,90.55,94.0,67.48,87.16285714285716
1367,allmpnet,CLS+MAX_SUM-2-11,two-tokens,CLS+MAX,SUM-2-11,4,"torch.Size([61, 1536])",12,0,batch-64-nhid-0-inlayer-12,NORMAL,84.6,87.52,94.99,89.38,90.39,92.8,70.78,87.20857142857142
1368,allmpnet,CLS+AVG-NS_SUM-2-11,two-tokens,CLS+AVG-NS,SUM-2-11,4,"torch.Size([61, 1536])",12,0,batch-64-nhid-0-inlayer-12,NORMAL,85.33,89.78,95.9,89.52,91.98,91.0,72.46,87.99571428571429
1369,allmpnet,CLS+SUM-NS_SUM-2-11,two-tokens,CLS+SUM-NS,SUM-2-11,4,"torch.Size([61, 1536])",12,0,batch-64-nhid-0-inlayer-12,NORMAL,84.67,87.15,94.44,88.9,90.28,90.0,68.75,86.31285714285714
1370,allmpnet,CLS+MAX-NS_SUM-2-11,two-tokens,CLS+MAX-NS,SUM-2-11,4,"torch.Size([61, 1536])",12,0,batch-64-nhid-0-inlayer-12,NORMAL,84.46,69.24,94.64,35.5,50.08,90.0,69.04,70.42285714285714
1371,allmpnet,AVG+SUM_SUM-2-11,two-tokens,AVG+SUM,SUM-2-11,4,"torch.Size([61, 1536])",12,0,batch-64-nhid-0-inlayer-12,NORMAL,85.25,88.27,94.65,89.59,90.61,93.0,67.3,86.95285714285714
1372,allmpnet,AVG+MAX_SUM-2-11,two-tokens,AVG+MAX,SUM-2-11,4,"torch.Size([61, 1536])",12,0,batch-64-nhid-0-inlayer-12,NORMAL,84.94,88.61,95.02,89.21,91.6,94.6,72.29,88.03857142857143
1373,allmpnet,AVG+AVG-NS_SUM-2-11,two-tokens,AVG+AVG-NS,SUM-2-11,4,"torch.Size([61, 1536])",12,0,batch-64-nhid-0-inlayer-12,NORMAL,85.33,89.48,95.51,89.48,91.71,94.2,72.17,88.26857142857143
1374,allmpnet,AVG+SUM-NS_SUM-2-11,two-tokens,AVG+SUM-NS,SUM-2-11,4,"torch.Size([61, 1536])",12,0,batch-64-nhid-0-inlayer-12,NORMAL,84.57,87.31,94.41,89.22,90.83,90.8,68.12,86.46571428571428
1375,allmpnet,AVG+MAX-NS_SUM-2-11,two-tokens,AVG+MAX-NS,SUM-2-11,4,"torch.Size([61, 1536])",12,0,batch-64-nhid-0-inlayer-12,NORMAL,84.94,67.6,95.02,35.5,50.08,92.0,71.94,71.01142857142857
1376,allmpnet,SUM+MAX_SUM-2-11,two-tokens,SUM+MAX,SUM-2-11,4,"torch.Size([61, 1536])",12,0,batch-64-nhid-0-inlayer-12,NORMAL,85.13,88.69,94.83,89.13,90.55,92.6,67.54,86.9242857142857
1377,allmpnet,SUM+AVG-NS_SUM-2-11,two-tokens,SUM+AVG-NS,SUM-2-11,4,"torch.Size([61, 1536])",12,0,batch-64-nhid-0-inlayer-12,NORMAL,85.38,88.48,94.79,89.08,91.21,94.8,66.9,87.23428571428572
1378,allmpnet,SUM+SUM-NS_SUM-2-11,two-tokens,SUM+SUM-NS,SUM-2-11,4,"torch.Size([61, 1536])",12,0,batch-64-nhid-0-inlayer-12,NORMAL,84.42,88.85,95.02,88.94,90.01,95.2,68.12,87.22285714285714
1379,allmpnet,SUM+MAX-NS_SUM-2-11,two-tokens,SUM+MAX-NS,SUM-2-11,4,"torch.Size([61, 1536])",12,0,batch-64-nhid-0-inlayer-12,NORMAL,85.07,84.96,94.81,43.08,89.24,93.8,67.36,79.75999999999999
1380,allmpnet,MAX+AVG-NS_SUM-2-11,two-tokens,MAX+AVG-NS,SUM-2-11,4,"torch.Size([61, 1536])",12,0,batch-64-nhid-0-inlayer-12,NORMAL,84.34,87.9,94.88,88.66,90.88,94.4,71.94,87.57142857142857
1381,allmpnet,MAX+SUM-NS_SUM-2-11,two-tokens,MAX+SUM-NS,SUM-2-11,4,"torch.Size([61, 1536])",12,0,batch-64-nhid-0-inlayer-12,NORMAL,84.27,87.73,94.48,88.46,90.55,92.4,68.52,86.63
1382,allmpnet,MAX+MAX-NS_SUM-2-11,two-tokens,MAX+MAX-NS,SUM-2-11,4,"torch.Size([61, 1536])",12,0,batch-64-nhid-0-inlayer-12,NORMAL,83.21,67.7,93.79,35.44,50.08,93.2,68.99,70.3442857142857
1383,allmpnet,AVG-NS+SUM-NS_SUM-2-11,two-tokens,AVG-NS+SUM-NS,SUM-2-11,4,"torch.Size([61, 1536])",12,0,batch-64-nhid-0-inlayer-12,NORMAL,84.39,87.02,94.41,88.16,90.83,90.2,68.12,86.16142857142857
1384,allmpnet,AVG-NS+MAX-NS_SUM-2-11,two-tokens,AVG-NS+MAX-NS,SUM-2-11,4,"torch.Size([61, 1536])",12,0,batch-64-nhid-0-inlayer-12,NORMAL,84.16,69.61,94.61,35.5,50.08,90.4,71.71,70.86714285714285
1385,allmpnet,SUM-NS+MAX-NS_SUM-2-11,two-tokens,SUM-NS+MAX-NS,SUM-2-11,4,"torch.Size([61, 1536])",12,0,batch-64-nhid-0-inlayer-12,NORMAL,83.98,83.36,94.46,46.61,50.08,91.4,68.06,73.99285714285715
1386,allmpnet,CLS+AVG_SUM-3-12,two-tokens,CLS+AVG,SUM-3-12,4,"torch.Size([61, 1536])",12,0,batch-64-nhid-0-inlayer-12,NORMAL,85.74,90.91,96.04,90.32,91.76,94.6,74.61,89.14
1387,allmpnet,CLS+SUM_SUM-3-12,two-tokens,CLS+SUM,SUM-3-12,4,"torch.Size([61, 1536])",12,0,batch-64-nhid-0-inlayer-12,NORMAL,85.41,88.34,94.7,89.68,90.83,94.4,68.75,87.44428571428571
1388,allmpnet,CLS+MAX_SUM-3-12,two-tokens,CLS+MAX,SUM-3-12,4,"torch.Size([61, 1536])",12,0,batch-64-nhid-0-inlayer-12,NORMAL,84.58,88.27,94.8,89.12,90.44,93.2,70.96,87.33857142857143
1389,allmpnet,CLS+AVG-NS_SUM-3-12,two-tokens,CLS+AVG-NS,SUM-3-12,4,"torch.Size([61, 1536])",12,0,batch-64-nhid-0-inlayer-12,NORMAL,85.43,89.75,95.92,89.42,91.98,92.0,72.99,88.21285714285715
1390,allmpnet,CLS+SUM-NS_SUM-3-12,two-tokens,CLS+SUM-NS,SUM-3-12,4,"torch.Size([61, 1536])",12,0,batch-64-nhid-0-inlayer-12,NORMAL,84.87,86.57,94.52,89.12,90.39,90.6,68.17,86.31999999999998
1391,allmpnet,CLS+MAX-NS_SUM-3-12,two-tokens,CLS+MAX-NS,SUM-3-12,4,"torch.Size([61, 1536])",12,0,batch-64-nhid-0-inlayer-12,NORMAL,84.06,66.12,94.67,35.5,50.08,91.2,71.42,70.43571428571428
1392,allmpnet,AVG+SUM_SUM-3-12,two-tokens,AVG+SUM,SUM-3-12,4,"torch.Size([61, 1536])",12,0,batch-64-nhid-0-inlayer-12,NORMAL,85.31,88.34,94.72,89.68,90.72,94.4,68.17,87.3342857142857
1393,allmpnet,AVG+MAX_SUM-3-12,two-tokens,AVG+MAX,SUM-3-12,4,"torch.Size([61, 1536])",12,0,batch-64-nhid-0-inlayer-12,NORMAL,84.7,88.9,94.81,89.23,91.43,94.4,71.48,87.85000000000001
1394,allmpnet,AVG+AVG-NS_SUM-3-12,two-tokens,AVG+AVG-NS,SUM-3-12,4,"torch.Size([61, 1536])",12,0,batch-64-nhid-0-inlayer-12,NORMAL,85.15,89.64,95.55,89.35,91.32,95.4,73.74,88.59285714285716
1395,allmpnet,AVG+SUM-NS_SUM-3-12,two-tokens,AVG+SUM-NS,SUM-3-12,4,"torch.Size([61, 1536])",12,0,batch-64-nhid-0-inlayer-12,NORMAL,85.01,86.57,94.43,89.16,90.61,91.8,68.35,86.56142857142856
1396,allmpnet,AVG+MAX-NS_SUM-3-12,two-tokens,AVG+MAX-NS,SUM-3-12,4,"torch.Size([61, 1536])",12,0,batch-64-nhid-0-inlayer-12,NORMAL,85.11,65.93,94.94,35.5,50.08,92.0,72.06,70.80285714285715
1397,allmpnet,SUM+MAX_SUM-3-12,two-tokens,SUM+MAX,SUM-3-12,4,"torch.Size([61, 1536])",12,0,batch-64-nhid-0-inlayer-12,NORMAL,85.42,88.32,94.69,88.84,91.16,93.6,68.41,87.20571428571428
1398,allmpnet,SUM+AVG-NS_SUM-3-12,two-tokens,SUM+AVG-NS,SUM-3-12,4,"torch.Size([61, 1536])",12,0,batch-64-nhid-0-inlayer-12,NORMAL,85.23,88.24,94.65,88.95,90.83,95.0,67.94,87.26285714285713
1399,allmpnet,SUM+SUM-NS_SUM-3-12,two-tokens,SUM+SUM-NS,SUM-3-12,4,"torch.Size([61, 1536])",12,0,batch-64-nhid-0-inlayer-12,NORMAL,84.58,89.09,94.75,88.96,90.17,95.0,68.35,87.27142857142857
1400,allmpnet,SUM+MAX-NS_SUM-3-12,two-tokens,SUM+MAX-NS,SUM-3-12,4,"torch.Size([61, 1536])",12,0,batch-64-nhid-0-inlayer-12,NORMAL,85.29,85.4,94.65,44.02,89.57,94.8,67.54,80.18142857142857
1401,allmpnet,MAX+AVG-NS_SUM-3-12,two-tokens,MAX+AVG-NS,SUM-3-12,4,"torch.Size([61, 1536])",12,0,batch-64-nhid-0-inlayer-12,NORMAL,84.26,88.21,94.83,88.68,91.27,93.6,72.12,87.56714285714285
1402,allmpnet,MAX+SUM-NS_SUM-3-12,two-tokens,MAX+SUM-NS,SUM-3-12,4,"torch.Size([61, 1536])",12,0,batch-64-nhid-0-inlayer-12,NORMAL,84.62,87.47,94.69,88.32,90.61,93.2,69.97,86.98285714285714
1403,allmpnet,MAX+MAX-NS_SUM-3-12,two-tokens,MAX+MAX-NS,SUM-3-12,4,"torch.Size([61, 1536])",12,0,batch-64-nhid-0-inlayer-12,NORMAL,83.41,65.93,93.77,31.75,50.08,93.0,69.33,69.61
1404,allmpnet,AVG-NS+SUM-NS_SUM-3-12,two-tokens,AVG-NS+SUM-NS,SUM-3-12,4,"torch.Size([61, 1536])",12,0,batch-64-nhid-0-inlayer-12,NORMAL,84.81,86.91,94.33,88.05,91.16,91.0,68.35,86.37285714285714
1405,allmpnet,AVG-NS+MAX-NS_SUM-3-12,two-tokens,AVG-NS+MAX-NS,SUM-3-12,4,"torch.Size([61, 1536])",12,0,batch-64-nhid-0-inlayer-12,NORMAL,84.34,69.59,94.5,35.5,50.08,90.4,71.48,70.84142857142857
1406,allmpnet,SUM-NS+MAX-NS_SUM-3-12,two-tokens,SUM-NS+MAX-NS,SUM-3-12,4,"torch.Size([61, 1536])",12,0,batch-64-nhid-0-inlayer-12,NORMAL,84.53,82.41,94.53,46.61,50.08,92.6,68.35,74.15857142857143
1407,allmpnet,CLS+AVG_SUM-1-11,two-tokens,CLS+AVG,SUM-1-11,4,"torch.Size([61, 1536])",12,0,batch-64-nhid-0-inlayer-12,NORMAL,85.84,90.68,96.15,90.71,92.15,94.8,75.19,89.36
1408,allmpnet,CLS+SUM_SUM-1-11,two-tokens,CLS+SUM,SUM-1-11,4,"torch.Size([61, 1536])",12,0,batch-64-nhid-0-inlayer-12,NORMAL,85.17,88.18,94.71,89.66,90.55,93.8,66.61,86.95428571428572
1409,allmpnet,CLS+MAX_SUM-1-11,two-tokens,CLS+MAX,SUM-1-11,4,"torch.Size([61, 1536])",12,0,batch-64-nhid-0-inlayer-12,NORMAL,84.44,87.47,94.84,89.38,90.06,93.0,70.49,87.09714285714287
1410,allmpnet,CLS+AVG-NS_SUM-1-11,two-tokens,CLS+AVG-NS,SUM-1-11,4,"torch.Size([61, 1536])",12,0,batch-64-nhid-0-inlayer-12,NORMAL,85.37,90.09,95.88,89.52,91.65,90.8,72.41,87.96
1411,allmpnet,CLS+SUM-NS_SUM-1-11,two-tokens,CLS+SUM-NS,SUM-1-11,4,"torch.Size([61, 1536])",12,0,batch-64-nhid-0-inlayer-12,NORMAL,84.5,86.83,94.55,89.01,90.06,89.4,68.0,86.05
1412,allmpnet,CLS+MAX-NS_SUM-1-11,two-tokens,CLS+MAX-NS,SUM-1-11,4,"torch.Size([61, 1536])",12,0,batch-64-nhid-0-inlayer-12,NORMAL,84.15,66.06,94.54,35.5,50.08,90.0,69.16,69.92714285714285
1413,allmpnet,AVG+SUM_SUM-1-11,two-tokens,AVG+SUM,SUM-1-11,4,"torch.Size([61, 1536])",12,0,batch-64-nhid-0-inlayer-12,NORMAL,85.16,88.4,94.78,89.52,90.5,94.6,67.07,87.14714285714285
1414,allmpnet,AVG+MAX_SUM-1-11,two-tokens,AVG+MAX,SUM-1-11,4,"torch.Size([61, 1536])",12,0,batch-64-nhid-0-inlayer-12,NORMAL,84.68,88.8,94.9,88.91,91.32,94.8,71.83,87.89142857142858
1415,allmpnet,AVG+AVG-NS_SUM-1-11,two-tokens,AVG+AVG-NS,SUM-1-11,4,"torch.Size([61, 1536])",12,0,batch-64-nhid-0-inlayer-12,NORMAL,85.01,89.35,95.58,89.38,91.38,93.6,72.58,88.12571428571428
1416,allmpnet,AVG+SUM-NS_SUM-1-11,two-tokens,AVG+SUM-NS,SUM-1-11,4,"torch.Size([61, 1536])",12,0,batch-64-nhid-0-inlayer-12,NORMAL,84.47,87.2,94.36,89.12,90.66,90.0,68.35,86.30857142857144
1417,allmpnet,AVG+MAX-NS_SUM-1-11,two-tokens,AVG+MAX-NS,SUM-1-11,4,"torch.Size([61, 1536])",12,0,batch-64-nhid-0-inlayer-12,NORMAL,84.54,69.77,95.03,35.5,50.08,93.8,70.49,71.3157142857143
1418,allmpnet,SUM+MAX_SUM-1-11,two-tokens,SUM+MAX,SUM-1-11,4,"torch.Size([61, 1536])",12,0,batch-64-nhid-0-inlayer-12,NORMAL,84.98,88.4,94.92,89.09,90.61,94.0,67.54,87.07714285714285
1419,allmpnet,SUM+AVG-NS_SUM-1-11,two-tokens,SUM+AVG-NS,SUM-1-11,4,"torch.Size([61, 1536])",12,0,batch-64-nhid-0-inlayer-12,NORMAL,85.22,88.16,94.86,89.13,90.94,93.6,66.2,86.87285714285714
1420,allmpnet,SUM+SUM-NS_SUM-1-11,two-tokens,SUM+SUM-NS,SUM-1-11,4,"torch.Size([61, 1536])",12,0,batch-64-nhid-0-inlayer-12,NORMAL,84.44,88.85,94.98,89.04,90.28,94.4,67.48,87.06714285714285
1421,allmpnet,SUM+MAX-NS_SUM-1-11,two-tokens,SUM+MAX-NS,SUM-1-11,4,"torch.Size([61, 1536])",12,0,batch-64-nhid-0-inlayer-12,NORMAL,84.97,87.42,94.82,42.86,89.57,94.8,67.59,80.28999999999999
1422,allmpnet,MAX+AVG-NS_SUM-1-11,two-tokens,MAX+AVG-NS,SUM-1-11,4,"torch.Size([61, 1536])",12,0,batch-64-nhid-0-inlayer-12,NORMAL,84.33,87.89,94.75,88.37,90.88,92.6,71.36,87.16857142857144
1423,allmpnet,MAX+SUM-NS_SUM-1-11,two-tokens,MAX+SUM-NS,SUM-1-11,4,"torch.Size([61, 1536])",12,0,batch-64-nhid-0-inlayer-12,NORMAL,84.34,87.26,94.58,88.24,90.39,92.0,68.06,86.40999999999998
1424,allmpnet,MAX+MAX-NS_SUM-1-11,two-tokens,MAX+MAX-NS,SUM-1-11,4,"torch.Size([61, 1536])",12,0,batch-64-nhid-0-inlayer-12,NORMAL,83.23,66.01,93.43,46.61,50.08,93.2,70.67,71.89
1425,allmpnet,AVG-NS+SUM-NS_SUM-1-11,two-tokens,AVG-NS+SUM-NS,SUM-1-11,4,"torch.Size([61, 1536])",12,0,batch-64-nhid-0-inlayer-12,NORMAL,84.28,87.13,94.5,88.24,90.55,90.0,68.06,86.10857142857142
1426,allmpnet,AVG-NS+MAX-NS_SUM-1-11,two-tokens,AVG-NS+MAX-NS,SUM-1-11,4,"torch.Size([61, 1536])",12,0,batch-64-nhid-0-inlayer-12,NORMAL,84.12,67.97,94.45,35.5,50.08,90.4,70.2,70.38857142857142
1427,allmpnet,SUM-NS+MAX-NS_SUM-1-11,two-tokens,SUM-NS+MAX-NS,SUM-1-11,4,"torch.Size([61, 1536])",12,0,batch-64-nhid-0-inlayer-12,NORMAL,83.95,81.53,94.52,46.61,50.08,90.2,68.17,73.58
1428,allmpnet,CLS+AVG_SUM-2-12,two-tokens,CLS+AVG,SUM-2-12,4,"torch.Size([61, 1536])",12,0,batch-64-nhid-0-inlayer-12,NORMAL,85.43,90.89,96.01,90.33,91.71,94.0,74.67,89.00571428571426
1429,allmpnet,CLS+SUM_SUM-2-12,two-tokens,CLS+SUM,SUM-2-12,4,"torch.Size([61, 1536])",12,0,batch-64-nhid-0-inlayer-12,NORMAL,84.97,88.13,94.61,89.56,90.44,94.4,67.88,87.14142857142858
1430,allmpnet,CLS+MAX_SUM-2-12,two-tokens,CLS+MAX,SUM-2-12,4,"torch.Size([61, 1536])",12,0,batch-64-nhid-0-inlayer-12,NORMAL,84.86,88.13,94.88,89.32,90.66,93.2,71.83,87.55428571428573
1431,allmpnet,CLS+AVG-NS_SUM-2-12,two-tokens,CLS+AVG-NS,SUM-2-12,4,"torch.Size([61, 1536])",12,0,batch-64-nhid-0-inlayer-12,NORMAL,85.55,89.8,95.9,89.55,91.87,91.8,72.87,88.19142857142857
1432,allmpnet,CLS+SUM-NS_SUM-2-12,two-tokens,CLS+SUM-NS,SUM-2-12,4,"torch.Size([61, 1536])",12,0,batch-64-nhid-0-inlayer-12,NORMAL,84.81,86.44,94.34,88.96,90.33,89.2,68.41,86.07000000000001
1433,allmpnet,CLS+MAX-NS_SUM-2-12,two-tokens,CLS+MAX-NS,SUM-2-12,4,"torch.Size([61, 1536])",12,0,batch-64-nhid-0-inlayer-12,NORMAL,84.42,66.04,94.67,35.5,50.08,90.4,70.14,70.17857142857143
1434,allmpnet,AVG+SUM_SUM-2-12,two-tokens,AVG+SUM,SUM-2-12,4,"torch.Size([61, 1536])",12,0,batch-64-nhid-0-inlayer-12,NORMAL,85.09,88.16,94.6,89.54,90.88,94.4,66.84,87.07285714285716
1435,allmpnet,AVG+MAX_SUM-2-12,two-tokens,AVG+MAX,SUM-2-12,4,"torch.Size([61, 1536])",12,0,batch-64-nhid-0-inlayer-12,NORMAL,84.64,88.79,95.04,88.94,91.16,94.6,72.17,87.9057142857143
1436,allmpnet,AVG+AVG-NS_SUM-2-12,two-tokens,AVG+AVG-NS,SUM-2-12,4,"torch.Size([61, 1536])",12,0,batch-64-nhid-0-inlayer-12,NORMAL,85.12,89.56,95.39,89.54,91.54,94.6,73.39,88.44857142857143
1437,allmpnet,AVG+SUM-NS_SUM-2-12,two-tokens,AVG+SUM-NS,SUM-2-12,4,"torch.Size([61, 1536])",12,0,batch-64-nhid-0-inlayer-12,NORMAL,84.75,86.76,94.44,89.19,90.72,90.6,67.42,86.26857142857143
1438,allmpnet,AVG+MAX-NS_SUM-2-12,two-tokens,AVG+MAX-NS,SUM-2-12,4,"torch.Size([61, 1536])",12,0,batch-64-nhid-0-inlayer-12,NORMAL,84.89,66.25,94.97,35.5,50.08,92.2,72.35,70.89142857142858
1439,allmpnet,SUM+MAX_SUM-2-12,two-tokens,SUM+MAX,SUM-2-12,4,"torch.Size([61, 1536])",12,0,batch-64-nhid-0-inlayer-12,NORMAL,85.11,88.56,94.61,88.82,90.94,93.8,67.3,87.02
1440,allmpnet,SUM+AVG-NS_SUM-2-12,two-tokens,SUM+AVG-NS,SUM-2-12,4,"torch.Size([61, 1536])",12,0,batch-64-nhid-0-inlayer-12,NORMAL,85.04,88.37,94.59,89.21,90.99,94.6,67.65,87.20714285714284
1441,allmpnet,SUM+SUM-NS_SUM-2-12,two-tokens,SUM+SUM-NS,SUM-2-12,4,"torch.Size([61, 1536])",12,0,batch-64-nhid-0-inlayer-12,NORMAL,84.37,88.64,94.74,88.9,90.28,94.6,68.06,87.0842857142857
1442,allmpnet,SUM+MAX-NS_SUM-2-12,two-tokens,SUM+MAX-NS,SUM-2-12,4,"torch.Size([61, 1536])",12,0,batch-64-nhid-0-inlayer-12,NORMAL,85.01,82.78,94.65,42.86,89.84,94.2,68.23,79.65285714285714
1443,allmpnet,MAX+AVG-NS_SUM-2-12,two-tokens,MAX+AVG-NS,SUM-2-12,4,"torch.Size([61, 1536])",12,0,batch-64-nhid-0-inlayer-12,NORMAL,84.45,87.95,94.82,88.61,91.1,93.8,70.55,87.32571428571428
1444,allmpnet,MAX+SUM-NS_SUM-2-12,two-tokens,MAX+SUM-NS,SUM-2-12,4,"torch.Size([61, 1536])",12,0,batch-64-nhid-0-inlayer-12,NORMAL,84.15,87.5,94.57,88.4,90.39,92.8,68.17,86.56857142857142
1445,allmpnet,MAX+MAX-NS_SUM-2-12,two-tokens,MAX+MAX-NS,SUM-2-12,4,"torch.Size([61, 1536])",12,0,batch-64-nhid-0-inlayer-12,NORMAL,83.19,66.04,93.56,46.61,50.08,93.4,70.09,71.85285714285715
1446,allmpnet,AVG-NS+SUM-NS_SUM-2-12,two-tokens,AVG-NS+SUM-NS,SUM-2-12,4,"torch.Size([61, 1536])",12,0,batch-64-nhid-0-inlayer-12,NORMAL,84.63,86.84,94.41,88.24,90.94,91.2,68.46,86.38857142857144
1447,allmpnet,AVG-NS+MAX-NS_SUM-2-12,two-tokens,AVG-NS+MAX-NS,SUM-2-12,4,"torch.Size([61, 1536])",12,0,batch-64-nhid-0-inlayer-12,NORMAL,84.1,66.01,94.64,35.5,50.08,90.2,70.9,70.2042857142857
1448,allmpnet,SUM-NS+MAX-NS_SUM-2-12,two-tokens,SUM-NS+MAX-NS,SUM-2-12,4,"torch.Size([61, 1536])",12,0,batch-64-nhid-0-inlayer-12,NORMAL,84.41,82.25,94.46,46.61,86.27,91.6,68.52,79.16
1449,allmpnet,CLS+AVG_SUM-1-12,two-tokens,CLS+AVG,SUM-1-12,4,"torch.Size([61, 1536])",12,0,batch-64-nhid-0-inlayer-12,NORMAL,85.53,90.6,96.04,90.41,92.09,94.2,74.84,89.1014285714286
1450,allmpnet,CLS+SUM_SUM-1-12,two-tokens,CLS+SUM,SUM-1-12,4,"torch.Size([61, 1536])",12,0,batch-64-nhid-0-inlayer-12,NORMAL,85.17,88.18,94.65,89.58,90.77,94.2,68.23,87.25428571428571
1451,allmpnet,CLS+MAX_SUM-1-12,two-tokens,CLS+MAX,SUM-1-12,4,"torch.Size([61, 1536])",12,0,batch-64-nhid-0-inlayer-12,NORMAL,84.76,88.03,94.89,89.38,90.12,93.0,70.09,87.18142857142858
1452,allmpnet,CLS+AVG-NS_SUM-1-12,two-tokens,CLS+AVG-NS,SUM-1-12,4,"torch.Size([61, 1536])",12,0,batch-64-nhid-0-inlayer-12,NORMAL,85.39,89.75,95.98,89.49,91.71,91.8,72.7,88.11714285714287
1453,allmpnet,CLS+SUM-NS_SUM-1-12,two-tokens,CLS+SUM-NS,SUM-1-12,4,"torch.Size([61, 1536])",12,0,batch-64-nhid-0-inlayer-12,NORMAL,84.69,86.33,94.35,88.93,89.9,89.4,68.23,85.97571428571429
1454,allmpnet,CLS+MAX-NS_SUM-1-12,two-tokens,CLS+MAX-NS,SUM-1-12,4,"torch.Size([61, 1536])",12,0,batch-64-nhid-0-inlayer-12,NORMAL,84.42,69.38,94.46,35.5,50.08,90.2,70.72,70.67999999999999
1455,allmpnet,AVG+SUM_SUM-1-12,two-tokens,AVG+SUM,SUM-1-12,4,"torch.Size([61, 1536])",12,0,batch-64-nhid-0-inlayer-12,NORMAL,85.1,88.16,94.59,89.68,90.44,94.4,67.3,87.09571428571428
1456,allmpnet,AVG+MAX_SUM-1-12,two-tokens,AVG+MAX,SUM-1-12,4,"torch.Size([61, 1536])",12,0,batch-64-nhid-0-inlayer-12,NORMAL,84.7,88.42,94.85,88.77,91.27,95.6,70.49,87.72857142857143
1457,allmpnet,AVG+AVG-NS_SUM-1-12,two-tokens,AVG+AVG-NS,SUM-1-12,4,"torch.Size([61, 1536])",12,0,batch-64-nhid-0-inlayer-12,NORMAL,84.96,89.46,95.5,89.38,91.38,94.2,74.14,88.43142857142857
1458,allmpnet,AVG+SUM-NS_SUM-1-12,two-tokens,AVG+SUM-NS,SUM-1-12,4,"torch.Size([61, 1536])",12,0,batch-64-nhid-0-inlayer-12,NORMAL,84.64,86.73,94.35,89.13,90.66,90.0,67.83,86.19142857142857
1459,allmpnet,AVG+MAX-NS_SUM-1-12,two-tokens,AVG+MAX-NS,SUM-1-12,4,"torch.Size([61, 1536])",12,0,batch-64-nhid-0-inlayer-12,NORMAL,84.92,67.68,95.0,35.5,50.08,93.4,71.42,71.14285714285715
1460,allmpnet,SUM+MAX_SUM-1-12,two-tokens,SUM+MAX,SUM-1-12,4,"torch.Size([61, 1536])",12,0,batch-64-nhid-0-inlayer-12,NORMAL,84.72,88.48,94.7,89.19,90.5,94.4,68.35,87.19142857142857
1461,allmpnet,SUM+AVG-NS_SUM-1-12,two-tokens,SUM+AVG-NS,SUM-1-12,4,"torch.Size([61, 1536])",12,0,batch-64-nhid-0-inlayer-12,NORMAL,84.95,88.21,94.65,89.1,91.16,94.2,67.59,87.12285714285714
1462,allmpnet,SUM+SUM-NS_SUM-1-12,two-tokens,SUM+SUM-NS,SUM-1-12,4,"torch.Size([61, 1536])",12,0,batch-64-nhid-0-inlayer-12,NORMAL,84.24,88.63,94.84,88.88,90.17,95.2,68.52,87.21142857142857
1463,allmpnet,SUM+MAX-NS_SUM-1-12,two-tokens,SUM+MAX-NS,SUM-1-12,4,"torch.Size([61, 1536])",12,0,batch-64-nhid-0-inlayer-12,NORMAL,84.78,83.46,94.77,44.9,89.62,95.2,68.35,80.1542857142857
1464,allmpnet,MAX+AVG-NS_SUM-1-12,two-tokens,MAX+AVG-NS,SUM-1-12,4,"torch.Size([61, 1536])",12,0,batch-64-nhid-0-inlayer-12,NORMAL,84.2,88.13,94.88,88.3,90.72,94.0,70.67,87.27142857142857
1465,allmpnet,MAX+SUM-NS_SUM-1-12,two-tokens,MAX+SUM-NS,SUM-1-12,4,"torch.Size([61, 1536])",12,0,batch-64-nhid-0-inlayer-12,NORMAL,84.36,87.34,94.5,88.26,90.33,92.0,69.28,86.58142857142856
1466,allmpnet,MAX+MAX-NS_SUM-1-12,two-tokens,MAX+MAX-NS,SUM-1-12,4,"torch.Size([61, 1536])",12,0,batch-64-nhid-0-inlayer-12,NORMAL,83.1,65.98,93.55,46.61,50.08,92.8,69.62,71.67714285714285
1467,allmpnet,AVG-NS+SUM-NS_SUM-1-12,two-tokens,AVG-NS+SUM-NS,SUM-1-12,4,"torch.Size([61, 1536])",12,0,batch-64-nhid-0-inlayer-12,NORMAL,84.54,86.7,94.44,88.05,90.66,89.4,68.17,85.99428571428571
1468,allmpnet,AVG-NS+MAX-NS_SUM-1-12,two-tokens,AVG-NS+MAX-NS,SUM-1-12,4,"torch.Size([61, 1536])",12,0,batch-64-nhid-0-inlayer-12,NORMAL,84.1,67.42,94.64,35.5,50.08,90.6,71.13,70.49571428571427
1469,allmpnet,SUM-NS+MAX-NS_SUM-1-12,two-tokens,SUM-NS+MAX-NS,SUM-1-12,4,"torch.Size([61, 1536])",12,0,batch-64-nhid-0-inlayer-12,NORMAL,84.39,84.58,94.49,48.55,87.7,91.2,68.7,79.94428571428571
1470,deberta-base,CLS_LYR-1,simple,CLS,LYR-1,4,"torch.Size([61, 768])",12,0,batch-64-nhid-0-inlayer-0,NORMAL,63.38,65.38,80.67,78.7,63.81,62.0,66.49,68.63285714285715
1471,deberta-base,AVG_LYR-1,simple,AVG,LYR-1,4,"torch.Size([61, 768])",12,0,batch-64-nhid-0-inlayer-0,NORMAL,77.75,80.42,92.67,89.21,82.81,90.2,73.04,83.72857142857143
1472,deberta-base,SUM_LYR-1,simple,SUM,LYR-1,4,"torch.Size([61, 768])",12,0,batch-64-nhid-0-inlayer-0,NORMAL,76.55,77.67,91.05,87.9,82.21,86.0,70.84,81.74571428571427
1473,deberta-base,MAX_LYR-1,simple,MAX,LYR-1,4,"torch.Size([61, 768])",12,0,batch-64-nhid-0-inlayer-0,NORMAL,71.91,74.94,87.8,87.25,74.63,83.2,67.07,78.11428571428571
1474,deberta-base,AVG-NS_LYR-1,simple-ns,AVG-NS,LYR-1,4,"torch.Size([61, 768])",12,0,batch-64-nhid-0-inlayer-0,NORMAL,77.54,80.56,92.65,88.56,82.43,90.8,72.99,83.64714285714287
1475,deberta-base,SUM-NS_LYR-1,simple-ns,SUM-NS,LYR-1,4,"torch.Size([61, 768])",12,0,batch-64-nhid-0-inlayer-0,NORMAL,76.5,77.04,91.02,87.7,82.43,86.4,69.8,81.55571428571429
1476,deberta-base,MAX-NS_LYR-1,simple-ns,MAX-NS,LYR-1,4,"torch.Size([61, 768])",12,0,batch-64-nhid-0-inlayer-0,NORMAL,72.02,64.85,87.98,48.92,74.85,84.0,66.96,71.36857142857143
1477,deberta-base,CLS_LYR-2,simple,CLS,LYR-2,4,"torch.Size([61, 768])",12,0,batch-64-nhid-0-inlayer-0,NORMAL,60.0,63.76,74.35,70.59,66.28,60.4,66.55,65.99
1478,deberta-base,AVG_LYR-2,simple,AVG,LYR-2,4,"torch.Size([61, 768])",12,0,batch-64-nhid-0-inlayer-0,NORMAL,78.32,82.04,93.58,89.46,82.76,91.4,72.87,84.34714285714286
1479,deberta-base,SUM_LYR-2,simple,SUM,LYR-2,4,"torch.Size([61, 768])",12,0,batch-64-nhid-0-inlayer-0,NORMAL,77.77,78.7,92.06,87.72,83.03,89.6,72.06,82.99142857142859
1480,deberta-base,MAX_LYR-2,simple,MAX,LYR-2,4,"torch.Size([61, 768])",12,0,batch-64-nhid-0-inlayer-0,NORMAL,73.18,76.85,89.43,87.96,75.56,90.2,69.33,80.35857142857142
1481,deberta-base,AVG-NS_LYR-2,simple-ns,AVG-NS,LYR-2,4,"torch.Size([61, 768])",12,0,batch-64-nhid-0-inlayer-0,NORMAL,78.25,81.7,93.49,89.19,82.43,91.4,72.12,84.08285714285715
1482,deberta-base,SUM-NS_LYR-2,simple-ns,SUM-NS,LYR-2,4,"torch.Size([61, 768])",12,0,batch-64-nhid-0-inlayer-0,NORMAL,77.39,78.68,92.16,87.65,82.92,89.6,72.23,82.94714285714285
1483,deberta-base,MAX-NS_LYR-2,simple-ns,MAX-NS,LYR-2,4,"torch.Size([61, 768])",12,0,batch-64-nhid-0-inlayer-0,NORMAL,72.56,64.77,89.67,49.16,75.56,89.6,71.54,73.26571428571427
1484,deberta-base,CLS_LYR-3,simple,CLS,LYR-3,4,"torch.Size([61, 768])",12,0,batch-64-nhid-0-inlayer-0,NORMAL,68.1,68.79,86.11,83.69,73.48,76.4,67.65,74.88857142857144
1485,deberta-base,AVG_LYR-3,simple,AVG,LYR-3,4,"torch.Size([61, 768])",12,0,batch-64-nhid-0-inlayer-0,NORMAL,79.65,82.86,94.3,89.81,84.73,92.8,75.07,85.60285714285715
1486,deberta-base,SUM_LYR-3,simple,SUM,LYR-3,4,"torch.Size([61, 768])",12,0,batch-64-nhid-0-inlayer-0,NORMAL,78.29,79.42,92.42,88.18,84.68,91.8,72.81,83.94285714285714
1487,deberta-base,MAX_LYR-3,simple,MAX,LYR-3,4,"torch.Size([61, 768])",12,0,batch-64-nhid-0-inlayer-0,NORMAL,74.66,78.07,90.55,88.26,78.03,92.0,69.57,81.59142857142855
1488,deberta-base,AVG-NS_LYR-3,simple-ns,AVG-NS,LYR-3,4,"torch.Size([61, 768])",12,0,batch-64-nhid-0-inlayer-0,NORMAL,79.46,82.6,94.23,89.29,84.51,92.8,74.49,85.34
1489,deberta-base,SUM-NS_LYR-3,simple-ns,SUM-NS,LYR-3,4,"torch.Size([61, 768])",12,0,batch-64-nhid-0-inlayer-0,NORMAL,78.2,79.34,92.41,88.28,84.24,91.6,72.99,83.86571428571429
1490,deberta-base,MAX-NS_LYR-3,simple-ns,MAX-NS,LYR-3,4,"torch.Size([61, 768])",12,0,batch-64-nhid-0-inlayer-0,NORMAL,74.51,65.11,90.63,49.23,78.14,92.0,70.03,74.23571428571428
1491,deberta-base,CLS_LYR-4,simple,CLS,LYR-4,4,"torch.Size([61, 768])",12,0,batch-64-nhid-0-inlayer-0,NORMAL,51.89,63.76,69.52,68.77,62.22,48.6,66.49,61.60714285714285
1492,deberta-base,AVG_LYR-4,simple,AVG,LYR-4,4,"torch.Size([61, 768])",12,0,batch-64-nhid-0-inlayer-0,NORMAL,81.04,85.54,94.52,90.08,85.78,93.6,74.14,86.38571428571429
1493,deberta-base,SUM_LYR-4,simple,SUM,LYR-4,4,"torch.Size([61, 768])",12,0,batch-64-nhid-0-inlayer-0,NORMAL,80.25,81.83,92.75,88.62,85.89,92.6,71.25,84.74142857142856
1494,deberta-base,MAX_LYR-4,simple,MAX,LYR-4,4,"torch.Size([61, 768])",12,0,batch-64-nhid-0-inlayer-0,NORMAL,75.39,82.2,91.86,88.72,80.01,94.0,70.9,83.29714285714284
1495,deberta-base,AVG-NS_LYR-4,simple-ns,AVG-NS,LYR-4,4,"torch.Size([61, 768])",12,0,batch-64-nhid-0-inlayer-0,NORMAL,80.73,84.69,94.52,89.69,85.72,93.6,73.33,86.04
1496,deberta-base,SUM-NS_LYR-4,simple-ns,SUM-NS,LYR-4,4,"torch.Size([61, 768])",12,0,batch-64-nhid-0-inlayer-0,NORMAL,80.09,81.78,92.64,88.53,85.56,93.0,71.94,84.79142857142857
1497,deberta-base,MAX-NS_LYR-4,simple-ns,MAX-NS,LYR-4,4,"torch.Size([61, 768])",12,0,batch-64-nhid-0-inlayer-0,NORMAL,75.28,64.71,91.84,49.44,79.57,93.0,70.84,74.9542857142857
1498,deberta-base,CLS_LYR-5,simple,CLS,LYR-5,4,"torch.Size([61, 768])",12,0,batch-64-nhid-0-inlayer-0,NORMAL,52.39,63.79,79.02,69.0,66.17,59.6,66.49,65.20857142857143
1499,deberta-base,AVG_LYR-5,simple,AVG,LYR-5,4,"torch.Size([61, 768])",12,0,batch-64-nhid-0-inlayer-0,NORMAL,81.97,86.94,95.12,90.37,87.31,94.8,74.2,87.24428571428572
1500,deberta-base,SUM_LYR-5,simple,SUM,LYR-5,4,"torch.Size([61, 768])",12,0,batch-64-nhid-0-inlayer-0,NORMAL,80.44,84.16,93.22,88.87,86.11,93.6,71.36,85.39428571428572
1501,deberta-base,MAX_LYR-5,simple,MAX,LYR-5,4,"torch.Size([61, 768])",12,0,batch-64-nhid-0-inlayer-0,NORMAL,77.18,82.07,92.2,88.9,80.94,92.2,70.67,83.45142857142856
1502,deberta-base,AVG-NS_LYR-5,simple-ns,AVG-NS,LYR-5,4,"torch.Size([61, 768])",12,0,batch-64-nhid-0-inlayer-0,NORMAL,81.85,86.65,95.2,89.84,87.04,94.6,73.8,86.99714285714285
1503,deberta-base,SUM-NS_LYR-5,simple-ns,SUM-NS,LYR-5,4,"torch.Size([61, 768])",12,0,batch-64-nhid-0-inlayer-0,NORMAL,80.41,83.89,93.46,88.77,87.04,94.2,71.07,85.54857142857142
1504,deberta-base,MAX-NS_LYR-5,simple-ns,MAX-NS,LYR-5,4,"torch.Size([61, 768])",12,0,batch-64-nhid-0-inlayer-0,NORMAL,77.17,65.67,92.25,49.46,81.0,92.6,70.14,75.47
1505,deberta-base,CLS_LYR-6,simple,CLS,LYR-6,4,"torch.Size([61, 768])",12,0,batch-64-nhid-0-inlayer-0,NORMAL,51.61,63.76,50.0,68.77,49.92,47.0,66.49,56.79285714285714
1506,deberta-base,AVG_LYR-6,simple,AVG,LYR-6,4,"torch.Size([61, 768])",12,0,batch-64-nhid-0-inlayer-0,NORMAL,84.13,88.88,95.72,90.84,88.52,95.2,74.78,88.2957142857143
1507,deberta-base,SUM_LYR-6,simple,SUM,LYR-6,4,"torch.Size([61, 768])",12,0,batch-64-nhid-0-inlayer-0,NORMAL,82.33,85.3,93.98,89.35,87.04,94.2,72.17,86.33857142857143
1508,deberta-base,MAX_LYR-6,simple,MAX,LYR-6,4,"torch.Size([61, 768])",12,0,batch-64-nhid-0-inlayer-0,NORMAL,79.37,84.53,93.51,89.39,83.47,95.4,71.07,85.24857142857142
1509,deberta-base,AVG-NS_LYR-6,simple-ns,AVG-NS,LYR-6,4,"torch.Size([61, 768])",12,0,batch-64-nhid-0-inlayer-0,NORMAL,84.0,88.58,95.75,90.54,88.41,95.4,74.72,88.2
1510,deberta-base,SUM-NS_LYR-6,simple-ns,SUM-NS,LYR-6,4,"torch.Size([61, 768])",12,0,batch-64-nhid-0-inlayer-0,NORMAL,82.51,85.14,93.89,89.27,87.86,94.6,72.23,86.5
1511,deberta-base,MAX-NS_LYR-6,simple-ns,MAX-NS,LYR-6,4,"torch.Size([61, 768])",12,0,batch-64-nhid-0-inlayer-0,NORMAL,79.35,65.83,93.56,49.6,83.31,95.0,71.19,76.83428571428571
1512,deberta-base,CLS_LYR-7,simple,CLS,LYR-7,4,"torch.Size([61, 768])",12,0,batch-64-nhid-0-inlayer-0,NORMAL,54.19,63.76,80.44,68.77,49.92,54.8,66.49,62.62428571428571
1513,deberta-base,AVG_LYR-7,simple,AVG,LYR-7,4,"torch.Size([61, 768])",12,0,batch-64-nhid-0-inlayer-0,NORMAL,85.56,90.49,96.01,90.88,90.99,96.0,76.87,89.54285714285716
1514,deberta-base,SUM_LYR-7,simple,SUM,LYR-7,4,"torch.Size([61, 768])",12,0,batch-64-nhid-0-inlayer-0,NORMAL,84.59,87.76,94.39,89.47,90.66,95.2,72.29,87.76571428571428
1515,deberta-base,MAX_LYR-7,simple,MAX,LYR-7,4,"torch.Size([61, 768])",12,0,batch-64-nhid-0-inlayer-0,NORMAL,81.94,86.54,93.73,89.52,87.48,94.0,72.46,86.52428571428572
1516,deberta-base,AVG-NS_LYR-7,simple-ns,AVG-NS,LYR-7,4,"torch.Size([61, 768])",12,0,batch-64-nhid-0-inlayer-0,NORMAL,85.49,90.65,96.16,90.53,90.83,95.8,75.59,89.29285714285713
1517,deberta-base,SUM-NS_LYR-7,simple-ns,SUM-NS,LYR-7,4,"torch.Size([61, 768])",12,0,batch-64-nhid-0-inlayer-0,NORMAL,84.8,87.07,94.42,89.58,90.83,95.2,73.33,87.89
1518,deberta-base,MAX-NS_LYR-7,simple-ns,MAX-NS,LYR-7,4,"torch.Size([61, 768])",12,0,batch-64-nhid-0-inlayer-0,NORMAL,81.9,66.04,93.63,49.75,87.26,94.6,72.87,78.00714285714285
1519,deberta-base,CLS_LYR-8,simple,CLS,LYR-8,4,"torch.Size([61, 768])",12,0,batch-64-nhid-0-inlayer-0,NORMAL,54.5,63.76,83.82,68.77,49.92,48.8,66.49,62.294285714285714
1520,deberta-base,AVG_LYR-8,simple,AVG,LYR-8,4,"torch.Size([61, 768])",12,0,batch-64-nhid-0-inlayer-0,NORMAL,86.77,91.44,96.14,90.88,91.16,96.8,76.35,89.9342857142857
1521,deberta-base,SUM_LYR-8,simple,SUM,LYR-8,4,"torch.Size([61, 768])",12,0,batch-64-nhid-0-inlayer-0,NORMAL,84.95,88.05,94.41,89.11,90.88,95.6,75.13,88.30428571428571
1522,deberta-base,MAX_LYR-8,simple,MAX,LYR-8,4,"torch.Size([61, 768])",12,0,batch-64-nhid-0-inlayer-0,NORMAL,83.39,88.03,94.09,89.09,89.35,95.4,71.77,87.30285714285715
1523,deberta-base,AVG-NS_LYR-8,simple-ns,AVG-NS,LYR-8,4,"torch.Size([61, 768])",12,0,batch-64-nhid-0-inlayer-0,NORMAL,86.59,91.31,96.08,90.48,91.16,96.4,75.94,89.70857142857143
1524,deberta-base,SUM-NS_LYR-8,simple-ns,SUM-NS,LYR-8,4,"torch.Size([61, 768])",12,0,batch-64-nhid-0-inlayer-0,NORMAL,85.18,87.84,94.18,89.18,91.05,95.6,73.8,88.11857142857143
1525,deberta-base,MAX-NS_LYR-8,simple-ns,MAX-NS,LYR-8,4,"torch.Size([61, 768])",12,0,batch-64-nhid-0-inlayer-0,NORMAL,83.39,66.04,94.03,49.6,88.74,95.0,70.96,78.25142857142858
1526,deberta-base,CLS_LYR-9,simple,CLS,LYR-9,4,"torch.Size([61, 768])",12,0,batch-64-nhid-0-inlayer-0,NORMAL,80.63,80.53,88.13,82.8,86.49,88.2,70.78,82.50857142857141
1527,deberta-base,AVG_LYR-9,simple,AVG,LYR-9,4,"torch.Size([61, 768])",12,0,batch-64-nhid-0-inlayer-0,NORMAL,87.67,91.87,96.11,90.71,91.98,96.2,76.7,90.17714285714288
1528,deberta-base,SUM_LYR-9,simple,SUM,LYR-9,4,"torch.Size([61, 768])",12,0,batch-64-nhid-0-inlayer-0,NORMAL,86.16,88.61,94.63,89.21,91.1,95.6,75.13,88.63428571428571
1529,deberta-base,MAX_LYR-9,simple,MAX,LYR-9,4,"torch.Size([61, 768])",12,0,batch-64-nhid-0-inlayer-0,NORMAL,84.53,89.8,94.04,89.1,89.13,94.2,73.1,87.70000000000002
1530,deberta-base,AVG-NS_LYR-9,simple-ns,AVG-NS,LYR-9,4,"torch.Size([61, 768])",12,0,batch-64-nhid-0-inlayer-0,NORMAL,87.56,91.71,96.08,90.58,92.04,96.6,76.7,90.18142857142855
1531,deberta-base,SUM-NS_LYR-9,simple-ns,SUM-NS,LYR-9,4,"torch.Size([61, 768])",12,0,batch-64-nhid-0-inlayer-0,NORMAL,86.27,88.32,94.54,89.24,91.27,95.6,74.78,88.57428571428571
1532,deberta-base,MAX-NS_LYR-9,simple-ns,MAX-NS,LYR-9,4,"torch.Size([61, 768])",12,0,batch-64-nhid-0-inlayer-0,NORMAL,84.37,66.38,94.02,49.56,88.58,94.0,73.45,78.62285714285714
1533,deberta-base,CLS_LYR-10,simple,CLS,LYR-10,4,"torch.Size([61, 768])",12,0,batch-64-nhid-0-inlayer-0,NORMAL,77.88,63.76,85.92,71.96,85.23,67.8,66.49,74.14857142857143
1534,deberta-base,AVG_LYR-10,simple,AVG,LYR-10,4,"torch.Size([61, 768])",12,0,batch-64-nhid-0-inlayer-0,NORMAL,88.43,92.32,96.02,90.32,92.53,95.8,75.25,90.09571428571428
1535,deberta-base,SUM_LYR-10,simple,SUM,LYR-10,4,"torch.Size([61, 768])",12,0,batch-64-nhid-0-inlayer-0,NORMAL,86.85,89.62,94.51,89.22,91.76,95.2,73.57,88.67571428571429
1536,deberta-base,MAX_LYR-10,simple,MAX,LYR-10,4,"torch.Size([61, 768])",12,0,batch-64-nhid-0-inlayer-0,NORMAL,84.85,90.04,93.91,89.13,90.77,94.8,70.38,87.69714285714284
1537,deberta-base,AVG-NS_LYR-10,simple-ns,AVG-NS,LYR-10,4,"torch.Size([61, 768])",12,0,batch-64-nhid-0-inlayer-0,NORMAL,88.18,92.03,96.07,90.41,92.31,96.4,74.43,89.97571428571428
1538,deberta-base,SUM-NS_LYR-10,simple-ns,SUM-NS,LYR-10,4,"torch.Size([61, 768])",12,0,batch-64-nhid-0-inlayer-0,NORMAL,86.82,89.96,94.47,89.1,91.6,95.4,74.09,88.77714285714286
1539,deberta-base,MAX-NS_LYR-10,simple-ns,MAX-NS,LYR-10,4,"torch.Size([61, 768])",12,0,batch-64-nhid-0-inlayer-0,NORMAL,85.1,66.28,93.84,49.7,91.1,94.6,70.84,78.78
1540,deberta-base,CLS_LYR-11,simple,CLS,LYR-11,4,"torch.Size([61, 768])",12,0,batch-64-nhid-0-inlayer-0,NORMAL,85.2,88.58,94.53,85.85,88.63,76.2,71.36,84.33571428571429
1541,deberta-base,AVG_LYR-11,simple,AVG,LYR-11,4,"torch.Size([61, 768])",12,0,batch-64-nhid-0-inlayer-0,NORMAL,88.27,91.6,95.97,90.34,92.81,95.6,75.19,89.96857142857142
1542,deberta-base,SUM_LYR-11,simple,SUM,LYR-11,4,"torch.Size([61, 768])",12,0,batch-64-nhid-0-inlayer-0,NORMAL,87.11,89.06,94.97,89.31,92.09,93.2,71.19,88.13285714285715
1543,deberta-base,MAX_LYR-11,simple,MAX,LYR-11,4,"torch.Size([61, 768])",12,0,batch-64-nhid-0-inlayer-0,NORMAL,84.13,87.82,93.7,88.68,89.73,93.0,70.96,86.86
1544,deberta-base,AVG-NS_LYR-11,simple-ns,AVG-NS,LYR-11,4,"torch.Size([61, 768])",12,0,batch-64-nhid-0-inlayer-0,NORMAL,88.16,91.5,95.98,90.49,92.64,95.6,75.3,89.95285714285714
1545,deberta-base,SUM-NS_LYR-11,simple-ns,SUM-NS,LYR-11,4,"torch.Size([61, 768])",12,0,batch-64-nhid-0-inlayer-0,NORMAL,87.2,88.58,94.62,89.25,91.65,93.6,72.75,88.23571428571428
1546,deberta-base,MAX-NS_LYR-11,simple-ns,MAX-NS,LYR-11,4,"torch.Size([61, 768])",12,0,batch-64-nhid-0-inlayer-0,NORMAL,84.0,66.06,93.57,42.75,89.73,93.4,70.32,77.11857142857141
1547,deberta-base,CLS_LYR-12,simple,CLS,LYR-12,4,"torch.Size([61, 768])",12,0,batch-64-nhid-0-inlayer-0,NORMAL,82.26,85.22,92.94,87.49,82.81,69.0,69.39,81.30142857142857
1548,deberta-base,AVG_LYR-12,simple,AVG,LYR-12,4,"torch.Size([61, 768])",12,0,batch-64-nhid-0-inlayer-0,NORMAL,86.46,89.88,95.2,88.92,91.05,90.8,68.81,87.30285714285712
1549,deberta-base,SUM_LYR-12,simple,SUM,LYR-12,4,"torch.Size([61, 768])",12,0,batch-64-nhid-0-inlayer-0,NORMAL,86.3,89.72,95.09,88.2,90.39,86.8,68.52,86.43142857142857
1550,deberta-base,MAX_LYR-12,simple,MAX,LYR-12,4,"torch.Size([61, 768])",12,0,batch-64-nhid-0-inlayer-0,NORMAL,81.7,84.16,91.8,86.08,86.11,85.2,70.03,83.58285714285715
1551,deberta-base,AVG-NS_LYR-12,simple-ns,AVG-NS,LYR-12,4,"torch.Size([61, 768])",12,0,batch-64-nhid-0-inlayer-0,NORMAL,86.27,89.59,95.22,89.5,90.77,90.0,68.64,87.14142857142858
1552,deberta-base,SUM-NS_LYR-12,simple-ns,SUM-NS,LYR-12,4,"torch.Size([61, 768])",12,0,batch-64-nhid-0-inlayer-0,NORMAL,86.06,89.59,95.16,88.48,90.55,89.2,68.75,86.82714285714287
1553,deberta-base,MAX-NS_LYR-12,simple-ns,MAX-NS,LYR-12,4,"torch.Size([61, 768])",12,0,batch-64-nhid-0-inlayer-0,NORMAL,81.14,65.88,91.86,72.5,86.33,87.0,70.55,79.32285714285715
1554,deberta-base,CLS+AVG_SUM-1-2,two-tokens,CLS+AVG,SUM-1-2,4,"torch.Size([61, 1536])",12,0,batch-64-nhid-0-inlayer-12,NORMAL,78.18,81.06,93.06,89.18,81.88,90.2,72.23,83.68428571428572
1555,deberta-base,CLS+SUM_SUM-1-2,two-tokens,CLS+SUM,SUM-1-2,4,"torch.Size([61, 1536])",12,0,batch-64-nhid-0-inlayer-12,NORMAL,77.26,78.04,91.77,87.7,82.76,87.6,70.49,82.23142857142857
1556,deberta-base,CLS+MAX_SUM-1-2,two-tokens,CLS+MAX,SUM-1-2,4,"torch.Size([61, 1536])",12,0,batch-64-nhid-0-inlayer-12,NORMAL,72.39,76.37,89.17,87.52,75.51,85.6,68.93,79.35571428571428
1557,deberta-base,CLS+AVG-NS_SUM-1-2,two-tokens,CLS+AVG-NS,SUM-1-2,4,"torch.Size([61, 1536])",12,0,batch-64-nhid-0-inlayer-12,NORMAL,77.74,80.85,93.03,88.6,82.32,90.0,71.94,83.49714285714286
1558,deberta-base,CLS+SUM-NS_SUM-1-2,two-tokens,CLS+SUM-NS,SUM-1-2,4,"torch.Size([61, 1536])",12,0,batch-64-nhid-0-inlayer-12,NORMAL,77.14,77.59,91.58,87.72,82.48,88.0,70.9,82.20142857142856
1559,deberta-base,CLS+MAX-NS_SUM-1-2,two-tokens,CLS+MAX-NS,SUM-1-2,4,"torch.Size([61, 1536])",12,0,batch-64-nhid-0-inlayer-12,NORMAL,72.28,64.79,88.9,48.89,75.18,85.6,67.88,71.93142857142857
1560,deberta-base,AVG+SUM_SUM-1-2,two-tokens,AVG+SUM,SUM-1-2,4,"torch.Size([61, 1536])",12,0,batch-64-nhid-0-inlayer-12,NORMAL,77.38,77.8,91.71,87.93,82.65,88.2,70.84,82.35857142857142
1561,deberta-base,AVG+MAX_SUM-1-2,two-tokens,AVG+MAX,SUM-1-2,4,"torch.Size([61, 1536])",12,0,batch-64-nhid-0-inlayer-12,NORMAL,76.47,77.09,91.4,87.97,81.6,87.6,68.35,81.49714285714286
1562,deberta-base,AVG+AVG-NS_SUM-1-2,two-tokens,AVG+AVG-NS,SUM-1-2,4,"torch.Size([61, 1536])",12,0,batch-64-nhid-0-inlayer-12,NORMAL,77.61,80.56,92.93,88.58,82.98,89.0,71.25,83.27285714285715
1563,deberta-base,AVG+SUM-NS_SUM-1-2,two-tokens,AVG+SUM-NS,SUM-1-2,4,"torch.Size([61, 1536])",12,0,batch-64-nhid-0-inlayer-12,NORMAL,77.25,77.7,91.6,87.87,82.59,88.6,70.26,82.26714285714286
1564,deberta-base,AVG+MAX-NS_SUM-1-2,two-tokens,AVG+MAX-NS,SUM-1-2,4,"torch.Size([61, 1536])",12,0,batch-64-nhid-0-inlayer-12,NORMAL,76.44,65.03,91.2,49.08,81.49,88.6,67.77,74.23
1565,deberta-base,SUM+MAX_SUM-1-2,two-tokens,SUM+MAX,SUM-1-2,4,"torch.Size([61, 1536])",12,0,batch-64-nhid-0-inlayer-12,NORMAL,76.86,77.59,91.23,86.88,81.33,90.0,70.49,82.05428571428571
1566,deberta-base,SUM+AVG-NS_SUM-1-2,two-tokens,SUM+AVG-NS,SUM-1-2,4,"torch.Size([61, 1536])",12,0,batch-64-nhid-0-inlayer-12,NORMAL,77.25,77.83,91.71,87.1,82.59,88.0,70.43,82.13000000000001
1567,deberta-base,SUM+SUM-NS_SUM-1-2,two-tokens,SUM+SUM-NS,SUM-1-2,4,"torch.Size([61, 1536])",12,0,batch-64-nhid-0-inlayer-12,NORMAL,77.07,77.64,91.44,87.56,82.48,88.4,71.01,82.22857142857143
1568,deberta-base,SUM+MAX-NS_SUM-1-2,two-tokens,SUM+MAX-NS,SUM-1-2,4,"torch.Size([61, 1536])",12,0,batch-64-nhid-0-inlayer-12,NORMAL,76.81,72.87,91.47,72.37,81.99,90.0,70.38,79.41285714285713
1569,deberta-base,MAX+AVG-NS_SUM-1-2,two-tokens,MAX+AVG-NS,SUM-1-2,4,"torch.Size([61, 1536])",12,0,batch-64-nhid-0-inlayer-12,NORMAL,76.56,77.22,91.57,86.91,80.34,88.4,67.83,81.26142857142858
1570,deberta-base,MAX+SUM-NS_SUM-1-2,two-tokens,MAX+SUM-NS,SUM-1-2,4,"torch.Size([61, 1536])",12,0,batch-64-nhid-0-inlayer-12,NORMAL,76.99,77.35,91.58,86.73,82.1,89.4,70.67,82.11714285714285
1571,deberta-base,MAX+MAX-NS_SUM-1-2,two-tokens,MAX+MAX-NS,SUM-1-2,4,"torch.Size([61, 1536])",12,0,batch-64-nhid-0-inlayer-12,NORMAL,72.04,65.03,88.74,48.91,75.23,85.4,67.54,71.84142857142858
1572,deberta-base,AVG-NS+SUM-NS_SUM-1-2,two-tokens,AVG-NS+SUM-NS,SUM-1-2,4,"torch.Size([61, 1536])",12,0,batch-64-nhid-0-inlayer-12,NORMAL,77.28,77.48,91.63,86.8,82.65,89.0,70.32,82.1657142857143
1573,deberta-base,AVG-NS+MAX-NS_SUM-1-2,two-tokens,AVG-NS+MAX-NS,SUM-1-2,4,"torch.Size([61, 1536])",12,0,batch-64-nhid-0-inlayer-12,NORMAL,76.51,65.03,91.47,74.3,80.45,88.8,68.23,77.82714285714285
1574,deberta-base,SUM-NS+MAX-NS_SUM-1-2,two-tokens,SUM-NS+MAX-NS,SUM-1-2,4,"torch.Size([61, 1536])",12,0,batch-64-nhid-0-inlayer-12,NORMAL,76.64,72.34,91.49,74.32,82.15,89.4,70.72,79.58000000000001
1575,deberta-base,CLS+AVG_SUM-2-3,two-tokens,CLS+AVG,SUM-2-3,4,"torch.Size([61, 1536])",12,0,batch-64-nhid-0-inlayer-12,NORMAL,79.29,81.62,94.08,89.57,84.02,91.8,73.62,84.85714285714286
1576,deberta-base,CLS+SUM_SUM-2-3,two-tokens,CLS+SUM,SUM-2-3,4,"torch.Size([61, 1536])",12,0,batch-64-nhid-0-inlayer-12,NORMAL,78.32,78.68,92.38,88.13,83.36,89.6,71.3,83.11
1577,deberta-base,CLS+MAX_SUM-2-3,two-tokens,CLS+MAX,SUM-2-3,4,"torch.Size([61, 1536])",12,0,batch-64-nhid-0-inlayer-12,NORMAL,74.13,77.24,89.93,88.18,77.32,90.2,70.78,81.11142857142856
1578,deberta-base,CLS+AVG-NS_SUM-2-3,two-tokens,CLS+AVG-NS,SUM-2-3,4,"torch.Size([61, 1536])",12,0,batch-64-nhid-0-inlayer-12,NORMAL,78.74,80.96,93.96,88.99,83.58,91.8,73.97,84.57142857142857
1579,deberta-base,CLS+SUM-NS_SUM-2-3,two-tokens,CLS+SUM-NS,SUM-2-3,4,"torch.Size([61, 1536])",12,0,batch-64-nhid-0-inlayer-12,NORMAL,78.11,78.62,92.46,88.08,83.2,90.4,72.0,83.26714285714286
1580,deberta-base,CLS+MAX-NS_SUM-2-3,two-tokens,CLS+MAX-NS,SUM-2-3,4,"torch.Size([61, 1536])",12,0,batch-64-nhid-0-inlayer-12,NORMAL,74.02,64.93,89.9,74.4,77.76,89.6,69.16,77.11
1581,deberta-base,AVG+SUM_SUM-2-3,two-tokens,AVG+SUM,SUM-2-3,4,"torch.Size([61, 1536])",12,0,batch-64-nhid-0-inlayer-12,NORMAL,78.59,78.28,92.49,88.06,83.36,90.4,70.96,83.16285714285716
1582,deberta-base,AVG+MAX_SUM-2-3,two-tokens,AVG+MAX,SUM-2-3,4,"torch.Size([61, 1536])",12,0,batch-64-nhid-0-inlayer-12,NORMAL,77.23,78.86,92.28,88.37,81.88,91.8,70.55,82.99571428571429
1583,deberta-base,AVG+AVG-NS_SUM-2-3,two-tokens,AVG+AVG-NS,SUM-2-3,4,"torch.Size([61, 1536])",12,0,batch-64-nhid-0-inlayer-12,NORMAL,78.81,80.74,93.9,88.83,84.79,92.0,72.23,84.47142857142858
1584,deberta-base,AVG+SUM-NS_SUM-2-3,two-tokens,AVG+SUM-NS,SUM-2-3,4,"torch.Size([61, 1536])",12,0,batch-64-nhid-0-inlayer-12,NORMAL,78.02,78.57,92.29,87.97,83.47,90.0,72.17,83.21285714285715
1585,deberta-base,AVG+MAX-NS_SUM-2-3,two-tokens,AVG+MAX-NS,SUM-2-3,4,"torch.Size([61, 1536])",12,0,batch-64-nhid-0-inlayer-12,NORMAL,77.32,65.19,92.37,78.54,83.64,92.0,71.42,80.06857142857143
1586,deberta-base,SUM+MAX_SUM-2-3,two-tokens,SUM+MAX,SUM-2-3,4,"torch.Size([61, 1536])",12,0,batch-64-nhid-0-inlayer-12,NORMAL,78.09,78.09,92.35,87.13,83.86,91.6,71.83,83.27857142857144
1587,deberta-base,SUM+AVG-NS_SUM-2-3,two-tokens,SUM+AVG-NS,SUM-2-3,4,"torch.Size([61, 1536])",12,0,batch-64-nhid-0-inlayer-12,NORMAL,78.54,78.15,92.33,87.68,83.8,90.6,70.67,83.11
1588,deberta-base,SUM+SUM-NS_SUM-2-3,two-tokens,SUM+SUM-NS,SUM-2-3,4,"torch.Size([61, 1536])",12,0,batch-64-nhid-0-inlayer-12,NORMAL,78.24,78.04,92.36,88.01,83.53,90.2,72.0,83.19714285714284
1589,deberta-base,SUM+MAX-NS_SUM-2-3,two-tokens,SUM+MAX-NS,SUM-2-3,4,"torch.Size([61, 1536])",12,0,batch-64-nhid-0-inlayer-12,NORMAL,77.93,74.38,92.16,72.37,83.96,91.0,71.36,80.45142857142856
1590,deberta-base,MAX+AVG-NS_SUM-2-3,two-tokens,MAX+AVG-NS,SUM-2-3,4,"torch.Size([61, 1536])",12,0,batch-64-nhid-0-inlayer-12,NORMAL,77.56,78.89,92.46,87.69,82.1,92.2,71.19,83.15571428571427
1591,deberta-base,MAX+SUM-NS_SUM-2-3,two-tokens,MAX+SUM-NS,SUM-2-3,4,"torch.Size([61, 1536])",12,0,batch-64-nhid-0-inlayer-12,NORMAL,77.67,78.22,92.17,87.24,83.53,89.8,70.03,82.6657142857143
1592,deberta-base,MAX+MAX-NS_SUM-2-3,two-tokens,MAX+MAX-NS,SUM-2-3,4,"torch.Size([61, 1536])",12,0,batch-64-nhid-0-inlayer-12,NORMAL,73.76,64.87,89.49,48.75,77.43,91.0,70.43,73.67571428571429
1593,deberta-base,AVG-NS+SUM-NS_SUM-2-3,two-tokens,AVG-NS+SUM-NS,SUM-2-3,4,"torch.Size([61, 1536])",12,0,batch-64-nhid-0-inlayer-12,NORMAL,78.09,78.62,92.47,87.83,83.69,90.6,71.07,83.19571428571427
1594,deberta-base,AVG-NS+MAX-NS_SUM-2-3,two-tokens,AVG-NS+MAX-NS,SUM-2-3,4,"torch.Size([61, 1536])",12,0,batch-64-nhid-0-inlayer-12,NORMAL,77.56,65.19,92.2,48.96,82.04,92.4,71.3,75.66428571428571
1595,deberta-base,SUM-NS+MAX-NS_SUM-2-3,two-tokens,SUM-NS+MAX-NS,SUM-2-3,4,"torch.Size([61, 1536])",12,0,batch-64-nhid-0-inlayer-12,NORMAL,77.75,74.65,92.3,57.89,83.25,90.6,72.41,78.40714285714284
1596,deberta-base,CLS+AVG_SUM-3-4,two-tokens,CLS+AVG,SUM-3-4,4,"torch.Size([61, 1536])",12,0,batch-64-nhid-0-inlayer-12,NORMAL,80.31,83.92,94.41,89.47,85.34,93.8,73.91,85.88
1597,deberta-base,CLS+SUM_SUM-3-4,two-tokens,CLS+SUM,SUM-3-4,4,"torch.Size([61, 1536])",12,0,batch-64-nhid-0-inlayer-12,NORMAL,80.15,81.54,92.5,88.51,85.06,91.0,70.2,84.13714285714286
1598,deberta-base,CLS+MAX_SUM-3-4,two-tokens,CLS+MAX,SUM-3-4,4,"torch.Size([61, 1536])",12,0,batch-64-nhid-0-inlayer-12,NORMAL,74.96,79.68,91.18,88.31,80.01,92.6,69.74,82.35428571428572
1599,deberta-base,CLS+AVG-NS_SUM-3-4,two-tokens,CLS+AVG-NS,SUM-3-4,4,"torch.Size([61, 1536])",12,0,batch-64-nhid-0-inlayer-12,NORMAL,79.93,83.6,94.43,89.18,85.06,93.6,73.68,85.64
1600,deberta-base,CLS+SUM-NS_SUM-3-4,two-tokens,CLS+SUM-NS,SUM-3-4,4,"torch.Size([61, 1536])",12,0,batch-64-nhid-0-inlayer-12,NORMAL,79.63,80.77,92.46,88.34,85.5,91.8,70.49,84.14142857142856
1601,deberta-base,CLS+MAX-NS_SUM-3-4,two-tokens,CLS+MAX-NS,SUM-3-4,4,"torch.Size([61, 1536])",12,0,batch-64-nhid-0-inlayer-12,NORMAL,74.94,65.43,91.21,73.98,79.57,92.6,70.84,78.36714285714287
1602,deberta-base,AVG+SUM_SUM-3-4,two-tokens,AVG+SUM,SUM-3-4,4,"torch.Size([61, 1536])",12,0,batch-64-nhid-0-inlayer-12,NORMAL,80.0,81.33,92.59,88.24,84.73,92.2,70.43,84.21714285714286
1603,deberta-base,AVG+MAX_SUM-3-4,two-tokens,AVG+MAX,SUM-3-4,4,"torch.Size([61, 1536])",12,0,batch-64-nhid-0-inlayer-12,NORMAL,78.46,80.95,93.07,88.78,85.78,93.4,71.36,84.54285714285713
1604,deberta-base,AVG+AVG-NS_SUM-3-4,two-tokens,AVG+AVG-NS,SUM-3-4,4,"torch.Size([61, 1536])",12,0,batch-64-nhid-0-inlayer-12,NORMAL,80.04,83.87,94.23,89.1,85.78,93.6,72.81,85.63285714285715
1605,deberta-base,AVG+SUM-NS_SUM-3-4,two-tokens,AVG+SUM-NS,SUM-3-4,4,"torch.Size([61, 1536])",12,0,batch-64-nhid-0-inlayer-12,NORMAL,79.66,81.43,92.44,88.4,85.06,92.0,70.38,84.19571428571429
1606,deberta-base,AVG+MAX-NS_SUM-3-4,two-tokens,AVG+MAX-NS,SUM-3-4,4,"torch.Size([61, 1536])",12,0,batch-64-nhid-0-inlayer-12,NORMAL,78.78,65.64,93.22,76.29,85.56,92.8,70.61,80.41428571428571
1607,deberta-base,SUM+MAX_SUM-3-4,two-tokens,SUM+MAX,SUM-3-4,4,"torch.Size([61, 1536])",12,0,batch-64-nhid-0-inlayer-12,NORMAL,79.66,81.38,92.51,87.9,85.78,92.2,70.49,84.27428571428572
1608,deberta-base,SUM+AVG-NS_SUM-3-4,two-tokens,SUM+AVG-NS,SUM-3-4,4,"torch.Size([61, 1536])",12,0,batch-64-nhid-0-inlayer-12,NORMAL,80.03,81.62,92.52,88.01,85.17,92.2,70.43,84.28285714285714
1609,deberta-base,SUM+SUM-NS_SUM-3-4,two-tokens,SUM+SUM-NS,SUM-3-4,4,"torch.Size([61, 1536])",12,0,batch-64-nhid-0-inlayer-12,NORMAL,79.75,80.9,92.55,88.26,84.9,91.6,70.49,84.06428571428572
1610,deberta-base,SUM+MAX-NS_SUM-3-4,two-tokens,SUM+MAX-NS,SUM-3-4,4,"torch.Size([61, 1536])",12,0,batch-64-nhid-0-inlayer-12,NORMAL,79.93,73.59,92.42,76.64,85.45,92.2,70.32,81.50714285714285
1611,deberta-base,MAX+AVG-NS_SUM-3-4,two-tokens,MAX+AVG-NS,SUM-3-4,4,"torch.Size([61, 1536])",12,0,batch-64-nhid-0-inlayer-12,NORMAL,78.25,81.14,92.88,88.32,84.84,94.2,71.19,84.40285714285713
1612,deberta-base,MAX+SUM-NS_SUM-3-4,two-tokens,MAX+SUM-NS,SUM-3-4,4,"torch.Size([61, 1536])",12,0,batch-64-nhid-0-inlayer-12,NORMAL,79.26,81.27,92.32,87.73,85.34,92.4,69.68,84.0
1613,deberta-base,MAX+MAX-NS_SUM-3-4,two-tokens,MAX+MAX-NS,SUM-3-4,4,"torch.Size([61, 1536])",12,0,batch-64-nhid-0-inlayer-12,NORMAL,74.64,65.48,90.97,49.25,79.74,93.2,71.42,74.95714285714287
1614,deberta-base,AVG-NS+SUM-NS_SUM-3-4,two-tokens,AVG-NS+SUM-NS,SUM-3-4,4,"torch.Size([61, 1536])",12,0,batch-64-nhid-0-inlayer-12,NORMAL,79.52,80.98,92.51,87.97,85.17,92.2,69.97,84.0457142857143
1615,deberta-base,AVG-NS+MAX-NS_SUM-3-4,two-tokens,AVG-NS+MAX-NS,SUM-3-4,4,"torch.Size([61, 1536])",12,0,batch-64-nhid-0-inlayer-12,NORMAL,78.43,65.88,93.34,49.49,84.68,94.4,71.13,76.76428571428572
1616,deberta-base,SUM-NS+MAX-NS_SUM-3-4,two-tokens,SUM-NS+MAX-NS,SUM-3-4,4,"torch.Size([61, 1536])",12,0,batch-64-nhid-0-inlayer-12,NORMAL,79.3,75.87,92.31,74.56,85.56,92.4,70.2,81.45714285714287
1617,deberta-base,CLS+AVG_SUM-4-5,two-tokens,CLS+AVG,SUM-4-5,4,"torch.Size([61, 1536])",12,0,batch-64-nhid-0-inlayer-12,NORMAL,81.51,86.2,94.76,89.79,86.88,94.2,74.67,86.85857142857142
1618,deberta-base,CLS+SUM_SUM-4-5,two-tokens,CLS+SUM,SUM-4-5,4,"torch.Size([61, 1536])",12,0,batch-64-nhid-0-inlayer-12,NORMAL,80.83,82.39,93.33,88.85,86.22,92.4,70.49,84.92999999999999
1619,deberta-base,CLS+MAX_SUM-4-5,two-tokens,CLS+MAX,SUM-4-5,4,"torch.Size([61, 1536])",12,0,batch-64-nhid-0-inlayer-12,NORMAL,77.09,81.22,91.95,88.52,80.94,92.2,70.96,83.26857142857143
1620,deberta-base,CLS+AVG-NS_SUM-4-5,two-tokens,CLS+AVG-NS,SUM-4-5,4,"torch.Size([61, 1536])",12,0,batch-64-nhid-0-inlayer-12,NORMAL,81.37,85.91,94.98,89.48,87.04,94.6,74.14,86.78857142857143
1621,deberta-base,CLS+SUM-NS_SUM-4-5,two-tokens,CLS+SUM-NS,SUM-4-5,4,"torch.Size([61, 1536])",12,0,batch-64-nhid-0-inlayer-12,NORMAL,80.57,82.28,93.47,88.76,86.49,92.8,70.09,84.92285714285715
1622,deberta-base,CLS+MAX-NS_SUM-4-5,two-tokens,CLS+MAX-NS,SUM-4-5,4,"torch.Size([61, 1536])",12,0,batch-64-nhid-0-inlayer-12,NORMAL,76.75,65.54,91.97,72.71,80.83,92.8,71.13,78.81857142857143
1623,deberta-base,AVG+SUM_SUM-4-5,two-tokens,AVG+SUM,SUM-4-5,4,"torch.Size([61, 1536])",12,0,batch-64-nhid-0-inlayer-12,NORMAL,80.63,82.6,93.36,88.85,85.83,93.0,70.38,84.95
1624,deberta-base,AVG+MAX_SUM-4-5,two-tokens,AVG+MAX,SUM-4-5,4,"torch.Size([61, 1536])",12,0,batch-64-nhid-0-inlayer-12,NORMAL,79.67,84.0,93.62,88.88,85.5,93.0,71.36,85.14714285714287
1625,deberta-base,AVG+AVG-NS_SUM-4-5,two-tokens,AVG+AVG-NS,SUM-4-5,4,"torch.Size([61, 1536])",12,0,batch-64-nhid-0-inlayer-12,NORMAL,81.39,85.14,94.78,89.3,87.48,93.4,73.91,86.48571428571428
1626,deberta-base,AVG+SUM-NS_SUM-4-5,two-tokens,AVG+SUM-NS,SUM-4-5,4,"torch.Size([61, 1536])",12,0,batch-64-nhid-0-inlayer-12,NORMAL,80.54,82.44,93.52,88.61,86.22,93.2,70.03,84.93714285714286
1627,deberta-base,AVG+MAX-NS_SUM-4-5,two-tokens,AVG+MAX-NS,SUM-4-5,4,"torch.Size([61, 1536])",12,0,batch-64-nhid-0-inlayer-12,NORMAL,79.81,65.8,93.64,72.73,85.23,92.8,70.96,80.13857142857144
1628,deberta-base,SUM+MAX_SUM-4-5,two-tokens,SUM+MAX,SUM-4-5,4,"torch.Size([61, 1536])",12,0,batch-64-nhid-0-inlayer-12,NORMAL,80.11,82.73,93.19,88.19,86.22,93.6,70.32,84.90857142857142
1629,deberta-base,SUM+AVG-NS_SUM-4-5,two-tokens,SUM+AVG-NS,SUM-4-5,4,"torch.Size([61, 1536])",12,0,batch-64-nhid-0-inlayer-12,NORMAL,80.61,82.36,93.31,88.41,87.04,92.8,69.62,84.87857142857142
1630,deberta-base,SUM+SUM-NS_SUM-4-5,two-tokens,SUM+SUM-NS,SUM-4-5,4,"torch.Size([61, 1536])",12,0,batch-64-nhid-0-inlayer-12,NORMAL,80.52,82.25,93.11,88.66,86.05,93.2,69.68,84.78142857142858
1631,deberta-base,SUM+MAX-NS_SUM-4-5,two-tokens,SUM+MAX-NS,SUM-4-5,4,"torch.Size([61, 1536])",12,0,batch-64-nhid-0-inlayer-12,NORMAL,80.51,76.47,93.21,75.56,86.6,93.2,70.32,82.26714285714286
1632,deberta-base,MAX+AVG-NS_SUM-4-5,two-tokens,MAX+AVG-NS,SUM-4-5,4,"torch.Size([61, 1536])",12,0,batch-64-nhid-0-inlayer-12,NORMAL,79.93,83.84,93.58,88.23,84.35,93.4,70.43,84.82285714285715
1633,deberta-base,MAX+SUM-NS_SUM-4-5,two-tokens,MAX+SUM-NS,SUM-4-5,4,"torch.Size([61, 1536])",12,0,batch-64-nhid-0-inlayer-12,NORMAL,80.3,82.28,93.36,87.95,86.16,93.4,70.49,84.84857142857142
1634,deberta-base,MAX+MAX-NS_SUM-4-5,two-tokens,MAX+MAX-NS,SUM-4-5,4,"torch.Size([61, 1536])",12,0,batch-64-nhid-0-inlayer-12,NORMAL,76.79,65.59,91.67,49.29,81.27,92.6,70.61,75.40285714285714
1635,deberta-base,AVG-NS+SUM-NS_SUM-4-5,two-tokens,AVG-NS+SUM-NS,SUM-4-5,4,"torch.Size([61, 1536])",12,0,batch-64-nhid-0-inlayer-12,NORMAL,80.71,81.93,93.45,88.33,86.44,93.0,70.09,84.85
1636,deberta-base,AVG-NS+MAX-NS_SUM-4-5,two-tokens,AVG-NS+MAX-NS,SUM-4-5,4,"torch.Size([61, 1536])",12,0,batch-64-nhid-0-inlayer-12,NORMAL,79.66,65.67,93.75,49.28,84.79,93.4,71.25,76.82857142857144
1637,deberta-base,SUM-NS+MAX-NS_SUM-4-5,two-tokens,SUM-NS+MAX-NS,SUM-4-5,4,"torch.Size([61, 1536])",12,0,batch-64-nhid-0-inlayer-12,NORMAL,80.44,76.1,93.41,77.81,86.22,93.0,70.09,82.43857142857144
1638,deberta-base,CLS+AVG_SUM-5-6,two-tokens,CLS+AVG,SUM-5-6,4,"torch.Size([61, 1536])",12,0,batch-64-nhid-0-inlayer-12,NORMAL,82.5,88.74,95.55,90.45,88.19,94.6,74.49,87.78857142857143
1639,deberta-base,CLS+SUM_SUM-5-6,two-tokens,CLS+SUM,SUM-5-6,4,"torch.Size([61, 1536])",12,0,batch-64-nhid-0-inlayer-12,NORMAL,81.92,85.11,93.59,89.23,86.71,94.2,70.09,85.83571428571429
1640,deberta-base,CLS+MAX_SUM-5-6,two-tokens,CLS+MAX,SUM-5-6,4,"torch.Size([61, 1536])",12,0,batch-64-nhid-0-inlayer-12,NORMAL,78.28,82.6,92.63,89.02,82.26,93.0,71.71,84.21428571428571
1641,deberta-base,CLS+AVG-NS_SUM-5-6,two-tokens,CLS+AVG-NS,SUM-5-6,4,"torch.Size([61, 1536])",12,0,batch-64-nhid-0-inlayer-12,NORMAL,82.56,88.29,95.45,90.17,87.92,94.2,74.72,87.61571428571429
1642,deberta-base,CLS+SUM-NS_SUM-5-6,two-tokens,CLS+SUM-NS,SUM-5-6,4,"torch.Size([61, 1536])",12,0,batch-64-nhid-0-inlayer-12,NORMAL,81.78,84.98,93.71,89.26,87.15,93.8,70.14,85.83142857142856
1643,deberta-base,CLS+MAX-NS_SUM-5-6,two-tokens,CLS+MAX-NS,SUM-5-6,4,"torch.Size([61, 1536])",12,0,batch-64-nhid-0-inlayer-12,NORMAL,78.32,65.01,92.81,74.9,82.54,93.0,69.74,79.4742857142857
1644,deberta-base,AVG+SUM_SUM-5-6,two-tokens,AVG+SUM,SUM-5-6,4,"torch.Size([61, 1536])",12,0,batch-64-nhid-0-inlayer-12,NORMAL,81.92,85.4,93.57,89.12,86.49,93.8,70.26,85.7942857142857
1645,deberta-base,AVG+MAX_SUM-5-6,two-tokens,AVG+MAX,SUM-5-6,4,"torch.Size([61, 1536])",12,0,batch-64-nhid-0-inlayer-12,NORMAL,80.88,85.56,94.3,89.31,87.75,94.6,73.33,86.53285714285714
1646,deberta-base,AVG+AVG-NS_SUM-5-6,two-tokens,AVG+AVG-NS,SUM-5-6,4,"torch.Size([61, 1536])",12,0,batch-64-nhid-0-inlayer-12,NORMAL,82.38,87.97,95.24,90.21,88.41,94.2,73.86,87.46714285714286
1647,deberta-base,AVG+SUM-NS_SUM-5-6,two-tokens,AVG+SUM-NS,SUM-5-6,4,"torch.Size([61, 1536])",12,0,batch-64-nhid-0-inlayer-12,NORMAL,81.9,84.95,93.61,89.18,86.93,93.8,70.61,85.85428571428572
1648,deberta-base,AVG+MAX-NS_SUM-5-6,two-tokens,AVG+MAX-NS,SUM-5-6,4,"torch.Size([61, 1536])",12,0,batch-64-nhid-0-inlayer-12,NORMAL,81.07,65.88,94.35,72.8,87.7,94.4,72.06,81.17999999999999
1649,deberta-base,SUM+MAX_SUM-5-6,two-tokens,SUM+MAX,SUM-5-6,4,"torch.Size([61, 1536])",12,0,batch-64-nhid-0-inlayer-12,NORMAL,81.63,85.22,93.66,88.84,86.71,94.0,69.45,85.64428571428572
1650,deberta-base,SUM+AVG-NS_SUM-5-6,two-tokens,SUM+AVG-NS,SUM-5-6,4,"torch.Size([61, 1536])",12,0,batch-64-nhid-0-inlayer-12,NORMAL,81.83,85.25,93.51,88.97,86.93,94.2,68.93,85.65999999999998
1651,deberta-base,SUM+SUM-NS_SUM-5-6,two-tokens,SUM+SUM-NS,SUM-5-6,4,"torch.Size([61, 1536])",12,0,batch-64-nhid-0-inlayer-12,NORMAL,81.83,85.24,93.46,89.11,87.42,93.2,71.36,85.94571428571429
1652,deberta-base,SUM+MAX-NS_SUM-5-6,two-tokens,SUM+MAX-NS,SUM-5-6,4,"torch.Size([61, 1536])",12,0,batch-64-nhid-0-inlayer-12,NORMAL,81.48,79.04,93.55,52.42,86.82,94.4,70.72,79.7757142857143
1653,deberta-base,MAX+AVG-NS_SUM-5-6,two-tokens,MAX+AVG-NS,SUM-5-6,4,"torch.Size([61, 1536])",12,0,batch-64-nhid-0-inlayer-12,NORMAL,81.19,85.62,94.27,88.92,86.82,94.6,71.25,86.09571428571428
1654,deberta-base,MAX+SUM-NS_SUM-5-6,two-tokens,MAX+SUM-NS,SUM-5-6,4,"torch.Size([61, 1536])",12,0,batch-64-nhid-0-inlayer-12,NORMAL,81.67,84.88,93.61,88.86,86.93,94.0,70.61,85.79428571428572
1655,deberta-base,MAX+MAX-NS_SUM-5-6,two-tokens,MAX+MAX-NS,SUM-5-6,4,"torch.Size([61, 1536])",12,0,batch-64-nhid-0-inlayer-12,NORMAL,78.1,65.67,92.6,49.44,82.43,93.2,71.65,76.15571428571427
1656,deberta-base,AVG-NS+SUM-NS_SUM-5-6,two-tokens,AVG-NS+SUM-NS,SUM-5-6,4,"torch.Size([61, 1536])",12,0,batch-64-nhid-0-inlayer-12,NORMAL,81.84,84.95,93.58,89.06,86.44,94.0,70.2,85.72428571428573
1657,deberta-base,AVG-NS+MAX-NS_SUM-5-6,two-tokens,AVG-NS+MAX-NS,SUM-5-6,4,"torch.Size([61, 1536])",12,0,batch-64-nhid-0-inlayer-12,NORMAL,81.0,65.77,94.35,49.4,86.77,95.2,71.94,77.77571428571427
1658,deberta-base,SUM-NS+MAX-NS_SUM-5-6,two-tokens,SUM-NS+MAX-NS,SUM-5-6,4,"torch.Size([61, 1536])",12,0,batch-64-nhid-0-inlayer-12,NORMAL,81.72,79.47,93.67,49.54,86.55,94.0,70.55,79.35714285714286
1659,deberta-base,CLS+AVG_SUM-6-7,two-tokens,CLS+AVG,SUM-6-7,4,"torch.Size([61, 1536])",12,0,batch-64-nhid-0-inlayer-12,NORMAL,84.68,90.01,95.9,90.68,89.79,95.4,75.83,88.89857142857144
1660,deberta-base,CLS+SUM_SUM-6-7,two-tokens,CLS+SUM,SUM-6-7,4,"torch.Size([61, 1536])",12,0,batch-64-nhid-0-inlayer-12,NORMAL,83.75,86.84,94.24,89.42,89.29,94.6,71.3,87.06285714285714
1661,deberta-base,CLS+MAX_SUM-6-7,two-tokens,CLS+MAX,SUM-6-7,4,"torch.Size([61, 1536])",12,0,batch-64-nhid-0-inlayer-12,NORMAL,80.71,84.4,93.19,89.01,86.0,95.4,71.83,85.79142857142858
1662,deberta-base,CLS+AVG-NS_SUM-6-7,two-tokens,CLS+AVG-NS,SUM-6-7,4,"torch.Size([61, 1536])",12,0,batch-64-nhid-0-inlayer-12,NORMAL,84.74,89.88,95.81,90.33,90.5,95.4,75.25,88.8442857142857
1663,deberta-base,CLS+SUM-NS_SUM-6-7,two-tokens,CLS+SUM-NS,SUM-6-7,4,"torch.Size([61, 1536])",12,0,batch-64-nhid-0-inlayer-12,NORMAL,83.93,86.15,94.28,89.44,89.46,95.2,70.72,87.0257142857143
1664,deberta-base,CLS+MAX-NS_SUM-6-7,two-tokens,CLS+MAX-NS,SUM-6-7,4,"torch.Size([61, 1536])",12,0,batch-64-nhid-0-inlayer-12,NORMAL,80.79,65.67,93.38,75.24,85.61,94.6,71.71,81.0
1665,deberta-base,AVG+SUM_SUM-6-7,two-tokens,AVG+SUM,SUM-6-7,4,"torch.Size([61, 1536])",12,0,batch-64-nhid-0-inlayer-12,NORMAL,83.71,86.7,94.23,89.54,89.46,94.6,71.36,87.08571428571429
1666,deberta-base,AVG+MAX_SUM-6-7,two-tokens,AVG+MAX,SUM-6-7,4,"torch.Size([61, 1536])",12,0,batch-64-nhid-0-inlayer-12,NORMAL,82.98,87.18,94.7,89.51,89.73,95.4,72.52,87.43142857142857
1667,deberta-base,AVG+AVG-NS_SUM-6-7,two-tokens,AVG+AVG-NS,SUM-6-7,4,"torch.Size([61, 1536])",12,0,batch-64-nhid-0-inlayer-12,NORMAL,84.61,89.59,95.59,90.27,89.84,95.2,74.55,88.52142857142857
1668,deberta-base,AVG+SUM-NS_SUM-6-7,two-tokens,AVG+SUM-NS,SUM-6-7,4,"torch.Size([61, 1536])",12,0,batch-64-nhid-0-inlayer-12,NORMAL,83.9,86.2,94.32,89.6,89.95,95.0,71.54,87.21571428571428
1669,deberta-base,AVG+MAX-NS_SUM-6-7,two-tokens,AVG+MAX-NS,SUM-6-7,4,"torch.Size([61, 1536])",12,0,batch-64-nhid-0-inlayer-12,NORMAL,83.14,66.04,94.67,73.13,89.9,95.6,72.06,82.07714285714285
1670,deberta-base,SUM+MAX_SUM-6-7,two-tokens,SUM+MAX,SUM-6-7,4,"torch.Size([61, 1536])",12,0,batch-64-nhid-0-inlayer-12,NORMAL,83.69,86.99,94.52,88.71,89.51,95.4,71.88,87.24285714285713
1671,deberta-base,SUM+AVG-NS_SUM-6-7,two-tokens,SUM+AVG-NS,SUM-6-7,4,"torch.Size([61, 1536])",12,0,batch-64-nhid-0-inlayer-12,NORMAL,83.7,86.68,94.18,89.14,89.46,95.4,71.07,87.08999999999999
1672,deberta-base,SUM+SUM-NS_SUM-6-7,two-tokens,SUM+SUM-NS,SUM-6-7,4,"torch.Size([61, 1536])",12,0,batch-64-nhid-0-inlayer-12,NORMAL,83.74,86.41,94.11,89.33,89.68,95.4,72.12,87.25571428571428
1673,deberta-base,SUM+MAX-NS_SUM-6-7,two-tokens,SUM+MAX-NS,SUM-6-7,4,"torch.Size([61, 1536])",12,0,batch-64-nhid-0-inlayer-12,NORMAL,83.56,79.02,94.5,49.58,90.23,95.4,71.19,80.49714285714286
1674,deberta-base,MAX+AVG-NS_SUM-6-7,two-tokens,MAX+AVG-NS,SUM-6-7,4,"torch.Size([61, 1536])",12,0,batch-64-nhid-0-inlayer-12,NORMAL,83.42,87.6,94.62,89.26,89.51,95.4,73.8,87.65857142857142
1675,deberta-base,MAX+SUM-NS_SUM-6-7,two-tokens,MAX+SUM-NS,SUM-6-7,4,"torch.Size([61, 1536])",12,0,batch-64-nhid-0-inlayer-12,NORMAL,83.67,86.3,94.27,88.93,89.62,95.0,71.94,87.10428571428572
1676,deberta-base,MAX+MAX-NS_SUM-6-7,two-tokens,MAX+MAX-NS,SUM-6-7,4,"torch.Size([61, 1536])",12,0,batch-64-nhid-0-inlayer-12,NORMAL,80.38,65.85,92.86,49.47,86.22,94.8,71.77,77.33571428571429
1677,deberta-base,AVG-NS+SUM-NS_SUM-6-7,two-tokens,AVG-NS+SUM-NS,SUM-6-7,4,"torch.Size([61, 1536])",12,0,batch-64-nhid-0-inlayer-12,NORMAL,83.87,86.09,94.32,89.19,90.17,94.6,71.71,87.13571428571429
1678,deberta-base,AVG-NS+MAX-NS_SUM-6-7,two-tokens,AVG-NS+MAX-NS,SUM-6-7,4,"torch.Size([61, 1536])",12,0,batch-64-nhid-0-inlayer-12,NORMAL,83.27,66.01,94.75,49.55,89.95,95.8,72.46,78.82714285714285
1679,deberta-base,SUM-NS+MAX-NS_SUM-6-7,two-tokens,SUM-NS+MAX-NS,SUM-6-7,4,"torch.Size([61, 1536])",12,0,batch-64-nhid-0-inlayer-12,NORMAL,83.89,78.09,94.33,49.55,90.01,95.0,71.13,80.28571428571429
1680,deberta-base,CLS+AVG_SUM-7-8,two-tokens,CLS+AVG,SUM-7-8,4,"torch.Size([61, 1536])",12,0,batch-64-nhid-0-inlayer-12,NORMAL,86.01,90.76,96.01,90.43,91.16,96.0,76.81,89.59714285714287
1681,deberta-base,CLS+SUM_SUM-7-8,two-tokens,CLS+SUM,SUM-7-8,4,"torch.Size([61, 1536])",12,0,batch-64-nhid-0-inlayer-12,NORMAL,85.02,87.58,94.57,89.03,90.99,95.4,71.77,87.76571428571427
1682,deberta-base,CLS+MAX_SUM-7-8,two-tokens,CLS+MAX,SUM-7-8,4,"torch.Size([61, 1536])",12,0,batch-64-nhid-0-inlayer-12,NORMAL,82.5,86.33,93.6,89.03,88.85,95.0,72.46,86.82428571428571
1683,deberta-base,CLS+AVG-NS_SUM-7-8,two-tokens,CLS+AVG-NS,SUM-7-8,4,"torch.Size([61, 1536])",12,0,batch-64-nhid-0-inlayer-12,NORMAL,85.82,90.54,95.91,90.25,91.32,96.0,75.88,89.38857142857141
1684,deberta-base,CLS+SUM-NS_SUM-7-8,two-tokens,CLS+SUM-NS,SUM-7-8,4,"torch.Size([61, 1536])",12,0,batch-64-nhid-0-inlayer-12,NORMAL,85.0,87.34,94.33,89.18,91.05,95.8,72.58,87.89714285714287
1685,deberta-base,CLS+MAX-NS_SUM-7-8,two-tokens,CLS+MAX-NS,SUM-7-8,4,"torch.Size([61, 1536])",12,0,batch-64-nhid-0-inlayer-12,NORMAL,82.69,65.85,93.55,49.69,88.85,95.0,72.17,78.25714285714285
1686,deberta-base,AVG+SUM_SUM-7-8,two-tokens,AVG+SUM,SUM-7-8,4,"torch.Size([61, 1536])",12,0,batch-64-nhid-0-inlayer-12,NORMAL,84.92,87.71,94.43,89.26,90.39,95.4,71.71,87.68857142857144
1687,deberta-base,AVG+MAX_SUM-7-8,two-tokens,AVG+MAX,SUM-7-8,4,"torch.Size([61, 1536])",12,0,batch-64-nhid-0-inlayer-12,NORMAL,84.35,88.29,94.95,89.64,90.88,96.2,71.83,88.02
1688,deberta-base,AVG+AVG-NS_SUM-7-8,two-tokens,AVG+AVG-NS,SUM-7-8,4,"torch.Size([61, 1536])",12,0,batch-64-nhid-0-inlayer-12,NORMAL,85.55,90.36,95.76,90.2,91.76,95.4,74.84,89.12428571428572
1689,deberta-base,AVG+SUM-NS_SUM-7-8,two-tokens,AVG+SUM-NS,SUM-7-8,4,"torch.Size([61, 1536])",12,0,batch-64-nhid-0-inlayer-12,NORMAL,85.1,87.5,94.37,89.31,89.84,96.2,71.59,87.70142857142858
1690,deberta-base,AVG+MAX-NS_SUM-7-8,two-tokens,AVG+MAX-NS,SUM-7-8,4,"torch.Size([61, 1536])",12,0,batch-64-nhid-0-inlayer-12,NORMAL,84.59,65.98,95.0,78.37,91.1,96.2,73.04,83.46857142857142
1691,deberta-base,SUM+MAX_SUM-7-8,two-tokens,SUM+MAX,SUM-7-8,4,"torch.Size([61, 1536])",12,0,batch-64-nhid-0-inlayer-12,NORMAL,84.58,87.92,94.51,88.54,91.1,95.8,72.0,87.77857142857142
1692,deberta-base,SUM+AVG-NS_SUM-7-8,two-tokens,SUM+AVG-NS,SUM-7-8,4,"torch.Size([61, 1536])",12,0,batch-64-nhid-0-inlayer-12,NORMAL,84.94,87.74,94.54,89.08,90.17,96.0,72.17,87.80571428571429
1693,deberta-base,SUM+SUM-NS_SUM-7-8,two-tokens,SUM+SUM-NS,SUM-7-8,4,"torch.Size([61, 1536])",12,0,batch-64-nhid-0-inlayer-12,NORMAL,84.7,87.31,94.42,89.16,91.21,95.6,72.75,87.87857142857142
1694,deberta-base,SUM+MAX-NS_SUM-7-8,two-tokens,SUM+MAX-NS,SUM-7-8,4,"torch.Size([61, 1536])",12,0,batch-64-nhid-0-inlayer-12,NORMAL,84.43,83.92,94.53,49.72,90.72,96.2,71.71,81.60428571428572
1695,deberta-base,MAX+AVG-NS_SUM-7-8,two-tokens,MAX+AVG-NS,SUM-7-8,4,"torch.Size([61, 1536])",12,0,batch-64-nhid-0-inlayer-12,NORMAL,84.29,88.19,95.1,89.25,90.94,96.2,72.29,88.03714285714285
1696,deberta-base,MAX+SUM-NS_SUM-7-8,two-tokens,MAX+SUM-NS,SUM-7-8,4,"torch.Size([61, 1536])",12,0,batch-64-nhid-0-inlayer-12,NORMAL,84.89,87.66,94.57,88.61,90.61,95.4,72.75,87.78428571428572
1697,deberta-base,MAX+MAX-NS_SUM-7-8,two-tokens,MAX+MAX-NS,SUM-7-8,4,"torch.Size([61, 1536])",12,0,batch-64-nhid-0-inlayer-12,NORMAL,82.37,65.93,93.46,49.54,88.63,95.8,71.54,78.18142857142857
1698,deberta-base,AVG-NS+SUM-NS_SUM-7-8,two-tokens,AVG-NS+SUM-NS,SUM-7-8,4,"torch.Size([61, 1536])",12,0,batch-64-nhid-0-inlayer-12,NORMAL,85.05,87.63,94.43,89.23,90.94,95.0,72.0,87.75428571428571
1699,deberta-base,AVG-NS+MAX-NS_SUM-7-8,two-tokens,AVG-NS+MAX-NS,SUM-7-8,4,"torch.Size([61, 1536])",12,0,batch-64-nhid-0-inlayer-12,NORMAL,84.59,66.14,95.06,49.52,90.17,96.4,71.65,79.07571428571428
1700,deberta-base,SUM-NS+MAX-NS_SUM-7-8,two-tokens,SUM-NS+MAX-NS,SUM-7-8,4,"torch.Size([61, 1536])",12,0,batch-64-nhid-0-inlayer-12,NORMAL,84.75,84.85,94.55,49.44,90.94,95.2,71.94,81.66714285714285
1701,deberta-base,CLS+AVG_SUM-8-9,two-tokens,CLS+AVG,SUM-8-9,4,"torch.Size([61, 1536])",12,0,batch-64-nhid-0-inlayer-12,NORMAL,86.98,91.34,96.05,90.54,91.65,96.0,76.17,89.81857142857143
1702,deberta-base,CLS+SUM_SUM-8-9,two-tokens,CLS+SUM,SUM-8-9,4,"torch.Size([61, 1536])",12,0,batch-64-nhid-0-inlayer-12,NORMAL,85.87,88.42,94.28,89.16,91.1,95.4,73.91,88.30571428571429
1703,deberta-base,CLS+MAX_SUM-8-9,two-tokens,CLS+MAX,SUM-8-9,4,"torch.Size([61, 1536])",12,0,batch-64-nhid-0-inlayer-12,NORMAL,84.14,87.39,93.7,88.75,88.91,95.0,73.68,87.36714285714285
1704,deberta-base,CLS+AVG-NS_SUM-8-9,two-tokens,CLS+AVG-NS,SUM-8-9,4,"torch.Size([61, 1536])",12,0,batch-64-nhid-0-inlayer-12,NORMAL,86.86,91.39,95.93,90.09,92.42,95.8,76.17,89.80857142857143
1705,deberta-base,CLS+SUM-NS_SUM-8-9,two-tokens,CLS+SUM-NS,SUM-8-9,4,"torch.Size([61, 1536])",12,0,batch-64-nhid-0-inlayer-12,NORMAL,85.75,88.24,94.17,89.29,91.1,95.6,73.04,88.17
1706,deberta-base,CLS+MAX-NS_SUM-8-9,two-tokens,CLS+MAX-NS,SUM-8-9,4,"torch.Size([61, 1536])",12,0,batch-64-nhid-0-inlayer-12,NORMAL,84.09,66.04,93.52,75.36,89.07,94.4,72.87,82.19285714285715
1707,deberta-base,AVG+SUM_SUM-8-9,two-tokens,AVG+SUM,SUM-8-9,4,"torch.Size([61, 1536])",12,0,batch-64-nhid-0-inlayer-12,NORMAL,85.8,88.26,94.35,89.1,90.83,95.4,74.32,88.2942857142857
1708,deberta-base,AVG+MAX_SUM-8-9,two-tokens,AVG+MAX,SUM-8-9,4,"torch.Size([61, 1536])",12,0,batch-64-nhid-0-inlayer-12,NORMAL,85.82,89.56,95.24,89.53,91.16,95.4,71.77,88.3542857142857
1709,deberta-base,AVG+AVG-NS_SUM-8-9,two-tokens,AVG+AVG-NS,SUM-8-9,4,"torch.Size([61, 1536])",12,0,batch-64-nhid-0-inlayer-12,NORMAL,86.46,90.86,95.93,90.16,92.31,96.2,76.58,89.78571428571429
1710,deberta-base,AVG+SUM-NS_SUM-8-9,two-tokens,AVG+SUM-NS,SUM-8-9,4,"torch.Size([61, 1536])",12,0,batch-64-nhid-0-inlayer-12,NORMAL,85.81,88.45,94.36,88.91,90.77,95.6,73.51,88.20142857142856
1711,deberta-base,AVG+MAX-NS_SUM-8-9,two-tokens,AVG+MAX-NS,SUM-8-9,4,"torch.Size([61, 1536])",12,0,batch-64-nhid-0-inlayer-12,NORMAL,85.87,66.28,95.1,74.89,91.49,95.0,73.57,83.17142857142858
1712,deberta-base,SUM+MAX_SUM-8-9,two-tokens,SUM+MAX,SUM-8-9,4,"torch.Size([61, 1536])",12,0,batch-64-nhid-0-inlayer-12,NORMAL,85.51,88.74,94.46,88.34,91.38,95.6,74.49,88.36
1713,deberta-base,SUM+AVG-NS_SUM-8-9,two-tokens,SUM+AVG-NS,SUM-8-9,4,"torch.Size([61, 1536])",12,0,batch-64-nhid-0-inlayer-12,NORMAL,85.94,88.61,94.3,89.0,91.05,95.8,74.09,88.39857142857144
1714,deberta-base,SUM+SUM-NS_SUM-8-9,two-tokens,SUM+SUM-NS,SUM-8-9,4,"torch.Size([61, 1536])",12,0,batch-64-nhid-0-inlayer-12,NORMAL,85.49,88.19,94.23,89.04,91.16,95.4,74.03,88.22
1715,deberta-base,SUM+MAX-NS_SUM-8-9,two-tokens,SUM+MAX-NS,SUM-8-9,4,"torch.Size([61, 1536])",12,0,batch-64-nhid-0-inlayer-12,NORMAL,85.53,81.48,94.46,49.49,91.43,95.8,74.14,81.76142857142858
1716,deberta-base,MAX+AVG-NS_SUM-8-9,two-tokens,MAX+AVG-NS,SUM-8-9,4,"torch.Size([61, 1536])",12,0,batch-64-nhid-0-inlayer-12,NORMAL,85.77,89.51,95.26,89.25,91.6,95.4,72.12,88.41571428571429
1717,deberta-base,MAX+SUM-NS_SUM-8-9,two-tokens,MAX+SUM-NS,SUM-8-9,4,"torch.Size([61, 1536])",12,0,batch-64-nhid-0-inlayer-12,NORMAL,85.69,88.56,94.44,88.57,91.05,95.4,73.68,88.19857142857144
1718,deberta-base,MAX+MAX-NS_SUM-8-9,two-tokens,MAX+MAX-NS,SUM-8-9,4,"torch.Size([61, 1536])",12,0,batch-64-nhid-0-inlayer-12,NORMAL,83.73,66.01,93.34,49.59,89.13,94.2,71.83,78.26142857142858
1719,deberta-base,AVG-NS+SUM-NS_SUM-8-9,two-tokens,AVG-NS+SUM-NS,SUM-8-9,4,"torch.Size([61, 1536])",12,0,batch-64-nhid-0-inlayer-12,NORMAL,85.84,88.29,94.29,89.11,91.27,96.0,73.86,88.38
1720,deberta-base,AVG-NS+MAX-NS_SUM-8-9,two-tokens,AVG-NS+MAX-NS,SUM-8-9,4,"torch.Size([61, 1536])",12,0,batch-64-nhid-0-inlayer-12,NORMAL,85.49,66.22,95.15,49.65,91.21,95.2,71.83,79.25
1721,deberta-base,SUM-NS+MAX-NS_SUM-8-9,two-tokens,SUM-NS+MAX-NS,SUM-8-9,4,"torch.Size([61, 1536])",12,0,batch-64-nhid-0-inlayer-12,NORMAL,85.44,81.72,94.55,49.44,90.88,95.6,73.86,81.64142857142858
1722,deberta-base,CLS+AVG_SUM-9-10,two-tokens,CLS+AVG,SUM-9-10,4,"torch.Size([61, 1536])",12,0,batch-64-nhid-0-inlayer-12,NORMAL,87.96,92.19,96.08,90.59,91.87,96.4,75.71,90.11428571428571
1723,deberta-base,CLS+SUM_SUM-9-10,two-tokens,CLS+SUM,SUM-9-10,4,"torch.Size([61, 1536])",12,0,batch-64-nhid-0-inlayer-12,NORMAL,86.86,88.87,94.58,89.27,91.43,95.2,74.03,88.60571428571428
1724,deberta-base,CLS+MAX_SUM-9-10,two-tokens,CLS+MAX,SUM-9-10,4,"torch.Size([61, 1536])",12,0,batch-64-nhid-0-inlayer-12,NORMAL,85.15,89.06,93.58,89.13,89.62,94.6,71.65,87.54142857142857
1725,deberta-base,CLS+AVG-NS_SUM-9-10,two-tokens,CLS+AVG-NS,SUM-9-10,4,"torch.Size([61, 1536])",12,0,batch-64-nhid-0-inlayer-12,NORMAL,87.71,91.95,96.05,90.02,92.15,96.6,75.59,90.01
1726,deberta-base,CLS+SUM-NS_SUM-9-10,two-tokens,CLS+SUM-NS,SUM-9-10,4,"torch.Size([61, 1536])",12,0,batch-64-nhid-0-inlayer-12,NORMAL,86.65,89.17,94.44,88.97,91.1,95.4,72.87,88.37142857142858
1727,deberta-base,CLS+MAX-NS_SUM-9-10,two-tokens,CLS+MAX-NS,SUM-9-10,4,"torch.Size([61, 1536])",12,0,batch-64-nhid-0-inlayer-12,NORMAL,84.96,66.12,93.46,49.51,89.68,94.6,72.35,78.66857142857143
1728,deberta-base,AVG+SUM_SUM-9-10,two-tokens,AVG+SUM,SUM-9-10,4,"torch.Size([61, 1536])",12,0,batch-64-nhid-0-inlayer-12,NORMAL,86.79,89.04,94.68,88.94,91.82,95.2,73.74,88.60142857142857
1729,deberta-base,AVG+MAX_SUM-9-10,two-tokens,AVG+MAX,SUM-9-10,4,"torch.Size([61, 1536])",12,0,batch-64-nhid-0-inlayer-12,NORMAL,86.56,90.7,95.27,89.51,91.93,95.4,73.16,88.93285714285715
1730,deberta-base,AVG+AVG-NS_SUM-9-10,two-tokens,AVG+AVG-NS,SUM-9-10,4,"torch.Size([61, 1536])",12,0,batch-64-nhid-0-inlayer-12,NORMAL,87.78,91.87,96.0,90.01,92.64,96.2,74.9,89.91428571428571
1731,deberta-base,AVG+SUM-NS_SUM-9-10,two-tokens,AVG+SUM-NS,SUM-9-10,4,"torch.Size([61, 1536])",12,0,batch-64-nhid-0-inlayer-12,NORMAL,86.64,89.17,94.5,89.06,91.27,95.6,73.33,88.51
1732,deberta-base,AVG+MAX-NS_SUM-9-10,two-tokens,AVG+MAX-NS,SUM-9-10,4,"torch.Size([61, 1536])",12,0,batch-64-nhid-0-inlayer-12,NORMAL,86.22,66.38,95.14,49.67,92.04,95.6,71.54,79.51285714285714
1733,deberta-base,SUM+MAX_SUM-9-10,two-tokens,SUM+MAX,SUM-9-10,4,"torch.Size([61, 1536])",12,0,batch-64-nhid-0-inlayer-12,NORMAL,86.73,89.11,94.81,89.08,91.54,94.8,73.74,88.5442857142857
1734,deberta-base,SUM+AVG-NS_SUM-9-10,two-tokens,SUM+AVG-NS,SUM-9-10,4,"torch.Size([61, 1536])",12,0,batch-64-nhid-0-inlayer-12,NORMAL,86.8,88.95,94.69,89.17,91.82,95.0,73.8,88.60428571428572
1735,deberta-base,SUM+SUM-NS_SUM-9-10,two-tokens,SUM+SUM-NS,SUM-9-10,4,"torch.Size([61, 1536])",12,0,batch-64-nhid-0-inlayer-12,NORMAL,86.67,89.03,94.63,89.0,91.38,95.4,72.75,88.40857142857143
1736,deberta-base,SUM+MAX-NS_SUM-9-10,two-tokens,SUM+MAX-NS,SUM-9-10,4,"torch.Size([61, 1536])",12,0,batch-64-nhid-0-inlayer-12,NORMAL,86.61,82.25,94.76,49.46,92.15,95.6,73.74,82.08142857142857
1737,deberta-base,MAX+AVG-NS_SUM-9-10,two-tokens,MAX+AVG-NS,SUM-9-10,4,"torch.Size([61, 1536])",12,0,batch-64-nhid-0-inlayer-12,NORMAL,86.43,90.68,95.32,89.17,91.87,96.0,73.04,88.92999999999999
1738,deberta-base,MAX+SUM-NS_SUM-9-10,two-tokens,MAX+SUM-NS,SUM-9-10,4,"torch.Size([61, 1536])",12,0,batch-64-nhid-0-inlayer-12,NORMAL,86.46,89.3,94.64,89.05,91.65,95.2,72.41,88.38714285714286
1739,deberta-base,MAX+MAX-NS_SUM-9-10,two-tokens,MAX+MAX-NS,SUM-9-10,4,"torch.Size([61, 1536])",12,0,batch-64-nhid-0-inlayer-12,NORMAL,84.71,65.9,93.13,49.54,90.17,94.6,71.48,78.50428571428573
1740,deberta-base,AVG-NS+SUM-NS_SUM-9-10,two-tokens,AVG-NS+SUM-NS,SUM-9-10,4,"torch.Size([61, 1536])",12,0,batch-64-nhid-0-inlayer-12,NORMAL,86.65,89.27,94.57,89.27,91.76,95.4,72.7,88.51714285714286
1741,deberta-base,AVG-NS+MAX-NS_SUM-9-10,two-tokens,AVG-NS+MAX-NS,SUM-9-10,4,"torch.Size([61, 1536])",12,0,batch-64-nhid-0-inlayer-12,NORMAL,86.34,66.41,95.36,49.65,91.43,96.2,72.99,79.76857142857143
1742,deberta-base,SUM-NS+MAX-NS_SUM-9-10,two-tokens,SUM-NS+MAX-NS,SUM-9-10,4,"torch.Size([61, 1536])",12,0,batch-64-nhid-0-inlayer-12,NORMAL,86.57,83.39,94.73,49.46,91.27,95.8,72.93,82.02142857142857
1743,deberta-base,CLS+AVG_SUM-10-11,two-tokens,CLS+AVG,SUM-10-11,4,"torch.Size([61, 1536])",12,0,batch-64-nhid-0-inlayer-12,NORMAL,88.13,91.95,96.2,90.4,92.37,95.2,76.58,90.11857142857144
1744,deberta-base,CLS+SUM_SUM-10-11,two-tokens,CLS+SUM,SUM-10-11,4,"torch.Size([61, 1536])",12,0,batch-64-nhid-0-inlayer-12,NORMAL,87.02,89.48,94.54,89.34,91.82,94.8,72.58,88.51142857142858
1745,deberta-base,CLS+MAX_SUM-10-11,two-tokens,CLS+MAX,SUM-10-11,4,"torch.Size([61, 1536])",12,0,batch-64-nhid-0-inlayer-12,NORMAL,84.9,87.79,93.96,88.92,90.33,95.2,72.12,87.60285714285715
1746,deberta-base,CLS+AVG-NS_SUM-10-11,two-tokens,CLS+AVG-NS,SUM-10-11,4,"torch.Size([61, 1536])",12,0,batch-64-nhid-0-inlayer-12,NORMAL,88.01,91.52,96.19,89.98,92.31,95.2,76.35,89.93714285714286
1747,deberta-base,CLS+SUM-NS_SUM-10-11,two-tokens,CLS+SUM-NS,SUM-10-11,4,"torch.Size([61, 1536])",12,0,batch-64-nhid-0-inlayer-12,NORMAL,86.91,88.96,94.62,89.18,91.38,94.6,72.41,88.2942857142857
1748,deberta-base,CLS+MAX-NS_SUM-10-11,two-tokens,CLS+MAX-NS,SUM-10-11,4,"torch.Size([61, 1536])",12,0,batch-64-nhid-0-inlayer-12,NORMAL,84.95,65.98,93.95,49.33,90.28,94.6,71.88,78.71000000000001
1749,deberta-base,AVG+SUM_SUM-10-11,two-tokens,AVG+SUM,SUM-10-11,4,"torch.Size([61, 1536])",12,0,batch-64-nhid-0-inlayer-12,NORMAL,86.92,89.35,94.69,89.29,91.1,94.8,72.35,88.35714285714286
1750,deberta-base,AVG+MAX_SUM-10-11,two-tokens,AVG+MAX,SUM-10-11,4,"torch.Size([61, 1536])",12,0,batch-64-nhid-0-inlayer-12,NORMAL,87.19,90.28,95.45,89.22,92.53,95.4,73.33,89.05714285714285
1751,deberta-base,AVG+AVG-NS_SUM-10-11,two-tokens,AVG+AVG-NS,SUM-10-11,4,"torch.Size([61, 1536])",12,0,batch-64-nhid-0-inlayer-12,NORMAL,87.97,91.5,96.12,89.93,92.53,96.0,76.12,90.02428571428572
1752,deberta-base,AVG+SUM-NS_SUM-10-11,two-tokens,AVG+SUM-NS,SUM-10-11,4,"torch.Size([61, 1536])",12,0,batch-64-nhid-0-inlayer-12,NORMAL,86.85,88.96,94.46,89.43,90.83,94.6,72.35,88.21142857142857
1753,deberta-base,AVG+MAX-NS_SUM-10-11,two-tokens,AVG+MAX-NS,SUM-10-11,4,"torch.Size([61, 1536])",12,0,batch-64-nhid-0-inlayer-12,NORMAL,87.01,66.33,95.45,49.35,92.7,95.0,72.81,79.80714285714286
1754,deberta-base,SUM+MAX_SUM-10-11,two-tokens,SUM+MAX,SUM-10-11,4,"torch.Size([61, 1536])",12,0,batch-64-nhid-0-inlayer-12,NORMAL,86.64,89.48,94.58,89.11,91.82,95.0,72.06,88.38428571428572
1755,deberta-base,SUM+AVG-NS_SUM-10-11,two-tokens,SUM+AVG-NS,SUM-10-11,4,"torch.Size([61, 1536])",12,0,batch-64-nhid-0-inlayer-12,NORMAL,87.07,89.35,94.58,89.13,91.98,94.4,71.48,88.28428571428572
1756,deberta-base,SUM+SUM-NS_SUM-10-11,two-tokens,SUM+SUM-NS,SUM-10-11,4,"torch.Size([61, 1536])",12,0,batch-64-nhid-0-inlayer-12,NORMAL,86.96,89.25,94.55,89.38,91.1,95.0,72.87,88.44428571428571
1757,deberta-base,SUM+MAX-NS_SUM-10-11,two-tokens,SUM+MAX-NS,SUM-10-11,4,"torch.Size([61, 1536])",12,0,batch-64-nhid-0-inlayer-12,NORMAL,86.67,81.09,94.61,49.14,91.65,94.8,70.96,81.27428571428571
1758,deberta-base,MAX+AVG-NS_SUM-10-11,two-tokens,MAX+AVG-NS,SUM-10-11,4,"torch.Size([61, 1536])",12,0,batch-64-nhid-0-inlayer-12,NORMAL,87.19,90.78,95.36,89.07,92.31,95.8,73.33,89.12
1759,deberta-base,MAX+SUM-NS_SUM-10-11,two-tokens,MAX+SUM-NS,SUM-10-11,4,"torch.Size([61, 1536])",12,0,batch-64-nhid-0-inlayer-12,NORMAL,86.78,89.22,94.68,89.03,91.27,95.2,72.41,88.37
1760,deberta-base,MAX+MAX-NS_SUM-10-11,two-tokens,MAX+MAX-NS,SUM-10-11,4,"torch.Size([61, 1536])",12,0,batch-64-nhid-0-inlayer-12,NORMAL,84.68,66.22,93.73,49.3,90.33,94.2,70.55,78.42999999999999
1761,deberta-base,AVG-NS+SUM-NS_SUM-10-11,two-tokens,AVG-NS+SUM-NS,SUM-10-11,4,"torch.Size([61, 1536])",12,0,batch-64-nhid-0-inlayer-12,NORMAL,86.92,89.11,94.58,89.33,91.16,95.2,71.42,88.24571428571429
1762,deberta-base,AVG-NS+MAX-NS_SUM-10-11,two-tokens,AVG-NS+MAX-NS,SUM-10-11,4,"torch.Size([61, 1536])",12,0,batch-64-nhid-0-inlayer-12,NORMAL,86.92,66.41,95.42,49.41,92.86,95.4,72.64,79.86571428571428
1763,deberta-base,SUM-NS+MAX-NS_SUM-10-11,two-tokens,SUM-NS+MAX-NS,SUM-10-11,4,"torch.Size([61, 1536])",12,0,batch-64-nhid-0-inlayer-12,NORMAL,86.67,84.11,94.71,49.19,91.71,95.2,71.71,81.89999999999999
1764,deberta-base,CLS+AVG_SUM-11-12,two-tokens,CLS+AVG,SUM-11-12,4,"torch.Size([61, 1536])",12,0,batch-64-nhid-0-inlayer-12,NORMAL,87.58,90.81,95.69,89.97,91.87,93.4,70.61,88.56142857142856
1765,deberta-base,CLS+SUM_SUM-11-12,two-tokens,CLS+SUM,SUM-11-12,4,"torch.Size([61, 1536])",12,0,batch-64-nhid-0-inlayer-12,NORMAL,87.04,90.09,95.14,89.15,91.21,93.6,68.29,87.78857142857142
1766,deberta-base,CLS+MAX_SUM-11-12,two-tokens,CLS+MAX,SUM-11-12,4,"torch.Size([61, 1536])",12,0,batch-64-nhid-0-inlayer-12,NORMAL,83.13,86.12,92.79,88.04,88.14,90.6,70.61,85.63285714285715
1767,deberta-base,CLS+AVG-NS_SUM-11-12,two-tokens,CLS+AVG-NS,SUM-11-12,4,"torch.Size([61, 1536])",12,0,batch-64-nhid-0-inlayer-12,NORMAL,87.59,90.97,95.8,89.72,92.37,93.0,70.96,88.63000000000001
1768,deberta-base,CLS+SUM-NS_SUM-11-12,two-tokens,CLS+SUM-NS,SUM-11-12,4,"torch.Size([61, 1536])",12,0,batch-64-nhid-0-inlayer-12,NORMAL,87.11,89.7,94.94,89.06,91.6,93.4,67.88,87.66999999999999
1769,deberta-base,CLS+MAX-NS_SUM-11-12,two-tokens,CLS+MAX-NS,SUM-11-12,4,"torch.Size([61, 1536])",12,0,batch-64-nhid-0-inlayer-12,NORMAL,83.13,65.85,92.92,75.16,88.19,90.2,71.59,81.00571428571428
1770,deberta-base,AVG+SUM_SUM-11-12,two-tokens,AVG+SUM,SUM-11-12,4,"torch.Size([61, 1536])",12,0,batch-64-nhid-0-inlayer-12,NORMAL,87.14,90.02,95.2,89.18,91.38,93.8,68.12,87.83428571428571
1771,deberta-base,AVG+MAX_SUM-11-12,two-tokens,AVG+MAX,SUM-11-12,4,"torch.Size([61, 1536])",12,0,batch-64-nhid-0-inlayer-12,NORMAL,85.76,89.27,94.7,88.97,90.88,92.8,70.55,87.56142857142856
1772,deberta-base,AVG+AVG-NS_SUM-11-12,two-tokens,AVG+AVG-NS,SUM-11-12,4,"torch.Size([61, 1536])",12,0,batch-64-nhid-0-inlayer-12,NORMAL,87.35,90.78,95.53,89.75,92.09,92.2,69.8,88.21428571428571
1773,deberta-base,AVG+SUM-NS_SUM-11-12,two-tokens,AVG+SUM-NS,SUM-11-12,4,"torch.Size([61, 1536])",12,0,batch-64-nhid-0-inlayer-12,NORMAL,86.99,89.62,95.07,89.02,91.6,93.8,68.41,87.78714285714284
1774,deberta-base,AVG+MAX-NS_SUM-11-12,two-tokens,AVG+MAX-NS,SUM-11-12,4,"torch.Size([61, 1536])",12,0,batch-64-nhid-0-inlayer-12,NORMAL,85.64,66.49,94.61,76.88,91.16,92.8,70.38,82.5657142857143
1775,deberta-base,SUM+MAX_SUM-11-12,two-tokens,SUM+MAX,SUM-11-12,4,"torch.Size([61, 1536])",12,0,batch-64-nhid-0-inlayer-12,NORMAL,87.03,89.59,95.39,88.79,91.49,93.0,68.06,87.62142857142855
1776,deberta-base,SUM+AVG-NS_SUM-11-12,two-tokens,SUM+AVG-NS,SUM-11-12,4,"torch.Size([61, 1536])",12,0,batch-64-nhid-0-inlayer-12,NORMAL,87.08,89.72,95.31,89.32,91.43,93.2,67.83,87.69857142857144
1777,deberta-base,SUM+SUM-NS_SUM-11-12,two-tokens,SUM+SUM-NS,SUM-11-12,4,"torch.Size([61, 1536])",12,0,batch-64-nhid-0-inlayer-12,NORMAL,87.07,89.99,95.3,89.08,91.43,93.6,68.06,87.78999999999999
1778,deberta-base,SUM+MAX-NS_SUM-11-12,two-tokens,SUM+MAX-NS,SUM-11-12,4,"torch.Size([61, 1536])",12,0,batch-64-nhid-0-inlayer-12,NORMAL,87.0,68.08,95.35,72.71,91.54,94.2,67.88,82.39428571428572
1779,deberta-base,MAX+AVG-NS_SUM-11-12,two-tokens,MAX+AVG-NS,SUM-11-12,4,"torch.Size([61, 1536])",12,0,batch-64-nhid-0-inlayer-12,NORMAL,85.83,89.35,94.64,89.34,91.21,92.0,70.09,87.49428571428571
1780,deberta-base,MAX+SUM-NS_SUM-11-12,two-tokens,MAX+SUM-NS,SUM-11-12,4,"torch.Size([61, 1536])",12,0,batch-64-nhid-0-inlayer-12,NORMAL,87.08,89.83,95.33,88.91,91.27,93.2,67.94,87.65142857142857
1781,deberta-base,MAX+MAX-NS_SUM-11-12,two-tokens,MAX+MAX-NS,SUM-11-12,4,"torch.Size([61, 1536])",12,0,batch-64-nhid-0-inlayer-12,NORMAL,82.85,65.85,92.74,42.89,87.81,89.8,70.38,76.04571428571428
1782,deberta-base,AVG-NS+SUM-NS_SUM-11-12,two-tokens,AVG-NS+SUM-NS,SUM-11-12,4,"torch.Size([61, 1536])",12,0,batch-64-nhid-0-inlayer-12,NORMAL,87.1,90.07,95.22,89.31,91.16,93.4,67.88,87.73428571428572
1783,deberta-base,AVG-NS+MAX-NS_SUM-11-12,two-tokens,AVG-NS+MAX-NS,SUM-11-12,4,"torch.Size([61, 1536])",12,0,batch-64-nhid-0-inlayer-12,NORMAL,85.95,66.25,94.83,42.93,91.43,92.4,71.07,77.83714285714284
1784,deberta-base,SUM-NS+MAX-NS_SUM-11-12,two-tokens,SUM-NS+MAX-NS,SUM-11-12,4,"torch.Size([61, 1536])",12,0,batch-64-nhid-0-inlayer-12,NORMAL,87.28,68.6,95.19,73.25,91.43,92.6,68.41,82.39428571428572
1785,deberta-base,CLS+AVG_SUM-1-3,two-tokens,CLS+AVG,SUM-1-3,4,"torch.Size([61, 1536])",12,0,batch-64-nhid-0-inlayer-12,NORMAL,78.87,80.69,93.67,89.27,83.03,90.6,74.09,84.31714285714285
1786,deberta-base,CLS+SUM_SUM-1-3,two-tokens,CLS+SUM,SUM-1-3,4,"torch.Size([61, 1536])",12,0,batch-64-nhid-0-inlayer-12,NORMAL,78.17,77.88,92.18,88.2,83.53,89.6,71.07,82.94714285714288
1787,deberta-base,CLS+MAX_SUM-1-3,two-tokens,CLS+MAX,SUM-1-3,4,"torch.Size([61, 1536])",12,0,batch-64-nhid-0-inlayer-12,NORMAL,73.18,76.58,89.31,88.06,77.32,89.0,69.8,80.46428571428571
1788,deberta-base,CLS+AVG-NS_SUM-1-3,two-tokens,CLS+AVG-NS,SUM-1-3,4,"torch.Size([61, 1536])",12,0,batch-64-nhid-0-inlayer-12,NORMAL,78.53,80.61,93.6,88.75,82.81,90.2,74.49,84.14142857142858
1789,deberta-base,CLS+SUM-NS_SUM-1-3,two-tokens,CLS+SUM-NS,SUM-1-3,4,"torch.Size([61, 1536])",12,0,batch-64-nhid-0-inlayer-12,NORMAL,77.84,77.7,91.73,87.99,83.42,90.0,70.67,82.76428571428572
1790,deberta-base,CLS+MAX-NS_SUM-1-3,two-tokens,CLS+MAX-NS,SUM-1-3,4,"torch.Size([61, 1536])",12,0,batch-64-nhid-0-inlayer-12,NORMAL,73.07,64.95,89.26,48.98,77.87,88.4,70.09,73.23142857142857
1791,deberta-base,AVG+SUM_SUM-1-3,two-tokens,AVG+SUM,SUM-1-3,4,"torch.Size([61, 1536])",12,0,batch-64-nhid-0-inlayer-12,NORMAL,78.17,77.8,92.23,87.76,83.14,88.6,70.49,82.59857142857142
1792,deberta-base,AVG+MAX_SUM-1-3,two-tokens,AVG+MAX,SUM-1-3,4,"torch.Size([61, 1536])",12,0,batch-64-nhid-0-inlayer-12,NORMAL,77.46,77.67,91.32,87.89,83.09,89.2,69.57,82.3142857142857
1793,deberta-base,AVG+AVG-NS_SUM-1-3,two-tokens,AVG+AVG-NS,SUM-1-3,4,"torch.Size([61, 1536])",12,0,batch-64-nhid-0-inlayer-12,NORMAL,78.38,80.37,93.4,88.6,83.69,90.2,71.94,83.79714285714284
1794,deberta-base,AVG+SUM-NS_SUM-1-3,two-tokens,AVG+SUM-NS,SUM-1-3,4,"torch.Size([61, 1536])",12,0,batch-64-nhid-0-inlayer-12,NORMAL,77.74,77.75,91.86,88.02,83.2,89.6,70.78,82.70714285714284
1795,deberta-base,AVG+MAX-NS_SUM-1-3,two-tokens,AVG+MAX-NS,SUM-1-3,4,"torch.Size([61, 1536])",12,0,batch-64-nhid-0-inlayer-12,NORMAL,77.24,65.03,91.33,49.14,82.92,89.4,70.55,75.08714285714284
1796,deberta-base,SUM+MAX_SUM-1-3,two-tokens,SUM+MAX,SUM-1-3,4,"torch.Size([61, 1536])",12,0,batch-64-nhid-0-inlayer-12,NORMAL,77.87,77.46,91.88,86.94,82.65,89.8,71.42,82.57428571428571
1797,deberta-base,SUM+AVG-NS_SUM-1-3,two-tokens,SUM+AVG-NS,SUM-1-3,4,"torch.Size([61, 1536])",12,0,batch-64-nhid-0-inlayer-12,NORMAL,78.11,77.7,92.21,87.65,82.65,89.0,71.01,82.61857142857141
1798,deberta-base,SUM+SUM-NS_SUM-1-3,two-tokens,SUM+SUM-NS,SUM-1-3,4,"torch.Size([61, 1536])",12,0,batch-64-nhid-0-inlayer-12,NORMAL,78.07,77.4,91.83,87.73,83.42,89.2,71.59,82.74857142857142
1799,deberta-base,SUM+MAX-NS_SUM-1-3,two-tokens,SUM+MAX-NS,SUM-1-3,4,"torch.Size([61, 1536])",12,0,batch-64-nhid-0-inlayer-12,NORMAL,77.62,73.91,91.96,85.92,83.09,89.6,70.96,81.86571428571429
1800,deberta-base,MAX+AVG-NS_SUM-1-3,two-tokens,MAX+AVG-NS,SUM-1-3,4,"torch.Size([61, 1536])",12,0,batch-64-nhid-0-inlayer-12,NORMAL,76.86,77.46,91.49,87.11,81.44,90.2,69.91,82.06714285714285
1801,deberta-base,MAX+SUM-NS_SUM-1-3,two-tokens,MAX+SUM-NS,SUM-1-3,4,"torch.Size([61, 1536])",12,0,batch-64-nhid-0-inlayer-12,NORMAL,77.47,76.85,91.74,87.01,83.14,90.0,71.25,82.49428571428572
1802,deberta-base,MAX+MAX-NS_SUM-1-3,two-tokens,MAX+MAX-NS,SUM-1-3,4,"torch.Size([61, 1536])",12,0,batch-64-nhid-0-inlayer-12,NORMAL,72.6,65.67,89.04,75.51,77.43,87.8,68.99,76.72
1803,deberta-base,AVG-NS+SUM-NS_SUM-1-3,two-tokens,AVG-NS+SUM-NS,SUM-1-3,4,"torch.Size([61, 1536])",12,0,batch-64-nhid-0-inlayer-12,NORMAL,77.79,77.64,91.82,87.54,82.92,90.2,71.36,82.75285714285714
1804,deberta-base,AVG-NS+MAX-NS_SUM-1-3,two-tokens,AVG-NS+MAX-NS,SUM-1-3,4,"torch.Size([61, 1536])",12,0,batch-64-nhid-0-inlayer-12,NORMAL,77.09,64.95,91.58,49.05,82.15,90.6,70.67,75.1557142857143
1805,deberta-base,SUM-NS+MAX-NS_SUM-1-3,two-tokens,SUM-NS+MAX-NS,SUM-1-3,4,"torch.Size([61, 1536])",12,0,batch-64-nhid-0-inlayer-12,NORMAL,77.46,73.64,91.62,81.94,83.69,89.4,70.55,81.18571428571428
1806,deberta-base,CLS+AVG_SUM-2-4,two-tokens,CLS+AVG,SUM-2-4,4,"torch.Size([61, 1536])",12,0,batch-64-nhid-0-inlayer-12,NORMAL,80.0,83.21,94.18,89.31,85.39,92.6,73.28,85.4242857142857
1807,deberta-base,CLS+SUM_SUM-2-4,two-tokens,CLS+SUM,SUM-2-4,4,"torch.Size([61, 1536])",12,0,batch-64-nhid-0-inlayer-12,NORMAL,79.78,80.37,92.6,88.52,84.73,90.8,70.78,83.93999999999998
1808,deberta-base,CLS+MAX_SUM-2-4,two-tokens,CLS+MAX,SUM-2-4,4,"torch.Size([61, 1536])",12,0,batch-64-nhid-0-inlayer-12,NORMAL,75.02,78.49,90.6,88.26,78.36,91.8,71.19,81.96000000000001
1809,deberta-base,CLS+AVG-NS_SUM-2-4,two-tokens,CLS+AVG-NS,SUM-2-4,4,"torch.Size([61, 1536])",12,0,batch-64-nhid-0-inlayer-12,NORMAL,79.6,82.68,94.15,89.02,84.84,92.8,74.49,85.36857142857141
1810,deberta-base,CLS+SUM-NS_SUM-2-4,two-tokens,CLS+SUM-NS,SUM-2-4,4,"torch.Size([61, 1536])",12,0,batch-64-nhid-0-inlayer-12,NORMAL,79.28,80.42,92.98,88.47,85.06,90.2,69.62,83.71857142857142
1811,deberta-base,CLS+MAX-NS_SUM-2-4,two-tokens,CLS+MAX-NS,SUM-2-4,4,"torch.Size([61, 1536])",12,0,batch-64-nhid-0-inlayer-12,NORMAL,75.0,65.06,90.83,49.25,78.2,90.2,70.49,74.14714285714285
1812,deberta-base,AVG+SUM_SUM-2-4,two-tokens,AVG+SUM,SUM-2-4,4,"torch.Size([61, 1536])",12,0,batch-64-nhid-0-inlayer-12,NORMAL,79.76,80.48,92.76,88.08,85.01,91.0,70.09,83.88285714285713
1813,deberta-base,AVG+MAX_SUM-2-4,two-tokens,AVG+MAX,SUM-2-4,4,"torch.Size([61, 1536])",12,0,batch-64-nhid-0-inlayer-12,NORMAL,78.19,79.87,92.36,88.25,84.57,91.6,70.9,83.67714285714285
1814,deberta-base,AVG+AVG-NS_SUM-2-4,two-tokens,AVG+AVG-NS,SUM-2-4,4,"torch.Size([61, 1536])",12,0,batch-64-nhid-0-inlayer-12,NORMAL,79.71,82.41,93.92,88.96,86.11,92.2,73.04,85.19285714285715
1815,deberta-base,AVG+SUM-NS_SUM-2-4,two-tokens,AVG+SUM-NS,SUM-2-4,4,"torch.Size([61, 1536])",12,0,batch-64-nhid-0-inlayer-12,NORMAL,79.28,80.16,92.78,88.28,84.68,91.2,70.55,83.84714285714286
1816,deberta-base,AVG+MAX-NS_SUM-2-4,two-tokens,AVG+MAX-NS,SUM-2-4,4,"torch.Size([61, 1536])",12,0,batch-64-nhid-0-inlayer-12,NORMAL,78.03,65.11,92.53,49.23,84.4,91.4,70.96,75.95142857142856
1817,deberta-base,SUM+MAX_SUM-2-4,two-tokens,SUM+MAX,SUM-2-4,4,"torch.Size([61, 1536])",12,0,batch-64-nhid-0-inlayer-12,NORMAL,79.36,80.03,92.62,87.57,84.84,90.8,70.72,83.70571428571428
1818,deberta-base,SUM+AVG-NS_SUM-2-4,two-tokens,SUM+AVG-NS,SUM-2-4,4,"torch.Size([61, 1536])",12,0,batch-64-nhid-0-inlayer-12,NORMAL,79.71,80.56,92.75,88.04,85.23,90.8,70.32,83.9157142857143
1819,deberta-base,SUM+SUM-NS_SUM-2-4,two-tokens,SUM+SUM-NS,SUM-2-4,4,"torch.Size([61, 1536])",12,0,batch-64-nhid-0-inlayer-12,NORMAL,79.41,80.74,92.85,88.34,84.4,90.0,70.14,83.69714285714285
1820,deberta-base,SUM+MAX-NS_SUM-2-4,two-tokens,SUM+MAX-NS,SUM-2-4,4,"torch.Size([61, 1536])",12,0,batch-64-nhid-0-inlayer-12,NORMAL,79.6,75.13,92.73,82.68,85.17,91.2,71.07,82.51142857142857
1821,deberta-base,MAX+AVG-NS_SUM-2-4,two-tokens,MAX+AVG-NS,SUM-2-4,4,"torch.Size([61, 1536])",12,0,batch-64-nhid-0-inlayer-12,NORMAL,77.96,80.08,92.43,87.56,83.64,91.8,71.42,83.55571428571427
1822,deberta-base,MAX+SUM-NS_SUM-2-4,two-tokens,MAX+SUM-NS,SUM-2-4,4,"torch.Size([61, 1536])",12,0,batch-64-nhid-0-inlayer-12,NORMAL,78.93,80.02,92.6,87.42,85.39,90.4,70.38,83.59142857142857
1823,deberta-base,MAX+MAX-NS_SUM-2-4,two-tokens,MAX+MAX-NS,SUM-2-4,4,"torch.Size([61, 1536])",12,0,batch-64-nhid-0-inlayer-12,NORMAL,74.71,64.98,90.62,72.45,78.25,90.4,70.14,77.36428571428571
1824,deberta-base,AVG-NS+SUM-NS_SUM-2-4,two-tokens,AVG-NS+SUM-NS,SUM-2-4,4,"torch.Size([61, 1536])",12,0,batch-64-nhid-0-inlayer-12,NORMAL,79.3,80.08,92.77,88.14,85.23,90.6,69.57,83.67
1825,deberta-base,AVG-NS+MAX-NS_SUM-2-4,two-tokens,AVG-NS+MAX-NS,SUM-2-4,4,"torch.Size([61, 1536])",12,0,batch-64-nhid-0-inlayer-12,NORMAL,78.17,65.11,92.4,49.23,83.25,92.2,72.0,76.05142857142857
1826,deberta-base,SUM-NS+MAX-NS_SUM-2-4,two-tokens,SUM-NS+MAX-NS,SUM-2-4,4,"torch.Size([61, 1536])",12,0,batch-64-nhid-0-inlayer-12,NORMAL,78.86,75.66,92.48,81.8,85.5,93.0,69.33,82.37571428571428
1827,deberta-base,CLS+AVG_SUM-3-5,two-tokens,CLS+AVG,SUM-3-5,4,"torch.Size([61, 1536])",12,0,batch-64-nhid-0-inlayer-12,NORMAL,80.92,85.17,94.59,89.6,86.88,93.6,74.49,86.46428571428571
1828,deberta-base,CLS+SUM_SUM-3-5,two-tokens,CLS+SUM,SUM-3-5,4,"torch.Size([61, 1536])",12,0,batch-64-nhid-0-inlayer-12,NORMAL,80.78,82.3,93.02,88.6,86.77,92.8,70.43,84.95714285714283
1829,deberta-base,CLS+MAX_SUM-3-5,two-tokens,CLS+MAX,SUM-3-5,4,"torch.Size([61, 1536])",12,0,batch-64-nhid-0-inlayer-12,NORMAL,76.56,80.29,91.35,88.43,81.05,92.0,71.25,82.99000000000001
1830,deberta-base,CLS+AVG-NS_SUM-3-5,two-tokens,CLS+AVG-NS,SUM-3-5,4,"torch.Size([61, 1536])",12,0,batch-64-nhid-0-inlayer-12,NORMAL,80.54,84.87,94.71,89.36,86.77,93.8,74.72,86.39571428571428
1831,deberta-base,CLS+SUM-NS_SUM-3-5,two-tokens,CLS+SUM-NS,SUM-3-5,4,"torch.Size([61, 1536])",12,0,batch-64-nhid-0-inlayer-12,NORMAL,80.56,82.52,92.95,88.7,86.49,93.6,69.22,84.86285714285714
1832,deberta-base,CLS+MAX-NS_SUM-3-5,two-tokens,CLS+MAX-NS,SUM-3-5,4,"torch.Size([61, 1536])",12,0,batch-64-nhid-0-inlayer-12,NORMAL,76.24,65.35,91.31,49.32,80.62,93.4,71.65,75.41285714285713
1833,deberta-base,AVG+SUM_SUM-3-5,two-tokens,AVG+SUM,SUM-3-5,4,"torch.Size([61, 1536])",12,0,batch-64-nhid-0-inlayer-12,NORMAL,80.68,82.36,93.06,88.57,86.05,93.0,69.68,84.77142857142859
1834,deberta-base,AVG+MAX_SUM-3-5,two-tokens,AVG+MAX,SUM-3-5,4,"torch.Size([61, 1536])",12,0,batch-64-nhid-0-inlayer-12,NORMAL,79.15,82.31,93.16,88.63,86.33,93.6,71.25,84.91857142857143
1835,deberta-base,AVG+AVG-NS_SUM-3-5,two-tokens,AVG+AVG-NS,SUM-3-5,4,"torch.Size([61, 1536])",12,0,batch-64-nhid-0-inlayer-12,NORMAL,80.8,84.35,94.43,89.02,86.77,92.8,73.74,85.98714285714286
1836,deberta-base,AVG+SUM-NS_SUM-3-5,two-tokens,AVG+SUM-NS,SUM-3-5,4,"torch.Size([61, 1536])",12,0,batch-64-nhid-0-inlayer-12,NORMAL,80.44,82.2,93.13,88.29,86.16,93.2,69.57,84.71285714285715
1837,deberta-base,AVG+MAX-NS_SUM-3-5,two-tokens,AVG+MAX-NS,SUM-3-5,4,"torch.Size([61, 1536])",12,0,batch-64-nhid-0-inlayer-12,NORMAL,79.01,65.59,93.18,49.24,85.67,93.2,72.58,76.92428571428572
1838,deberta-base,SUM+MAX_SUM-3-5,two-tokens,SUM+MAX,SUM-3-5,4,"torch.Size([61, 1536])",12,0,batch-64-nhid-0-inlayer-12,NORMAL,80.62,82.49,92.98,87.93,86.27,93.2,70.14,84.80428571428571
1839,deberta-base,SUM+AVG-NS_SUM-3-5,two-tokens,SUM+AVG-NS,SUM-3-5,4,"torch.Size([61, 1536])",12,0,batch-64-nhid-0-inlayer-12,NORMAL,80.53,82.25,93.06,88.0,86.22,92.8,70.84,84.81428571428572
1840,deberta-base,SUM+SUM-NS_SUM-3-5,two-tokens,SUM+SUM-NS,SUM-3-5,4,"torch.Size([61, 1536])",12,0,batch-64-nhid-0-inlayer-12,NORMAL,80.51,82.2,93.05,88.54,86.33,93.8,70.14,84.93857142857142
1841,deberta-base,SUM+MAX-NS_SUM-3-5,two-tokens,SUM+MAX-NS,SUM-3-5,4,"torch.Size([61, 1536])",12,0,batch-64-nhid-0-inlayer-12,NORMAL,80.58,74.68,92.97,81.91,86.05,93.4,69.74,82.76142857142858
1842,deberta-base,MAX+AVG-NS_SUM-3-5,two-tokens,MAX+AVG-NS,SUM-3-5,4,"torch.Size([61, 1536])",12,0,batch-64-nhid-0-inlayer-12,NORMAL,79.4,81.88,93.14,88.03,84.84,93.4,72.52,84.74428571428572
1843,deberta-base,MAX+SUM-NS_SUM-3-5,two-tokens,MAX+SUM-NS,SUM-3-5,4,"torch.Size([61, 1536])",12,0,batch-64-nhid-0-inlayer-12,NORMAL,80.53,81.59,93.12,87.9,86.49,93.4,69.86,84.69857142857143
1844,deberta-base,MAX+MAX-NS_SUM-3-5,two-tokens,MAX+MAX-NS,SUM-3-5,4,"torch.Size([61, 1536])",12,0,batch-64-nhid-0-inlayer-12,NORMAL,75.34,65.99,91.17,84.51,80.34,92.6,70.84,80.11285714285715
1845,deberta-base,AVG-NS+SUM-NS_SUM-3-5,two-tokens,AVG-NS+SUM-NS,SUM-3-5,4,"torch.Size([61, 1536])",12,0,batch-64-nhid-0-inlayer-12,NORMAL,80.42,82.33,92.96,87.87,86.11,93.4,69.33,84.63142857142859
1846,deberta-base,AVG-NS+MAX-NS_SUM-3-5,two-tokens,AVG-NS+MAX-NS,SUM-3-5,4,"torch.Size([61, 1536])",12,0,batch-64-nhid-0-inlayer-12,NORMAL,79.04,65.56,93.23,72.5,85.06,93.4,72.12,80.13000000000001
1847,deberta-base,SUM-NS+MAX-NS_SUM-3-5,two-tokens,SUM-NS+MAX-NS,SUM-3-5,4,"torch.Size([61, 1536])",12,0,batch-64-nhid-0-inlayer-12,NORMAL,80.56,74.94,92.84,77.01,86.38,93.6,69.91,82.17714285714285
1848,deberta-base,CLS+AVG_SUM-4-6,two-tokens,CLS+AVG,SUM-4-6,4,"torch.Size([61, 1536])",12,0,batch-64-nhid-0-inlayer-12,NORMAL,82.12,86.97,95.05,90.06,87.75,94.2,75.13,87.32571428571428
1849,deberta-base,CLS+SUM_SUM-4-6,two-tokens,CLS+SUM,SUM-4-6,4,"torch.Size([61, 1536])",12,0,batch-64-nhid-0-inlayer-12,NORMAL,81.53,84.16,93.55,89.01,87.15,93.8,70.72,85.70285714285714
1850,deberta-base,CLS+MAX_SUM-4-6,two-tokens,CLS+MAX,SUM-4-6,4,"torch.Size([61, 1536])",12,0,batch-64-nhid-0-inlayer-12,NORMAL,77.67,81.85,92.37,88.84,81.33,93.2,71.77,83.86142857142856
1851,deberta-base,CLS+AVG-NS_SUM-4-6,two-tokens,CLS+AVG-NS,SUM-4-6,4,"torch.Size([61, 1536])",12,0,batch-64-nhid-0-inlayer-12,NORMAL,81.93,86.97,95.09,89.77,87.7,94.4,73.28,87.02
1852,deberta-base,CLS+SUM-NS_SUM-4-6,two-tokens,CLS+SUM-NS,SUM-4-6,4,"torch.Size([61, 1536])",12,0,batch-64-nhid-0-inlayer-12,NORMAL,81.5,84.19,93.42,88.92,87.1,94.0,70.43,85.65142857142857
1853,deberta-base,CLS+MAX-NS_SUM-4-6,two-tokens,CLS+MAX-NS,SUM-4-6,4,"torch.Size([61, 1536])",12,0,batch-64-nhid-0-inlayer-12,NORMAL,77.63,65.69,92.23,49.51,81.66,93.0,71.83,75.9357142857143
1854,deberta-base,AVG+SUM_SUM-4-6,two-tokens,AVG+SUM,SUM-4-6,4,"torch.Size([61, 1536])",12,0,batch-64-nhid-0-inlayer-12,NORMAL,81.48,84.18,93.56,89.02,86.22,93.8,70.55,85.5442857142857
1855,deberta-base,AVG+MAX_SUM-4-6,two-tokens,AVG+MAX,SUM-4-6,4,"torch.Size([61, 1536])",12,0,batch-64-nhid-0-inlayer-12,NORMAL,80.8,84.61,93.7,88.73,86.0,93.8,72.41,85.72142857142856
1856,deberta-base,AVG+AVG-NS_SUM-4-6,two-tokens,AVG+AVG-NS,SUM-4-6,4,"torch.Size([61, 1536])",12,0,batch-64-nhid-0-inlayer-12,NORMAL,81.83,86.38,94.86,89.76,88.08,94.0,74.2,87.01571428571428
1857,deberta-base,AVG+SUM-NS_SUM-4-6,two-tokens,AVG+SUM-NS,SUM-4-6,4,"torch.Size([61, 1536])",12,0,batch-64-nhid-0-inlayer-12,NORMAL,81.49,84.11,93.23,88.91,85.67,94.2,70.14,85.39285714285714
1858,deberta-base,AVG+MAX-NS_SUM-4-6,two-tokens,AVG+MAX-NS,SUM-4-6,4,"torch.Size([61, 1536])",12,0,batch-64-nhid-0-inlayer-12,NORMAL,80.72,65.96,93.76,49.36,86.33,94.2,71.65,77.42571428571429
1859,deberta-base,SUM+MAX_SUM-4-6,two-tokens,SUM+MAX,SUM-4-6,4,"torch.Size([61, 1536])",12,0,batch-64-nhid-0-inlayer-12,NORMAL,80.87,84.53,93.6,88.51,86.49,94.4,71.42,85.68857142857142
1860,deberta-base,SUM+AVG-NS_SUM-4-6,two-tokens,SUM+AVG-NS,SUM-4-6,4,"torch.Size([61, 1536])",12,0,batch-64-nhid-0-inlayer-12,NORMAL,81.52,84.13,93.44,88.7,86.6,93.8,71.25,85.63428571428571
1861,deberta-base,SUM+SUM-NS_SUM-4-6,two-tokens,SUM+SUM-NS,SUM-4-6,4,"torch.Size([61, 1536])",12,0,batch-64-nhid-0-inlayer-12,NORMAL,81.25,84.45,93.34,88.94,87.1,93.8,70.49,85.6242857142857
1862,deberta-base,SUM+MAX-NS_SUM-4-6,two-tokens,SUM+MAX-NS,SUM-4-6,4,"torch.Size([61, 1536])",12,0,batch-64-nhid-0-inlayer-12,NORMAL,81.04,77.41,93.52,80.75,86.55,94.0,71.48,83.53571428571429
1863,deberta-base,MAX+AVG-NS_SUM-4-6,two-tokens,MAX+AVG-NS,SUM-4-6,4,"torch.Size([61, 1536])",12,0,batch-64-nhid-0-inlayer-12,NORMAL,81.06,84.29,93.7,88.6,86.11,94.4,72.46,85.80285714285715
1864,deberta-base,MAX+SUM-NS_SUM-4-6,two-tokens,MAX+SUM-NS,SUM-4-6,4,"torch.Size([61, 1536])",12,0,batch-64-nhid-0-inlayer-12,NORMAL,81.22,84.24,93.31,88.34,85.89,94.6,70.09,85.38428571428572
1865,deberta-base,MAX+MAX-NS_SUM-4-6,two-tokens,MAX+MAX-NS,SUM-4-6,4,"torch.Size([61, 1536])",12,0,batch-64-nhid-0-inlayer-12,NORMAL,77.49,65.8,91.94,83.59,80.83,92.4,71.01,80.43714285714285
1866,deberta-base,AVG-NS+SUM-NS_SUM-4-6,two-tokens,AVG-NS+SUM-NS,SUM-4-6,4,"torch.Size([61, 1536])",12,0,batch-64-nhid-0-inlayer-12,NORMAL,81.57,84.03,93.4,88.77,86.55,94.4,70.2,85.56000000000002
1867,deberta-base,AVG-NS+MAX-NS_SUM-4-6,two-tokens,AVG-NS+MAX-NS,SUM-4-6,4,"torch.Size([61, 1536])",12,0,batch-64-nhid-0-inlayer-12,NORMAL,80.53,65.88,93.81,80.29,86.0,94.2,72.17,81.84
1868,deberta-base,SUM-NS+MAX-NS_SUM-4-6,two-tokens,SUM-NS+MAX-NS,SUM-4-6,4,"torch.Size([61, 1536])",12,0,batch-64-nhid-0-inlayer-12,NORMAL,81.04,77.65,93.32,73.84,86.71,94.4,70.03,82.42714285714285
1869,deberta-base,CLS+AVG_SUM-5-7,two-tokens,CLS+AVG,SUM-5-7,4,"torch.Size([61, 1536])",12,0,batch-64-nhid-0-inlayer-12,NORMAL,84.01,89.25,95.68,90.39,89.13,94.4,76.0,88.40857142857143
1870,deberta-base,CLS+SUM_SUM-5-7,two-tokens,CLS+SUM,SUM-5-7,4,"torch.Size([61, 1536])",12,0,batch-64-nhid-0-inlayer-12,NORMAL,83.24,86.38,94.18,89.28,88.08,93.8,70.67,86.51857142857143
1871,deberta-base,CLS+MAX_SUM-5-7,two-tokens,CLS+MAX,SUM-5-7,4,"torch.Size([61, 1536])",12,0,batch-64-nhid-0-inlayer-12,NORMAL,79.63,83.36,92.77,89.12,84.18,93.0,70.84,84.7
1872,deberta-base,CLS+AVG-NS_SUM-5-7,two-tokens,CLS+AVG-NS,SUM-5-7,4,"torch.Size([61, 1536])",12,0,batch-64-nhid-0-inlayer-12,NORMAL,83.79,88.9,95.6,90.16,89.24,94.8,75.01,88.2142857142857
1873,deberta-base,CLS+SUM-NS_SUM-5-7,two-tokens,CLS+SUM-NS,SUM-5-7,4,"torch.Size([61, 1536])",12,0,batch-64-nhid-0-inlayer-12,NORMAL,83.09,85.8,94.24,89.11,88.19,94.2,70.84,86.49571428571429
1874,deberta-base,CLS+MAX-NS_SUM-5-7,two-tokens,CLS+MAX-NS,SUM-5-7,4,"torch.Size([61, 1536])",12,0,batch-64-nhid-0-inlayer-12,NORMAL,79.44,65.88,92.77,49.58,84.07,93.8,70.9,76.63428571428571
1875,deberta-base,AVG+SUM_SUM-5-7,two-tokens,AVG+SUM,SUM-5-7,4,"torch.Size([61, 1536])",12,0,batch-64-nhid-0-inlayer-12,NORMAL,83.2,86.36,94.21,89.23,88.14,93.8,69.8,86.39142857142856
1876,deberta-base,AVG+MAX_SUM-5-7,two-tokens,AVG+MAX,SUM-5-7,4,"torch.Size([61, 1536])",12,0,batch-64-nhid-0-inlayer-12,NORMAL,82.23,86.86,94.5,89.22,89.18,94.4,72.52,86.98714285714287
1877,deberta-base,AVG+AVG-NS_SUM-5-7,two-tokens,AVG+AVG-NS,SUM-5-7,4,"torch.Size([61, 1536])",12,0,batch-64-nhid-0-inlayer-12,NORMAL,83.61,88.43,95.41,89.93,89.51,94.6,74.03,87.93142857142857
1878,deberta-base,AVG+SUM-NS_SUM-5-7,two-tokens,AVG+SUM-NS,SUM-5-7,4,"torch.Size([61, 1536])",12,0,batch-64-nhid-0-inlayer-12,NORMAL,83.09,85.83,94.22,89.3,89.07,93.8,69.86,86.45285714285714
1879,deberta-base,AVG+MAX-NS_SUM-5-7,two-tokens,AVG+MAX-NS,SUM-5-7,4,"torch.Size([61, 1536])",12,0,batch-64-nhid-0-inlayer-12,NORMAL,82.1,65.98,94.33,49.52,88.74,94.8,71.88,78.19285714285714
1880,deberta-base,SUM+MAX_SUM-5-7,two-tokens,SUM+MAX,SUM-5-7,4,"torch.Size([61, 1536])",12,0,batch-64-nhid-0-inlayer-12,NORMAL,83.07,86.7,94.31,88.6,88.3,94.2,70.49,86.52428571428571
1881,deberta-base,SUM+AVG-NS_SUM-5-7,two-tokens,SUM+AVG-NS,SUM-5-7,4,"torch.Size([61, 1536])",12,0,batch-64-nhid-0-inlayer-12,NORMAL,83.32,86.6,94.32,89.11,88.85,93.6,70.61,86.63000000000001
1882,deberta-base,SUM+SUM-NS_SUM-5-7,two-tokens,SUM+SUM-NS,SUM-5-7,4,"torch.Size([61, 1536])",12,0,batch-64-nhid-0-inlayer-12,NORMAL,83.09,86.3,94.19,89.34,88.41,94.2,71.07,86.65714285714284
1883,deberta-base,SUM+MAX-NS_SUM-5-7,two-tokens,SUM+MAX-NS,SUM-5-7,4,"torch.Size([61, 1536])",12,0,batch-64-nhid-0-inlayer-12,NORMAL,82.96,81.88,94.21,79.57,88.85,94.0,70.43,84.55714285714284
1884,deberta-base,MAX+AVG-NS_SUM-5-7,two-tokens,MAX+AVG-NS,SUM-5-7,4,"torch.Size([61, 1536])",12,0,batch-64-nhid-0-inlayer-12,NORMAL,82.23,86.86,94.48,88.92,88.58,94.6,73.33,87.0
1885,deberta-base,MAX+SUM-NS_SUM-5-7,two-tokens,MAX+SUM-NS,SUM-5-7,4,"torch.Size([61, 1536])",12,0,batch-64-nhid-0-inlayer-12,NORMAL,83.01,86.09,94.19,88.57,88.69,94.6,70.43,86.51142857142857
1886,deberta-base,MAX+MAX-NS_SUM-5-7,two-tokens,MAX+MAX-NS,SUM-5-7,4,"torch.Size([61, 1536])",12,0,batch-64-nhid-0-inlayer-12,NORMAL,79.17,65.69,92.61,85.31,84.24,93.2,71.77,81.71285714285715
1887,deberta-base,AVG-NS+SUM-NS_SUM-5-7,two-tokens,AVG-NS+SUM-NS,SUM-5-7,4,"torch.Size([61, 1536])",12,0,batch-64-nhid-0-inlayer-12,NORMAL,83.0,86.25,94.19,88.99,89.02,94.2,71.07,86.67428571428572
1888,deberta-base,AVG-NS+MAX-NS_SUM-5-7,two-tokens,AVG-NS+MAX-NS,SUM-5-7,4,"torch.Size([61, 1536])",12,0,batch-64-nhid-0-inlayer-12,NORMAL,82.26,65.88,94.42,72.74,88.63,94.8,72.46,81.59857142857143
1889,deberta-base,SUM-NS+MAX-NS_SUM-5-7,two-tokens,SUM-NS+MAX-NS,SUM-5-7,4,"torch.Size([61, 1536])",12,0,batch-64-nhid-0-inlayer-12,NORMAL,82.86,82.07,94.33,83.52,88.85,94.0,70.55,85.16857142857143
1890,deberta-base,CLS+AVG_SUM-6-8,two-tokens,CLS+AVG,SUM-6-8,4,"torch.Size([61, 1536])",12,0,batch-64-nhid-0-inlayer-12,NORMAL,85.46,89.99,95.89,90.35,90.77,96.0,76.41,89.26714285714284
1891,deberta-base,CLS+SUM_SUM-6-8,two-tokens,CLS+SUM,SUM-6-8,4,"torch.Size([61, 1536])",12,0,batch-64-nhid-0-inlayer-12,NORMAL,84.69,87.6,94.41,89.22,90.17,95.2,72.0,87.61285714285714
1892,deberta-base,CLS+MAX_SUM-6-8,two-tokens,CLS+MAX,SUM-6-8,4,"torch.Size([61, 1536])",12,0,batch-64-nhid-0-inlayer-12,NORMAL,81.61,84.77,93.32,88.78,87.75,94.8,72.06,86.15571428571427
1893,deberta-base,CLS+AVG-NS_SUM-6-8,two-tokens,CLS+AVG-NS,SUM-6-8,4,"torch.Size([61, 1536])",12,0,batch-64-nhid-0-inlayer-12,NORMAL,85.39,89.75,95.77,90.22,91.16,96.0,75.48,89.11
1894,deberta-base,CLS+SUM-NS_SUM-6-8,two-tokens,CLS+SUM-NS,SUM-6-8,4,"torch.Size([61, 1536])",12,0,batch-64-nhid-0-inlayer-12,NORMAL,84.52,87.05,94.25,89.26,90.33,95.2,72.35,87.5657142857143
1895,deberta-base,CLS+MAX-NS_SUM-6-8,two-tokens,CLS+MAX-NS,SUM-6-8,4,"torch.Size([61, 1536])",12,0,batch-64-nhid-0-inlayer-12,NORMAL,81.49,65.98,93.21,49.62,87.53,95.0,71.71,77.79142857142858
1896,deberta-base,AVG+SUM_SUM-6-8,two-tokens,AVG+SUM,SUM-6-8,4,"torch.Size([61, 1536])",12,0,batch-64-nhid-0-inlayer-12,NORMAL,84.66,87.47,94.45,89.27,90.17,94.8,71.77,87.51285714285713
1897,deberta-base,AVG+MAX_SUM-6-8,two-tokens,AVG+MAX,SUM-6-8,4,"torch.Size([61, 1536])",12,0,batch-64-nhid-0-inlayer-12,NORMAL,83.7,87.92,94.6,89.4,90.23,96.2,73.22,87.8957142857143
1898,deberta-base,AVG+AVG-NS_SUM-6-8,two-tokens,AVG+AVG-NS,SUM-6-8,4,"torch.Size([61, 1536])",12,0,batch-64-nhid-0-inlayer-12,NORMAL,85.12,89.46,95.66,90.02,90.88,95.8,73.8,88.67714285714284
1899,deberta-base,AVG+SUM-NS_SUM-6-8,two-tokens,AVG+SUM-NS,SUM-6-8,4,"torch.Size([61, 1536])",12,0,batch-64-nhid-0-inlayer-12,NORMAL,84.53,87.13,94.28,89.34,90.5,95.4,71.13,87.47285714285714
1900,deberta-base,AVG+MAX-NS_SUM-6-8,two-tokens,AVG+MAX-NS,SUM-6-8,4,"torch.Size([61, 1536])",12,0,batch-64-nhid-0-inlayer-12,NORMAL,83.84,66.12,94.43,49.54,90.28,95.8,73.04,79.00714285714287
1901,deberta-base,SUM+MAX_SUM-6-8,two-tokens,SUM+MAX,SUM-6-8,4,"torch.Size([61, 1536])",12,0,batch-64-nhid-0-inlayer-12,NORMAL,84.4,87.68,94.29,88.52,90.17,95.0,71.71,87.39571428571428
1902,deberta-base,SUM+AVG-NS_SUM-6-8,two-tokens,SUM+AVG-NS,SUM-6-8,4,"torch.Size([61, 1536])",12,0,batch-64-nhid-0-inlayer-12,NORMAL,84.63,87.55,94.43,88.86,90.06,95.4,72.46,87.62714285714287
1903,deberta-base,SUM+SUM-NS_SUM-6-8,two-tokens,SUM+SUM-NS,SUM-6-8,4,"torch.Size([61, 1536])",12,0,batch-64-nhid-0-inlayer-12,NORMAL,84.46,87.2,94.3,89.09,90.06,95.2,72.0,87.47285714285714
1904,deberta-base,SUM+MAX-NS_SUM-6-8,two-tokens,SUM+MAX-NS,SUM-6-8,4,"torch.Size([61, 1536])",12,0,batch-64-nhid-0-inlayer-12,NORMAL,84.1,77.93,94.47,89.07,90.39,95.0,71.65,86.08714285714287
1905,deberta-base,MAX+AVG-NS_SUM-6-8,two-tokens,MAX+AVG-NS,SUM-6-8,4,"torch.Size([61, 1536])",12,0,batch-64-nhid-0-inlayer-12,NORMAL,83.73,87.84,94.75,89.23,90.44,95.2,73.39,87.79714285714286
1906,deberta-base,MAX+SUM-NS_SUM-6-8,two-tokens,MAX+SUM-NS,SUM-6-8,4,"torch.Size([61, 1536])",12,0,batch-64-nhid-0-inlayer-12,NORMAL,84.52,87.58,94.37,88.76,90.44,95.2,71.36,87.46142857142857
1907,deberta-base,MAX+MAX-NS_SUM-6-8,two-tokens,MAX+MAX-NS,SUM-6-8,4,"torch.Size([61, 1536])",12,0,batch-64-nhid-0-inlayer-12,NORMAL,81.59,65.96,92.91,82.12,87.37,95.0,71.3,82.32142857142857
1908,deberta-base,AVG-NS+SUM-NS_SUM-6-8,two-tokens,AVG-NS+SUM-NS,SUM-6-8,4,"torch.Size([61, 1536])",12,0,batch-64-nhid-0-inlayer-12,NORMAL,84.5,86.91,94.35,88.93,89.79,95.0,71.42,87.27142857142857
1909,deberta-base,AVG-NS+MAX-NS_SUM-6-8,two-tokens,AVG-NS+MAX-NS,SUM-6-8,4,"torch.Size([61, 1536])",12,0,batch-64-nhid-0-inlayer-12,NORMAL,83.72,66.17,94.45,72.93,90.23,96.4,73.45,82.47857142857143
1910,deberta-base,SUM-NS+MAX-NS_SUM-6-8,two-tokens,SUM-NS+MAX-NS,SUM-6-8,4,"torch.Size([61, 1536])",12,0,batch-64-nhid-0-inlayer-12,NORMAL,84.55,79.02,94.35,89.24,90.72,95.4,71.01,86.32714285714285
1911,deberta-base,CLS+AVG_SUM-7-9,two-tokens,CLS+AVG,SUM-7-9,4,"torch.Size([61, 1536])",12,0,batch-64-nhid-0-inlayer-12,NORMAL,86.53,90.89,95.7,90.31,91.6,95.6,76.7,89.61857142857143
1912,deberta-base,CLS+SUM_SUM-7-9,two-tokens,CLS+SUM,SUM-7-9,4,"torch.Size([61, 1536])",12,0,batch-64-nhid-0-inlayer-12,NORMAL,85.57,88.26,94.44,89.28,91.54,95.6,72.75,88.20571428571428
1913,deberta-base,CLS+MAX_SUM-7-9,two-tokens,CLS+MAX,SUM-7-9,4,"torch.Size([61, 1536])",12,0,batch-64-nhid-0-inlayer-12,NORMAL,83.55,86.68,93.54,88.71,89.13,94.6,71.71,86.8457142857143
1914,deberta-base,CLS+AVG-NS_SUM-7-9,two-tokens,CLS+AVG-NS,SUM-7-9,4,"torch.Size([61, 1536])",12,0,batch-64-nhid-0-inlayer-12,NORMAL,86.45,90.78,95.71,90.21,91.93,95.6,75.88,89.50857142857141
1915,deberta-base,CLS+SUM-NS_SUM-7-9,two-tokens,CLS+SUM-NS,SUM-7-9,4,"torch.Size([61, 1536])",12,0,batch-64-nhid-0-inlayer-12,NORMAL,85.47,88.29,94.32,89.31,91.76,95.6,72.87,88.23142857142857
1916,deberta-base,CLS+MAX-NS_SUM-7-9,two-tokens,CLS+MAX-NS,SUM-7-9,4,"torch.Size([61, 1536])",12,0,batch-64-nhid-0-inlayer-12,NORMAL,83.4,65.85,93.42,49.69,89.35,95.2,71.94,78.40714285714286
1917,deberta-base,AVG+SUM_SUM-7-9,two-tokens,AVG+SUM,SUM-7-9,4,"torch.Size([61, 1536])",12,0,batch-64-nhid-0-inlayer-12,NORMAL,85.53,88.29,94.41,89.24,90.55,95.6,73.16,88.11142857142856
1918,deberta-base,AVG+MAX_SUM-7-9,two-tokens,AVG+MAX,SUM-7-9,4,"torch.Size([61, 1536])",12,0,batch-64-nhid-0-inlayer-12,NORMAL,84.76,88.66,94.98,89.3,90.99,95.4,73.28,88.19571428571429
1919,deberta-base,AVG+AVG-NS_SUM-7-9,two-tokens,AVG+AVG-NS,SUM-7-9,4,"torch.Size([61, 1536])",12,0,batch-64-nhid-0-inlayer-12,NORMAL,86.3,90.01,95.53,89.89,92.15,95.8,75.48,89.30857142857143
1920,deberta-base,AVG+SUM-NS_SUM-7-9,two-tokens,AVG+SUM-NS,SUM-7-9,4,"torch.Size([61, 1536])",12,0,batch-64-nhid-0-inlayer-12,NORMAL,85.42,88.08,94.27,89.03,90.99,95.0,71.94,87.81857142857143
1921,deberta-base,AVG+MAX-NS_SUM-7-9,two-tokens,AVG+MAX-NS,SUM-7-9,4,"torch.Size([61, 1536])",12,0,batch-64-nhid-0-inlayer-12,NORMAL,84.94,66.04,94.95,49.68,91.1,95.4,73.22,79.33285714285715
1922,deberta-base,SUM+MAX_SUM-7-9,two-tokens,SUM+MAX,SUM-7-9,4,"torch.Size([61, 1536])",12,0,batch-64-nhid-0-inlayer-12,NORMAL,85.19,88.21,94.46,88.46,90.94,95.6,73.33,88.02714285714285
1923,deberta-base,SUM+AVG-NS_SUM-7-9,two-tokens,SUM+AVG-NS,SUM-7-9,4,"torch.Size([61, 1536])",12,0,batch-64-nhid-0-inlayer-12,NORMAL,85.67,88.29,94.5,89.16,90.94,95.6,73.22,88.19714285714285
1924,deberta-base,SUM+SUM-NS_SUM-7-9,two-tokens,SUM+SUM-NS,SUM-7-9,4,"torch.Size([61, 1536])",12,0,batch-64-nhid-0-inlayer-12,NORMAL,85.52,88.19,94.31,89.22,91.65,95.2,74.09,88.31142857142858
1925,deberta-base,SUM+MAX-NS_SUM-7-9,two-tokens,SUM+MAX-NS,SUM-7-9,4,"torch.Size([61, 1536])",12,0,batch-64-nhid-0-inlayer-12,NORMAL,85.34,82.2,94.43,90.13,91.43,95.8,73.45,87.54
1926,deberta-base,MAX+AVG-NS_SUM-7-9,two-tokens,MAX+AVG-NS,SUM-7-9,4,"torch.Size([61, 1536])",12,0,batch-64-nhid-0-inlayer-12,NORMAL,84.83,88.82,94.99,89.0,91.1,95.2,74.09,88.29
1927,deberta-base,MAX+SUM-NS_SUM-7-9,two-tokens,MAX+SUM-NS,SUM-7-9,4,"torch.Size([61, 1536])",12,0,batch-64-nhid-0-inlayer-12,NORMAL,85.37,88.13,94.35,88.18,90.88,95.6,73.04,87.93571428571428
1928,deberta-base,MAX+MAX-NS_SUM-7-9,two-tokens,MAX+MAX-NS,SUM-7-9,4,"torch.Size([61, 1536])",12,0,batch-64-nhid-0-inlayer-12,NORMAL,83.34,69.0,93.24,83.89,88.96,94.0,71.48,83.41571428571429
1929,deberta-base,AVG-NS+SUM-NS_SUM-7-9,two-tokens,AVG-NS+SUM-NS,SUM-7-9,4,"torch.Size([61, 1536])",12,0,batch-64-nhid-0-inlayer-12,NORMAL,85.62,88.0,94.25,89.26,91.32,95.4,73.28,88.16142857142857
1930,deberta-base,AVG-NS+MAX-NS_SUM-7-9,two-tokens,AVG-NS+MAX-NS,SUM-7-9,4,"torch.Size([61, 1536])",12,0,batch-64-nhid-0-inlayer-12,NORMAL,85.11,66.06,94.91,72.87,90.5,95.8,72.64,82.5557142857143
1931,deberta-base,SUM-NS+MAX-NS_SUM-7-9,two-tokens,SUM-NS+MAX-NS,SUM-7-9,4,"torch.Size([61, 1536])",12,0,batch-64-nhid-0-inlayer-12,NORMAL,85.18,76.72,94.47,89.91,91.1,95.6,73.33,86.61571428571429
1932,deberta-base,CLS+AVG_SUM-8-10,two-tokens,CLS+AVG,SUM-8-10,4,"torch.Size([61, 1536])",12,0,batch-64-nhid-0-inlayer-12,NORMAL,87.48,91.55,96.13,90.18,92.48,96.4,77.16,90.19714285714284
1933,deberta-base,CLS+SUM_SUM-8-10,two-tokens,CLS+SUM,SUM-8-10,4,"torch.Size([61, 1536])",12,0,batch-64-nhid-0-inlayer-12,NORMAL,86.4,89.11,94.72,89.37,91.93,95.2,72.23,88.42285714285715
1934,deberta-base,CLS+MAX_SUM-8-10,two-tokens,CLS+MAX,SUM-8-10,4,"torch.Size([61, 1536])",12,0,batch-64-nhid-0-inlayer-12,NORMAL,84.44,88.34,93.42,88.92,89.84,95.0,72.46,87.48857142857143
1935,deberta-base,CLS+AVG-NS_SUM-8-10,two-tokens,CLS+AVG-NS,SUM-8-10,4,"torch.Size([61, 1536])",12,0,batch-64-nhid-0-inlayer-12,NORMAL,87.29,91.23,95.92,89.94,92.2,95.8,76.64,89.86
1936,deberta-base,CLS+SUM-NS_SUM-8-10,two-tokens,CLS+SUM-NS,SUM-8-10,4,"torch.Size([61, 1536])",12,0,batch-64-nhid-0-inlayer-12,NORMAL,86.45,88.71,94.47,89.28,91.43,95.4,72.81,88.36428571428571
1937,deberta-base,CLS+MAX-NS_SUM-8-10,two-tokens,CLS+MAX-NS,SUM-8-10,4,"torch.Size([61, 1536])",12,0,batch-64-nhid-0-inlayer-12,NORMAL,84.46,66.04,93.37,49.59,89.79,94.4,72.7,78.6214285714286
1938,deberta-base,AVG+SUM_SUM-8-10,two-tokens,AVG+SUM,SUM-8-10,4,"torch.Size([61, 1536])",12,0,batch-64-nhid-0-inlayer-12,NORMAL,86.46,89.38,94.73,89.28,91.98,95.2,74.03,88.72285714285715
1939,deberta-base,AVG+MAX_SUM-8-10,two-tokens,AVG+MAX,SUM-8-10,4,"torch.Size([61, 1536])",12,0,batch-64-nhid-0-inlayer-12,NORMAL,85.96,90.04,95.12,89.14,91.98,95.6,73.86,88.81428571428572
1940,deberta-base,AVG+AVG-NS_SUM-8-10,two-tokens,AVG+AVG-NS,SUM-8-10,4,"torch.Size([61, 1536])",12,0,batch-64-nhid-0-inlayer-12,NORMAL,87.29,91.02,95.92,89.72,92.53,95.6,75.77,89.69285714285715
1941,deberta-base,AVG+SUM-NS_SUM-8-10,two-tokens,AVG+SUM-NS,SUM-8-10,4,"torch.Size([61, 1536])",12,0,batch-64-nhid-0-inlayer-12,NORMAL,86.48,88.98,94.49,89.29,91.98,95.2,72.23,88.37857142857145
1942,deberta-base,AVG+MAX-NS_SUM-8-10,two-tokens,AVG+MAX-NS,SUM-8-10,4,"torch.Size([61, 1536])",12,0,batch-64-nhid-0-inlayer-12,NORMAL,85.89,66.2,94.94,49.56,91.82,95.0,72.87,79.46857142857142
1943,deberta-base,SUM+MAX_SUM-8-10,two-tokens,SUM+MAX,SUM-8-10,4,"torch.Size([61, 1536])",12,0,batch-64-nhid-0-inlayer-12,NORMAL,86.18,89.56,94.77,88.85,91.98,95.0,73.33,88.52428571428572
1944,deberta-base,SUM+AVG-NS_SUM-8-10,two-tokens,SUM+AVG-NS,SUM-8-10,4,"torch.Size([61, 1536])",12,0,batch-64-nhid-0-inlayer-12,NORMAL,86.41,89.3,94.68,89.16,92.7,95.4,72.93,88.6542857142857
1945,deberta-base,SUM+SUM-NS_SUM-8-10,two-tokens,SUM+SUM-NS,SUM-8-10,4,"torch.Size([61, 1536])",12,0,batch-64-nhid-0-inlayer-12,NORMAL,86.33,88.95,94.65,89.35,91.6,95.0,72.93,88.40142857142857
1946,deberta-base,SUM+MAX-NS_SUM-8-10,two-tokens,SUM+MAX-NS,SUM-8-10,4,"torch.Size([61, 1536])",12,0,batch-64-nhid-0-inlayer-12,NORMAL,86.12,70.14,94.7,85.54,92.09,95.4,72.64,85.23285714285714
1947,deberta-base,MAX+AVG-NS_SUM-8-10,two-tokens,MAX+AVG-NS,SUM-8-10,4,"torch.Size([61, 1536])",12,0,batch-64-nhid-0-inlayer-12,NORMAL,85.9,89.99,95.05,88.84,91.76,95.6,73.45,88.6557142857143
1948,deberta-base,MAX+SUM-NS_SUM-8-10,two-tokens,MAX+SUM-NS,SUM-8-10,4,"torch.Size([61, 1536])",12,0,batch-64-nhid-0-inlayer-12,NORMAL,86.3,89.06,94.58,88.64,92.04,95.4,73.16,88.4542857142857
1949,deberta-base,MAX+MAX-NS_SUM-8-10,two-tokens,MAX+MAX-NS,SUM-8-10,4,"torch.Size([61, 1536])",12,0,batch-64-nhid-0-inlayer-12,NORMAL,84.12,66.04,93.21,80.9,89.79,94.2,72.0,82.89428571428572
1950,deberta-base,AVG-NS+SUM-NS_SUM-8-10,two-tokens,AVG-NS+SUM-NS,SUM-8-10,4,"torch.Size([61, 1536])",12,0,batch-64-nhid-0-inlayer-12,NORMAL,86.45,89.01,94.51,89.18,92.09,95.2,72.87,88.47285714285715
1951,deberta-base,AVG-NS+MAX-NS_SUM-8-10,two-tokens,AVG-NS+MAX-NS,SUM-8-10,4,"torch.Size([61, 1536])",12,0,batch-64-nhid-0-inlayer-12,NORMAL,85.96,66.3,94.99,72.82,91.6,95.4,73.22,82.89857142857143
1952,deberta-base,SUM-NS+MAX-NS_SUM-8-10,two-tokens,SUM-NS+MAX-NS,SUM-8-10,4,"torch.Size([61, 1536])",12,0,batch-64-nhid-0-inlayer-12,NORMAL,86.4,73.94,94.52,89.32,91.54,95.2,73.39,86.33000000000001
1953,deberta-base,CLS+AVG_SUM-9-11,two-tokens,CLS+AVG,SUM-9-11,4,"torch.Size([61, 1536])",12,0,batch-64-nhid-0-inlayer-12,NORMAL,87.97,91.76,95.96,90.45,92.53,95.8,76.41,90.12571428571428
1954,deberta-base,CLS+SUM_SUM-9-11,two-tokens,CLS+SUM,SUM-9-11,4,"torch.Size([61, 1536])",12,0,batch-64-nhid-0-inlayer-12,NORMAL,87.05,89.06,94.67,88.99,91.21,96.2,72.29,88.49571428571429
1955,deberta-base,CLS+MAX_SUM-9-11,two-tokens,CLS+MAX,SUM-9-11,4,"torch.Size([61, 1536])",12,0,batch-64-nhid-0-inlayer-12,NORMAL,85.0,88.11,93.71,88.68,90.72,94.2,71.59,87.43000000000002
1956,deberta-base,CLS+AVG-NS_SUM-9-11,two-tokens,CLS+AVG-NS,SUM-9-11,4,"torch.Size([61, 1536])",12,0,batch-64-nhid-0-inlayer-12,NORMAL,87.77,91.5,96.04,89.92,92.31,95.8,76.41,89.96428571428571
1957,deberta-base,CLS+SUM-NS_SUM-9-11,two-tokens,CLS+SUM-NS,SUM-9-11,4,"torch.Size([61, 1536])",12,0,batch-64-nhid-0-inlayer-12,NORMAL,86.8,89.09,94.6,89.1,91.38,95.2,72.7,88.41000000000001
1958,deberta-base,CLS+MAX-NS_SUM-9-11,two-tokens,CLS+MAX-NS,SUM-9-11,4,"torch.Size([61, 1536])",12,0,batch-64-nhid-0-inlayer-12,NORMAL,84.81,67.97,93.44,72.89,90.66,94.6,71.36,82.24714285714286
1959,deberta-base,AVG+SUM_SUM-9-11,two-tokens,AVG+SUM,SUM-9-11,4,"torch.Size([61, 1536])",12,0,batch-64-nhid-0-inlayer-12,NORMAL,86.92,89.17,94.74,89.13,91.43,96.0,72.87,88.60857142857142
1960,deberta-base,AVG+MAX_SUM-9-11,two-tokens,AVG+MAX,SUM-9-11,4,"torch.Size([61, 1536])",12,0,batch-64-nhid-0-inlayer-12,NORMAL,86.54,90.2,95.09,89.16,92.31,95.2,73.33,88.83285714285715
1961,deberta-base,AVG+AVG-NS_SUM-9-11,two-tokens,AVG+AVG-NS,SUM-9-11,4,"torch.Size([61, 1536])",12,0,batch-64-nhid-0-inlayer-12,NORMAL,87.68,91.15,95.85,89.9,92.26,96.0,75.59,89.7757142857143
1962,deberta-base,AVG+SUM-NS_SUM-9-11,two-tokens,AVG+SUM-NS,SUM-9-11,4,"torch.Size([61, 1536])",12,0,batch-64-nhid-0-inlayer-12,NORMAL,86.89,89.11,94.63,89.19,91.05,95.6,71.59,88.29428571428572
1963,deberta-base,AVG+MAX-NS_SUM-9-11,two-tokens,AVG+MAX-NS,SUM-9-11,4,"torch.Size([61, 1536])",12,0,batch-64-nhid-0-inlayer-12,NORMAL,86.76,66.2,94.76,49.36,92.31,95.4,72.7,79.64142857142859
1964,deberta-base,SUM+MAX_SUM-9-11,two-tokens,SUM+MAX,SUM-9-11,4,"torch.Size([61, 1536])",12,0,batch-64-nhid-0-inlayer-12,NORMAL,86.87,89.43,94.94,89.05,91.54,96.4,72.87,88.72857142857143
1965,deberta-base,SUM+AVG-NS_SUM-9-11,two-tokens,SUM+AVG-NS,SUM-9-11,4,"torch.Size([61, 1536])",12,0,batch-64-nhid-0-inlayer-12,NORMAL,86.95,89.22,94.71,89.27,92.09,96.2,72.87,88.75857142857144
1966,deberta-base,SUM+SUM-NS_SUM-9-11,two-tokens,SUM+SUM-NS,SUM-9-11,4,"torch.Size([61, 1536])",12,0,batch-64-nhid-0-inlayer-12,NORMAL,86.87,89.11,94.96,88.97,91.27,96.0,72.35,88.50428571428571
1967,deberta-base,SUM+MAX-NS_SUM-9-11,two-tokens,SUM+MAX-NS,SUM-9-11,4,"torch.Size([61, 1536])",12,0,batch-64-nhid-0-inlayer-12,NORMAL,86.81,78.25,94.8,88.18,91.65,95.8,72.99,86.92571428571429
1968,deberta-base,MAX+AVG-NS_SUM-9-11,two-tokens,MAX+AVG-NS,SUM-9-11,4,"torch.Size([61, 1536])",12,0,batch-64-nhid-0-inlayer-12,NORMAL,86.78,90.49,94.95,89.03,91.98,95.6,72.0,88.69000000000001
1969,deberta-base,MAX+SUM-NS_SUM-9-11,two-tokens,MAX+SUM-NS,SUM-9-11,4,"torch.Size([61, 1536])",12,0,batch-64-nhid-0-inlayer-12,NORMAL,87.0,89.27,94.81,89.0,91.87,96.6,72.75,88.75714285714285
1970,deberta-base,MAX+MAX-NS_SUM-9-11,two-tokens,MAX+MAX-NS,SUM-9-11,4,"torch.Size([61, 1536])",12,0,batch-64-nhid-0-inlayer-12,NORMAL,84.88,66.8,93.45,79.38,90.72,93.8,71.25,82.89714285714285
1971,deberta-base,AVG-NS+SUM-NS_SUM-9-11,two-tokens,AVG-NS+SUM-NS,SUM-9-11,4,"torch.Size([61, 1536])",12,0,batch-64-nhid-0-inlayer-12,NORMAL,86.9,88.95,94.7,89.23,91.65,96.2,71.48,88.44428571428573
1972,deberta-base,AVG-NS+MAX-NS_SUM-9-11,two-tokens,AVG-NS+MAX-NS,SUM-9-11,4,"torch.Size([61, 1536])",12,0,batch-64-nhid-0-inlayer-12,NORMAL,86.63,69.88,94.82,74.65,92.26,95.2,72.17,83.65857142857143
1973,deberta-base,SUM-NS+MAX-NS_SUM-9-11,two-tokens,SUM-NS+MAX-NS,SUM-9-11,4,"torch.Size([61, 1536])",12,0,batch-64-nhid-0-inlayer-12,NORMAL,86.79,77.06,94.85,78.56,91.49,96.0,72.29,85.29142857142857
1974,deberta-base,CLS+AVG_SUM-10-12,two-tokens,CLS+AVG,SUM-10-12,4,"torch.Size([61, 1536])",12,0,batch-64-nhid-0-inlayer-12,NORMAL,87.59,91.1,95.77,89.81,92.31,94.4,72.35,89.04714285714286
1975,deberta-base,CLS+SUM_SUM-10-12,two-tokens,CLS+SUM,SUM-10-12,4,"torch.Size([61, 1536])",12,0,batch-64-nhid-0-inlayer-12,NORMAL,87.01,90.31,94.93,88.77,91.82,94.4,68.75,87.99857142857142
1976,deberta-base,CLS+MAX_SUM-10-12,two-tokens,CLS+MAX,SUM-10-12,4,"torch.Size([61, 1536])",12,0,batch-64-nhid-0-inlayer-12,NORMAL,84.22,87.13,93.48,88.65,88.85,93.0,71.36,86.67
1977,deberta-base,CLS+AVG-NS_SUM-10-12,two-tokens,CLS+AVG-NS,SUM-10-12,4,"torch.Size([61, 1536])",12,0,batch-64-nhid-0-inlayer-12,NORMAL,87.72,91.1,95.82,89.64,92.48,94.6,73.22,89.22571428571429
1978,deberta-base,CLS+SUM-NS_SUM-10-12,two-tokens,CLS+SUM-NS,SUM-10-12,4,"torch.Size([61, 1536])",12,0,batch-64-nhid-0-inlayer-12,NORMAL,87.17,89.88,94.89,88.87,91.93,94.6,68.46,87.97142857142858
1979,deberta-base,CLS+MAX-NS_SUM-10-12,two-tokens,CLS+MAX-NS,SUM-10-12,4,"torch.Size([61, 1536])",12,0,batch-64-nhid-0-inlayer-12,NORMAL,84.15,65.9,93.7,47.35,89.13,93.2,70.43,77.69428571428571
1980,deberta-base,AVG+SUM_SUM-10-12,two-tokens,AVG+SUM,SUM-10-12,4,"torch.Size([61, 1536])",12,0,batch-64-nhid-0-inlayer-12,NORMAL,87.2,90.23,95.05,89.04,91.76,94.8,68.52,88.08571428571429
1981,deberta-base,AVG+MAX_SUM-10-12,two-tokens,AVG+MAX,SUM-10-12,4,"torch.Size([61, 1536])",12,0,batch-64-nhid-0-inlayer-12,NORMAL,86.29,89.35,94.85,89.25,91.71,94.4,70.96,88.11571428571429
1982,deberta-base,AVG+AVG-NS_SUM-10-12,two-tokens,AVG+AVG-NS,SUM-10-12,4,"torch.Size([61, 1536])",12,0,batch-64-nhid-0-inlayer-12,NORMAL,87.32,90.7,95.58,89.61,92.31,94.8,72.17,88.92714285714284
1983,deberta-base,AVG+SUM-NS_SUM-10-12,two-tokens,AVG+SUM-NS,SUM-10-12,4,"torch.Size([61, 1536])",12,0,batch-64-nhid-0-inlayer-12,NORMAL,86.94,89.78,95.02,89.05,91.6,94.8,68.58,87.96714285714286
1984,deberta-base,AVG+MAX-NS_SUM-10-12,two-tokens,AVG+MAX-NS,SUM-10-12,4,"torch.Size([61, 1536])",12,0,batch-64-nhid-0-inlayer-12,NORMAL,85.92,66.38,94.57,47.36,91.76,94.8,70.55,78.76285714285714
1985,deberta-base,SUM+MAX_SUM-10-12,two-tokens,SUM+MAX,SUM-10-12,4,"torch.Size([61, 1536])",12,0,batch-64-nhid-0-inlayer-12,NORMAL,87.02,90.07,94.86,89.03,91.87,94.8,68.81,88.0657142857143
1986,deberta-base,SUM+AVG-NS_SUM-10-12,two-tokens,SUM+AVG-NS,SUM-10-12,4,"torch.Size([61, 1536])",12,0,batch-64-nhid-0-inlayer-12,NORMAL,87.11,90.04,95.05,89.21,92.15,94.6,70.14,88.32857142857142
1987,deberta-base,SUM+SUM-NS_SUM-10-12,two-tokens,SUM+SUM-NS,SUM-10-12,4,"torch.Size([61, 1536])",12,0,batch-64-nhid-0-inlayer-12,NORMAL,87.08,90.41,94.95,89.19,91.76,95.0,68.46,88.12142857142858
1988,deberta-base,SUM+MAX-NS_SUM-10-12,two-tokens,SUM+MAX-NS,SUM-10-12,4,"torch.Size([61, 1536])",12,0,batch-64-nhid-0-inlayer-12,NORMAL,87.22,73.06,94.94,84.52,92.26,94.0,68.99,84.99857142857142
1989,deberta-base,MAX+AVG-NS_SUM-10-12,two-tokens,MAX+AVG-NS,SUM-10-12,4,"torch.Size([61, 1536])",12,0,batch-64-nhid-0-inlayer-12,NORMAL,86.39,90.04,94.76,89.04,91.98,94.8,70.84,88.26428571428572
1990,deberta-base,MAX+SUM-NS_SUM-10-12,two-tokens,MAX+SUM-NS,SUM-10-12,4,"torch.Size([61, 1536])",12,0,batch-64-nhid-0-inlayer-12,NORMAL,87.18,89.72,95.05,88.86,91.82,94.0,68.41,87.86285714285714
1991,deberta-base,MAX+MAX-NS_SUM-10-12,two-tokens,MAX+MAX-NS,SUM-10-12,4,"torch.Size([61, 1536])",12,0,batch-64-nhid-0-inlayer-12,NORMAL,83.8,66.38,93.51,76.67,88.63,93.0,69.8,81.6842857142857
1992,deberta-base,AVG-NS+SUM-NS_SUM-10-12,two-tokens,AVG-NS+SUM-NS,SUM-10-12,4,"torch.Size([61, 1536])",12,0,batch-64-nhid-0-inlayer-12,NORMAL,86.88,90.12,94.82,89.1,91.6,94.2,68.17,87.84142857142857
1993,deberta-base,AVG-NS+MAX-NS_SUM-10-12,two-tokens,AVG-NS+MAX-NS,SUM-10-12,4,"torch.Size([61, 1536])",12,0,batch-64-nhid-0-inlayer-12,NORMAL,86.25,67.34,94.78,47.46,92.09,94.4,70.61,78.99
1994,deberta-base,SUM-NS+MAX-NS_SUM-10-12,two-tokens,SUM-NS+MAX-NS,SUM-10-12,4,"torch.Size([61, 1536])",12,0,batch-64-nhid-0-inlayer-12,NORMAL,87.11,76.14,94.99,72.86,91.65,94.4,68.29,83.63428571428571
1995,deberta-base,CLS+AVG_SUM-1-4,two-tokens,CLS+AVG,SUM-1-4,4,"torch.Size([61, 1536])",12,0,batch-64-nhid-0-inlayer-12,NORMAL,79.75,82.44,93.79,89.21,84.62,92.6,73.97,85.19714285714285
1996,deberta-base,CLS+SUM_SUM-1-4,two-tokens,CLS+SUM,SUM-1-4,4,"torch.Size([61, 1536])",12,0,batch-64-nhid-0-inlayer-12,NORMAL,79.45,79.21,92.4,88.34,84.68,90.2,71.54,83.68857142857142
1997,deberta-base,CLS+MAX_SUM-1-4,two-tokens,CLS+MAX,SUM-1-4,4,"torch.Size([61, 1536])",12,0,batch-64-nhid-0-inlayer-12,NORMAL,74.56,76.85,90.09,87.95,78.2,88.4,69.8,80.83571428571427
1998,deberta-base,CLS+AVG-NS_SUM-1-4,two-tokens,CLS+AVG-NS,SUM-1-4,4,"torch.Size([61, 1536])",12,0,batch-64-nhid-0-inlayer-12,NORMAL,79.24,81.43,93.7,88.98,84.4,92.0,74.72,84.92428571428572
1999,deberta-base,CLS+SUM-NS_SUM-1-4,two-tokens,CLS+SUM-NS,SUM-1-4,4,"torch.Size([61, 1536])",12,0,batch-64-nhid-0-inlayer-12,NORMAL,78.89,79.31,92.37,88.41,85.5,89.6,70.32,83.4857142857143
2000,deberta-base,CLS+MAX-NS_SUM-1-4,two-tokens,CLS+MAX-NS,SUM-1-4,4,"torch.Size([61, 1536])",12,0,batch-64-nhid-0-inlayer-12,NORMAL,74.73,64.98,90.18,87.81,78.36,89.0,68.93,79.14142857142858
2001,deberta-base,AVG+SUM_SUM-1-4,two-tokens,AVG+SUM,SUM-1-4,4,"torch.Size([61, 1536])",12,0,batch-64-nhid-0-inlayer-12,NORMAL,79.46,79.28,92.35,88.13,84.84,90.2,71.25,83.64428571428573
2002,deberta-base,AVG+MAX_SUM-1-4,two-tokens,AVG+MAX,SUM-1-4,4,"torch.Size([61, 1536])",12,0,batch-64-nhid-0-inlayer-12,NORMAL,78.13,78.41,91.85,87.91,83.8,90.6,69.04,82.81999999999998
2003,deberta-base,AVG+AVG-NS_SUM-1-4,two-tokens,AVG+AVG-NS,SUM-1-4,4,"torch.Size([61, 1536])",12,0,batch-64-nhid-0-inlayer-12,NORMAL,79.26,81.27,93.43,88.7,85.45,91.6,73.1,84.68714285714286
2004,deberta-base,AVG+SUM-NS_SUM-1-4,two-tokens,AVG+SUM-NS,SUM-1-4,4,"torch.Size([61, 1536])",12,0,batch-64-nhid-0-inlayer-12,NORMAL,78.7,79.13,92.23,88.1,84.73,90.4,70.26,83.36428571428571
2005,deberta-base,AVG+MAX-NS_SUM-1-4,two-tokens,AVG+MAX-NS,SUM-1-4,4,"torch.Size([61, 1536])",12,0,batch-64-nhid-0-inlayer-12,NORMAL,77.9,65.14,91.88,85.77,83.8,90.4,68.81,80.52857142857144
2006,deberta-base,SUM+MAX_SUM-1-4,two-tokens,SUM+MAX,SUM-1-4,4,"torch.Size([61, 1536])",12,0,batch-64-nhid-0-inlayer-12,NORMAL,78.81,79.18,92.53,87.52,84.18,90.2,70.96,83.34000000000002
2007,deberta-base,SUM+AVG-NS_SUM-1-4,two-tokens,SUM+AVG-NS,SUM-1-4,4,"torch.Size([61, 1536])",12,0,batch-64-nhid-0-inlayer-12,NORMAL,79.24,79.26,92.43,87.8,84.62,90.4,70.96,83.53
2008,deberta-base,SUM+SUM-NS_SUM-1-4,two-tokens,SUM+SUM-NS,SUM-1-4,4,"torch.Size([61, 1536])",12,0,batch-64-nhid-0-inlayer-12,NORMAL,79.0,80.22,92.53,88.35,84.68,90.2,69.91,83.55571428571429
2009,deberta-base,SUM+MAX-NS_SUM-1-4,two-tokens,SUM+MAX-NS,SUM-1-4,4,"torch.Size([61, 1536])",12,0,batch-64-nhid-0-inlayer-12,NORMAL,78.89,72.55,92.4,87.52,84.73,91.4,70.96,82.63571428571429
2010,deberta-base,MAX+AVG-NS_SUM-1-4,two-tokens,MAX+AVG-NS,SUM-1-4,4,"torch.Size([61, 1536])",12,0,batch-64-nhid-0-inlayer-12,NORMAL,78.0,77.88,91.92,87.18,83.09,91.0,69.62,82.67
2011,deberta-base,MAX+SUM-NS_SUM-1-4,two-tokens,MAX+SUM-NS,SUM-1-4,4,"torch.Size([61, 1536])",12,0,batch-64-nhid-0-inlayer-12,NORMAL,78.42,78.49,92.13,87.58,84.68,90.2,70.9,83.2
2012,deberta-base,MAX+MAX-NS_SUM-1-4,two-tokens,MAX+MAX-NS,SUM-1-4,4,"torch.Size([61, 1536])",12,0,batch-64-nhid-0-inlayer-12,NORMAL,74.07,65.77,89.72,49.05,79.24,88.8,68.17,73.54571428571428
2013,deberta-base,AVG-NS+SUM-NS_SUM-1-4,two-tokens,AVG-NS+SUM-NS,SUM-1-4,4,"torch.Size([61, 1536])",12,0,batch-64-nhid-0-inlayer-12,NORMAL,78.8,79.39,92.17,87.96,85.28,90.6,70.26,83.49428571428572
2014,deberta-base,AVG-NS+MAX-NS_SUM-1-4,two-tokens,AVG-NS+MAX-NS,SUM-1-4,4,"torch.Size([61, 1536])",12,0,batch-64-nhid-0-inlayer-12,NORMAL,77.81,64.87,91.83,83.58,82.81,91.6,69.68,80.31142857142858
2015,deberta-base,SUM-NS+MAX-NS_SUM-1-4,two-tokens,SUM-NS+MAX-NS,SUM-1-4,4,"torch.Size([61, 1536])",12,0,batch-64-nhid-0-inlayer-12,NORMAL,78.47,73.46,92.18,84.33,85.12,89.6,70.72,81.98285714285714
2016,deberta-base,CLS+AVG_SUM-2-5,two-tokens,CLS+AVG,SUM-2-5,4,"torch.Size([61, 1536])",12,0,batch-64-nhid-0-inlayer-12,NORMAL,80.83,84.03,94.44,89.51,87.04,92.4,74.9,86.16428571428571
2017,deberta-base,CLS+SUM_SUM-2-5,two-tokens,CLS+SUM,SUM-2-5,4,"torch.Size([61, 1536])",12,0,batch-64-nhid-0-inlayer-12,NORMAL,80.39,81.85,93.22,88.43,86.22,91.2,71.13,84.63428571428572
2018,deberta-base,CLS+MAX_SUM-2-5,two-tokens,CLS+MAX,SUM-2-5,4,"torch.Size([61, 1536])",12,0,batch-64-nhid-0-inlayer-12,NORMAL,75.79,79.82,91.01,88.44,78.86,92.2,70.14,82.32285714285715
2019,deberta-base,CLS+AVG-NS_SUM-2-5,two-tokens,CLS+AVG-NS,SUM-2-5,4,"torch.Size([61, 1536])",12,0,batch-64-nhid-0-inlayer-12,NORMAL,80.17,83.34,94.39,89.09,86.49,92.8,74.03,85.75857142857141
2020,deberta-base,CLS+SUM-NS_SUM-2-5,two-tokens,CLS+SUM-NS,SUM-2-5,4,"torch.Size([61, 1536])",12,0,batch-64-nhid-0-inlayer-12,NORMAL,79.89,81.14,93.18,88.54,86.33,91.2,69.22,84.21428571428571
2021,deberta-base,CLS+MAX-NS_SUM-2-5,two-tokens,CLS+MAX-NS,SUM-2-5,4,"torch.Size([61, 1536])",12,0,batch-64-nhid-0-inlayer-12,NORMAL,75.66,65.16,91.04,72.66,79.41,91.8,71.07,78.11428571428571
2022,deberta-base,AVG+SUM_SUM-2-5,two-tokens,AVG+SUM,SUM-2-5,4,"torch.Size([61, 1536])",12,0,batch-64-nhid-0-inlayer-12,NORMAL,80.52,81.78,93.2,88.34,86.44,91.8,70.49,84.65285714285714
2023,deberta-base,AVG+MAX_SUM-2-5,two-tokens,AVG+MAX,SUM-2-5,4,"torch.Size([61, 1536])",12,0,batch-64-nhid-0-inlayer-12,NORMAL,78.73,81.3,93.01,88.15,85.61,92.8,71.01,84.37285714285714
2024,deberta-base,AVG+AVG-NS_SUM-2-5,two-tokens,AVG+AVG-NS,SUM-2-5,4,"torch.Size([61, 1536])",12,0,batch-64-nhid-0-inlayer-12,NORMAL,80.42,83.31,94.16,88.96,86.77,92.2,74.49,85.75857142857141
2025,deberta-base,AVG+SUM-NS_SUM-2-5,two-tokens,AVG+SUM-NS,SUM-2-5,4,"torch.Size([61, 1536])",12,0,batch-64-nhid-0-inlayer-12,NORMAL,80.02,81.24,93.17,88.26,86.27,91.4,70.2,84.36571428571429
2026,deberta-base,AVG+MAX-NS_SUM-2-5,two-tokens,AVG+MAX-NS,SUM-2-5,4,"torch.Size([61, 1536])",12,0,batch-64-nhid-0-inlayer-12,NORMAL,78.63,65.48,93.05,72.71,85.06,91.6,70.61,79.59142857142857
2027,deberta-base,SUM+MAX_SUM-2-5,two-tokens,SUM+MAX,SUM-2-5,4,"torch.Size([61, 1536])",12,0,batch-64-nhid-0-inlayer-12,NORMAL,80.6,81.64,93.14,87.59,85.78,92.0,70.2,84.42142857142858
2028,deberta-base,SUM+AVG-NS_SUM-2-5,two-tokens,SUM+AVG-NS,SUM-2-5,4,"torch.Size([61, 1536])",12,0,batch-64-nhid-0-inlayer-12,NORMAL,80.38,81.85,93.08,88.04,86.44,91.2,70.72,84.53
2029,deberta-base,SUM+SUM-NS_SUM-2-5,two-tokens,SUM+SUM-NS,SUM-2-5,4,"torch.Size([61, 1536])",12,0,batch-64-nhid-0-inlayer-12,NORMAL,79.95,82.04,93.15,88.29,86.16,90.8,69.33,84.24571428571429
2030,deberta-base,SUM+MAX-NS_SUM-2-5,two-tokens,SUM+MAX-NS,SUM-2-5,4,"torch.Size([61, 1536])",12,0,batch-64-nhid-0-inlayer-12,NORMAL,80.41,73.11,93.2,79.87,86.16,92.4,70.38,82.21857142857142
2031,deberta-base,MAX+AVG-NS_SUM-2-5,two-tokens,MAX+AVG-NS,SUM-2-5,4,"torch.Size([61, 1536])",12,0,batch-64-nhid-0-inlayer-12,NORMAL,78.66,81.48,92.97,87.91,84.9,93.6,72.29,84.5442857142857
2032,deberta-base,MAX+SUM-NS_SUM-2-5,two-tokens,MAX+SUM-NS,SUM-2-5,4,"torch.Size([61, 1536])",12,0,batch-64-nhid-0-inlayer-12,NORMAL,80.13,81.27,93.17,87.55,86.0,91.4,69.62,84.16285714285713
2033,deberta-base,MAX+MAX-NS_SUM-2-5,two-tokens,MAX+MAX-NS,SUM-2-5,4,"torch.Size([61, 1536])",12,0,batch-64-nhid-0-inlayer-12,NORMAL,75.11,67.1,90.78,49.19,79.63,90.8,70.72,74.76142857142857
2034,deberta-base,AVG-NS+SUM-NS_SUM-2-5,two-tokens,AVG-NS+SUM-NS,SUM-2-5,4,"torch.Size([61, 1536])",12,0,batch-64-nhid-0-inlayer-12,NORMAL,80.0,81.62,93.04,88.02,86.55,92.0,70.61,84.54857142857144
2035,deberta-base,AVG-NS+MAX-NS_SUM-2-5,two-tokens,AVG-NS+MAX-NS,SUM-2-5,4,"torch.Size([61, 1536])",12,0,batch-64-nhid-0-inlayer-12,NORMAL,78.89,66.7,93.03,75.26,85.01,92.2,72.23,80.4742857142857
2036,deberta-base,SUM-NS+MAX-NS_SUM-2-5,two-tokens,SUM-NS+MAX-NS,SUM-2-5,4,"torch.Size([61, 1536])",12,0,batch-64-nhid-0-inlayer-12,NORMAL,79.99,69.8,93.06,83.02,86.44,92.2,69.97,82.06857142857143
2037,deberta-base,CLS+AVG_SUM-3-6,two-tokens,CLS+AVG,SUM-3-6,4,"torch.Size([61, 1536])",12,0,batch-64-nhid-0-inlayer-12,NORMAL,81.96,86.15,94.8,89.8,87.81,94.0,75.19,87.10142857142857
2038,deberta-base,CLS+SUM_SUM-3-6,two-tokens,CLS+SUM,SUM-3-6,4,"torch.Size([61, 1536])",12,0,batch-64-nhid-0-inlayer-12,NORMAL,81.34,83.76,93.55,88.97,87.2,94.0,70.61,85.63285714285713
2039,deberta-base,CLS+MAX_SUM-3-6,two-tokens,CLS+MAX,SUM-3-6,4,"torch.Size([61, 1536])",12,0,batch-64-nhid-0-inlayer-12,NORMAL,77.48,81.11,91.88,88.52,81.22,93.2,70.9,83.47285714285715
2040,deberta-base,CLS+AVG-NS_SUM-3-6,two-tokens,CLS+AVG-NS,SUM-3-6,4,"torch.Size([61, 1536])",12,0,batch-64-nhid-0-inlayer-12,NORMAL,81.68,86.12,94.99,89.49,87.42,93.8,75.13,86.94714285714285
2041,deberta-base,CLS+SUM-NS_SUM-3-6,two-tokens,CLS+SUM-NS,SUM-3-6,4,"torch.Size([61, 1536])",12,0,batch-64-nhid-0-inlayer-12,NORMAL,81.31,83.55,93.51,88.94,87.31,94.4,70.26,85.61142857142856
2042,deberta-base,CLS+MAX-NS_SUM-3-6,two-tokens,CLS+MAX-NS,SUM-3-6,4,"torch.Size([61, 1536])",12,0,batch-64-nhid-0-inlayer-12,NORMAL,77.05,67.71,91.98,89.31,81.11,92.2,71.25,81.51571428571428
2043,deberta-base,AVG+SUM_SUM-3-6,two-tokens,AVG+SUM,SUM-3-6,4,"torch.Size([61, 1536])",12,0,batch-64-nhid-0-inlayer-12,NORMAL,81.4,83.74,93.86,88.95,85.45,94.0,70.55,85.42142857142856
2044,deberta-base,AVG+MAX_SUM-3-6,two-tokens,AVG+MAX,SUM-3-6,4,"torch.Size([61, 1536])",12,0,batch-64-nhid-0-inlayer-12,NORMAL,80.19,83.36,93.43,88.36,86.66,93.4,71.83,85.31857142857143
2045,deberta-base,AVG+AVG-NS_SUM-3-6,two-tokens,AVG+AVG-NS,SUM-3-6,4,"torch.Size([61, 1536])",12,0,batch-64-nhid-0-inlayer-12,NORMAL,81.71,85.8,94.63,89.45,88.36,94.0,75.19,87.02000000000001
2046,deberta-base,AVG+SUM-NS_SUM-3-6,two-tokens,AVG+SUM-NS,SUM-3-6,4,"torch.Size([61, 1536])",12,0,batch-64-nhid-0-inlayer-12,NORMAL,81.42,83.5,93.56,89.08,86.55,93.6,70.38,85.44142857142857
2047,deberta-base,AVG+MAX-NS_SUM-3-6,two-tokens,AVG+MAX-NS,SUM-3-6,4,"torch.Size([61, 1536])",12,0,batch-64-nhid-0-inlayer-12,NORMAL,80.26,65.88,93.52,77.01,86.55,93.0,71.88,81.15714285714284
2048,deberta-base,SUM+MAX_SUM-3-6,two-tokens,SUM+MAX,SUM-3-6,4,"torch.Size([61, 1536])",12,0,batch-64-nhid-0-inlayer-12,NORMAL,81.01,83.79,93.47,88.42,85.89,94.0,70.14,85.24571428571427
2049,deberta-base,SUM+AVG-NS_SUM-3-6,two-tokens,SUM+AVG-NS,SUM-3-6,4,"torch.Size([61, 1536])",12,0,batch-64-nhid-0-inlayer-12,NORMAL,81.19,83.77,93.63,88.63,86.49,94.2,70.9,85.5442857142857
2050,deberta-base,SUM+SUM-NS_SUM-3-6,two-tokens,SUM+SUM-NS,SUM-3-6,4,"torch.Size([61, 1536])",12,0,batch-64-nhid-0-inlayer-12,NORMAL,81.13,84.05,93.66,88.86,86.99,94.0,69.57,85.46571428571428
2051,deberta-base,SUM+MAX-NS_SUM-3-6,two-tokens,SUM+MAX-NS,SUM-3-6,4,"torch.Size([61, 1536])",12,0,batch-64-nhid-0-inlayer-12,NORMAL,81.01,76.13,93.67,81.18,86.16,93.6,70.38,83.16142857142857
2052,deberta-base,MAX+AVG-NS_SUM-3-6,two-tokens,MAX+AVG-NS,SUM-3-6,4,"torch.Size([61, 1536])",12,0,batch-64-nhid-0-inlayer-12,NORMAL,80.4,83.5,93.59,88.28,85.61,93.6,72.41,85.34142857142857
2053,deberta-base,MAX+SUM-NS_SUM-3-6,two-tokens,MAX+SUM-NS,SUM-3-6,4,"torch.Size([61, 1536])",12,0,batch-64-nhid-0-inlayer-12,NORMAL,81.16,83.42,93.49,88.3,86.6,93.6,70.03,85.22857142857143
2054,deberta-base,MAX+MAX-NS_SUM-3-6,two-tokens,MAX+MAX-NS,SUM-3-6,4,"torch.Size([61, 1536])",12,0,batch-64-nhid-0-inlayer-12,NORMAL,77.2,66.7,91.71,49.33,81.77,92.6,70.72,75.71857142857142
2055,deberta-base,AVG-NS+SUM-NS_SUM-3-6,two-tokens,AVG-NS+SUM-NS,SUM-3-6,4,"torch.Size([61, 1536])",12,0,batch-64-nhid-0-inlayer-12,NORMAL,81.35,83.5,93.46,88.57,86.55,94.2,70.61,85.46285714285715
2056,deberta-base,AVG-NS+MAX-NS_SUM-3-6,two-tokens,AVG-NS+MAX-NS,SUM-3-6,4,"torch.Size([61, 1536])",12,0,batch-64-nhid-0-inlayer-12,NORMAL,80.04,67.07,93.5,86.3,85.56,93.6,73.1,82.73857142857143
2057,deberta-base,SUM-NS+MAX-NS_SUM-3-6,two-tokens,SUM-NS+MAX-NS,SUM-3-6,4,"torch.Size([61, 1536])",12,0,batch-64-nhid-0-inlayer-12,NORMAL,81.29,75.02,93.57,88.99,86.38,94.4,70.26,84.27285714285713
2058,deberta-base,CLS+AVG_SUM-4-7,two-tokens,CLS+AVG,SUM-4-7,4,"torch.Size([61, 1536])",12,0,batch-64-nhid-0-inlayer-12,NORMAL,83.64,88.74,95.27,90.28,89.13,94.4,76.12,88.22571428571428
2059,deberta-base,CLS+SUM_SUM-4-7,two-tokens,CLS+SUM,SUM-4-7,4,"torch.Size([61, 1536])",12,0,batch-64-nhid-0-inlayer-12,NORMAL,82.99,85.54,93.91,89.42,87.81,93.8,70.14,86.23
2060,deberta-base,CLS+MAX_SUM-4-7,two-tokens,CLS+MAX,SUM-4-7,4,"torch.Size([61, 1536])",12,0,batch-64-nhid-0-inlayer-12,NORMAL,78.85,83.58,92.68,88.98,83.14,93.0,70.26,84.35571428571428
2061,deberta-base,CLS+AVG-NS_SUM-4-7,two-tokens,CLS+AVG-NS,SUM-4-7,4,"torch.Size([61, 1536])",12,0,batch-64-nhid-0-inlayer-12,NORMAL,83.37,88.21,95.29,89.82,89.13,94.6,75.42,87.97714285714285
2062,deberta-base,CLS+SUM-NS_SUM-4-7,two-tokens,CLS+SUM-NS,SUM-4-7,4,"torch.Size([61, 1536])",12,0,batch-64-nhid-0-inlayer-12,NORMAL,82.68,85.91,93.84,89.45,87.81,95.0,70.67,86.48
2063,deberta-base,CLS+MAX-NS_SUM-4-7,two-tokens,CLS+MAX-NS,SUM-4-7,4,"torch.Size([61, 1536])",12,0,batch-64-nhid-0-inlayer-12,NORMAL,79.06,65.96,92.48,74.13,82.32,93.4,70.67,79.71714285714286
2064,deberta-base,AVG+SUM_SUM-4-7,two-tokens,AVG+SUM,SUM-4-7,4,"torch.Size([61, 1536])",12,0,batch-64-nhid-0-inlayer-12,NORMAL,82.85,85.7,94.06,89.42,86.93,94.0,69.97,86.13285714285715
2065,deberta-base,AVG+MAX_SUM-4-7,two-tokens,AVG+MAX,SUM-4-7,4,"torch.Size([61, 1536])",12,0,batch-64-nhid-0-inlayer-12,NORMAL,81.74,85.7,93.96,89.02,87.92,94.2,72.23,86.39571428571428
2066,deberta-base,AVG+AVG-NS_SUM-4-7,two-tokens,AVG+AVG-NS,SUM-4-7,4,"torch.Size([61, 1536])",12,0,batch-64-nhid-0-inlayer-12,NORMAL,83.22,87.87,95.13,89.65,89.51,95.0,75.07,87.92142857142858
2067,deberta-base,AVG+SUM-NS_SUM-4-7,two-tokens,AVG+SUM-NS,SUM-4-7,4,"torch.Size([61, 1536])",12,0,batch-64-nhid-0-inlayer-12,NORMAL,82.61,85.8,93.78,89.35,87.15,94.4,70.2,86.1842857142857
2068,deberta-base,AVG+MAX-NS_SUM-4-7,two-tokens,AVG+MAX-NS,SUM-4-7,4,"torch.Size([61, 1536])",12,0,batch-64-nhid-0-inlayer-12,NORMAL,81.82,66.01,94.15,88.78,87.86,94.0,72.35,83.56714285714285
2069,deberta-base,SUM+MAX_SUM-4-7,two-tokens,SUM+MAX,SUM-4-7,4,"torch.Size([61, 1536])",12,0,batch-64-nhid-0-inlayer-12,NORMAL,82.74,85.77,93.95,88.89,87.64,94.6,70.43,86.28857142857143
2070,deberta-base,SUM+AVG-NS_SUM-4-7,two-tokens,SUM+AVG-NS,SUM-4-7,4,"torch.Size([61, 1536])",12,0,batch-64-nhid-0-inlayer-12,NORMAL,82.76,85.35,94.12,89.05,88.08,93.4,70.14,86.12857142857142
2071,deberta-base,SUM+SUM-NS_SUM-4-7,two-tokens,SUM+SUM-NS,SUM-4-7,4,"torch.Size([61, 1536])",12,0,batch-64-nhid-0-inlayer-12,NORMAL,82.56,85.77,94.07,89.38,88.08,94.6,70.9,86.47999999999999
2072,deberta-base,SUM+MAX-NS_SUM-4-7,two-tokens,SUM+MAX-NS,SUM-4-7,4,"torch.Size([61, 1536])",12,0,batch-64-nhid-0-inlayer-12,NORMAL,82.89,74.22,93.88,80.41,87.75,94.4,70.26,83.40142857142857
2073,deberta-base,MAX+AVG-NS_SUM-4-7,two-tokens,MAX+AVG-NS,SUM-4-7,4,"torch.Size([61, 1536])",12,0,batch-64-nhid-0-inlayer-12,NORMAL,81.63,85.96,94.0,88.66,87.64,94.4,72.41,86.38571428571427
2074,deberta-base,MAX+SUM-NS_SUM-4-7,two-tokens,MAX+SUM-NS,SUM-4-7,4,"torch.Size([61, 1536])",12,0,batch-64-nhid-0-inlayer-12,NORMAL,82.21,86.01,94.05,89.07,88.14,94.4,69.8,86.24
2075,deberta-base,MAX+MAX-NS_SUM-4-7,two-tokens,MAX+MAX-NS,SUM-4-7,4,"torch.Size([61, 1536])",12,0,batch-64-nhid-0-inlayer-12,NORMAL,78.9,67.05,92.36,49.53,83.69,92.8,70.9,76.46142857142857
2076,deberta-base,AVG-NS+SUM-NS_SUM-4-7,two-tokens,AVG-NS+SUM-NS,SUM-4-7,4,"torch.Size([61, 1536])",12,0,batch-64-nhid-0-inlayer-12,NORMAL,82.62,85.75,93.97,88.98,88.47,94.4,69.74,86.2757142857143
2077,deberta-base,AVG-NS+MAX-NS_SUM-4-7,two-tokens,AVG-NS+MAX-NS,SUM-4-7,4,"torch.Size([61, 1536])",12,0,batch-64-nhid-0-inlayer-12,NORMAL,81.62,66.09,94.18,87.36,87.1,94.8,71.59,83.24857142857142
2078,deberta-base,SUM-NS+MAX-NS_SUM-4-7,two-tokens,SUM-NS+MAX-NS,SUM-4-7,4,"torch.Size([61, 1536])",12,0,batch-64-nhid-0-inlayer-12,NORMAL,82.44,76.8,93.9,85.46,88.08,94.6,70.2,84.49714285714286
2079,deberta-base,CLS+AVG_SUM-5-8,two-tokens,CLS+AVG,SUM-5-8,4,"torch.Size([61, 1536])",12,0,batch-64-nhid-0-inlayer-12,NORMAL,84.84,89.46,95.64,90.38,90.44,95.8,76.23,88.97
2080,deberta-base,CLS+SUM_SUM-5-8,two-tokens,CLS+SUM,SUM-5-8,4,"torch.Size([61, 1536])",12,0,batch-64-nhid-0-inlayer-12,NORMAL,84.24,87.42,94.3,89.28,89.29,94.4,71.25,87.16857142857144
2081,deberta-base,CLS+MAX_SUM-5-8,two-tokens,CLS+MAX,SUM-5-8,4,"torch.Size([61, 1536])",12,0,batch-64-nhid-0-inlayer-12,NORMAL,80.8,84.13,92.94,88.81,86.49,93.8,70.55,85.36
2082,deberta-base,CLS+AVG-NS_SUM-5-8,two-tokens,CLS+AVG-NS,SUM-5-8,4,"torch.Size([61, 1536])",12,0,batch-64-nhid-0-inlayer-12,NORMAL,84.64,89.11,95.5,89.96,90.61,94.8,75.19,88.5442857142857
2083,deberta-base,CLS+SUM-NS_SUM-5-8,two-tokens,CLS+SUM-NS,SUM-5-8,4,"torch.Size([61, 1536])",12,0,batch-64-nhid-0-inlayer-12,NORMAL,84.13,86.86,94.33,89.28,89.57,94.2,71.13,87.07142857142857
2084,deberta-base,CLS+MAX-NS_SUM-5-8,two-tokens,CLS+MAX-NS,SUM-5-8,4,"torch.Size([61, 1536])",12,0,batch-64-nhid-0-inlayer-12,NORMAL,80.84,65.93,92.98,76.64,86.77,94.2,70.43,81.11285714285714
2085,deberta-base,AVG+SUM_SUM-5-8,two-tokens,AVG+SUM,SUM-5-8,4,"torch.Size([61, 1536])",12,0,batch-64-nhid-0-inlayer-12,NORMAL,84.26,87.5,94.3,89.46,89.62,94.2,70.67,87.14428571428572
2086,deberta-base,AVG+MAX_SUM-5-8,two-tokens,AVG+MAX,SUM-5-8,4,"torch.Size([61, 1536])",12,0,batch-64-nhid-0-inlayer-12,NORMAL,83.25,87.42,94.21,89.22,90.23,95.6,73.04,87.56714285714285
2087,deberta-base,AVG+AVG-NS_SUM-5-8,two-tokens,AVG+AVG-NS,SUM-5-8,4,"torch.Size([61, 1536])",12,0,batch-64-nhid-0-inlayer-12,NORMAL,84.68,88.8,95.38,89.58,90.66,94.8,74.78,88.38285714285713
2088,deberta-base,AVG+SUM-NS_SUM-5-8,two-tokens,AVG+SUM-NS,SUM-5-8,4,"torch.Size([61, 1536])",12,0,batch-64-nhid-0-inlayer-12,NORMAL,84.14,86.81,94.25,89.29,89.51,94.2,71.42,87.08857142857143
2089,deberta-base,AVG+MAX-NS_SUM-5-8,two-tokens,AVG+MAX-NS,SUM-5-8,4,"torch.Size([61, 1536])",12,0,batch-64-nhid-0-inlayer-12,NORMAL,83.22,66.06,94.29,76.02,89.9,95.0,71.94,82.34714285714287
2090,deberta-base,SUM+MAX_SUM-5-8,two-tokens,SUM+MAX,SUM-5-8,4,"torch.Size([61, 1536])",12,0,batch-64-nhid-0-inlayer-12,NORMAL,84.12,87.68,94.33,88.54,89.46,94.4,70.84,87.05285714285715
2091,deberta-base,SUM+AVG-NS_SUM-5-8,two-tokens,SUM+AVG-NS,SUM-5-8,4,"torch.Size([61, 1536])",12,0,batch-64-nhid-0-inlayer-12,NORMAL,84.36,87.84,94.33,88.93,89.4,94.0,70.43,87.04142857142857
2092,deberta-base,SUM+SUM-NS_SUM-5-8,two-tokens,SUM+SUM-NS,SUM-5-8,4,"torch.Size([61, 1536])",12,0,batch-64-nhid-0-inlayer-12,NORMAL,83.98,87.47,94.27,89.12,89.02,94.0,71.59,87.0642857142857
2093,deberta-base,SUM+MAX-NS_SUM-5-8,two-tokens,SUM+MAX-NS,SUM-5-8,4,"torch.Size([61, 1536])",12,0,batch-64-nhid-0-inlayer-12,NORMAL,84.07,78.03,94.38,90.11,90.06,94.0,71.3,85.99285714285715
2094,deberta-base,MAX+AVG-NS_SUM-5-8,two-tokens,MAX+AVG-NS,SUM-5-8,4,"torch.Size([61, 1536])",12,0,batch-64-nhid-0-inlayer-12,NORMAL,83.09,87.79,94.2,88.79,89.84,95.2,72.81,87.38857142857144
2095,deberta-base,MAX+SUM-NS_SUM-5-8,two-tokens,MAX+SUM-NS,SUM-5-8,4,"torch.Size([61, 1536])",12,0,batch-64-nhid-0-inlayer-12,NORMAL,84.15,87.55,94.23,88.59,89.57,94.4,70.72,87.03
2096,deberta-base,MAX+MAX-NS_SUM-5-8,two-tokens,MAX+MAX-NS,SUM-5-8,4,"torch.Size([61, 1536])",12,0,batch-64-nhid-0-inlayer-12,NORMAL,80.53,66.86,92.67,49.52,86.16,94.6,71.07,77.34428571428573
2097,deberta-base,AVG-NS+SUM-NS_SUM-5-8,two-tokens,AVG-NS+SUM-NS,SUM-5-8,4,"torch.Size([61, 1536])",12,0,batch-64-nhid-0-inlayer-12,NORMAL,84.12,87.02,94.15,88.9,89.79,94.4,70.14,86.93142857142857
2098,deberta-base,AVG-NS+MAX-NS_SUM-5-8,two-tokens,AVG-NS+MAX-NS,SUM-5-8,4,"torch.Size([61, 1536])",12,0,batch-64-nhid-0-inlayer-12,NORMAL,83.25,66.14,94.4,75.59,89.73,94.8,72.06,82.28142857142858
2099,deberta-base,SUM-NS+MAX-NS_SUM-5-8,two-tokens,SUM-NS+MAX-NS,SUM-5-8,4,"torch.Size([61, 1536])",12,0,batch-64-nhid-0-inlayer-12,NORMAL,84.22,79.36,94.4,90.03,90.33,94.6,70.96,86.27142857142857
2100,deberta-base,CLS+AVG_SUM-6-9,two-tokens,CLS+AVG,SUM-6-9,4,"torch.Size([61, 1536])",12,0,batch-64-nhid-0-inlayer-12,NORMAL,86.06,90.17,95.73,90.21,91.32,95.4,76.58,89.35285714285715
2101,deberta-base,CLS+SUM_SUM-6-9,two-tokens,CLS+SUM,SUM-6-9,4,"torch.Size([61, 1536])",12,0,batch-64-nhid-0-inlayer-12,NORMAL,85.21,88.08,94.53,89.21,90.88,95.2,72.46,87.93857142857144
2102,deberta-base,CLS+MAX_SUM-6-9,two-tokens,CLS+MAX,SUM-6-9,4,"torch.Size([61, 1536])",12,0,batch-64-nhid-0-inlayer-12,NORMAL,82.48,85.78,92.98,88.68,88.85,94.8,71.19,86.39428571428572
2103,deberta-base,CLS+AVG-NS_SUM-6-9,two-tokens,CLS+AVG-NS,SUM-6-9,4,"torch.Size([61, 1536])",12,0,batch-64-nhid-0-inlayer-12,NORMAL,86.01,89.91,95.49,90.25,91.54,95.2,75.48,89.1257142857143
2104,deberta-base,CLS+SUM-NS_SUM-6-9,two-tokens,CLS+SUM-NS,SUM-6-9,4,"torch.Size([61, 1536])",12,0,batch-64-nhid-0-inlayer-12,NORMAL,85.42,87.81,94.39,89.27,91.05,94.8,71.54,87.75428571428571
2105,deberta-base,CLS+MAX-NS_SUM-6-9,two-tokens,CLS+MAX-NS,SUM-6-9,4,"torch.Size([61, 1536])",12,0,batch-64-nhid-0-inlayer-12,NORMAL,82.68,65.93,93.27,76.66,88.63,95.6,71.3,82.00999999999999
2106,deberta-base,AVG+SUM_SUM-6-9,two-tokens,AVG+SUM,SUM-6-9,4,"torch.Size([61, 1536])",12,0,batch-64-nhid-0-inlayer-12,NORMAL,85.06,88.08,94.54,89.12,90.66,95.2,71.25,87.70142857142858
2107,deberta-base,AVG+MAX_SUM-6-9,two-tokens,AVG+MAX,SUM-6-9,4,"torch.Size([61, 1536])",12,0,batch-64-nhid-0-inlayer-12,NORMAL,84.33,88.21,94.48,89.25,90.88,95.4,72.58,87.87571428571428
2108,deberta-base,AVG+AVG-NS_SUM-6-9,two-tokens,AVG+AVG-NS,SUM-6-9,4,"torch.Size([61, 1536])",12,0,batch-64-nhid-0-inlayer-12,NORMAL,85.58,89.4,95.44,89.74,91.71,95.2,75.59,88.95142857142858
2109,deberta-base,AVG+SUM-NS_SUM-6-9,two-tokens,AVG+SUM-NS,SUM-6-9,4,"torch.Size([61, 1536])",12,0,batch-64-nhid-0-inlayer-12,NORMAL,85.5,88.35,94.3,89.26,90.39,94.4,71.07,87.61
2110,deberta-base,AVG+MAX-NS_SUM-6-9,two-tokens,AVG+MAX-NS,SUM-6-9,4,"torch.Size([61, 1536])",12,0,batch-64-nhid-0-inlayer-12,NORMAL,84.72,66.04,94.31,73.0,90.83,95.4,73.16,82.49428571428571
2111,deberta-base,SUM+MAX_SUM-6-9,two-tokens,SUM+MAX,SUM-6-9,4,"torch.Size([61, 1536])",12,0,batch-64-nhid-0-inlayer-12,NORMAL,85.13,88.34,94.69,88.62,90.61,95.0,71.65,87.72
2112,deberta-base,SUM+AVG-NS_SUM-6-9,two-tokens,SUM+AVG-NS,SUM-6-9,4,"torch.Size([61, 1536])",12,0,batch-64-nhid-0-inlayer-12,NORMAL,85.16,87.95,94.55,89.1,90.44,95.6,71.83,87.80428571428571
2113,deberta-base,SUM+SUM-NS_SUM-6-9,two-tokens,SUM+SUM-NS,SUM-6-9,4,"torch.Size([61, 1536])",12,0,batch-64-nhid-0-inlayer-12,NORMAL,85.24,88.21,94.36,89.24,90.99,95.0,72.12,87.88
2114,deberta-base,SUM+MAX-NS_SUM-6-9,two-tokens,SUM+MAX-NS,SUM-6-9,4,"torch.Size([61, 1536])",12,0,batch-64-nhid-0-inlayer-12,NORMAL,85.21,84.02,94.53,89.74,91.21,95.0,71.3,87.28714285714285
2115,deberta-base,MAX+AVG-NS_SUM-6-9,two-tokens,MAX+AVG-NS,SUM-6-9,4,"torch.Size([61, 1536])",12,0,batch-64-nhid-0-inlayer-12,NORMAL,84.46,88.35,94.58,89.05,90.39,96.0,73.45,88.03999999999999
2116,deberta-base,MAX+SUM-NS_SUM-6-9,two-tokens,MAX+SUM-NS,SUM-6-9,4,"torch.Size([61, 1536])",12,0,batch-64-nhid-0-inlayer-12,NORMAL,85.02,88.26,94.42,88.65,90.88,95.0,72.81,87.86285714285714
2117,deberta-base,MAX+MAX-NS_SUM-6-9,two-tokens,MAX+MAX-NS,SUM-6-9,4,"torch.Size([61, 1536])",12,0,batch-64-nhid-0-inlayer-12,NORMAL,82.2,68.82,92.84,49.52,88.69,95.4,71.59,78.43714285714286
2118,deberta-base,AVG-NS+SUM-NS_SUM-6-9,two-tokens,AVG-NS+SUM-NS,SUM-6-9,4,"torch.Size([61, 1536])",12,0,batch-64-nhid-0-inlayer-12,NORMAL,85.38,88.05,94.4,89.26,90.66,94.8,71.25,87.68571428571428
2119,deberta-base,AVG-NS+MAX-NS_SUM-6-9,two-tokens,AVG-NS+MAX-NS,SUM-6-9,4,"torch.Size([61, 1536])",12,0,batch-64-nhid-0-inlayer-12,NORMAL,84.55,66.06,94.48,74.94,89.95,95.8,72.52,82.61428571428573
2120,deberta-base,SUM-NS+MAX-NS_SUM-6-9,two-tokens,SUM-NS+MAX-NS,SUM-6-9,4,"torch.Size([61, 1536])",12,0,batch-64-nhid-0-inlayer-12,NORMAL,85.13,80.12,94.42,89.26,91.1,95.2,71.07,86.61428571428571
2121,deberta-base,CLS+AVG_SUM-7-10,two-tokens,CLS+AVG,SUM-7-10,4,"torch.Size([61, 1536])",12,0,batch-64-nhid-0-inlayer-12,NORMAL,87.07,90.97,95.82,90.06,92.59,95.6,77.04,89.87857142857142
2122,deberta-base,CLS+SUM_SUM-7-10,two-tokens,CLS+SUM,SUM-7-10,4,"torch.Size([61, 1536])",12,0,batch-64-nhid-0-inlayer-12,NORMAL,86.12,88.66,94.47,89.26,91.87,95.2,73.1,88.38285714285715
2123,deberta-base,CLS+MAX_SUM-7-10,two-tokens,CLS+MAX,SUM-7-10,4,"torch.Size([61, 1536])",12,0,batch-64-nhid-0-inlayer-12,NORMAL,84.06,87.21,93.37,88.82,89.51,93.8,70.49,86.75142857142858
2124,deberta-base,CLS+AVG-NS_SUM-7-10,two-tokens,CLS+AVG-NS,SUM-7-10,4,"torch.Size([61, 1536])",12,0,batch-64-nhid-0-inlayer-12,NORMAL,86.81,90.7,95.74,89.89,92.31,95.2,76.7,89.62142857142858
2125,deberta-base,CLS+SUM-NS_SUM-7-10,two-tokens,CLS+SUM-NS,SUM-7-10,4,"torch.Size([61, 1536])",12,0,batch-64-nhid-0-inlayer-12,NORMAL,86.23,88.64,94.47,89.33,91.6,95.4,71.83,88.21428571428571
2126,deberta-base,CLS+MAX-NS_SUM-7-10,two-tokens,CLS+MAX-NS,SUM-7-10,4,"torch.Size([61, 1536])",12,0,batch-64-nhid-0-inlayer-12,NORMAL,84.0,66.17,93.72,85.05,89.46,94.4,70.96,83.39428571428572
2127,deberta-base,AVG+SUM_SUM-7-10,two-tokens,AVG+SUM,SUM-7-10,4,"torch.Size([61, 1536])",12,0,batch-64-nhid-0-inlayer-12,NORMAL,86.29,88.45,94.47,89.36,91.76,95.4,72.17,88.27142857142857
2128,deberta-base,AVG+MAX_SUM-7-10,two-tokens,AVG+MAX,SUM-7-10,4,"torch.Size([61, 1536])",12,0,batch-64-nhid-0-inlayer-12,NORMAL,85.81,89.62,95.04,89.21,91.98,96.0,73.28,88.7057142857143
2129,deberta-base,AVG+AVG-NS_SUM-7-10,two-tokens,AVG+AVG-NS,SUM-7-10,4,"torch.Size([61, 1536])",12,0,batch-64-nhid-0-inlayer-12,NORMAL,86.84,90.15,95.62,89.69,92.59,95.8,75.3,89.42714285714284
2130,deberta-base,AVG+SUM-NS_SUM-7-10,two-tokens,AVG+SUM-NS,SUM-7-10,4,"torch.Size([61, 1536])",12,0,batch-64-nhid-0-inlayer-12,NORMAL,86.18,88.79,94.48,89.2,92.15,94.8,71.71,88.18714285714286
2131,deberta-base,AVG+MAX-NS_SUM-7-10,two-tokens,AVG+MAX-NS,SUM-7-10,4,"torch.Size([61, 1536])",12,0,batch-64-nhid-0-inlayer-12,NORMAL,85.77,66.12,94.93,80.0,91.65,95.6,73.16,83.89
2132,deberta-base,SUM+MAX_SUM-7-10,two-tokens,SUM+MAX,SUM-7-10,4,"torch.Size([61, 1536])",12,0,batch-64-nhid-0-inlayer-12,NORMAL,86.16,88.93,94.73,88.7,92.09,95.2,73.22,88.43285714285716
2133,deberta-base,SUM+AVG-NS_SUM-7-10,two-tokens,SUM+AVG-NS,SUM-7-10,4,"torch.Size([61, 1536])",12,0,batch-64-nhid-0-inlayer-12,NORMAL,86.27,88.61,94.54,89.21,92.75,95.6,72.64,88.51714285714286
2134,deberta-base,SUM+SUM-NS_SUM-7-10,two-tokens,SUM+SUM-NS,SUM-7-10,4,"torch.Size([61, 1536])",12,0,batch-64-nhid-0-inlayer-12,NORMAL,86.14,88.61,94.47,89.31,91.82,95.4,72.87,88.37428571428572
2135,deberta-base,SUM+MAX-NS_SUM-7-10,two-tokens,SUM+MAX-NS,SUM-7-10,4,"torch.Size([61, 1536])",12,0,batch-64-nhid-0-inlayer-12,NORMAL,86.24,86.7,94.58,82.72,92.09,95.2,73.51,87.29142857142858
2136,deberta-base,MAX+AVG-NS_SUM-7-10,two-tokens,MAX+AVG-NS,SUM-7-10,4,"torch.Size([61, 1536])",12,0,batch-64-nhid-0-inlayer-12,NORMAL,85.56,89.38,94.9,89.01,91.71,96.4,73.33,88.61285714285715
2137,deberta-base,MAX+SUM-NS_SUM-7-10,two-tokens,MAX+SUM-NS,SUM-7-10,4,"torch.Size([61, 1536])",12,0,batch-64-nhid-0-inlayer-12,NORMAL,86.23,88.71,94.64,88.58,92.09,95.8,71.83,88.26857142857143
2138,deberta-base,MAX+MAX-NS_SUM-7-10,two-tokens,MAX+MAX-NS,SUM-7-10,4,"torch.Size([61, 1536])",12,0,batch-64-nhid-0-inlayer-12,NORMAL,83.6,65.75,93.2,49.4,89.84,94.2,72.12,78.30142857142856
2139,deberta-base,AVG-NS+SUM-NS_SUM-7-10,two-tokens,AVG-NS+SUM-NS,SUM-7-10,4,"torch.Size([61, 1536])",12,0,batch-64-nhid-0-inlayer-12,NORMAL,86.37,88.61,94.44,89.13,91.98,95.0,71.36,88.12714285714286
2140,deberta-base,AVG-NS+MAX-NS_SUM-7-10,two-tokens,AVG-NS+MAX-NS,SUM-7-10,4,"torch.Size([61, 1536])",12,0,batch-64-nhid-0-inlayer-12,NORMAL,85.59,66.2,94.82,72.87,91.05,95.8,72.35,82.66857142857144
2141,deberta-base,SUM-NS+MAX-NS_SUM-7-10,two-tokens,SUM-NS+MAX-NS,SUM-7-10,4,"torch.Size([61, 1536])",12,0,batch-64-nhid-0-inlayer-12,NORMAL,86.16,80.59,94.6,85.17,91.49,95.4,72.23,86.52000000000001
2142,deberta-base,CLS+AVG_SUM-8-11,two-tokens,CLS+AVG,SUM-8-11,4,"torch.Size([61, 1536])",12,0,batch-64-nhid-0-inlayer-12,NORMAL,87.51,91.34,95.94,90.09,92.42,96.4,75.94,89.94857142857144
2143,deberta-base,CLS+SUM_SUM-8-11,two-tokens,CLS+SUM,SUM-8-11,4,"torch.Size([61, 1536])",12,0,batch-64-nhid-0-inlayer-12,NORMAL,86.92,89.09,94.65,89.39,91.93,95.4,72.81,88.59857142857143
2144,deberta-base,CLS+MAX_SUM-8-11,two-tokens,CLS+MAX,SUM-8-11,4,"torch.Size([61, 1536])",12,0,batch-64-nhid-0-inlayer-12,NORMAL,84.8,88.27,93.63,89.0,90.39,94.2,70.38,87.23857142857142
2145,deberta-base,CLS+AVG-NS_SUM-8-11,two-tokens,CLS+AVG-NS,SUM-8-11,4,"torch.Size([61, 1536])",12,0,batch-64-nhid-0-inlayer-12,NORMAL,87.5,91.18,95.87,89.94,92.37,96.2,75.94,89.85714285714286
2146,deberta-base,CLS+SUM-NS_SUM-8-11,two-tokens,CLS+SUM-NS,SUM-8-11,4,"torch.Size([61, 1536])",12,0,batch-64-nhid-0-inlayer-12,NORMAL,86.67,88.66,94.51,89.22,91.93,95.8,72.64,88.49
2147,deberta-base,CLS+MAX-NS_SUM-8-11,two-tokens,CLS+MAX-NS,SUM-8-11,4,"torch.Size([61, 1536])",12,0,batch-64-nhid-0-inlayer-12,NORMAL,84.57,66.12,93.36,83.19,90.61,93.2,69.22,82.89571428571428
2148,deberta-base,AVG+SUM_SUM-8-11,two-tokens,AVG+SUM,SUM-8-11,4,"torch.Size([61, 1536])",12,0,batch-64-nhid-0-inlayer-12,NORMAL,86.88,88.74,94.7,89.27,91.82,95.6,73.22,88.60428571428572
2149,deberta-base,AVG+MAX_SUM-8-11,two-tokens,AVG+MAX,SUM-8-11,4,"torch.Size([61, 1536])",12,0,batch-64-nhid-0-inlayer-12,NORMAL,86.36,90.07,95.19,89.2,92.26,95.0,72.23,88.61571428571428
2150,deberta-base,AVG+AVG-NS_SUM-8-11,two-tokens,AVG+AVG-NS,SUM-8-11,4,"torch.Size([61, 1536])",12,0,batch-64-nhid-0-inlayer-12,NORMAL,87.23,90.6,95.67,89.66,92.75,96.4,75.13,89.63428571428571
2151,deberta-base,AVG+SUM-NS_SUM-8-11,two-tokens,AVG+SUM-NS,SUM-8-11,4,"torch.Size([61, 1536])",12,0,batch-64-nhid-0-inlayer-12,NORMAL,86.79,88.93,94.55,89.23,92.04,95.6,72.35,88.49857142857145
2152,deberta-base,AVG+MAX-NS_SUM-8-11,two-tokens,AVG+MAX-NS,SUM-8-11,4,"torch.Size([61, 1536])",12,0,batch-64-nhid-0-inlayer-12,NORMAL,86.51,66.17,95.1,82.53,92.2,95.4,71.3,84.17285714285713
2153,deberta-base,SUM+MAX_SUM-8-11,two-tokens,SUM+MAX,SUM-8-11,4,"torch.Size([61, 1536])",12,0,batch-64-nhid-0-inlayer-12,NORMAL,86.67,89.11,94.78,89.03,91.98,95.6,72.87,88.57714285714287
2154,deberta-base,SUM+AVG-NS_SUM-8-11,two-tokens,SUM+AVG-NS,SUM-8-11,4,"torch.Size([61, 1536])",12,0,batch-64-nhid-0-inlayer-12,NORMAL,86.85,89.01,94.56,89.28,92.59,95.2,73.04,88.64714285714287
2155,deberta-base,SUM+SUM-NS_SUM-8-11,two-tokens,SUM+SUM-NS,SUM-8-11,4,"torch.Size([61, 1536])",12,0,batch-64-nhid-0-inlayer-12,NORMAL,86.79,88.8,94.71,89.12,91.87,95.8,72.81,88.55714285714286
2156,deberta-base,SUM+MAX-NS_SUM-8-11,two-tokens,SUM+MAX-NS,SUM-8-11,4,"torch.Size([61, 1536])",12,0,batch-64-nhid-0-inlayer-12,NORMAL,86.7,81.91,94.85,80.0,91.93,95.6,73.16,86.30714285714285
2157,deberta-base,MAX+AVG-NS_SUM-8-11,two-tokens,MAX+AVG-NS,SUM-8-11,4,"torch.Size([61, 1536])",12,0,batch-64-nhid-0-inlayer-12,NORMAL,86.15,90.2,95.27,88.95,91.93,95.0,72.23,88.53285714285714
2158,deberta-base,MAX+SUM-NS_SUM-8-11,two-tokens,MAX+SUM-NS,SUM-8-11,4,"torch.Size([61, 1536])",12,0,batch-64-nhid-0-inlayer-12,NORMAL,86.72,89.09,94.77,89.09,92.09,95.2,72.41,88.48142857142857
2159,deberta-base,MAX+MAX-NS_SUM-8-11,two-tokens,MAX+MAX-NS,SUM-8-11,4,"torch.Size([61, 1536])",12,0,batch-64-nhid-0-inlayer-12,NORMAL,84.15,65.96,93.51,49.45,90.28,94.0,70.72,78.2957142857143
2160,deberta-base,AVG-NS+SUM-NS_SUM-8-11,two-tokens,AVG-NS+SUM-NS,SUM-8-11,4,"torch.Size([61, 1536])",12,0,batch-64-nhid-0-inlayer-12,NORMAL,86.72,88.93,94.6,89.04,92.26,95.4,72.17,88.44571428571429
2161,deberta-base,AVG-NS+MAX-NS_SUM-8-11,two-tokens,AVG-NS+MAX-NS,SUM-8-11,4,"torch.Size([61, 1536])",12,0,batch-64-nhid-0-inlayer-12,NORMAL,86.55,66.22,95.08,73.05,92.37,95.8,72.17,83.03428571428572
2162,deberta-base,SUM-NS+MAX-NS_SUM-8-11,two-tokens,SUM-NS+MAX-NS,SUM-8-11,4,"torch.Size([61, 1536])",12,0,batch-64-nhid-0-inlayer-12,NORMAL,86.76,81.19,94.8,86.54,91.6,95.8,73.1,87.11285714285714
2163,deberta-base,CLS+AVG_SUM-9-12,two-tokens,CLS+AVG,SUM-9-12,4,"torch.Size([61, 1536])",12,0,batch-64-nhid-0-inlayer-12,NORMAL,87.44,91.23,95.9,89.77,92.31,94.6,74.32,89.36714285714285
2164,deberta-base,CLS+SUM_SUM-9-12,two-tokens,CLS+SUM,SUM-9-12,4,"torch.Size([61, 1536])",12,0,batch-64-nhid-0-inlayer-12,NORMAL,86.93,89.78,94.97,89.1,91.65,94.6,69.28,88.0442857142857
2165,deberta-base,CLS+MAX_SUM-9-12,two-tokens,CLS+MAX,SUM-9-12,4,"torch.Size([61, 1536])",12,0,batch-64-nhid-0-inlayer-12,NORMAL,83.91,87.44,93.62,88.68,89.35,93.6,69.62,86.60285714285715
2166,deberta-base,CLS+AVG-NS_SUM-9-12,two-tokens,CLS+AVG-NS,SUM-9-12,4,"torch.Size([61, 1536])",12,0,batch-64-nhid-0-inlayer-12,NORMAL,87.4,90.92,95.74,89.95,92.59,95.6,73.28,89.35428571428572
2167,deberta-base,CLS+SUM-NS_SUM-9-12,two-tokens,CLS+SUM-NS,SUM-9-12,4,"torch.Size([61, 1536])",12,0,batch-64-nhid-0-inlayer-12,NORMAL,86.85,89.99,94.91,89.08,92.04,94.4,69.33,88.08571428571429
2168,deberta-base,CLS+MAX-NS_SUM-9-12,two-tokens,CLS+MAX-NS,SUM-9-12,4,"torch.Size([61, 1536])",12,0,batch-64-nhid-0-inlayer-12,NORMAL,84.18,66.09,93.61,49.05,89.13,94.0,69.57,77.94714285714285
2169,deberta-base,AVG+SUM_SUM-9-12,two-tokens,AVG+SUM,SUM-9-12,4,"torch.Size([61, 1536])",12,0,batch-64-nhid-0-inlayer-12,NORMAL,86.83,90.31,94.98,89.18,91.65,94.6,68.58,88.01857142857145
2170,deberta-base,AVG+MAX_SUM-9-12,two-tokens,AVG+MAX,SUM-9-12,4,"torch.Size([61, 1536])",12,0,batch-64-nhid-0-inlayer-12,NORMAL,86.06,89.91,94.79,89.03,91.98,95.2,70.67,88.23428571428572
2171,deberta-base,AVG+AVG-NS_SUM-9-12,two-tokens,AVG+AVG-NS,SUM-9-12,4,"torch.Size([61, 1536])",12,0,batch-64-nhid-0-inlayer-12,NORMAL,87.14,90.67,95.62,89.68,92.37,94.8,74.32,89.22857142857141
2172,deberta-base,AVG+SUM-NS_SUM-9-12,two-tokens,AVG+SUM-NS,SUM-9-12,4,"torch.Size([61, 1536])",12,0,batch-64-nhid-0-inlayer-12,NORMAL,87.02,89.75,94.88,88.98,91.43,95.0,68.87,87.99
2173,deberta-base,AVG+MAX-NS_SUM-9-12,two-tokens,AVG+MAX-NS,SUM-9-12,4,"torch.Size([61, 1536])",12,0,batch-64-nhid-0-inlayer-12,NORMAL,85.88,66.38,94.87,49.22,91.82,94.6,70.55,79.04571428571428
2174,deberta-base,SUM+MAX_SUM-9-12,two-tokens,SUM+MAX,SUM-9-12,4,"torch.Size([61, 1536])",12,0,batch-64-nhid-0-inlayer-12,NORMAL,86.8,89.83,95.15,89.16,91.21,94.8,69.33,88.03999999999999
2175,deberta-base,SUM+AVG-NS_SUM-9-12,two-tokens,SUM+AVG-NS,SUM-9-12,4,"torch.Size([61, 1536])",12,0,batch-64-nhid-0-inlayer-12,NORMAL,87.12,90.2,94.89,89.12,91.43,94.4,69.22,88.05428571428571
2176,deberta-base,SUM+SUM-NS_SUM-9-12,two-tokens,SUM+SUM-NS,SUM-9-12,4,"torch.Size([61, 1536])",12,0,batch-64-nhid-0-inlayer-12,NORMAL,87.08,90.28,94.84,89.23,91.6,94.6,68.75,88.05428571428573
2177,deberta-base,SUM+MAX-NS_SUM-9-12,two-tokens,SUM+MAX-NS,SUM-9-12,4,"torch.Size([61, 1536])",12,0,batch-64-nhid-0-inlayer-12,NORMAL,86.81,80.17,94.94,88.41,91.16,95.0,69.39,86.55428571428571
2178,deberta-base,MAX+AVG-NS_SUM-9-12,two-tokens,MAX+AVG-NS,SUM-9-12,4,"torch.Size([61, 1536])",12,0,batch-64-nhid-0-inlayer-12,NORMAL,86.14,89.91,94.67,89.07,92.15,95.8,70.96,88.38571428571429
2179,deberta-base,MAX+SUM-NS_SUM-9-12,two-tokens,MAX+SUM-NS,SUM-9-12,4,"torch.Size([61, 1536])",12,0,batch-64-nhid-0-inlayer-12,NORMAL,86.79,89.78,94.88,88.99,91.6,95.0,68.7,87.96285714285715
2180,deberta-base,MAX+MAX-NS_SUM-9-12,two-tokens,MAX+MAX-NS,SUM-9-12,4,"torch.Size([61, 1536])",12,0,batch-64-nhid-0-inlayer-12,NORMAL,83.82,66.12,93.21,78.48,89.02,94.2,68.64,81.92714285714285
2181,deberta-base,AVG-NS+SUM-NS_SUM-9-12,two-tokens,AVG-NS+SUM-NS,SUM-9-12,4,"torch.Size([61, 1536])",12,0,batch-64-nhid-0-inlayer-12,NORMAL,86.97,89.91,94.77,89.13,91.6,94.6,68.58,87.93714285714286
2182,deberta-base,AVG-NS+MAX-NS_SUM-9-12,two-tokens,AVG-NS+MAX-NS,SUM-9-12,4,"torch.Size([61, 1536])",12,0,batch-64-nhid-0-inlayer-12,NORMAL,85.68,68.13,94.89,83.79,91.93,94.6,70.26,84.18285714285715
2183,deberta-base,SUM-NS+MAX-NS_SUM-9-12,two-tokens,SUM-NS+MAX-NS,SUM-9-12,4,"torch.Size([61, 1536])",12,0,batch-64-nhid-0-inlayer-12,NORMAL,86.96,76.92,94.89,87.78,92.2,94.4,69.04,86.02714285714285
2184,deberta-base,CLS+AVG_SUM-1-5,two-tokens,CLS+AVG,SUM-1-5,4,"torch.Size([61, 1536])",12,0,batch-64-nhid-0-inlayer-12,NORMAL,80.4,83.52,94.24,89.21,86.77,92.4,75.13,85.95285714285714
2185,deberta-base,CLS+SUM_SUM-1-5,two-tokens,CLS+SUM,SUM-1-5,4,"torch.Size([61, 1536])",12,0,batch-64-nhid-0-inlayer-12,NORMAL,79.95,80.98,93.17,88.52,86.44,90.4,69.68,84.16285714285716
2186,deberta-base,CLS+MAX_SUM-1-5,two-tokens,CLS+MAX,SUM-1-5,4,"torch.Size([61, 1536])",12,0,batch-64-nhid-0-inlayer-12,NORMAL,75.9,77.88,90.67,88.01,79.52,90.8,67.71,81.49857142857142
2187,deberta-base,CLS+AVG-NS_SUM-1-5,two-tokens,CLS+AVG-NS,SUM-1-5,4,"torch.Size([61, 1536])",12,0,batch-64-nhid-0-inlayer-12,NORMAL,79.68,82.6,93.97,89.05,86.0,92.4,74.09,85.39857142857144
2188,deberta-base,CLS+SUM-NS_SUM-1-5,two-tokens,CLS+SUM-NS,SUM-1-5,4,"torch.Size([61, 1536])",12,0,batch-64-nhid-0-inlayer-12,NORMAL,79.53,80.85,92.96,88.47,86.49,91.2,69.68,84.16857142857144
2189,deberta-base,CLS+MAX-NS_SUM-1-5,two-tokens,CLS+MAX-NS,SUM-1-5,4,"torch.Size([61, 1536])",12,0,batch-64-nhid-0-inlayer-12,NORMAL,75.4,64.71,90.75,80.93,79.74,91.0,67.54,78.58142857142857
2190,deberta-base,AVG+SUM_SUM-1-5,two-tokens,AVG+SUM,SUM-1-5,4,"torch.Size([61, 1536])",12,0,batch-64-nhid-0-inlayer-12,NORMAL,79.93,80.93,93.1,88.22,85.5,90.4,69.57,83.95000000000002
2191,deberta-base,AVG+MAX_SUM-1-5,two-tokens,AVG+MAX,SUM-1-5,4,"torch.Size([61, 1536])",12,0,batch-64-nhid-0-inlayer-12,NORMAL,78.35,79.95,92.26,87.61,85.23,91.2,69.39,83.42714285714285
2192,deberta-base,AVG+AVG-NS_SUM-1-5,two-tokens,AVG+AVG-NS,SUM-1-5,4,"torch.Size([61, 1536])",12,0,batch-64-nhid-0-inlayer-12,NORMAL,80.07,82.17,93.91,88.56,86.77,90.8,74.09,85.19571428571429
2193,deberta-base,AVG+SUM-NS_SUM-1-5,two-tokens,AVG+SUM-NS,SUM-1-5,4,"torch.Size([61, 1536])",12,0,batch-64-nhid-0-inlayer-12,NORMAL,79.39,80.87,92.88,88.13,86.11,91.0,69.1,83.92571428571429
2194,deberta-base,AVG+MAX-NS_SUM-1-5,two-tokens,AVG+MAX-NS,SUM-1-5,4,"torch.Size([61, 1536])",12,0,batch-64-nhid-0-inlayer-12,NORMAL,78.47,66.12,92.26,85.44,84.84,91.4,69.28,81.11571428571428
2195,deberta-base,SUM+MAX_SUM-1-5,two-tokens,SUM+MAX,SUM-1-5,4,"torch.Size([61, 1536])",12,0,batch-64-nhid-0-inlayer-12,NORMAL,79.79,81.03,93.0,87.61,85.61,91.4,70.2,84.09142857142858
2196,deberta-base,SUM+AVG-NS_SUM-1-5,two-tokens,SUM+AVG-NS,SUM-1-5,4,"torch.Size([61, 1536])",12,0,batch-64-nhid-0-inlayer-12,NORMAL,79.82,81.19,93.16,88.2,86.05,90.6,69.68,84.10000000000001
2197,deberta-base,SUM+SUM-NS_SUM-1-5,two-tokens,SUM+SUM-NS,SUM-1-5,4,"torch.Size([61, 1536])",12,0,batch-64-nhid-0-inlayer-12,NORMAL,79.37,80.74,93.13,88.48,85.78,90.4,69.16,83.86571428571428
2198,deberta-base,SUM+MAX-NS_SUM-1-5,two-tokens,SUM+MAX-NS,SUM-1-5,4,"torch.Size([61, 1536])",12,0,batch-64-nhid-0-inlayer-12,NORMAL,79.64,72.76,93.1,78.49,86.22,92.0,70.9,81.87285714285714
2199,deberta-base,MAX+AVG-NS_SUM-1-5,two-tokens,MAX+AVG-NS,SUM-1-5,4,"torch.Size([61, 1536])",12,0,batch-64-nhid-0-inlayer-12,NORMAL,78.52,79.47,92.2,87.06,83.53,91.6,68.64,83.00285714285714
2200,deberta-base,MAX+SUM-NS_SUM-1-5,two-tokens,MAX+SUM-NS,SUM-1-5,4,"torch.Size([61, 1536])",12,0,batch-64-nhid-0-inlayer-12,NORMAL,79.25,80.74,92.79,87.6,86.0,91.2,70.55,84.01857142857143
2201,deberta-base,MAX+MAX-NS_SUM-1-5,two-tokens,MAX+MAX-NS,SUM-1-5,4,"torch.Size([61, 1536])",12,0,batch-64-nhid-0-inlayer-12,NORMAL,74.84,65.75,90.28,85.82,79.46,90.4,68.23,79.25428571428571
2202,deberta-base,AVG-NS+SUM-NS_SUM-1-5,two-tokens,AVG-NS+SUM-NS,SUM-1-5,4,"torch.Size([61, 1536])",12,0,batch-64-nhid-0-inlayer-12,NORMAL,79.34,81.06,92.84,87.97,86.0,90.8,70.49,84.07142857142857
2203,deberta-base,AVG-NS+MAX-NS_SUM-1-5,two-tokens,AVG-NS+MAX-NS,SUM-1-5,4,"torch.Size([61, 1536])",12,0,batch-64-nhid-0-inlayer-12,NORMAL,78.3,65.08,92.48,72.38,83.64,91.8,69.91,79.08428571428571
2204,deberta-base,SUM-NS+MAX-NS_SUM-1-5,two-tokens,SUM-NS+MAX-NS,SUM-1-5,4,"torch.Size([61, 1536])",12,0,batch-64-nhid-0-inlayer-12,NORMAL,78.94,76.29,92.81,87.54,86.44,91.4,70.61,83.43285714285716
2205,deberta-base,CLS+AVG_SUM-2-6,two-tokens,CLS+AVG,SUM-2-6,4,"torch.Size([61, 1536])",12,0,batch-64-nhid-0-inlayer-12,NORMAL,81.55,85.96,94.84,89.74,87.59,93.8,75.19,86.95285714285716
2206,deberta-base,CLS+SUM_SUM-2-6,two-tokens,CLS+SUM,SUM-2-6,4,"torch.Size([61, 1536])",12,0,batch-64-nhid-0-inlayer-12,NORMAL,81.29,83.97,93.61,88.95,86.93,92.0,70.61,85.33714285714287
2207,deberta-base,CLS+MAX_SUM-2-6,two-tokens,CLS+MAX,SUM-2-6,4,"torch.Size([61, 1536])",12,0,batch-64-nhid-0-inlayer-12,NORMAL,77.12,80.13,91.61,88.4,80.72,92.4,70.09,82.92428571428572
2208,deberta-base,CLS+AVG-NS_SUM-2-6,two-tokens,CLS+AVG-NS,SUM-2-6,4,"torch.Size([61, 1536])",12,0,batch-64-nhid-0-inlayer-12,NORMAL,81.24,85.43,94.82,89.47,87.42,92.8,74.14,86.47428571428573
2209,deberta-base,CLS+SUM-NS_SUM-2-6,two-tokens,CLS+SUM-NS,SUM-2-6,4,"torch.Size([61, 1536])",12,0,batch-64-nhid-0-inlayer-12,NORMAL,81.04,83.84,93.71,88.85,86.77,92.2,69.8,85.17285714285713
2210,deberta-base,CLS+MAX-NS_SUM-2-6,two-tokens,CLS+MAX-NS,SUM-2-6,4,"torch.Size([61, 1536])",12,0,batch-64-nhid-0-inlayer-12,NORMAL,76.81,65.46,91.54,72.73,80.56,93.0,69.57,78.52428571428572
2211,deberta-base,AVG+SUM_SUM-2-6,two-tokens,AVG+SUM,SUM-2-6,4,"torch.Size([61, 1536])",12,0,batch-64-nhid-0-inlayer-12,NORMAL,81.42,84.05,93.63,88.96,86.22,92.4,70.61,85.32714285714285
2212,deberta-base,AVG+MAX_SUM-2-6,two-tokens,AVG+MAX,SUM-2-6,4,"torch.Size([61, 1536])",12,0,batch-64-nhid-0-inlayer-12,NORMAL,79.72,82.22,93.44,88.31,86.6,93.8,71.13,85.03142857142856
2213,deberta-base,AVG+AVG-NS_SUM-2-6,two-tokens,AVG+AVG-NS,SUM-2-6,4,"torch.Size([61, 1536])",12,0,batch-64-nhid-0-inlayer-12,NORMAL,81.25,85.27,94.6,89.27,88.25,93.2,75.42,86.75142857142858
2214,deberta-base,AVG+SUM-NS_SUM-2-6,two-tokens,AVG+SUM-NS,SUM-2-6,4,"torch.Size([61, 1536])",12,0,batch-64-nhid-0-inlayer-12,NORMAL,80.98,83.87,93.79,88.86,86.33,92.0,70.67,85.21428571428571
2215,deberta-base,AVG+MAX-NS_SUM-2-6,two-tokens,AVG+MAX-NS,SUM-2-6,4,"torch.Size([61, 1536])",12,0,batch-64-nhid-0-inlayer-12,NORMAL,80.07,67.07,93.27,72.61,86.49,93.4,71.54,80.63571428571427
2216,deberta-base,SUM+MAX_SUM-2-6,two-tokens,SUM+MAX,SUM-2-6,4,"torch.Size([61, 1536])",12,0,batch-64-nhid-0-inlayer-12,NORMAL,81.1,84.08,93.73,88.15,86.33,92.4,70.84,85.23285714285716
2217,deberta-base,SUM+AVG-NS_SUM-2-6,two-tokens,SUM+AVG-NS,SUM-2-6,4,"torch.Size([61, 1536])",12,0,batch-64-nhid-0-inlayer-12,NORMAL,81.28,84.21,93.69,88.48,86.82,92.6,70.9,85.42571428571429
2218,deberta-base,SUM+SUM-NS_SUM-2-6,two-tokens,SUM+SUM-NS,SUM-2-6,4,"torch.Size([61, 1536])",12,0,batch-64-nhid-0-inlayer-12,NORMAL,81.17,84.24,93.67,88.93,86.77,93.0,70.61,85.48428571428572
2219,deberta-base,SUM+MAX-NS_SUM-2-6,two-tokens,SUM+MAX-NS,SUM-2-6,4,"torch.Size([61, 1536])",12,0,batch-64-nhid-0-inlayer-12,NORMAL,80.95,78.25,93.78,89.3,86.66,93.0,70.96,84.7
2220,deberta-base,MAX+AVG-NS_SUM-2-6,two-tokens,MAX+AVG-NS,SUM-2-6,4,"torch.Size([61, 1536])",12,0,batch-64-nhid-0-inlayer-12,NORMAL,79.67,82.52,93.33,87.97,85.78,93.6,71.59,84.92285714285715
2221,deberta-base,MAX+SUM-NS_SUM-2-6,two-tokens,MAX+SUM-NS,SUM-2-6,4,"torch.Size([61, 1536])",12,0,batch-64-nhid-0-inlayer-12,NORMAL,80.94,83.81,93.64,88.05,86.44,93.8,70.43,85.30142857142856
2222,deberta-base,MAX+MAX-NS_SUM-2-6,two-tokens,MAX+MAX-NS,SUM-2-6,4,"torch.Size([61, 1536])",12,0,batch-64-nhid-0-inlayer-12,NORMAL,76.66,67.63,91.34,86.63,80.45,93.2,69.51,80.77428571428571
2223,deberta-base,AVG-NS+SUM-NS_SUM-2-6,two-tokens,AVG-NS+SUM-NS,SUM-2-6,4,"torch.Size([61, 1536])",12,0,batch-64-nhid-0-inlayer-12,NORMAL,81.08,83.71,93.82,88.42,87.15,93.0,70.67,85.40714285714286
2224,deberta-base,AVG-NS+MAX-NS_SUM-2-6,two-tokens,AVG-NS+MAX-NS,SUM-2-6,4,"torch.Size([61, 1536])",12,0,batch-64-nhid-0-inlayer-12,NORMAL,79.55,66.57,93.38,49.17,85.67,93.4,71.19,76.99000000000001
2225,deberta-base,SUM-NS+MAX-NS_SUM-2-6,two-tokens,SUM-NS+MAX-NS,SUM-2-6,4,"torch.Size([61, 1536])",12,0,batch-64-nhid-0-inlayer-12,NORMAL,80.74,74.46,93.7,84.13,86.6,94.2,69.68,83.35857142857142
2226,deberta-base,CLS+AVG_SUM-3-7,two-tokens,CLS+AVG,SUM-3-7,4,"torch.Size([61, 1536])",12,0,batch-64-nhid-0-inlayer-12,NORMAL,83.01,87.68,95.04,90.08,88.91,94.4,75.07,87.74142857142859
2227,deberta-base,CLS+SUM_SUM-3-7,two-tokens,CLS+SUM,SUM-3-7,4,"torch.Size([61, 1536])",12,0,batch-64-nhid-0-inlayer-12,NORMAL,82.44,85.91,94.08,89.48,87.7,94.2,70.26,86.2957142857143
2228,deberta-base,CLS+MAX_SUM-3-7,two-tokens,CLS+MAX,SUM-3-7,4,"torch.Size([61, 1536])",12,0,batch-64-nhid-0-inlayer-12,NORMAL,78.51,82.83,92.59,88.92,82.32,93.2,70.72,84.1557142857143
2229,deberta-base,CLS+AVG-NS_SUM-3-7,two-tokens,CLS+AVG-NS,SUM-3-7,4,"torch.Size([61, 1536])",12,0,batch-64-nhid-0-inlayer-12,NORMAL,82.72,87.58,95.02,89.68,88.69,94.4,75.88,87.71000000000001
2230,deberta-base,CLS+SUM-NS_SUM-3-7,two-tokens,CLS+SUM-NS,SUM-3-7,4,"torch.Size([61, 1536])",12,0,batch-64-nhid-0-inlayer-12,NORMAL,82.23,85.59,93.84,89.46,87.97,94.2,70.2,86.21285714285715
2231,deberta-base,CLS+MAX-NS_SUM-3-7,two-tokens,CLS+MAX-NS,SUM-3-7,4,"torch.Size([61, 1536])",12,0,batch-64-nhid-0-inlayer-12,NORMAL,78.61,65.8,92.47,72.83,82.32,92.8,69.74,79.2242857142857
2232,deberta-base,AVG+SUM_SUM-3-7,two-tokens,AVG+SUM,SUM-3-7,4,"torch.Size([61, 1536])",12,0,batch-64-nhid-0-inlayer-12,NORMAL,82.56,85.85,93.98,89.21,87.53,94.8,70.43,86.33714285714284
2233,deberta-base,AVG+MAX_SUM-3-7,two-tokens,AVG+MAX,SUM-3-7,4,"torch.Size([61, 1536])",12,0,batch-64-nhid-0-inlayer-12,NORMAL,81.87,84.95,93.78,88.74,87.64,93.6,71.48,86.00857142857144
2234,deberta-base,AVG+AVG-NS_SUM-3-7,two-tokens,AVG+AVG-NS,SUM-3-7,4,"torch.Size([61, 1536])",12,0,batch-64-nhid-0-inlayer-12,NORMAL,82.87,87.28,94.79,89.45,89.62,94.0,75.13,87.59142857142857
2235,deberta-base,AVG+SUM-NS_SUM-3-7,two-tokens,AVG+SUM-NS,SUM-3-7,4,"torch.Size([61, 1536])",12,0,batch-64-nhid-0-inlayer-12,NORMAL,82.06,85.54,93.77,89.4,87.31,94.8,70.14,86.14571428571428
2236,deberta-base,AVG+MAX-NS_SUM-3-7,two-tokens,AVG+MAX-NS,SUM-3-7,4,"torch.Size([61, 1536])",12,0,batch-64-nhid-0-inlayer-12,NORMAL,81.53,68.45,93.66,78.37,87.7,93.4,71.36,82.06714285714285
2237,deberta-base,SUM+MAX_SUM-3-7,two-tokens,SUM+MAX,SUM-3-7,4,"torch.Size([61, 1536])",12,0,batch-64-nhid-0-inlayer-12,NORMAL,82.44,85.93,94.23,88.72,87.42,94.2,70.2,86.16285714285716
2238,deberta-base,SUM+AVG-NS_SUM-3-7,two-tokens,SUM+AVG-NS,SUM-3-7,4,"torch.Size([61, 1536])",12,0,batch-64-nhid-0-inlayer-12,NORMAL,82.57,85.88,94.06,88.85,88.19,94.4,71.19,86.44857142857144
2239,deberta-base,SUM+SUM-NS_SUM-3-7,two-tokens,SUM+SUM-NS,SUM-3-7,4,"torch.Size([61, 1536])",12,0,batch-64-nhid-0-inlayer-12,NORMAL,82.38,85.67,94.06,89.34,87.86,94.4,69.91,86.23142857142857
2240,deberta-base,SUM+MAX-NS_SUM-3-7,two-tokens,SUM+MAX-NS,SUM-3-7,4,"torch.Size([61, 1536])",12,0,batch-64-nhid-0-inlayer-12,NORMAL,82.42,78.3,94.13,81.25,87.53,94.2,70.55,84.05428571428571
2241,deberta-base,MAX+AVG-NS_SUM-3-7,two-tokens,MAX+AVG-NS,SUM-3-7,4,"torch.Size([61, 1536])",12,0,batch-64-nhid-0-inlayer-12,NORMAL,81.45,85.03,93.93,88.28,86.99,94.4,71.88,85.99428571428572
2242,deberta-base,MAX+SUM-NS_SUM-3-7,two-tokens,MAX+SUM-NS,SUM-3-7,4,"torch.Size([61, 1536])",12,0,batch-64-nhid-0-inlayer-12,NORMAL,82.01,85.4,93.87,88.56,87.37,94.4,70.72,86.04714285714286
2243,deberta-base,MAX+MAX-NS_SUM-3-7,two-tokens,MAX+MAX-NS,SUM-3-7,4,"torch.Size([61, 1536])",12,0,batch-64-nhid-0-inlayer-12,NORMAL,78.36,67.68,92.14,86.06,82.43,92.4,70.67,81.39142857142858
2244,deberta-base,AVG-NS+SUM-NS_SUM-3-7,two-tokens,AVG-NS+SUM-NS,SUM-3-7,4,"torch.Size([61, 1536])",12,0,batch-64-nhid-0-inlayer-12,NORMAL,82.2,85.32,93.86,88.94,87.81,95.0,70.26,86.19857142857143
2245,deberta-base,AVG-NS+MAX-NS_SUM-3-7,two-tokens,AVG-NS+MAX-NS,SUM-3-7,4,"torch.Size([61, 1536])",12,0,batch-64-nhid-0-inlayer-12,NORMAL,81.47,68.34,93.91,49.45,86.77,93.8,71.36,77.87142857142858
2246,deberta-base,SUM-NS+MAX-NS_SUM-3-7,two-tokens,SUM-NS+MAX-NS,SUM-3-7,4,"torch.Size([61, 1536])",12,0,batch-64-nhid-0-inlayer-12,NORMAL,82.04,75.39,93.98,86.91,87.53,94.2,70.38,84.34714285714287
2247,deberta-base,CLS+AVG_SUM-4-8,two-tokens,CLS+AVG,SUM-4-8,4,"torch.Size([61, 1536])",12,0,batch-64-nhid-0-inlayer-12,NORMAL,84.45,89.48,95.48,90.27,90.12,95.6,76.29,88.81285714285714
2248,deberta-base,CLS+SUM_SUM-4-8,two-tokens,CLS+SUM,SUM-4-8,4,"torch.Size([61, 1536])",12,0,batch-64-nhid-0-inlayer-12,NORMAL,84.05,86.73,94.41,89.43,89.13,93.8,71.01,86.93714285714285
2249,deberta-base,CLS+MAX_SUM-4-8,two-tokens,CLS+MAX,SUM-4-8,4,"torch.Size([61, 1536])",12,0,batch-64-nhid-0-inlayer-12,NORMAL,80.27,84.32,92.87,88.78,85.12,94.8,69.91,85.15285714285713
2250,deberta-base,CLS+AVG-NS_SUM-4-8,two-tokens,CLS+AVG-NS,SUM-4-8,4,"torch.Size([61, 1536])",12,0,batch-64-nhid-0-inlayer-12,NORMAL,84.37,88.9,95.46,89.96,90.33,95.8,75.36,88.59714285714286
2251,deberta-base,CLS+SUM-NS_SUM-4-8,two-tokens,CLS+SUM-NS,SUM-4-8,4,"torch.Size([61, 1536])",12,0,batch-64-nhid-0-inlayer-12,NORMAL,83.83,86.84,94.36,89.61,89.13,93.8,71.07,86.94857142857144
2252,deberta-base,CLS+MAX-NS_SUM-4-8,two-tokens,CLS+MAX-NS,SUM-4-8,4,"torch.Size([61, 1536])",12,0,batch-64-nhid-0-inlayer-12,NORMAL,80.28,65.8,92.87,74.11,84.68,93.2,69.22,80.02285714285713
2253,deberta-base,AVG+SUM_SUM-4-8,two-tokens,AVG+SUM,SUM-4-8,4,"torch.Size([61, 1536])",12,0,batch-64-nhid-0-inlayer-12,NORMAL,84.13,86.83,94.38,89.47,88.36,93.6,71.01,86.82571428571428
2254,deberta-base,AVG+MAX_SUM-4-8,two-tokens,AVG+MAX,SUM-4-8,4,"torch.Size([61, 1536])",12,0,batch-64-nhid-0-inlayer-12,NORMAL,83.18,87.28,94.15,89.09,89.35,95.0,71.54,87.08428571428571
2255,deberta-base,AVG+AVG-NS_SUM-4-8,two-tokens,AVG+AVG-NS,SUM-4-8,4,"torch.Size([61, 1536])",12,0,batch-64-nhid-0-inlayer-12,NORMAL,84.14,88.74,95.28,89.66,90.83,94.2,75.07,88.2742857142857
2256,deberta-base,AVG+SUM-NS_SUM-4-8,two-tokens,AVG+SUM-NS,SUM-4-8,4,"torch.Size([61, 1536])",12,0,batch-64-nhid-0-inlayer-12,NORMAL,83.83,86.73,94.22,89.47,88.85,94.0,70.67,86.82428571428571
2257,deberta-base,AVG+MAX-NS_SUM-4-8,two-tokens,AVG+MAX-NS,SUM-4-8,4,"torch.Size([61, 1536])",12,0,batch-64-nhid-0-inlayer-12,NORMAL,82.74,67.68,94.18,79.16,89.24,94.8,72.29,82.87
2258,deberta-base,SUM+MAX_SUM-4-8,two-tokens,SUM+MAX,SUM-4-8,4,"torch.Size([61, 1536])",12,0,batch-64-nhid-0-inlayer-12,NORMAL,83.77,87.05,94.47,88.54,88.8,93.8,70.84,86.75285714285714
2259,deberta-base,SUM+AVG-NS_SUM-4-8,two-tokens,SUM+AVG-NS,SUM-4-8,4,"torch.Size([61, 1536])",12,0,batch-64-nhid-0-inlayer-12,NORMAL,84.16,86.89,94.46,88.96,88.96,94.0,71.13,86.93714285714285
2260,deberta-base,SUM+SUM-NS_SUM-4-8,two-tokens,SUM+SUM-NS,SUM-4-8,4,"torch.Size([61, 1536])",12,0,batch-64-nhid-0-inlayer-12,NORMAL,83.92,86.81,94.46,89.52,88.85,94.6,70.78,86.99142857142856
2261,deberta-base,SUM+MAX-NS_SUM-4-8,two-tokens,SUM+MAX-NS,SUM-4-8,4,"torch.Size([61, 1536])",12,0,batch-64-nhid-0-inlayer-12,NORMAL,83.86,76.45,94.49,80.25,89.29,93.8,71.54,84.24
2262,deberta-base,MAX+AVG-NS_SUM-4-8,two-tokens,MAX+AVG-NS,SUM-4-8,4,"torch.Size([61, 1536])",12,0,batch-64-nhid-0-inlayer-12,NORMAL,83.18,87.21,94.29,88.6,89.18,94.8,71.83,87.01285714285714
2263,deberta-base,MAX+SUM-NS_SUM-4-8,two-tokens,MAX+SUM-NS,SUM-4-8,4,"torch.Size([61, 1536])",12,0,batch-64-nhid-0-inlayer-12,NORMAL,83.93,86.97,94.29,88.51,89.02,94.4,71.36,86.92571428571429
2264,deberta-base,MAX+MAX-NS_SUM-4-8,two-tokens,MAX+MAX-NS,SUM-4-8,4,"torch.Size([61, 1536])",12,0,batch-64-nhid-0-inlayer-12,NORMAL,80.47,65.61,92.53,85.54,85.56,93.6,69.91,81.88857142857141
2265,deberta-base,AVG-NS+SUM-NS_SUM-4-8,two-tokens,AVG-NS+SUM-NS,SUM-4-8,4,"torch.Size([61, 1536])",12,0,batch-64-nhid-0-inlayer-12,NORMAL,83.92,86.67,94.29,89.02,89.07,94.4,70.78,86.87857142857142
2266,deberta-base,AVG-NS+MAX-NS_SUM-4-8,two-tokens,AVG-NS+MAX-NS,SUM-4-8,4,"torch.Size([61, 1536])",12,0,batch-64-nhid-0-inlayer-12,NORMAL,83.0,66.2,94.2,49.41,88.85,94.8,71.01,78.21000000000001
2267,deberta-base,SUM-NS+MAX-NS_SUM-4-8,two-tokens,SUM-NS+MAX-NS,SUM-4-8,4,"torch.Size([61, 1536])",12,0,batch-64-nhid-0-inlayer-12,NORMAL,83.93,80.61,94.37,79.09,89.24,93.4,70.96,84.51428571428572
2268,deberta-base,CLS+AVG_SUM-5-9,two-tokens,CLS+AVG,SUM-5-9,4,"torch.Size([61, 1536])",12,0,batch-64-nhid-0-inlayer-12,NORMAL,85.52,89.83,95.67,90.2,90.83,95.4,75.94,89.05571428571427
2269,deberta-base,CLS+SUM_SUM-5-9,two-tokens,CLS+SUM,SUM-5-9,4,"torch.Size([61, 1536])",12,0,batch-64-nhid-0-inlayer-12,NORMAL,84.94,88.29,94.44,89.34,90.33,94.2,71.48,87.57428571428571
2270,deberta-base,CLS+MAX_SUM-5-9,two-tokens,CLS+MAX,SUM-5-9,4,"torch.Size([61, 1536])",12,0,batch-64-nhid-0-inlayer-12,NORMAL,81.69,84.9,93.04,88.89,87.75,94.8,70.14,85.88714285714285
2271,deberta-base,CLS+AVG-NS_SUM-5-9,two-tokens,CLS+AVG-NS,SUM-5-9,4,"torch.Size([61, 1536])",12,0,batch-64-nhid-0-inlayer-12,NORMAL,85.47,89.24,95.47,90.16,91.16,95.2,75.65,88.90714285714284
2272,deberta-base,CLS+SUM-NS_SUM-5-9,two-tokens,CLS+SUM-NS,SUM-5-9,4,"torch.Size([61, 1536])",12,0,batch-64-nhid-0-inlayer-12,NORMAL,85.07,87.6,94.48,89.21,90.61,94.0,71.36,87.47571428571429
2273,deberta-base,CLS+MAX-NS_SUM-5-9,two-tokens,CLS+MAX-NS,SUM-5-9,4,"torch.Size([61, 1536])",12,0,batch-64-nhid-0-inlayer-12,NORMAL,81.64,65.8,93.17,82.36,88.25,95.4,70.55,82.45285714285714
2274,deberta-base,AVG+SUM_SUM-5-9,two-tokens,AVG+SUM,SUM-5-9,4,"torch.Size([61, 1536])",12,0,batch-64-nhid-0-inlayer-12,NORMAL,85.07,88.56,94.36,89.35,90.06,94.6,71.01,87.57285714285715
2275,deberta-base,AVG+MAX_SUM-5-9,two-tokens,AVG+MAX,SUM-5-9,4,"torch.Size([61, 1536])",12,0,batch-64-nhid-0-inlayer-12,NORMAL,83.93,88.05,94.3,89.08,90.77,95.8,70.72,87.52142857142857
2276,deberta-base,AVG+AVG-NS_SUM-5-9,two-tokens,AVG+AVG-NS,SUM-5-9,4,"torch.Size([61, 1536])",12,0,batch-64-nhid-0-inlayer-12,NORMAL,85.47,89.17,95.27,89.72,91.87,94.4,74.9,88.68571428571428
2277,deberta-base,AVG+SUM-NS_SUM-5-9,two-tokens,AVG+SUM-NS,SUM-5-9,4,"torch.Size([61, 1536])",12,0,batch-64-nhid-0-inlayer-12,NORMAL,84.97,87.89,94.3,89.29,90.28,94.4,70.67,87.39999999999999
2278,deberta-base,AVG+MAX-NS_SUM-5-9,two-tokens,AVG+MAX-NS,SUM-5-9,4,"torch.Size([61, 1536])",12,0,batch-64-nhid-0-inlayer-12,NORMAL,83.93,66.14,94.38,72.89,90.17,95.4,71.59,82.07142857142857
2279,deberta-base,SUM+MAX_SUM-5-9,two-tokens,SUM+MAX,SUM-5-9,4,"torch.Size([61, 1536])",12,0,batch-64-nhid-0-inlayer-12,NORMAL,85.02,88.4,94.53,88.78,90.01,94.0,71.19,87.41857142857144
2280,deberta-base,SUM+AVG-NS_SUM-5-9,two-tokens,SUM+AVG-NS,SUM-5-9,4,"torch.Size([61, 1536])",12,0,batch-64-nhid-0-inlayer-12,NORMAL,85.14,88.27,94.39,89.2,90.28,94.4,71.48,87.5942857142857
2281,deberta-base,SUM+SUM-NS_SUM-5-9,two-tokens,SUM+SUM-NS,SUM-5-9,4,"torch.Size([61, 1536])",12,0,batch-64-nhid-0-inlayer-12,NORMAL,84.74,88.13,94.37,89.16,90.33,94.4,71.36,87.49857142857142
2282,deberta-base,SUM+MAX-NS_SUM-5-9,two-tokens,SUM+MAX-NS,SUM-5-9,4,"torch.Size([61, 1536])",12,0,batch-64-nhid-0-inlayer-12,NORMAL,84.95,82.78,94.59,52.31,90.23,94.2,71.77,81.54714285714286
2283,deberta-base,MAX+AVG-NS_SUM-5-9,two-tokens,MAX+AVG-NS,SUM-5-9,4,"torch.Size([61, 1536])",12,0,batch-64-nhid-0-inlayer-12,NORMAL,84.11,87.71,94.52,88.98,90.33,95.8,72.0,87.63571428571427
2284,deberta-base,MAX+SUM-NS_SUM-5-9,two-tokens,MAX+SUM-NS,SUM-5-9,4,"torch.Size([61, 1536])",12,0,batch-64-nhid-0-inlayer-12,NORMAL,84.8,87.92,94.5,88.77,90.5,94.6,71.65,87.53428571428572
2285,deberta-base,MAX+MAX-NS_SUM-5-9,two-tokens,MAX+MAX-NS,SUM-5-9,4,"torch.Size([61, 1536])",12,0,batch-64-nhid-0-inlayer-12,NORMAL,81.44,66.88,92.74,87.36,87.86,95.4,71.07,83.25
2286,deberta-base,AVG-NS+SUM-NS_SUM-5-9,two-tokens,AVG-NS+SUM-NS,SUM-5-9,4,"torch.Size([61, 1536])",12,0,batch-64-nhid-0-inlayer-12,NORMAL,85.04,87.89,94.34,89.13,90.33,94.6,70.84,87.45285714285714
2287,deberta-base,AVG-NS+MAX-NS_SUM-5-9,two-tokens,AVG-NS+MAX-NS,SUM-5-9,4,"torch.Size([61, 1536])",12,0,batch-64-nhid-0-inlayer-12,NORMAL,84.13,67.7,94.3,49.51,90.01,95.4,72.23,79.03999999999999
2288,deberta-base,SUM-NS+MAX-NS_SUM-5-9,two-tokens,SUM-NS+MAX-NS,SUM-5-9,4,"torch.Size([61, 1536])",12,0,batch-64-nhid-0-inlayer-12,NORMAL,85.03,77.75,94.43,77.01,90.44,94.0,71.54,84.31428571428572
2289,deberta-base,CLS+AVG_SUM-6-10,two-tokens,CLS+AVG,SUM-6-10,4,"torch.Size([61, 1536])",12,0,batch-64-nhid-0-inlayer-12,NORMAL,86.74,90.33,95.66,90.15,92.09,95.4,76.29,89.52285714285713
2290,deberta-base,CLS+SUM_SUM-6-10,two-tokens,CLS+SUM,SUM-6-10,4,"torch.Size([61, 1536])",12,0,batch-64-nhid-0-inlayer-12,NORMAL,86.02,88.32,94.49,89.31,91.05,95.2,72.29,88.09714285714286
2291,deberta-base,CLS+MAX_SUM-6-10,two-tokens,CLS+MAX,SUM-6-10,4,"torch.Size([61, 1536])",12,0,batch-64-nhid-0-inlayer-12,NORMAL,83.29,85.83,93.12,88.97,89.07,95.2,71.77,86.75
2292,deberta-base,CLS+AVG-NS_SUM-6-10,two-tokens,CLS+AVG-NS,SUM-6-10,4,"torch.Size([61, 1536])",12,0,batch-64-nhid-0-inlayer-12,NORMAL,86.44,90.04,95.63,90.2,92.04,95.4,76.06,89.40142857142857
2293,deberta-base,CLS+SUM-NS_SUM-6-10,two-tokens,CLS+SUM-NS,SUM-6-10,4,"torch.Size([61, 1536])",12,0,batch-64-nhid-0-inlayer-12,NORMAL,85.99,88.61,94.59,89.24,91.05,95.2,72.0,88.09714285714287
2294,deberta-base,CLS+MAX-NS_SUM-6-10,two-tokens,CLS+MAX-NS,SUM-6-10,4,"torch.Size([61, 1536])",12,0,batch-64-nhid-0-inlayer-12,NORMAL,83.28,65.93,93.32,49.57,89.07,95.0,72.41,78.36857142857143
2295,deberta-base,AVG+SUM_SUM-6-10,two-tokens,AVG+SUM,SUM-6-10,4,"torch.Size([61, 1536])",12,0,batch-64-nhid-0-inlayer-12,NORMAL,86.02,88.13,94.45,89.32,91.21,95.2,72.58,88.13
2296,deberta-base,AVG+MAX_SUM-6-10,two-tokens,AVG+MAX,SUM-6-10,4,"torch.Size([61, 1536])",12,0,batch-64-nhid-0-inlayer-12,NORMAL,85.26,88.64,94.53,89.12,91.27,96.0,71.94,88.10857142857142
2297,deberta-base,AVG+AVG-NS_SUM-6-10,two-tokens,AVG+AVG-NS,SUM-6-10,4,"torch.Size([61, 1536])",12,0,batch-64-nhid-0-inlayer-12,NORMAL,86.22,89.43,95.41,89.59,92.64,95.2,75.71,89.17142857142858
2298,deberta-base,AVG+SUM-NS_SUM-6-10,two-tokens,AVG+SUM-NS,SUM-6-10,4,"torch.Size([61, 1536])",12,0,batch-64-nhid-0-inlayer-12,NORMAL,86.07,88.45,94.47,89.15,90.77,95.0,71.36,87.89571428571428
2299,deberta-base,AVG+MAX-NS_SUM-6-10,two-tokens,AVG+MAX-NS,SUM-6-10,4,"torch.Size([61, 1536])",12,0,batch-64-nhid-0-inlayer-12,NORMAL,85.07,69.77,94.35,72.85,91.32,95.6,72.17,83.0185714285714
2300,deberta-base,SUM+MAX_SUM-6-10,two-tokens,SUM+MAX,SUM-6-10,4,"torch.Size([61, 1536])",12,0,batch-64-nhid-0-inlayer-12,NORMAL,86.01,88.37,94.58,88.81,91.65,95.2,72.64,88.17999999999999
2301,deberta-base,SUM+AVG-NS_SUM-6-10,two-tokens,SUM+AVG-NS,SUM-6-10,4,"torch.Size([61, 1536])",12,0,batch-64-nhid-0-inlayer-12,NORMAL,86.04,88.29,94.56,89.02,92.04,95.0,72.29,88.17714285714285
2302,deberta-base,SUM+SUM-NS_SUM-6-10,two-tokens,SUM+SUM-NS,SUM-6-10,4,"torch.Size([61, 1536])",12,0,batch-64-nhid-0-inlayer-12,NORMAL,85.7,88.19,94.57,89.23,91.05,95.2,72.93,88.12428571428573
2303,deberta-base,SUM+MAX-NS_SUM-6-10,two-tokens,SUM+MAX-NS,SUM-6-10,4,"torch.Size([61, 1536])",12,0,batch-64-nhid-0-inlayer-12,NORMAL,85.87,86.52,94.56,74.83,91.98,94.8,72.87,85.91857142857143
2304,deberta-base,MAX+AVG-NS_SUM-6-10,two-tokens,MAX+AVG-NS,SUM-6-10,4,"torch.Size([61, 1536])",12,0,batch-64-nhid-0-inlayer-12,NORMAL,84.98,89.01,94.7,89.1,91.32,96.0,72.75,88.26571428571427
2305,deberta-base,MAX+SUM-NS_SUM-6-10,two-tokens,MAX+SUM-NS,SUM-6-10,4,"torch.Size([61, 1536])",12,0,batch-64-nhid-0-inlayer-12,NORMAL,85.99,88.45,94.55,88.69,91.93,94.8,72.64,88.14999999999999
2306,deberta-base,MAX+MAX-NS_SUM-6-10,two-tokens,MAX+MAX-NS,SUM-6-10,4,"torch.Size([61, 1536])",12,0,batch-64-nhid-0-inlayer-12,NORMAL,83.07,65.93,92.89,85.93,89.07,95.4,70.55,83.26285714285713
2307,deberta-base,AVG-NS+SUM-NS_SUM-6-10,two-tokens,AVG-NS+SUM-NS,SUM-6-10,4,"torch.Size([61, 1536])",12,0,batch-64-nhid-0-inlayer-12,NORMAL,85.97,88.42,94.75,89.13,91.71,95.0,71.88,88.12285714285714
2308,deberta-base,AVG-NS+MAX-NS_SUM-6-10,two-tokens,AVG-NS+MAX-NS,SUM-6-10,4,"torch.Size([61, 1536])",12,0,batch-64-nhid-0-inlayer-12,NORMAL,85.2,69.61,94.39,49.68,90.77,95.6,72.0,79.60714285714286
2309,deberta-base,SUM-NS+MAX-NS_SUM-6-10,two-tokens,SUM-NS+MAX-NS,SUM-6-10,4,"torch.Size([61, 1536])",12,0,batch-64-nhid-0-inlayer-12,NORMAL,85.89,83.84,94.5,72.85,91.65,95.0,71.54,85.03857142857143
2310,deberta-base,CLS+AVG_SUM-7-11,two-tokens,CLS+AVG,SUM-7-11,4,"torch.Size([61, 1536])",12,0,batch-64-nhid-0-inlayer-12,NORMAL,87.15,90.89,95.91,90.11,92.53,95.6,76.06,89.75
2311,deberta-base,CLS+SUM_SUM-7-11,two-tokens,CLS+SUM,SUM-7-11,4,"torch.Size([61, 1536])",12,0,batch-64-nhid-0-inlayer-12,NORMAL,86.67,88.66,94.6,89.49,92.09,95.2,73.62,88.61857142857143
2312,deberta-base,CLS+MAX_SUM-7-11,two-tokens,CLS+MAX,SUM-7-11,4,"torch.Size([61, 1536])",12,0,batch-64-nhid-0-inlayer-12,NORMAL,84.39,87.47,93.65,88.9,90.28,93.8,70.26,86.9642857142857
2313,deberta-base,CLS+AVG-NS_SUM-7-11,two-tokens,CLS+AVG-NS,SUM-7-11,4,"torch.Size([61, 1536])",12,0,batch-64-nhid-0-inlayer-12,NORMAL,86.95,90.49,95.9,90.12,92.15,95.4,76.06,89.58142857142856
2314,deberta-base,CLS+SUM-NS_SUM-7-11,two-tokens,CLS+SUM-NS,SUM-7-11,4,"torch.Size([61, 1536])",12,0,batch-64-nhid-0-inlayer-12,NORMAL,86.48,88.58,94.5,89.39,91.71,95.2,71.71,88.22428571428573
2315,deberta-base,CLS+MAX-NS_SUM-7-11,two-tokens,CLS+MAX-NS,SUM-7-11,4,"torch.Size([61, 1536])",12,0,batch-64-nhid-0-inlayer-12,NORMAL,84.4,69.54,93.66,49.57,90.28,94.2,69.86,78.78714285714285
2316,deberta-base,AVG+SUM_SUM-7-11,two-tokens,AVG+SUM,SUM-7-11,4,"torch.Size([61, 1536])",12,0,batch-64-nhid-0-inlayer-12,NORMAL,86.59,88.64,94.52,89.47,91.65,95.4,73.16,88.49
2317,deberta-base,AVG+MAX_SUM-7-11,two-tokens,AVG+MAX,SUM-7-11,4,"torch.Size([61, 1536])",12,0,batch-64-nhid-0-inlayer-12,NORMAL,86.16,89.59,94.98,89.28,92.15,95.6,72.06,88.54571428571428
2318,deberta-base,AVG+AVG-NS_SUM-7-11,two-tokens,AVG+AVG-NS,SUM-7-11,4,"torch.Size([61, 1536])",12,0,batch-64-nhid-0-inlayer-12,NORMAL,87.04,89.78,95.6,89.86,92.75,95.8,76.46,89.61285714285714
2319,deberta-base,AVG+SUM-NS_SUM-7-11,two-tokens,AVG+SUM-NS,SUM-7-11,4,"torch.Size([61, 1536])",12,0,batch-64-nhid-0-inlayer-12,NORMAL,86.48,88.71,94.77,89.45,91.65,94.6,72.17,88.26142857142857
2320,deberta-base,AVG+MAX-NS_SUM-7-11,two-tokens,AVG+MAX-NS,SUM-7-11,4,"torch.Size([61, 1536])",12,0,batch-64-nhid-0-inlayer-12,NORMAL,86.1,67.86,94.93,49.46,91.65,95.4,71.25,79.52142857142857
2321,deberta-base,SUM+MAX_SUM-7-11,two-tokens,SUM+MAX,SUM-7-11,4,"torch.Size([61, 1536])",12,0,batch-64-nhid-0-inlayer-12,NORMAL,86.31,88.9,94.85,88.98,91.87,95.2,73.33,88.49142857142859
2322,deberta-base,SUM+AVG-NS_SUM-7-11,two-tokens,SUM+AVG-NS,SUM-7-11,4,"torch.Size([61, 1536])",12,0,batch-64-nhid-0-inlayer-12,NORMAL,86.63,88.77,94.67,89.39,92.04,95.2,73.04,88.53428571428572
2323,deberta-base,SUM+SUM-NS_SUM-7-11,two-tokens,SUM+SUM-NS,SUM-7-11,4,"torch.Size([61, 1536])",12,0,batch-64-nhid-0-inlayer-12,NORMAL,86.45,88.53,94.54,89.42,91.82,95.0,72.75,88.35857142857142
2324,deberta-base,SUM+MAX-NS_SUM-7-11,two-tokens,SUM+MAX-NS,SUM-7-11,4,"torch.Size([61, 1536])",12,0,batch-64-nhid-0-inlayer-12,NORMAL,86.48,84.82,94.81,76.89,92.15,95.8,72.87,86.25999999999999
2325,deberta-base,MAX+AVG-NS_SUM-7-11,two-tokens,MAX+AVG-NS,SUM-7-11,4,"torch.Size([61, 1536])",12,0,batch-64-nhid-0-inlayer-12,NORMAL,85.83,89.43,95.01,88.8,91.87,95.6,72.06,88.37142857142855
2326,deberta-base,MAX+SUM-NS_SUM-7-11,two-tokens,MAX+SUM-NS,SUM-7-11,4,"torch.Size([61, 1536])",12,0,batch-64-nhid-0-inlayer-12,NORMAL,86.53,88.48,94.56,88.9,92.04,95.4,72.0,88.27285714285715
2327,deberta-base,MAX+MAX-NS_SUM-7-11,two-tokens,MAX+MAX-NS,SUM-7-11,4,"torch.Size([61, 1536])",12,0,batch-64-nhid-0-inlayer-12,NORMAL,83.79,65.85,93.64,72.77,90.61,94.0,70.2,81.55142857142857
2328,deberta-base,AVG-NS+SUM-NS_SUM-7-11,two-tokens,AVG-NS+SUM-NS,SUM-7-11,4,"torch.Size([61, 1536])",12,0,batch-64-nhid-0-inlayer-12,NORMAL,86.48,88.64,94.53,89.23,92.31,95.2,71.65,88.29142857142857
2329,deberta-base,AVG-NS+MAX-NS_SUM-7-11,two-tokens,AVG-NS+MAX-NS,SUM-7-11,4,"torch.Size([61, 1536])",12,0,batch-64-nhid-0-inlayer-12,NORMAL,86.02,66.12,94.74,49.44,91.82,95.6,72.17,79.41571428571429
2330,deberta-base,SUM-NS+MAX-NS_SUM-7-11,two-tokens,SUM-NS+MAX-NS,SUM-7-11,4,"torch.Size([61, 1536])",12,0,batch-64-nhid-0-inlayer-12,NORMAL,86.46,86.3,94.68,73.57,92.04,94.8,72.81,85.80857142857144
2331,deberta-base,CLS+AVG_SUM-8-12,two-tokens,CLS+AVG,SUM-8-12,4,"torch.Size([61, 1536])",12,0,batch-64-nhid-0-inlayer-12,NORMAL,87.33,91.13,95.88,90.17,92.59,95.8,74.67,89.65285714285713
2332,deberta-base,CLS+SUM_SUM-8-12,two-tokens,CLS+SUM,SUM-8-12,4,"torch.Size([61, 1536])",12,0,batch-64-nhid-0-inlayer-12,NORMAL,86.73,89.88,95.0,89.16,91.71,94.6,69.97,88.14999999999999
2333,deberta-base,CLS+MAX_SUM-8-12,two-tokens,CLS+MAX,SUM-8-12,4,"torch.Size([61, 1536])",12,0,batch-64-nhid-0-inlayer-12,NORMAL,83.94,87.63,93.75,88.91,90.44,94.8,69.16,86.94714285714285
2334,deberta-base,CLS+AVG-NS_SUM-8-12,two-tokens,CLS+AVG-NS,SUM-8-12,4,"torch.Size([61, 1536])",12,0,batch-64-nhid-0-inlayer-12,NORMAL,87.19,90.54,95.76,89.93,92.59,96.0,74.9,89.55857142857143
2335,deberta-base,CLS+SUM-NS_SUM-8-12,two-tokens,CLS+SUM-NS,SUM-8-12,4,"torch.Size([61, 1536])",12,0,batch-64-nhid-0-inlayer-12,NORMAL,86.88,89.7,95.07,89.27,91.87,95.6,70.14,88.36142857142856
2336,deberta-base,CLS+MAX-NS_SUM-8-12,two-tokens,CLS+MAX-NS,SUM-8-12,4,"torch.Size([61, 1536])",12,0,batch-64-nhid-0-inlayer-12,NORMAL,84.08,66.57,93.83,75.6,89.9,93.4,68.29,81.66714285714284
2337,deberta-base,AVG+SUM_SUM-8-12,two-tokens,AVG+SUM,SUM-8-12,4,"torch.Size([61, 1536])",12,0,batch-64-nhid-0-inlayer-12,NORMAL,86.77,89.78,95.03,89.32,91.71,95.4,69.57,88.22571428571428
2338,deberta-base,AVG+MAX_SUM-8-12,two-tokens,AVG+MAX,SUM-8-12,4,"torch.Size([61, 1536])",12,0,batch-64-nhid-0-inlayer-12,NORMAL,85.81,89.4,94.97,89.44,92.31,95.0,70.55,88.21142857142857
2339,deberta-base,AVG+AVG-NS_SUM-8-12,two-tokens,AVG+AVG-NS,SUM-8-12,4,"torch.Size([61, 1536])",12,0,batch-64-nhid-0-inlayer-12,NORMAL,87.19,90.39,95.59,89.7,92.7,95.0,74.32,89.26999999999998
2340,deberta-base,AVG+SUM-NS_SUM-8-12,two-tokens,AVG+SUM-NS,SUM-8-12,4,"torch.Size([61, 1536])",12,0,batch-64-nhid-0-inlayer-12,NORMAL,86.8,89.72,94.87,89.26,91.65,95.6,69.39,88.1842857142857
2341,deberta-base,AVG+MAX-NS_SUM-8-12,two-tokens,AVG+MAX-NS,SUM-8-12,4,"torch.Size([61, 1536])",12,0,batch-64-nhid-0-inlayer-12,NORMAL,85.8,68.58,95.05,81.9,91.65,94.8,68.93,83.8157142857143
2342,deberta-base,SUM+MAX_SUM-8-12,two-tokens,SUM+MAX,SUM-8-12,4,"torch.Size([61, 1536])",12,0,batch-64-nhid-0-inlayer-12,NORMAL,86.69,89.7,95.02,89.07,91.71,95.4,69.74,88.18999999999998
2343,deberta-base,SUM+AVG-NS_SUM-8-12,two-tokens,SUM+AVG-NS,SUM-8-12,4,"torch.Size([61, 1536])",12,0,batch-64-nhid-0-inlayer-12,NORMAL,86.77,89.59,95.04,89.39,91.65,95.6,70.03,88.2957142857143
2344,deberta-base,SUM+SUM-NS_SUM-8-12,two-tokens,SUM+SUM-NS,SUM-8-12,4,"torch.Size([61, 1536])",12,0,batch-64-nhid-0-inlayer-12,NORMAL,86.75,89.88,95.1,89.35,91.98,95.8,68.93,88.25571428571428
2345,deberta-base,SUM+MAX-NS_SUM-8-12,two-tokens,SUM+MAX-NS,SUM-8-12,4,"torch.Size([61, 1536])",12,0,batch-64-nhid-0-inlayer-12,NORMAL,86.83,84.27,94.96,87.9,92.04,95.8,69.33,87.30428571428573
2346,deberta-base,MAX+AVG-NS_SUM-8-12,two-tokens,MAX+AVG-NS,SUM-8-12,4,"torch.Size([61, 1536])",12,0,batch-64-nhid-0-inlayer-12,NORMAL,85.61,89.59,95.11,89.02,91.27,95.2,69.16,87.85142857142856
2347,deberta-base,MAX+SUM-NS_SUM-8-12,two-tokens,MAX+SUM-NS,SUM-8-12,4,"torch.Size([61, 1536])",12,0,batch-64-nhid-0-inlayer-12,NORMAL,86.79,89.54,94.92,89.15,91.98,95.4,69.22,88.14285714285714
2348,deberta-base,MAX+MAX-NS_SUM-8-12,two-tokens,MAX+MAX-NS,SUM-8-12,4,"torch.Size([61, 1536])",12,0,batch-64-nhid-0-inlayer-12,NORMAL,83.79,65.88,93.49,81.27,90.01,93.8,67.77,82.28714285714285
2349,deberta-base,AVG-NS+SUM-NS_SUM-8-12,two-tokens,AVG-NS+SUM-NS,SUM-8-12,4,"torch.Size([61, 1536])",12,0,batch-64-nhid-0-inlayer-12,NORMAL,87.06,89.46,95.12,89.18,91.93,95.4,69.39,88.22
2350,deberta-base,AVG-NS+MAX-NS_SUM-8-12,two-tokens,AVG-NS+MAX-NS,SUM-8-12,4,"torch.Size([61, 1536])",12,0,batch-64-nhid-0-inlayer-12,NORMAL,85.67,66.12,95.13,88.21,91.76,94.8,69.74,84.49
2351,deberta-base,SUM-NS+MAX-NS_SUM-8-12,two-tokens,SUM-NS+MAX-NS,SUM-8-12,4,"torch.Size([61, 1536])",12,0,batch-64-nhid-0-inlayer-12,NORMAL,86.8,81.35,95.07,75.46,92.31,94.8,70.38,85.16714285714285
2352,deberta-base,CLS+AVG_SUM-1-6,two-tokens,CLS+AVG,SUM-1-6,4,"torch.Size([61, 1536])",12,0,batch-64-nhid-0-inlayer-12,NORMAL,81.09,84.93,94.55,89.7,87.59,92.2,75.54,86.51428571428572
2353,deberta-base,CLS+SUM_SUM-1-6,two-tokens,CLS+SUM,SUM-1-6,4,"torch.Size([61, 1536])",12,0,batch-64-nhid-0-inlayer-12,NORMAL,80.75,83.5,93.6,89.07,86.82,91.2,70.49,85.06142857142858
2354,deberta-base,CLS+MAX_SUM-1-6,two-tokens,CLS+MAX,SUM-1-6,4,"torch.Size([61, 1536])",12,0,batch-64-nhid-0-inlayer-12,NORMAL,76.34,78.6,91.4,88.33,79.68,92.2,68.46,82.14428571428572
2355,deberta-base,CLS+AVG-NS_SUM-1-6,two-tokens,CLS+AVG-NS,SUM-1-6,4,"torch.Size([61, 1536])",12,0,batch-64-nhid-0-inlayer-12,NORMAL,80.63,84.42,94.33,89.37,87.1,92.8,74.61,86.17999999999999
2356,deberta-base,CLS+SUM-NS_SUM-1-6,two-tokens,CLS+SUM-NS,SUM-1-6,4,"torch.Size([61, 1536])",12,0,batch-64-nhid-0-inlayer-12,NORMAL,80.66,83.05,93.53,89.04,87.04,92.4,70.2,85.13142857142859
2357,deberta-base,CLS+MAX-NS_SUM-1-6,two-tokens,CLS+MAX-NS,SUM-1-6,4,"torch.Size([61, 1536])",12,0,batch-64-nhid-0-inlayer-12,NORMAL,76.56,65.06,91.15,49.37,79.96,92.2,68.64,74.70571428571428
2358,deberta-base,AVG+SUM_SUM-1-6,two-tokens,AVG+SUM,SUM-1-6,4,"torch.Size([61, 1536])",12,0,batch-64-nhid-0-inlayer-12,NORMAL,80.78,83.87,93.57,89.18,86.33,91.0,70.26,84.99857142857142
2359,deberta-base,AVG+MAX_SUM-1-6,two-tokens,AVG+MAX,SUM-1-6,4,"torch.Size([61, 1536])",12,0,batch-64-nhid-0-inlayer-12,NORMAL,79.03,81.48,92.81,88.2,86.11,92.4,69.86,84.27
2360,deberta-base,AVG+AVG-NS_SUM-1-6,two-tokens,AVG+AVG-NS,SUM-1-6,4,"torch.Size([61, 1536])",12,0,batch-64-nhid-0-inlayer-12,NORMAL,80.77,84.0,94.19,89.15,87.37,92.2,75.19,86.12428571428573
2361,deberta-base,AVG+SUM-NS_SUM-1-6,two-tokens,AVG+SUM-NS,SUM-1-6,4,"torch.Size([61, 1536])",12,0,batch-64-nhid-0-inlayer-12,NORMAL,80.69,83.39,93.46,88.92,86.88,91.8,70.03,85.02428571428571
2362,deberta-base,AVG+MAX-NS_SUM-1-6,two-tokens,AVG+MAX-NS,SUM-1-6,4,"torch.Size([61, 1536])",12,0,batch-64-nhid-0-inlayer-12,NORMAL,79.32,67.92,92.53,49.19,85.45,92.6,69.22,76.60428571428572
2363,deberta-base,SUM+MAX_SUM-1-6,two-tokens,SUM+MAX,SUM-1-6,4,"torch.Size([61, 1536])",12,0,batch-64-nhid-0-inlayer-12,NORMAL,80.77,83.47,93.64,87.9,86.82,91.6,71.01,85.02999999999999
2364,deberta-base,SUM+AVG-NS_SUM-1-6,two-tokens,SUM+AVG-NS,SUM-1-6,4,"torch.Size([61, 1536])",12,0,batch-64-nhid-0-inlayer-12,NORMAL,80.76,83.52,93.52,88.34,86.77,91.2,69.91,84.86
2365,deberta-base,SUM+SUM-NS_SUM-1-6,two-tokens,SUM+SUM-NS,SUM-1-6,4,"torch.Size([61, 1536])",12,0,batch-64-nhid-0-inlayer-12,NORMAL,80.73,83.89,93.51,88.89,86.66,92.0,69.97,85.09285714285714
2366,deberta-base,SUM+MAX-NS_SUM-1-6,two-tokens,SUM+MAX-NS,SUM-1-6,4,"torch.Size([61, 1536])",12,0,batch-64-nhid-0-inlayer-12,NORMAL,80.69,76.37,93.42,72.57,86.66,92.2,70.55,81.78
2367,deberta-base,MAX+AVG-NS_SUM-1-6,two-tokens,MAX+AVG-NS,SUM-1-6,4,"torch.Size([61, 1536])",12,0,batch-64-nhid-0-inlayer-12,NORMAL,79.32,81.48,92.89,87.54,84.46,92.8,69.16,83.95
2368,deberta-base,MAX+SUM-NS_SUM-1-6,two-tokens,MAX+SUM-NS,SUM-1-6,4,"torch.Size([61, 1536])",12,0,batch-64-nhid-0-inlayer-12,NORMAL,80.36,83.28,93.52,87.88,87.31,91.4,70.55,84.89999999999999
2369,deberta-base,MAX+MAX-NS_SUM-1-6,two-tokens,MAX+MAX-NS,SUM-1-6,4,"torch.Size([61, 1536])",12,0,batch-64-nhid-0-inlayer-12,NORMAL,75.83,66.31,90.51,89.01,79.85,91.2,68.41,80.16
2370,deberta-base,AVG-NS+SUM-NS_SUM-1-6,two-tokens,AVG-NS+SUM-NS,SUM-1-6,4,"torch.Size([61, 1536])",12,0,batch-64-nhid-0-inlayer-12,NORMAL,80.52,83.34,93.52,88.45,86.93,91.8,69.86,84.91714285714285
2371,deberta-base,AVG-NS+MAX-NS_SUM-1-6,two-tokens,AVG-NS+MAX-NS,SUM-1-6,4,"torch.Size([61, 1536])",12,0,batch-64-nhid-0-inlayer-12,NORMAL,79.27,66.75,92.89,49.08,84.35,92.8,69.45,76.36999999999999
2372,deberta-base,SUM-NS+MAX-NS_SUM-1-6,two-tokens,SUM-NS+MAX-NS,SUM-1-6,4,"torch.Size([61, 1536])",12,0,batch-64-nhid-0-inlayer-12,NORMAL,80.6,76.82,93.54,72.54,87.1,91.2,70.03,81.69000000000001
2373,deberta-base,CLS+AVG_SUM-2-7,two-tokens,CLS+AVG,SUM-2-7,4,"torch.Size([61, 1536])",12,0,batch-64-nhid-0-inlayer-12,NORMAL,82.62,87.71,95.03,89.99,88.91,93.6,76.23,87.72714285714287
2374,deberta-base,CLS+SUM_SUM-2-7,two-tokens,CLS+SUM,SUM-2-7,4,"torch.Size([61, 1536])",12,0,batch-64-nhid-0-inlayer-12,NORMAL,82.52,86.22,94.07,89.41,87.92,93.8,70.14,86.29714285714286
2375,deberta-base,CLS+MAX_SUM-2-7,two-tokens,CLS+MAX,SUM-2-7,4,"torch.Size([61, 1536])",12,0,batch-64-nhid-0-inlayer-12,NORMAL,78.05,81.88,92.05,88.6,82.59,92.8,69.16,83.59
2376,deberta-base,CLS+AVG-NS_SUM-2-7,two-tokens,CLS+AVG-NS,SUM-2-7,4,"torch.Size([61, 1536])",12,0,batch-64-nhid-0-inlayer-12,NORMAL,82.49,86.7,94.97,89.52,88.69,93.8,75.42,87.36999999999999
2377,deberta-base,CLS+SUM-NS_SUM-2-7,two-tokens,CLS+SUM-NS,SUM-2-7,4,"torch.Size([61, 1536])",12,0,batch-64-nhid-0-inlayer-12,NORMAL,82.16,85.16,94.04,89.31,87.92,93.4,70.72,86.10142857142857
2378,deberta-base,CLS+MAX-NS_SUM-2-7,two-tokens,CLS+MAX-NS,SUM-2-7,4,"torch.Size([61, 1536])",12,0,batch-64-nhid-0-inlayer-12,NORMAL,77.86,67.92,92.11,49.46,82.04,92.6,68.93,75.8457142857143
2379,deberta-base,AVG+SUM_SUM-2-7,two-tokens,AVG+SUM,SUM-2-7,4,"torch.Size([61, 1536])",12,0,batch-64-nhid-0-inlayer-12,NORMAL,82.5,86.15,94.08,89.29,87.1,93.4,70.67,86.16999999999999
2380,deberta-base,AVG+MAX_SUM-2-7,two-tokens,AVG+MAX,SUM-2-7,4,"torch.Size([61, 1536])",12,0,batch-64-nhid-0-inlayer-12,NORMAL,81.08,84.42,93.76,88.49,87.64,93.4,70.72,85.64428571428572
2381,deberta-base,AVG+AVG-NS_SUM-2-7,two-tokens,AVG+AVG-NS,SUM-2-7,4,"torch.Size([61, 1536])",12,0,batch-64-nhid-0-inlayer-12,NORMAL,82.5,86.62,94.66,89.21,89.29,93.6,75.48,87.33714285714287
2382,deberta-base,AVG+SUM-NS_SUM-2-7,two-tokens,AVG+SUM-NS,SUM-2-7,4,"torch.Size([61, 1536])",12,0,batch-64-nhid-0-inlayer-12,NORMAL,82.26,85.08,93.98,89.1,87.04,93.2,70.78,85.91999999999999
2383,deberta-base,AVG+MAX-NS_SUM-2-7,two-tokens,AVG+MAX-NS,SUM-2-7,4,"torch.Size([61, 1536])",12,0,batch-64-nhid-0-inlayer-12,NORMAL,80.89,65.8,93.64,49.36,87.31,92.6,70.55,77.16428571428571
2384,deberta-base,SUM+MAX_SUM-2-7,two-tokens,SUM+MAX,SUM-2-7,4,"torch.Size([61, 1536])",12,0,batch-64-nhid-0-inlayer-12,NORMAL,82.35,85.72,94.05,88.62,87.37,94.0,70.03,86.02
2385,deberta-base,SUM+AVG-NS_SUM-2-7,two-tokens,SUM+AVG-NS,SUM-2-7,4,"torch.Size([61, 1536])",12,0,batch-64-nhid-0-inlayer-12,NORMAL,82.46,86.09,93.99,88.83,88.14,93.4,70.26,86.16714285714285
2386,deberta-base,SUM+SUM-NS_SUM-2-7,two-tokens,SUM+SUM-NS,SUM-2-7,4,"torch.Size([61, 1536])",12,0,batch-64-nhid-0-inlayer-12,NORMAL,82.26,85.83,94.02,89.2,87.64,93.6,70.61,86.16571428571429
2387,deberta-base,SUM+MAX-NS_SUM-2-7,two-tokens,SUM+MAX-NS,SUM-2-7,4,"torch.Size([61, 1536])",12,0,batch-64-nhid-0-inlayer-12,NORMAL,82.3,78.83,94.11,72.79,88.14,94.0,69.57,82.82000000000001
2388,deberta-base,MAX+AVG-NS_SUM-2-7,two-tokens,MAX+AVG-NS,SUM-2-7,4,"torch.Size([61, 1536])",12,0,batch-64-nhid-0-inlayer-12,NORMAL,81.03,84.08,93.92,87.87,86.38,93.6,71.13,85.42999999999999
2389,deberta-base,MAX+SUM-NS_SUM-2-7,two-tokens,MAX+SUM-NS,SUM-2-7,4,"torch.Size([61, 1536])",12,0,batch-64-nhid-0-inlayer-12,NORMAL,81.86,85.08,93.9,88.19,87.53,93.4,70.43,85.77000000000001
2390,deberta-base,MAX+MAX-NS_SUM-2-7,two-tokens,MAX+MAX-NS,SUM-2-7,4,"torch.Size([61, 1536])",12,0,batch-64-nhid-0-inlayer-12,NORMAL,77.76,67.89,91.68,88.99,82.21,92.6,70.67,81.68571428571428
2391,deberta-base,AVG-NS+SUM-NS_SUM-2-7,two-tokens,AVG-NS+SUM-NS,SUM-2-7,4,"torch.Size([61, 1536])",12,0,batch-64-nhid-0-inlayer-12,NORMAL,82.1,85.11,94.07,88.59,87.59,94.0,70.38,85.97714285714287
2392,deberta-base,AVG-NS+MAX-NS_SUM-2-7,two-tokens,AVG-NS+MAX-NS,SUM-2-7,4,"torch.Size([61, 1536])",12,0,batch-64-nhid-0-inlayer-12,NORMAL,81.03,65.9,93.77,86.83,86.93,93.4,70.55,82.63
2393,deberta-base,SUM-NS+MAX-NS_SUM-2-7,two-tokens,SUM-NS+MAX-NS,SUM-2-7,4,"torch.Size([61, 1536])",12,0,batch-64-nhid-0-inlayer-12,NORMAL,81.91,75.46,93.94,72.77,87.48,93.6,70.49,82.23571428571428
2394,deberta-base,CLS+AVG_SUM-3-8,two-tokens,CLS+AVG,SUM-3-8,4,"torch.Size([61, 1536])",12,0,batch-64-nhid-0-inlayer-12,NORMAL,84.14,89.01,95.24,90.2,89.68,95.0,75.83,88.44285714285715
2395,deberta-base,CLS+SUM_SUM-3-8,two-tokens,CLS+SUM,SUM-3-8,4,"torch.Size([61, 1536])",12,0,batch-64-nhid-0-inlayer-12,NORMAL,83.66,86.81,94.32,89.65,88.58,93.6,71.3,86.84571428571427
2396,deberta-base,CLS+MAX_SUM-3-8,two-tokens,CLS+MAX,SUM-3-8,4,"torch.Size([61, 1536])",12,0,batch-64-nhid-0-inlayer-12,NORMAL,79.97,83.07,92.6,88.92,85.34,93.4,68.46,84.53714285714285
2397,deberta-base,CLS+AVG-NS_SUM-3-8,two-tokens,CLS+AVG-NS,SUM-3-8,4,"torch.Size([61, 1536])",12,0,batch-64-nhid-0-inlayer-12,NORMAL,83.62,88.4,95.18,89.78,89.62,95.0,75.88,88.21142857142857
2398,deberta-base,CLS+SUM-NS_SUM-3-8,two-tokens,CLS+SUM-NS,SUM-3-8,4,"torch.Size([61, 1536])",12,0,batch-64-nhid-0-inlayer-12,NORMAL,83.77,86.12,94.45,89.63,88.36,93.8,69.86,86.57000000000001
2399,deberta-base,CLS+MAX-NS_SUM-3-8,two-tokens,CLS+MAX-NS,SUM-3-8,4,"torch.Size([61, 1536])",12,0,batch-64-nhid-0-inlayer-12,NORMAL,79.89,65.93,92.61,49.46,84.79,93.0,68.41,76.29857142857144
2400,deberta-base,AVG+SUM_SUM-3-8,two-tokens,AVG+SUM,SUM-3-8,4,"torch.Size([61, 1536])",12,0,batch-64-nhid-0-inlayer-12,NORMAL,83.83,86.86,94.39,89.5,89.4,93.4,70.55,86.84714285714286
2401,deberta-base,AVG+MAX_SUM-3-8,two-tokens,AVG+MAX,SUM-3-8,4,"torch.Size([61, 1536])",12,0,batch-64-nhid-0-inlayer-12,NORMAL,82.91,85.83,93.97,89.01,89.07,94.8,70.9,86.64142857142858
2402,deberta-base,AVG+AVG-NS_SUM-3-8,two-tokens,AVG+AVG-NS,SUM-3-8,4,"torch.Size([61, 1536])",12,0,batch-64-nhid-0-inlayer-12,NORMAL,83.75,88.18,95.16,89.4,90.28,94.6,74.55,87.98857142857142
2403,deberta-base,AVG+SUM-NS_SUM-3-8,two-tokens,AVG+SUM-NS,SUM-3-8,4,"torch.Size([61, 1536])",12,0,batch-64-nhid-0-inlayer-12,NORMAL,83.87,86.7,94.31,89.37,88.91,94.2,70.96,86.90285714285714
2404,deberta-base,AVG+MAX-NS_SUM-3-8,two-tokens,AVG+MAX-NS,SUM-3-8,4,"torch.Size([61, 1536])",12,0,batch-64-nhid-0-inlayer-12,NORMAL,82.72,66.04,93.85,49.41,89.18,94.8,71.54,78.22
2405,deberta-base,SUM+MAX_SUM-3-8,two-tokens,SUM+MAX,SUM-3-8,4,"torch.Size([61, 1536])",12,0,batch-64-nhid-0-inlayer-12,NORMAL,83.74,86.81,94.37,88.6,88.85,92.8,71.59,86.67999999999999
2406,deberta-base,SUM+AVG-NS_SUM-3-8,two-tokens,SUM+AVG-NS,SUM-3-8,4,"torch.Size([61, 1536])",12,0,batch-64-nhid-0-inlayer-12,NORMAL,83.72,86.91,94.42,89.08,89.18,93.8,71.36,86.92428571428572
2407,deberta-base,SUM+SUM-NS_SUM-3-8,two-tokens,SUM+SUM-NS,SUM-3-8,4,"torch.Size([61, 1536])",12,0,batch-64-nhid-0-inlayer-12,NORMAL,83.62,86.97,94.45,89.5,88.3,94.2,70.43,86.78142857142858
2408,deberta-base,SUM+MAX-NS_SUM-3-8,two-tokens,SUM+MAX-NS,SUM-3-8,4,"torch.Size([61, 1536])",12,0,batch-64-nhid-0-inlayer-12,NORMAL,83.69,78.07,94.4,86.94,89.35,93.6,70.72,85.25285714285714
2409,deberta-base,MAX+AVG-NS_SUM-3-8,two-tokens,MAX+AVG-NS,SUM-3-8,4,"torch.Size([61, 1536])",12,0,batch-64-nhid-0-inlayer-12,NORMAL,82.77,86.01,94.04,88.49,88.91,94.4,71.48,86.58571428571429
2410,deberta-base,MAX+SUM-NS_SUM-3-8,two-tokens,MAX+SUM-NS,SUM-3-8,4,"torch.Size([61, 1536])",12,0,batch-64-nhid-0-inlayer-12,NORMAL,83.81,86.57,94.38,88.7,89.02,94.2,69.86,86.64857142857143
2411,deberta-base,MAX+MAX-NS_SUM-3-8,two-tokens,MAX+MAX-NS,SUM-3-8,4,"torch.Size([61, 1536])",12,0,batch-64-nhid-0-inlayer-12,NORMAL,80.2,65.59,92.39,83.93,85.5,93.8,70.43,81.69142857142857
2412,deberta-base,AVG-NS+SUM-NS_SUM-3-8,two-tokens,AVG-NS+SUM-NS,SUM-3-8,4,"torch.Size([61, 1536])",12,0,batch-64-nhid-0-inlayer-12,NORMAL,83.75,86.38,94.32,88.81,88.58,93.8,70.32,86.5657142857143
2413,deberta-base,AVG-NS+MAX-NS_SUM-3-8,two-tokens,AVG-NS+MAX-NS,SUM-3-8,4,"torch.Size([61, 1536])",12,0,batch-64-nhid-0-inlayer-12,NORMAL,82.64,67.2,94.05,76.72,88.69,94.6,69.57,81.92428571428572
2414,deberta-base,SUM-NS+MAX-NS_SUM-3-8,two-tokens,SUM-NS+MAX-NS,SUM-3-8,4,"torch.Size([61, 1536])",12,0,batch-64-nhid-0-inlayer-12,NORMAL,83.78,81.96,94.46,72.86,88.8,94.2,69.62,83.66857142857144
2415,deberta-base,CLS+AVG_SUM-4-9,two-tokens,CLS+AVG,SUM-4-9,4,"torch.Size([61, 1536])",12,0,batch-64-nhid-0-inlayer-12,NORMAL,85.34,89.56,95.4,90.31,90.44,95.4,75.36,88.83000000000001
2416,deberta-base,CLS+SUM_SUM-4-9,two-tokens,CLS+SUM,SUM-4-9,4,"torch.Size([61, 1536])",12,0,batch-64-nhid-0-inlayer-12,NORMAL,84.81,87.92,94.46,89.66,89.62,93.8,71.83,87.44285714285715
2417,deberta-base,CLS+MAX_SUM-4-9,two-tokens,CLS+MAX,SUM-4-9,4,"torch.Size([61, 1536])",12,0,batch-64-nhid-0-inlayer-12,NORMAL,81.35,84.18,92.9,88.72,86.93,95.0,69.68,85.53714285714285
2418,deberta-base,CLS+AVG-NS_SUM-4-9,two-tokens,CLS+AVG-NS,SUM-4-9,4,"torch.Size([61, 1536])",12,0,batch-64-nhid-0-inlayer-12,NORMAL,85.43,89.54,95.34,90.18,90.72,95.0,75.59,88.82857142857144
2419,deberta-base,CLS+SUM-NS_SUM-4-9,two-tokens,CLS+SUM-NS,SUM-4-9,4,"torch.Size([61, 1536])",12,0,batch-64-nhid-0-inlayer-12,NORMAL,84.71,87.5,94.43,89.62,90.06,94.2,70.61,87.30428571428571
2420,deberta-base,CLS+MAX-NS_SUM-4-9,two-tokens,CLS+MAX-NS,SUM-4-9,4,"torch.Size([61, 1536])",12,0,batch-64-nhid-0-inlayer-12,NORMAL,81.42,68.26,93.21,49.46,86.88,94.2,69.33,77.53714285714285
2421,deberta-base,AVG+SUM_SUM-4-9,two-tokens,AVG+SUM,SUM-4-9,4,"torch.Size([61, 1536])",12,0,batch-64-nhid-0-inlayer-12,NORMAL,85.1,87.92,94.52,89.59,90.23,93.6,71.36,87.47428571428573
2422,deberta-base,AVG+MAX_SUM-4-9,two-tokens,AVG+MAX,SUM-4-9,4,"torch.Size([61, 1536])",12,0,batch-64-nhid-0-inlayer-12,NORMAL,84.07,87.28,94.11,88.88,90.44,94.8,71.94,87.36
2423,deberta-base,AVG+AVG-NS_SUM-4-9,two-tokens,AVG+AVG-NS,SUM-4-9,4,"torch.Size([61, 1536])",12,0,batch-64-nhid-0-inlayer-12,NORMAL,84.98,88.9,95.06,89.71,91.43,94.6,76.41,88.72714285714285
2424,deberta-base,AVG+SUM-NS_SUM-4-9,two-tokens,AVG+SUM-NS,SUM-4-9,4,"torch.Size([61, 1536])",12,0,batch-64-nhid-0-inlayer-12,NORMAL,84.75,87.63,94.44,89.57,89.79,94.4,70.96,87.36285714285715
2425,deberta-base,AVG+MAX-NS_SUM-4-9,two-tokens,AVG+MAX-NS,SUM-4-9,4,"torch.Size([61, 1536])",12,0,batch-64-nhid-0-inlayer-12,NORMAL,83.77,67.81,94.16,49.41,90.12,95.4,72.0,78.95285714285714
2426,deberta-base,SUM+MAX_SUM-4-9,two-tokens,SUM+MAX,SUM-4-9,4,"torch.Size([61, 1536])",12,0,batch-64-nhid-0-inlayer-12,NORMAL,84.73,87.74,94.62,88.73,89.9,93.4,71.71,87.26142857142858
2427,deberta-base,SUM+AVG-NS_SUM-4-9,two-tokens,SUM+AVG-NS,SUM-4-9,4,"torch.Size([61, 1536])",12,0,batch-64-nhid-0-inlayer-12,NORMAL,84.88,88.11,94.4,89.21,89.84,94.4,70.61,87.35
2428,deberta-base,SUM+SUM-NS_SUM-4-9,two-tokens,SUM+SUM-NS,SUM-4-9,4,"torch.Size([61, 1536])",12,0,batch-64-nhid-0-inlayer-12,NORMAL,84.79,87.79,94.48,89.53,89.79,94.6,71.48,87.49428571428572
2429,deberta-base,SUM+MAX-NS_SUM-4-9,two-tokens,SUM+MAX-NS,SUM-4-9,4,"torch.Size([61, 1536])",12,0,batch-64-nhid-0-inlayer-12,NORMAL,84.63,81.72,94.7,85.09,90.39,94.0,71.13,85.95142857142856
2430,deberta-base,MAX+AVG-NS_SUM-4-9,two-tokens,MAX+AVG-NS,SUM-4-9,4,"torch.Size([61, 1536])",12,0,batch-64-nhid-0-inlayer-12,NORMAL,83.9,87.13,94.24,88.57,89.4,95.2,71.71,87.16428571428573
2431,deberta-base,MAX+SUM-NS_SUM-4-9,two-tokens,MAX+SUM-NS,SUM-4-9,4,"torch.Size([61, 1536])",12,0,batch-64-nhid-0-inlayer-12,NORMAL,84.76,87.71,94.48,88.58,90.66,94.4,70.96,87.36428571428571
2432,deberta-base,MAX+MAX-NS_SUM-4-9,two-tokens,MAX+MAX-NS,SUM-4-9,4,"torch.Size([61, 1536])",12,0,batch-64-nhid-0-inlayer-12,NORMAL,81.16,67.07,92.73,84.4,87.37,95.8,70.32,82.69285714285715
2433,deberta-base,AVG-NS+SUM-NS_SUM-4-9,two-tokens,AVG-NS+SUM-NS,SUM-4-9,4,"torch.Size([61, 1536])",12,0,batch-64-nhid-0-inlayer-12,NORMAL,84.78,87.76,94.43,89.02,90.33,94.0,71.3,87.3742857142857
2434,deberta-base,AVG-NS+MAX-NS_SUM-4-9,two-tokens,AVG-NS+MAX-NS,SUM-4-9,4,"torch.Size([61, 1536])",12,0,batch-64-nhid-0-inlayer-12,NORMAL,83.85,66.14,94.22,87.7,89.35,95.8,71.65,84.10142857142856
2435,deberta-base,SUM-NS+MAX-NS_SUM-4-9,two-tokens,SUM-NS+MAX-NS,SUM-4-9,4,"torch.Size([61, 1536])",12,0,batch-64-nhid-0-inlayer-12,NORMAL,84.64,78.28,94.49,72.97,90.01,94.0,71.01,83.62857142857142
2436,deberta-base,CLS+AVG_SUM-5-10,two-tokens,CLS+AVG,SUM-5-10,4,"torch.Size([61, 1536])",12,0,batch-64-nhid-0-inlayer-12,NORMAL,86.32,89.91,95.56,90.29,91.27,95.0,75.83,89.16857142857143
2437,deberta-base,CLS+SUM_SUM-5-10,two-tokens,CLS+SUM,SUM-5-10,4,"torch.Size([61, 1536])",12,0,batch-64-nhid-0-inlayer-12,NORMAL,85.91,88.24,94.7,89.22,90.39,94.6,71.94,87.85714285714286
2438,deberta-base,CLS+MAX_SUM-5-10,two-tokens,CLS+MAX,SUM-5-10,4,"torch.Size([61, 1536])",12,0,batch-64-nhid-0-inlayer-12,NORMAL,82.66,85.72,93.2,89.0,88.85,95.0,70.32,86.39285714285714
2439,deberta-base,CLS+AVG-NS_SUM-5-10,two-tokens,CLS+AVG-NS,SUM-5-10,4,"torch.Size([61, 1536])",12,0,batch-64-nhid-0-inlayer-12,NORMAL,86.37,89.32,95.64,90.31,91.6,95.6,76.12,89.28
2440,deberta-base,CLS+SUM-NS_SUM-5-10,two-tokens,CLS+SUM-NS,SUM-5-10,4,"torch.Size([61, 1536])",12,0,batch-64-nhid-0-inlayer-12,NORMAL,85.83,88.26,94.65,89.26,90.77,94.8,71.36,87.84714285714286
2441,deberta-base,CLS+MAX-NS_SUM-5-10,two-tokens,CLS+MAX-NS,SUM-5-10,4,"torch.Size([61, 1536])",12,0,batch-64-nhid-0-inlayer-12,NORMAL,82.89,65.93,93.1,49.59,88.96,94.6,69.86,77.84714285714286
2442,deberta-base,AVG+SUM_SUM-5-10,two-tokens,AVG+SUM,SUM-5-10,4,"torch.Size([61, 1536])",12,0,batch-64-nhid-0-inlayer-12,NORMAL,85.82,88.53,94.68,89.47,90.77,94.6,71.3,87.88142857142857
2443,deberta-base,AVG+MAX_SUM-5-10,two-tokens,AVG+MAX,SUM-5-10,4,"torch.Size([61, 1536])",12,0,batch-64-nhid-0-inlayer-12,NORMAL,84.98,88.69,94.57,89.12,91.05,95.8,72.23,88.06285714285715
2444,deberta-base,AVG+AVG-NS_SUM-5-10,two-tokens,AVG+AVG-NS,SUM-5-10,4,"torch.Size([61, 1536])",12,0,batch-64-nhid-0-inlayer-12,NORMAL,86.13,88.8,95.22,89.6,92.26,95.0,75.77,88.96857142857142
2445,deberta-base,AVG+SUM-NS_SUM-5-10,two-tokens,AVG+SUM-NS,SUM-5-10,4,"torch.Size([61, 1536])",12,0,batch-64-nhid-0-inlayer-12,NORMAL,85.84,88.21,94.66,89.5,90.23,94.6,71.48,87.78857142857144
2446,deberta-base,AVG+MAX-NS_SUM-5-10,two-tokens,AVG+MAX-NS,SUM-5-10,4,"torch.Size([61, 1536])",12,0,batch-64-nhid-0-inlayer-12,NORMAL,84.81,66.12,94.43,49.52,90.44,95.8,71.94,79.00857142857141
2447,deberta-base,SUM+MAX_SUM-5-10,two-tokens,SUM+MAX,SUM-5-10,4,"torch.Size([61, 1536])",12,0,batch-64-nhid-0-inlayer-12,NORMAL,85.73,88.88,94.71,88.88,90.5,94.6,70.61,87.70142857142856
2448,deberta-base,SUM+AVG-NS_SUM-5-10,two-tokens,SUM+AVG-NS,SUM-5-10,4,"torch.Size([61, 1536])",12,0,batch-64-nhid-0-inlayer-12,NORMAL,85.72,88.48,94.71,89.12,91.21,94.8,71.36,87.91428571428571
2449,deberta-base,SUM+SUM-NS_SUM-5-10,two-tokens,SUM+SUM-NS,SUM-5-10,4,"torch.Size([61, 1536])",12,0,batch-64-nhid-0-inlayer-12,NORMAL,85.64,88.42,94.53,89.2,90.5,94.6,71.94,87.83285714285714
2450,deberta-base,SUM+MAX-NS_SUM-5-10,two-tokens,SUM+MAX-NS,SUM-5-10,4,"torch.Size([61, 1536])",12,0,batch-64-nhid-0-inlayer-12,NORMAL,85.6,80.96,94.83,90.2,91.05,94.8,71.65,87.01285714285713
2451,deberta-base,MAX+AVG-NS_SUM-5-10,two-tokens,MAX+AVG-NS,SUM-5-10,4,"torch.Size([61, 1536])",12,0,batch-64-nhid-0-inlayer-12,NORMAL,84.88,88.58,94.56,88.93,90.61,95.8,72.87,88.03285714285714
2452,deberta-base,MAX+SUM-NS_SUM-5-10,two-tokens,MAX+SUM-NS,SUM-5-10,4,"torch.Size([61, 1536])",12,0,batch-64-nhid-0-inlayer-12,NORMAL,85.76,88.13,94.63,88.89,90.94,94.6,70.9,87.69285714285714
2453,deberta-base,MAX+MAX-NS_SUM-5-10,two-tokens,MAX+MAX-NS,SUM-5-10,4,"torch.Size([61, 1536])",12,0,batch-64-nhid-0-inlayer-12,NORMAL,82.35,65.98,93.05,84.26,88.91,95.0,70.72,82.89571428571428
2454,deberta-base,AVG-NS+SUM-NS_SUM-5-10,two-tokens,AVG-NS+SUM-NS,SUM-5-10,4,"torch.Size([61, 1536])",12,0,batch-64-nhid-0-inlayer-12,NORMAL,85.73,88.32,94.62,89.18,91.27,95.0,72.06,88.0257142857143
2455,deberta-base,AVG-NS+MAX-NS_SUM-5-10,two-tokens,AVG-NS+MAX-NS,SUM-5-10,4,"torch.Size([61, 1536])",12,0,batch-64-nhid-0-inlayer-12,NORMAL,84.9,66.2,94.34,85.0,89.9,95.8,72.41,84.07857142857142
2456,deberta-base,SUM-NS+MAX-NS_SUM-5-10,two-tokens,SUM-NS+MAX-NS,SUM-5-10,4,"torch.Size([61, 1536])",12,0,batch-64-nhid-0-inlayer-12,NORMAL,85.68,84.24,94.68,88.27,91.43,94.8,71.71,87.25857142857144
2457,deberta-base,CLS+AVG_SUM-6-11,two-tokens,CLS+AVG,SUM-6-11,4,"torch.Size([61, 1536])",12,0,batch-64-nhid-0-inlayer-12,NORMAL,86.93,90.44,95.63,90.11,92.42,95.8,75.88,89.60142857142857
2458,deberta-base,CLS+SUM_SUM-6-11,two-tokens,CLS+SUM,SUM-6-11,4,"torch.Size([61, 1536])",12,0,batch-64-nhid-0-inlayer-12,NORMAL,86.4,88.29,94.52,89.46,91.65,95.6,72.52,88.34857142857142
2459,deberta-base,CLS+MAX_SUM-6-11,two-tokens,CLS+MAX,SUM-6-11,4,"torch.Size([61, 1536])",12,0,batch-64-nhid-0-inlayer-12,NORMAL,83.73,86.54,93.15,88.78,89.62,95.0,69.04,86.55142857142857
2460,deberta-base,CLS+AVG-NS_SUM-6-11,two-tokens,CLS+AVG-NS,SUM-6-11,4,"torch.Size([61, 1536])",12,0,batch-64-nhid-0-inlayer-12,NORMAL,86.77,90.12,95.6,90.18,91.93,95.8,76.0,89.48571428571428
2461,deberta-base,CLS+SUM-NS_SUM-6-11,two-tokens,CLS+SUM-NS,SUM-6-11,4,"torch.Size([61, 1536])",12,0,batch-64-nhid-0-inlayer-12,NORMAL,86.31,88.26,94.69,89.51,91.49,95.2,72.12,88.22571428571429
2462,deberta-base,CLS+MAX-NS_SUM-6-11,two-tokens,CLS+MAX-NS,SUM-6-11,4,"torch.Size([61, 1536])",12,0,batch-64-nhid-0-inlayer-12,NORMAL,83.92,65.88,93.26,49.47,89.68,94.6,68.93,77.96285714285715
2463,deberta-base,AVG+SUM_SUM-6-11,two-tokens,AVG+SUM,SUM-6-11,4,"torch.Size([61, 1536])",12,0,batch-64-nhid-0-inlayer-12,NORMAL,86.48,88.56,94.75,89.35,91.6,95.6,72.52,88.40857142857143
2464,deberta-base,AVG+MAX_SUM-6-11,two-tokens,AVG+MAX,SUM-6-11,4,"torch.Size([61, 1536])",12,0,batch-64-nhid-0-inlayer-12,NORMAL,85.8,88.98,94.77,89.24,91.71,95.4,71.3,88.17142857142856
2465,deberta-base,AVG+AVG-NS_SUM-6-11,two-tokens,AVG+AVG-NS,SUM-6-11,4,"torch.Size([61, 1536])",12,0,batch-64-nhid-0-inlayer-12,NORMAL,86.57,89.35,95.43,89.85,92.53,95.8,75.3,89.26142857142857
2466,deberta-base,AVG+SUM-NS_SUM-6-11,two-tokens,AVG+SUM-NS,SUM-6-11,4,"torch.Size([61, 1536])",12,0,batch-64-nhid-0-inlayer-12,NORMAL,86.39,88.37,94.8,89.45,91.43,95.4,71.42,88.17999999999999
2467,deberta-base,AVG+MAX-NS_SUM-6-11,two-tokens,AVG+MAX-NS,SUM-6-11,4,"torch.Size([61, 1536])",12,0,batch-64-nhid-0-inlayer-12,NORMAL,85.63,66.04,94.67,49.46,91.43,95.0,70.72,78.99285714285715
2468,deberta-base,SUM+MAX_SUM-6-11,two-tokens,SUM+MAX,SUM-6-11,4,"torch.Size([61, 1536])",12,0,batch-64-nhid-0-inlayer-12,NORMAL,86.13,88.56,94.77,89.19,91.65,94.6,71.88,88.11142857142856
2469,deberta-base,SUM+AVG-NS_SUM-6-11,two-tokens,SUM+AVG-NS,SUM-6-11,4,"torch.Size([61, 1536])",12,0,batch-64-nhid-0-inlayer-12,NORMAL,86.36,88.58,94.65,89.2,91.87,95.4,72.87,88.41857142857144
2470,deberta-base,SUM+SUM-NS_SUM-6-11,two-tokens,SUM+SUM-NS,SUM-6-11,4,"torch.Size([61, 1536])",12,0,batch-64-nhid-0-inlayer-12,NORMAL,86.26,88.58,94.5,89.26,91.6,95.6,72.17,88.28142857142858
2471,deberta-base,SUM+MAX-NS_SUM-6-11,two-tokens,SUM+MAX-NS,SUM-6-11,4,"torch.Size([61, 1536])",12,0,batch-64-nhid-0-inlayer-12,NORMAL,86.18,85.01,94.86,90.09,92.04,95.2,73.04,88.05999999999999
2472,deberta-base,MAX+AVG-NS_SUM-6-11,two-tokens,MAX+AVG-NS,SUM-6-11,4,"torch.Size([61, 1536])",12,0,batch-64-nhid-0-inlayer-12,NORMAL,85.74,89.38,94.9,89.09,91.49,95.4,71.25,88.17857142857143
2473,deberta-base,MAX+SUM-NS_SUM-6-11,two-tokens,MAX+SUM-NS,SUM-6-11,4,"torch.Size([61, 1536])",12,0,batch-64-nhid-0-inlayer-12,NORMAL,86.24,88.37,94.68,88.93,91.49,95.4,72.29,88.2
2474,deberta-base,MAX+MAX-NS_SUM-6-11,two-tokens,MAX+MAX-NS,SUM-6-11,4,"torch.Size([61, 1536])",12,0,batch-64-nhid-0-inlayer-12,NORMAL,83.29,66.04,93.35,82.1,89.57,94.6,70.43,82.7685714285714
2475,deberta-base,AVG-NS+SUM-NS_SUM-6-11,two-tokens,AVG-NS+SUM-NS,SUM-6-11,4,"torch.Size([61, 1536])",12,0,batch-64-nhid-0-inlayer-12,NORMAL,86.34,88.48,94.79,89.26,91.54,95.4,71.54,88.19285714285715
2476,deberta-base,AVG-NS+MAX-NS_SUM-6-11,two-tokens,AVG-NS+MAX-NS,SUM-6-11,4,"torch.Size([61, 1536])",12,0,batch-64-nhid-0-inlayer-12,NORMAL,85.47,69.69,94.66,87.04,91.32,95.8,71.3,85.03999999999999
2477,deberta-base,SUM-NS+MAX-NS_SUM-6-11,two-tokens,SUM-NS+MAX-NS,SUM-6-11,4,"torch.Size([61, 1536])",12,0,batch-64-nhid-0-inlayer-12,NORMAL,86.08,85.27,94.84,90.1,91.76,95.0,72.23,87.89714285714285
2478,deberta-base,CLS+AVG_SUM-7-12,two-tokens,CLS+AVG,SUM-7-12,4,"torch.Size([61, 1536])",12,0,batch-64-nhid-0-inlayer-12,NORMAL,87.29,90.81,95.84,90.21,92.26,96.2,74.09,89.52857142857144
2479,deberta-base,CLS+SUM_SUM-7-12,two-tokens,CLS+SUM,SUM-7-12,4,"torch.Size([61, 1536])",12,0,batch-64-nhid-0-inlayer-12,NORMAL,86.54,89.43,94.95,89.66,91.76,95.8,69.39,88.21857142857142
2480,deberta-base,CLS+MAX_SUM-7-12,two-tokens,CLS+MAX,SUM-7-12,4,"torch.Size([61, 1536])",12,0,batch-64-nhid-0-inlayer-12,NORMAL,83.95,87.13,93.85,88.84,89.84,94.8,68.52,86.7042857142857
2481,deberta-base,CLS+AVG-NS_SUM-7-12,two-tokens,CLS+AVG-NS,SUM-7-12,4,"torch.Size([61, 1536])",12,0,batch-64-nhid-0-inlayer-12,NORMAL,87.21,89.96,95.76,89.92,92.15,95.6,74.78,89.34
2482,deberta-base,CLS+SUM-NS_SUM-7-12,two-tokens,CLS+SUM-NS,SUM-7-12,4,"torch.Size([61, 1536])",12,0,batch-64-nhid-0-inlayer-12,NORMAL,86.7,88.82,94.96,89.66,91.87,96.0,70.9,88.41571428571429
2483,deberta-base,CLS+MAX-NS_SUM-7-12,two-tokens,CLS+MAX-NS,SUM-7-12,4,"torch.Size([61, 1536])",12,0,batch-64-nhid-0-inlayer-12,NORMAL,84.04,65.8,93.96,72.93,89.62,94.2,67.54,81.1557142857143
2484,deberta-base,AVG+SUM_SUM-7-12,two-tokens,AVG+SUM,SUM-7-12,4,"torch.Size([61, 1536])",12,0,batch-64-nhid-0-inlayer-12,NORMAL,86.54,89.51,94.91,89.63,91.54,95.8,69.28,88.17285714285715
2485,deberta-base,AVG+MAX_SUM-7-12,two-tokens,AVG+MAX,SUM-7-12,4,"torch.Size([61, 1536])",12,0,batch-64-nhid-0-inlayer-12,NORMAL,85.59,89.46,95.26,89.32,92.42,94.6,69.8,88.0642857142857
2486,deberta-base,AVG+AVG-NS_SUM-7-12,two-tokens,AVG+AVG-NS,SUM-7-12,4,"torch.Size([61, 1536])",12,0,batch-64-nhid-0-inlayer-12,NORMAL,87.01,89.91,95.5,89.82,92.48,96.0,74.9,89.37428571428572
2487,deberta-base,AVG+SUM-NS_SUM-7-12,two-tokens,AVG+SUM-NS,SUM-7-12,4,"torch.Size([61, 1536])",12,0,batch-64-nhid-0-inlayer-12,NORMAL,86.64,88.98,94.86,89.48,91.98,95.4,70.2,88.22000000000001
2488,deberta-base,AVG+MAX-NS_SUM-7-12,two-tokens,AVG+MAX-NS,SUM-7-12,4,"torch.Size([61, 1536])",12,0,batch-64-nhid-0-inlayer-12,NORMAL,85.78,66.12,95.26,84.24,91.98,94.6,69.97,83.99285714285715
2489,deberta-base,SUM+MAX_SUM-7-12,two-tokens,SUM+MAX,SUM-7-12,4,"torch.Size([61, 1536])",12,0,batch-64-nhid-0-inlayer-12,NORMAL,86.51,89.51,95.05,89.33,91.54,96.0,70.09,88.29
2490,deberta-base,SUM+AVG-NS_SUM-7-12,two-tokens,SUM+AVG-NS,SUM-7-12,4,"torch.Size([61, 1536])",12,0,batch-64-nhid-0-inlayer-12,NORMAL,86.67,89.19,95.04,89.58,91.65,95.6,69.68,88.20142857142858
2491,deberta-base,SUM+SUM-NS_SUM-7-12,two-tokens,SUM+SUM-NS,SUM-7-12,4,"torch.Size([61, 1536])",12,0,batch-64-nhid-0-inlayer-12,NORMAL,86.6,89.14,94.86,89.57,91.76,95.6,70.09,88.23142857142857
2492,deberta-base,SUM+MAX-NS_SUM-7-12,two-tokens,SUM+MAX-NS,SUM-7-12,4,"torch.Size([61, 1536])",12,0,batch-64-nhid-0-inlayer-12,NORMAL,86.5,80.27,95.1,79.0,91.65,95.4,69.45,85.33857142857143
2493,deberta-base,MAX+AVG-NS_SUM-7-12,two-tokens,MAX+AVG-NS,SUM-7-12,4,"torch.Size([61, 1536])",12,0,batch-64-nhid-0-inlayer-12,NORMAL,85.85,89.19,95.24,89.27,91.87,94.8,69.91,88.0185714285714
2494,deberta-base,MAX+SUM-NS_SUM-7-12,two-tokens,MAX+SUM-NS,SUM-7-12,4,"torch.Size([61, 1536])",12,0,batch-64-nhid-0-inlayer-12,NORMAL,86.79,88.77,94.82,89.09,92.09,95.6,69.91,88.15285714285714
2495,deberta-base,MAX+MAX-NS_SUM-7-12,two-tokens,MAX+MAX-NS,SUM-7-12,4,"torch.Size([61, 1536])",12,0,batch-64-nhid-0-inlayer-12,NORMAL,83.51,65.75,93.62,81.96,89.51,94.0,68.23,82.36857142857141
2496,deberta-base,AVG-NS+SUM-NS_SUM-7-12,two-tokens,AVG-NS+SUM-NS,SUM-7-12,4,"torch.Size([61, 1536])",12,0,batch-64-nhid-0-inlayer-12,NORMAL,86.57,89.01,94.94,89.38,92.2,95.4,70.43,88.2757142857143
2497,deberta-base,AVG-NS+MAX-NS_SUM-7-12,two-tokens,AVG-NS+MAX-NS,SUM-7-12,4,"torch.Size([61, 1536])",12,0,batch-64-nhid-0-inlayer-12,NORMAL,85.81,66.14,95.1,89.24,91.87,95.6,69.57,84.76142857142857
2498,deberta-base,SUM-NS+MAX-NS_SUM-7-12,two-tokens,SUM-NS+MAX-NS,SUM-7-12,4,"torch.Size([61, 1536])",12,0,batch-64-nhid-0-inlayer-12,NORMAL,86.43,78.87,95.06,88.91,91.6,95.2,70.72,86.68428571428572
2499,deberta-base,CLS+AVG_SUM-1-7,two-tokens,CLS+AVG,SUM-1-7,4,"torch.Size([61, 1536])",12,0,batch-64-nhid-0-inlayer-12,NORMAL,82.3,86.84,94.73,89.97,88.47,93.8,75.42,87.36142857142856
2500,deberta-base,CLS+SUM_SUM-1-7,two-tokens,CLS+SUM,SUM-1-7,4,"torch.Size([61, 1536])",12,0,batch-64-nhid-0-inlayer-12,NORMAL,82.12,85.59,93.72,89.44,87.92,92.2,70.38,85.91
2501,deberta-base,CLS+MAX_SUM-1-7,two-tokens,CLS+MAX,SUM-1-7,4,"torch.Size([61, 1536])",12,0,batch-64-nhid-0-inlayer-12,NORMAL,77.74,80.34,91.58,88.47,81.27,93.0,67.36,82.82285714285715
2502,deberta-base,CLS+AVG-NS_SUM-1-7,two-tokens,CLS+AVG-NS,SUM-1-7,4,"torch.Size([61, 1536])",12,0,batch-64-nhid-0-inlayer-12,NORMAL,82.25,85.93,94.71,89.68,88.36,93.2,74.9,87.00428571428571
2503,deberta-base,CLS+SUM-NS_SUM-1-7,two-tokens,CLS+SUM-NS,SUM-1-7,4,"torch.Size([61, 1536])",12,0,batch-64-nhid-0-inlayer-12,NORMAL,81.88,84.82,93.77,89.35,87.7,92.6,70.09,85.74428571428571
2504,deberta-base,CLS+MAX-NS_SUM-1-7,two-tokens,CLS+MAX-NS,SUM-1-7,4,"torch.Size([61, 1536])",12,0,batch-64-nhid-0-inlayer-12,NORMAL,77.93,65.43,91.73,49.51,81.22,93.4,67.3,75.21714285714286
2505,deberta-base,AVG+SUM_SUM-1-7,two-tokens,AVG+SUM,SUM-1-7,4,"torch.Size([61, 1536])",12,0,batch-64-nhid-0-inlayer-12,NORMAL,82.1,85.64,93.78,89.3,87.75,93.2,70.32,86.01285714285713
2506,deberta-base,AVG+MAX_SUM-1-7,two-tokens,AVG+MAX,SUM-1-7,4,"torch.Size([61, 1536])",12,0,batch-64-nhid-0-inlayer-12,NORMAL,80.75,83.23,93.28,88.39,87.42,92.8,69.28,85.02142857142857
2507,deberta-base,AVG+AVG-NS_SUM-1-7,two-tokens,AVG+AVG-NS,SUM-1-7,4,"torch.Size([61, 1536])",12,0,batch-64-nhid-0-inlayer-12,NORMAL,82.11,86.04,94.5,89.14,88.8,92.4,74.84,86.83285714285715
2508,deberta-base,AVG+SUM-NS_SUM-1-7,two-tokens,AVG+SUM-NS,SUM-1-7,4,"torch.Size([61, 1536])",12,0,batch-64-nhid-0-inlayer-12,NORMAL,81.87,84.69,93.78,88.83,88.03,92.8,70.26,85.75142857142858
2509,deberta-base,AVG+MAX-NS_SUM-1-7,two-tokens,AVG+MAX-NS,SUM-1-7,4,"torch.Size([61, 1536])",12,0,batch-64-nhid-0-inlayer-12,NORMAL,80.73,65.75,93.23,49.37,87.2,93.8,69.22,77.04285714285716
2510,deberta-base,SUM+MAX_SUM-1-7,two-tokens,SUM+MAX,SUM-1-7,4,"torch.Size([61, 1536])",12,0,batch-64-nhid-0-inlayer-12,NORMAL,82.03,85.27,93.88,88.51,87.81,92.8,70.61,85.8442857142857
2511,deberta-base,SUM+AVG-NS_SUM-1-7,two-tokens,SUM+AVG-NS,SUM-1-7,4,"torch.Size([61, 1536])",12,0,batch-64-nhid-0-inlayer-12,NORMAL,82.11,85.62,93.8,88.78,87.81,92.4,69.91,85.7757142857143
2512,deberta-base,SUM+SUM-NS_SUM-1-7,two-tokens,SUM+SUM-NS,SUM-1-7,4,"torch.Size([61, 1536])",12,0,batch-64-nhid-0-inlayer-12,NORMAL,81.83,84.95,93.77,89.28,87.64,92.6,70.49,85.79428571428572
2513,deberta-base,SUM+MAX-NS_SUM-1-7,two-tokens,SUM+MAX-NS,SUM-1-7,4,"torch.Size([61, 1536])",12,0,batch-64-nhid-0-inlayer-12,NORMAL,81.97,77.35,93.92,89.41,87.92,93.2,70.9,84.95285714285714
2514,deberta-base,MAX+AVG-NS_SUM-1-7,two-tokens,MAX+AVG-NS,SUM-1-7,4,"torch.Size([61, 1536])",12,0,batch-64-nhid-0-inlayer-12,NORMAL,80.41,83.28,93.54,87.71,86.71,93.4,69.28,84.9042857142857
2515,deberta-base,MAX+SUM-NS_SUM-1-7,two-tokens,MAX+SUM-NS,SUM-1-7,4,"torch.Size([61, 1536])",12,0,batch-64-nhid-0-inlayer-12,NORMAL,81.81,84.48,93.83,88.5,87.75,92.6,70.14,85.58714285714287
2516,deberta-base,MAX+MAX-NS_SUM-1-7,two-tokens,MAX+MAX-NS,SUM-1-7,4,"torch.Size([61, 1536])",12,0,batch-64-nhid-0-inlayer-12,NORMAL,77.2,65.43,91.19,89.11,81.71,91.6,68.81,80.72142857142856
2517,deberta-base,AVG-NS+SUM-NS_SUM-1-7,two-tokens,AVG-NS+SUM-NS,SUM-1-7,4,"torch.Size([61, 1536])",12,0,batch-64-nhid-0-inlayer-12,NORMAL,81.65,84.79,93.85,88.56,88.03,92.6,69.8,85.61142857142856
2518,deberta-base,AVG-NS+MAX-NS_SUM-1-7,two-tokens,AVG-NS+MAX-NS,SUM-1-7,4,"torch.Size([61, 1536])",12,0,batch-64-nhid-0-inlayer-12,NORMAL,80.73,68.26,93.49,86.43,86.88,93.0,69.39,82.59714285714287
2519,deberta-base,SUM-NS+MAX-NS_SUM-1-7,two-tokens,SUM-NS+MAX-NS,SUM-1-7,4,"torch.Size([61, 1536])",12,0,batch-64-nhid-0-inlayer-12,NORMAL,81.69,79.26,93.88,89.46,88.3,92.8,70.09,85.06857142857143
2520,deberta-base,CLS+AVG_SUM-2-8,two-tokens,CLS+AVG,SUM-2-8,4,"torch.Size([61, 1536])",12,0,batch-64-nhid-0-inlayer-12,NORMAL,83.64,88.63,95.33,90.01,89.68,94.4,75.48,88.16714285714285
2521,deberta-base,CLS+SUM_SUM-2-8,two-tokens,CLS+SUM,SUM-2-8,4,"torch.Size([61, 1536])",12,0,batch-64-nhid-0-inlayer-12,NORMAL,83.6,86.78,94.47,89.45,88.25,94.2,70.09,86.69142857142857
2522,deberta-base,CLS+MAX_SUM-2-8,two-tokens,CLS+MAX,SUM-2-8,4,"torch.Size([61, 1536])",12,0,batch-64-nhid-0-inlayer-12,NORMAL,79.32,83.76,92.24,88.88,84.84,93.8,69.8,84.66285714285712
2523,deberta-base,CLS+AVG-NS_SUM-2-8,two-tokens,CLS+AVG-NS,SUM-2-8,4,"torch.Size([61, 1536])",12,0,batch-64-nhid-0-inlayer-12,NORMAL,83.77,87.97,95.12,89.68,89.84,94.4,75.65,88.06142857142856
2524,deberta-base,CLS+SUM-NS_SUM-2-8,two-tokens,CLS+SUM-NS,SUM-2-8,4,"torch.Size([61, 1536])",12,0,batch-64-nhid-0-inlayer-12,NORMAL,83.65,86.44,94.42,89.51,88.36,94.2,69.8,86.62571428571428
2525,deberta-base,CLS+MAX-NS_SUM-2-8,two-tokens,CLS+MAX-NS,SUM-2-8,4,"torch.Size([61, 1536])",12,0,batch-64-nhid-0-inlayer-12,NORMAL,79.39,68.4,92.47,81.22,84.35,94.4,68.75,81.28285714285714
2526,deberta-base,AVG+SUM_SUM-2-8,two-tokens,AVG+SUM,SUM-2-8,4,"torch.Size([61, 1536])",12,0,batch-64-nhid-0-inlayer-12,NORMAL,83.64,86.94,94.4,89.22,88.52,94.0,70.96,86.81142857142858
2527,deberta-base,AVG+MAX_SUM-2-8,two-tokens,AVG+MAX,SUM-2-8,4,"torch.Size([61, 1536])",12,0,batch-64-nhid-0-inlayer-12,NORMAL,82.52,86.09,93.85,88.65,88.74,94.2,71.25,86.47142857142858
2528,deberta-base,AVG+AVG-NS_SUM-2-8,two-tokens,AVG+AVG-NS,SUM-2-8,4,"torch.Size([61, 1536])",12,0,batch-64-nhid-0-inlayer-12,NORMAL,83.71,87.66,95.03,89.01,89.84,94.2,75.71,87.88000000000001
2529,deberta-base,AVG+SUM-NS_SUM-2-8,two-tokens,AVG+SUM-NS,SUM-2-8,4,"torch.Size([61, 1536])",12,0,batch-64-nhid-0-inlayer-12,NORMAL,83.57,86.49,94.4,89.1,88.74,94.6,69.62,86.6457142857143
2530,deberta-base,AVG+MAX-NS_SUM-2-8,two-tokens,AVG+MAX-NS,SUM-2-8,4,"torch.Size([61, 1536])",12,0,batch-64-nhid-0-inlayer-12,NORMAL,82.42,66.12,93.95,76.66,88.96,94.0,70.78,81.84142857142857
2531,deberta-base,SUM+MAX_SUM-2-8,two-tokens,SUM+MAX,SUM-2-8,4,"torch.Size([61, 1536])",12,0,batch-64-nhid-0-inlayer-12,NORMAL,83.58,87.36,94.54,88.71,88.3,94.0,70.61,86.72857142857143
2532,deberta-base,SUM+AVG-NS_SUM-2-8,two-tokens,SUM+AVG-NS,SUM-2-8,4,"torch.Size([61, 1536])",12,0,batch-64-nhid-0-inlayer-12,NORMAL,83.64,86.78,94.47,88.82,89.07,94.4,71.71,86.98428571428572
2533,deberta-base,SUM+SUM-NS_SUM-2-8,two-tokens,SUM+SUM-NS,SUM-2-8,4,"torch.Size([61, 1536])",12,0,batch-64-nhid-0-inlayer-12,NORMAL,83.72,86.7,94.29,89.35,88.52,95.0,70.84,86.91714285714286
2534,deberta-base,SUM+MAX-NS_SUM-2-8,two-tokens,SUM+MAX-NS,SUM-2-8,4,"torch.Size([61, 1536])",12,0,batch-64-nhid-0-inlayer-12,NORMAL,83.53,79.06,94.55,89.57,88.3,93.8,71.3,85.72999999999999
2535,deberta-base,MAX+AVG-NS_SUM-2-8,two-tokens,MAX+AVG-NS,SUM-2-8,4,"torch.Size([61, 1536])",12,0,batch-64-nhid-0-inlayer-12,NORMAL,82.47,85.99,94.11,88.27,87.42,94.2,71.54,86.28571428571429
2536,deberta-base,MAX+SUM-NS_SUM-2-8,two-tokens,MAX+SUM-NS,SUM-2-8,4,"torch.Size([61, 1536])",12,0,batch-64-nhid-0-inlayer-12,NORMAL,83.67,86.41,94.31,88.57,88.52,94.2,70.2,86.55428571428571
2537,deberta-base,MAX+MAX-NS_SUM-2-8,two-tokens,MAX+MAX-NS,SUM-2-8,4,"torch.Size([61, 1536])",12,0,batch-64-nhid-0-inlayer-12,NORMAL,79.34,65.77,91.97,87.2,84.9,93.4,68.75,81.61857142857143
2538,deberta-base,AVG-NS+SUM-NS_SUM-2-8,two-tokens,AVG-NS+SUM-NS,SUM-2-8,4,"torch.Size([61, 1536])",12,0,batch-64-nhid-0-inlayer-12,NORMAL,83.6,86.46,94.2,88.64,89.13,94.2,70.32,86.64999999999999
2539,deberta-base,AVG-NS+MAX-NS_SUM-2-8,two-tokens,AVG-NS+MAX-NS,SUM-2-8,4,"torch.Size([61, 1536])",12,0,batch-64-nhid-0-inlayer-12,NORMAL,82.52,68.66,94.02,87.9,88.08,94.6,70.2,83.71142857142857
2540,deberta-base,SUM-NS+MAX-NS_SUM-2-8,two-tokens,SUM-NS+MAX-NS,SUM-2-8,4,"torch.Size([61, 1536])",12,0,batch-64-nhid-0-inlayer-12,NORMAL,83.51,78.89,94.33,89.68,88.52,94.0,69.68,85.51571428571431
2541,deberta-base,CLS+AVG_SUM-3-9,two-tokens,CLS+AVG,SUM-3-9,4,"torch.Size([61, 1536])",12,0,batch-64-nhid-0-inlayer-12,NORMAL,85.0,89.35,95.31,90.21,90.23,95.4,75.65,88.73571428571428
2542,deberta-base,CLS+SUM_SUM-3-9,two-tokens,CLS+SUM,SUM-3-9,4,"torch.Size([61, 1536])",12,0,batch-64-nhid-0-inlayer-12,NORMAL,84.67,87.39,94.49,89.74,89.29,93.0,71.71,87.18428571428572
2543,deberta-base,CLS+MAX_SUM-3-9,two-tokens,CLS+MAX,SUM-3-9,4,"torch.Size([61, 1536])",12,0,batch-64-nhid-0-inlayer-12,NORMAL,81.0,84.58,92.84,88.83,86.88,95.4,69.62,85.59285714285714
2544,deberta-base,CLS+AVG-NS_SUM-3-9,two-tokens,CLS+AVG-NS,SUM-3-9,4,"torch.Size([61, 1536])",12,0,batch-64-nhid-0-inlayer-12,NORMAL,84.95,88.85,95.23,90.07,90.44,95.0,76.06,88.65714285714284
2545,deberta-base,CLS+SUM-NS_SUM-3-9,two-tokens,CLS+SUM-NS,SUM-3-9,4,"torch.Size([61, 1536])",12,0,batch-64-nhid-0-inlayer-12,NORMAL,84.49,87.18,94.58,89.7,89.79,95.0,70.43,87.31000000000002
2546,deberta-base,CLS+MAX-NS_SUM-3-9,two-tokens,CLS+MAX-NS,SUM-3-9,4,"torch.Size([61, 1536])",12,0,batch-64-nhid-0-inlayer-12,NORMAL,80.99,66.99,92.81,72.76,86.33,94.0,70.38,80.60857142857142
2547,deberta-base,AVG+SUM_SUM-3-9,two-tokens,AVG+SUM,SUM-3-9,4,"torch.Size([61, 1536])",12,0,batch-64-nhid-0-inlayer-12,NORMAL,84.78,87.55,94.36,89.63,90.23,93.4,71.48,87.34714285714287
2548,deberta-base,AVG+MAX_SUM-3-9,two-tokens,AVG+MAX,SUM-3-9,4,"torch.Size([61, 1536])",12,0,batch-64-nhid-0-inlayer-12,NORMAL,83.83,86.83,93.74,88.8,89.4,95.4,71.83,87.11857142857143
2549,deberta-base,AVG+AVG-NS_SUM-3-9,two-tokens,AVG+AVG-NS,SUM-3-9,4,"torch.Size([61, 1536])",12,0,batch-64-nhid-0-inlayer-12,NORMAL,84.7,88.42,95.07,89.44,91.1,93.6,76.35,88.38285714285715
2550,deberta-base,AVG+SUM-NS_SUM-3-9,two-tokens,AVG+SUM-NS,SUM-3-9,4,"torch.Size([61, 1536])",12,0,batch-64-nhid-0-inlayer-12,NORMAL,84.6,87.21,94.49,89.45,89.79,94.2,71.01,87.25
2551,deberta-base,AVG+MAX-NS_SUM-3-9,two-tokens,AVG+MAX-NS,SUM-3-9,4,"torch.Size([61, 1536])",12,0,batch-64-nhid-0-inlayer-12,NORMAL,83.43,66.17,93.93,78.73,89.68,95.4,71.77,82.73
2552,deberta-base,SUM+MAX_SUM-3-9,two-tokens,SUM+MAX,SUM-3-9,4,"torch.Size([61, 1536])",12,0,batch-64-nhid-0-inlayer-12,NORMAL,84.7,87.71,94.62,88.82,89.79,93.4,70.9,87.13428571428571
2553,deberta-base,SUM+AVG-NS_SUM-3-9,two-tokens,SUM+AVG-NS,SUM-3-9,4,"torch.Size([61, 1536])",12,0,batch-64-nhid-0-inlayer-12,NORMAL,84.68,87.66,94.49,89.0,89.79,94.0,71.01,87.23285714285714
2554,deberta-base,SUM+SUM-NS_SUM-3-9,two-tokens,SUM+SUM-NS,SUM-3-9,4,"torch.Size([61, 1536])",12,0,batch-64-nhid-0-inlayer-12,NORMAL,84.62,87.42,94.46,89.47,89.73,93.2,70.78,87.09714285714287
2555,deberta-base,SUM+MAX-NS_SUM-3-9,two-tokens,SUM+MAX-NS,SUM-3-9,4,"torch.Size([61, 1536])",12,0,batch-64-nhid-0-inlayer-12,NORMAL,84.57,83.05,94.48,89.63,89.73,93.4,70.49,86.47857142857143
2556,deberta-base,MAX+AVG-NS_SUM-3-9,two-tokens,MAX+AVG-NS,SUM-3-9,4,"torch.Size([61, 1536])",12,0,batch-64-nhid-0-inlayer-12,NORMAL,83.61,86.73,93.9,88.57,89.24,95.0,70.78,86.83285714285714
2557,deberta-base,MAX+SUM-NS_SUM-3-9,two-tokens,MAX+SUM-NS,SUM-3-9,4,"torch.Size([61, 1536])",12,0,batch-64-nhid-0-inlayer-12,NORMAL,84.44,87.18,94.59,88.87,89.84,94.0,71.25,87.16714285714286
2558,deberta-base,MAX+MAX-NS_SUM-3-9,two-tokens,MAX+MAX-NS,SUM-3-9,4,"torch.Size([61, 1536])",12,0,batch-64-nhid-0-inlayer-12,NORMAL,80.74,65.83,92.25,89.19,86.99,95.2,68.64,82.69142857142857
2559,deberta-base,AVG-NS+SUM-NS_SUM-3-9,two-tokens,AVG-NS+SUM-NS,SUM-3-9,4,"torch.Size([61, 1536])",12,0,batch-64-nhid-0-inlayer-12,NORMAL,84.55,87.39,94.36,89.04,90.01,93.8,70.72,87.12428571428572
2560,deberta-base,AVG-NS+MAX-NS_SUM-3-9,two-tokens,AVG-NS+MAX-NS,SUM-3-9,4,"torch.Size([61, 1536])",12,0,batch-64-nhid-0-inlayer-12,NORMAL,83.48,67.66,94.12,89.95,89.35,95.0,71.3,84.40857142857142
2561,deberta-base,SUM-NS+MAX-NS_SUM-3-9,two-tokens,SUM-NS+MAX-NS,SUM-3-9,4,"torch.Size([61, 1536])",12,0,batch-64-nhid-0-inlayer-12,NORMAL,84.43,79.84,94.54,89.82,89.4,93.6,70.84,86.06714285714285
2562,deberta-base,CLS+AVG_SUM-4-10,two-tokens,CLS+AVG,SUM-4-10,4,"torch.Size([61, 1536])",12,0,batch-64-nhid-0-inlayer-12,NORMAL,86.32,89.64,95.4,90.36,91.27,94.8,75.42,89.02999999999999
2563,deberta-base,CLS+SUM_SUM-4-10,two-tokens,CLS+SUM,SUM-4-10,4,"torch.Size([61, 1536])",12,0,batch-64-nhid-0-inlayer-12,NORMAL,85.7,88.26,94.7,89.32,90.39,94.6,71.3,87.75285714285714
2564,deberta-base,CLS+MAX_SUM-4-10,two-tokens,CLS+MAX,SUM-4-10,4,"torch.Size([61, 1536])",12,0,batch-64-nhid-0-inlayer-12,NORMAL,82.18,85.83,93.15,89.15,88.47,95.2,69.57,86.22142857142856
2565,deberta-base,CLS+AVG-NS_SUM-4-10,two-tokens,CLS+AVG-NS,SUM-4-10,4,"torch.Size([61, 1536])",12,0,batch-64-nhid-0-inlayer-12,NORMAL,86.15,89.56,95.53,90.18,91.43,95.0,76.0,89.12142857142858
2566,deberta-base,CLS+SUM-NS_SUM-4-10,two-tokens,CLS+SUM-NS,SUM-4-10,4,"torch.Size([61, 1536])",12,0,batch-64-nhid-0-inlayer-12,NORMAL,85.74,88.16,94.55,89.41,90.77,94.4,70.38,87.63
2567,deberta-base,CLS+MAX-NS_SUM-4-10,two-tokens,CLS+MAX-NS,SUM-4-10,4,"torch.Size([61, 1536])",12,0,batch-64-nhid-0-inlayer-12,NORMAL,82.19,68.74,93.14,78.6,88.19,94.4,70.26,82.21714285714286
2568,deberta-base,AVG+SUM_SUM-4-10,two-tokens,AVG+SUM,SUM-4-10,4,"torch.Size([61, 1536])",12,0,batch-64-nhid-0-inlayer-12,NORMAL,85.67,88.34,94.69,89.53,90.28,94.8,71.42,87.81857142857142
2569,deberta-base,AVG+MAX_SUM-4-10,two-tokens,AVG+MAX,SUM-4-10,4,"torch.Size([61, 1536])",12,0,batch-64-nhid-0-inlayer-12,NORMAL,84.83,87.95,94.41,88.98,90.72,95.6,71.54,87.71857142857142
2570,deberta-base,AVG+AVG-NS_SUM-4-10,two-tokens,AVG+AVG-NS,SUM-4-10,4,"torch.Size([61, 1536])",12,0,batch-64-nhid-0-inlayer-12,NORMAL,85.92,89.16,95.22,89.71,92.04,94.2,75.94,88.88428571428572
2571,deberta-base,AVG+SUM-NS_SUM-4-10,two-tokens,AVG+SUM-NS,SUM-4-10,4,"torch.Size([61, 1536])",12,0,batch-64-nhid-0-inlayer-12,NORMAL,85.58,88.21,94.64,89.46,90.66,94.0,70.84,87.62714285714286
2572,deberta-base,AVG+MAX-NS_SUM-4-10,two-tokens,AVG+MAX-NS,SUM-4-10,4,"torch.Size([61, 1536])",12,0,batch-64-nhid-0-inlayer-12,NORMAL,84.56,66.17,94.38,74.2,90.06,95.8,70.38,82.22142857142856
2573,deberta-base,SUM+MAX_SUM-4-10,two-tokens,SUM+MAX,SUM-4-10,4,"torch.Size([61, 1536])",12,0,batch-64-nhid-0-inlayer-12,NORMAL,85.6,88.45,94.78,88.95,90.5,94.4,71.07,87.67857142857143
2574,deberta-base,SUM+AVG-NS_SUM-4-10,two-tokens,SUM+AVG-NS,SUM-4-10,4,"torch.Size([61, 1536])",12,0,batch-64-nhid-0-inlayer-12,NORMAL,85.82,88.16,94.61,89.11,90.39,94.4,70.55,87.57714285714285
2575,deberta-base,SUM+SUM-NS_SUM-4-10,two-tokens,SUM+SUM-NS,SUM-4-10,4,"torch.Size([61, 1536])",12,0,batch-64-nhid-0-inlayer-12,NORMAL,85.47,88.45,94.52,89.22,90.55,94.4,71.13,87.67714285714285
2576,deberta-base,SUM+MAX-NS_SUM-4-10,two-tokens,SUM+MAX-NS,SUM-4-10,4,"torch.Size([61, 1536])",12,0,batch-64-nhid-0-inlayer-12,NORMAL,85.63,78.86,94.85,88.85,90.66,94.2,71.71,86.39428571428573
2577,deberta-base,MAX+AVG-NS_SUM-4-10,two-tokens,MAX+AVG-NS,SUM-4-10,4,"torch.Size([61, 1536])",12,0,batch-64-nhid-0-inlayer-12,NORMAL,84.63,87.89,94.24,88.97,90.5,95.2,70.84,87.46714285714287
2578,deberta-base,MAX+SUM-NS_SUM-4-10,two-tokens,MAX+SUM-NS,SUM-4-10,4,"torch.Size([61, 1536])",12,0,batch-64-nhid-0-inlayer-12,NORMAL,85.73,88.37,94.76,88.94,90.39,95.2,70.55,87.70571428571428
2579,deberta-base,MAX+MAX-NS_SUM-4-10,two-tokens,MAX+MAX-NS,SUM-4-10,4,"torch.Size([61, 1536])",12,0,batch-64-nhid-0-inlayer-12,NORMAL,81.87,67.52,92.86,86.29,87.86,95.2,68.41,82.85857142857142
2580,deberta-base,AVG-NS+SUM-NS_SUM-4-10,two-tokens,AVG-NS+SUM-NS,SUM-4-10,4,"torch.Size([61, 1536])",12,0,batch-64-nhid-0-inlayer-12,NORMAL,85.66,88.45,94.62,89.22,90.55,94.8,70.84,87.73428571428573
2581,deberta-base,AVG-NS+MAX-NS_SUM-4-10,two-tokens,AVG-NS+MAX-NS,SUM-4-10,4,"torch.Size([61, 1536])",12,0,batch-64-nhid-0-inlayer-12,NORMAL,84.72,69.3,94.38,90.21,90.23,95.8,71.36,85.14285714285714
2582,deberta-base,SUM-NS+MAX-NS_SUM-4-10,two-tokens,SUM-NS+MAX-NS,SUM-4-10,4,"torch.Size([61, 1536])",12,0,batch-64-nhid-0-inlayer-12,NORMAL,85.45,84.48,94.77,89.98,90.94,95.2,70.78,87.37142857142858
2583,deberta-base,CLS+AVG_SUM-5-11,two-tokens,CLS+AVG,SUM-5-11,4,"torch.Size([61, 1536])",12,0,batch-64-nhid-0-inlayer-12,NORMAL,86.69,89.88,95.48,90.26,91.6,96.2,75.83,89.42
2584,deberta-base,CLS+SUM_SUM-5-11,two-tokens,CLS+SUM,SUM-5-11,4,"torch.Size([61, 1536])",12,0,batch-64-nhid-0-inlayer-12,NORMAL,86.12,88.64,94.67,89.27,91.05,95.0,71.59,88.04857142857144
2585,deberta-base,CLS+MAX_SUM-5-11,two-tokens,CLS+MAX,SUM-5-11,4,"torch.Size([61, 1536])",12,0,batch-64-nhid-0-inlayer-12,NORMAL,83.07,86.17,93.19,88.97,89.62,95.4,68.7,86.44571428571429
2586,deberta-base,CLS+AVG-NS_SUM-5-11,two-tokens,CLS+AVG-NS,SUM-5-11,4,"torch.Size([61, 1536])",12,0,batch-64-nhid-0-inlayer-12,NORMAL,86.52,90.04,95.59,90.31,91.82,95.2,75.65,89.30428571428571
2587,deberta-base,CLS+SUM-NS_SUM-5-11,two-tokens,CLS+SUM-NS,SUM-5-11,4,"torch.Size([61, 1536])",12,0,batch-64-nhid-0-inlayer-12,NORMAL,86.02,88.77,94.88,89.32,91.1,95.2,71.83,88.16
2588,deberta-base,CLS+MAX-NS_SUM-5-11,two-tokens,CLS+MAX-NS,SUM-5-11,4,"torch.Size([61, 1536])",12,0,batch-64-nhid-0-inlayer-12,NORMAL,83.31,65.85,93.05,87.34,89.79,94.4,69.04,83.25428571428571
2589,deberta-base,AVG+SUM_SUM-5-11,two-tokens,AVG+SUM,SUM-5-11,4,"torch.Size([61, 1536])",12,0,batch-64-nhid-0-inlayer-12,NORMAL,86.04,88.69,94.62,89.51,90.72,95.2,71.25,88.00428571428573
2590,deberta-base,AVG+MAX_SUM-5-11,two-tokens,AVG+MAX,SUM-5-11,4,"torch.Size([61, 1536])",12,0,batch-64-nhid-0-inlayer-12,NORMAL,85.39,88.61,94.49,89.24,91.27,95.4,71.07,87.92428571428572
2591,deberta-base,AVG+AVG-NS_SUM-5-11,two-tokens,AVG+AVG-NS,SUM-5-11,4,"torch.Size([61, 1536])",12,0,batch-64-nhid-0-inlayer-12,NORMAL,86.46,89.33,95.3,89.95,92.59,95.2,76.23,89.29428571428572
2592,deberta-base,AVG+SUM-NS_SUM-5-11,two-tokens,AVG+SUM-NS,SUM-5-11,4,"torch.Size([61, 1536])",12,0,batch-64-nhid-0-inlayer-12,NORMAL,85.99,88.69,94.86,89.42,91.05,95.0,70.67,87.9542857142857
2593,deberta-base,AVG+MAX-NS_SUM-5-11,two-tokens,AVG+MAX-NS,SUM-5-11,4,"torch.Size([61, 1536])",12,0,batch-64-nhid-0-inlayer-12,NORMAL,85.16,66.04,94.52,86.33,91.16,95.4,72.46,84.43857142857142
2594,deberta-base,SUM+MAX_SUM-5-11,two-tokens,SUM+MAX,SUM-5-11,4,"torch.Size([61, 1536])",12,0,batch-64-nhid-0-inlayer-12,NORMAL,85.88,88.5,94.61,89.52,90.99,95.0,71.42,87.98857142857142
2595,deberta-base,SUM+AVG-NS_SUM-5-11,two-tokens,SUM+AVG-NS,SUM-5-11,4,"torch.Size([61, 1536])",12,0,batch-64-nhid-0-inlayer-12,NORMAL,85.93,88.58,94.63,89.26,90.83,95.0,71.48,87.95857142857143
2596,deberta-base,SUM+SUM-NS_SUM-5-11,two-tokens,SUM+SUM-NS,SUM-5-11,4,"torch.Size([61, 1536])",12,0,batch-64-nhid-0-inlayer-12,NORMAL,86.05,88.72,94.88,89.25,90.99,95.2,71.36,88.06428571428572
2597,deberta-base,SUM+MAX-NS_SUM-5-11,two-tokens,SUM+MAX-NS,SUM-5-11,4,"torch.Size([61, 1536])",12,0,batch-64-nhid-0-inlayer-12,NORMAL,85.85,83.71,94.58,90.29,91.76,95.0,72.52,87.67285714285715
2598,deberta-base,MAX+AVG-NS_SUM-5-11,two-tokens,MAX+AVG-NS,SUM-5-11,4,"torch.Size([61, 1536])",12,0,batch-64-nhid-0-inlayer-12,NORMAL,85.22,88.77,94.64,89.32,90.99,95.4,70.14,87.78285714285714
2599,deberta-base,MAX+SUM-NS_SUM-5-11,two-tokens,MAX+SUM-NS,SUM-5-11,4,"torch.Size([61, 1536])",12,0,batch-64-nhid-0-inlayer-12,NORMAL,85.93,88.48,94.83,89.0,91.05,95.0,70.43,87.81714285714285
2600,deberta-base,MAX+MAX-NS_SUM-5-11,two-tokens,MAX+MAX-NS,SUM-5-11,4,"torch.Size([61, 1536])",12,0,batch-64-nhid-0-inlayer-12,NORMAL,82.94,66.09,93.06,83.05,89.68,94.6,68.64,82.58
2601,deberta-base,AVG-NS+SUM-NS_SUM-5-11,two-tokens,AVG-NS+SUM-NS,SUM-5-11,4,"torch.Size([61, 1536])",12,0,batch-64-nhid-0-inlayer-12,NORMAL,86.14,88.72,94.86,89.34,91.16,95.0,72.0,88.17428571428572
2602,deberta-base,AVG-NS+MAX-NS_SUM-5-11,two-tokens,AVG-NS+MAX-NS,SUM-5-11,4,"torch.Size([61, 1536])",12,0,batch-64-nhid-0-inlayer-12,NORMAL,85.01,66.04,94.54,89.52,90.55,95.0,70.61,84.46714285714287
2603,deberta-base,SUM-NS+MAX-NS_SUM-5-11,two-tokens,SUM-NS+MAX-NS,SUM-5-11,4,"torch.Size([61, 1536])",12,0,batch-64-nhid-0-inlayer-12,NORMAL,85.98,85.85,94.75,88.5,91.38,95.0,71.13,87.51285714285714
2604,deberta-base,CLS+AVG_SUM-6-12,two-tokens,CLS+AVG,SUM-6-12,4,"torch.Size([61, 1536])",12,0,batch-64-nhid-0-inlayer-12,NORMAL,86.93,90.33,95.74,90.25,92.31,95.6,75.25,89.48714285714286
2605,deberta-base,CLS+SUM_SUM-6-12,two-tokens,CLS+SUM,SUM-6-12,4,"torch.Size([61, 1536])",12,0,batch-64-nhid-0-inlayer-12,NORMAL,86.24,89.33,94.89,89.66,91.32,95.4,71.42,88.32285714285715
2606,deberta-base,CLS+MAX_SUM-6-12,two-tokens,CLS+MAX,SUM-6-12,4,"torch.Size([61, 1536])",12,0,batch-64-nhid-0-inlayer-12,NORMAL,83.83,87.15,93.57,88.77,89.62,94.6,67.88,86.48857142857142
2607,deberta-base,CLS+AVG-NS_SUM-6-12,two-tokens,CLS+AVG-NS,SUM-6-12,4,"torch.Size([61, 1536])",12,0,batch-64-nhid-0-inlayer-12,NORMAL,86.95,89.96,95.68,90.07,91.49,95.8,74.38,89.19000000000001
2608,deberta-base,CLS+SUM-NS_SUM-6-12,two-tokens,CLS+SUM-NS,SUM-6-12,4,"torch.Size([61, 1536])",12,0,batch-64-nhid-0-inlayer-12,NORMAL,86.37,89.01,94.95,89.67,91.54,94.8,69.97,88.04428571428572
2609,deberta-base,CLS+MAX-NS_SUM-6-12,two-tokens,CLS+MAX-NS,SUM-6-12,4,"torch.Size([61, 1536])",12,0,batch-64-nhid-0-inlayer-12,NORMAL,83.74,66.06,93.84,87.81,89.24,94.0,68.87,83.36571428571429
2610,deberta-base,AVG+SUM_SUM-6-12,two-tokens,AVG+SUM,SUM-6-12,4,"torch.Size([61, 1536])",12,0,batch-64-nhid-0-inlayer-12,NORMAL,86.32,89.27,94.83,89.77,91.76,95.0,70.38,88.18999999999998
2611,deberta-base,AVG+MAX_SUM-6-12,two-tokens,AVG+MAX,SUM-6-12,4,"torch.Size([61, 1536])",12,0,batch-64-nhid-0-inlayer-12,NORMAL,85.43,88.98,94.98,89.21,92.26,94.2,69.16,87.74571428571429
2612,deberta-base,AVG+AVG-NS_SUM-6-12,two-tokens,AVG+AVG-NS,SUM-6-12,4,"torch.Size([61, 1536])",12,0,batch-64-nhid-0-inlayer-12,NORMAL,86.8,89.7,95.58,89.78,92.15,96.0,74.26,89.18142857142857
2613,deberta-base,AVG+SUM-NS_SUM-6-12,two-tokens,AVG+SUM-NS,SUM-6-12,4,"torch.Size([61, 1536])",12,0,batch-64-nhid-0-inlayer-12,NORMAL,86.35,88.85,95.04,89.8,91.27,95.2,69.57,88.01142857142857
2614,deberta-base,AVG+MAX-NS_SUM-6-12,two-tokens,AVG+MAX-NS,SUM-6-12,4,"torch.Size([61, 1536])",12,0,batch-64-nhid-0-inlayer-12,NORMAL,85.5,66.25,94.95,86.14,91.49,94.8,69.1,84.03285714285714
2615,deberta-base,SUM+MAX_SUM-6-12,two-tokens,SUM+MAX,SUM-6-12,4,"torch.Size([61, 1536])",12,0,batch-64-nhid-0-inlayer-12,NORMAL,86.24,89.35,94.79,89.46,91.05,95.4,70.67,88.13714285714285
2616,deberta-base,SUM+AVG-NS_SUM-6-12,two-tokens,SUM+AVG-NS,SUM-6-12,4,"torch.Size([61, 1536])",12,0,batch-64-nhid-0-inlayer-12,NORMAL,86.22,89.01,94.98,89.76,91.54,95.6,70.49,88.22857142857143
2617,deberta-base,SUM+SUM-NS_SUM-6-12,two-tokens,SUM+SUM-NS,SUM-6-12,4,"torch.Size([61, 1536])",12,0,batch-64-nhid-0-inlayer-12,NORMAL,86.25,89.01,94.84,89.63,91.49,94.8,70.26,88.03999999999999
2618,deberta-base,SUM+MAX-NS_SUM-6-12,two-tokens,SUM+MAX-NS,SUM-6-12,4,"torch.Size([61, 1536])",12,0,batch-64-nhid-0-inlayer-12,NORMAL,86.24,79.32,94.97,83.05,91.6,95.4,69.91,85.7842857142857
2619,deberta-base,MAX+AVG-NS_SUM-6-12,two-tokens,MAX+AVG-NS,SUM-6-12,4,"torch.Size([61, 1536])",12,0,batch-64-nhid-0-inlayer-12,NORMAL,85.54,89.16,95.18,89.37,91.93,94.4,70.03,87.94428571428571
2620,deberta-base,MAX+SUM-NS_SUM-6-12,two-tokens,MAX+SUM-NS,SUM-6-12,4,"torch.Size([61, 1536])",12,0,batch-64-nhid-0-inlayer-12,NORMAL,86.2,89.25,95.17,89.27,91.65,95.4,70.38,88.18857142857142
2621,deberta-base,MAX+MAX-NS_SUM-6-12,two-tokens,MAX+MAX-NS,SUM-6-12,4,"torch.Size([61, 1536])",12,0,batch-64-nhid-0-inlayer-12,NORMAL,83.35,65.93,93.54,86.97,89.4,93.8,67.65,82.94857142857141
2622,deberta-base,AVG-NS+SUM-NS_SUM-6-12,two-tokens,AVG-NS+SUM-NS,SUM-6-12,4,"torch.Size([61, 1536])",12,0,batch-64-nhid-0-inlayer-12,NORMAL,86.28,89.06,94.98,89.48,91.1,95.2,70.32,88.06000000000002
2623,deberta-base,AVG-NS+MAX-NS_SUM-6-12,two-tokens,AVG-NS+MAX-NS,SUM-6-12,4,"torch.Size([61, 1536])",12,0,batch-64-nhid-0-inlayer-12,NORMAL,85.58,65.98,95.23,88.88,91.32,95.4,69.45,84.54857142857144
2624,deberta-base,SUM-NS+MAX-NS_SUM-6-12,two-tokens,SUM-NS+MAX-NS,SUM-6-12,4,"torch.Size([61, 1536])",12,0,batch-64-nhid-0-inlayer-12,NORMAL,86.29,83.52,95.05,82.89,91.71,95.2,69.8,86.35142857142856
2625,deberta-base,CLS+AVG_SUM-1-8,two-tokens,CLS+AVG,SUM-1-8,4,"torch.Size([61, 1536])",12,0,batch-64-nhid-0-inlayer-12,NORMAL,83.33,88.29,94.99,90.16,89.29,93.8,75.71,87.93857142857144
2626,deberta-base,CLS+SUM_SUM-1-8,two-tokens,CLS+SUM,SUM-1-8,4,"torch.Size([61, 1536])",12,0,batch-64-nhid-0-inlayer-12,NORMAL,83.46,87.18,94.23,89.54,88.36,94.0,70.38,86.73571428571428
2627,deberta-base,CLS+MAX_SUM-1-8,two-tokens,CLS+MAX,SUM-1-8,4,"torch.Size([61, 1536])",12,0,batch-64-nhid-0-inlayer-12,NORMAL,78.79,81.64,92.05,88.48,84.13,93.0,68.0,83.72714285714287
2628,deberta-base,CLS+AVG-NS_SUM-1-8,two-tokens,CLS+AVG-NS,SUM-1-8,4,"torch.Size([61, 1536])",12,0,batch-64-nhid-0-inlayer-12,NORMAL,83.39,87.63,94.98,89.81,89.29,94.6,75.01,87.8157142857143
2629,deberta-base,CLS+SUM-NS_SUM-1-8,two-tokens,CLS+SUM-NS,SUM-1-8,4,"torch.Size([61, 1536])",12,0,batch-64-nhid-0-inlayer-12,NORMAL,83.43,86.17,94.21,89.45,88.63,94.2,70.67,86.67999999999999
2630,deberta-base,CLS+MAX-NS_SUM-1-8,two-tokens,CLS+MAX-NS,SUM-1-8,4,"torch.Size([61, 1536])",12,0,batch-64-nhid-0-inlayer-12,NORMAL,79.0,65.56,91.9,87.74,83.58,93.8,67.88,81.35142857142857
2631,deberta-base,AVG+SUM_SUM-1-8,two-tokens,AVG+SUM,SUM-1-8,4,"torch.Size([61, 1536])",12,0,batch-64-nhid-0-inlayer-12,NORMAL,83.49,87.05,94.3,89.38,88.63,93.2,70.84,86.69857142857143
2632,deberta-base,AVG+MAX_SUM-1-8,two-tokens,AVG+MAX,SUM-1-8,4,"torch.Size([61, 1536])",12,0,batch-64-nhid-0-inlayer-12,NORMAL,81.94,84.74,93.83,88.56,88.47,94.2,70.26,86.0
2633,deberta-base,AVG+AVG-NS_SUM-1-8,two-tokens,AVG+AVG-NS,SUM-1-8,4,"torch.Size([61, 1536])",12,0,batch-64-nhid-0-inlayer-12,NORMAL,83.33,87.36,94.84,88.99,89.57,93.6,76.0,87.66999999999999
2634,deberta-base,AVG+SUM-NS_SUM-1-8,two-tokens,AVG+SUM-NS,SUM-1-8,4,"torch.Size([61, 1536])",12,0,batch-64-nhid-0-inlayer-12,NORMAL,83.44,86.17,94.18,89.22,88.47,94.0,70.26,86.53428571428572
2635,deberta-base,AVG+MAX-NS_SUM-1-8,two-tokens,AVG+MAX-NS,SUM-1-8,4,"torch.Size([61, 1536])",12,0,batch-64-nhid-0-inlayer-12,NORMAL,82.15,66.01,93.71,85.28,88.58,93.0,69.39,82.58857142857143
2636,deberta-base,SUM+MAX_SUM-1-8,two-tokens,SUM+MAX,SUM-1-8,4,"torch.Size([61, 1536])",12,0,batch-64-nhid-0-inlayer-12,NORMAL,83.41,86.91,94.34,88.46,87.86,93.8,71.01,86.54142857142857
2637,deberta-base,SUM+AVG-NS_SUM-1-8,two-tokens,SUM+AVG-NS,SUM-1-8,4,"torch.Size([61, 1536])",12,0,batch-64-nhid-0-inlayer-12,NORMAL,83.4,87.05,94.25,88.69,88.96,94.0,70.38,86.67571428571428
2638,deberta-base,SUM+SUM-NS_SUM-1-8,two-tokens,SUM+SUM-NS,SUM-1-8,4,"torch.Size([61, 1536])",12,0,batch-64-nhid-0-inlayer-12,NORMAL,83.34,86.65,94.21,89.33,88.3,93.2,70.49,86.50285714285714
2639,deberta-base,SUM+MAX-NS_SUM-1-8,two-tokens,SUM+MAX-NS,SUM-1-8,4,"torch.Size([61, 1536])",12,0,batch-64-nhid-0-inlayer-12,NORMAL,83.21,80.27,94.51,88.32,88.47,93.6,70.32,85.52857142857144
2640,deberta-base,MAX+AVG-NS_SUM-1-8,two-tokens,MAX+AVG-NS,SUM-1-8,4,"torch.Size([61, 1536])",12,0,batch-64-nhid-0-inlayer-12,NORMAL,81.76,84.74,93.88,87.69,87.59,94.4,69.45,85.64428571428572
2641,deberta-base,MAX+SUM-NS_SUM-1-8,two-tokens,MAX+SUM-NS,SUM-1-8,4,"torch.Size([61, 1536])",12,0,batch-64-nhid-0-inlayer-12,NORMAL,83.28,86.14,94.29,88.25,88.58,93.6,71.07,86.45857142857143
2642,deberta-base,MAX+MAX-NS_SUM-1-8,two-tokens,MAX+MAX-NS,SUM-1-8,4,"torch.Size([61, 1536])",12,0,batch-64-nhid-0-inlayer-12,NORMAL,78.42,66.73,91.27,86.01,83.96,93.6,68.06,81.14999999999999
2643,deberta-base,AVG-NS+SUM-NS_SUM-1-8,two-tokens,AVG-NS+SUM-NS,SUM-1-8,4,"torch.Size([61, 1536])",12,0,batch-64-nhid-0-inlayer-12,NORMAL,83.51,86.41,94.16,88.7,88.69,93.8,70.26,86.50428571428571
2644,deberta-base,AVG-NS+MAX-NS_SUM-1-8,two-tokens,AVG-NS+MAX-NS,SUM-1-8,4,"torch.Size([61, 1536])",12,0,batch-64-nhid-0-inlayer-12,NORMAL,82.18,65.88,93.75,89.6,88.25,94.4,70.61,83.52428571428571
2645,deberta-base,SUM-NS+MAX-NS_SUM-1-8,two-tokens,SUM-NS+MAX-NS,SUM-1-8,4,"torch.Size([61, 1536])",12,0,batch-64-nhid-0-inlayer-12,NORMAL,83.35,79.29,94.25,86.55,88.63,94.2,70.49,85.25142857142858
2646,deberta-base,CLS+AVG_SUM-2-9,two-tokens,CLS+AVG,SUM-2-9,4,"torch.Size([61, 1536])",12,0,batch-64-nhid-0-inlayer-12,NORMAL,84.74,88.98,95.22,90.2,90.23,94.8,76.17,88.61999999999999
2647,deberta-base,CLS+SUM_SUM-2-9,two-tokens,CLS+SUM,SUM-2-9,4,"torch.Size([61, 1536])",12,0,batch-64-nhid-0-inlayer-12,NORMAL,84.64,87.55,94.6,89.46,89.35,93.8,71.25,87.23571428571427
2648,deberta-base,CLS+MAX_SUM-2-9,two-tokens,CLS+MAX,SUM-2-9,4,"torch.Size([61, 1536])",12,0,batch-64-nhid-0-inlayer-12,NORMAL,80.25,84.42,92.54,88.88,86.49,93.8,68.58,84.99428571428572
2649,deberta-base,CLS+AVG-NS_SUM-2-9,two-tokens,CLS+AVG-NS,SUM-2-9,4,"torch.Size([61, 1536])",12,0,batch-64-nhid-0-inlayer-12,NORMAL,84.6,88.5,95.31,89.85,90.5,94.8,75.42,88.42571428571428
2650,deberta-base,CLS+SUM-NS_SUM-2-9,two-tokens,CLS+SUM-NS,SUM-2-9,4,"torch.Size([61, 1536])",12,0,batch-64-nhid-0-inlayer-12,NORMAL,84.39,87.13,94.48,89.44,89.73,93.8,70.49,87.0657142857143
2651,deberta-base,CLS+MAX-NS_SUM-2-9,two-tokens,CLS+MAX-NS,SUM-2-9,4,"torch.Size([61, 1536])",12,0,batch-64-nhid-0-inlayer-12,NORMAL,80.48,68.32,92.76,85.02,85.83,94.4,68.0,82.11571428571428
2652,deberta-base,AVG+SUM_SUM-2-9,two-tokens,AVG+SUM,SUM-2-9,4,"torch.Size([61, 1536])",12,0,batch-64-nhid-0-inlayer-12,NORMAL,84.57,87.44,94.68,89.34,89.79,93.8,71.01,87.23285714285714
2653,deberta-base,AVG+MAX_SUM-2-9,two-tokens,AVG+MAX,SUM-2-9,4,"torch.Size([61, 1536])",12,0,batch-64-nhid-0-inlayer-12,NORMAL,83.49,86.88,93.9,88.59,89.35,95.4,68.81,86.63142857142859
2654,deberta-base,AVG+AVG-NS_SUM-2-9,two-tokens,AVG+AVG-NS,SUM-2-9,4,"torch.Size([61, 1536])",12,0,batch-64-nhid-0-inlayer-12,NORMAL,84.56,88.56,95.17,89.13,90.88,94.6,75.13,88.28999999999999
2655,deberta-base,AVG+SUM-NS_SUM-2-9,two-tokens,AVG+SUM-NS,SUM-2-9,4,"torch.Size([61, 1536])",12,0,batch-64-nhid-0-inlayer-12,NORMAL,84.34,86.97,94.56,89.38,89.4,93.6,70.72,86.99571428571429
2656,deberta-base,AVG+MAX-NS_SUM-2-9,two-tokens,AVG+MAX-NS,SUM-2-9,4,"torch.Size([61, 1536])",12,0,batch-64-nhid-0-inlayer-12,NORMAL,83.32,67.76,94.03,85.31,89.51,94.4,68.35,83.24
2657,deberta-base,SUM+MAX_SUM-2-9,two-tokens,SUM+MAX,SUM-2-9,4,"torch.Size([61, 1536])",12,0,batch-64-nhid-0-inlayer-12,NORMAL,84.59,87.52,94.76,89.06,90.17,93.8,71.65,87.36428571428571
2658,deberta-base,SUM+AVG-NS_SUM-2-9,two-tokens,SUM+AVG-NS,SUM-2-9,4,"torch.Size([61, 1536])",12,0,batch-64-nhid-0-inlayer-12,NORMAL,84.8,87.47,94.67,88.93,90.23,94.0,70.84,87.27714285714286
2659,deberta-base,SUM+SUM-NS_SUM-2-9,two-tokens,SUM+SUM-NS,SUM-2-9,4,"torch.Size([61, 1536])",12,0,batch-64-nhid-0-inlayer-12,NORMAL,84.67,87.52,94.47,89.5,89.9,94.8,70.49,87.33571428571427
2660,deberta-base,SUM+MAX-NS_SUM-2-9,two-tokens,SUM+MAX-NS,SUM-2-9,4,"torch.Size([61, 1536])",12,0,batch-64-nhid-0-inlayer-12,NORMAL,84.77,80.29,94.74,90.38,89.73,93.8,71.25,86.42285714285715
2661,deberta-base,MAX+AVG-NS_SUM-2-9,two-tokens,MAX+AVG-NS,SUM-2-9,4,"torch.Size([61, 1536])",12,0,batch-64-nhid-0-inlayer-12,NORMAL,83.3,87.2,93.87,88.51,88.52,94.4,69.8,86.5142857142857
2662,deberta-base,MAX+SUM-NS_SUM-2-9,two-tokens,MAX+SUM-NS,SUM-2-9,4,"torch.Size([61, 1536])",12,0,batch-64-nhid-0-inlayer-12,NORMAL,84.18,86.94,94.62,88.85,89.79,93.8,70.96,87.02000000000001
2663,deberta-base,MAX+MAX-NS_SUM-2-9,two-tokens,MAX+MAX-NS,SUM-2-9,4,"torch.Size([61, 1536])",12,0,batch-64-nhid-0-inlayer-12,NORMAL,80.57,66.73,92.36,74.07,86.16,94.4,68.23,80.36
2664,deberta-base,AVG-NS+SUM-NS_SUM-2-9,two-tokens,AVG-NS+SUM-NS,SUM-2-9,4,"torch.Size([61, 1536])",12,0,batch-64-nhid-0-inlayer-12,NORMAL,84.46,87.1,94.55,88.77,89.9,93.6,70.96,87.04857142857144
2665,deberta-base,AVG-NS+MAX-NS_SUM-2-9,two-tokens,AVG-NS+MAX-NS,SUM-2-9,4,"torch.Size([61, 1536])",12,0,batch-64-nhid-0-inlayer-12,NORMAL,83.4,66.01,94.17,90.2,88.52,94.6,69.51,83.77285714285713
2666,deberta-base,SUM-NS+MAX-NS_SUM-2-9,two-tokens,SUM-NS+MAX-NS,SUM-2-9,4,"torch.Size([61, 1536])",12,0,batch-64-nhid-0-inlayer-12,NORMAL,84.32,79.58,94.58,88.09,90.12,93.4,71.07,85.87999999999998
2667,deberta-base,CLS+AVG_SUM-3-10,two-tokens,CLS+AVG,SUM-3-10,4,"torch.Size([61, 1536])",12,0,batch-64-nhid-0-inlayer-12,NORMAL,85.97,89.48,95.36,90.25,91.32,95.0,76.35,89.10428571428572
2668,deberta-base,CLS+SUM_SUM-3-10,two-tokens,CLS+SUM,SUM-3-10,4,"torch.Size([61, 1536])",12,0,batch-64-nhid-0-inlayer-12,NORMAL,85.5,88.42,94.59,89.52,90.44,94.4,71.07,87.7057142857143
2669,deberta-base,CLS+MAX_SUM-3-10,two-tokens,CLS+MAX,SUM-3-10,4,"torch.Size([61, 1536])",12,0,batch-64-nhid-0-inlayer-12,NORMAL,81.61,85.06,92.75,88.7,87.97,96.0,69.04,85.87571428571428
2670,deberta-base,CLS+AVG-NS_SUM-3-10,two-tokens,CLS+AVG-NS,SUM-3-10,4,"torch.Size([61, 1536])",12,0,batch-64-nhid-0-inlayer-12,NORMAL,85.78,89.27,95.24,90.14,91.32,95.8,75.94,89.07000000000001
2671,deberta-base,CLS+SUM-NS_SUM-3-10,two-tokens,CLS+SUM-NS,SUM-3-10,4,"torch.Size([61, 1536])",12,0,batch-64-nhid-0-inlayer-12,NORMAL,85.26,88.37,94.48,89.44,90.66,94.6,71.19,87.71428571428571
2672,deberta-base,CLS+MAX-NS_SUM-3-10,two-tokens,CLS+MAX-NS,SUM-3-10,4,"torch.Size([61, 1536])",12,0,batch-64-nhid-0-inlayer-12,NORMAL,81.77,65.64,92.98,89.16,87.86,95.6,68.64,83.09285714285714
2673,deberta-base,AVG+SUM_SUM-3-10,two-tokens,AVG+SUM,SUM-3-10,4,"torch.Size([61, 1536])",12,0,batch-64-nhid-0-inlayer-12,NORMAL,85.67,88.42,94.7,89.63,90.17,94.4,71.88,87.83857142857143
2674,deberta-base,AVG+MAX_SUM-3-10,two-tokens,AVG+MAX,SUM-3-10,4,"torch.Size([61, 1536])",12,0,batch-64-nhid-0-inlayer-12,NORMAL,84.64,87.52,94.06,88.99,90.44,95.2,70.43,87.32571428571428
2675,deberta-base,AVG+AVG-NS_SUM-3-10,two-tokens,AVG+AVG-NS,SUM-3-10,4,"torch.Size([61, 1536])",12,0,batch-64-nhid-0-inlayer-12,NORMAL,85.74,89.24,95.06,89.65,91.82,94.0,75.59,88.72857142857143
2676,deberta-base,AVG+SUM-NS_SUM-3-10,two-tokens,AVG+SUM-NS,SUM-3-10,4,"torch.Size([61, 1536])",12,0,batch-64-nhid-0-inlayer-12,NORMAL,85.35,88.24,94.55,89.47,89.84,94.4,70.9,87.53571428571429
2677,deberta-base,AVG+MAX-NS_SUM-3-10,two-tokens,AVG+MAX-NS,SUM-3-10,4,"torch.Size([61, 1536])",12,0,batch-64-nhid-0-inlayer-12,NORMAL,84.32,69.32,94.17,79.78,90.01,94.6,69.91,83.15857142857143
2678,deberta-base,SUM+MAX_SUM-3-10,two-tokens,SUM+MAX,SUM-3-10,4,"torch.Size([61, 1536])",12,0,batch-64-nhid-0-inlayer-12,NORMAL,85.37,88.4,94.74,88.87,90.33,93.8,71.13,87.52
2679,deberta-base,SUM+AVG-NS_SUM-3-10,two-tokens,SUM+AVG-NS,SUM-3-10,4,"torch.Size([61, 1536])",12,0,batch-64-nhid-0-inlayer-12,NORMAL,85.62,88.26,94.59,89.13,90.5,93.8,71.25,87.59285714285714
2680,deberta-base,SUM+SUM-NS_SUM-3-10,two-tokens,SUM+SUM-NS,SUM-3-10,4,"torch.Size([61, 1536])",12,0,batch-64-nhid-0-inlayer-12,NORMAL,85.33,88.19,94.59,89.48,90.5,94.2,71.36,87.66428571428573
2681,deberta-base,SUM+MAX-NS_SUM-3-10,two-tokens,SUM+MAX-NS,SUM-3-10,4,"torch.Size([61, 1536])",12,0,batch-64-nhid-0-inlayer-12,NORMAL,85.4,82.81,94.69,82.72,90.01,93.6,71.88,85.87285714285714
2682,deberta-base,MAX+AVG-NS_SUM-3-10,two-tokens,MAX+AVG-NS,SUM-3-10,4,"torch.Size([61, 1536])",12,0,batch-64-nhid-0-inlayer-12,NORMAL,84.54,87.44,94.18,88.89,90.28,95.4,70.32,87.29285714285713
2683,deberta-base,MAX+SUM-NS_SUM-3-10,two-tokens,MAX+SUM-NS,SUM-3-10,4,"torch.Size([61, 1536])",12,0,batch-64-nhid-0-inlayer-12,NORMAL,85.41,87.89,94.59,88.85,89.95,94.2,70.9,87.39857142857143
2684,deberta-base,MAX+MAX-NS_SUM-3-10,two-tokens,MAX+MAX-NS,SUM-3-10,4,"torch.Size([61, 1536])",12,0,batch-64-nhid-0-inlayer-12,NORMAL,81.68,65.69,92.68,83.56,87.86,96.2,68.23,82.27142857142857
2685,deberta-base,AVG-NS+SUM-NS_SUM-3-10,two-tokens,AVG-NS+SUM-NS,SUM-3-10,4,"torch.Size([61, 1536])",12,0,batch-64-nhid-0-inlayer-12,NORMAL,85.42,88.27,94.55,88.81,90.12,94.6,70.78,87.50714285714285
2686,deberta-base,AVG-NS+MAX-NS_SUM-3-10,two-tokens,AVG-NS+MAX-NS,SUM-3-10,4,"torch.Size([61, 1536])",12,0,batch-64-nhid-0-inlayer-12,NORMAL,84.6,67.71,94.27,90.29,89.73,95.4,69.28,84.46857142857142
2687,deberta-base,SUM-NS+MAX-NS_SUM-3-10,two-tokens,SUM-NS+MAX-NS,SUM-3-10,4,"torch.Size([61, 1536])",12,0,batch-64-nhid-0-inlayer-12,NORMAL,85.27,85.46,94.56,82.37,90.17,94.2,70.96,86.14142857142858
2688,deberta-base,CLS+AVG_SUM-4-11,two-tokens,CLS+AVG,SUM-4-11,4,"torch.Size([61, 1536])",12,0,batch-64-nhid-0-inlayer-12,NORMAL,86.45,89.83,95.43,90.24,91.54,95.4,75.07,89.13714285714286
2689,deberta-base,CLS+SUM_SUM-4-11,two-tokens,CLS+SUM,SUM-4-11,4,"torch.Size([61, 1536])",12,0,batch-64-nhid-0-inlayer-12,NORMAL,85.94,88.58,94.71,89.4,90.5,95.2,72.23,88.08000000000001
2690,deberta-base,CLS+MAX_SUM-4-11,two-tokens,CLS+MAX,SUM-4-11,4,"torch.Size([61, 1536])",12,0,batch-64-nhid-0-inlayer-12,NORMAL,82.8,86.12,93.16,89.12,88.58,94.8,67.71,86.04142857142858
2691,deberta-base,CLS+AVG-NS_SUM-4-11,two-tokens,CLS+AVG-NS,SUM-4-11,4,"torch.Size([61, 1536])",12,0,batch-64-nhid-0-inlayer-12,NORMAL,86.51,89.64,95.47,90.23,91.43,95.4,74.96,89.09142857142858
2692,deberta-base,CLS+SUM-NS_SUM-4-11,two-tokens,CLS+SUM-NS,SUM-4-11,4,"torch.Size([61, 1536])",12,0,batch-64-nhid-0-inlayer-12,NORMAL,85.88,89.09,94.84,89.44,90.66,95.0,70.67,87.93999999999998
2693,deberta-base,CLS+MAX-NS_SUM-4-11,two-tokens,CLS+MAX-NS,SUM-4-11,4,"torch.Size([61, 1536])",12,0,batch-64-nhid-0-inlayer-12,NORMAL,82.94,66.83,93.48,87.75,89.35,94.6,68.17,83.30285714285715
2694,deberta-base,AVG+SUM_SUM-4-11,two-tokens,AVG+SUM,SUM-4-11,4,"torch.Size([61, 1536])",12,0,batch-64-nhid-0-inlayer-12,NORMAL,86.04,88.4,94.63,89.44,90.39,95.2,70.84,87.84857142857143
2695,deberta-base,AVG+MAX_SUM-4-11,two-tokens,AVG+MAX,SUM-4-11,4,"torch.Size([61, 1536])",12,0,batch-64-nhid-0-inlayer-12,NORMAL,85.12,88.34,94.53,89.26,91.32,94.6,70.2,87.62428571428572
2696,deberta-base,AVG+AVG-NS_SUM-4-11,two-tokens,AVG+AVG-NS,SUM-4-11,4,"torch.Size([61, 1536])",12,0,batch-64-nhid-0-inlayer-12,NORMAL,86.14,89.17,95.14,89.74,92.59,95.4,75.77,89.13571428571427
2697,deberta-base,AVG+SUM-NS_SUM-4-11,two-tokens,AVG+SUM-NS,SUM-4-11,4,"torch.Size([61, 1536])",12,0,batch-64-nhid-0-inlayer-12,NORMAL,85.82,88.66,94.82,89.47,90.17,94.8,71.13,87.83857142857143
2698,deberta-base,AVG+MAX-NS_SUM-4-11,two-tokens,AVG+MAX-NS,SUM-4-11,4,"torch.Size([61, 1536])",12,0,batch-64-nhid-0-inlayer-12,NORMAL,85.06,66.04,94.51,88.84,90.5,95.4,69.33,84.24000000000001
2699,deberta-base,SUM+MAX_SUM-4-11,two-tokens,SUM+MAX,SUM-4-11,4,"torch.Size([61, 1536])",12,0,batch-64-nhid-0-inlayer-12,NORMAL,85.83,88.82,94.77,89.24,90.72,95.2,71.94,88.07428571428571
2700,deberta-base,SUM+AVG-NS_SUM-4-11,two-tokens,SUM+AVG-NS,SUM-4-11,4,"torch.Size([61, 1536])",12,0,batch-64-nhid-0-inlayer-12,NORMAL,86.02,88.72,94.7,89.5,90.77,94.8,71.65,88.02285714285713
2701,deberta-base,SUM+SUM-NS_SUM-4-11,two-tokens,SUM+SUM-NS,SUM-4-11,4,"torch.Size([61, 1536])",12,0,batch-64-nhid-0-inlayer-12,NORMAL,85.79,88.85,94.79,89.32,90.28,94.8,71.65,87.92571428571428
2702,deberta-base,SUM+MAX-NS_SUM-4-11,two-tokens,SUM+MAX-NS,SUM-4-11,4,"torch.Size([61, 1536])",12,0,batch-64-nhid-0-inlayer-12,NORMAL,85.65,80.19,94.75,76.6,90.77,95.0,71.25,84.88714285714286
2703,deberta-base,MAX+AVG-NS_SUM-4-11,two-tokens,MAX+AVG-NS,SUM-4-11,4,"torch.Size([61, 1536])",12,0,batch-64-nhid-0-inlayer-12,NORMAL,84.79,88.69,94.48,89.29,91.1,95.4,69.62,87.62428571428572
2704,deberta-base,MAX+SUM-NS_SUM-4-11,two-tokens,MAX+SUM-NS,SUM-4-11,4,"torch.Size([61, 1536])",12,0,batch-64-nhid-0-inlayer-12,NORMAL,85.89,88.53,94.83,88.87,90.99,95.4,71.3,87.97285714285714
2705,deberta-base,MAX+MAX-NS_SUM-4-11,two-tokens,MAX+MAX-NS,SUM-4-11,4,"torch.Size([61, 1536])",12,0,batch-64-nhid-0-inlayer-12,NORMAL,82.54,65.77,93.0,72.89,89.02,94.6,68.58,80.91428571428571
2706,deberta-base,AVG-NS+SUM-NS_SUM-4-11,two-tokens,AVG-NS+SUM-NS,SUM-4-11,4,"torch.Size([61, 1536])",12,0,batch-64-nhid-0-inlayer-12,NORMAL,85.89,88.72,94.76,89.25,90.94,95.2,71.01,87.96714285714286
2707,deberta-base,AVG-NS+MAX-NS_SUM-4-11,two-tokens,AVG-NS+MAX-NS,SUM-4-11,4,"torch.Size([61, 1536])",12,0,batch-64-nhid-0-inlayer-12,NORMAL,85.05,66.12,94.43,90.46,90.5,95.4,69.33,84.47000000000001
2708,deberta-base,SUM-NS+MAX-NS_SUM-4-11,two-tokens,SUM-NS+MAX-NS,SUM-4-11,4,"torch.Size([61, 1536])",12,0,batch-64-nhid-0-inlayer-12,NORMAL,85.97,83.58,94.7,75.82,90.83,95.0,71.59,85.35571428571428
2709,deberta-base,CLS+AVG_SUM-5-12,two-tokens,CLS+AVG,SUM-5-12,4,"torch.Size([61, 1536])",12,0,batch-64-nhid-0-inlayer-12,NORMAL,86.78,90.04,95.74,90.45,91.65,96.2,74.43,89.32714285714285
2710,deberta-base,CLS+SUM_SUM-5-12,two-tokens,CLS+SUM,SUM-5-12,4,"torch.Size([61, 1536])",12,0,batch-64-nhid-0-inlayer-12,NORMAL,86.0,89.06,95.19,89.75,90.88,95.6,71.01,88.21285714285715
2711,deberta-base,CLS+MAX_SUM-5-12,two-tokens,CLS+MAX,SUM-5-12,4,"torch.Size([61, 1536])",12,0,batch-64-nhid-0-inlayer-12,NORMAL,83.4,86.89,93.48,88.86,89.18,94.2,68.29,86.32857142857144
2712,deberta-base,CLS+AVG-NS_SUM-5-12,two-tokens,CLS+AVG-NS,SUM-5-12,4,"torch.Size([61, 1536])",12,0,batch-64-nhid-0-inlayer-12,NORMAL,86.76,89.67,95.81,90.47,91.49,95.6,73.91,89.10142857142857
2713,deberta-base,CLS+SUM-NS_SUM-5-12,two-tokens,CLS+SUM-NS,SUM-5-12,4,"torch.Size([61, 1536])",12,0,batch-64-nhid-0-inlayer-12,NORMAL,86.13,88.9,94.91,89.64,91.1,95.2,71.3,88.16857142857143
2714,deberta-base,CLS+MAX-NS_SUM-5-12,two-tokens,CLS+MAX-NS,SUM-5-12,4,"torch.Size([61, 1536])",12,0,batch-64-nhid-0-inlayer-12,NORMAL,83.21,68.08,93.5,89.48,89.4,94.4,68.52,83.79857142857142
2715,deberta-base,AVG+SUM_SUM-5-12,two-tokens,AVG+SUM,SUM-5-12,4,"torch.Size([61, 1536])",12,0,batch-64-nhid-0-inlayer-12,NORMAL,86.14,89.01,95.12,89.82,90.77,95.6,70.38,88.11999999999999
2716,deberta-base,AVG+MAX_SUM-5-12,two-tokens,AVG+MAX,SUM-5-12,4,"torch.Size([61, 1536])",12,0,batch-64-nhid-0-inlayer-12,NORMAL,85.17,89.27,94.9,89.31,92.09,94.2,68.35,87.61285714285715
2717,deberta-base,AVG+AVG-NS_SUM-5-12,two-tokens,AVG+AVG-NS,SUM-5-12,4,"torch.Size([61, 1536])",12,0,batch-64-nhid-0-inlayer-12,NORMAL,86.48,89.75,95.38,90.12,92.04,95.8,73.97,89.07714285714287
2718,deberta-base,AVG+SUM-NS_SUM-5-12,two-tokens,AVG+SUM-NS,SUM-5-12,4,"torch.Size([61, 1536])",12,0,batch-64-nhid-0-inlayer-12,NORMAL,86.22,88.74,95.02,89.69,90.99,95.0,70.32,87.99714285714286
2719,deberta-base,AVG+MAX-NS_SUM-5-12,two-tokens,AVG+MAX-NS,SUM-5-12,4,"torch.Size([61, 1536])",12,0,batch-64-nhid-0-inlayer-12,NORMAL,85.34,66.2,94.8,89.64,91.54,94.4,68.58,84.35714285714288
2720,deberta-base,SUM+MAX_SUM-5-12,two-tokens,SUM+MAX,SUM-5-12,4,"torch.Size([61, 1536])",12,0,batch-64-nhid-0-inlayer-12,NORMAL,85.99,89.01,95.23,89.6,91.16,95.6,70.78,88.19571428571429
2721,deberta-base,SUM+AVG-NS_SUM-5-12,two-tokens,SUM+AVG-NS,SUM-5-12,4,"torch.Size([61, 1536])",12,0,batch-64-nhid-0-inlayer-12,NORMAL,85.95,89.11,95.24,89.83,91.05,95.6,70.84,88.23142857142857
2722,deberta-base,SUM+SUM-NS_SUM-5-12,two-tokens,SUM+SUM-NS,SUM-5-12,4,"torch.Size([61, 1536])",12,0,batch-64-nhid-0-inlayer-12,NORMAL,86.11,88.87,95.02,89.64,90.5,95.2,71.07,88.05857142857144
2723,deberta-base,SUM+MAX-NS_SUM-5-12,two-tokens,SUM+MAX-NS,SUM-5-12,4,"torch.Size([61, 1536])",12,0,batch-64-nhid-0-inlayer-12,NORMAL,85.85,82.41,95.08,87.47,90.83,95.6,70.49,86.81857142857142
2724,deberta-base,MAX+AVG-NS_SUM-5-12,two-tokens,MAX+AVG-NS,SUM-5-12,4,"torch.Size([61, 1536])",12,0,batch-64-nhid-0-inlayer-12,NORMAL,85.1,89.16,94.86,88.95,91.71,94.4,69.62,87.68571428571428
2725,deberta-base,MAX+SUM-NS_SUM-5-12,two-tokens,MAX+SUM-NS,SUM-5-12,4,"torch.Size([61, 1536])",12,0,batch-64-nhid-0-inlayer-12,NORMAL,86.34,88.98,95.06,89.54,90.77,95.4,70.72,88.11571428571429
2726,deberta-base,MAX+MAX-NS_SUM-5-12,two-tokens,MAX+MAX-NS,SUM-5-12,4,"torch.Size([61, 1536])",12,0,batch-64-nhid-0-inlayer-12,NORMAL,82.68,68.05,93.09,77.61,89.02,94.8,68.29,81.9342857142857
2727,deberta-base,AVG-NS+SUM-NS_SUM-5-12,two-tokens,AVG-NS+SUM-NS,SUM-5-12,4,"torch.Size([61, 1536])",12,0,batch-64-nhid-0-inlayer-12,NORMAL,86.04,89.22,94.98,89.86,90.99,95.2,70.67,88.13714285714286
2728,deberta-base,AVG-NS+MAX-NS_SUM-5-12,two-tokens,AVG-NS+MAX-NS,SUM-5-12,4,"torch.Size([61, 1536])",12,0,batch-64-nhid-0-inlayer-12,NORMAL,85.31,66.12,94.79,72.82,91.43,95.0,69.04,82.07285714285715
2729,deberta-base,SUM-NS+MAX-NS_SUM-5-12,two-tokens,SUM-NS+MAX-NS,SUM-5-12,4,"torch.Size([61, 1536])",12,0,batch-64-nhid-0-inlayer-12,NORMAL,86.29,83.87,95.08,81.62,91.27,95.8,70.55,86.3542857142857
2730,deberta-base,CLS+AVG_SUM-1-9,two-tokens,CLS+AVG,SUM-1-9,4,"torch.Size([61, 1536])",12,0,batch-64-nhid-0-inlayer-12,NORMAL,84.47,88.82,95.15,90.15,90.12,94.6,75.42,88.39
2731,deberta-base,CLS+SUM_SUM-1-9,two-tokens,CLS+SUM,SUM-1-9,4,"torch.Size([61, 1536])",12,0,batch-64-nhid-0-inlayer-12,NORMAL,84.54,87.15,94.52,89.57,89.13,94.0,70.32,87.03285714285714
2732,deberta-base,CLS+MAX_SUM-1-9,two-tokens,CLS+MAX,SUM-1-9,4,"torch.Size([61, 1536])",12,0,batch-64-nhid-0-inlayer-12,NORMAL,80.07,82.91,92.26,88.6,86.05,94.4,67.94,84.60428571428572
2733,deberta-base,CLS+AVG-NS_SUM-1-9,two-tokens,CLS+AVG-NS,SUM-1-9,4,"torch.Size([61, 1536])",12,0,batch-64-nhid-0-inlayer-12,NORMAL,84.49,88.32,95.06,89.89,90.39,94.0,75.54,88.24142857142856
2734,deberta-base,CLS+SUM-NS_SUM-1-9,two-tokens,CLS+SUM-NS,SUM-1-9,4,"torch.Size([61, 1536])",12,0,batch-64-nhid-0-inlayer-12,NORMAL,84.31,87.15,94.41,89.43,89.02,93.6,70.09,86.85857142857142
2735,deberta-base,CLS+MAX-NS_SUM-1-9,two-tokens,CLS+MAX-NS,SUM-1-9,4,"torch.Size([61, 1536])",12,0,batch-64-nhid-0-inlayer-12,NORMAL,80.03,66.62,92.3,89.76,85.12,93.4,68.0,82.17571428571429
2736,deberta-base,AVG+SUM_SUM-1-9,two-tokens,AVG+SUM,SUM-1-9,4,"torch.Size([61, 1536])",12,0,batch-64-nhid-0-inlayer-12,NORMAL,84.61,87.21,94.63,89.25,89.24,94.0,70.78,87.10285714285715
2737,deberta-base,AVG+MAX_SUM-1-9,two-tokens,AVG+MAX,SUM-1-9,4,"torch.Size([61, 1536])",12,0,batch-64-nhid-0-inlayer-12,NORMAL,82.82,85.62,93.9,88.47,89.35,94.6,69.74,86.35714285714288
2738,deberta-base,AVG+AVG-NS_SUM-1-9,two-tokens,AVG+AVG-NS,SUM-1-9,4,"torch.Size([61, 1536])",12,0,batch-64-nhid-0-inlayer-12,NORMAL,84.44,87.71,94.96,89.32,90.83,94.8,75.54,88.22857142857141
2739,deberta-base,AVG+SUM-NS_SUM-1-9,two-tokens,AVG+SUM-NS,SUM-1-9,4,"torch.Size([61, 1536])",12,0,batch-64-nhid-0-inlayer-12,NORMAL,84.38,87.05,94.54,89.23,89.18,94.0,70.43,86.97285714285717
2740,deberta-base,AVG+MAX-NS_SUM-1-9,two-tokens,AVG+MAX-NS,SUM-1-9,4,"torch.Size([61, 1536])",12,0,batch-64-nhid-0-inlayer-12,NORMAL,83.08,67.79,94.0,89.9,89.24,95.4,69.74,84.16428571428571
2741,deberta-base,SUM+MAX_SUM-1-9,two-tokens,SUM+MAX,SUM-1-9,4,"torch.Size([61, 1536])",12,0,batch-64-nhid-0-inlayer-12,NORMAL,84.33,87.47,94.59,88.55,89.13,93.6,70.72,86.91285714285713
2742,deberta-base,SUM+AVG-NS_SUM-1-9,two-tokens,SUM+AVG-NS,SUM-1-9,4,"torch.Size([61, 1536])",12,0,batch-64-nhid-0-inlayer-12,NORMAL,84.63,87.39,94.45,88.93,89.9,93.8,70.43,87.07571428571428
2743,deberta-base,SUM+SUM-NS_SUM-1-9,two-tokens,SUM+SUM-NS,SUM-1-9,4,"torch.Size([61, 1536])",12,0,batch-64-nhid-0-inlayer-12,NORMAL,84.47,87.15,94.63,89.5,89.13,94.0,70.84,87.10285714285715
2744,deberta-base,SUM+MAX-NS_SUM-1-9,two-tokens,SUM+MAX-NS,SUM-1-9,4,"torch.Size([61, 1536])",12,0,batch-64-nhid-0-inlayer-12,NORMAL,84.12,83.26,94.65,84.19,89.68,93.8,70.84,85.79142857142857
2745,deberta-base,MAX+AVG-NS_SUM-1-9,two-tokens,MAX+AVG-NS,SUM-1-9,4,"torch.Size([61, 1536])",12,0,batch-64-nhid-0-inlayer-12,NORMAL,82.84,86.14,93.99,88.01,88.52,95.0,68.99,86.21285714285715
2746,deberta-base,MAX+SUM-NS_SUM-1-9,two-tokens,MAX+SUM-NS,SUM-1-9,4,"torch.Size([61, 1536])",12,0,batch-64-nhid-0-inlayer-12,NORMAL,84.04,87.23,94.49,88.36,89.46,94.4,70.49,86.92428571428572
2747,deberta-base,MAX+MAX-NS_SUM-1-9,two-tokens,MAX+MAX-NS,SUM-1-9,4,"torch.Size([61, 1536])",12,0,batch-64-nhid-0-inlayer-12,NORMAL,79.58,65.48,91.7,89.64,85.94,93.6,67.65,81.94142857142856
2748,deberta-base,AVG-NS+SUM-NS_SUM-1-9,two-tokens,AVG-NS+SUM-NS,SUM-1-9,4,"torch.Size([61, 1536])",12,0,batch-64-nhid-0-inlayer-12,NORMAL,84.32,87.07,94.47,88.84,89.62,94.4,70.61,87.04714285714286
2749,deberta-base,AVG-NS+MAX-NS_SUM-1-9,two-tokens,AVG-NS+MAX-NS,SUM-1-9,4,"torch.Size([61, 1536])",12,0,batch-64-nhid-0-inlayer-12,NORMAL,82.82,67.58,94.03,90.0,89.02,93.8,68.99,83.74857142857141
2750,deberta-base,SUM-NS+MAX-NS_SUM-1-9,two-tokens,SUM-NS+MAX-NS,SUM-1-9,4,"torch.Size([61, 1536])",12,0,batch-64-nhid-0-inlayer-12,NORMAL,84.19,80.66,94.52,87.77,89.9,94.0,70.26,85.89999999999999
2751,deberta-base,CLS+AVG_SUM-2-10,two-tokens,CLS+AVG,SUM-2-10,4,"torch.Size([61, 1536])",12,0,batch-64-nhid-0-inlayer-12,NORMAL,85.66,89.3,95.23,90.19,91.49,95.0,75.25,88.87428571428572
2752,deberta-base,CLS+SUM_SUM-2-10,two-tokens,CLS+SUM,SUM-2-10,4,"torch.Size([61, 1536])",12,0,batch-64-nhid-0-inlayer-12,NORMAL,85.27,88.5,94.54,89.7,90.28,94.0,70.61,87.55714285714285
2753,deberta-base,CLS+MAX_SUM-2-10,two-tokens,CLS+MAX,SUM-2-10,4,"torch.Size([61, 1536])",12,0,batch-64-nhid-0-inlayer-12,NORMAL,81.55,85.48,92.4,88.96,87.26,95.8,67.42,85.55285714285712
2754,deberta-base,CLS+AVG-NS_SUM-2-10,two-tokens,CLS+AVG-NS,SUM-2-10,4,"torch.Size([61, 1536])",12,0,batch-64-nhid-0-inlayer-12,NORMAL,85.37,89.11,95.21,90.01,91.76,95.0,75.13,88.79857142857144
2755,deberta-base,CLS+SUM-NS_SUM-2-10,two-tokens,CLS+SUM-NS,SUM-2-10,4,"torch.Size([61, 1536])",12,0,batch-64-nhid-0-inlayer-12,NORMAL,85.23,87.87,94.62,89.49,90.88,93.8,70.49,87.48285714285714
2756,deberta-base,CLS+MAX-NS_SUM-2-10,two-tokens,CLS+MAX-NS,SUM-2-10,4,"torch.Size([61, 1536])",12,0,batch-64-nhid-0-inlayer-12,NORMAL,81.49,66.99,92.45,89.52,87.31,95.6,68.06,83.06000000000002
2757,deberta-base,AVG+SUM_SUM-2-10,two-tokens,AVG+SUM,SUM-2-10,4,"torch.Size([61, 1536])",12,0,batch-64-nhid-0-inlayer-12,NORMAL,85.42,88.42,94.45,89.47,90.12,93.8,71.25,87.56142857142856
2758,deberta-base,AVG+MAX_SUM-2-10,two-tokens,AVG+MAX,SUM-2-10,4,"torch.Size([61, 1536])",12,0,batch-64-nhid-0-inlayer-12,NORMAL,84.17,87.28,94.04,89.03,89.79,95.2,69.28,86.97
2759,deberta-base,AVG+AVG-NS_SUM-2-10,two-tokens,AVG+AVG-NS,SUM-2-10,4,"torch.Size([61, 1536])",12,0,batch-64-nhid-0-inlayer-12,NORMAL,85.48,88.42,95.02,89.42,91.49,94.6,75.59,88.57428571428572
2760,deberta-base,AVG+SUM-NS_SUM-2-10,two-tokens,AVG+SUM-NS,SUM-2-10,4,"torch.Size([61, 1536])",12,0,batch-64-nhid-0-inlayer-12,NORMAL,85.24,87.92,94.76,89.35,90.55,94.6,70.78,87.6
2761,deberta-base,AVG+MAX-NS_SUM-2-10,two-tokens,AVG+MAX-NS,SUM-2-10,4,"torch.Size([61, 1536])",12,0,batch-64-nhid-0-inlayer-12,NORMAL,84.12,69.22,94.17,90.03,89.84,94.8,67.94,84.30285714285712
2762,deberta-base,SUM+MAX_SUM-2-10,two-tokens,SUM+MAX,SUM-2-10,4,"torch.Size([61, 1536])",12,0,batch-64-nhid-0-inlayer-12,NORMAL,85.19,88.37,94.57,89.31,90.55,93.4,71.88,87.61
2763,deberta-base,SUM+AVG-NS_SUM-2-10,two-tokens,SUM+AVG-NS,SUM-2-10,4,"torch.Size([61, 1536])",12,0,batch-64-nhid-0-inlayer-12,NORMAL,85.33,88.42,94.55,88.92,90.61,93.6,71.01,87.49142857142859
2764,deberta-base,SUM+SUM-NS_SUM-2-10,two-tokens,SUM+SUM-NS,SUM-2-10,4,"torch.Size([61, 1536])",12,0,batch-64-nhid-0-inlayer-12,NORMAL,85.1,88.16,94.68,89.58,90.44,94.6,71.19,87.67857142857143
2765,deberta-base,SUM+MAX-NS_SUM-2-10,two-tokens,SUM+MAX-NS,SUM-2-10,4,"torch.Size([61, 1536])",12,0,batch-64-nhid-0-inlayer-12,NORMAL,85.27,83.31,94.7,89.88,90.44,94.0,70.78,86.91142857142856
2766,deberta-base,MAX+AVG-NS_SUM-2-10,two-tokens,MAX+AVG-NS,SUM-2-10,4,"torch.Size([61, 1536])",12,0,batch-64-nhid-0-inlayer-12,NORMAL,84.25,87.34,94.08,88.87,89.95,95.4,69.86,87.10714285714286
2767,deberta-base,MAX+SUM-NS_SUM-2-10,two-tokens,MAX+SUM-NS,SUM-2-10,4,"torch.Size([61, 1536])",12,0,batch-64-nhid-0-inlayer-12,NORMAL,85.19,87.89,94.71,89.0,89.68,94.4,70.84,87.38714285714286
2768,deberta-base,MAX+MAX-NS_SUM-2-10,two-tokens,MAX+MAX-NS,SUM-2-10,4,"torch.Size([61, 1536])",12,0,batch-64-nhid-0-inlayer-12,NORMAL,81.15,67.28,92.32,85.05,87.31,96.2,68.0,82.47285714285714
2769,deberta-base,AVG-NS+SUM-NS_SUM-2-10,two-tokens,AVG-NS+SUM-NS,SUM-2-10,4,"torch.Size([61, 1536])",12,0,batch-64-nhid-0-inlayer-12,NORMAL,85.15,88.05,94.76,88.88,90.61,94.2,70.78,87.49
2770,deberta-base,AVG-NS+MAX-NS_SUM-2-10,two-tokens,AVG-NS+MAX-NS,SUM-2-10,4,"torch.Size([61, 1536])",12,0,batch-64-nhid-0-inlayer-12,NORMAL,83.71,66.17,94.34,86.92,89.79,95.6,69.74,83.75285714285714
2771,deberta-base,SUM-NS+MAX-NS_SUM-2-10,two-tokens,SUM-NS+MAX-NS,SUM-2-10,4,"torch.Size([61, 1536])",12,0,batch-64-nhid-0-inlayer-12,NORMAL,85.25,82.44,94.82,89.63,89.95,93.6,71.01,86.67142857142856
2772,deberta-base,CLS+AVG_SUM-3-11,two-tokens,CLS+AVG,SUM-3-11,4,"torch.Size([61, 1536])",12,0,batch-64-nhid-0-inlayer-12,NORMAL,86.5,89.86,95.32,90.29,91.54,95.2,75.25,89.13714285714286
2773,deberta-base,CLS+SUM_SUM-3-11,two-tokens,CLS+SUM,SUM-3-11,4,"torch.Size([61, 1536])",12,0,batch-64-nhid-0-inlayer-12,NORMAL,85.89,88.43,94.79,89.23,90.33,94.6,71.36,87.80428571428571
2774,deberta-base,CLS+MAX_SUM-3-11,two-tokens,CLS+MAX,SUM-3-11,4,"torch.Size([61, 1536])",12,0,batch-64-nhid-0-inlayer-12,NORMAL,82.41,85.27,92.96,88.96,88.36,95.4,68.23,85.94142857142857
2775,deberta-base,CLS+AVG-NS_SUM-3-11,two-tokens,CLS+AVG-NS,SUM-3-11,4,"torch.Size([61, 1536])",12,0,batch-64-nhid-0-inlayer-12,NORMAL,86.37,89.24,95.2,90.28,91.32,94.2,75.13,88.82000000000001
2776,deberta-base,CLS+SUM-NS_SUM-3-11,two-tokens,CLS+SUM-NS,SUM-3-11,4,"torch.Size([61, 1536])",12,0,batch-64-nhid-0-inlayer-12,NORMAL,85.6,88.82,94.6,89.41,90.5,94.8,70.84,87.79571428571428
2777,deberta-base,CLS+MAX-NS_SUM-3-11,two-tokens,CLS+MAX-NS,SUM-3-11,4,"torch.Size([61, 1536])",12,0,batch-64-nhid-0-inlayer-12,NORMAL,82.49,68.61,92.74,89.56,88.25,94.2,67.83,83.38285714285715
2778,deberta-base,AVG+SUM_SUM-3-11,two-tokens,AVG+SUM,SUM-3-11,4,"torch.Size([61, 1536])",12,0,batch-64-nhid-0-inlayer-12,NORMAL,85.8,88.96,94.84,89.39,90.17,94.8,71.48,87.92
2779,deberta-base,AVG+MAX_SUM-3-11,two-tokens,AVG+MAX,SUM-3-11,4,"torch.Size([61, 1536])",12,0,batch-64-nhid-0-inlayer-12,NORMAL,84.71,87.55,94.26,89.12,91.1,95.0,69.39,87.30428571428571
2780,deberta-base,AVG+AVG-NS_SUM-3-11,two-tokens,AVG+AVG-NS,SUM-3-11,4,"torch.Size([61, 1536])",12,0,batch-64-nhid-0-inlayer-12,NORMAL,86.1,89.19,94.98,89.72,92.2,94.8,75.59,88.94000000000001
2781,deberta-base,AVG+SUM-NS_SUM-3-11,two-tokens,AVG+SUM-NS,SUM-3-11,4,"torch.Size([61, 1536])",12,0,batch-64-nhid-0-inlayer-12,NORMAL,85.6,88.56,94.59,89.21,90.77,94.8,70.32,87.69285714285714
2782,deberta-base,AVG+MAX-NS_SUM-3-11,two-tokens,AVG+MAX-NS,SUM-3-11,4,"torch.Size([61, 1536])",12,0,batch-64-nhid-0-inlayer-12,NORMAL,84.59,67.41,94.33,90.19,90.61,95.2,70.03,84.62285714285714
2783,deberta-base,SUM+MAX_SUM-3-11,two-tokens,SUM+MAX,SUM-3-11,4,"torch.Size([61, 1536])",12,0,batch-64-nhid-0-inlayer-12,NORMAL,85.7,88.95,94.76,89.29,90.23,94.4,71.65,87.85428571428572
2784,deberta-base,SUM+AVG-NS_SUM-3-11,two-tokens,SUM+AVG-NS,SUM-3-11,4,"torch.Size([61, 1536])",12,0,batch-64-nhid-0-inlayer-12,NORMAL,85.78,88.79,94.77,89.29,90.55,94.8,71.71,87.9557142857143
2785,deberta-base,SUM+SUM-NS_SUM-3-11,two-tokens,SUM+SUM-NS,SUM-3-11,4,"torch.Size([61, 1536])",12,0,batch-64-nhid-0-inlayer-12,NORMAL,85.75,88.72,94.7,89.48,90.33,95.0,71.48,87.92285714285715
2786,deberta-base,SUM+MAX-NS_SUM-3-11,two-tokens,SUM+MAX-NS,SUM-3-11,4,"torch.Size([61, 1536])",12,0,batch-64-nhid-0-inlayer-12,NORMAL,85.7,84.87,94.69,80.76,90.28,95.0,72.0,86.18571428571428
2787,deberta-base,MAX+AVG-NS_SUM-3-11,two-tokens,MAX+AVG-NS,SUM-3-11,4,"torch.Size([61, 1536])",12,0,batch-64-nhid-0-inlayer-12,NORMAL,84.59,88.16,94.25,89.02,90.94,95.0,69.8,87.39428571428572
2788,deberta-base,MAX+SUM-NS_SUM-3-11,two-tokens,MAX+SUM-NS,SUM-3-11,4,"torch.Size([61, 1536])",12,0,batch-64-nhid-0-inlayer-12,NORMAL,85.69,88.56,94.56,89.07,90.66,94.6,71.25,87.77
2789,deberta-base,MAX+MAX-NS_SUM-3-11,two-tokens,MAX+MAX-NS,SUM-3-11,4,"torch.Size([61, 1536])",12,0,batch-64-nhid-0-inlayer-12,NORMAL,82.34,68.37,92.67,74.35,88.47,95.6,68.06,81.40857142857145
2790,deberta-base,AVG-NS+SUM-NS_SUM-3-11,two-tokens,AVG-NS+SUM-NS,SUM-3-11,4,"torch.Size([61, 1536])",12,0,batch-64-nhid-0-inlayer-12,NORMAL,85.7,88.58,94.6,89.05,90.61,94.8,70.61,87.70714285714287
2791,deberta-base,AVG-NS+MAX-NS_SUM-3-11,two-tokens,AVG-NS+MAX-NS,SUM-3-11,4,"torch.Size([61, 1536])",12,0,batch-64-nhid-0-inlayer-12,NORMAL,84.64,68.66,94.51,86.52,90.94,95.2,69.57,84.29142857142857
2792,deberta-base,SUM-NS+MAX-NS_SUM-3-11,two-tokens,SUM-NS+MAX-NS,SUM-3-11,4,"torch.Size([61, 1536])",12,0,batch-64-nhid-0-inlayer-12,NORMAL,85.76,83.13,94.73,81.39,90.33,94.4,70.84,85.79714285714286
2793,deberta-base,CLS+AVG_SUM-4-12,two-tokens,CLS+AVG,SUM-4-12,4,"torch.Size([61, 1536])",12,0,batch-64-nhid-0-inlayer-12,NORMAL,86.52,89.96,95.67,90.45,91.76,96.2,73.97,89.21857142857142
2794,deberta-base,CLS+SUM_SUM-4-12,two-tokens,CLS+SUM,SUM-4-12,4,"torch.Size([61, 1536])",12,0,batch-64-nhid-0-inlayer-12,NORMAL,85.86,89.27,95.1,89.81,90.28,95.2,71.25,88.11000000000001
2795,deberta-base,CLS+MAX_SUM-4-12,two-tokens,CLS+MAX,SUM-4-12,4,"torch.Size([61, 1536])",12,0,batch-64-nhid-0-inlayer-12,NORMAL,82.82,85.33,93.33,88.83,88.74,93.6,67.59,85.74857142857142
2796,deberta-base,CLS+AVG-NS_SUM-4-12,two-tokens,CLS+AVG-NS,SUM-4-12,4,"torch.Size([61, 1536])",12,0,batch-64-nhid-0-inlayer-12,NORMAL,86.55,89.67,95.72,90.39,91.65,96.4,73.51,89.12714285714286
2797,deberta-base,CLS+SUM-NS_SUM-4-12,two-tokens,CLS+SUM-NS,SUM-4-12,4,"torch.Size([61, 1536])",12,0,batch-64-nhid-0-inlayer-12,NORMAL,85.7,89.03,95.15,89.76,90.72,95.4,71.07,88.11857142857141
2798,deberta-base,CLS+MAX-NS_SUM-4-12,two-tokens,CLS+MAX-NS,SUM-4-12,4,"torch.Size([61, 1536])",12,0,batch-64-nhid-0-inlayer-12,NORMAL,82.78,65.72,93.52,79.33,89.57,93.6,67.13,81.66428571428571
2799,deberta-base,AVG+SUM_SUM-4-12,two-tokens,AVG+SUM,SUM-4-12,4,"torch.Size([61, 1536])",12,0,batch-64-nhid-0-inlayer-12,NORMAL,85.89,88.77,95.21,89.95,90.5,95.4,70.84,88.08000000000001
2800,deberta-base,AVG+MAX_SUM-4-12,two-tokens,AVG+MAX,SUM-4-12,4,"torch.Size([61, 1536])",12,0,batch-64-nhid-0-inlayer-12,NORMAL,85.03,88.69,94.59,89.49,91.49,94.2,68.99,87.49714285714286
2801,deberta-base,AVG+AVG-NS_SUM-4-12,two-tokens,AVG+AVG-NS,SUM-4-12,4,"torch.Size([61, 1536])",12,0,batch-64-nhid-0-inlayer-12,NORMAL,86.38,89.62,95.6,90.24,91.87,95.6,74.26,89.08142857142857
2802,deberta-base,AVG+SUM-NS_SUM-4-12,two-tokens,AVG+SUM-NS,SUM-4-12,4,"torch.Size([61, 1536])",12,0,batch-64-nhid-0-inlayer-12,NORMAL,85.72,89.22,95.16,89.77,90.39,95.8,70.61,88.09571428571428
2803,deberta-base,AVG+MAX-NS_SUM-4-12,two-tokens,AVG+MAX-NS,SUM-4-12,4,"torch.Size([61, 1536])",12,0,batch-64-nhid-0-inlayer-12,NORMAL,85.01,65.88,94.44,73.69,91.49,94.4,68.35,81.89428571428572
2804,deberta-base,SUM+MAX_SUM-4-12,two-tokens,SUM+MAX,SUM-4-12,4,"torch.Size([61, 1536])",12,0,batch-64-nhid-0-inlayer-12,NORMAL,85.91,89.17,95.07,89.67,90.72,95.4,70.67,88.08714285714284
2805,deberta-base,SUM+AVG-NS_SUM-4-12,two-tokens,SUM+AVG-NS,SUM-4-12,4,"torch.Size([61, 1536])",12,0,batch-64-nhid-0-inlayer-12,NORMAL,86.05,89.3,94.98,89.94,90.77,95.6,71.36,88.28571428571429
2806,deberta-base,SUM+SUM-NS_SUM-4-12,two-tokens,SUM+SUM-NS,SUM-4-12,4,"torch.Size([61, 1536])",12,0,batch-64-nhid-0-inlayer-12,NORMAL,85.84,89.48,95.0,89.69,90.5,95.4,71.01,88.13142857142857
2807,deberta-base,SUM+MAX-NS_SUM-4-12,two-tokens,SUM+MAX-NS,SUM-4-12,4,"torch.Size([61, 1536])",12,0,batch-64-nhid-0-inlayer-12,NORMAL,85.78,83.36,95.1,73.63,90.61,95.6,71.07,85.02142857142859
2808,deberta-base,MAX+AVG-NS_SUM-4-12,two-tokens,MAX+AVG-NS,SUM-4-12,4,"torch.Size([61, 1536])",12,0,batch-64-nhid-0-inlayer-12,NORMAL,84.87,88.82,94.75,89.08,91.38,94.6,68.12,87.37428571428572
2809,deberta-base,MAX+SUM-NS_SUM-4-12,two-tokens,MAX+SUM-NS,SUM-4-12,4,"torch.Size([61, 1536])",12,0,batch-64-nhid-0-inlayer-12,NORMAL,85.79,89.11,95.08,89.35,90.39,95.2,70.72,87.94857142857144
2810,deberta-base,MAX+MAX-NS_SUM-4-12,two-tokens,MAX+MAX-NS,SUM-4-12,4,"torch.Size([61, 1536])",12,0,batch-64-nhid-0-inlayer-12,NORMAL,82.45,65.75,93.23,76.67,88.63,94.0,68.17,81.27142857142857
2811,deberta-base,AVG-NS+SUM-NS_SUM-4-12,two-tokens,AVG-NS+SUM-NS,SUM-4-12,4,"torch.Size([61, 1536])",12,0,batch-64-nhid-0-inlayer-12,NORMAL,85.78,89.04,95.16,89.72,90.77,95.4,70.55,88.05999999999999
2812,deberta-base,AVG-NS+MAX-NS_SUM-4-12,two-tokens,AVG-NS+MAX-NS,SUM-4-12,4,"torch.Size([61, 1536])",12,0,batch-64-nhid-0-inlayer-12,NORMAL,84.86,65.88,94.54,84.8,91.21,95.2,67.48,83.42428571428572
2813,deberta-base,SUM-NS+MAX-NS_SUM-4-12,two-tokens,SUM-NS+MAX-NS,SUM-4-12,4,"torch.Size([61, 1536])",12,0,batch-64-nhid-0-inlayer-12,NORMAL,85.86,82.36,95.01,73.0,90.88,95.6,70.67,84.76857142857143
2814,deberta-base,CLS+AVG_SUM-1-10,two-tokens,CLS+AVG,SUM-1-10,4,"torch.Size([61, 1536])",12,0,batch-64-nhid-0-inlayer-12,NORMAL,85.44,89.38,95.2,90.02,91.32,95.4,74.72,88.78285714285714
2815,deberta-base,CLS+SUM_SUM-1-10,two-tokens,CLS+SUM,SUM-1-10,4,"torch.Size([61, 1536])",12,0,batch-64-nhid-0-inlayer-12,NORMAL,85.21,88.19,94.5,89.54,90.39,94.6,70.38,87.5442857142857
2816,deberta-base,CLS+MAX_SUM-1-10,two-tokens,CLS+MAX,SUM-1-10,4,"torch.Size([61, 1536])",12,0,batch-64-nhid-0-inlayer-12,NORMAL,81.23,83.73,92.39,88.78,86.66,94.0,67.19,84.85428571428572
2817,deberta-base,CLS+AVG-NS_SUM-1-10,two-tokens,CLS+AVG-NS,SUM-1-10,4,"torch.Size([61, 1536])",12,0,batch-64-nhid-0-inlayer-12,NORMAL,85.32,88.66,95.12,89.88,91.65,95.0,75.3,88.7042857142857
2818,deberta-base,CLS+SUM-NS_SUM-1-10,two-tokens,CLS+SUM-NS,SUM-1-10,4,"torch.Size([61, 1536])",12,0,batch-64-nhid-0-inlayer-12,NORMAL,85.09,87.81,94.63,89.66,90.61,94.2,70.67,87.52428571428571
2819,deberta-base,CLS+MAX-NS_SUM-1-10,two-tokens,CLS+MAX-NS,SUM-1-10,4,"torch.Size([61, 1536])",12,0,batch-64-nhid-0-inlayer-12,NORMAL,81.11,65.64,92.26,89.35,86.49,94.6,66.49,82.27714285714286
2820,deberta-base,AVG+SUM_SUM-1-10,two-tokens,AVG+SUM,SUM-1-10,4,"torch.Size([61, 1536])",12,0,batch-64-nhid-0-inlayer-12,NORMAL,85.2,88.11,94.53,89.43,89.9,94.6,70.78,87.50714285714287
2821,deberta-base,AVG+MAX_SUM-1-10,two-tokens,AVG+MAX,SUM-1-10,4,"torch.Size([61, 1536])",12,0,batch-64-nhid-0-inlayer-12,NORMAL,83.44,86.75,93.87,88.71,90.23,94.8,67.42,86.46
2822,deberta-base,AVG+AVG-NS_SUM-1-10,two-tokens,AVG+AVG-NS,SUM-1-10,4,"torch.Size([61, 1536])",12,0,batch-64-nhid-0-inlayer-12,NORMAL,85.19,88.72,95.06,89.28,91.65,94.4,76.29,88.65571428571427
2823,deberta-base,AVG+SUM-NS_SUM-1-10,two-tokens,AVG+SUM-NS,SUM-1-10,4,"torch.Size([61, 1536])",12,0,batch-64-nhid-0-inlayer-12,NORMAL,85.33,87.92,94.54,89.44,89.95,94.6,70.84,87.51714285714286
2824,deberta-base,AVG+MAX-NS_SUM-1-10,two-tokens,AVG+MAX-NS,SUM-1-10,4,"torch.Size([61, 1536])",12,0,batch-64-nhid-0-inlayer-12,NORMAL,83.56,69.35,93.92,89.98,90.01,94.4,67.88,84.15714285714286
2825,deberta-base,SUM+MAX_SUM-1-10,two-tokens,SUM+MAX,SUM-1-10,4,"torch.Size([61, 1536])",12,0,batch-64-nhid-0-inlayer-12,NORMAL,84.95,88.05,94.67,88.93,90.23,94.2,70.96,87.42714285714287
2826,deberta-base,SUM+AVG-NS_SUM-1-10,two-tokens,SUM+AVG-NS,SUM-1-10,4,"torch.Size([61, 1536])",12,0,batch-64-nhid-0-inlayer-12,NORMAL,85.21,88.29,94.52,88.96,90.01,94.4,70.78,87.45285714285714
2827,deberta-base,SUM+SUM-NS_SUM-1-10,two-tokens,SUM+SUM-NS,SUM-1-10,4,"torch.Size([61, 1536])",12,0,batch-64-nhid-0-inlayer-12,NORMAL,85.23,87.79,94.65,89.5,90.5,94.2,70.9,87.53857142857143
2828,deberta-base,SUM+MAX-NS_SUM-1-10,two-tokens,SUM+MAX-NS,SUM-1-10,4,"torch.Size([61, 1536])",12,0,batch-64-nhid-0-inlayer-12,NORMAL,84.83,83.24,94.72,79.69,90.55,94.6,70.84,85.49571428571429
2829,deberta-base,MAX+AVG-NS_SUM-1-10,two-tokens,MAX+AVG-NS,SUM-1-10,4,"torch.Size([61, 1536])",12,0,batch-64-nhid-0-inlayer-12,NORMAL,83.88,86.88,93.98,87.96,89.9,94.6,68.99,86.59857142857143
2830,deberta-base,MAX+SUM-NS_SUM-1-10,two-tokens,MAX+SUM-NS,SUM-1-10,4,"torch.Size([61, 1536])",12,0,batch-64-nhid-0-inlayer-12,NORMAL,85.1,87.71,94.56,88.84,90.28,94.2,70.32,87.28714285714285
2831,deberta-base,MAX+MAX-NS_SUM-1-10,two-tokens,MAX+MAX-NS,SUM-1-10,4,"torch.Size([61, 1536])",12,0,batch-64-nhid-0-inlayer-12,NORMAL,80.77,65.75,92.0,72.71,86.99,95.4,66.84,80.0657142857143
2832,deberta-base,AVG-NS+SUM-NS_SUM-1-10,two-tokens,AVG-NS+SUM-NS,SUM-1-10,4,"torch.Size([61, 1536])",12,0,batch-64-nhid-0-inlayer-12,NORMAL,85.0,88.08,94.58,88.82,90.33,93.6,70.55,87.27999999999999
2833,deberta-base,AVG-NS+MAX-NS_SUM-1-10,two-tokens,AVG-NS+MAX-NS,SUM-1-10,4,"torch.Size([61, 1536])",12,0,batch-64-nhid-0-inlayer-12,NORMAL,83.93,67.6,94.12,87.23,89.57,94.4,68.29,83.59142857142857
2834,deberta-base,SUM-NS+MAX-NS_SUM-1-10,two-tokens,SUM-NS+MAX-NS,SUM-1-10,4,"torch.Size([61, 1536])",12,0,batch-64-nhid-0-inlayer-12,NORMAL,85.07,85.24,94.63,83.49,90.99,94.0,70.43,86.26428571428573
2835,deberta-base,CLS+AVG_SUM-2-11,two-tokens,CLS+AVG,SUM-2-11,4,"torch.Size([61, 1536])",12,0,batch-64-nhid-0-inlayer-12,NORMAL,86.29,89.72,95.2,90.26,91.82,94.4,74.49,88.88285714285713
2836,deberta-base,CLS+SUM_SUM-2-11,two-tokens,CLS+SUM,SUM-2-11,4,"torch.Size([61, 1536])",12,0,batch-64-nhid-0-inlayer-12,NORMAL,85.58,88.37,94.58,89.59,90.39,94.8,71.48,87.82714285714285
2837,deberta-base,CLS+MAX_SUM-2-11,two-tokens,CLS+MAX,SUM-2-11,4,"torch.Size([61, 1536])",12,0,batch-64-nhid-0-inlayer-12,NORMAL,82.07,84.08,92.68,88.84,88.08,95.6,68.12,85.63857142857141
2838,deberta-base,CLS+AVG-NS_SUM-2-11,two-tokens,CLS+AVG-NS,SUM-2-11,4,"torch.Size([61, 1536])",12,0,batch-64-nhid-0-inlayer-12,NORMAL,86.21,89.19,95.2,90.1,91.65,95.0,74.03,88.7685714285714
2839,deberta-base,CLS+SUM-NS_SUM-2-11,two-tokens,CLS+SUM-NS,SUM-2-11,4,"torch.Size([61, 1536])",12,0,batch-64-nhid-0-inlayer-12,NORMAL,85.57,88.1,94.74,89.7,90.72,94.4,70.03,87.60857142857141
2840,deberta-base,CLS+MAX-NS_SUM-2-11,two-tokens,CLS+MAX-NS,SUM-2-11,4,"torch.Size([61, 1536])",12,0,batch-64-nhid-0-inlayer-12,NORMAL,82.16,65.75,92.77,87.32,88.03,96.0,67.48,82.78714285714285
2841,deberta-base,AVG+SUM_SUM-2-11,two-tokens,AVG+SUM,SUM-2-11,4,"torch.Size([61, 1536])",12,0,batch-64-nhid-0-inlayer-12,NORMAL,85.42,88.66,94.61,89.63,89.84,94.6,70.96,87.67428571428572
2842,deberta-base,AVG+MAX_SUM-2-11,two-tokens,AVG+MAX,SUM-2-11,4,"torch.Size([61, 1536])",12,0,batch-64-nhid-0-inlayer-12,NORMAL,84.71,87.2,94.2,88.94,90.88,95.2,68.87,87.14285714285714
2843,deberta-base,AVG+AVG-NS_SUM-2-11,two-tokens,AVG+AVG-NS,SUM-2-11,4,"torch.Size([61, 1536])",12,0,batch-64-nhid-0-inlayer-12,NORMAL,86.01,88.82,94.93,89.55,91.82,94.0,75.25,88.62571428571428
2844,deberta-base,AVG+SUM-NS_SUM-2-11,two-tokens,AVG+SUM-NS,SUM-2-11,4,"torch.Size([61, 1536])",12,0,batch-64-nhid-0-inlayer-12,NORMAL,85.54,88.32,94.66,89.56,89.95,94.6,70.32,87.56428571428572
2845,deberta-base,AVG+MAX-NS_SUM-2-11,two-tokens,AVG+MAX-NS,SUM-2-11,4,"torch.Size([61, 1536])",12,0,batch-64-nhid-0-inlayer-12,NORMAL,84.09,66.2,94.33,86.77,90.33,94.8,68.46,83.56857142857143
2846,deberta-base,SUM+MAX_SUM-2-11,two-tokens,SUM+MAX,SUM-2-11,4,"torch.Size([61, 1536])",12,0,batch-64-nhid-0-inlayer-12,NORMAL,85.63,88.8,94.6,89.39,90.44,93.8,71.42,87.72571428571428
2847,deberta-base,SUM+AVG-NS_SUM-2-11,two-tokens,SUM+AVG-NS,SUM-2-11,4,"torch.Size([61, 1536])",12,0,batch-64-nhid-0-inlayer-12,NORMAL,85.58,88.64,94.53,89.2,90.39,94.8,70.96,87.72857142857143
2848,deberta-base,SUM+SUM-NS_SUM-2-11,two-tokens,SUM+SUM-NS,SUM-2-11,4,"torch.Size([61, 1536])",12,0,batch-64-nhid-0-inlayer-12,NORMAL,85.58,88.34,94.56,89.52,90.33,94.6,71.48,87.77285714285713
2849,deberta-base,SUM+MAX-NS_SUM-2-11,two-tokens,SUM+MAX-NS,SUM-2-11,4,"torch.Size([61, 1536])",12,0,batch-64-nhid-0-inlayer-12,NORMAL,85.58,84.66,94.69,88.46,90.61,94.0,71.19,87.02714285714286
2850,deberta-base,MAX+AVG-NS_SUM-2-11,two-tokens,MAX+AVG-NS,SUM-2-11,4,"torch.Size([61, 1536])",12,0,batch-64-nhid-0-inlayer-12,NORMAL,84.58,87.05,94.14,88.83,90.83,94.8,69.04,87.03857142857142
2851,deberta-base,MAX+SUM-NS_SUM-2-11,two-tokens,MAX+SUM-NS,SUM-2-11,4,"torch.Size([61, 1536])",12,0,batch-64-nhid-0-inlayer-12,NORMAL,85.43,88.53,94.69,89.3,90.5,94.6,70.32,87.6242857142857
2852,deberta-base,MAX+MAX-NS_SUM-2-11,two-tokens,MAX+MAX-NS,SUM-2-11,4,"torch.Size([61, 1536])",12,0,batch-64-nhid-0-inlayer-12,NORMAL,81.96,65.59,92.16,74.59,88.19,95.2,68.35,80.86285714285714
2853,deberta-base,AVG-NS+SUM-NS_SUM-2-11,two-tokens,AVG-NS+SUM-NS,SUM-2-11,4,"torch.Size([61, 1536])",12,0,batch-64-nhid-0-inlayer-12,NORMAL,85.61,88.16,94.71,89.0,90.55,94.2,70.09,87.47428571428573
2854,deberta-base,AVG-NS+MAX-NS_SUM-2-11,two-tokens,AVG-NS+MAX-NS,SUM-2-11,4,"torch.Size([61, 1536])",12,0,batch-64-nhid-0-inlayer-12,NORMAL,84.22,66.28,94.28,84.36,90.72,95.4,68.93,83.4557142857143
2855,deberta-base,SUM-NS+MAX-NS_SUM-2-11,two-tokens,SUM-NS+MAX-NS,SUM-2-11,4,"torch.Size([61, 1536])",12,0,batch-64-nhid-0-inlayer-12,NORMAL,85.47,82.22,94.69,86.38,90.39,94.4,70.43,86.28285714285714
2856,deberta-base,CLS+AVG_SUM-3-12,two-tokens,CLS+AVG,SUM-3-12,4,"torch.Size([61, 1536])",12,0,batch-64-nhid-0-inlayer-12,NORMAL,86.48,89.72,95.6,90.21,91.6,95.4,73.91,88.9885714285714
2857,deberta-base,CLS+SUM_SUM-3-12,two-tokens,CLS+SUM,SUM-3-12,4,"torch.Size([61, 1536])",12,0,batch-64-nhid-0-inlayer-12,NORMAL,85.86,89.35,94.97,89.74,90.23,95.6,71.48,88.17571428571429
2858,deberta-base,CLS+MAX_SUM-3-12,two-tokens,CLS+MAX,SUM-3-12,4,"torch.Size([61, 1536])",12,0,batch-64-nhid-0-inlayer-12,NORMAL,82.66,85.3,92.91,88.89,88.41,94.2,67.65,85.71714285714286
2859,deberta-base,CLS+AVG-NS_SUM-3-12,two-tokens,CLS+AVG-NS,SUM-3-12,4,"torch.Size([61, 1536])",12,0,batch-64-nhid-0-inlayer-12,NORMAL,86.47,89.64,95.6,90.45,92.09,96.2,73.28,89.10428571428572
2860,deberta-base,CLS+SUM-NS_SUM-3-12,two-tokens,CLS+SUM-NS,SUM-3-12,4,"torch.Size([61, 1536])",12,0,batch-64-nhid-0-inlayer-12,NORMAL,86.04,88.95,94.95,89.48,90.33,94.6,70.67,87.86
2861,deberta-base,CLS+MAX-NS_SUM-3-12,two-tokens,CLS+MAX-NS,SUM-3-12,4,"torch.Size([61, 1536])",12,0,batch-64-nhid-0-inlayer-12,NORMAL,82.31,66.83,93.15,76.58,89.07,94.6,68.06,81.5142857142857
2862,deberta-base,AVG+SUM_SUM-3-12,two-tokens,AVG+SUM,SUM-3-12,4,"torch.Size([61, 1536])",12,0,batch-64-nhid-0-inlayer-12,NORMAL,85.86,89.32,95.17,89.9,89.9,95.0,70.78,87.99
2863,deberta-base,AVG+MAX_SUM-3-12,two-tokens,AVG+MAX,SUM-3-12,4,"torch.Size([61, 1536])",12,0,batch-64-nhid-0-inlayer-12,NORMAL,84.76,88.1,94.49,89.07,91.32,94.6,68.81,87.30714285714286
2864,deberta-base,AVG+AVG-NS_SUM-3-12,two-tokens,AVG+AVG-NS,SUM-3-12,4,"torch.Size([61, 1536])",12,0,batch-64-nhid-0-inlayer-12,NORMAL,86.28,89.64,95.36,90.12,91.87,95.4,73.68,88.90714285714287
2865,deberta-base,AVG+SUM-NS_SUM-3-12,two-tokens,AVG+SUM-NS,SUM-3-12,4,"torch.Size([61, 1536])",12,0,batch-64-nhid-0-inlayer-12,NORMAL,85.9,89.25,95.11,89.64,90.23,95.2,70.9,88.03285714285714
2866,deberta-base,AVG+MAX-NS_SUM-3-12,two-tokens,AVG+MAX-NS,SUM-3-12,4,"torch.Size([61, 1536])",12,0,batch-64-nhid-0-inlayer-12,NORMAL,84.81,66.06,94.53,76.12,91.38,94.6,67.94,82.2057142857143
2867,deberta-base,SUM+MAX_SUM-3-12,two-tokens,SUM+MAX,SUM-3-12,4,"torch.Size([61, 1536])",12,0,batch-64-nhid-0-inlayer-12,NORMAL,86.01,89.16,95.05,89.69,90.61,95.2,70.67,88.05571428571429
2868,deberta-base,SUM+AVG-NS_SUM-3-12,two-tokens,SUM+AVG-NS,SUM-3-12,4,"torch.Size([61, 1536])",12,0,batch-64-nhid-0-inlayer-12,NORMAL,86.0,89.24,95.04,89.79,90.61,95.6,70.14,88.06000000000002
2869,deberta-base,SUM+SUM-NS_SUM-3-12,two-tokens,SUM+SUM-NS,SUM-3-12,4,"torch.Size([61, 1536])",12,0,batch-64-nhid-0-inlayer-12,NORMAL,85.77,89.22,95.02,89.45,90.39,95.8,70.78,88.06142857142856
2870,deberta-base,SUM+MAX-NS_SUM-3-12,two-tokens,SUM+MAX-NS,SUM-3-12,4,"torch.Size([61, 1536])",12,0,batch-64-nhid-0-inlayer-12,NORMAL,85.82,83.76,95.09,83.53,90.72,95.6,70.78,86.47142857142856
2871,deberta-base,MAX+AVG-NS_SUM-3-12,two-tokens,MAX+AVG-NS,SUM-3-12,4,"torch.Size([61, 1536])",12,0,batch-64-nhid-0-inlayer-12,NORMAL,84.92,88.08,94.41,89.09,90.72,94.6,68.12,87.13428571428572
2872,deberta-base,MAX+SUM-NS_SUM-3-12,two-tokens,MAX+SUM-NS,SUM-3-12,4,"torch.Size([61, 1536])",12,0,batch-64-nhid-0-inlayer-12,NORMAL,85.69,88.85,94.86,89.49,90.44,95.2,70.55,87.86857142857141
2873,deberta-base,MAX+MAX-NS_SUM-3-12,two-tokens,MAX+MAX-NS,SUM-3-12,4,"torch.Size([61, 1536])",12,0,batch-64-nhid-0-inlayer-12,NORMAL,82.17,65.69,92.92,86.84,88.85,95.0,67.48,82.70714285714287
2874,deberta-base,AVG-NS+SUM-NS_SUM-3-12,two-tokens,AVG-NS+SUM-NS,SUM-3-12,4,"torch.Size([61, 1536])",12,0,batch-64-nhid-0-inlayer-12,NORMAL,85.97,89.04,94.93,89.78,90.28,95.2,70.55,87.96428571428571
2875,deberta-base,AVG-NS+MAX-NS_SUM-3-12,two-tokens,AVG-NS+MAX-NS,SUM-3-12,4,"torch.Size([61, 1536])",12,0,batch-64-nhid-0-inlayer-12,NORMAL,84.6,66.04,94.6,88.59,90.61,94.8,68.93,84.02428571428572
2876,deberta-base,SUM-NS+MAX-NS_SUM-3-12,two-tokens,SUM-NS+MAX-NS,SUM-3-12,4,"torch.Size([61, 1536])",12,0,batch-64-nhid-0-inlayer-12,NORMAL,85.81,81.64,95.04,86.1,90.94,95.2,70.49,86.46000000000001
2877,deberta-base,CLS+AVG_SUM-1-11,two-tokens,CLS+AVG,SUM-1-11,4,"torch.Size([61, 1536])",12,0,batch-64-nhid-0-inlayer-12,NORMAL,85.83,89.59,95.16,90.27,91.49,95.0,74.2,88.79142857142858
2878,deberta-base,CLS+SUM_SUM-1-11,two-tokens,CLS+SUM,SUM-1-11,4,"torch.Size([61, 1536])",12,0,batch-64-nhid-0-inlayer-12,NORMAL,85.54,88.51,94.55,89.47,90.44,95.2,70.96,87.81000000000002
2879,deberta-base,CLS+MAX_SUM-1-11,two-tokens,CLS+MAX,SUM-1-11,4,"torch.Size([61, 1536])",12,0,batch-64-nhid-0-inlayer-12,NORMAL,81.5,84.23,92.58,88.66,87.53,95.0,67.01,85.21571428571428
2880,deberta-base,CLS+AVG-NS_SUM-1-11,two-tokens,CLS+AVG-NS,SUM-1-11,4,"torch.Size([61, 1536])",12,0,batch-64-nhid-0-inlayer-12,NORMAL,85.85,89.27,95.13,89.91,91.71,95.0,74.96,88.83285714285714
2881,deberta-base,CLS+SUM-NS_SUM-1-11,two-tokens,CLS+SUM-NS,SUM-1-11,4,"torch.Size([61, 1536])",12,0,batch-64-nhid-0-inlayer-12,NORMAL,85.55,88.42,94.68,89.58,90.44,94.2,71.01,87.69714285714285
2882,deberta-base,CLS+MAX-NS_SUM-1-11,two-tokens,CLS+MAX-NS,SUM-1-11,4,"torch.Size([61, 1536])",12,0,batch-64-nhid-0-inlayer-12,NORMAL,81.56,67.36,92.34,81.99,86.99,95.6,67.01,81.83571428571429
2883,deberta-base,AVG+SUM_SUM-1-11,two-tokens,AVG+SUM,SUM-1-11,4,"torch.Size([61, 1536])",12,0,batch-64-nhid-0-inlayer-12,NORMAL,85.44,88.4,94.54,89.47,90.61,94.8,70.26,87.64571428571428
2884,deberta-base,AVG+MAX_SUM-1-11,two-tokens,AVG+MAX,SUM-1-11,4,"torch.Size([61, 1536])",12,0,batch-64-nhid-0-inlayer-12,NORMAL,84.32,86.94,93.91,88.78,90.88,94.4,67.3,86.64714285714284
2885,deberta-base,AVG+AVG-NS_SUM-1-11,two-tokens,AVG+AVG-NS,SUM-1-11,4,"torch.Size([61, 1536])",12,0,batch-64-nhid-0-inlayer-12,NORMAL,85.67,88.61,94.94,89.33,91.49,94.2,74.67,88.41571428571429
2886,deberta-base,AVG+SUM-NS_SUM-1-11,two-tokens,AVG+SUM-NS,SUM-1-11,4,"torch.Size([61, 1536])",12,0,batch-64-nhid-0-inlayer-12,NORMAL,85.51,88.21,94.75,89.37,90.17,94.4,69.8,87.45857142857143
2887,deberta-base,AVG+MAX-NS_SUM-1-11,two-tokens,AVG+MAX-NS,SUM-1-11,4,"torch.Size([61, 1536])",12,0,batch-64-nhid-0-inlayer-12,NORMAL,84.25,66.17,93.9,72.82,90.77,95.0,68.52,81.63285714285713
2888,deberta-base,SUM+MAX_SUM-1-11,two-tokens,SUM+MAX,SUM-1-11,4,"torch.Size([61, 1536])",12,0,batch-64-nhid-0-inlayer-12,NORMAL,85.47,88.8,94.61,89.19,90.5,94.8,70.55,87.70285714285714
2889,deberta-base,SUM+AVG-NS_SUM-1-11,two-tokens,SUM+AVG-NS,SUM-1-11,4,"torch.Size([61, 1536])",12,0,batch-64-nhid-0-inlayer-12,NORMAL,85.53,88.48,94.57,89.22,90.94,94.2,70.2,87.59142857142857
2890,deberta-base,SUM+SUM-NS_SUM-1-11,two-tokens,SUM+SUM-NS,SUM-1-11,4,"torch.Size([61, 1536])",12,0,batch-64-nhid-0-inlayer-12,NORMAL,85.45,88.05,94.58,89.56,90.39,95.0,71.36,87.77
2891,deberta-base,SUM+MAX-NS_SUM-1-11,two-tokens,SUM+MAX-NS,SUM-1-11,4,"torch.Size([61, 1536])",12,0,batch-64-nhid-0-inlayer-12,NORMAL,85.5,82.25,94.53,84.13,90.55,94.6,71.42,86.13999999999999
2892,deberta-base,MAX+AVG-NS_SUM-1-11,two-tokens,MAX+AVG-NS,SUM-1-11,4,"torch.Size([61, 1536])",12,0,batch-64-nhid-0-inlayer-12,NORMAL,84.29,86.83,94.05,87.89,90.77,95.4,68.58,86.83000000000001
2893,deberta-base,MAX+SUM-NS_SUM-1-11,two-tokens,MAX+SUM-NS,SUM-1-11,4,"torch.Size([61, 1536])",12,0,batch-64-nhid-0-inlayer-12,NORMAL,85.29,88.21,94.69,88.98,90.72,94.2,70.96,87.57857142857144
2894,deberta-base,MAX+MAX-NS_SUM-1-11,two-tokens,MAX+MAX-NS,SUM-1-11,4,"torch.Size([61, 1536])",12,0,batch-64-nhid-0-inlayer-12,NORMAL,81.45,67.23,92.01,88.62,87.2,95.8,67.36,82.80999999999999
2895,deberta-base,AVG-NS+SUM-NS_SUM-1-11,two-tokens,AVG-NS+SUM-NS,SUM-1-11,4,"torch.Size([61, 1536])",12,0,batch-64-nhid-0-inlayer-12,NORMAL,85.52,88.24,94.72,89.04,90.94,94.2,70.38,87.57714285714287
2896,deberta-base,AVG-NS+MAX-NS_SUM-1-11,two-tokens,AVG-NS+MAX-NS,SUM-1-11,4,"torch.Size([61, 1536])",12,0,batch-64-nhid-0-inlayer-12,NORMAL,84.1,66.17,93.93,72.6,90.5,94.8,68.46,81.50857142857141
2897,deberta-base,SUM-NS+MAX-NS_SUM-1-11,two-tokens,SUM-NS+MAX-NS,SUM-1-11,4,"torch.Size([61, 1536])",12,0,batch-64-nhid-0-inlayer-12,NORMAL,85.32,81.64,94.6,89.77,90.61,94.0,70.61,86.64999999999999
2898,deberta-base,CLS+AVG_SUM-2-12,two-tokens,CLS+AVG,SUM-2-12,4,"torch.Size([61, 1536])",12,0,batch-64-nhid-0-inlayer-12,NORMAL,86.37,89.86,95.49,90.23,91.76,95.2,73.91,88.97428571428573
2899,deberta-base,CLS+SUM_SUM-2-12,two-tokens,CLS+SUM,SUM-2-12,4,"torch.Size([61, 1536])",12,0,batch-64-nhid-0-inlayer-12,NORMAL,85.89,89.03,94.98,89.67,90.12,95.6,70.67,87.99428571428572
2900,deberta-base,CLS+MAX_SUM-2-12,two-tokens,CLS+MAX,SUM-2-12,4,"torch.Size([61, 1536])",12,0,batch-64-nhid-0-inlayer-12,NORMAL,82.32,84.34,93.03,89.02,88.08,94.6,68.35,85.67714285714285
2901,deberta-base,CLS+AVG-NS_SUM-2-12,two-tokens,CLS+AVG-NS,SUM-2-12,4,"torch.Size([61, 1536])",12,0,batch-64-nhid-0-inlayer-12,NORMAL,86.48,89.7,95.45,90.18,92.04,95.6,72.75,88.88571428571429
2902,deberta-base,CLS+SUM-NS_SUM-2-12,two-tokens,CLS+SUM-NS,SUM-2-12,4,"torch.Size([61, 1536])",12,0,batch-64-nhid-0-inlayer-12,NORMAL,85.71,89.3,94.85,89.54,90.72,95.0,70.55,87.95285714285714
2903,deberta-base,CLS+MAX-NS_SUM-2-12,two-tokens,CLS+MAX-NS,SUM-2-12,4,"torch.Size([61, 1536])",12,0,batch-64-nhid-0-inlayer-12,NORMAL,82.25,65.59,93.0,72.93,88.14,95.2,68.17,80.75428571428571
2904,deberta-base,AVG+SUM_SUM-2-12,two-tokens,AVG+SUM,SUM-2-12,4,"torch.Size([61, 1536])",12,0,batch-64-nhid-0-inlayer-12,NORMAL,85.92,89.08,94.98,89.77,90.33,94.6,70.49,87.88142857142857
2905,deberta-base,AVG+MAX_SUM-2-12,two-tokens,AVG+MAX,SUM-2-12,4,"torch.Size([61, 1536])",12,0,batch-64-nhid-0-inlayer-12,NORMAL,84.57,87.81,94.12,89.06,91.38,95.2,67.71,87.12142857142858
2906,deberta-base,AVG+AVG-NS_SUM-2-12,two-tokens,AVG+AVG-NS,SUM-2-12,4,"torch.Size([61, 1536])",12,0,batch-64-nhid-0-inlayer-12,NORMAL,86.24,89.3,95.1,89.99,92.04,95.6,74.09,88.90857142857143
2907,deberta-base,AVG+SUM-NS_SUM-2-12,two-tokens,AVG+SUM-NS,SUM-2-12,4,"torch.Size([61, 1536])",12,0,batch-64-nhid-0-inlayer-12,NORMAL,85.58,88.72,94.84,89.69,90.12,95.2,71.01,87.88
2908,deberta-base,AVG+MAX-NS_SUM-2-12,two-tokens,AVG+MAX-NS,SUM-2-12,4,"torch.Size([61, 1536])",12,0,batch-64-nhid-0-inlayer-12,NORMAL,84.82,67.76,94.3,72.93,90.99,95.4,68.75,82.13571428571429
2909,deberta-base,SUM+MAX_SUM-2-12,two-tokens,SUM+MAX,SUM-2-12,4,"torch.Size([61, 1536])",12,0,batch-64-nhid-0-inlayer-12,NORMAL,85.79,88.98,94.96,89.52,90.61,95.4,71.65,88.13
2910,deberta-base,SUM+AVG-NS_SUM-2-12,two-tokens,SUM+AVG-NS,SUM-2-12,4,"torch.Size([61, 1536])",12,0,batch-64-nhid-0-inlayer-12,NORMAL,85.92,89.14,94.91,89.73,90.61,95.2,70.49,88.00000000000001
2911,deberta-base,SUM+SUM-NS_SUM-2-12,two-tokens,SUM+SUM-NS,SUM-2-12,4,"torch.Size([61, 1536])",12,0,batch-64-nhid-0-inlayer-12,NORMAL,85.61,89.17,94.91,89.56,90.23,94.8,71.3,87.93999999999998
2912,deberta-base,SUM+MAX-NS_SUM-2-12,two-tokens,SUM+MAX-NS,SUM-2-12,4,"torch.Size([61, 1536])",12,0,batch-64-nhid-0-inlayer-12,NORMAL,86.02,82.62,95.08,81.11,90.94,94.8,71.07,85.94857142857141
2913,deberta-base,MAX+AVG-NS_SUM-2-12,two-tokens,MAX+AVG-NS,SUM-2-12,4,"torch.Size([61, 1536])",12,0,batch-64-nhid-0-inlayer-12,NORMAL,84.58,87.76,94.49,88.89,90.94,95.6,68.23,87.21285714285715
2914,deberta-base,MAX+SUM-NS_SUM-2-12,two-tokens,MAX+SUM-NS,SUM-2-12,4,"torch.Size([61, 1536])",12,0,batch-64-nhid-0-inlayer-12,NORMAL,85.56,89.38,95.05,89.59,90.23,94.6,70.84,87.89285714285715
2915,deberta-base,MAX+MAX-NS_SUM-2-12,two-tokens,MAX+MAX-NS,SUM-2-12,4,"torch.Size([61, 1536])",12,0,batch-64-nhid-0-inlayer-12,NORMAL,82.08,66.06,92.91,85.56,87.97,95.2,68.52,82.61428571428573
2916,deberta-base,AVG-NS+SUM-NS_SUM-2-12,two-tokens,AVG-NS+SUM-NS,SUM-2-12,4,"torch.Size([61, 1536])",12,0,batch-64-nhid-0-inlayer-12,NORMAL,85.58,89.14,94.85,89.6,90.61,95.4,70.55,87.96142857142856
2917,deberta-base,AVG-NS+MAX-NS_SUM-2-12,two-tokens,AVG-NS+MAX-NS,SUM-2-12,4,"torch.Size([61, 1536])",12,0,batch-64-nhid-0-inlayer-12,NORMAL,84.52,67.26,94.45,72.79,90.72,95.0,68.12,81.83714285714287
2918,deberta-base,SUM-NS+MAX-NS_SUM-2-12,two-tokens,SUM-NS+MAX-NS,SUM-2-12,4,"torch.Size([61, 1536])",12,0,batch-64-nhid-0-inlayer-12,NORMAL,85.65,82.2,95.04,75.31,90.55,95.0,70.14,84.84142857142857
2919,deberta-base,CLS+AVG_SUM-1-12,two-tokens,CLS+AVG,SUM-1-12,4,"torch.Size([61, 1536])",12,0,batch-64-nhid-0-inlayer-12,NORMAL,86.24,89.78,95.48,90.3,91.49,95.8,72.99,88.86857142857143
2920,deberta-base,CLS+SUM_SUM-1-12,two-tokens,CLS+SUM,SUM-1-12,4,"torch.Size([61, 1536])",12,0,batch-64-nhid-0-inlayer-12,NORMAL,85.58,88.72,94.91,89.48,90.5,94.4,70.49,87.72571428571429
2921,deberta-base,CLS+MAX_SUM-1-12,two-tokens,CLS+MAX,SUM-1-12,4,"torch.Size([61, 1536])",12,0,batch-64-nhid-0-inlayer-12,NORMAL,81.95,84.95,92.83,88.68,87.64,93.6,67.48,85.30428571428571
2922,deberta-base,CLS+AVG-NS_SUM-1-12,two-tokens,CLS+AVG-NS,SUM-1-12,4,"torch.Size([61, 1536])",12,0,batch-64-nhid-0-inlayer-12,NORMAL,86.3,89.51,95.35,90.06,92.15,95.2,73.28,88.83571428571429
2923,deberta-base,CLS+SUM-NS_SUM-1-12,two-tokens,CLS+SUM-NS,SUM-1-12,4,"torch.Size([61, 1536])",12,0,batch-64-nhid-0-inlayer-12,NORMAL,85.54,89.22,95.0,89.52,90.94,94.8,70.72,87.96285714285715
2924,deberta-base,CLS+MAX-NS_SUM-1-12,two-tokens,CLS+MAX-NS,SUM-1-12,4,"torch.Size([61, 1536])",12,0,batch-64-nhid-0-inlayer-12,NORMAL,82.01,65.61,92.57,88.47,87.92,94.8,68.58,82.85142857142857
2925,deberta-base,AVG+SUM_SUM-1-12,two-tokens,AVG+SUM,SUM-1-12,4,"torch.Size([61, 1536])",12,0,batch-64-nhid-0-inlayer-12,NORMAL,85.61,89.14,94.99,89.7,90.44,94.2,71.01,87.87
2926,deberta-base,AVG+MAX_SUM-1-12,two-tokens,AVG+MAX,SUM-1-12,4,"torch.Size([61, 1536])",12,0,batch-64-nhid-0-inlayer-12,NORMAL,84.34,86.99,93.94,88.72,91.21,94.8,69.1,87.01428571428572
2927,deberta-base,AVG+AVG-NS_SUM-1-12,two-tokens,AVG+AVG-NS,SUM-1-12,4,"torch.Size([61, 1536])",12,0,batch-64-nhid-0-inlayer-12,NORMAL,85.96,89.17,95.13,89.75,91.6,95.2,73.74,88.65
2928,deberta-base,AVG+SUM-NS_SUM-1-12,two-tokens,AVG+SUM-NS,SUM-1-12,4,"torch.Size([61, 1536])",12,0,batch-64-nhid-0-inlayer-12,NORMAL,85.47,88.85,94.97,89.59,90.5,94.8,70.67,87.83571428571427
2929,deberta-base,AVG+MAX-NS_SUM-1-12,two-tokens,AVG+MAX-NS,SUM-1-12,4,"torch.Size([61, 1536])",12,0,batch-64-nhid-0-inlayer-12,NORMAL,84.55,66.14,94.19,90.03,91.16,95.0,68.58,84.23571428571428
2930,deberta-base,SUM+MAX_SUM-1-12,two-tokens,SUM+MAX,SUM-1-12,4,"torch.Size([61, 1536])",12,0,batch-64-nhid-0-inlayer-12,NORMAL,85.54,88.93,95.06,89.39,90.44,95.4,70.38,87.87714285714286
2931,deberta-base,SUM+AVG-NS_SUM-1-12,two-tokens,SUM+AVG-NS,SUM-1-12,4,"torch.Size([61, 1536])",12,0,batch-64-nhid-0-inlayer-12,NORMAL,85.57,88.9,94.96,89.67,91.05,95.2,71.01,88.05142857142857
2932,deberta-base,SUM+SUM-NS_SUM-1-12,two-tokens,SUM+SUM-NS,SUM-1-12,4,"torch.Size([61, 1536])",12,0,batch-64-nhid-0-inlayer-12,NORMAL,85.51,89.11,94.89,89.55,90.5,95.4,70.32,87.89714285714285
2933,deberta-base,SUM+MAX-NS_SUM-1-12,two-tokens,SUM+MAX-NS,SUM-1-12,4,"torch.Size([61, 1536])",12,0,batch-64-nhid-0-inlayer-12,NORMAL,85.52,83.68,94.98,85.65,90.88,95.0,70.43,86.59142857142858
2934,deberta-base,MAX+AVG-NS_SUM-1-12,two-tokens,MAX+AVG-NS,SUM-1-12,4,"torch.Size([61, 1536])",12,0,batch-64-nhid-0-inlayer-12,NORMAL,84.46,87.44,94.18,88.27,90.72,95.4,69.22,87.09857142857142
2935,deberta-base,MAX+SUM-NS_SUM-1-12,two-tokens,MAX+SUM-NS,SUM-1-12,4,"torch.Size([61, 1536])",12,0,batch-64-nhid-0-inlayer-12,NORMAL,85.39,89.14,94.96,89.18,90.39,95.0,70.96,87.86
2936,deberta-base,MAX+MAX-NS_SUM-1-12,two-tokens,MAX+MAX-NS,SUM-1-12,4,"torch.Size([61, 1536])",12,0,batch-64-nhid-0-inlayer-12,NORMAL,81.75,66.57,92.74,88.42,88.3,95.0,67.19,82.85285714285715
2937,deberta-base,AVG-NS+SUM-NS_SUM-1-12,two-tokens,AVG-NS+SUM-NS,SUM-1-12,4,"torch.Size([61, 1536])",12,0,batch-64-nhid-0-inlayer-12,NORMAL,85.48,88.61,94.99,89.58,91.21,95.0,70.72,87.94142857142856
2938,deberta-base,AVG-NS+MAX-NS_SUM-1-12,two-tokens,AVG-NS+MAX-NS,SUM-1-12,4,"torch.Size([61, 1536])",12,0,batch-64-nhid-0-inlayer-12,NORMAL,84.64,67.76,94.18,80.01,90.99,95.6,69.04,83.17428571428572
2939,deberta-base,SUM-NS+MAX-NS_SUM-1-12,two-tokens,SUM-NS+MAX-NS,SUM-1-12,4,"torch.Size([61, 1536])",12,0,batch-64-nhid-0-inlayer-12,NORMAL,85.27,81.61,94.96,77.86,90.94,94.8,70.09,85.07571428571428
