model,pooling,out_vec_size,best_layers,epochs,nhid,qtd_layers,MR,CR,SUBJ,MPQA,SST2,TREC,MRPC
allmpnet,CLS+AVG+SUM_LYR-1,"torch.Size([61, 2304])",NORMAL,4,0,12,"{'devacc': np.float64(76.33), 'acc': np.float64(76.58), 'ndev': 10662, 'ntest': 10662}","{'devacc': np.float64(78.11), 'acc': np.float64(78.65), 'ndev': 3775, 'ntest': 3775}","{'devacc': np.float64(91.65), 'acc': np.float64(92.0), 'ndev': 10000, 'ntest': 10000}","{'devacc': np.float64(88.21), 'acc': np.float64(88.43), 'ndev': 10606, 'ntest': 10606}","{'devacc': np.float64(82.8), 'acc': 83.2, 'ndev': 872, 'ntest': 1821}","{'devacc': np.float64(82.12), 'acc': 85.8, 'ndev': 5452, 'ntest': 500}","{'devacc': np.float64(70.93), 'acc': 70.14, 'f1': 78.13, 'ndev': 4076, 'ntest': 1725}"
allmpnet,CLS+AVG+MAX_LYR-1,"torch.Size([61, 2304])",NORMAL,4,0,12,"{'devacc': np.float64(76.24), 'acc': np.float64(76.33), 'ndev': 10662, 'ntest': 10662}","{'devacc': np.float64(79.91), 'acc': np.float64(80.24), 'ndev': 3775, 'ntest': 3775}","{'devacc': np.float64(92.04), 'acc': np.float64(92.23), 'ndev': 10000, 'ntest': 10000}","{'devacc': np.float64(88.79), 'acc': np.float64(89.08), 'ndev': 10606, 'ntest': 10606}","{'devacc': np.float64(81.54), 'acc': 81.38, 'ndev': 872, 'ntest': 1821}","{'devacc': np.float64(82.59), 'acc': 87.4, 'ndev': 5452, 'ntest': 500}","{'devacc': np.float64(73.04), 'acc': 71.36, 'f1': 79.0, 'ndev': 4076, 'ntest': 1725}"
allmpnet,CLS+AVG+AVG-NS_LYR-1,"torch.Size([61, 2304])",NORMAL,4,0,12,"{'devacc': np.float64(77.92), 'acc': np.float64(77.92), 'ndev': 10662, 'ntest': 10662}","{'devacc': np.float64(81.88), 'acc': np.float64(82.68), 'ndev': 3775, 'ntest': 3775}","{'devacc': np.float64(93.27), 'acc': np.float64(93.28), 'ndev': 10000, 'ntest': 10000}","{'devacc': np.float64(89.3), 'acc': np.float64(89.45), 'ndev': 10606, 'ntest': 10606}","{'devacc': np.float64(82.91), 'acc': 81.88, 'ndev': 872, 'ntest': 1821}","{'devacc': np.float64(82.98), 'acc': 87.0, 'ndev': 5452, 'ntest': 500}","{'devacc': np.float64(73.04), 'acc': 74.78, 'f1': 82.38, 'ndev': 4076, 'ntest': 1725}"
allmpnet,CLS+AVG+SUM-NS_LYR-1,"torch.Size([61, 2304])",NORMAL,4,0,12,"{'devacc': np.float64(76.31), 'acc': np.float64(76.71), 'ndev': 10662, 'ntest': 10662}","{'devacc': np.float64(76.91), 'acc': np.float64(78.01), 'ndev': 3775, 'ntest': 3775}","{'devacc': np.float64(90.95), 'acc': np.float64(91.38), 'ndev': 10000, 'ntest': 10000}","{'devacc': np.float64(88.51), 'acc': np.float64(88.52), 'ndev': 10606, 'ntest': 10606}","{'devacc': np.float64(81.77), 'acc': 82.26, 'ndev': 872, 'ntest': 1821}","{'devacc': np.float64(75.4), 'acc': 82.2, 'ndev': 5452, 'ntest': 500}","{'devacc': np.float64(68.84), 'acc': 68.23, 'f1': 76.9, 'ndev': 4076, 'ntest': 1725}"
allmpnet,CLS+AVG+MAX-NS_LYR-1,"torch.Size([61, 2304])",NORMAL,4,0,12,"{'devacc': np.float64(76.15), 'acc': np.float64(76.47), 'ndev': 10662, 'ntest': 10662}","{'devacc': np.float64(62.82), 'acc': np.float64(65.3), 'ndev': 3775, 'ntest': 3775}","{'devacc': np.float64(91.92), 'acc': np.float64(92.11), 'ndev': 10000, 'ntest': 10000}","{'devacc': np.float64(37.7), 'acc': np.float64(37.71), 'ndev': 10606, 'ntest': 10606}","{'devacc': np.float64(49.08), 'acc': 50.08, 'ndev': 872, 'ntest': 1821}","{'devacc': np.float64(81.09), 'acc': 86.6, 'ndev': 5452, 'ntest': 500}","{'devacc': np.float64(72.42), 'acc': 71.25, 'f1': 79.0, 'ndev': 4076, 'ntest': 1725}"
allmpnet,CLS+SUM+MAX_LYR-1,"torch.Size([61, 2304])",NORMAL,4,0,12,"{'devacc': np.float64(76.14), 'acc': np.float64(76.54), 'ndev': 10662, 'ntest': 10662}","{'devacc': np.float64(78.18), 'acc': np.float64(78.12), 'ndev': 3775, 'ntest': 3775}","{'devacc': np.float64(91.54), 'acc': np.float64(91.97), 'ndev': 10000, 'ntest': 10000}","{'devacc': np.float64(87.98), 'acc': np.float64(88.08), 'ndev': 10606, 'ntest': 10606}","{'devacc': np.float64(81.77), 'acc': 83.36, 'ndev': 872, 'ntest': 1821}","{'devacc': np.float64(82.87), 'acc': 87.0, 'ndev': 5452, 'ntest': 500}","{'devacc': np.float64(71.2), 'acc': 70.55, 'f1': 78.66, 'ndev': 4076, 'ntest': 1725}"
allmpnet,CLS+SUM+AVG-NS_LYR-1,"torch.Size([61, 2304])",NORMAL,4,0,12,"{'devacc': np.float64(76.26), 'acc': np.float64(76.51), 'ndev': 10662, 'ntest': 10662}","{'devacc': np.float64(78.1), 'acc': np.float64(78.57), 'ndev': 3775, 'ntest': 3775}","{'devacc': np.float64(91.65), 'acc': np.float64(92.01), 'ndev': 10000, 'ntest': 10000}","{'devacc': np.float64(88.14), 'acc': np.float64(88.36), 'ndev': 10606, 'ntest': 10606}","{'devacc': np.float64(83.6), 'acc': 82.92, 'ndev': 872, 'ntest': 1821}","{'devacc': np.float64(82.19), 'acc': 86.2, 'ndev': 5452, 'ntest': 500}","{'devacc': np.float64(71.08), 'acc': 71.01, 'f1': 78.96, 'ndev': 4076, 'ntest': 1725}"
allmpnet,CLS+SUM+SUM-NS_LYR-1,"torch.Size([61, 2304])",NORMAL,4,0,12,"{'devacc': np.float64(76.25), 'acc': np.float64(76.69), 'ndev': 10662, 'ntest': 10662}","{'devacc': np.float64(77.57), 'acc': np.float64(78.2), 'ndev': 3775, 'ntest': 3775}","{'devacc': np.float64(90.97), 'acc': np.float64(91.31), 'ndev': 10000, 'ntest': 10000}","{'devacc': np.float64(88.0), 'acc': np.float64(88.26), 'ndev': 10606, 'ntest': 10606}","{'devacc': np.float64(82.91), 'acc': 82.65, 'ndev': 872, 'ntest': 1821}","{'devacc': np.float64(82.5), 'acc': 87.2, 'ndev': 5452, 'ntest': 500}","{'devacc': np.float64(70.39), 'acc': 68.75, 'f1': 77.09, 'ndev': 4076, 'ntest': 1725}"
allmpnet,CLS+SUM+MAX-NS_LYR-1,"torch.Size([61, 2304])",NORMAL,4,0,12,"{'devacc': np.float64(75.94), 'acc': np.float64(75.96), 'ndev': 10662, 'ntest': 10662}","{'devacc': np.float64(62.74), 'acc': np.float64(65.48), 'ndev': 3775, 'ntest': 3775}","{'devacc': np.float64(91.58), 'acc': np.float64(92.06), 'ndev': 10000, 'ntest': 10000}","{'devacc': np.float64(37.71), 'acc': np.float64(37.71), 'ndev': 10606, 'ntest': 10606}","{'devacc': np.float64(49.08), 'acc': 50.08, 'ndev': 872, 'ntest': 1821}","{'devacc': np.float64(82.89), 'acc': 86.4, 'ndev': 5452, 'ntest': 500}","{'devacc': np.float64(71.03), 'acc': 70.67, 'f1': 78.78, 'ndev': 4076, 'ntest': 1725}"
allmpnet,CLS+MAX+AVG-NS_LYR-1,"torch.Size([61, 2304])",NORMAL,4,0,12,"{'devacc': np.float64(76.4), 'acc': np.float64(76.86), 'ndev': 10662, 'ntest': 10662}","{'devacc': np.float64(80.04), 'acc': np.float64(80.34), 'ndev': 3775, 'ntest': 3775}","{'devacc': np.float64(92.14), 'acc': np.float64(92.28), 'ndev': 10000, 'ntest': 10000}","{'devacc': np.float64(88.53), 'acc': np.float64(88.54), 'ndev': 10606, 'ntest': 10606}","{'devacc': np.float64(81.54), 'acc': 79.79, 'ndev': 872, 'ntest': 1821}","{'devacc': np.float64(83.51), 'acc': 86.6, 'ndev': 5452, 'ntest': 500}","{'devacc': np.float64(72.84), 'acc': 71.71, 'f1': 79.18, 'ndev': 4076, 'ntest': 1725}"
allmpnet,CLS+MAX+SUM-NS_LYR-1,"torch.Size([61, 2304])",NORMAL,4,0,12,"{'devacc': np.float64(75.87), 'acc': np.float64(76.44), 'ndev': 10662, 'ntest': 10662}","{'devacc': np.float64(77.55), 'acc': np.float64(78.44), 'ndev': 3775, 'ntest': 3775}","{'devacc': np.float64(91.0), 'acc': np.float64(91.47), 'ndev': 10000, 'ntest': 10000}","{'devacc': np.float64(88.01), 'acc': np.float64(88.02), 'ndev': 10606, 'ntest': 10606}","{'devacc': np.float64(81.31), 'acc': 82.15, 'ndev': 872, 'ntest': 1821}","{'devacc': np.float64(79.31), 'acc': 85.6, 'ndev': 5452, 'ntest': 500}","{'devacc': np.float64(68.74), 'acc': 67.94, 'f1': 76.97, 'ndev': 4076, 'ntest': 1725}"
allmpnet,CLS+MAX+MAX-NS_LYR-1,"torch.Size([61, 2304])",NORMAL,4,0,12,"{'devacc': np.float64(72.7), 'acc': np.float64(72.96), 'ndev': 10662, 'ntest': 10662}","{'devacc': np.float64(62.72), 'acc': np.float64(65.19), 'ndev': 3775, 'ntest': 3775}","{'devacc': np.float64(89.8), 'acc': np.float64(89.89), 'ndev': 10000, 'ntest': 10000}","{'devacc': np.float64(38.02), 'acc': np.float64(37.71), 'ndev': 10606, 'ntest': 10606}","{'devacc': np.float64(49.08), 'acc': 50.08, 'ndev': 872, 'ntest': 1821}","{'devacc': np.float64(81.15), 'acc': 85.2, 'ndev': 5452, 'ntest': 500}","{'devacc': np.float64(71.49), 'acc': 69.51, 'f1': 77.64, 'ndev': 4076, 'ntest': 1725}"
allmpnet,CLS+AVG-NS+SUM-NS_LYR-1,"torch.Size([61, 2304])",NORMAL,4,0,12,"{'devacc': np.float64(75.94), 'acc': np.float64(76.26), 'ndev': 10662, 'ntest': 10662}","{'devacc': np.float64(76.62), 'acc': np.float64(77.46), 'ndev': 3775, 'ntest': 3775}","{'devacc': np.float64(90.81), 'acc': np.float64(91.21), 'ndev': 10000, 'ntest': 10000}","{'devacc': np.float64(87.31), 'acc': np.float64(87.54), 'ndev': 10606, 'ntest': 10606}","{'devacc': np.float64(81.42), 'acc': 81.93, 'ndev': 872, 'ntest': 1821}","{'devacc': np.float64(72.91), 'acc': 77.6, 'ndev': 5452, 'ntest': 500}","{'devacc': np.float64(68.89), 'acc': 67.88, 'f1': 76.62, 'ndev': 4076, 'ntest': 1725}"
allmpnet,CLS+AVG-NS+MAX-NS_LYR-1,"torch.Size([61, 2304])",NORMAL,4,0,12,"{'devacc': np.float64(75.78), 'acc': np.float64(76.13), 'ndev': 10662, 'ntest': 10662}","{'devacc': np.float64(62.77), 'acc': np.float64(65.16), 'ndev': 3775, 'ntest': 3775}","{'devacc': np.float64(91.48), 'acc': np.float64(91.61), 'ndev': 10000, 'ntest': 10000}","{'devacc': np.float64(37.7), 'acc': np.float64(37.71), 'ndev': 10606, 'ntest': 10606}","{'devacc': np.float64(49.08), 'acc': 50.08, 'ndev': 872, 'ntest': 1821}","{'devacc': np.float64(74.91), 'acc': 80.2, 'ndev': 5452, 'ntest': 500}","{'devacc': np.float64(72.18), 'acc': 70.2, 'f1': 78.11, 'ndev': 4076, 'ntest': 1725}"
allmpnet,CLS+SUM-NS+MAX-NS_LYR-1,"torch.Size([61, 2304])",NORMAL,4,0,12,"{'devacc': np.float64(75.0), 'acc': np.float64(75.24), 'ndev': 10662, 'ntest': 10662}","{'devacc': np.float64(62.55), 'acc': np.float64(65.11), 'ndev': 3775, 'ntest': 3775}","{'devacc': np.float64(90.77), 'acc': np.float64(91.23), 'ndev': 10000, 'ntest': 10000}","{'devacc': np.float64(37.7), 'acc': np.float64(37.71), 'ndev': 10606, 'ntest': 10606}","{'devacc': np.float64(49.08), 'acc': 50.08, 'ndev': 872, 'ntest': 1821}","{'devacc': np.float64(73.72), 'acc': 79.6, 'ndev': 5452, 'ntest': 500}","{'devacc': np.float64(68.96), 'acc': 68.23, 'f1': 77.01, 'ndev': 4076, 'ntest': 1725}"
allmpnet,AVG+SUM+MAX_LYR-1,"torch.Size([61, 2304])",NORMAL,4,0,12,"{'devacc': np.float64(76.14), 'acc': np.float64(76.52), 'ndev': 10662, 'ntest': 10662}","{'devacc': np.float64(78.18), 'acc': np.float64(77.91), 'ndev': 3775, 'ntest': 3775}","{'devacc': np.float64(91.54), 'acc': np.float64(92.06), 'ndev': 10000, 'ntest': 10000}","{'devacc': np.float64(87.98), 'acc': np.float64(88.16), 'ndev': 10606, 'ntest': 10606}","{'devacc': np.float64(82.0), 'acc': 83.14, 'ndev': 872, 'ntest': 1821}","{'devacc': np.float64(82.92), 'acc': 87.2, 'ndev': 5452, 'ntest': 500}","{'devacc': np.float64(70.61), 'acc': 70.09, 'f1': 77.95, 'ndev': 4076, 'ntest': 1725}"
allmpnet,AVG+SUM+AVG-NS_LYR-1,"torch.Size([61, 2304])",NORMAL,4,0,12,"{'devacc': np.float64(76.28), 'acc': np.float64(76.45), 'ndev': 10662, 'ntest': 10662}","{'devacc': np.float64(78.09), 'acc': np.float64(78.36), 'ndev': 3775, 'ntest': 3775}","{'devacc': np.float64(91.63), 'acc': np.float64(92.01), 'ndev': 10000, 'ntest': 10000}","{'devacc': np.float64(88.15), 'acc': np.float64(88.31), 'ndev': 10606, 'ntest': 10606}","{'devacc': np.float64(83.49), 'acc': 82.92, 'ndev': 872, 'ntest': 1821}","{'devacc': np.float64(82.23), 'acc': 85.8, 'ndev': 5452, 'ntest': 500}","{'devacc': np.float64(70.36), 'acc': 69.91, 'f1': 77.87, 'ndev': 4076, 'ntest': 1725}"
allmpnet,AVG+SUM+SUM-NS_LYR-1,"torch.Size([61, 2304])",NORMAL,4,0,12,"{'devacc': np.float64(76.22), 'acc': np.float64(76.72), 'ndev': 10662, 'ntest': 10662}","{'devacc': np.float64(77.59), 'acc': np.float64(77.96), 'ndev': 3775, 'ntest': 3775}","{'devacc': np.float64(90.99), 'acc': np.float64(91.38), 'ndev': 10000, 'ntest': 10000}","{'devacc': np.float64(88.1), 'acc': np.float64(88.32), 'ndev': 10606, 'ntest': 10606}","{'devacc': np.float64(82.8), 'acc': 82.43, 'ndev': 872, 'ntest': 1821}","{'devacc': np.float64(82.52), 'acc': 86.8, 'ndev': 5452, 'ntest': 500}","{'devacc': np.float64(70.29), 'acc': 70.14, 'f1': 78.15, 'ndev': 4076, 'ntest': 1725}"
allmpnet,AVG+SUM+MAX-NS_LYR-1,"torch.Size([61, 2304])",NORMAL,4,0,12,"{'devacc': np.float64(75.95), 'acc': np.float64(75.96), 'ndev': 10662, 'ntest': 10662}","{'devacc': np.float64(62.72), 'acc': np.float64(65.51), 'ndev': 3775, 'ntest': 3775}","{'devacc': np.float64(91.58), 'acc': np.float64(91.95), 'ndev': 10000, 'ntest': 10000}","{'devacc': np.float64(38.02), 'acc': np.float64(37.71), 'ndev': 10606, 'ntest': 10606}","{'devacc': np.float64(49.08), 'acc': 50.08, 'ndev': 872, 'ntest': 1821}","{'devacc': np.float64(82.85), 'acc': 87.0, 'ndev': 5452, 'ntest': 500}","{'devacc': np.float64(70.71), 'acc': 70.78, 'f1': 78.64, 'ndev': 4076, 'ntest': 1725}"
allmpnet,AVG+MAX+AVG-NS_LYR-1,"torch.Size([61, 2304])",NORMAL,4,0,12,"{'devacc': np.float64(76.82), 'acc': np.float64(77.13), 'ndev': 10662, 'ntest': 10662}","{'devacc': np.float64(80.47), 'acc': np.float64(81.01), 'ndev': 3775, 'ntest': 3775}","{'devacc': np.float64(92.64), 'acc': np.float64(92.69), 'ndev': 10000, 'ntest': 10000}","{'devacc': np.float64(88.67), 'acc': np.float64(88.78), 'ndev': 10606, 'ntest': 10606}","{'devacc': np.float64(82.11), 'acc': 81.0, 'ndev': 872, 'ntest': 1821}","{'devacc': np.float64(84.37), 'acc': 88.6, 'ndev': 5452, 'ntest': 500}","{'devacc': np.float64(73.18), 'acc': 72.35, 'f1': 79.66, 'ndev': 4076, 'ntest': 1725}"
allmpnet,AVG+MAX+SUM-NS_LYR-1,"torch.Size([61, 2304])",NORMAL,4,0,12,"{'devacc': np.float64(75.9), 'acc': np.float64(76.76), 'ndev': 10662, 'ntest': 10662}","{'devacc': np.float64(77.54), 'acc': np.float64(78.41), 'ndev': 3775, 'ntest': 3775}","{'devacc': np.float64(91.16), 'acc': np.float64(91.51), 'ndev': 10000, 'ntest': 10000}","{'devacc': np.float64(88.12), 'acc': np.float64(88.13), 'ndev': 10606, 'ntest': 10606}","{'devacc': np.float64(81.42), 'acc': 81.49, 'ndev': 872, 'ntest': 1821}","{'devacc': np.float64(79.93), 'acc': 86.0, 'ndev': 5452, 'ntest': 500}","{'devacc': np.float64(68.4), 'acc': 67.13, 'f1': 76.27, 'ndev': 4076, 'ntest': 1725}"
allmpnet,AVG+MAX+MAX-NS_LYR-1,"torch.Size([61, 2304])",NORMAL,4,0,12,"{'devacc': np.float64(75.84), 'acc': np.float64(75.98), 'ndev': 10662, 'ntest': 10662}","{'devacc': np.float64(62.92), 'acc': np.float64(65.32), 'ndev': 3775, 'ntest': 3775}","{'devacc': np.float64(91.55), 'acc': np.float64(91.66), 'ndev': 10000, 'ntest': 10000}","{'devacc': np.float64(37.7), 'acc': np.float64(37.71), 'ndev': 10606, 'ntest': 10606}","{'devacc': np.float64(49.08), 'acc': 50.08, 'ndev': 872, 'ntest': 1821}","{'devacc': np.float64(82.58), 'acc': 86.8, 'ndev': 5452, 'ntest': 500}","{'devacc': np.float64(72.28), 'acc': 71.65, 'f1': 79.11, 'ndev': 4076, 'ntest': 1725}"
allmpnet,AVG+AVG-NS+SUM-NS_LYR-1,"torch.Size([61, 2304])",NORMAL,4,0,12,"{'devacc': np.float64(76.28), 'acc': np.float64(76.47), 'ndev': 10662, 'ntest': 10662}","{'devacc': np.float64(76.95), 'acc': np.float64(77.85), 'ndev': 3775, 'ntest': 3775}","{'devacc': np.float64(91.01), 'acc': np.float64(91.45), 'ndev': 10000, 'ntest': 10000}","{'devacc': np.float64(88.3), 'acc': np.float64(88.47), 'ndev': 10606, 'ntest': 10606}","{'devacc': np.float64(82.57), 'acc': 81.71, 'ndev': 872, 'ntest': 1821}","{'devacc': np.float64(75.73), 'acc': 81.2, 'ndev': 5452, 'ntest': 500}","{'devacc': np.float64(67.25), 'acc': 66.03, 'f1': 74.94, 'ndev': 4076, 'ntest': 1725}"
allmpnet,AVG+AVG-NS+MAX-NS_LYR-1,"torch.Size([61, 2304])",NORMAL,4,0,12,"{'devacc': np.float64(76.53), 'acc': np.float64(76.59), 'ndev': 10662, 'ntest': 10662}","{'devacc': np.float64(62.94), 'acc': np.float64(65.22), 'ndev': 3775, 'ntest': 3775}","{'devacc': np.float64(92.51), 'acc': np.float64(92.94), 'ndev': 10000, 'ntest': 10000}","{'devacc': np.float64(37.7), 'acc': np.float64(37.71), 'ndev': 10606, 'ntest': 10606}","{'devacc': np.float64(49.08), 'acc': 50.08, 'ndev': 872, 'ntest': 1821}","{'devacc': np.float64(82.13), 'acc': 86.0, 'ndev': 5452, 'ntest': 500}","{'devacc': np.float64(72.77), 'acc': 72.93, 'f1': 80.19, 'ndev': 4076, 'ntest': 1725}"
allmpnet,AVG+SUM-NS+MAX-NS_LYR-1,"torch.Size([61, 2304])",NORMAL,4,0,12,"{'devacc': np.float64(75.35), 'acc': np.float64(75.78), 'ndev': 10662, 'ntest': 10662}","{'devacc': np.float64(62.52), 'acc': np.float64(65.24), 'ndev': 3775, 'ntest': 3775}","{'devacc': np.float64(91.02), 'acc': np.float64(91.32), 'ndev': 10000, 'ntest': 10000}","{'devacc': np.float64(37.7), 'acc': np.float64(37.71), 'ndev': 10606, 'ntest': 10606}","{'devacc': np.float64(49.08), 'acc': 50.08, 'ndev': 872, 'ntest': 1821}","{'devacc': np.float64(76.96), 'acc': 81.6, 'ndev': 5452, 'ntest': 500}","{'devacc': np.float64(68.08), 'acc': 67.01, 'f1': 75.61, 'ndev': 4076, 'ntest': 1725}"
allmpnet,SUM+MAX+AVG-NS_LYR-1,"torch.Size([61, 2304])",NORMAL,4,0,12,"{'devacc': np.float64(76.14), 'acc': np.float64(76.22), 'ndev': 10662, 'ntest': 10662}","{'devacc': np.float64(78.16), 'acc': np.float64(78.38), 'ndev': 3775, 'ntest': 3775}","{'devacc': np.float64(91.54), 'acc': np.float64(91.86), 'ndev': 10000, 'ntest': 10000}","{'devacc': np.float64(87.92), 'acc': np.float64(88.18), 'ndev': 10606, 'ntest': 10606}","{'devacc': np.float64(81.54), 'acc': 82.98, 'ndev': 872, 'ntest': 1821}","{'devacc': np.float64(83.05), 'acc': 87.4, 'ndev': 5452, 'ntest': 500}","{'devacc': np.float64(70.68), 'acc': 70.49, 'f1': 78.42, 'ndev': 4076, 'ntest': 1725}"
allmpnet,SUM+MAX+SUM-NS_LYR-1,"torch.Size([61, 2304])",NORMAL,4,0,12,"{'devacc': np.float64(76.09), 'acc': np.float64(76.76), 'ndev': 10662, 'ntest': 10662}","{'devacc': np.float64(77.84), 'acc': np.float64(77.99), 'ndev': 3775, 'ntest': 3775}","{'devacc': np.float64(91.09), 'acc': np.float64(91.42), 'ndev': 10000, 'ntest': 10000}","{'devacc': np.float64(87.88), 'acc': np.float64(88.25), 'ndev': 10606, 'ntest': 10606}","{'devacc': np.float64(81.77), 'acc': 82.81, 'ndev': 872, 'ntest': 1821}","{'devacc': np.float64(83.03), 'acc': 87.0, 'ndev': 5452, 'ntest': 500}","{'devacc': np.float64(69.95), 'acc': 69.74, 'f1': 77.97, 'ndev': 4076, 'ntest': 1725}"
allmpnet,SUM+MAX+MAX-NS_LYR-1,"torch.Size([61, 2304])",NORMAL,4,0,12,"{'devacc': np.float64(75.78), 'acc': np.float64(76.15), 'ndev': 10662, 'ntest': 10662}","{'devacc': np.float64(62.7), 'acc': np.float64(65.48), 'ndev': 3775, 'ntest': 3775}","{'devacc': np.float64(91.58), 'acc': np.float64(91.99), 'ndev': 10000, 'ntest': 10000}","{'devacc': np.float64(38.03), 'acc': np.float64(37.71), 'ndev': 10606, 'ntest': 10606}","{'devacc': np.float64(49.08), 'acc': 50.08, 'ndev': 872, 'ntest': 1821}","{'devacc': np.float64(83.57), 'acc': 86.4, 'ndev': 5452, 'ntest': 500}","{'devacc': np.float64(70.39), 'acc': 70.78, 'f1': 78.91, 'ndev': 4076, 'ntest': 1725}"
allmpnet,SUM+AVG-NS+SUM-NS_LYR-1,"torch.Size([61, 2304])",NORMAL,4,0,12,"{'devacc': np.float64(76.17), 'acc': np.float64(76.7), 'ndev': 10662, 'ntest': 10662}","{'devacc': np.float64(77.57), 'acc': np.float64(78.2), 'ndev': 3775, 'ntest': 3775}","{'devacc': np.float64(90.98), 'acc': np.float64(91.43), 'ndev': 10000, 'ntest': 10000}","{'devacc': np.float64(87.95), 'acc': np.float64(88.16), 'ndev': 10606, 'ntest': 10606}","{'devacc': np.float64(83.83), 'acc': 82.87, 'ndev': 872, 'ntest': 1821}","{'devacc': np.float64(82.52), 'acc': 86.8, 'ndev': 5452, 'ntest': 500}","{'devacc': np.float64(70.27), 'acc': 69.33, 'f1': 77.78, 'ndev': 4076, 'ntest': 1725}"
allmpnet,SUM+AVG-NS+MAX-NS_LYR-1,"torch.Size([61, 2304])",NORMAL,4,0,12,"{'devacc': np.float64(75.94), 'acc': np.float64(75.98), 'ndev': 10662, 'ntest': 10662}","{'devacc': np.float64(62.7), 'acc': np.float64(65.48), 'ndev': 3775, 'ntest': 3775}","{'devacc': np.float64(91.6), 'acc': np.float64(92.02), 'ndev': 10000, 'ntest': 10000}","{'devacc': np.float64(37.71), 'acc': np.float64(37.71), 'ndev': 10606, 'ntest': 10606}","{'devacc': np.float64(49.08), 'acc': 50.08, 'ndev': 872, 'ntest': 1821}","{'devacc': np.float64(82.96), 'acc': 86.8, 'ndev': 5452, 'ntest': 500}","{'devacc': np.float64(70.53), 'acc': 70.26, 'f1': 78.09, 'ndev': 4076, 'ntest': 1725}"
allmpnet,SUM+SUM-NS+MAX-NS_LYR-1,"torch.Size([61, 2304])",NORMAL,4,0,12,"{'devacc': np.float64(75.86), 'acc': np.float64(76.34), 'ndev': 10662, 'ntest': 10662}","{'devacc': np.float64(62.75), 'acc': np.float64(65.59), 'ndev': 3775, 'ntest': 3775}","{'devacc': np.float64(91.18), 'acc': np.float64(91.41), 'ndev': 10000, 'ntest': 10000}","{'devacc': np.float64(38.02), 'acc': np.float64(37.71), 'ndev': 10606, 'ntest': 10606}","{'devacc': np.float64(49.08), 'acc': 50.08, 'ndev': 872, 'ntest': 1821}","{'devacc': np.float64(83.2), 'acc': 87.6, 'ndev': 5452, 'ntest': 500}","{'devacc': np.float64(70.04), 'acc': 69.74, 'f1': 77.71, 'ndev': 4076, 'ntest': 1725}"
allmpnet,MAX+AVG-NS+SUM-NS_LYR-1,"torch.Size([61, 2304])",NORMAL,4,0,12,"{'devacc': np.float64(75.88), 'acc': np.float64(76.73), 'ndev': 10662, 'ntest': 10662}","{'devacc': np.float64(77.49), 'acc': np.float64(78.46), 'ndev': 3775, 'ntest': 3775}","{'devacc': np.float64(91.12), 'acc': np.float64(91.5), 'ndev': 10000, 'ntest': 10000}","{'devacc': np.float64(87.91), 'acc': np.float64(88.32), 'ndev': 10606, 'ntest': 10606}","{'devacc': np.float64(81.54), 'acc': 81.71, 'ndev': 872, 'ntest': 1821}","{'devacc': np.float64(79.64), 'acc': 86.2, 'ndev': 5452, 'ntest': 500}","{'devacc': np.float64(68.47), 'acc': 67.01, 'f1': 75.84, 'ndev': 4076, 'ntest': 1725}"
allmpnet,MAX+AVG-NS+MAX-NS_LYR-1,"torch.Size([61, 2304])",NORMAL,4,0,12,"{'devacc': np.float64(76.01), 'acc': np.float64(76.21), 'ndev': 10662, 'ntest': 10662}","{'devacc': np.float64(62.87), 'acc': np.float64(65.27), 'ndev': 3775, 'ntest': 3775}","{'devacc': np.float64(91.7), 'acc': np.float64(92.08), 'ndev': 10000, 'ntest': 10000}","{'devacc': np.float64(37.7), 'acc': np.float64(37.71), 'ndev': 10606, 'ntest': 10606}","{'devacc': np.float64(49.08), 'acc': 50.08, 'ndev': 872, 'ntest': 1821}","{'devacc': np.float64(82.87), 'acc': 88.2, 'ndev': 5452, 'ntest': 500}","{'devacc': np.float64(72.3), 'acc': 72.12, 'f1': 79.56, 'ndev': 4076, 'ntest': 1725}"
allmpnet,MAX+SUM-NS+MAX-NS_LYR-1,"torch.Size([61, 2304])",NORMAL,4,0,12,"{'devacc': np.float64(75.2), 'acc': np.float64(75.68), 'ndev': 10662, 'ntest': 10662}","{'devacc': np.float64(62.63), 'acc': np.float64(65.38), 'ndev': 3775, 'ntest': 3775}","{'devacc': np.float64(90.99), 'acc': np.float64(91.29), 'ndev': 10000, 'ntest': 10000}","{'devacc': np.float64(37.7), 'acc': np.float64(37.71), 'ndev': 10606, 'ntest': 10606}","{'devacc': np.float64(49.08), 'acc': 50.08, 'ndev': 872, 'ntest': 1821}","{'devacc': np.float64(79.95), 'acc': 86.0, 'ndev': 5452, 'ntest': 500}","{'devacc': np.float64(68.65), 'acc': 68.17, 'f1': 76.88, 'ndev': 4076, 'ntest': 1725}"
allmpnet,AVG-NS+SUM-NS+MAX-NS_LYR-1,"torch.Size([61, 2304])",NORMAL,4,0,12,"{'devacc': np.float64(74.98), 'acc': np.float64(75.47), 'ndev': 10662, 'ntest': 10662}","{'devacc': np.float64(62.53), 'acc': np.float64(65.16), 'ndev': 3775, 'ntest': 3775}","{'devacc': np.float64(90.84), 'acc': np.float64(91.26), 'ndev': 10000, 'ntest': 10000}","{'devacc': np.float64(37.7), 'acc': np.float64(37.71), 'ndev': 10606, 'ntest': 10606}","{'devacc': np.float64(49.08), 'acc': 50.08, 'ndev': 872, 'ntest': 1821}","{'devacc': np.float64(74.25), 'acc': 79.6, 'ndev': 5452, 'ntest': 500}","{'devacc': np.float64(68.11), 'acc': 67.3, 'f1': 76.0, 'ndev': 4076, 'ntest': 1725}"
allmpnet,CLS+AVG+SUM_LYR-2,"torch.Size([61, 2304])",NORMAL,4,0,12,"{'devacc': np.float64(78.61), 'acc': np.float64(78.71), 'ndev': 10662, 'ntest': 10662}","{'devacc': np.float64(81.23), 'acc': np.float64(82.44), 'ndev': 3775, 'ntest': 3775}","{'devacc': np.float64(92.51), 'acc': np.float64(92.69), 'ndev': 10000, 'ntest': 10000}","{'devacc': np.float64(88.58), 'acc': np.float64(88.76), 'ndev': 10606, 'ntest': 10606}","{'devacc': np.float64(82.91), 'acc': 83.96, 'ndev': 872, 'ntest': 1821}","{'devacc': np.float64(84.12), 'acc': 89.6, 'ndev': 5452, 'ntest': 500}","{'devacc': np.float64(71.49), 'acc': 71.01, 'f1': 78.43, 'ndev': 4076, 'ntest': 1725}"
allmpnet,CLS+AVG+MAX_LYR-2,"torch.Size([61, 2304])",NORMAL,4,0,12,"{'devacc': np.float64(78.35), 'acc': np.float64(78.98), 'ndev': 10662, 'ntest': 10662}","{'devacc': np.float64(83.13), 'acc': np.float64(83.2), 'ndev': 3775, 'ntest': 3775}","{'devacc': np.float64(93.58), 'acc': np.float64(93.63), 'ndev': 10000, 'ntest': 10000}","{'devacc': np.float64(89.38), 'acc': np.float64(89.61), 'ndev': 10606, 'ntest': 10606}","{'devacc': np.float64(81.08), 'acc': 83.96, 'ndev': 872, 'ntest': 1821}","{'devacc': np.float64(85.64), 'acc': 91.2, 'ndev': 5452, 'ntest': 500}","{'devacc': np.float64(73.97), 'acc': 73.39, 'f1': 80.69, 'ndev': 4076, 'ntest': 1725}"
allmpnet,CLS+AVG+AVG-NS_LYR-2,"torch.Size([61, 2304])",NORMAL,4,0,12,"{'devacc': np.float64(79.56), 'acc': np.float64(79.79), 'ndev': 10662, 'ntest': 10662}","{'devacc': np.float64(84.58), 'acc': np.float64(85.01), 'ndev': 3775, 'ntest': 3775}","{'devacc': np.float64(94.23), 'acc': np.float64(94.25), 'ndev': 10000, 'ntest': 10000}","{'devacc': np.float64(89.68), 'acc': np.float64(89.98), 'ndev': 10606, 'ntest': 10606}","{'devacc': np.float64(82.91), 'acc': 85.28, 'ndev': 872, 'ntest': 1821}","{'devacc': np.float64(85.2), 'acc': 89.2, 'ndev': 5452, 'ntest': 500}","{'devacc': np.float64(73.5), 'acc': 74.72, 'f1': 82.42, 'ndev': 4076, 'ntest': 1725}"
allmpnet,CLS+AVG+SUM-NS_LYR-2,"torch.Size([61, 2304])",NORMAL,4,0,12,"{'devacc': np.float64(77.67), 'acc': np.float64(77.75), 'ndev': 10662, 'ntest': 10662}","{'devacc': np.float64(79.92), 'acc': np.float64(80.34), 'ndev': 3775, 'ntest': 3775}","{'devacc': np.float64(91.96), 'acc': np.float64(92.09), 'ndev': 10000, 'ntest': 10000}","{'devacc': np.float64(88.87), 'acc': np.float64(89.05), 'ndev': 10606, 'ntest': 10606}","{'devacc': np.float64(82.11), 'acc': 83.53, 'ndev': 872, 'ntest': 1821}","{'devacc': np.float64(79.0), 'acc': 86.2, 'ndev': 5452, 'ntest': 500}","{'devacc': np.float64(70.27), 'acc': 69.1, 'f1': 77.29, 'ndev': 4076, 'ntest': 1725}"
allmpnet,CLS+AVG+MAX-NS_LYR-2,"torch.Size([61, 2304])",NORMAL,4,0,12,"{'devacc': np.float64(78.2), 'acc': np.float64(78.33), 'ndev': 10662, 'ntest': 10662}","{'devacc': np.float64(63.21), 'acc': np.float64(65.59), 'ndev': 3775, 'ntest': 3775}","{'devacc': np.float64(93.43), 'acc': np.float64(93.64), 'ndev': 10000, 'ntest': 10000}","{'devacc': np.float64(32.11), 'acc': np.float64(32.11), 'ndev': 10606, 'ntest': 10606}","{'devacc': np.float64(49.08), 'acc': 50.08, 'ndev': 872, 'ntest': 1821}","{'devacc': np.float64(83.24), 'acc': 88.8, 'ndev': 5452, 'ntest': 500}","{'devacc': np.float64(73.14), 'acc': 73.86, 'f1': 81.22, 'ndev': 4076, 'ntest': 1725}"
allmpnet,CLS+SUM+MAX_LYR-2,"torch.Size([61, 2304])",NORMAL,4,0,12,"{'devacc': np.float64(78.17), 'acc': np.float64(78.82), 'ndev': 10662, 'ntest': 10662}","{'devacc': np.float64(81.43), 'acc': np.float64(81.99), 'ndev': 3775, 'ntest': 3775}","{'devacc': np.float64(92.57), 'acc': np.float64(92.54), 'ndev': 10000, 'ntest': 10000}","{'devacc': np.float64(88.28), 'acc': np.float64(88.39), 'ndev': 10606, 'ntest': 10606}","{'devacc': np.float64(82.34), 'acc': 83.8, 'ndev': 872, 'ntest': 1821}","{'devacc': np.float64(84.76), 'acc': 89.4, 'ndev': 5452, 'ntest': 500}","{'devacc': np.float64(71.34), 'acc': 71.48, 'f1': 78.96, 'ndev': 4076, 'ntest': 1725}"
allmpnet,CLS+SUM+AVG-NS_LYR-2,"torch.Size([61, 2304])",NORMAL,4,0,12,"{'devacc': np.float64(78.54), 'acc': np.float64(78.9), 'ndev': 10662, 'ntest': 10662}","{'devacc': np.float64(81.15), 'acc': np.float64(82.36), 'ndev': 3775, 'ntest': 3775}","{'devacc': np.float64(92.48), 'acc': np.float64(92.67), 'ndev': 10000, 'ntest': 10000}","{'devacc': np.float64(88.44), 'acc': np.float64(88.84), 'ndev': 10606, 'ntest': 10606}","{'devacc': np.float64(82.91), 'acc': 83.96, 'ndev': 872, 'ntest': 1821}","{'devacc': np.float64(84.37), 'acc': 89.8, 'ndev': 5452, 'ntest': 500}","{'devacc': np.float64(71.47), 'acc': 71.71, 'f1': 79.15, 'ndev': 4076, 'ntest': 1725}"
allmpnet,CLS+SUM+SUM-NS_LYR-2,"torch.Size([61, 2304])",NORMAL,4,0,12,"{'devacc': np.float64(78.04), 'acc': np.float64(78.55), 'ndev': 10662, 'ntest': 10662}","{'devacc': np.float64(81.81), 'acc': np.float64(82.36), 'ndev': 3775, 'ntest': 3775}","{'devacc': np.float64(92.38), 'acc': np.float64(92.1), 'ndev': 10000, 'ntest': 10000}","{'devacc': np.float64(88.29), 'acc': np.float64(88.46), 'ndev': 10606, 'ntest': 10606}","{'devacc': np.float64(81.88), 'acc': 84.07, 'ndev': 872, 'ntest': 1821}","{'devacc': np.float64(84.67), 'acc': 91.4, 'ndev': 5452, 'ntest': 500}","{'devacc': np.float64(71.91), 'acc': 72.52, 'f1': 79.57, 'ndev': 4076, 'ntest': 1725}"
allmpnet,CLS+SUM+MAX-NS_LYR-2,"torch.Size([61, 2304])",NORMAL,4,0,12,"{'devacc': np.float64(78.17), 'acc': np.float64(78.74), 'ndev': 10662, 'ntest': 10662}","{'devacc': np.float64(63.28), 'acc': np.float64(65.54), 'ndev': 3775, 'ntest': 3775}","{'devacc': np.float64(92.61), 'acc': np.float64(92.56), 'ndev': 10000, 'ntest': 10000}","{'devacc': np.float64(32.48), 'acc': np.float64(32.12), 'ndev': 10606, 'ntest': 10606}","{'devacc': np.float64(49.08), 'acc': 50.08, 'ndev': 872, 'ntest': 1821}","{'devacc': np.float64(84.63), 'acc': 89.8, 'ndev': 5452, 'ntest': 500}","{'devacc': np.float64(71.47), 'acc': 71.54, 'f1': 79.06, 'ndev': 4076, 'ntest': 1725}"
allmpnet,CLS+MAX+AVG-NS_LYR-2,"torch.Size([61, 2304])",NORMAL,4,0,12,"{'devacc': np.float64(78.12), 'acc': np.float64(78.59), 'ndev': 10662, 'ntest': 10662}","{'devacc': np.float64(83.1), 'acc': np.float64(83.66), 'ndev': 3775, 'ntest': 3775}","{'devacc': np.float64(93.52), 'acc': np.float64(93.55), 'ndev': 10000, 'ntest': 10000}","{'devacc': np.float64(89.04), 'acc': np.float64(89.04), 'ndev': 10606, 'ntest': 10606}","{'devacc': np.float64(79.36), 'acc': 81.49, 'ndev': 872, 'ntest': 1821}","{'devacc': np.float64(85.78), 'acc': 90.2, 'ndev': 5452, 'ntest': 500}","{'devacc': np.float64(73.28), 'acc': 71.71, 'f1': 79.41, 'ndev': 4076, 'ntest': 1725}"
allmpnet,CLS+MAX+SUM-NS_LYR-2,"torch.Size([61, 2304])",NORMAL,4,0,12,"{'devacc': np.float64(77.34), 'acc': np.float64(77.71), 'ndev': 10662, 'ntest': 10662}","{'devacc': np.float64(80.46), 'acc': np.float64(80.58), 'ndev': 3775, 'ntest': 3775}","{'devacc': np.float64(92.19), 'acc': np.float64(92.17), 'ndev': 10000, 'ntest': 10000}","{'devacc': np.float64(88.3), 'acc': np.float64(88.54), 'ndev': 10606, 'ntest': 10606}","{'devacc': np.float64(80.85), 'acc': 83.8, 'ndev': 872, 'ntest': 1821}","{'devacc': np.float64(81.97), 'acc': 88.4, 'ndev': 5452, 'ntest': 500}","{'devacc': np.float64(70.14), 'acc': 70.72, 'f1': 78.5, 'ndev': 4076, 'ntest': 1725}"
allmpnet,CLS+MAX+MAX-NS_LYR-2,"torch.Size([61, 2304])",NORMAL,4,0,12,"{'devacc': np.float64(74.56), 'acc': np.float64(74.87), 'ndev': 10662, 'ntest': 10662}","{'devacc': np.float64(63.05), 'acc': np.float64(65.61), 'ndev': 3775, 'ntest': 3775}","{'devacc': np.float64(92.02), 'acc': np.float64(91.98), 'ndev': 10000, 'ntest': 10000}","{'devacc': np.float64(32.48), 'acc': np.float64(32.11), 'ndev': 10606, 'ntest': 10606}","{'devacc': np.float64(49.08), 'acc': 50.08, 'ndev': 872, 'ntest': 1821}","{'devacc': np.float64(84.5), 'acc': 89.6, 'ndev': 5452, 'ntest': 500}","{'devacc': np.float64(73.01), 'acc': 73.04, 'f1': 80.5, 'ndev': 4076, 'ntest': 1725}"
allmpnet,CLS+AVG-NS+SUM-NS_LYR-2,"torch.Size([61, 2304])",NORMAL,4,0,12,"{'devacc': np.float64(77.32), 'acc': np.float64(77.54), 'ndev': 10662, 'ntest': 10662}","{'devacc': np.float64(79.43), 'acc': np.float64(79.58), 'ndev': 3775, 'ntest': 3775}","{'devacc': np.float64(91.86), 'acc': np.float64(91.89), 'ndev': 10000, 'ntest': 10000}","{'devacc': np.float64(87.89), 'acc': np.float64(87.89), 'ndev': 10606, 'ntest': 10606}","{'devacc': np.float64(81.31), 'acc': 83.31, 'ndev': 872, 'ntest': 1821}","{'devacc': np.float64(77.64), 'acc': 85.0, 'ndev': 5452, 'ntest': 500}","{'devacc': np.float64(70.19), 'acc': 70.61, 'f1': 78.74, 'ndev': 4076, 'ntest': 1725}"
allmpnet,CLS+AVG-NS+MAX-NS_LYR-2,"torch.Size([61, 2304])",NORMAL,4,0,12,"{'devacc': np.float64(77.5), 'acc': np.float64(78.08), 'ndev': 10662, 'ntest': 10662}","{'devacc': np.float64(63.01), 'acc': np.float64(65.51), 'ndev': 3775, 'ntest': 3775}","{'devacc': np.float64(93.03), 'acc': np.float64(93.05), 'ndev': 10000, 'ntest': 10000}","{'devacc': np.float64(32.11), 'acc': np.float64(32.11), 'ndev': 10606, 'ntest': 10606}","{'devacc': np.float64(49.08), 'acc': 50.08, 'ndev': 872, 'ntest': 1821}","{'devacc': np.float64(79.86), 'acc': 88.2, 'ndev': 5452, 'ntest': 500}","{'devacc': np.float64(72.55), 'acc': 72.35, 'f1': 79.9, 'ndev': 4076, 'ntest': 1725}"
allmpnet,CLS+SUM-NS+MAX-NS_LYR-2,"torch.Size([61, 2304])",NORMAL,4,0,12,"{'devacc': np.float64(76.92), 'acc': np.float64(77.13), 'ndev': 10662, 'ntest': 10662}","{'devacc': np.float64(62.92), 'acc': np.float64(65.27), 'ndev': 3775, 'ntest': 3775}","{'devacc': np.float64(91.93), 'acc': np.float64(91.89), 'ndev': 10000, 'ntest': 10000}","{'devacc': np.float64(32.48), 'acc': np.float64(32.11), 'ndev': 10606, 'ntest': 10606}","{'devacc': np.float64(49.08), 'acc': 50.08, 'ndev': 872, 'ntest': 1821}","{'devacc': np.float64(79.02), 'acc': 85.8, 'ndev': 5452, 'ntest': 500}","{'devacc': np.float64(70.12), 'acc': 70.43, 'f1': 78.26, 'ndev': 4076, 'ntest': 1725}"
allmpnet,AVG+SUM+MAX_LYR-2,"torch.Size([61, 2304])",NORMAL,4,0,12,"{'devacc': np.float64(78.15), 'acc': np.float64(78.65), 'ndev': 10662, 'ntest': 10662}","{'devacc': np.float64(81.35), 'acc': np.float64(81.88), 'ndev': 3775, 'ntest': 3775}","{'devacc': np.float64(92.57), 'acc': np.float64(92.57), 'ndev': 10000, 'ntest': 10000}","{'devacc': np.float64(88.38), 'acc': np.float64(88.57), 'ndev': 10606, 'ntest': 10606}","{'devacc': np.float64(82.45), 'acc': 83.53, 'ndev': 872, 'ntest': 1821}","{'devacc': np.float64(84.76), 'acc': 90.0, 'ndev': 5452, 'ntest': 500}","{'devacc': np.float64(70.85), 'acc': 70.72, 'f1': 78.17, 'ndev': 4076, 'ntest': 1725}"
allmpnet,AVG+SUM+AVG-NS_LYR-2,"torch.Size([61, 2304])",NORMAL,4,0,12,"{'devacc': np.float64(78.53), 'acc': np.float64(78.89), 'ndev': 10662, 'ntest': 10662}","{'devacc': np.float64(81.09), 'acc': np.float64(82.41), 'ndev': 3775, 'ntest': 3775}","{'devacc': np.float64(92.49), 'acc': np.float64(92.63), 'ndev': 10000, 'ntest': 10000}","{'devacc': np.float64(88.53), 'acc': np.float64(88.86), 'ndev': 10606, 'ntest': 10606}","{'devacc': np.float64(82.91), 'acc': 83.86, 'ndev': 872, 'ntest': 1821}","{'devacc': np.float64(84.32), 'acc': 90.2, 'ndev': 5452, 'ntest': 500}","{'devacc': np.float64(70.95), 'acc': 70.67, 'f1': 78.19, 'ndev': 4076, 'ntest': 1725}"
allmpnet,AVG+SUM+SUM-NS_LYR-2,"torch.Size([61, 2304])",NORMAL,4,0,12,"{'devacc': np.float64(78.06), 'acc': np.float64(78.49), 'ndev': 10662, 'ntest': 10662}","{'devacc': np.float64(81.8), 'acc': np.float64(82.2), 'ndev': 3775, 'ntest': 3775}","{'devacc': np.float64(92.39), 'acc': np.float64(92.24), 'ndev': 10000, 'ntest': 10000}","{'devacc': np.float64(88.39), 'acc': np.float64(88.58), 'ndev': 10606, 'ntest': 10606}","{'devacc': np.float64(82.8), 'acc': 84.4, 'ndev': 872, 'ntest': 1821}","{'devacc': np.float64(84.85), 'acc': 90.6, 'ndev': 5452, 'ntest': 500}","{'devacc': np.float64(70.29), 'acc': 70.96, 'f1': 78.25, 'ndev': 4076, 'ntest': 1725}"
allmpnet,AVG+SUM+MAX-NS_LYR-2,"torch.Size([61, 2304])",NORMAL,4,0,12,"{'devacc': np.float64(78.16), 'acc': np.float64(78.75), 'ndev': 10662, 'ntest': 10662}","{'devacc': np.float64(63.29), 'acc': np.float64(65.46), 'ndev': 3775, 'ntest': 3775}","{'devacc': np.float64(92.63), 'acc': np.float64(92.58), 'ndev': 10000, 'ntest': 10000}","{'devacc': np.float64(32.48), 'acc': np.float64(32.12), 'ndev': 10606, 'ntest': 10606}","{'devacc': np.float64(49.08), 'acc': 50.08, 'ndev': 872, 'ntest': 1821}","{'devacc': np.float64(84.7), 'acc': 90.4, 'ndev': 5452, 'ntest': 500}","{'devacc': np.float64(71.3), 'acc': 70.67, 'f1': 78.02, 'ndev': 4076, 'ntest': 1725}"
allmpnet,AVG+MAX+AVG-NS_LYR-2,"torch.Size([61, 2304])",NORMAL,4,0,12,"{'devacc': np.float64(78.82), 'acc': np.float64(79.26), 'ndev': 10662, 'ntest': 10662}","{'devacc': np.float64(83.79), 'acc': np.float64(84.08), 'ndev': 3775, 'ntest': 3775}","{'devacc': np.float64(94.0), 'acc': np.float64(93.91), 'ndev': 10000, 'ntest': 10000}","{'devacc': np.float64(89.21), 'acc': np.float64(89.41), 'ndev': 10606, 'ntest': 10606}","{'devacc': np.float64(80.39), 'acc': 82.81, 'ndev': 872, 'ntest': 1821}","{'devacc': np.float64(86.59), 'acc': 90.0, 'ndev': 5452, 'ntest': 500}","{'devacc': np.float64(73.6), 'acc': 72.41, 'f1': 80.07, 'ndev': 4076, 'ntest': 1725}"
allmpnet,AVG+MAX+SUM-NS_LYR-2,"torch.Size([61, 2304])",NORMAL,4,0,12,"{'devacc': np.float64(77.51), 'acc': np.float64(77.62), 'ndev': 10662, 'ntest': 10662}","{'devacc': np.float64(80.71), 'acc': np.float64(80.8), 'ndev': 3775, 'ntest': 3775}","{'devacc': np.float64(92.28), 'acc': np.float64(92.24), 'ndev': 10000, 'ntest': 10000}","{'devacc': np.float64(88.48), 'acc': np.float64(88.73), 'ndev': 10606, 'ntest': 10606}","{'devacc': np.float64(81.31), 'acc': 83.96, 'ndev': 872, 'ntest': 1821}","{'devacc': np.float64(82.23), 'acc': 88.6, 'ndev': 5452, 'ntest': 500}","{'devacc': np.float64(70.24), 'acc': 70.38, 'f1': 78.21, 'ndev': 4076, 'ntest': 1725}"
allmpnet,AVG+MAX+MAX-NS_LYR-2,"torch.Size([61, 2304])",NORMAL,4,0,12,"{'devacc': np.float64(77.65), 'acc': np.float64(78.29), 'ndev': 10662, 'ntest': 10662}","{'devacc': np.float64(63.18), 'acc': np.float64(65.61), 'ndev': 3775, 'ntest': 3775}","{'devacc': np.float64(93.18), 'acc': np.float64(93.16), 'ndev': 10000, 'ntest': 10000}","{'devacc': np.float64(32.11), 'acc': np.float64(32.11), 'ndev': 10606, 'ntest': 10606}","{'devacc': np.float64(49.08), 'acc': 50.08, 'ndev': 872, 'ntest': 1821}","{'devacc': np.float64(85.67), 'acc': 90.0, 'ndev': 5452, 'ntest': 500}","{'devacc': np.float64(73.01), 'acc': 72.7, 'f1': 80.12, 'ndev': 4076, 'ntest': 1725}"
allmpnet,AVG+AVG-NS+SUM-NS_LYR-2,"torch.Size([61, 2304])",NORMAL,4,0,12,"{'devacc': np.float64(77.58), 'acc': np.float64(77.89), 'ndev': 10662, 'ntest': 10662}","{'devacc': np.float64(79.92), 'acc': np.float64(80.27), 'ndev': 3775, 'ntest': 3775}","{'devacc': np.float64(92.05), 'acc': np.float64(92.12), 'ndev': 10000, 'ntest': 10000}","{'devacc': np.float64(88.57), 'acc': np.float64(88.87), 'ndev': 10606, 'ntest': 10606}","{'devacc': np.float64(81.88), 'acc': 83.75, 'ndev': 872, 'ntest': 1821}","{'devacc': np.float64(79.02), 'acc': 86.8, 'ndev': 5452, 'ntest': 500}","{'devacc': np.float64(68.84), 'acc': 68.99, 'f1': 77.03, 'ndev': 4076, 'ntest': 1725}"
allmpnet,AVG+AVG-NS+MAX-NS_LYR-2,"torch.Size([61, 2304])",NORMAL,4,0,12,"{'devacc': np.float64(78.65), 'acc': np.float64(79.04), 'ndev': 10662, 'ntest': 10662}","{'devacc': np.float64(63.29), 'acc': np.float64(65.64), 'ndev': 3775, 'ntest': 3775}","{'devacc': np.float64(93.84), 'acc': np.float64(94.0), 'ndev': 10000, 'ntest': 10000}","{'devacc': np.float64(32.11), 'acc': np.float64(32.11), 'ndev': 10606, 'ntest': 10606}","{'devacc': np.float64(49.08), 'acc': 50.08, 'ndev': 872, 'ntest': 1821}","{'devacc': np.float64(84.21), 'acc': 90.8, 'ndev': 5452, 'ntest': 500}","{'devacc': np.float64(72.89), 'acc': 72.99, 'f1': 80.27, 'ndev': 4076, 'ntest': 1725}"
allmpnet,AVG+SUM-NS+MAX-NS_LYR-2,"torch.Size([61, 2304])",NORMAL,4,0,12,"{'devacc': np.float64(77.23), 'acc': np.float64(77.33), 'ndev': 10662, 'ntest': 10662}","{'devacc': np.float64(62.97), 'acc': np.float64(65.3), 'ndev': 3775, 'ntest': 3775}","{'devacc': np.float64(92.11), 'acc': np.float64(92.17), 'ndev': 10000, 'ntest': 10000}","{'devacc': np.float64(32.11), 'acc': np.float64(32.11), 'ndev': 10606, 'ntest': 10606}","{'devacc': np.float64(49.08), 'acc': 50.08, 'ndev': 872, 'ntest': 1821}","{'devacc': np.float64(80.36), 'acc': 87.8, 'ndev': 5452, 'ntest': 500}","{'devacc': np.float64(70.02), 'acc': 69.22, 'f1': 77.41, 'ndev': 4076, 'ntest': 1725}"
allmpnet,SUM+MAX+AVG-NS_LYR-2,"torch.Size([61, 2304])",NORMAL,4,0,12,"{'devacc': np.float64(78.17), 'acc': np.float64(78.52), 'ndev': 10662, 'ntest': 10662}","{'devacc': np.float64(81.42), 'acc': np.float64(81.8), 'ndev': 3775, 'ntest': 3775}","{'devacc': np.float64(92.58), 'acc': np.float64(92.65), 'ndev': 10000, 'ntest': 10000}","{'devacc': np.float64(88.39), 'acc': np.float64(88.63), 'ndev': 10606, 'ntest': 10606}","{'devacc': np.float64(82.8), 'acc': 83.53, 'ndev': 872, 'ntest': 1821}","{'devacc': np.float64(85.16), 'acc': 90.0, 'ndev': 5452, 'ntest': 500}","{'devacc': np.float64(71.03), 'acc': 70.9, 'f1': 78.45, 'ndev': 4076, 'ntest': 1725}"
allmpnet,SUM+MAX+SUM-NS_LYR-2,"torch.Size([61, 2304])",NORMAL,4,0,12,"{'devacc': np.float64(77.94), 'acc': np.float64(78.64), 'ndev': 10662, 'ntest': 10662}","{'devacc': np.float64(82.01), 'acc': np.float64(82.23), 'ndev': 3775, 'ntest': 3775}","{'devacc': np.float64(92.57), 'acc': np.float64(92.4), 'ndev': 10000, 'ntest': 10000}","{'devacc': np.float64(88.29), 'acc': np.float64(88.6), 'ndev': 10606, 'ntest': 10606}","{'devacc': np.float64(82.57), 'acc': 84.57, 'ndev': 872, 'ntest': 1821}","{'devacc': np.float64(85.34), 'acc': 90.6, 'ndev': 5452, 'ntest': 500}","{'devacc': np.float64(70.78), 'acc': 71.25, 'f1': 78.42, 'ndev': 4076, 'ntest': 1725}"
allmpnet,SUM+MAX+MAX-NS_LYR-2,"torch.Size([61, 2304])",NORMAL,4,0,12,"{'devacc': np.float64(77.87), 'acc': np.float64(78.24), 'ndev': 10662, 'ntest': 10662}","{'devacc': np.float64(63.28), 'acc': np.float64(65.48), 'ndev': 3775, 'ntest': 3775}","{'devacc': np.float64(92.71), 'acc': np.float64(92.81), 'ndev': 10000, 'ntest': 10000}","{'devacc': np.float64(32.48), 'acc': np.float64(32.12), 'ndev': 10606, 'ntest': 10606}","{'devacc': np.float64(49.08), 'acc': 50.08, 'ndev': 872, 'ntest': 1821}","{'devacc': np.float64(85.14), 'acc': 90.4, 'ndev': 5452, 'ntest': 500}","{'devacc': np.float64(70.95), 'acc': 70.78, 'f1': 78.39, 'ndev': 4076, 'ntest': 1725}"
allmpnet,SUM+AVG-NS+SUM-NS_LYR-2,"torch.Size([61, 2304])",NORMAL,4,0,12,"{'devacc': np.float64(78.01), 'acc': np.float64(78.73), 'ndev': 10662, 'ntest': 10662}","{'devacc': np.float64(81.76), 'acc': np.float64(82.31), 'ndev': 3775, 'ntest': 3775}","{'devacc': np.float64(92.4), 'acc': np.float64(92.17), 'ndev': 10000, 'ntest': 10000}","{'devacc': np.float64(88.27), 'acc': np.float64(88.55), 'ndev': 10606, 'ntest': 10606}","{'devacc': np.float64(83.14), 'acc': 84.13, 'ndev': 872, 'ntest': 1821}","{'devacc': np.float64(84.96), 'acc': 90.8, 'ndev': 5452, 'ntest': 500}","{'devacc': np.float64(70.36), 'acc': 70.43, 'f1': 77.83, 'ndev': 4076, 'ntest': 1725}"
allmpnet,SUM+AVG-NS+MAX-NS_LYR-2,"torch.Size([61, 2304])",NORMAL,4,0,12,"{'devacc': np.float64(78.11), 'acc': np.float64(78.71), 'ndev': 10662, 'ntest': 10662}","{'devacc': np.float64(63.28), 'acc': np.float64(65.51), 'ndev': 3775, 'ntest': 3775}","{'devacc': np.float64(92.62), 'acc': np.float64(92.63), 'ndev': 10000, 'ntest': 10000}","{'devacc': np.float64(32.48), 'acc': np.float64(32.12), 'ndev': 10606, 'ntest': 10606}","{'devacc': np.float64(49.08), 'acc': 50.08, 'ndev': 872, 'ntest': 1821}","{'devacc': np.float64(84.96), 'acc': 90.0, 'ndev': 5452, 'ntest': 500}","{'devacc': np.float64(71.66), 'acc': 70.55, 'f1': 78.12, 'ndev': 4076, 'ntest': 1725}"
allmpnet,SUM+SUM-NS+MAX-NS_LYR-2,"torch.Size([61, 2304])",NORMAL,4,0,12,"{'devacc': np.float64(77.88), 'acc': np.float64(78.52), 'ndev': 10662, 'ntest': 10662}","{'devacc': np.float64(67.42), 'acc': np.float64(65.43), 'ndev': 3775, 'ntest': 3775}","{'devacc': np.float64(92.6), 'acc': np.float64(92.41), 'ndev': 10000, 'ntest': 10000}","{'devacc': np.float64(32.48), 'acc': np.float64(32.12), 'ndev': 10606, 'ntest': 10606}","{'devacc': np.float64(49.08), 'acc': 50.08, 'ndev': 872, 'ntest': 1821}","{'devacc': np.float64(85.05), 'acc': 90.8, 'ndev': 5452, 'ntest': 500}","{'devacc': np.float64(70.9), 'acc': 71.07, 'f1': 78.35, 'ndev': 4076, 'ntest': 1725}"
allmpnet,MAX+AVG-NS+SUM-NS_LYR-2,"torch.Size([61, 2304])",NORMAL,4,0,12,"{'devacc': np.float64(77.36), 'acc': np.float64(77.66), 'ndev': 10662, 'ntest': 10662}","{'devacc': np.float64(80.54), 'acc': np.float64(80.79), 'ndev': 3775, 'ntest': 3775}","{'devacc': np.float64(92.26), 'acc': np.float64(92.07), 'ndev': 10000, 'ntest': 10000}","{'devacc': np.float64(88.29), 'acc': np.float64(88.45), 'ndev': 10606, 'ntest': 10606}","{'devacc': np.float64(80.16), 'acc': 83.69, 'ndev': 872, 'ntest': 1821}","{'devacc': np.float64(81.77), 'acc': 88.6, 'ndev': 5452, 'ntest': 500}","{'devacc': np.float64(70.24), 'acc': 69.97, 'f1': 77.79, 'ndev': 4076, 'ntest': 1725}"
allmpnet,MAX+AVG-NS+MAX-NS_LYR-2,"torch.Size([61, 2304])",NORMAL,4,0,12,"{'devacc': np.float64(77.64), 'acc': np.float64(78.0), 'ndev': 10662, 'ntest': 10662}","{'devacc': np.float64(63.22), 'acc': np.float64(65.8), 'ndev': 3775, 'ntest': 3775}","{'devacc': np.float64(93.21), 'acc': np.float64(93.17), 'ndev': 10000, 'ntest': 10000}","{'devacc': np.float64(32.11), 'acc': np.float64(32.11), 'ndev': 10606, 'ntest': 10606}","{'devacc': np.float64(49.08), 'acc': 50.08, 'ndev': 872, 'ntest': 1821}","{'devacc': np.float64(85.49), 'acc': 89.8, 'ndev': 5452, 'ntest': 500}","{'devacc': np.float64(72.74), 'acc': 72.99, 'f1': 80.44, 'ndev': 4076, 'ntest': 1725}"
allmpnet,MAX+SUM-NS+MAX-NS_LYR-2,"torch.Size([61, 2304])",NORMAL,4,0,12,"{'devacc': np.float64(77.05), 'acc': np.float64(77.38), 'ndev': 10662, 'ntest': 10662}","{'devacc': np.float64(63.01), 'acc': np.float64(65.72), 'ndev': 3775, 'ntest': 3775}","{'devacc': np.float64(92.33), 'acc': np.float64(92.21), 'ndev': 10000, 'ntest': 10000}","{'devacc': np.float64(32.11), 'acc': np.float64(32.11), 'ndev': 10606, 'ntest': 10606}","{'devacc': np.float64(49.08), 'acc': 50.08, 'ndev': 872, 'ntest': 1821}","{'devacc': np.float64(82.02), 'acc': 88.0, 'ndev': 5452, 'ntest': 500}","{'devacc': np.float64(70.12), 'acc': 70.26, 'f1': 78.38, 'ndev': 4076, 'ntest': 1725}"
allmpnet,AVG-NS+SUM-NS+MAX-NS_LYR-2,"torch.Size([61, 2304])",NORMAL,4,0,12,"{'devacc': np.float64(76.92), 'acc': np.float64(77.28), 'ndev': 10662, 'ntest': 10662}","{'devacc': np.float64(62.96), 'acc': np.float64(65.27), 'ndev': 3775, 'ntest': 3775}","{'devacc': np.float64(91.98), 'acc': np.float64(91.97), 'ndev': 10000, 'ntest': 10000}","{'devacc': np.float64(32.11), 'acc': np.float64(32.11), 'ndev': 10606, 'ntest': 10606}","{'devacc': np.float64(49.08), 'acc': 50.08, 'ndev': 872, 'ntest': 1821}","{'devacc': np.float64(79.27), 'acc': 86.2, 'ndev': 5452, 'ntest': 500}","{'devacc': np.float64(70.17), 'acc': 69.74, 'f1': 77.56, 'ndev': 4076, 'ntest': 1725}"
allmpnet,CLS+AVG+SUM_LYR-3,"torch.Size([61, 2304])",NORMAL,4,0,12,"{'devacc': np.float64(79.51), 'acc': np.float64(79.47), 'ndev': 10662, 'ntest': 10662}","{'devacc': np.float64(81.98), 'acc': np.float64(82.07), 'ndev': 3775, 'ntest': 3775}","{'devacc': np.float64(92.97), 'acc': np.float64(93.1), 'ndev': 10000, 'ntest': 10000}","{'devacc': np.float64(88.48), 'acc': np.float64(88.55), 'ndev': 10606, 'ntest': 10606}","{'devacc': np.float64(83.72), 'acc': 84.29, 'ndev': 872, 'ntest': 1821}","{'devacc': np.float64(85.01), 'acc': 90.8, 'ndev': 5452, 'ntest': 500}","{'devacc': np.float64(72.33), 'acc': 71.3, 'f1': 79.14, 'ndev': 4076, 'ntest': 1725}"
allmpnet,CLS+AVG+MAX_LYR-3,"torch.Size([61, 2304])",NORMAL,4,0,12,"{'devacc': np.float64(79.8), 'acc': np.float64(80.13), 'ndev': 10662, 'ntest': 10662}","{'devacc': np.float64(84.37), 'acc': np.float64(84.56), 'ndev': 3775, 'ntest': 3775}","{'devacc': np.float64(94.08), 'acc': np.float64(94.12), 'ndev': 10000, 'ntest': 10000}","{'devacc': np.float64(89.46), 'acc': np.float64(89.47), 'ndev': 10606, 'ntest': 10606}","{'devacc': np.float64(83.83), 'acc': 85.61, 'ndev': 872, 'ntest': 1821}","{'devacc': np.float64(87.31), 'acc': 92.8, 'ndev': 5452, 'ntest': 500}","{'devacc': np.float64(74.16), 'acc': 72.0, 'f1': 79.1, 'ndev': 4076, 'ntest': 1725}"
allmpnet,CLS+AVG+AVG-NS_LYR-3,"torch.Size([61, 2304])",NORMAL,4,0,12,"{'devacc': np.float64(80.74), 'acc': np.float64(80.86), 'ndev': 10662, 'ntest': 10662}","{'devacc': np.float64(85.55), 'acc': np.float64(85.51), 'ndev': 3775, 'ntest': 3775}","{'devacc': np.float64(95.08), 'acc': np.float64(95.12), 'ndev': 10000, 'ntest': 10000}","{'devacc': np.float64(89.72), 'acc': np.float64(89.74), 'ndev': 10606, 'ntest': 10606}","{'devacc': np.float64(84.63), 'acc': 85.45, 'ndev': 872, 'ntest': 1821}","{'devacc': np.float64(86.34), 'acc': 91.4, 'ndev': 5452, 'ntest': 500}","{'devacc': np.float64(74.78), 'acc': 73.91, 'f1': 81.83, 'ndev': 4076, 'ntest': 1725}"
allmpnet,CLS+AVG+SUM-NS_LYR-3,"torch.Size([61, 2304])",NORMAL,4,0,12,"{'devacc': np.float64(78.53), 'acc': np.float64(78.6), 'ndev': 10662, 'ntest': 10662}","{'devacc': np.float64(81.02), 'acc': np.float64(81.85), 'ndev': 3775, 'ntest': 3775}","{'devacc': np.float64(92.82), 'acc': np.float64(93.09), 'ndev': 10000, 'ntest': 10000}","{'devacc': np.float64(88.73), 'acc': np.float64(88.94), 'ndev': 10606, 'ntest': 10606}","{'devacc': np.float64(81.19), 'acc': 84.4, 'ndev': 872, 'ntest': 1821}","{'devacc': np.float64(81.51), 'acc': 89.0, 'ndev': 5452, 'ntest': 500}","{'devacc': np.float64(70.44), 'acc': 69.39, 'f1': 77.47, 'ndev': 4076, 'ntest': 1725}"
allmpnet,CLS+AVG+MAX-NS_LYR-3,"torch.Size([61, 2304])",NORMAL,4,0,12,"{'devacc': np.float64(79.33), 'acc': np.float64(79.67), 'ndev': 10662, 'ntest': 10662}","{'devacc': np.float64(63.29), 'acc': np.float64(65.56), 'ndev': 3775, 'ntest': 3775}","{'devacc': np.float64(94.2), 'acc': np.float64(94.17), 'ndev': 10000, 'ntest': 10000}","{'devacc': np.float64(31.74), 'acc': np.float64(31.75), 'ndev': 10606, 'ntest': 10606}","{'devacc': np.float64(49.08), 'acc': 50.08, 'ndev': 872, 'ntest': 1821}","{'devacc': np.float64(85.22), 'acc': 90.6, 'ndev': 5452, 'ntest': 500}","{'devacc': np.float64(73.55), 'acc': 73.8, 'f1': 80.81, 'ndev': 4076, 'ntest': 1725}"
allmpnet,CLS+SUM+MAX_LYR-3,"torch.Size([61, 2304])",NORMAL,4,0,12,"{'devacc': np.float64(78.97), 'acc': np.float64(79.26), 'ndev': 10662, 'ntest': 10662}","{'devacc': np.float64(82.28), 'acc': np.float64(82.6), 'ndev': 3775, 'ntest': 3775}","{'devacc': np.float64(92.97), 'acc': np.float64(92.98), 'ndev': 10000, 'ntest': 10000}","{'devacc': np.float64(88.27), 'acc': np.float64(88.46), 'ndev': 10606, 'ntest': 10606}","{'devacc': np.float64(84.06), 'acc': 85.01, 'ndev': 872, 'ntest': 1821}","{'devacc': np.float64(85.49), 'acc': 91.6, 'ndev': 5452, 'ntest': 500}","{'devacc': np.float64(72.37), 'acc': 70.43, 'f1': 78.07, 'ndev': 4076, 'ntest': 1725}"
allmpnet,CLS+SUM+AVG-NS_LYR-3,"torch.Size([61, 2304])",NORMAL,4,0,12,"{'devacc': np.float64(79.47), 'acc': np.float64(79.52), 'ndev': 10662, 'ntest': 10662}","{'devacc': np.float64(81.97), 'acc': np.float64(82.12), 'ndev': 3775, 'ntest': 3775}","{'devacc': np.float64(92.98), 'acc': np.float64(93.04), 'ndev': 10000, 'ntest': 10000}","{'devacc': np.float64(88.31), 'acc': np.float64(88.52), 'ndev': 10606, 'ntest': 10606}","{'devacc': np.float64(83.94), 'acc': 84.57, 'ndev': 872, 'ntest': 1821}","{'devacc': np.float64(85.18), 'acc': 91.0, 'ndev': 5452, 'ntest': 500}","{'devacc': np.float64(72.42), 'acc': 71.19, 'f1': 78.84, 'ndev': 4076, 'ntest': 1725}"
allmpnet,CLS+SUM+SUM-NS_LYR-3,"torch.Size([61, 2304])",NORMAL,4,0,12,"{'devacc': np.float64(78.83), 'acc': np.float64(79.37), 'ndev': 10662, 'ntest': 10662}","{'devacc': np.float64(82.76), 'acc': np.float64(82.41), 'ndev': 3775, 'ntest': 3775}","{'devacc': np.float64(93.26), 'acc': np.float64(93.38), 'ndev': 10000, 'ntest': 10000}","{'devacc': np.float64(87.92), 'acc': np.float64(88.2), 'ndev': 10606, 'ntest': 10606}","{'devacc': np.float64(83.14), 'acc': 85.5, 'ndev': 872, 'ntest': 1821}","{'devacc': np.float64(85.64), 'acc': 90.4, 'ndev': 5452, 'ntest': 500}","{'devacc': np.float64(71.57), 'acc': 71.01, 'f1': 78.54, 'ndev': 4076, 'ntest': 1725}"
allmpnet,CLS+SUM+MAX-NS_LYR-3,"torch.Size([61, 2304])",NORMAL,4,0,12,"{'devacc': np.float64(78.94), 'acc': np.float64(79.01), 'ndev': 10662, 'ntest': 10662}","{'devacc': np.float64(67.72), 'acc': np.float64(65.48), 'ndev': 3775, 'ntest': 3775}","{'devacc': np.float64(93.03), 'acc': np.float64(93.0), 'ndev': 10000, 'ntest': 10000}","{'devacc': np.float64(32.12), 'acc': np.float64(31.75), 'ndev': 10606, 'ntest': 10606}","{'devacc': np.float64(49.08), 'acc': 50.08, 'ndev': 872, 'ntest': 1821}","{'devacc': np.float64(85.42), 'acc': 91.8, 'ndev': 5452, 'ntest': 500}","{'devacc': np.float64(72.18), 'acc': 71.54, 'f1': 79.1, 'ndev': 4076, 'ntest': 1725}"
allmpnet,CLS+MAX+AVG-NS_LYR-3,"torch.Size([61, 2304])",NORMAL,4,0,12,"{'devacc': np.float64(79.22), 'acc': np.float64(79.67), 'ndev': 10662, 'ntest': 10662}","{'devacc': np.float64(83.73), 'acc': np.float64(84.08), 'ndev': 3775, 'ntest': 3775}","{'devacc': np.float64(94.02), 'acc': np.float64(94.04), 'ndev': 10000, 'ntest': 10000}","{'devacc': np.float64(89.2), 'acc': np.float64(89.11), 'ndev': 10606, 'ntest': 10606}","{'devacc': np.float64(82.22), 'acc': 84.46, 'ndev': 872, 'ntest': 1821}","{'devacc': np.float64(87.33), 'acc': 91.6, 'ndev': 5452, 'ntest': 500}","{'devacc': np.float64(73.8), 'acc': 72.75, 'f1': 79.9, 'ndev': 4076, 'ntest': 1725}"
allmpnet,CLS+MAX+SUM-NS_LYR-3,"torch.Size([61, 2304])",NORMAL,4,0,12,"{'devacc': np.float64(77.94), 'acc': np.float64(78.35), 'ndev': 10662, 'ntest': 10662}","{'devacc': np.float64(81.21), 'acc': np.float64(81.56), 'ndev': 3775, 'ntest': 3775}","{'devacc': np.float64(92.99), 'acc': np.float64(93.16), 'ndev': 10000, 'ntest': 10000}","{'devacc': np.float64(88.53), 'acc': np.float64(88.66), 'ndev': 10606, 'ntest': 10606}","{'devacc': np.float64(82.8), 'acc': 84.24, 'ndev': 872, 'ntest': 1821}","{'devacc': np.float64(83.42), 'acc': 88.8, 'ndev': 5452, 'ntest': 500}","{'devacc': np.float64(70.14), 'acc': 70.2, 'f1': 78.03, 'ndev': 4076, 'ntest': 1725}"
allmpnet,CLS+MAX+MAX-NS_LYR-3,"torch.Size([61, 2304])",NORMAL,4,0,12,"{'devacc': np.float64(76.49), 'acc': np.float64(76.59), 'ndev': 10662, 'ntest': 10662}","{'devacc': np.float64(63.15), 'acc': np.float64(65.43), 'ndev': 3775, 'ntest': 3775}","{'devacc': np.float64(92.71), 'acc': np.float64(92.87), 'ndev': 10000, 'ntest': 10000}","{'devacc': np.float64(32.12), 'acc': np.float64(31.75), 'ndev': 10606, 'ntest': 10606}","{'devacc': np.float64(49.08), 'acc': 50.08, 'ndev': 872, 'ntest': 1821}","{'devacc': np.float64(86.46), 'acc': 93.0, 'ndev': 5452, 'ntest': 500}","{'devacc': np.float64(72.25), 'acc': 72.46, 'f1': 79.5, 'ndev': 4076, 'ntest': 1725}"
allmpnet,CLS+AVG-NS+SUM-NS_LYR-3,"torch.Size([61, 2304])",NORMAL,4,0,12,"{'devacc': np.float64(78.19), 'acc': np.float64(78.3), 'ndev': 10662, 'ntest': 10662}","{'devacc': np.float64(80.74), 'acc': np.float64(81.46), 'ndev': 3775, 'ntest': 3775}","{'devacc': np.float64(92.81), 'acc': np.float64(93.09), 'ndev': 10000, 'ntest': 10000}","{'devacc': np.float64(88.36), 'acc': np.float64(88.57), 'ndev': 10606, 'ntest': 10606}","{'devacc': np.float64(81.65), 'acc': 83.64, 'ndev': 872, 'ntest': 1821}","{'devacc': np.float64(80.7), 'acc': 87.6, 'ndev': 5452, 'ntest': 500}","{'devacc': np.float64(70.29), 'acc': 70.32, 'f1': 78.43, 'ndev': 4076, 'ntest': 1725}"
allmpnet,CLS+AVG-NS+MAX-NS_LYR-3,"torch.Size([61, 2304])",NORMAL,4,0,12,"{'devacc': np.float64(78.38), 'acc': np.float64(78.77), 'ndev': 10662, 'ntest': 10662}","{'devacc': np.float64(63.27), 'acc': np.float64(65.43), 'ndev': 3775, 'ntest': 3775}","{'devacc': np.float64(93.78), 'acc': np.float64(93.84), 'ndev': 10000, 'ntest': 10000}","{'devacc': np.float64(31.74), 'acc': np.float64(31.75), 'ndev': 10606, 'ntest': 10606}","{'devacc': np.float64(49.08), 'acc': 50.08, 'ndev': 872, 'ntest': 1821}","{'devacc': np.float64(81.6), 'acc': 89.0, 'ndev': 5452, 'ntest': 500}","{'devacc': np.float64(72.23), 'acc': 72.52, 'f1': 79.6, 'ndev': 4076, 'ntest': 1725}"
allmpnet,CLS+SUM-NS+MAX-NS_LYR-3,"torch.Size([61, 2304])",NORMAL,4,0,12,"{'devacc': np.float64(77.52), 'acc': np.float64(78.1), 'ndev': 10662, 'ntest': 10662}","{'devacc': np.float64(63.16), 'acc': np.float64(65.11), 'ndev': 3775, 'ntest': 3775}","{'devacc': np.float64(92.87), 'acc': np.float64(93.04), 'ndev': 10000, 'ntest': 10000}","{'devacc': np.float64(32.12), 'acc': np.float64(31.75), 'ndev': 10606, 'ntest': 10606}","{'devacc': np.float64(49.08), 'acc': 50.08, 'ndev': 872, 'ntest': 1821}","{'devacc': np.float64(81.47), 'acc': 88.4, 'ndev': 5452, 'ntest': 500}","{'devacc': np.float64(70.44), 'acc': 69.62, 'f1': 77.55, 'ndev': 4076, 'ntest': 1725}"
allmpnet,AVG+SUM+MAX_LYR-3,"torch.Size([61, 2304])",NORMAL,4,0,12,"{'devacc': np.float64(79.01), 'acc': np.float64(79.07), 'ndev': 10662, 'ntest': 10662}","{'devacc': np.float64(82.24), 'acc': np.float64(82.65), 'ndev': 3775, 'ntest': 3775}","{'devacc': np.float64(92.92), 'acc': np.float64(93.01), 'ndev': 10000, 'ntest': 10000}","{'devacc': np.float64(88.42), 'acc': np.float64(88.67), 'ndev': 10606, 'ntest': 10606}","{'devacc': np.float64(84.17), 'acc': 85.01, 'ndev': 872, 'ntest': 1821}","{'devacc': np.float64(85.69), 'acc': 91.2, 'ndev': 5452, 'ntest': 500}","{'devacc': np.float64(71.2), 'acc': 70.03, 'f1': 77.71, 'ndev': 4076, 'ntest': 1725}"
allmpnet,AVG+SUM+AVG-NS_LYR-3,"torch.Size([61, 2304])",NORMAL,4,0,12,"{'devacc': np.float64(79.49), 'acc': np.float64(79.59), 'ndev': 10662, 'ntest': 10662}","{'devacc': np.float64(81.98), 'acc': np.float64(82.15), 'ndev': 3775, 'ntest': 3775}","{'devacc': np.float64(93.0), 'acc': np.float64(93.09), 'ndev': 10000, 'ntest': 10000}","{'devacc': np.float64(88.28), 'acc': np.float64(88.51), 'ndev': 10606, 'ntest': 10606}","{'devacc': np.float64(83.49), 'acc': 84.57, 'ndev': 872, 'ntest': 1821}","{'devacc': np.float64(85.05), 'acc': 90.8, 'ndev': 5452, 'ntest': 500}","{'devacc': np.float64(70.78), 'acc': 68.99, 'f1': 76.77, 'ndev': 4076, 'ntest': 1725}"
allmpnet,AVG+SUM+SUM-NS_LYR-3,"torch.Size([61, 2304])",NORMAL,4,0,12,"{'devacc': np.float64(78.82), 'acc': np.float64(79.2), 'ndev': 10662, 'ntest': 10662}","{'devacc': np.float64(82.68), 'acc': np.float64(82.49), 'ndev': 3775, 'ntest': 3775}","{'devacc': np.float64(93.28), 'acc': np.float64(93.19), 'ndev': 10000, 'ntest': 10000}","{'devacc': np.float64(88.16), 'acc': np.float64(88.3), 'ndev': 10606, 'ntest': 10606}","{'devacc': np.float64(83.6), 'acc': 85.23, 'ndev': 872, 'ntest': 1821}","{'devacc': np.float64(85.62), 'acc': 91.0, 'ndev': 5452, 'ntest': 500}","{'devacc': np.float64(70.81), 'acc': 69.04, 'f1': 76.78, 'ndev': 4076, 'ntest': 1725}"
allmpnet,AVG+SUM+MAX-NS_LYR-3,"torch.Size([61, 2304])",NORMAL,4,0,12,"{'devacc': np.float64(78.95), 'acc': np.float64(78.94), 'ndev': 10662, 'ntest': 10662}","{'devacc': np.float64(67.52), 'acc': np.float64(66.73), 'ndev': 3775, 'ntest': 3775}","{'devacc': np.float64(92.99), 'acc': np.float64(92.99), 'ndev': 10000, 'ntest': 10000}","{'devacc': np.float64(32.12), 'acc': np.float64(31.75), 'ndev': 10606, 'ntest': 10606}","{'devacc': np.float64(49.08), 'acc': 50.08, 'ndev': 872, 'ntest': 1821}","{'devacc': np.float64(85.53), 'acc': 91.8, 'ndev': 5452, 'ntest': 500}","{'devacc': np.float64(70.78), 'acc': 69.16, 'f1': 77.03, 'ndev': 4076, 'ntest': 1725}"
allmpnet,AVG+MAX+AVG-NS_LYR-3,"torch.Size([61, 2304])",NORMAL,4,0,12,"{'devacc': np.float64(79.9), 'acc': np.float64(80.24), 'ndev': 10662, 'ntest': 10662}","{'devacc': np.float64(84.66), 'acc': np.float64(85.09), 'ndev': 3775, 'ntest': 3775}","{'devacc': np.float64(94.44), 'acc': np.float64(94.39), 'ndev': 10000, 'ntest': 10000}","{'devacc': np.float64(89.28), 'acc': np.float64(89.23), 'ndev': 10606, 'ntest': 10606}","{'devacc': np.float64(83.49), 'acc': 84.68, 'ndev': 872, 'ntest': 1821}","{'devacc': np.float64(87.78), 'acc': 91.6, 'ndev': 5452, 'ntest': 500}","{'devacc': np.float64(73.82), 'acc': 72.93, 'f1': 80.1, 'ndev': 4076, 'ntest': 1725}"
allmpnet,AVG+MAX+SUM-NS_LYR-3,"torch.Size([61, 2304])",NORMAL,4,0,12,"{'devacc': np.float64(78.16), 'acc': np.float64(78.43), 'ndev': 10662, 'ntest': 10662}","{'devacc': np.float64(81.35), 'acc': np.float64(81.72), 'ndev': 3775, 'ntest': 3775}","{'devacc': np.float64(93.04), 'acc': np.float64(93.28), 'ndev': 10000, 'ntest': 10000}","{'devacc': np.float64(88.79), 'acc': np.float64(88.86), 'ndev': 10606, 'ntest': 10606}","{'devacc': np.float64(83.14), 'acc': 84.84, 'ndev': 872, 'ntest': 1821}","{'devacc': np.float64(83.99), 'acc': 89.6, 'ndev': 5452, 'ntest': 500}","{'devacc': np.float64(70.58), 'acc': 70.14, 'f1': 78.04, 'ndev': 4076, 'ntest': 1725}"
allmpnet,AVG+MAX+MAX-NS_LYR-3,"torch.Size([61, 2304])",NORMAL,4,0,12,"{'devacc': np.float64(78.8), 'acc': np.float64(79.13), 'ndev': 10662, 'ntest': 10662}","{'devacc': np.float64(63.39), 'acc': np.float64(65.72), 'ndev': 3775, 'ntest': 3775}","{'devacc': np.float64(93.91), 'acc': np.float64(94.09), 'ndev': 10000, 'ntest': 10000}","{'devacc': np.float64(31.74), 'acc': np.float64(31.75), 'ndev': 10606, 'ntest': 10606}","{'devacc': np.float64(49.08), 'acc': 50.08, 'ndev': 872, 'ntest': 1821}","{'devacc': np.float64(87.42), 'acc': 92.4, 'ndev': 5452, 'ntest': 500}","{'devacc': np.float64(72.52), 'acc': 71.71, 'f1': 79.15, 'ndev': 4076, 'ntest': 1725}"
allmpnet,AVG+AVG-NS+SUM-NS_LYR-3,"torch.Size([61, 2304])",NORMAL,4,0,12,"{'devacc': np.float64(78.51), 'acc': np.float64(78.66), 'ndev': 10662, 'ntest': 10662}","{'devacc': np.float64(81.05), 'acc': np.float64(82.01), 'ndev': 3775, 'ntest': 3775}","{'devacc': np.float64(92.9), 'acc': np.float64(93.07), 'ndev': 10000, 'ntest': 10000}","{'devacc': np.float64(88.75), 'acc': np.float64(89.0), 'ndev': 10606, 'ntest': 10606}","{'devacc': np.float64(81.42), 'acc': 83.96, 'ndev': 872, 'ntest': 1821}","{'devacc': np.float64(81.25), 'acc': 88.6, 'ndev': 5452, 'ntest': 500}","{'devacc': np.float64(68.94), 'acc': 68.87, 'f1': 76.82, 'ndev': 4076, 'ntest': 1725}"
allmpnet,AVG+AVG-NS+MAX-NS_LYR-3,"torch.Size([61, 2304])",NORMAL,4,0,12,"{'devacc': np.float64(79.45), 'acc': np.float64(79.93), 'ndev': 10662, 'ntest': 10662}","{'devacc': np.float64(63.49), 'acc': np.float64(65.06), 'ndev': 3775, 'ntest': 3775}","{'devacc': np.float64(94.49), 'acc': np.float64(94.67), 'ndev': 10000, 'ntest': 10000}","{'devacc': np.float64(31.74), 'acc': np.float64(31.75), 'ndev': 10606, 'ntest': 10606}","{'devacc': np.float64(49.08), 'acc': 50.08, 'ndev': 872, 'ntest': 1821}","{'devacc': np.float64(86.12), 'acc': 91.0, 'ndev': 5452, 'ntest': 500}","{'devacc': np.float64(72.77), 'acc': 72.7, 'f1': 79.86, 'ndev': 4076, 'ntest': 1725}"
allmpnet,AVG+SUM-NS+MAX-NS_LYR-3,"torch.Size([61, 2304])",NORMAL,4,0,12,"{'devacc': np.float64(77.79), 'acc': np.float64(78.14), 'ndev': 10662, 'ntest': 10662}","{'devacc': np.float64(63.22), 'acc': np.float64(65.14), 'ndev': 3775, 'ntest': 3775}","{'devacc': np.float64(92.95), 'acc': np.float64(93.13), 'ndev': 10000, 'ntest': 10000}","{'devacc': np.float64(31.74), 'acc': np.float64(31.75), 'ndev': 10606, 'ntest': 10606}","{'devacc': np.float64(49.08), 'acc': 50.08, 'ndev': 872, 'ntest': 1821}","{'devacc': np.float64(82.5), 'acc': 89.4, 'ndev': 5452, 'ntest': 500}","{'devacc': np.float64(70.44), 'acc': 70.09, 'f1': 77.93, 'ndev': 4076, 'ntest': 1725}"
allmpnet,SUM+MAX+AVG-NS_LYR-3,"torch.Size([61, 2304])",NORMAL,4,0,12,"{'devacc': np.float64(79.01), 'acc': np.float64(79.1), 'ndev': 10662, 'ntest': 10662}","{'devacc': np.float64(82.3), 'acc': np.float64(82.68), 'ndev': 3775, 'ntest': 3775}","{'devacc': np.float64(92.99), 'acc': np.float64(92.91), 'ndev': 10000, 'ntest': 10000}","{'devacc': np.float64(88.39), 'acc': np.float64(88.5), 'ndev': 10606, 'ntest': 10606}","{'devacc': np.float64(83.83), 'acc': 84.9, 'ndev': 872, 'ntest': 1821}","{'devacc': np.float64(85.57), 'acc': 91.8, 'ndev': 5452, 'ntest': 500}","{'devacc': np.float64(71.15), 'acc': 69.45, 'f1': 77.26, 'ndev': 4076, 'ntest': 1725}"
allmpnet,SUM+MAX+SUM-NS_LYR-3,"torch.Size([61, 2304])",NORMAL,4,0,12,"{'devacc': np.float64(78.65), 'acc': np.float64(79.12), 'ndev': 10662, 'ntest': 10662}","{'devacc': np.float64(82.89), 'acc': np.float64(82.46), 'ndev': 3775, 'ntest': 3775}","{'devacc': np.float64(93.32), 'acc': np.float64(93.29), 'ndev': 10000, 'ntest': 10000}","{'devacc': np.float64(88.26), 'acc': np.float64(88.39), 'ndev': 10606, 'ntest': 10606}","{'devacc': np.float64(83.83), 'acc': 86.0, 'ndev': 872, 'ntest': 1821}","{'devacc': np.float64(85.84), 'acc': 90.4, 'ndev': 5452, 'ntest': 500}","{'devacc': np.float64(71.1), 'acc': 69.62, 'f1': 77.41, 'ndev': 4076, 'ntest': 1725}"
allmpnet,SUM+MAX+MAX-NS_LYR-3,"torch.Size([61, 2304])",NORMAL,4,0,12,"{'devacc': np.float64(78.6), 'acc': np.float64(78.87), 'ndev': 10662, 'ntest': 10662}","{'devacc': np.float64(68.5), 'acc': np.float64(65.59), 'ndev': 3775, 'ntest': 3775}","{'devacc': np.float64(93.05), 'acc': np.float64(93.07), 'ndev': 10000, 'ntest': 10000}","{'devacc': np.float64(32.12), 'acc': np.float64(31.75), 'ndev': 10606, 'ntest': 10606}","{'devacc': np.float64(49.08), 'acc': 50.08, 'ndev': 872, 'ntest': 1821}","{'devacc': np.float64(85.8), 'acc': 92.2, 'ndev': 5452, 'ntest': 500}","{'devacc': np.float64(71.66), 'acc': 69.57, 'f1': 77.5, 'ndev': 4076, 'ntest': 1725}"
allmpnet,SUM+AVG-NS+SUM-NS_LYR-3,"torch.Size([61, 2304])",NORMAL,4,0,12,"{'devacc': np.float64(78.81), 'acc': np.float64(79.22), 'ndev': 10662, 'ntest': 10662}","{'devacc': np.float64(82.74), 'acc': np.float64(82.33), 'ndev': 3775, 'ntest': 3775}","{'devacc': np.float64(93.25), 'acc': np.float64(93.28), 'ndev': 10000, 'ntest': 10000}","{'devacc': np.float64(88.06), 'acc': np.float64(88.19), 'ndev': 10606, 'ntest': 10606}","{'devacc': np.float64(84.29), 'acc': 85.01, 'ndev': 872, 'ntest': 1821}","{'devacc': np.float64(85.51), 'acc': 90.8, 'ndev': 5452, 'ntest': 500}","{'devacc': np.float64(70.95), 'acc': 68.81, 'f1': 76.67, 'ndev': 4076, 'ntest': 1725}"
allmpnet,SUM+AVG-NS+MAX-NS_LYR-3,"torch.Size([61, 2304])",NORMAL,4,0,12,"{'devacc': np.float64(78.94), 'acc': np.float64(78.91), 'ndev': 10662, 'ntest': 10662}","{'devacc': np.float64(67.36), 'acc': np.float64(66.6), 'ndev': 3775, 'ntest': 3775}","{'devacc': np.float64(93.05), 'acc': np.float64(92.98), 'ndev': 10000, 'ntest': 10000}","{'devacc': np.float64(32.12), 'acc': np.float64(31.75), 'ndev': 10606, 'ntest': 10606}","{'devacc': np.float64(49.08), 'acc': 50.08, 'ndev': 872, 'ntest': 1821}","{'devacc': np.float64(85.49), 'acc': 91.6, 'ndev': 5452, 'ntest': 500}","{'devacc': np.float64(70.73), 'acc': 69.39, 'f1': 77.28, 'ndev': 4076, 'ntest': 1725}"
allmpnet,SUM+SUM-NS+MAX-NS_LYR-3,"torch.Size([61, 2304])",NORMAL,4,0,12,"{'devacc': np.float64(78.6), 'acc': np.float64(78.72), 'ndev': 10662, 'ntest': 10662}","{'devacc': np.float64(67.39), 'acc': np.float64(65.16), 'ndev': 3775, 'ntest': 3775}","{'devacc': np.float64(93.38), 'acc': np.float64(93.27), 'ndev': 10000, 'ntest': 10000}","{'devacc': np.float64(31.74), 'acc': np.float64(31.75), 'ndev': 10606, 'ntest': 10606}","{'devacc': np.float64(49.08), 'acc': 50.08, 'ndev': 872, 'ntest': 1821}","{'devacc': np.float64(85.77), 'acc': 91.0, 'ndev': 5452, 'ntest': 500}","{'devacc': np.float64(71.08), 'acc': 69.22, 'f1': 77.12, 'ndev': 4076, 'ntest': 1725}"
allmpnet,MAX+AVG-NS+SUM-NS_LYR-3,"torch.Size([61, 2304])",NORMAL,4,0,12,"{'devacc': np.float64(77.98), 'acc': np.float64(78.33), 'ndev': 10662, 'ntest': 10662}","{'devacc': np.float64(81.22), 'acc': np.float64(81.62), 'ndev': 3775, 'ntest': 3775}","{'devacc': np.float64(93.0), 'acc': np.float64(93.18), 'ndev': 10000, 'ntest': 10000}","{'devacc': np.float64(88.63), 'acc': np.float64(88.83), 'ndev': 10606, 'ntest': 10606}","{'devacc': np.float64(82.34), 'acc': 84.9, 'ndev': 872, 'ntest': 1821}","{'devacc': np.float64(83.75), 'acc': 89.6, 'ndev': 5452, 'ntest': 500}","{'devacc': np.float64(70.36), 'acc': 70.26, 'f1': 78.25, 'ndev': 4076, 'ntest': 1725}"
allmpnet,MAX+AVG-NS+MAX-NS_LYR-3,"torch.Size([61, 2304])",NORMAL,4,0,12,"{'devacc': np.float64(78.41), 'acc': np.float64(78.62), 'ndev': 10662, 'ntest': 10662}","{'devacc': np.float64(63.23), 'acc': np.float64(65.51), 'ndev': 3775, 'ntest': 3775}","{'devacc': np.float64(93.85), 'acc': np.float64(94.05), 'ndev': 10000, 'ntest': 10000}","{'devacc': np.float64(31.74), 'acc': np.float64(31.75), 'ndev': 10606, 'ntest': 10606}","{'devacc': np.float64(49.08), 'acc': 50.08, 'ndev': 872, 'ntest': 1821}","{'devacc': np.float64(87.34), 'acc': 91.8, 'ndev': 5452, 'ntest': 500}","{'devacc': np.float64(71.79), 'acc': 71.54, 'f1': 78.83, 'ndev': 4076, 'ntest': 1725}"
allmpnet,MAX+SUM-NS+MAX-NS_LYR-3,"torch.Size([61, 2304])",NORMAL,4,0,12,"{'devacc': np.float64(77.44), 'acc': np.float64(77.64), 'ndev': 10662, 'ntest': 10662}","{'devacc': np.float64(63.19), 'acc': np.float64(65.3), 'ndev': 3775, 'ntest': 3775}","{'devacc': np.float64(93.07), 'acc': np.float64(93.15), 'ndev': 10000, 'ntest': 10000}","{'devacc': np.float64(32.12), 'acc': np.float64(31.75), 'ndev': 10606, 'ntest': 10606}","{'devacc': np.float64(49.08), 'acc': 50.08, 'ndev': 872, 'ntest': 1821}","{'devacc': np.float64(83.68), 'acc': 90.6, 'ndev': 5452, 'ntest': 500}","{'devacc': np.float64(70.0), 'acc': 70.03, 'f1': 77.82, 'ndev': 4076, 'ntest': 1725}"
allmpnet,AVG-NS+SUM-NS+MAX-NS_LYR-3,"torch.Size([61, 2304])",NORMAL,4,0,12,"{'devacc': np.float64(77.53), 'acc': np.float64(77.84), 'ndev': 10662, 'ntest': 10662}","{'devacc': np.float64(63.08), 'acc': np.float64(64.93), 'ndev': 3775, 'ntest': 3775}","{'devacc': np.float64(92.9), 'acc': np.float64(93.04), 'ndev': 10000, 'ntest': 10000}","{'devacc': np.float64(31.74), 'acc': np.float64(31.75), 'ndev': 10606, 'ntest': 10606}","{'devacc': np.float64(49.08), 'acc': 50.08, 'ndev': 872, 'ntest': 1821}","{'devacc': np.float64(81.6), 'acc': 88.2, 'ndev': 5452, 'ntest': 500}","{'devacc': np.float64(70.36), 'acc': 69.28, 'f1': 77.41, 'ndev': 4076, 'ntest': 1725}"
allmpnet,CLS+AVG+SUM_LYR-4,"torch.Size([61, 2304])",NORMAL,4,0,12,"{'devacc': np.float64(80.5), 'acc': np.float64(80.74), 'ndev': 10662, 'ntest': 10662}","{'devacc': np.float64(82.95), 'acc': np.float64(83.61), 'ndev': 3775, 'ntest': 3775}","{'devacc': np.float64(93.52), 'acc': np.float64(93.51), 'ndev': 10000, 'ntest': 10000}","{'devacc': np.float64(88.51), 'acc': np.float64(88.71), 'ndev': 10606, 'ntest': 10606}","{'devacc': np.float64(85.67), 'acc': 85.67, 'ndev': 872, 'ntest': 1821}","{'devacc': np.float64(86.89), 'acc': 93.8, 'ndev': 5452, 'ntest': 500}","{'devacc': np.float64(72.74), 'acc': 71.36, 'f1': 78.74, 'ndev': 4076, 'ntest': 1725}"
allmpnet,CLS+AVG+MAX_LYR-4,"torch.Size([61, 2304])",NORMAL,4,0,12,"{'devacc': np.float64(80.54), 'acc': np.float64(80.55), 'ndev': 10662, 'ntest': 10662}","{'devacc': np.float64(85.42), 'acc': np.float64(85.35), 'ndev': 3775, 'ntest': 3775}","{'devacc': np.float64(94.97), 'acc': np.float64(95.03), 'ndev': 10000, 'ntest': 10000}","{'devacc': np.float64(89.63), 'acc': np.float64(89.76), 'ndev': 10606, 'ntest': 10606}","{'devacc': np.float64(84.17), 'acc': 84.13, 'ndev': 872, 'ntest': 1821}","{'devacc': np.float64(88.72), 'acc': 93.0, 'ndev': 5452, 'ntest': 500}","{'devacc': np.float64(74.04), 'acc': 74.03, 'f1': 80.9, 'ndev': 4076, 'ntest': 1725}"
allmpnet,CLS+AVG+AVG-NS_LYR-4,"torch.Size([61, 2304])",NORMAL,4,0,12,"{'devacc': np.float64(81.55), 'acc': np.float64(81.63), 'ndev': 10662, 'ntest': 10662}","{'devacc': np.float64(87.04), 'acc': np.float64(86.86), 'ndev': 3775, 'ntest': 3775}","{'devacc': np.float64(95.55), 'acc': np.float64(95.62), 'ndev': 10000, 'ntest': 10000}","{'devacc': np.float64(89.89), 'acc': np.float64(89.92), 'ndev': 10606, 'ntest': 10606}","{'devacc': np.float64(84.86), 'acc': 86.49, 'ndev': 872, 'ntest': 1821}","{'devacc': np.float64(88.02), 'acc': 93.0, 'ndev': 5452, 'ntest': 500}","{'devacc': np.float64(75.49), 'acc': 75.65, 'f1': 82.84, 'ndev': 4076, 'ntest': 1725}"
allmpnet,CLS+AVG+SUM-NS_LYR-4,"torch.Size([61, 2304])",NORMAL,4,0,12,"{'devacc': np.float64(79.82), 'acc': np.float64(80.01), 'ndev': 10662, 'ntest': 10662}","{'devacc': np.float64(82.14), 'acc': np.float64(82.09), 'ndev': 3775, 'ntest': 3775}","{'devacc': np.float64(93.34), 'acc': np.float64(93.39), 'ndev': 10000, 'ntest': 10000}","{'devacc': np.float64(89.04), 'acc': np.float64(89.16), 'ndev': 10606, 'ntest': 10606}","{'devacc': np.float64(83.26), 'acc': 85.34, 'ndev': 872, 'ntest': 1821}","{'devacc': np.float64(83.49), 'acc': 89.8, 'ndev': 5452, 'ntest': 500}","{'devacc': np.float64(71.27), 'acc': 70.32, 'f1': 78.23, 'ndev': 4076, 'ntest': 1725}"
allmpnet,CLS+AVG+MAX-NS_LYR-4,"torch.Size([61, 2304])",NORMAL,4,0,12,"{'devacc': np.float64(80.48), 'acc': np.float64(80.91), 'ndev': 10662, 'ntest': 10662}","{'devacc': np.float64(63.61), 'acc': np.float64(65.8), 'ndev': 3775, 'ntest': 3775}","{'devacc': np.float64(94.72), 'acc': np.float64(94.79), 'ndev': 10000, 'ntest': 10000}","{'devacc': np.float64(31.74), 'acc': np.float64(31.75), 'ndev': 10606, 'ntest': 10606}","{'devacc': np.float64(49.08), 'acc': 50.08, 'ndev': 872, 'ntest': 1821}","{'devacc': np.float64(87.69), 'acc': 92.8, 'ndev': 5452, 'ntest': 500}","{'devacc': np.float64(73.5), 'acc': 74.32, 'f1': 81.43, 'ndev': 4076, 'ntest': 1725}"
allmpnet,CLS+SUM+MAX_LYR-4,"torch.Size([61, 2304])",NORMAL,4,0,12,"{'devacc': np.float64(80.07), 'acc': np.float64(80.27), 'ndev': 10662, 'ntest': 10662}","{'devacc': np.float64(83.27), 'acc': np.float64(83.66), 'ndev': 3775, 'ntest': 3775}","{'devacc': np.float64(93.66), 'acc': np.float64(93.52), 'ndev': 10000, 'ntest': 10000}","{'devacc': np.float64(88.36), 'acc': np.float64(88.54), 'ndev': 10606, 'ntest': 10606}","{'devacc': np.float64(85.67), 'acc': 84.62, 'ndev': 872, 'ntest': 1821}","{'devacc': np.float64(87.38), 'acc': 93.4, 'ndev': 5452, 'ntest': 500}","{'devacc': np.float64(72.69), 'acc': 70.67, 'f1': 78.38, 'ndev': 4076, 'ntest': 1725}"
allmpnet,CLS+SUM+AVG-NS_LYR-4,"torch.Size([61, 2304])",NORMAL,4,0,12,"{'devacc': np.float64(80.42), 'acc': np.float64(80.51), 'ndev': 10662, 'ntest': 10662}","{'devacc': np.float64(82.97), 'acc': np.float64(83.76), 'ndev': 3775, 'ntest': 3775}","{'devacc': np.float64(93.54), 'acc': np.float64(93.44), 'ndev': 10000, 'ntest': 10000}","{'devacc': np.float64(88.52), 'acc': np.float64(88.78), 'ndev': 10606, 'ntest': 10606}","{'devacc': np.float64(85.55), 'acc': 85.78, 'ndev': 872, 'ntest': 1821}","{'devacc': np.float64(87.05), 'acc': 93.4, 'ndev': 5452, 'ntest': 500}","{'devacc': np.float64(72.62), 'acc': 71.42, 'f1': 78.89, 'ndev': 4076, 'ntest': 1725}"
allmpnet,CLS+SUM+SUM-NS_LYR-4,"torch.Size([61, 2304])",NORMAL,4,0,12,"{'devacc': np.float64(79.64), 'acc': np.float64(80.05), 'ndev': 10662, 'ntest': 10662}","{'devacc': np.float64(83.62), 'acc': np.float64(83.31), 'ndev': 3775, 'ntest': 3775}","{'devacc': np.float64(93.95), 'acc': np.float64(93.73), 'ndev': 10000, 'ntest': 10000}","{'devacc': np.float64(88.1), 'acc': np.float64(88.23), 'ndev': 10606, 'ntest': 10606}","{'devacc': np.float64(84.4), 'acc': 85.06, 'ndev': 872, 'ntest': 1821}","{'devacc': np.float64(87.45), 'acc': 93.4, 'ndev': 5452, 'ntest': 500}","{'devacc': np.float64(72.94), 'acc': 70.61, 'f1': 78.25, 'ndev': 4076, 'ntest': 1725}"
allmpnet,CLS+SUM+MAX-NS_LYR-4,"torch.Size([61, 2304])",NORMAL,4,0,12,"{'devacc': np.float64(80.04), 'acc': np.float64(80.02), 'ndev': 10662, 'ntest': 10662}","{'devacc': np.float64(66.39), 'acc': np.float64(67.15), 'ndev': 3775, 'ntest': 3775}","{'devacc': np.float64(93.65), 'acc': np.float64(93.58), 'ndev': 10000, 'ntest': 10000}","{'devacc': np.float64(32.12), 'acc': np.float64(31.75), 'ndev': 10606, 'ntest': 10606}","{'devacc': np.float64(49.08), 'acc': 50.08, 'ndev': 872, 'ntest': 1821}","{'devacc': np.float64(87.64), 'acc': 94.0, 'ndev': 5452, 'ntest': 500}","{'devacc': np.float64(72.74), 'acc': 71.3, 'f1': 78.73, 'ndev': 4076, 'ntest': 1725}"
allmpnet,CLS+MAX+AVG-NS_LYR-4,"torch.Size([61, 2304])",NORMAL,4,0,12,"{'devacc': np.float64(79.97), 'acc': np.float64(80.54), 'ndev': 10662, 'ntest': 10662}","{'devacc': np.float64(84.62), 'acc': np.float64(84.8), 'ndev': 3775, 'ntest': 3775}","{'devacc': np.float64(94.91), 'acc': np.float64(94.99), 'ndev': 10000, 'ntest': 10000}","{'devacc': np.float64(89.35), 'acc': np.float64(89.63), 'ndev': 10606, 'ntest': 10606}","{'devacc': np.float64(83.6), 'acc': 84.57, 'ndev': 872, 'ntest': 1821}","{'devacc': np.float64(88.66), 'acc': 93.4, 'ndev': 5452, 'ntest': 500}","{'devacc': np.float64(73.28), 'acc': 72.64, 'f1': 79.79, 'ndev': 4076, 'ntest': 1725}"
allmpnet,CLS+MAX+SUM-NS_LYR-4,"torch.Size([61, 2304])",NORMAL,4,0,12,"{'devacc': np.float64(79.17), 'acc': np.float64(79.5), 'ndev': 10662, 'ntest': 10662}","{'devacc': np.float64(82.62), 'acc': np.float64(83.07), 'ndev': 3775, 'ntest': 3775}","{'devacc': np.float64(93.41), 'acc': np.float64(93.34), 'ndev': 10000, 'ntest': 10000}","{'devacc': np.float64(88.59), 'acc': np.float64(88.75), 'ndev': 10606, 'ntest': 10606}","{'devacc': np.float64(83.03), 'acc': 84.84, 'ndev': 872, 'ntest': 1821}","{'devacc': np.float64(85.56), 'acc': 92.2, 'ndev': 5452, 'ntest': 500}","{'devacc': np.float64(71.52), 'acc': 70.49, 'f1': 78.28, 'ndev': 4076, 'ntest': 1725}"
allmpnet,CLS+MAX+MAX-NS_LYR-4,"torch.Size([61, 2304])",NORMAL,4,0,12,"{'devacc': np.float64(78.03), 'acc': np.float64(78.41), 'ndev': 10662, 'ntest': 10662}","{'devacc': np.float64(63.33), 'acc': np.float64(65.75), 'ndev': 3775, 'ntest': 3775}","{'devacc': np.float64(93.38), 'acc': np.float64(93.43), 'ndev': 10000, 'ntest': 10000}","{'devacc': np.float64(32.12), 'acc': np.float64(31.75), 'ndev': 10606, 'ntest': 10606}","{'devacc': np.float64(49.08), 'acc': 50.08, 'ndev': 872, 'ntest': 1821}","{'devacc': np.float64(87.07), 'acc': 91.8, 'ndev': 5452, 'ntest': 500}","{'devacc': np.float64(73.04), 'acc': 72.58, 'f1': 79.69, 'ndev': 4076, 'ntest': 1725}"
allmpnet,CLS+AVG-NS+SUM-NS_LYR-4,"torch.Size([61, 2304])",NORMAL,4,0,12,"{'devacc': np.float64(79.36), 'acc': np.float64(79.72), 'ndev': 10662, 'ntest': 10662}","{'devacc': np.float64(81.78), 'acc': np.float64(81.59), 'ndev': 3775, 'ntest': 3775}","{'devacc': np.float64(93.34), 'acc': np.float64(93.33), 'ndev': 10000, 'ntest': 10000}","{'devacc': np.float64(88.39), 'acc': np.float64(88.67), 'ndev': 10606, 'ntest': 10606}","{'devacc': np.float64(83.6), 'acc': 84.13, 'ndev': 872, 'ntest': 1821}","{'devacc': np.float64(82.5), 'acc': 88.4, 'ndev': 5452, 'ntest': 500}","{'devacc': np.float64(71.2), 'acc': 70.14, 'f1': 78.02, 'ndev': 4076, 'ntest': 1725}"
allmpnet,CLS+AVG-NS+MAX-NS_LYR-4,"torch.Size([61, 2304])",NORMAL,4,0,12,"{'devacc': np.float64(79.58), 'acc': np.float64(80.14), 'ndev': 10662, 'ntest': 10662}","{'devacc': np.float64(63.48), 'acc': np.float64(65.59), 'ndev': 3775, 'ntest': 3775}","{'devacc': np.float64(94.43), 'acc': np.float64(94.52), 'ndev': 10000, 'ntest': 10000}","{'devacc': np.float64(31.74), 'acc': np.float64(31.75), 'ndev': 10606, 'ntest': 10606}","{'devacc': np.float64(49.08), 'acc': 50.08, 'ndev': 872, 'ntest': 1821}","{'devacc': np.float64(84.28), 'acc': 90.6, 'ndev': 5452, 'ntest': 500}","{'devacc': np.float64(72.64), 'acc': 72.06, 'f1': 79.56, 'ndev': 4076, 'ntest': 1725}"
allmpnet,CLS+SUM-NS+MAX-NS_LYR-4,"torch.Size([61, 2304])",NORMAL,4,0,12,"{'devacc': np.float64(78.69), 'acc': np.float64(79.41), 'ndev': 10662, 'ntest': 10662}","{'devacc': np.float64(63.22), 'acc': np.float64(65.38), 'ndev': 3775, 'ntest': 3775}","{'devacc': np.float64(93.4), 'acc': np.float64(93.43), 'ndev': 10000, 'ntest': 10000}","{'devacc': np.float64(32.12), 'acc': np.float64(31.75), 'ndev': 10606, 'ntest': 10606}","{'devacc': np.float64(49.08), 'acc': 50.08, 'ndev': 872, 'ntest': 1821}","{'devacc': np.float64(83.62), 'acc': 90.0, 'ndev': 5452, 'ntest': 500}","{'devacc': np.float64(71.07), 'acc': 70.03, 'f1': 77.93, 'ndev': 4076, 'ntest': 1725}"
allmpnet,AVG+SUM+MAX_LYR-4,"torch.Size([61, 2304])",NORMAL,4,0,12,"{'devacc': np.float64(80.03), 'acc': np.float64(80.0), 'ndev': 10662, 'ntest': 10662}","{'devacc': np.float64(83.25), 'acc': np.float64(83.71), 'ndev': 3775, 'ntest': 3775}","{'devacc': np.float64(93.67), 'acc': np.float64(93.56), 'ndev': 10000, 'ntest': 10000}","{'devacc': np.float64(88.48), 'acc': np.float64(88.7), 'ndev': 10606, 'ntest': 10606}","{'devacc': np.float64(85.44), 'acc': 84.68, 'ndev': 872, 'ntest': 1821}","{'devacc': np.float64(87.4), 'acc': 94.0, 'ndev': 5452, 'ntest': 500}","{'devacc': np.float64(72.79), 'acc': 71.19, 'f1': 78.77, 'ndev': 4076, 'ntest': 1725}"
allmpnet,AVG+SUM+AVG-NS_LYR-4,"torch.Size([61, 2304])",NORMAL,4,0,12,"{'devacc': np.float64(80.45), 'acc': np.float64(80.61), 'ndev': 10662, 'ntest': 10662}","{'devacc': np.float64(82.97), 'acc': np.float64(83.68), 'ndev': 3775, 'ntest': 3775}","{'devacc': np.float64(93.53), 'acc': np.float64(93.55), 'ndev': 10000, 'ntest': 10000}","{'devacc': np.float64(88.56), 'acc': np.float64(88.81), 'ndev': 10606, 'ntest': 10606}","{'devacc': np.float64(86.01), 'acc': 85.83, 'ndev': 872, 'ntest': 1821}","{'devacc': np.float64(87.16), 'acc': 93.0, 'ndev': 5452, 'ntest': 500}","{'devacc': np.float64(72.62), 'acc': 71.42, 'f1': 78.85, 'ndev': 4076, 'ntest': 1725}"
allmpnet,AVG+SUM+SUM-NS_LYR-4,"torch.Size([61, 2304])",NORMAL,4,0,12,"{'devacc': np.float64(79.64), 'acc': np.float64(79.86), 'ndev': 10662, 'ntest': 10662}","{'devacc': np.float64(83.7), 'acc': np.float64(83.34), 'ndev': 3775, 'ntest': 3775}","{'devacc': np.float64(93.93), 'acc': np.float64(93.75), 'ndev': 10000, 'ntest': 10000}","{'devacc': np.float64(88.33), 'acc': np.float64(88.57), 'ndev': 10606, 'ntest': 10606}","{'devacc': np.float64(84.52), 'acc': 85.12, 'ndev': 872, 'ntest': 1821}","{'devacc': np.float64(87.62), 'acc': 93.6, 'ndev': 5452, 'ntest': 500}","{'devacc': np.float64(72.33), 'acc': 70.72, 'f1': 78.48, 'ndev': 4076, 'ntest': 1725}"
allmpnet,AVG+SUM+MAX-NS_LYR-4,"torch.Size([61, 2304])",NORMAL,4,0,12,"{'devacc': np.float64(80.06), 'acc': np.float64(80.02), 'ndev': 10662, 'ntest': 10662}","{'devacc': np.float64(66.73), 'acc': np.float64(67.07), 'ndev': 3775, 'ntest': 3775}","{'devacc': np.float64(93.65), 'acc': np.float64(93.59), 'ndev': 10000, 'ntest': 10000}","{'devacc': np.float64(32.12), 'acc': np.float64(31.75), 'ndev': 10606, 'ntest': 10606}","{'devacc': np.float64(49.08), 'acc': 50.08, 'ndev': 872, 'ntest': 1821}","{'devacc': np.float64(87.53), 'acc': 93.0, 'ndev': 5452, 'ntest': 500}","{'devacc': np.float64(72.57), 'acc': 71.54, 'f1': 79.22, 'ndev': 4076, 'ntest': 1725}"
allmpnet,AVG+MAX+AVG-NS_LYR-4,"torch.Size([61, 2304])",NORMAL,4,0,12,"{'devacc': np.float64(80.43), 'acc': np.float64(80.68), 'ndev': 10662, 'ntest': 10662}","{'devacc': np.float64(85.5), 'acc': np.float64(85.7), 'ndev': 3775, 'ntest': 3775}","{'devacc': np.float64(95.25), 'acc': np.float64(95.37), 'ndev': 10000, 'ntest': 10000}","{'devacc': np.float64(89.54), 'acc': np.float64(89.88), 'ndev': 10606, 'ntest': 10606}","{'devacc': np.float64(83.72), 'acc': 84.57, 'ndev': 872, 'ntest': 1821}","{'devacc': np.float64(89.21), 'acc': 94.2, 'ndev': 5452, 'ntest': 500}","{'devacc': np.float64(74.14), 'acc': 73.1, 'f1': 80.12, 'ndev': 4076, 'ntest': 1725}"
allmpnet,AVG+MAX+SUM-NS_LYR-4,"torch.Size([61, 2304])",NORMAL,4,0,12,"{'devacc': np.float64(79.46), 'acc': np.float64(79.82), 'ndev': 10662, 'ntest': 10662}","{'devacc': np.float64(82.86), 'acc': np.float64(83.26), 'ndev': 3775, 'ntest': 3775}","{'devacc': np.float64(93.49), 'acc': np.float64(93.45), 'ndev': 10000, 'ntest': 10000}","{'devacc': np.float64(88.75), 'acc': np.float64(89.16), 'ndev': 10606, 'ntest': 10606}","{'devacc': np.float64(83.94), 'acc': 85.39, 'ndev': 872, 'ntest': 1821}","{'devacc': np.float64(85.9), 'acc': 92.6, 'ndev': 5452, 'ntest': 500}","{'devacc': np.float64(71.22), 'acc': 70.14, 'f1': 78.11, 'ndev': 4076, 'ntest': 1725}"
allmpnet,AVG+MAX+MAX-NS_LYR-4,"torch.Size([61, 2304])",NORMAL,4,0,12,"{'devacc': np.float64(79.91), 'acc': np.float64(80.23), 'ndev': 10662, 'ntest': 10662}","{'devacc': np.float64(63.59), 'acc': np.float64(65.77), 'ndev': 3775, 'ntest': 3775}","{'devacc': np.float64(94.53), 'acc': np.float64(94.69), 'ndev': 10000, 'ntest': 10000}","{'devacc': np.float64(31.74), 'acc': np.float64(31.75), 'ndev': 10606, 'ntest': 10606}","{'devacc': np.float64(49.08), 'acc': 50.08, 'ndev': 872, 'ntest': 1821}","{'devacc': np.float64(88.33), 'acc': 93.2, 'ndev': 5452, 'ntest': 500}","{'devacc': np.float64(73.16), 'acc': 73.04, 'f1': 80.1, 'ndev': 4076, 'ntest': 1725}"
allmpnet,AVG+AVG-NS+SUM-NS_LYR-4,"torch.Size([61, 2304])",NORMAL,4,0,12,"{'devacc': np.float64(79.74), 'acc': np.float64(80.07), 'ndev': 10662, 'ntest': 10662}","{'devacc': np.float64(82.18), 'acc': np.float64(82.15), 'ndev': 3775, 'ntest': 3775}","{'devacc': np.float64(93.36), 'acc': np.float64(93.42), 'ndev': 10000, 'ntest': 10000}","{'devacc': np.float64(88.97), 'acc': np.float64(89.2), 'ndev': 10606, 'ntest': 10606}","{'devacc': np.float64(83.83), 'acc': 84.73, 'ndev': 872, 'ntest': 1821}","{'devacc': np.float64(83.69), 'acc': 89.6, 'ndev': 5452, 'ntest': 500}","{'devacc': np.float64(70.19), 'acc': 69.1, 'f1': 77.13, 'ndev': 4076, 'ntest': 1725}"
allmpnet,AVG+AVG-NS+MAX-NS_LYR-4,"torch.Size([61, 2304])",NORMAL,4,0,12,"{'devacc': np.float64(80.51), 'acc': np.float64(80.82), 'ndev': 10662, 'ntest': 10662}","{'devacc': np.float64(63.67), 'acc': np.float64(65.72), 'ndev': 3775, 'ntest': 3775}","{'devacc': np.float64(94.99), 'acc': np.float64(95.04), 'ndev': 10000, 'ntest': 10000}","{'devacc': np.float64(31.74), 'acc': np.float64(31.75), 'ndev': 10606, 'ntest': 10606}","{'devacc': np.float64(49.08), 'acc': 50.08, 'ndev': 872, 'ntest': 1821}","{'devacc': np.float64(87.66), 'acc': 92.6, 'ndev': 5452, 'ntest': 500}","{'devacc': np.float64(73.7), 'acc': 73.39, 'f1': 80.44, 'ndev': 4076, 'ntest': 1725}"
allmpnet,AVG+SUM-NS+MAX-NS_LYR-4,"torch.Size([61, 2304])",NORMAL,4,0,12,"{'devacc': np.float64(79.02), 'acc': np.float64(79.43), 'ndev': 10662, 'ntest': 10662}","{'devacc': np.float64(63.3), 'acc': np.float64(65.46), 'ndev': 3775, 'ntest': 3775}","{'devacc': np.float64(93.49), 'acc': np.float64(93.44), 'ndev': 10000, 'ntest': 10000}","{'devacc': np.float64(31.74), 'acc': np.float64(31.75), 'ndev': 10606, 'ntest': 10606}","{'devacc': np.float64(49.08), 'acc': 50.08, 'ndev': 872, 'ntest': 1821}","{'devacc': np.float64(84.63), 'acc': 90.8, 'ndev': 5452, 'ntest': 500}","{'devacc': np.float64(71.32), 'acc': 69.97, 'f1': 77.88, 'ndev': 4076, 'ntest': 1725}"
allmpnet,SUM+MAX+AVG-NS_LYR-4,"torch.Size([61, 2304])",NORMAL,4,0,12,"{'devacc': np.float64(80.08), 'acc': np.float64(80.18), 'ndev': 10662, 'ntest': 10662}","{'devacc': np.float64(83.3), 'acc': np.float64(83.9), 'ndev': 3775, 'ntest': 3775}","{'devacc': np.float64(93.7), 'acc': np.float64(93.57), 'ndev': 10000, 'ntest': 10000}","{'devacc': np.float64(88.5), 'acc': np.float64(88.89), 'ndev': 10606, 'ntest': 10606}","{'devacc': np.float64(85.67), 'acc': 85.17, 'ndev': 872, 'ntest': 1821}","{'devacc': np.float64(87.75), 'acc': 93.6, 'ndev': 5452, 'ntest': 500}","{'devacc': np.float64(72.99), 'acc': 71.19, 'f1': 78.7, 'ndev': 4076, 'ntest': 1725}"
allmpnet,SUM+MAX+SUM-NS_LYR-4,"torch.Size([61, 2304])",NORMAL,4,0,12,"{'devacc': np.float64(79.47), 'acc': np.float64(79.58), 'ndev': 10662, 'ntest': 10662}","{'devacc': np.float64(83.99), 'acc': np.float64(83.63), 'ndev': 3775, 'ntest': 3775}","{'devacc': np.float64(94.08), 'acc': np.float64(93.88), 'ndev': 10000, 'ntest': 10000}","{'devacc': np.float64(88.24), 'acc': np.float64(88.38), 'ndev': 10606, 'ntest': 10606}","{'devacc': np.float64(84.63), 'acc': 84.68, 'ndev': 872, 'ntest': 1821}","{'devacc': np.float64(87.73), 'acc': 93.4, 'ndev': 5452, 'ntest': 500}","{'devacc': np.float64(72.72), 'acc': 69.97, 'f1': 77.69, 'ndev': 4076, 'ntest': 1725}"
allmpnet,SUM+MAX+MAX-NS_LYR-4,"torch.Size([61, 2304])",NORMAL,4,0,12,"{'devacc': np.float64(79.79), 'acc': np.float64(79.81), 'ndev': 10662, 'ntest': 10662}","{'devacc': np.float64(66.55), 'acc': np.float64(66.75), 'ndev': 3775, 'ntest': 3775}","{'devacc': np.float64(93.79), 'acc': np.float64(93.74), 'ndev': 10000, 'ntest': 10000}","{'devacc': np.float64(32.12), 'acc': np.float64(31.75), 'ndev': 10606, 'ntest': 10606}","{'devacc': np.float64(49.08), 'acc': 50.08, 'ndev': 872, 'ntest': 1821}","{'devacc': np.float64(88.1), 'acc': 93.8, 'ndev': 5452, 'ntest': 500}","{'devacc': np.float64(72.99), 'acc': 71.25, 'f1': 79.0, 'ndev': 4076, 'ntest': 1725}"
allmpnet,SUM+AVG-NS+SUM-NS_LYR-4,"torch.Size([61, 2304])",NORMAL,4,0,12,"{'devacc': np.float64(79.65), 'acc': np.float64(79.82), 'ndev': 10662, 'ntest': 10662}","{'devacc': np.float64(83.67), 'acc': np.float64(83.6), 'ndev': 3775, 'ntest': 3775}","{'devacc': np.float64(93.94), 'acc': np.float64(93.68), 'ndev': 10000, 'ntest': 10000}","{'devacc': np.float64(88.4), 'acc': np.float64(88.32), 'ndev': 10606, 'ntest': 10606}","{'devacc': np.float64(84.98), 'acc': 85.45, 'ndev': 872, 'ntest': 1821}","{'devacc': np.float64(87.55), 'acc': 93.6, 'ndev': 5452, 'ntest': 500}","{'devacc': np.float64(72.45), 'acc': 70.84, 'f1': 78.38, 'ndev': 4076, 'ntest': 1725}"
allmpnet,SUM+AVG-NS+MAX-NS_LYR-4,"torch.Size([61, 2304])",NORMAL,4,0,12,"{'devacc': np.float64(79.97), 'acc': np.float64(80.13), 'ndev': 10662, 'ntest': 10662}","{'devacc': np.float64(67.04), 'acc': np.float64(67.1), 'ndev': 3775, 'ntest': 3775}","{'devacc': np.float64(93.66), 'acc': np.float64(93.65), 'ndev': 10000, 'ntest': 10000}","{'devacc': np.float64(31.74), 'acc': np.float64(31.75), 'ndev': 10606, 'ntest': 10606}","{'devacc': np.float64(49.08), 'acc': 50.08, 'ndev': 872, 'ntest': 1821}","{'devacc': np.float64(87.67), 'acc': 93.8, 'ndev': 5452, 'ntest': 500}","{'devacc': np.float64(72.64), 'acc': 71.07, 'f1': 78.67, 'ndev': 4076, 'ntest': 1725}"
allmpnet,SUM+SUM-NS+MAX-NS_LYR-4,"torch.Size([61, 2304])",NORMAL,4,0,12,"{'devacc': np.float64(79.47), 'acc': np.float64(79.7), 'ndev': 10662, 'ntest': 10662}","{'devacc': np.float64(68.04), 'acc': np.float64(66.97), 'ndev': 3775, 'ntest': 3775}","{'devacc': np.float64(94.07), 'acc': np.float64(93.89), 'ndev': 10000, 'ntest': 10000}","{'devacc': np.float64(32.12), 'acc': np.float64(31.75), 'ndev': 10606, 'ntest': 10606}","{'devacc': np.float64(49.08), 'acc': 50.08, 'ndev': 872, 'ntest': 1821}","{'devacc': np.float64(87.66), 'acc': 93.0, 'ndev': 5452, 'ntest': 500}","{'devacc': np.float64(72.6), 'acc': 70.55, 'f1': 78.23, 'ndev': 4076, 'ntest': 1725}"
allmpnet,MAX+AVG-NS+SUM-NS_LYR-4,"torch.Size([61, 2304])",NORMAL,4,0,12,"{'devacc': np.float64(79.32), 'acc': np.float64(79.85), 'ndev': 10662, 'ntest': 10662}","{'devacc': np.float64(82.7), 'acc': np.float64(82.86), 'ndev': 3775, 'ntest': 3775}","{'devacc': np.float64(93.48), 'acc': np.float64(93.48), 'ndev': 10000, 'ntest': 10000}","{'devacc': np.float64(88.61), 'acc': np.float64(88.8), 'ndev': 10606, 'ntest': 10606}","{'devacc': np.float64(83.37), 'acc': 83.96, 'ndev': 872, 'ntest': 1821}","{'devacc': np.float64(85.88), 'acc': 91.2, 'ndev': 5452, 'ntest': 500}","{'devacc': np.float64(71.47), 'acc': 70.61, 'f1': 78.51, 'ndev': 4076, 'ntest': 1725}"
allmpnet,MAX+AVG-NS+MAX-NS_LYR-4,"torch.Size([61, 2304])",NORMAL,4,0,12,"{'devacc': np.float64(79.5), 'acc': np.float64(80.02), 'ndev': 10662, 'ntest': 10662}","{'devacc': np.float64(63.48), 'acc': np.float64(65.83), 'ndev': 3775, 'ntest': 3775}","{'devacc': np.float64(94.47), 'acc': np.float64(94.62), 'ndev': 10000, 'ntest': 10000}","{'devacc': np.float64(32.12), 'acc': np.float64(31.75), 'ndev': 10606, 'ntest': 10606}","{'devacc': np.float64(49.08), 'acc': 50.08, 'ndev': 872, 'ntest': 1821}","{'devacc': np.float64(88.24), 'acc': 92.8, 'ndev': 5452, 'ntest': 500}","{'devacc': np.float64(73.26), 'acc': 72.81, 'f1': 79.88, 'ndev': 4076, 'ntest': 1725}"
allmpnet,MAX+SUM-NS+MAX-NS_LYR-4,"torch.Size([61, 2304])",NORMAL,4,0,12,"{'devacc': np.float64(78.82), 'acc': np.float64(79.4), 'ndev': 10662, 'ntest': 10662}","{'devacc': np.float64(63.27), 'acc': np.float64(65.4), 'ndev': 3775, 'ntest': 3775}","{'devacc': np.float64(93.57), 'acc': np.float64(93.4), 'ndev': 10000, 'ntest': 10000}","{'devacc': np.float64(31.74), 'acc': np.float64(31.75), 'ndev': 10606, 'ntest': 10606}","{'devacc': np.float64(49.08), 'acc': 50.08, 'ndev': 872, 'ntest': 1821}","{'devacc': np.float64(85.77), 'acc': 92.4, 'ndev': 5452, 'ntest': 500}","{'devacc': np.float64(71.79), 'acc': 70.67, 'f1': 78.36, 'ndev': 4076, 'ntest': 1725}"
allmpnet,AVG-NS+SUM-NS+MAX-NS_LYR-4,"torch.Size([61, 2304])",NORMAL,4,0,12,"{'devacc': np.float64(78.67), 'acc': np.float64(79.48), 'ndev': 10662, 'ntest': 10662}","{'devacc': np.float64(63.22), 'acc': np.float64(65.32), 'ndev': 3775, 'ntest': 3775}","{'devacc': np.float64(93.43), 'acc': np.float64(93.38), 'ndev': 10000, 'ntest': 10000}","{'devacc': np.float64(31.74), 'acc': np.float64(31.75), 'ndev': 10606, 'ntest': 10606}","{'devacc': np.float64(49.08), 'acc': 50.08, 'ndev': 872, 'ntest': 1821}","{'devacc': np.float64(83.71), 'acc': 89.8, 'ndev': 5452, 'ntest': 500}","{'devacc': np.float64(70.98), 'acc': 69.57, 'f1': 77.48, 'ndev': 4076, 'ntest': 1725}"
allmpnet,CLS+AVG+SUM_LYR-5,"torch.Size([61, 2304])",NORMAL,4,0,12,"{'devacc': np.float64(83.26), 'acc': np.float64(83.76), 'ndev': 10662, 'ntest': 10662}","{'devacc': np.float64(85.85), 'acc': np.float64(85.35), 'ndev': 3775, 'ntest': 3775}","{'devacc': np.float64(93.93), 'acc': np.float64(93.86), 'ndev': 10000, 'ntest': 10000}","{'devacc': np.float64(89.51), 'acc': np.float64(89.68), 'ndev': 10606, 'ntest': 10606}","{'devacc': np.float64(87.61), 'acc': 88.8, 'ndev': 872, 'ntest': 1821}","{'devacc': np.float64(87.73), 'acc': 94.4, 'ndev': 5452, 'ntest': 500}","{'devacc': np.float64(73.28), 'acc': 71.54, 'f1': 78.61, 'ndev': 4076, 'ntest': 1725}"
allmpnet,CLS+AVG+MAX_LYR-5,"torch.Size([61, 2304])",NORMAL,4,0,12,"{'devacc': np.float64(83.45), 'acc': np.float64(83.74), 'ndev': 10662, 'ntest': 10662}","{'devacc': np.float64(88.91), 'acc': np.float64(89.04), 'ndev': 3775, 'ntest': 3775}","{'devacc': np.float64(95.76), 'acc': np.float64(95.84), 'ndev': 10000, 'ntest': 10000}","{'devacc': np.float64(90.26), 'acc': np.float64(90.35), 'ndev': 10606, 'ntest': 10606}","{'devacc': np.float64(86.93), 'acc': 88.52, 'ndev': 872, 'ntest': 1821}","{'devacc': np.float64(89.43), 'acc': 95.0, 'ndev': 5452, 'ntest': 500}","{'devacc': np.float64(74.29), 'acc': 74.84, 'f1': 81.56, 'ndev': 4076, 'ntest': 1725}"
allmpnet,CLS+AVG+AVG-NS_LYR-5,"torch.Size([61, 2304])",NORMAL,4,0,12,"{'devacc': np.float64(84.4), 'acc': np.float64(84.56), 'ndev': 10662, 'ntest': 10662}","{'devacc': np.float64(89.79), 'acc': np.float64(89.57), 'ndev': 3775, 'ntest': 3775}","{'devacc': np.float64(96.01), 'acc': np.float64(95.87), 'ndev': 10000, 'ntest': 10000}","{'devacc': np.float64(90.59), 'acc': np.float64(90.76), 'ndev': 10606, 'ntest': 10606}","{'devacc': np.float64(87.5), 'acc': 88.69, 'ndev': 872, 'ntest': 1821}","{'devacc': np.float64(88.68), 'acc': 94.8, 'ndev': 5452, 'ntest': 500}","{'devacc': np.float64(76.27), 'acc': 76.81, 'f1': 83.65, 'ndev': 4076, 'ntest': 1725}"
allmpnet,CLS+AVG+SUM-NS_LYR-5,"torch.Size([61, 2304])",NORMAL,4,0,12,"{'devacc': np.float64(82.3), 'acc': np.float64(82.47), 'ndev': 10662, 'ntest': 10662}","{'devacc': np.float64(84.21), 'acc': np.float64(84.85), 'ndev': 3775, 'ntest': 3775}","{'devacc': np.float64(94.05), 'acc': np.float64(93.99), 'ndev': 10000, 'ntest': 10000}","{'devacc': np.float64(89.7), 'acc': np.float64(89.76), 'ndev': 10606, 'ntest': 10606}","{'devacc': np.float64(87.5), 'acc': 88.3, 'ndev': 872, 'ntest': 1821}","{'devacc': np.float64(84.32), 'acc': 90.2, 'ndev': 5452, 'ntest': 500}","{'devacc': np.float64(70.83), 'acc': 71.71, 'f1': 79.22, 'ndev': 4076, 'ntest': 1725}"
allmpnet,CLS+AVG+MAX-NS_LYR-5,"torch.Size([61, 2304])",NORMAL,4,0,12,"{'devacc': np.float64(83.47), 'acc': np.float64(83.58), 'ndev': 10662, 'ntest': 10662}","{'devacc': np.float64(63.98), 'acc': np.float64(65.54), 'ndev': 3775, 'ntest': 3775}","{'devacc': np.float64(95.59), 'acc': np.float64(95.8), 'ndev': 10000, 'ntest': 10000}","{'devacc': np.float64(31.74), 'acc': np.float64(31.75), 'ndev': 10606, 'ntest': 10606}","{'devacc': np.float64(49.08), 'acc': 50.08, 'ndev': 872, 'ntest': 1821}","{'devacc': np.float64(87.6), 'acc': 92.2, 'ndev': 5452, 'ntest': 500}","{'devacc': np.float64(74.12), 'acc': 74.72, 'f1': 81.54, 'ndev': 4076, 'ntest': 1725}"
allmpnet,CLS+SUM+MAX_LYR-5,"torch.Size([61, 2304])",NORMAL,4,0,12,"{'devacc': np.float64(82.92), 'acc': np.float64(83.25), 'ndev': 10662, 'ntest': 10662}","{'devacc': np.float64(86.12), 'acc': np.float64(85.25), 'ndev': 3775, 'ntest': 3775}","{'devacc': np.float64(94.06), 'acc': np.float64(94.06), 'ndev': 10000, 'ntest': 10000}","{'devacc': np.float64(89.27), 'acc': np.float64(89.45), 'ndev': 10606, 'ntest': 10606}","{'devacc': np.float64(87.96), 'acc': 88.41, 'ndev': 872, 'ntest': 1821}","{'devacc': np.float64(88.08), 'acc': 94.4, 'ndev': 5452, 'ntest': 500}","{'devacc': np.float64(73.18), 'acc': 72.29, 'f1': 79.16, 'ndev': 4076, 'ntest': 1725}"
allmpnet,CLS+SUM+AVG-NS_LYR-5,"torch.Size([61, 2304])",NORMAL,4,0,12,"{'devacc': np.float64(83.2), 'acc': np.float64(83.89), 'ndev': 10662, 'ntest': 10662}","{'devacc': np.float64(85.88), 'acc': np.float64(85.3), 'ndev': 3775, 'ntest': 3775}","{'devacc': np.float64(93.96), 'acc': np.float64(93.95), 'ndev': 10000, 'ntest': 10000}","{'devacc': np.float64(89.38), 'acc': np.float64(89.61), 'ndev': 10606, 'ntest': 10606}","{'devacc': np.float64(87.96), 'acc': 88.69, 'ndev': 872, 'ntest': 1821}","{'devacc': np.float64(87.89), 'acc': 93.4, 'ndev': 5452, 'ntest': 500}","{'devacc': np.float64(73.09), 'acc': 72.06, 'f1': 79.12, 'ndev': 4076, 'ntest': 1725}"
allmpnet,CLS+SUM+SUM-NS_LYR-5,"torch.Size([61, 2304])",NORMAL,4,0,12,"{'devacc': np.float64(82.0), 'acc': np.float64(82.39), 'ndev': 10662, 'ntest': 10662}","{'devacc': np.float64(86.49), 'acc': np.float64(86.46), 'ndev': 3775, 'ntest': 3775}","{'devacc': np.float64(94.47), 'acc': np.float64(94.58), 'ndev': 10000, 'ntest': 10000}","{'devacc': np.float64(88.91), 'acc': np.float64(89.08), 'ndev': 10606, 'ntest': 10606}","{'devacc': np.float64(86.35), 'acc': 88.41, 'ndev': 872, 'ntest': 1821}","{'devacc': np.float64(88.02), 'acc': 95.0, 'ndev': 5452, 'ntest': 500}","{'devacc': np.float64(73.04), 'acc': 71.71, 'f1': 78.62, 'ndev': 4076, 'ntest': 1725}"
allmpnet,CLS+SUM+MAX-NS_LYR-5,"torch.Size([61, 2304])",NORMAL,4,0,12,"{'devacc': np.float64(82.91), 'acc': np.float64(83.14), 'ndev': 10662, 'ntest': 10662}","{'devacc': np.float64(67.08), 'acc': np.float64(67.36), 'ndev': 3775, 'ntest': 3775}","{'devacc': np.float64(94.06), 'acc': np.float64(94.01), 'ndev': 10000, 'ntest': 10000}","{'devacc': np.float64(32.12), 'acc': np.float64(31.75), 'ndev': 10606, 'ntest': 10606}","{'devacc': np.float64(49.08), 'acc': 50.08, 'ndev': 872, 'ntest': 1821}","{'devacc': np.float64(88.17), 'acc': 94.2, 'ndev': 5452, 'ntest': 500}","{'devacc': np.float64(73.04), 'acc': 72.06, 'f1': 78.95, 'ndev': 4076, 'ntest': 1725}"
allmpnet,CLS+MAX+AVG-NS_LYR-5,"torch.Size([61, 2304])",NORMAL,4,0,12,"{'devacc': np.float64(82.99), 'acc': np.float64(83.3), 'ndev': 10662, 'ntest': 10662}","{'devacc': np.float64(88.16), 'acc': np.float64(88.61), 'ndev': 3775, 'ntest': 3775}","{'devacc': np.float64(95.68), 'acc': np.float64(95.68), 'ndev': 10000, 'ntest': 10000}","{'devacc': np.float64(89.9), 'acc': np.float64(89.97), 'ndev': 10606, 'ntest': 10606}","{'devacc': np.float64(86.58), 'acc': 88.25, 'ndev': 872, 'ntest': 1821}","{'devacc': np.float64(89.05), 'acc': 94.2, 'ndev': 5452, 'ntest': 500}","{'devacc': np.float64(73.87), 'acc': 74.2, 'f1': 81.09, 'ndev': 4076, 'ntest': 1725}"
allmpnet,CLS+MAX+SUM-NS_LYR-5,"torch.Size([61, 2304])",NORMAL,4,0,12,"{'devacc': np.float64(81.82), 'acc': np.float64(82.08), 'ndev': 10662, 'ntest': 10662}","{'devacc': np.float64(84.81), 'acc': np.float64(84.98), 'ndev': 3775, 'ntest': 3775}","{'devacc': np.float64(94.18), 'acc': np.float64(94.24), 'ndev': 10000, 'ntest': 10000}","{'devacc': np.float64(89.31), 'acc': np.float64(89.66), 'ndev': 10606, 'ntest': 10606}","{'devacc': np.float64(86.58), 'acc': 87.7, 'ndev': 872, 'ntest': 1821}","{'devacc': np.float64(85.53), 'acc': 92.6, 'ndev': 5452, 'ntest': 500}","{'devacc': np.float64(70.78), 'acc': 71.25, 'f1': 78.73, 'ndev': 4076, 'ntest': 1725}"
allmpnet,CLS+MAX+MAX-NS_LYR-5,"torch.Size([61, 2304])",NORMAL,4,0,12,"{'devacc': np.float64(81.5), 'acc': np.float64(81.78), 'ndev': 10662, 'ntest': 10662}","{'devacc': np.float64(63.77), 'acc': np.float64(65.61), 'ndev': 3775, 'ntest': 3775}","{'devacc': np.float64(95.07), 'acc': np.float64(95.28), 'ndev': 10000, 'ntest': 10000}","{'devacc': np.float64(31.74), 'acc': np.float64(31.75), 'ndev': 10606, 'ntest': 10606}","{'devacc': np.float64(49.08), 'acc': 50.08, 'ndev': 872, 'ntest': 1821}","{'devacc': np.float64(87.51), 'acc': 93.6, 'ndev': 5452, 'ntest': 500}","{'devacc': np.float64(73.01), 'acc': 74.72, 'f1': 81.35, 'ndev': 4076, 'ntest': 1725}"
allmpnet,CLS+AVG-NS+SUM-NS_LYR-5,"torch.Size([61, 2304])",NORMAL,4,0,12,"{'devacc': np.float64(82.06), 'acc': np.float64(82.39), 'ndev': 10662, 'ntest': 10662}","{'devacc': np.float64(83.9), 'acc': np.float64(84.48), 'ndev': 3775, 'ntest': 3775}","{'devacc': np.float64(94.02), 'acc': np.float64(93.97), 'ndev': 10000, 'ntest': 10000}","{'devacc': np.float64(89.12), 'acc': np.float64(89.38), 'ndev': 10606, 'ntest': 10606}","{'devacc': np.float64(86.81), 'acc': 87.64, 'ndev': 872, 'ntest': 1821}","{'devacc': np.float64(83.58), 'acc': 89.8, 'ndev': 5452, 'ntest': 500}","{'devacc': np.float64(70.63), 'acc': 71.3, 'f1': 78.86, 'ndev': 4076, 'ntest': 1725}"
allmpnet,CLS+AVG-NS+MAX-NS_LYR-5,"torch.Size([61, 2304])",NORMAL,4,0,12,"{'devacc': np.float64(82.6), 'acc': np.float64(82.71), 'ndev': 10662, 'ntest': 10662}","{'devacc': np.float64(63.82), 'acc': np.float64(65.69), 'ndev': 3775, 'ntest': 3775}","{'devacc': np.float64(95.45), 'acc': np.float64(95.77), 'ndev': 10000, 'ntest': 10000}","{'devacc': np.float64(31.74), 'acc': np.float64(31.75), 'ndev': 10606, 'ntest': 10606}","{'devacc': np.float64(49.08), 'acc': 50.08, 'ndev': 872, 'ntest': 1821}","{'devacc': np.float64(84.94), 'acc': 90.6, 'ndev': 5452, 'ntest': 500}","{'devacc': np.float64(73.01), 'acc': 73.86, 'f1': 80.9, 'ndev': 4076, 'ntest': 1725}"
allmpnet,CLS+SUM-NS+MAX-NS_LYR-5,"torch.Size([61, 2304])",NORMAL,4,0,12,"{'devacc': np.float64(81.44), 'acc': np.float64(81.93), 'ndev': 10662, 'ntest': 10662}","{'devacc': np.float64(63.52), 'acc': np.float64(65.54), 'ndev': 3775, 'ntest': 3775}","{'devacc': np.float64(94.11), 'acc': np.float64(94.26), 'ndev': 10000, 'ntest': 10000}","{'devacc': np.float64(31.74), 'acc': np.float64(31.75), 'ndev': 10606, 'ntest': 10606}","{'devacc': np.float64(49.08), 'acc': 50.08, 'ndev': 872, 'ntest': 1821}","{'devacc': np.float64(84.34), 'acc': 91.2, 'ndev': 5452, 'ntest': 500}","{'devacc': np.float64(70.51), 'acc': 70.72, 'f1': 78.22, 'ndev': 4076, 'ntest': 1725}"
allmpnet,AVG+SUM+MAX_LYR-5,"torch.Size([61, 2304])",NORMAL,4,0,12,"{'devacc': np.float64(82.88), 'acc': np.float64(83.3), 'ndev': 10662, 'ntest': 10662}","{'devacc': np.float64(86.05), 'acc': np.float64(85.09), 'ndev': 3775, 'ntest': 3775}","{'devacc': np.float64(94.05), 'acc': np.float64(93.91), 'ndev': 10000, 'ntest': 10000}","{'devacc': np.float64(89.35), 'acc': np.float64(89.52), 'ndev': 10606, 'ntest': 10606}","{'devacc': np.float64(87.84), 'acc': 88.52, 'ndev': 872, 'ntest': 1821}","{'devacc': np.float64(88.19), 'acc': 94.4, 'ndev': 5452, 'ntest': 500}","{'devacc': np.float64(72.96), 'acc': 72.17, 'f1': 79.08, 'ndev': 4076, 'ntest': 1725}"
allmpnet,AVG+SUM+AVG-NS_LYR-5,"torch.Size([61, 2304])",NORMAL,4,0,12,"{'devacc': np.float64(83.22), 'acc': np.float64(83.66), 'ndev': 10662, 'ntest': 10662}","{'devacc': np.float64(85.88), 'acc': np.float64(85.19), 'ndev': 3775, 'ntest': 3775}","{'devacc': np.float64(93.93), 'acc': np.float64(93.8), 'ndev': 10000, 'ntest': 10000}","{'devacc': np.float64(89.36), 'acc': np.float64(89.68), 'ndev': 10606, 'ntest': 10606}","{'devacc': np.float64(88.07), 'acc': 88.63, 'ndev': 872, 'ntest': 1821}","{'devacc': np.float64(87.89), 'acc': 94.6, 'ndev': 5452, 'ntest': 500}","{'devacc': np.float64(72.91), 'acc': 71.71, 'f1': 78.73, 'ndev': 4076, 'ntest': 1725}"
allmpnet,AVG+SUM+SUM-NS_LYR-5,"torch.Size([61, 2304])",NORMAL,4,0,12,"{'devacc': np.float64(82.0), 'acc': np.float64(82.42), 'ndev': 10662, 'ntest': 10662}","{'devacc': np.float64(86.47), 'acc': np.float64(86.49), 'ndev': 3775, 'ntest': 3775}","{'devacc': np.float64(94.5), 'acc': np.float64(94.38), 'ndev': 10000, 'ntest': 10000}","{'devacc': np.float64(89.04), 'acc': np.float64(89.24), 'ndev': 10606, 'ntest': 10606}","{'devacc': np.float64(87.16), 'acc': 88.58, 'ndev': 872, 'ntest': 1821}","{'devacc': np.float64(88.04), 'acc': 95.0, 'ndev': 5452, 'ntest': 500}","{'devacc': np.float64(73.16), 'acc': 72.06, 'f1': 79.04, 'ndev': 4076, 'ntest': 1725}"
allmpnet,AVG+SUM+MAX-NS_LYR-5,"torch.Size([61, 2304])",NORMAL,4,0,12,"{'devacc': np.float64(82.88), 'acc': np.float64(83.28), 'ndev': 10662, 'ntest': 10662}","{'devacc': np.float64(67.57), 'acc': np.float64(67.42), 'ndev': 3775, 'ntest': 3775}","{'devacc': np.float64(94.0), 'acc': np.float64(93.94), 'ndev': 10000, 'ntest': 10000}","{'devacc': np.float64(32.12), 'acc': np.float64(31.75), 'ndev': 10606, 'ntest': 10606}","{'devacc': np.float64(49.08), 'acc': 50.08, 'ndev': 872, 'ntest': 1821}","{'devacc': np.float64(88.24), 'acc': 94.2, 'ndev': 5452, 'ntest': 500}","{'devacc': np.float64(73.01), 'acc': 71.94, 'f1': 78.85, 'ndev': 4076, 'ntest': 1725}"
allmpnet,AVG+MAX+AVG-NS_LYR-5,"torch.Size([61, 2304])",NORMAL,4,0,12,"{'devacc': np.float64(83.22), 'acc': np.float64(83.6), 'ndev': 10662, 'ntest': 10662}","{'devacc': np.float64(88.52), 'acc': np.float64(88.72), 'ndev': 3775, 'ntest': 3775}","{'devacc': np.float64(95.5), 'acc': np.float64(95.55), 'ndev': 10000, 'ntest': 10000}","{'devacc': np.float64(90.11), 'acc': np.float64(90.1), 'ndev': 10606, 'ntest': 10606}","{'devacc': np.float64(86.81), 'acc': 88.41, 'ndev': 872, 'ntest': 1821}","{'devacc': np.float64(89.6), 'acc': 94.6, 'ndev': 5452, 'ntest': 500}","{'devacc': np.float64(74.48), 'acc': 75.01, 'f1': 81.79, 'ndev': 4076, 'ntest': 1725}"
allmpnet,AVG+MAX+SUM-NS_LYR-5,"torch.Size([61, 2304])",NORMAL,4,0,12,"{'devacc': np.float64(81.84), 'acc': np.float64(82.08), 'ndev': 10662, 'ntest': 10662}","{'devacc': np.float64(84.96), 'acc': np.float64(84.88), 'ndev': 3775, 'ntest': 3775}","{'devacc': np.float64(94.11), 'acc': np.float64(94.23), 'ndev': 10000, 'ntest': 10000}","{'devacc': np.float64(89.51), 'acc': np.float64(89.74), 'ndev': 10606, 'ntest': 10606}","{'devacc': np.float64(86.93), 'acc': 87.59, 'ndev': 872, 'ntest': 1821}","{'devacc': np.float64(85.64), 'acc': 92.8, 'ndev': 5452, 'ntest': 500}","{'devacc': np.float64(70.68), 'acc': 71.3, 'f1': 78.73, 'ndev': 4076, 'ntest': 1725}"
allmpnet,AVG+MAX+MAX-NS_LYR-5,"torch.Size([61, 2304])",NORMAL,4,0,12,"{'devacc': np.float64(82.82), 'acc': np.float64(83.0), 'ndev': 10662, 'ntest': 10662}","{'devacc': np.float64(63.81), 'acc': np.float64(65.88), 'ndev': 3775, 'ntest': 3775}","{'devacc': np.float64(95.02), 'acc': np.float64(95.22), 'ndev': 10000, 'ntest': 10000}","{'devacc': np.float64(31.74), 'acc': np.float64(31.75), 'ndev': 10606, 'ntest': 10606}","{'devacc': np.float64(49.08), 'acc': 50.08, 'ndev': 872, 'ntest': 1821}","{'devacc': np.float64(88.81), 'acc': 94.0, 'ndev': 5452, 'ntest': 500}","{'devacc': np.float64(73.85), 'acc': 74.67, 'f1': 81.41, 'ndev': 4076, 'ntest': 1725}"
allmpnet,AVG+AVG-NS+SUM-NS_LYR-5,"torch.Size([61, 2304])",NORMAL,4,0,12,"{'devacc': np.float64(82.1), 'acc': np.float64(82.5), 'ndev': 10662, 'ntest': 10662}","{'devacc': np.float64(84.19), 'acc': np.float64(84.74), 'ndev': 3775, 'ntest': 3775}","{'devacc': np.float64(93.95), 'acc': np.float64(93.95), 'ndev': 10000, 'ntest': 10000}","{'devacc': np.float64(89.72), 'acc': np.float64(89.78), 'ndev': 10606, 'ntest': 10606}","{'devacc': np.float64(87.39), 'acc': 88.69, 'ndev': 872, 'ntest': 1821}","{'devacc': np.float64(84.39), 'acc': 91.0, 'ndev': 5452, 'ntest': 500}","{'devacc': np.float64(70.24), 'acc': 70.67, 'f1': 78.34, 'ndev': 4076, 'ntest': 1725}"
allmpnet,AVG+AVG-NS+MAX-NS_LYR-5,"torch.Size([61, 2304])",NORMAL,4,0,12,"{'devacc': np.float64(83.21), 'acc': np.float64(83.76), 'ndev': 10662, 'ntest': 10662}","{'devacc': np.float64(63.96), 'acc': np.float64(65.88), 'ndev': 3775, 'ntest': 3775}","{'devacc': np.float64(95.33), 'acc': np.float64(95.49), 'ndev': 10000, 'ntest': 10000}","{'devacc': np.float64(31.74), 'acc': np.float64(31.75), 'ndev': 10606, 'ntest': 10606}","{'devacc': np.float64(49.08), 'acc': 50.08, 'ndev': 872, 'ntest': 1821}","{'devacc': np.float64(87.8), 'acc': 92.2, 'ndev': 5452, 'ntest': 500}","{'devacc': np.float64(73.99), 'acc': 74.78, 'f1': 81.73, 'ndev': 4076, 'ntest': 1725}"
allmpnet,AVG+SUM-NS+MAX-NS_LYR-5,"torch.Size([61, 2304])",NORMAL,4,0,12,"{'devacc': np.float64(81.61), 'acc': np.float64(82.11), 'ndev': 10662, 'ntest': 10662}","{'devacc': np.float64(63.57), 'acc': np.float64(65.72), 'ndev': 3775, 'ntest': 3775}","{'devacc': np.float64(94.06), 'acc': np.float64(94.21), 'ndev': 10000, 'ntest': 10000}","{'devacc': np.float64(31.74), 'acc': np.float64(31.75), 'ndev': 10606, 'ntest': 10606}","{'devacc': np.float64(49.08), 'acc': 50.08, 'ndev': 872, 'ntest': 1821}","{'devacc': np.float64(84.7), 'acc': 91.8, 'ndev': 5452, 'ntest': 500}","{'devacc': np.float64(70.66), 'acc': 70.9, 'f1': 78.45, 'ndev': 4076, 'ntest': 1725}"
allmpnet,SUM+MAX+AVG-NS_LYR-5,"torch.Size([61, 2304])",NORMAL,4,0,12,"{'devacc': np.float64(82.84), 'acc': np.float64(83.32), 'ndev': 10662, 'ntest': 10662}","{'devacc': np.float64(86.02), 'acc': np.float64(85.35), 'ndev': 3775, 'ntest': 3775}","{'devacc': np.float64(94.04), 'acc': np.float64(94.0), 'ndev': 10000, 'ntest': 10000}","{'devacc': np.float64(89.32), 'acc': np.float64(89.47), 'ndev': 10606, 'ntest': 10606}","{'devacc': np.float64(87.5), 'acc': 88.69, 'ndev': 872, 'ntest': 1821}","{'devacc': np.float64(88.11), 'acc': 94.0, 'ndev': 5452, 'ntest': 500}","{'devacc': np.float64(73.16), 'acc': 72.58, 'f1': 79.3, 'ndev': 4076, 'ntest': 1725}"
allmpnet,SUM+MAX+SUM-NS_LYR-5,"torch.Size([61, 2304])",NORMAL,4,0,12,"{'devacc': np.float64(81.84), 'acc': np.float64(82.24), 'ndev': 10662, 'ntest': 10662}","{'devacc': np.float64(86.63), 'acc': np.float64(86.68), 'ndev': 3775, 'ntest': 3775}","{'devacc': np.float64(94.54), 'acc': np.float64(94.42), 'ndev': 10000, 'ntest': 10000}","{'devacc': np.float64(88.94), 'acc': np.float64(89.11), 'ndev': 10606, 'ntest': 10606}","{'devacc': np.float64(87.16), 'acc': 88.03, 'ndev': 872, 'ntest': 1821}","{'devacc': np.float64(88.21), 'acc': 94.6, 'ndev': 5452, 'ntest': 500}","{'devacc': np.float64(73.23), 'acc': 72.17, 'f1': 79.09, 'ndev': 4076, 'ntest': 1725}"
allmpnet,SUM+MAX+MAX-NS_LYR-5,"torch.Size([61, 2304])",NORMAL,4,0,12,"{'devacc': np.float64(82.57), 'acc': np.float64(83.15), 'ndev': 10662, 'ntest': 10662}","{'devacc': np.float64(67.16), 'acc': np.float64(65.59), 'ndev': 3775, 'ntest': 3775}","{'devacc': np.float64(94.14), 'acc': np.float64(93.97), 'ndev': 10000, 'ntest': 10000}","{'devacc': np.float64(32.12), 'acc': np.float64(31.75), 'ndev': 10606, 'ntest': 10606}","{'devacc': np.float64(49.08), 'acc': 50.08, 'ndev': 872, 'ntest': 1821}","{'devacc': np.float64(88.59), 'acc': 94.2, 'ndev': 5452, 'ntest': 500}","{'devacc': np.float64(73.09), 'acc': 71.77, 'f1': 78.74, 'ndev': 4076, 'ntest': 1725}"
allmpnet,SUM+AVG-NS+SUM-NS_LYR-5,"torch.Size([61, 2304])",NORMAL,4,0,12,"{'devacc': np.float64(82.03), 'acc': np.float64(82.46), 'ndev': 10662, 'ntest': 10662}","{'devacc': np.float64(86.49), 'acc': np.float64(86.36), 'ndev': 3775, 'ntest': 3775}","{'devacc': np.float64(94.48), 'acc': np.float64(94.45), 'ndev': 10000, 'ntest': 10000}","{'devacc': np.float64(89.12), 'acc': np.float64(89.25), 'ndev': 10606, 'ntest': 10606}","{'devacc': np.float64(87.73), 'acc': 88.69, 'ndev': 872, 'ntest': 1821}","{'devacc': np.float64(87.95), 'acc': 94.8, 'ndev': 5452, 'ntest': 500}","{'devacc': np.float64(73.11), 'acc': 72.0, 'f1': 79.12, 'ndev': 4076, 'ntest': 1725}"
allmpnet,SUM+AVG-NS+MAX-NS_LYR-5,"torch.Size([61, 2304])",NORMAL,4,0,12,"{'devacc': np.float64(82.83), 'acc': np.float64(83.41), 'ndev': 10662, 'ntest': 10662}","{'devacc': np.float64(67.94), 'acc': np.float64(67.34), 'ndev': 3775, 'ntest': 3775}","{'devacc': np.float64(94.05), 'acc': np.float64(94.04), 'ndev': 10000, 'ntest': 10000}","{'devacc': np.float64(32.12), 'acc': np.float64(31.75), 'ndev': 10606, 'ntest': 10606}","{'devacc': np.float64(49.08), 'acc': 50.08, 'ndev': 872, 'ntest': 1821}","{'devacc': np.float64(88.17), 'acc': 94.2, 'ndev': 5452, 'ntest': 500}","{'devacc': np.float64(73.11), 'acc': 71.94, 'f1': 78.97, 'ndev': 4076, 'ntest': 1725}"
allmpnet,SUM+SUM-NS+MAX-NS_LYR-5,"torch.Size([61, 2304])",NORMAL,4,0,12,"{'devacc': np.float64(81.82), 'acc': np.float64(82.07), 'ndev': 10662, 'ntest': 10662}","{'devacc': np.float64(67.64), 'acc': np.float64(68.27), 'ndev': 3775, 'ntest': 3775}","{'devacc': np.float64(94.57), 'acc': np.float64(94.54), 'ndev': 10000, 'ntest': 10000}","{'devacc': np.float64(32.12), 'acc': np.float64(31.75), 'ndev': 10606, 'ntest': 10606}","{'devacc': np.float64(49.08), 'acc': 50.08, 'ndev': 872, 'ntest': 1821}","{'devacc': np.float64(88.1), 'acc': 94.6, 'ndev': 5452, 'ntest': 500}","{'devacc': np.float64(73.26), 'acc': 72.29, 'f1': 79.16, 'ndev': 4076, 'ntest': 1725}"
allmpnet,MAX+AVG-NS+SUM-NS_LYR-5,"torch.Size([61, 2304])",NORMAL,4,0,12,"{'devacc': np.float64(81.66), 'acc': np.float64(82.09), 'ndev': 10662, 'ntest': 10662}","{'devacc': np.float64(84.75), 'acc': np.float64(84.51), 'ndev': 3775, 'ntest': 3775}","{'devacc': np.float64(94.12), 'acc': np.float64(94.21), 'ndev': 10000, 'ntest': 10000}","{'devacc': np.float64(89.4), 'acc': np.float64(89.68), 'ndev': 10606, 'ntest': 10606}","{'devacc': np.float64(86.7), 'acc': 87.7, 'ndev': 872, 'ntest': 1821}","{'devacc': np.float64(85.53), 'acc': 92.8, 'ndev': 5452, 'ntest': 500}","{'devacc': np.float64(70.58), 'acc': 70.96, 'f1': 78.49, 'ndev': 4076, 'ntest': 1725}"
allmpnet,MAX+AVG-NS+MAX-NS_LYR-5,"torch.Size([61, 2304])",NORMAL,4,0,12,"{'devacc': np.float64(82.26), 'acc': np.float64(82.56), 'ndev': 10662, 'ntest': 10662}","{'devacc': np.float64(63.81), 'acc': np.float64(65.88), 'ndev': 3775, 'ntest': 3775}","{'devacc': np.float64(94.89), 'acc': np.float64(95.18), 'ndev': 10000, 'ntest': 10000}","{'devacc': np.float64(31.74), 'acc': np.float64(31.75), 'ndev': 10606, 'ntest': 10606}","{'devacc': np.float64(49.08), 'acc': 50.08, 'ndev': 872, 'ntest': 1821}","{'devacc': np.float64(88.39), 'acc': 93.8, 'ndev': 5452, 'ntest': 500}","{'devacc': np.float64(72.89), 'acc': 74.96, 'f1': 81.62, 'ndev': 4076, 'ntest': 1725}"
allmpnet,MAX+SUM-NS+MAX-NS_LYR-5,"torch.Size([61, 2304])",NORMAL,4,0,12,"{'devacc': np.float64(81.29), 'acc': np.float64(81.9), 'ndev': 10662, 'ntest': 10662}","{'devacc': np.float64(63.58), 'acc': np.float64(65.61), 'ndev': 3775, 'ntest': 3775}","{'devacc': np.float64(94.21), 'acc': np.float64(94.39), 'ndev': 10000, 'ntest': 10000}","{'devacc': np.float64(32.12), 'acc': np.float64(31.75), 'ndev': 10606, 'ntest': 10606}","{'devacc': np.float64(49.08), 'acc': 50.08, 'ndev': 872, 'ntest': 1821}","{'devacc': np.float64(85.91), 'acc': 92.8, 'ndev': 5452, 'ntest': 500}","{'devacc': np.float64(70.61), 'acc': 71.13, 'f1': 78.53, 'ndev': 4076, 'ntest': 1725}"
allmpnet,AVG-NS+SUM-NS+MAX-NS_LYR-5,"torch.Size([61, 2304])",NORMAL,4,0,12,"{'devacc': np.float64(81.35), 'acc': np.float64(81.74), 'ndev': 10662, 'ntest': 10662}","{'devacc': np.float64(63.48), 'acc': np.float64(65.61), 'ndev': 3775, 'ntest': 3775}","{'devacc': np.float64(94.04), 'acc': np.float64(94.11), 'ndev': 10000, 'ntest': 10000}","{'devacc': np.float64(31.74), 'acc': np.float64(31.75), 'ndev': 10606, 'ntest': 10606}","{'devacc': np.float64(49.08), 'acc': 50.08, 'ndev': 872, 'ntest': 1821}","{'devacc': np.float64(84.39), 'acc': 91.4, 'ndev': 5452, 'ntest': 500}","{'devacc': np.float64(70.58), 'acc': 70.61, 'f1': 78.06, 'ndev': 4076, 'ntest': 1725}"
allmpnet,CLS+AVG+SUM_LYR-6,"torch.Size([61, 2304])",NORMAL,4,0,12,"{'devacc': np.float64(83.8), 'acc': np.float64(83.86), 'ndev': 10662, 'ntest': 10662}","{'devacc': np.float64(87.5), 'acc': np.float64(87.68), 'ndev': 3775, 'ntest': 3775}","{'devacc': np.float64(94.76), 'acc': np.float64(94.76), 'ndev': 10000, 'ntest': 10000}","{'devacc': np.float64(89.64), 'acc': np.float64(89.82), 'ndev': 10606, 'ntest': 10606}","{'devacc': np.float64(88.88), 'acc': 89.13, 'ndev': 872, 'ntest': 1821}","{'devacc': np.float64(87.42), 'acc': 93.4, 'ndev': 5452, 'ntest': 500}","{'devacc': np.float64(72.33), 'acc': 73.04, 'f1': 80.4, 'ndev': 4076, 'ntest': 1725}"
allmpnet,CLS+AVG+MAX_LYR-6,"torch.Size([61, 2304])",NORMAL,4,0,12,"{'devacc': np.float64(84.36), 'acc': np.float64(84.37), 'ndev': 10662, 'ntest': 10662}","{'devacc': np.float64(90.23), 'acc': np.float64(90.65), 'ndev': 3775, 'ntest': 3775}","{'devacc': np.float64(95.93), 'acc': np.float64(95.87), 'ndev': 10000, 'ntest': 10000}","{'devacc': np.float64(90.47), 'acc': np.float64(90.5), 'ndev': 10606, 'ntest': 10606}","{'devacc': np.float64(88.88), 'acc': 90.72, 'ndev': 872, 'ntest': 1821}","{'devacc': np.float64(89.47), 'acc': 95.0, 'ndev': 5452, 'ntest': 500}","{'devacc': np.float64(74.63), 'acc': 74.61, 'f1': 81.27, 'ndev': 4076, 'ntest': 1725}"
allmpnet,CLS+AVG+AVG-NS_LYR-6,"torch.Size([61, 2304])",NORMAL,4,0,12,"{'devacc': np.float64(85.36), 'acc': np.float64(85.61), 'ndev': 10662, 'ntest': 10662}","{'devacc': np.float64(91.0), 'acc': np.float64(91.23), 'ndev': 3775, 'ntest': 3775}","{'devacc': np.float64(96.38), 'acc': np.float64(96.33), 'ndev': 10000, 'ntest': 10000}","{'devacc': np.float64(90.69), 'acc': np.float64(90.72), 'ndev': 10606, 'ntest': 10606}","{'devacc': np.float64(90.02), 'acc': 90.55, 'ndev': 872, 'ntest': 1821}","{'devacc': np.float64(88.88), 'acc': 94.4, 'ndev': 5452, 'ntest': 500}","{'devacc': np.float64(76.67), 'acc': 75.13, 'f1': 82.0, 'ndev': 4076, 'ntest': 1725}"
allmpnet,CLS+AVG+SUM-NS_LYR-6,"torch.Size([61, 2304])",NORMAL,4,0,12,"{'devacc': np.float64(83.43), 'acc': np.float64(83.32), 'ndev': 10662, 'ntest': 10662}","{'devacc': np.float64(87.05), 'acc': np.float64(87.13), 'ndev': 3775, 'ntest': 3775}","{'devacc': np.float64(94.71), 'acc': np.float64(94.84), 'ndev': 10000, 'ntest': 10000}","{'devacc': np.float64(89.99), 'acc': np.float64(90.16), 'ndev': 10606, 'ntest': 10606}","{'devacc': np.float64(89.22), 'acc': 89.18, 'ndev': 872, 'ntest': 1821}","{'devacc': np.float64(84.68), 'acc': 90.4, 'ndev': 5452, 'ntest': 500}","{'devacc': np.float64(70.78), 'acc': 69.51, 'f1': 77.54, 'ndev': 4076, 'ntest': 1725}"
allmpnet,CLS+AVG+MAX-NS_LYR-6,"torch.Size([61, 2304])",NORMAL,4,0,12,"{'devacc': np.float64(84.66), 'acc': np.float64(84.65), 'ndev': 10662, 'ntest': 10662}","{'devacc': np.float64(64.13), 'acc': np.float64(66.14), 'ndev': 3775, 'ntest': 3775}","{'devacc': np.float64(96.0), 'acc': np.float64(95.99), 'ndev': 10000, 'ntest': 10000}","{'devacc': np.float64(31.74), 'acc': np.float64(31.75), 'ndev': 10606, 'ntest': 10606}","{'devacc': np.float64(49.08), 'acc': 50.08, 'ndev': 872, 'ntest': 1821}","{'devacc': np.float64(88.3), 'acc': 94.0, 'ndev': 5452, 'ntest': 500}","{'devacc': np.float64(74.17), 'acc': 74.67, 'f1': 81.48, 'ndev': 4076, 'ntest': 1725}"
allmpnet,CLS+SUM+MAX_LYR-6,"torch.Size([61, 2304])",NORMAL,4,0,12,"{'devacc': np.float64(83.59), 'acc': np.float64(83.56), 'ndev': 10662, 'ntest': 10662}","{'devacc': np.float64(87.78), 'acc': np.float64(87.84), 'ndev': 3775, 'ntest': 3775}","{'devacc': np.float64(94.82), 'acc': np.float64(94.79), 'ndev': 10000, 'ntest': 10000}","{'devacc': np.float64(89.48), 'acc': np.float64(89.56), 'ndev': 10606, 'ntest': 10606}","{'devacc': np.float64(88.88), 'acc': 89.84, 'ndev': 872, 'ntest': 1821}","{'devacc': np.float64(87.93), 'acc': 94.2, 'ndev': 5452, 'ntest': 500}","{'devacc': np.float64(72.42), 'acc': 72.87, 'f1': 80.05, 'ndev': 4076, 'ntest': 1725}"
allmpnet,CLS+SUM+AVG-NS_LYR-6,"torch.Size([61, 2304])",NORMAL,4,0,12,"{'devacc': np.float64(83.77), 'acc': np.float64(83.93), 'ndev': 10662, 'ntest': 10662}","{'devacc': np.float64(87.54), 'acc': np.float64(87.5), 'ndev': 3775, 'ntest': 3775}","{'devacc': np.float64(94.75), 'acc': np.float64(94.75), 'ndev': 10000, 'ntest': 10000}","{'devacc': np.float64(89.47), 'acc': np.float64(89.56), 'ndev': 10606, 'ntest': 10606}","{'devacc': np.float64(88.88), 'acc': 89.68, 'ndev': 872, 'ntest': 1821}","{'devacc': np.float64(87.47), 'acc': 93.8, 'ndev': 5452, 'ntest': 500}","{'devacc': np.float64(72.35), 'acc': 72.7, 'f1': 80.05, 'ndev': 4076, 'ntest': 1725}"
allmpnet,CLS+SUM+SUM-NS_LYR-6,"torch.Size([61, 2304])",NORMAL,4,0,12,"{'devacc': np.float64(82.98), 'acc': np.float64(82.86), 'ndev': 10662, 'ntest': 10662}","{'devacc': np.float64(88.28), 'acc': np.float64(88.45), 'ndev': 3775, 'ntest': 3775}","{'devacc': np.float64(95.09), 'acc': np.float64(95.13), 'ndev': 10000, 'ntest': 10000}","{'devacc': np.float64(89.34), 'acc': np.float64(89.5), 'ndev': 10606, 'ntest': 10606}","{'devacc': np.float64(88.88), 'acc': 88.85, 'ndev': 872, 'ntest': 1821}","{'devacc': np.float64(87.93), 'acc': 93.6, 'ndev': 5452, 'ntest': 500}","{'devacc': np.float64(71.76), 'acc': 72.17, 'f1': 79.49, 'ndev': 4076, 'ntest': 1725}"
allmpnet,CLS+SUM+MAX-NS_LYR-6,"torch.Size([61, 2304])",NORMAL,4,0,12,"{'devacc': np.float64(83.53), 'acc': np.float64(83.65), 'ndev': 10662, 'ntest': 10662}","{'devacc': np.float64(70.52), 'acc': np.float64(70.65), 'ndev': 3775, 'ntest': 3775}","{'devacc': np.float64(94.82), 'acc': np.float64(94.93), 'ndev': 10000, 'ntest': 10000}","{'devacc': np.float64(32.12), 'acc': np.float64(31.75), 'ndev': 10606, 'ntest': 10606}","{'devacc': np.float64(49.08), 'acc': 50.08, 'ndev': 872, 'ntest': 1821}","{'devacc': np.float64(87.89), 'acc': 94.0, 'ndev': 5452, 'ntest': 500}","{'devacc': np.float64(72.62), 'acc': 72.7, 'f1': 80.12, 'ndev': 4076, 'ntest': 1725}"
allmpnet,CLS+MAX+AVG-NS_LYR-6,"torch.Size([61, 2304])",NORMAL,4,0,12,"{'devacc': np.float64(84.02), 'acc': np.float64(84.22), 'ndev': 10662, 'ntest': 10662}","{'devacc': np.float64(89.86), 'acc': np.float64(90.12), 'ndev': 3775, 'ntest': 3775}","{'devacc': np.float64(95.83), 'acc': np.float64(95.84), 'ndev': 10000, 'ntest': 10000}","{'devacc': np.float64(90.23), 'acc': np.float64(90.5), 'ndev': 10606, 'ntest': 10606}","{'devacc': np.float64(88.53), 'acc': 90.17, 'ndev': 872, 'ntest': 1821}","{'devacc': np.float64(88.94), 'acc': 94.2, 'ndev': 5452, 'ntest': 500}","{'devacc': np.float64(74.61), 'acc': 73.39, 'f1': 80.39, 'ndev': 4076, 'ntest': 1725}"
allmpnet,CLS+MAX+SUM-NS_LYR-6,"torch.Size([61, 2304])",NORMAL,4,0,12,"{'devacc': np.float64(83.09), 'acc': np.float64(83.16), 'ndev': 10662, 'ntest': 10662}","{'devacc': np.float64(87.31), 'acc': np.float64(87.44), 'ndev': 3775, 'ntest': 3775}","{'devacc': np.float64(94.79), 'acc': np.float64(94.88), 'ndev': 10000, 'ntest': 10000}","{'devacc': np.float64(89.51), 'acc': np.float64(89.75), 'ndev': 10606, 'ntest': 10606}","{'devacc': np.float64(89.11), 'acc': 88.8, 'ndev': 872, 'ntest': 1821}","{'devacc': np.float64(86.06), 'acc': 91.6, 'ndev': 5452, 'ntest': 500}","{'devacc': np.float64(71.15), 'acc': 70.03, 'f1': 77.93, 'ndev': 4076, 'ntest': 1725}"
allmpnet,CLS+MAX+MAX-NS_LYR-6,"torch.Size([61, 2304])",NORMAL,4,0,12,"{'devacc': np.float64(83.09), 'acc': np.float64(83.26), 'ndev': 10662, 'ntest': 10662}","{'devacc': np.float64(64.05), 'acc': np.float64(66.14), 'ndev': 3775, 'ntest': 3775}","{'devacc': np.float64(95.5), 'acc': np.float64(95.5), 'ndev': 10000, 'ntest': 10000}","{'devacc': np.float64(32.12), 'acc': np.float64(31.75), 'ndev': 10606, 'ntest': 10606}","{'devacc': np.float64(49.08), 'acc': 50.08, 'ndev': 872, 'ntest': 1821}","{'devacc': np.float64(87.56), 'acc': 94.0, 'ndev': 5452, 'ntest': 500}","{'devacc': np.float64(72.52), 'acc': 72.23, 'f1': 79.4, 'ndev': 4076, 'ntest': 1725}"
allmpnet,CLS+AVG-NS+SUM-NS_LYR-6,"torch.Size([61, 2304])",NORMAL,4,0,12,"{'devacc': np.float64(83.36), 'acc': np.float64(83.22), 'ndev': 10662, 'ntest': 10662}","{'devacc': np.float64(86.72), 'acc': np.float64(87.05), 'ndev': 3775, 'ntest': 3775}","{'devacc': np.float64(94.7), 'acc': np.float64(94.82), 'ndev': 10000, 'ntest': 10000}","{'devacc': np.float64(89.4), 'acc': np.float64(89.5), 'ndev': 10606, 'ntest': 10606}","{'devacc': np.float64(88.76), 'acc': 88.91, 'ndev': 872, 'ntest': 1821}","{'devacc': np.float64(84.08), 'acc': 90.0, 'ndev': 5452, 'ntest': 500}","{'devacc': np.float64(70.53), 'acc': 70.32, 'f1': 78.31, 'ndev': 4076, 'ntest': 1725}"
allmpnet,CLS+AVG-NS+MAX-NS_LYR-6,"torch.Size([61, 2304])",NORMAL,4,0,12,"{'devacc': np.float64(84.17), 'acc': np.float64(84.09), 'ndev': 10662, 'ntest': 10662}","{'devacc': np.float64(64.02), 'acc': np.float64(66.22), 'ndev': 3775, 'ntest': 3775}","{'devacc': np.float64(95.85), 'acc': np.float64(95.99), 'ndev': 10000, 'ntest': 10000}","{'devacc': np.float64(31.74), 'acc': np.float64(31.75), 'ndev': 10606, 'ntest': 10606}","{'devacc': np.float64(49.08), 'acc': 50.08, 'ndev': 872, 'ntest': 1821}","{'devacc': np.float64(85.2), 'acc': 90.2, 'ndev': 5452, 'ntest': 500}","{'devacc': np.float64(72.87), 'acc': 73.1, 'f1': 80.45, 'ndev': 4076, 'ntest': 1725}"
allmpnet,CLS+SUM-NS+MAX-NS_LYR-6,"torch.Size([61, 2304])",NORMAL,4,0,12,"{'devacc': np.float64(82.96), 'acc': np.float64(83.31), 'ndev': 10662, 'ntest': 10662}","{'devacc': np.float64(63.83), 'acc': np.float64(65.85), 'ndev': 3775, 'ntest': 3775}","{'devacc': np.float64(94.83), 'acc': np.float64(94.86), 'ndev': 10000, 'ntest': 10000}","{'devacc': np.float64(32.12), 'acc': np.float64(31.75), 'ndev': 10606, 'ntest': 10606}","{'devacc': np.float64(49.08), 'acc': 50.08, 'ndev': 872, 'ntest': 1821}","{'devacc': np.float64(84.56), 'acc': 91.0, 'ndev': 5452, 'ntest': 500}","{'devacc': np.float64(70.83), 'acc': 70.43, 'f1': 78.3, 'ndev': 4076, 'ntest': 1725}"
allmpnet,AVG+SUM+MAX_LYR-6,"torch.Size([61, 2304])",NORMAL,4,0,12,"{'devacc': np.float64(83.52), 'acc': np.float64(83.45), 'ndev': 10662, 'ntest': 10662}","{'devacc': np.float64(87.66), 'acc': np.float64(87.44), 'ndev': 3775, 'ntest': 3775}","{'devacc': np.float64(94.74), 'acc': np.float64(94.7), 'ndev': 10000, 'ntest': 10000}","{'devacc': np.float64(89.56), 'acc': np.float64(89.61), 'ndev': 10606, 'ntest': 10606}","{'devacc': np.float64(88.42), 'acc': 89.57, 'ndev': 872, 'ntest': 1821}","{'devacc': np.float64(88.04), 'acc': 94.0, 'ndev': 5452, 'ntest': 500}","{'devacc': np.float64(72.55), 'acc': 73.04, 'f1': 80.27, 'ndev': 4076, 'ntest': 1725}"
allmpnet,AVG+SUM+AVG-NS_LYR-6,"torch.Size([61, 2304])",NORMAL,4,0,12,"{'devacc': np.float64(83.78), 'acc': np.float64(83.74), 'ndev': 10662, 'ntest': 10662}","{'devacc': np.float64(87.48), 'acc': np.float64(87.44), 'ndev': 3775, 'ntest': 3775}","{'devacc': np.float64(94.68), 'acc': np.float64(94.69), 'ndev': 10000, 'ntest': 10000}","{'devacc': np.float64(89.48), 'acc': np.float64(89.7), 'ndev': 10606, 'ntest': 10606}","{'devacc': np.float64(88.88), 'acc': 89.4, 'ndev': 872, 'ntest': 1821}","{'devacc': np.float64(87.55), 'acc': 93.4, 'ndev': 5452, 'ntest': 500}","{'devacc': np.float64(72.5), 'acc': 72.35, 'f1': 79.71, 'ndev': 4076, 'ntest': 1725}"
allmpnet,AVG+SUM+SUM-NS_LYR-6,"torch.Size([61, 2304])",NORMAL,4,0,12,"{'devacc': np.float64(82.93), 'acc': np.float64(83.32), 'ndev': 10662, 'ntest': 10662}","{'devacc': np.float64(88.24), 'acc': np.float64(88.27), 'ndev': 3775, 'ntest': 3775}","{'devacc': np.float64(95.08), 'acc': np.float64(95.0), 'ndev': 10000, 'ntest': 10000}","{'devacc': np.float64(89.36), 'acc': np.float64(89.59), 'ndev': 10606, 'ntest': 10606}","{'devacc': np.float64(88.3), 'acc': 88.41, 'ndev': 872, 'ntest': 1821}","{'devacc': np.float64(87.82), 'acc': 93.6, 'ndev': 5452, 'ntest': 500}","{'devacc': np.float64(71.79), 'acc': 72.7, 'f1': 80.15, 'ndev': 4076, 'ntest': 1725}"
allmpnet,AVG+SUM+MAX-NS_LYR-6,"torch.Size([61, 2304])",NORMAL,4,0,12,"{'devacc': np.float64(83.51), 'acc': np.float64(83.49), 'ndev': 10662, 'ntest': 10662}","{'devacc': np.float64(70.86), 'acc': np.float64(68.71), 'ndev': 3775, 'ntest': 3775}","{'devacc': np.float64(94.75), 'acc': np.float64(94.7), 'ndev': 10000, 'ntest': 10000}","{'devacc': np.float64(32.12), 'acc': np.float64(31.75), 'ndev': 10606, 'ntest': 10606}","{'devacc': np.float64(49.08), 'acc': 50.08, 'ndev': 872, 'ntest': 1821}","{'devacc': np.float64(87.93), 'acc': 93.6, 'ndev': 5452, 'ntest': 500}","{'devacc': np.float64(72.57), 'acc': 72.81, 'f1': 79.98, 'ndev': 4076, 'ntest': 1725}"
allmpnet,AVG+MAX+AVG-NS_LYR-6,"torch.Size([61, 2304])",NORMAL,4,0,12,"{'devacc': np.float64(84.09), 'acc': np.float64(84.36), 'ndev': 10662, 'ntest': 10662}","{'devacc': np.float64(89.98), 'acc': np.float64(89.8), 'ndev': 3775, 'ntest': 3775}","{'devacc': np.float64(95.56), 'acc': np.float64(95.52), 'ndev': 10000, 'ntest': 10000}","{'devacc': np.float64(90.32), 'acc': np.float64(90.47), 'ndev': 10606, 'ntest': 10606}","{'devacc': np.float64(87.84), 'acc': 90.66, 'ndev': 872, 'ntest': 1821}","{'devacc': np.float64(89.71), 'acc': 95.0, 'ndev': 5452, 'ntest': 500}","{'devacc': np.float64(74.75), 'acc': 74.03, 'f1': 80.79, 'ndev': 4076, 'ntest': 1725}"
allmpnet,AVG+MAX+SUM-NS_LYR-6,"torch.Size([61, 2304])",NORMAL,4,0,12,"{'devacc': np.float64(82.9), 'acc': np.float64(83.0), 'ndev': 10662, 'ntest': 10662}","{'devacc': np.float64(87.25), 'acc': np.float64(87.36), 'ndev': 3775, 'ntest': 3775}","{'devacc': np.float64(94.61), 'acc': np.float64(94.71), 'ndev': 10000, 'ntest': 10000}","{'devacc': np.float64(89.72), 'acc': np.float64(89.8), 'ndev': 10606, 'ntest': 10606}","{'devacc': np.float64(89.33), 'acc': 88.8, 'ndev': 872, 'ntest': 1821}","{'devacc': np.float64(86.3), 'acc': 91.4, 'ndev': 5452, 'ntest': 500}","{'devacc': np.float64(71.07), 'acc': 70.14, 'f1': 77.87, 'ndev': 4076, 'ntest': 1725}"
allmpnet,AVG+MAX+MAX-NS_LYR-6,"torch.Size([61, 2304])",NORMAL,4,0,12,"{'devacc': np.float64(83.67), 'acc': np.float64(83.86), 'ndev': 10662, 'ntest': 10662}","{'devacc': np.float64(64.02), 'acc': np.float64(65.96), 'ndev': 3775, 'ntest': 3775}","{'devacc': np.float64(95.29), 'acc': np.float64(95.38), 'ndev': 10000, 'ntest': 10000}","{'devacc': np.float64(31.74), 'acc': np.float64(31.75), 'ndev': 10606, 'ntest': 10606}","{'devacc': np.float64(49.08), 'acc': 50.08, 'ndev': 872, 'ntest': 1821}","{'devacc': np.float64(89.21), 'acc': 94.8, 'ndev': 5452, 'ntest': 500}","{'devacc': np.float64(73.9), 'acc': 74.09, 'f1': 80.67, 'ndev': 4076, 'ntest': 1725}"
allmpnet,AVG+AVG-NS+SUM-NS_LYR-6,"torch.Size([61, 2304])",NORMAL,4,0,12,"{'devacc': np.float64(83.2), 'acc': np.float64(83.13), 'ndev': 10662, 'ntest': 10662}","{'devacc': np.float64(86.75), 'acc': np.float64(86.94), 'ndev': 3775, 'ntest': 3775}","{'devacc': np.float64(94.43), 'acc': np.float64(94.52), 'ndev': 10000, 'ntest': 10000}","{'devacc': np.float64(89.82), 'acc': np.float64(89.86), 'ndev': 10606, 'ntest': 10606}","{'devacc': np.float64(89.11), 'acc': 88.74, 'ndev': 872, 'ntest': 1821}","{'devacc': np.float64(84.76), 'acc': 91.0, 'ndev': 5452, 'ntest': 500}","{'devacc': np.float64(70.26), 'acc': 69.97, 'f1': 77.84, 'ndev': 4076, 'ntest': 1725}"
allmpnet,AVG+AVG-NS+MAX-NS_LYR-6,"torch.Size([61, 2304])",NORMAL,4,0,12,"{'devacc': np.float64(84.39), 'acc': np.float64(84.76), 'ndev': 10662, 'ntest': 10662}","{'devacc': np.float64(64.09), 'acc': np.float64(66.14), 'ndev': 3775, 'ntest': 3775}","{'devacc': np.float64(95.57), 'acc': np.float64(95.61), 'ndev': 10000, 'ntest': 10000}","{'devacc': np.float64(31.74), 'acc': np.float64(31.75), 'ndev': 10606, 'ntest': 10606}","{'devacc': np.float64(49.08), 'acc': 50.08, 'ndev': 872, 'ntest': 1821}","{'devacc': np.float64(88.37), 'acc': 93.4, 'ndev': 5452, 'ntest': 500}","{'devacc': np.float64(73.63), 'acc': 73.39, 'f1': 80.41, 'ndev': 4076, 'ntest': 1725}"
allmpnet,AVG+SUM-NS+MAX-NS_LYR-6,"torch.Size([61, 2304])",NORMAL,4,0,12,"{'devacc': np.float64(82.77), 'acc': np.float64(82.92), 'ndev': 10662, 'ntest': 10662}","{'devacc': np.float64(63.85), 'acc': np.float64(65.83), 'ndev': 3775, 'ntest': 3775}","{'devacc': np.float64(94.56), 'acc': np.float64(94.66), 'ndev': 10000, 'ntest': 10000}","{'devacc': np.float64(31.74), 'acc': np.float64(31.75), 'ndev': 10606, 'ntest': 10606}","{'devacc': np.float64(49.08), 'acc': 50.08, 'ndev': 872, 'ntest': 1821}","{'devacc': np.float64(85.2), 'acc': 91.6, 'ndev': 5452, 'ntest': 500}","{'devacc': np.float64(70.41), 'acc': 70.43, 'f1': 78.48, 'ndev': 4076, 'ntest': 1725}"
allmpnet,SUM+MAX+AVG-NS_LYR-6,"torch.Size([61, 2304])",NORMAL,4,0,12,"{'devacc': np.float64(83.53), 'acc': np.float64(83.62), 'ndev': 10662, 'ntest': 10662}","{'devacc': np.float64(87.72), 'acc': np.float64(87.55), 'ndev': 3775, 'ntest': 3775}","{'devacc': np.float64(94.76), 'acc': np.float64(94.69), 'ndev': 10000, 'ntest': 10000}","{'devacc': np.float64(89.49), 'acc': np.float64(89.73), 'ndev': 10606, 'ntest': 10606}","{'devacc': np.float64(88.76), 'acc': 89.73, 'ndev': 872, 'ntest': 1821}","{'devacc': np.float64(87.95), 'acc': 94.6, 'ndev': 5452, 'ntest': 500}","{'devacc': np.float64(72.42), 'acc': 72.87, 'f1': 80.12, 'ndev': 4076, 'ntest': 1725}"
allmpnet,SUM+MAX+SUM-NS_LYR-6,"torch.Size([61, 2304])",NORMAL,4,0,12,"{'devacc': np.float64(82.73), 'acc': np.float64(82.97), 'ndev': 10662, 'ntest': 10662}","{'devacc': np.float64(88.34), 'acc': np.float64(88.35), 'ndev': 3775, 'ntest': 3775}","{'devacc': np.float64(95.11), 'acc': np.float64(95.13), 'ndev': 10000, 'ntest': 10000}","{'devacc': np.float64(89.31), 'acc': np.float64(89.52), 'ndev': 10606, 'ntest': 10606}","{'devacc': np.float64(88.76), 'acc': 88.91, 'ndev': 872, 'ntest': 1821}","{'devacc': np.float64(88.22), 'acc': 93.8, 'ndev': 5452, 'ntest': 500}","{'devacc': np.float64(71.91), 'acc': 72.35, 'f1': 79.54, 'ndev': 4076, 'ntest': 1725}"
allmpnet,SUM+MAX+MAX-NS_LYR-6,"torch.Size([61, 2304])",NORMAL,4,0,12,"{'devacc': np.float64(83.34), 'acc': np.float64(83.56), 'ndev': 10662, 'ntest': 10662}","{'devacc': np.float64(69.83), 'acc': np.float64(67.36), 'ndev': 3775, 'ntest': 3775}","{'devacc': np.float64(94.82), 'acc': np.float64(94.85), 'ndev': 10000, 'ntest': 10000}","{'devacc': np.float64(32.12), 'acc': np.float64(31.75), 'ndev': 10606, 'ntest': 10606}","{'devacc': np.float64(49.08), 'acc': 50.08, 'ndev': 872, 'ntest': 1821}","{'devacc': np.float64(88.22), 'acc': 94.8, 'ndev': 5452, 'ntest': 500}","{'devacc': np.float64(72.57), 'acc': 72.87, 'f1': 80.1, 'ndev': 4076, 'ntest': 1725}"
allmpnet,SUM+AVG-NS+SUM-NS_LYR-6,"torch.Size([61, 2304])",NORMAL,4,0,12,"{'devacc': np.float64(82.87), 'acc': np.float64(83.02), 'ndev': 10662, 'ntest': 10662}","{'devacc': np.float64(88.26), 'acc': np.float64(88.24), 'ndev': 3775, 'ntest': 3775}","{'devacc': np.float64(95.07), 'acc': np.float64(94.99), 'ndev': 10000, 'ntest': 10000}","{'devacc': np.float64(89.34), 'acc': np.float64(89.41), 'ndev': 10606, 'ntest': 10606}","{'devacc': np.float64(88.19), 'acc': 89.02, 'ndev': 872, 'ntest': 1821}","{'devacc': np.float64(87.89), 'acc': 93.6, 'ndev': 5452, 'ntest': 500}","{'devacc': np.float64(72.11), 'acc': 72.81, 'f1': 80.03, 'ndev': 4076, 'ntest': 1725}"
allmpnet,SUM+AVG-NS+MAX-NS_LYR-6,"torch.Size([61, 2304])",NORMAL,4,0,12,"{'devacc': np.float64(83.44), 'acc': np.float64(83.48), 'ndev': 10662, 'ntest': 10662}","{'devacc': np.float64(70.58), 'acc': np.float64(68.1), 'ndev': 3775, 'ntest': 3775}","{'devacc': np.float64(94.77), 'acc': np.float64(94.84), 'ndev': 10000, 'ntest': 10000}","{'devacc': np.float64(32.12), 'acc': np.float64(31.75), 'ndev': 10606, 'ntest': 10606}","{'devacc': np.float64(49.08), 'acc': 50.08, 'ndev': 872, 'ntest': 1821}","{'devacc': np.float64(87.78), 'acc': 94.2, 'ndev': 5452, 'ntest': 500}","{'devacc': np.float64(72.43), 'acc': 72.0, 'f1': 79.37, 'ndev': 4076, 'ntest': 1725}"
allmpnet,SUM+SUM-NS+MAX-NS_LYR-6,"torch.Size([61, 2304])",NORMAL,4,0,12,"{'devacc': np.float64(82.82), 'acc': np.float64(83.16), 'ndev': 10662, 'ntest': 10662}","{'devacc': np.float64(71.58), 'acc': np.float64(66.22), 'ndev': 3775, 'ntest': 3775}","{'devacc': np.float64(95.1), 'acc': np.float64(95.07), 'ndev': 10000, 'ntest': 10000}","{'devacc': np.float64(32.12), 'acc': np.float64(35.5), 'ndev': 10606, 'ntest': 10606}","{'devacc': np.float64(49.08), 'acc': 50.08, 'ndev': 872, 'ntest': 1821}","{'devacc': np.float64(88.24), 'acc': 93.8, 'ndev': 5452, 'ntest': 500}","{'devacc': np.float64(71.79), 'acc': 72.17, 'f1': 79.43, 'ndev': 4076, 'ntest': 1725}"
allmpnet,MAX+AVG-NS+SUM-NS_LYR-6,"torch.Size([61, 2304])",NORMAL,4,0,12,"{'devacc': np.float64(82.82), 'acc': np.float64(83.21), 'ndev': 10662, 'ntest': 10662}","{'devacc': np.float64(87.03), 'acc': np.float64(87.31), 'ndev': 3775, 'ntest': 3775}","{'devacc': np.float64(94.53), 'acc': np.float64(94.58), 'ndev': 10000, 'ntest': 10000}","{'devacc': np.float64(89.6), 'acc': np.float64(89.88), 'ndev': 10606, 'ntest': 10606}","{'devacc': np.float64(88.99), 'acc': 88.85, 'ndev': 872, 'ntest': 1821}","{'devacc': np.float64(85.95), 'acc': 91.4, 'ndev': 5452, 'ntest': 500}","{'devacc': np.float64(71.12), 'acc': 70.14, 'f1': 78.19, 'ndev': 4076, 'ntest': 1725}"
allmpnet,MAX+AVG-NS+MAX-NS_LYR-6,"torch.Size([61, 2304])",NORMAL,4,0,12,"{'devacc': np.float64(83.13), 'acc': np.float64(83.49), 'ndev': 10662, 'ntest': 10662}","{'devacc': np.float64(63.98), 'acc': np.float64(65.98), 'ndev': 3775, 'ntest': 3775}","{'devacc': np.float64(95.04), 'acc': np.float64(95.21), 'ndev': 10000, 'ntest': 10000}","{'devacc': np.float64(32.12), 'acc': np.float64(31.75), 'ndev': 10606, 'ntest': 10606}","{'devacc': np.float64(49.08), 'acc': 50.08, 'ndev': 872, 'ntest': 1821}","{'devacc': np.float64(88.26), 'acc': 94.2, 'ndev': 5452, 'ntest': 500}","{'devacc': np.float64(72.96), 'acc': 73.1, 'f1': 79.9, 'ndev': 4076, 'ntest': 1725}"
allmpnet,MAX+SUM-NS+MAX-NS_LYR-6,"torch.Size([61, 2304])",NORMAL,4,0,12,"{'devacc': np.float64(82.54), 'acc': np.float64(83.08), 'ndev': 10662, 'ntest': 10662}","{'devacc': np.float64(64.08), 'acc': np.float64(67.52), 'ndev': 3775, 'ntest': 3775}","{'devacc': np.float64(94.66), 'acc': np.float64(94.7), 'ndev': 10000, 'ntest': 10000}","{'devacc': np.float64(32.12), 'acc': np.float64(31.75), 'ndev': 10606, 'ntest': 10606}","{'devacc': np.float64(49.08), 'acc': 50.08, 'ndev': 872, 'ntest': 1821}","{'devacc': np.float64(86.43), 'acc': 91.6, 'ndev': 5452, 'ntest': 500}","{'devacc': np.float64(71.07), 'acc': 69.91, 'f1': 77.79, 'ndev': 4076, 'ntest': 1725}"
allmpnet,AVG-NS+SUM-NS+MAX-NS_LYR-6,"torch.Size([61, 2304])",NORMAL,4,0,12,"{'devacc': np.float64(82.65), 'acc': np.float64(82.68), 'ndev': 10662, 'ntest': 10662}","{'devacc': np.float64(63.79), 'acc': np.float64(65.77), 'ndev': 3775, 'ntest': 3775}","{'devacc': np.float64(94.54), 'acc': np.float64(94.62), 'ndev': 10000, 'ntest': 10000}","{'devacc': np.float64(32.12), 'acc': np.float64(31.75), 'ndev': 10606, 'ntest': 10606}","{'devacc': np.float64(49.08), 'acc': 50.08, 'ndev': 872, 'ntest': 1821}","{'devacc': np.float64(84.54), 'acc': 90.8, 'ndev': 5452, 'ntest': 500}","{'devacc': np.float64(70.71), 'acc': 70.03, 'f1': 78.1, 'ndev': 4076, 'ntest': 1725}"
allmpnet,CLS+AVG+SUM_LYR-7,"torch.Size([61, 2304])",NORMAL,4,0,12,"{'devacc': np.float64(84.9), 'acc': np.float64(85.09), 'ndev': 10662, 'ntest': 10662}","{'devacc': np.float64(88.75), 'acc': np.float64(88.87), 'ndev': 3775, 'ntest': 3775}","{'devacc': np.float64(94.76), 'acc': np.float64(94.66), 'ndev': 10000, 'ntest': 10000}","{'devacc': np.float64(89.58), 'acc': np.float64(89.51), 'ndev': 10606, 'ntest': 10606}","{'devacc': np.float64(90.14), 'acc': 89.62, 'ndev': 872, 'ntest': 1821}","{'devacc': np.float64(87.93), 'acc': 92.8, 'ndev': 5452, 'ntest': 500}","{'devacc': np.float64(71.66), 'acc': 71.13, 'f1': 79.11, 'ndev': 4076, 'ntest': 1725}"
allmpnet,CLS+AVG+MAX_LYR-7,"torch.Size([61, 2304])",NORMAL,4,0,12,"{'devacc': np.float64(85.42), 'acc': np.float64(85.38), 'ndev': 10662, 'ntest': 10662}","{'devacc': np.float64(91.34), 'acc': np.float64(91.66), 'ndev': 3775, 'ntest': 3775}","{'devacc': np.float64(96.1), 'acc': np.float64(96.08), 'ndev': 10000, 'ntest': 10000}","{'devacc': np.float64(90.56), 'acc': np.float64(90.55), 'ndev': 10606, 'ntest': 10606}","{'devacc': np.float64(90.94), 'acc': 91.71, 'ndev': 872, 'ntest': 1821}","{'devacc': np.float64(89.18), 'acc': 94.2, 'ndev': 5452, 'ntest': 500}","{'devacc': np.float64(74.24), 'acc': 74.61, 'f1': 81.5, 'ndev': 4076, 'ntest': 1725}"
allmpnet,CLS+AVG+AVG-NS_LYR-7,"torch.Size([61, 2304])",NORMAL,4,0,12,"{'devacc': np.float64(86.39), 'acc': np.float64(86.52), 'ndev': 10662, 'ntest': 10662}","{'devacc': np.float64(91.9), 'acc': np.float64(91.95), 'ndev': 3775, 'ntest': 3775}","{'devacc': np.float64(96.44), 'acc': np.float64(96.37), 'ndev': 10000, 'ntest': 10000}","{'devacc': np.float64(90.76), 'acc': np.float64(90.89), 'ndev': 10606, 'ntest': 10606}","{'devacc': np.float64(91.4), 'acc': 91.32, 'ndev': 872, 'ntest': 1821}","{'devacc': np.float64(89.27), 'acc': 95.0, 'ndev': 5452, 'ntest': 500}","{'devacc': np.float64(75.27), 'acc': 74.09, 'f1': 81.48, 'ndev': 4076, 'ntest': 1725}"
allmpnet,CLS+AVG+SUM-NS_LYR-7,"torch.Size([61, 2304])",NORMAL,4,0,12,"{'devacc': np.float64(84.41), 'acc': np.float64(84.5), 'ndev': 10662, 'ntest': 10662}","{'devacc': np.float64(88.48), 'acc': np.float64(88.37), 'ndev': 3775, 'ntest': 3775}","{'devacc': np.float64(94.85), 'acc': np.float64(94.84), 'ndev': 10000, 'ntest': 10000}","{'devacc': np.float64(89.98), 'acc': np.float64(90.24), 'ndev': 10606, 'ntest': 10606}","{'devacc': np.float64(90.48), 'acc': 89.79, 'ndev': 872, 'ntest': 1821}","{'devacc': np.float64(84.85), 'acc': 90.4, 'ndev': 5452, 'ntest': 500}","{'devacc': np.float64(71.05), 'acc': 70.9, 'f1': 78.67, 'ndev': 4076, 'ntest': 1725}"
allmpnet,CLS+AVG+MAX-NS_LYR-7,"torch.Size([61, 2304])",NORMAL,4,0,12,"{'devacc': np.float64(85.49), 'acc': np.float64(85.56), 'ndev': 10662, 'ntest': 10662}","{'devacc': np.float64(64.22), 'acc': np.float64(66.38), 'ndev': 3775, 'ntest': 3775}","{'devacc': np.float64(96.02), 'acc': np.float64(96.09), 'ndev': 10000, 'ntest': 10000}","{'devacc': np.float64(31.74), 'acc': np.float64(31.75), 'ndev': 10606, 'ntest': 10606}","{'devacc': np.float64(49.08), 'acc': 50.08, 'ndev': 872, 'ntest': 1821}","{'devacc': np.float64(88.55), 'acc': 94.2, 'ndev': 5452, 'ntest': 500}","{'devacc': np.float64(73.82), 'acc': 74.09, 'f1': 81.23, 'ndev': 4076, 'ntest': 1725}"
allmpnet,CLS+SUM+MAX_LYR-7,"torch.Size([61, 2304])",NORMAL,4,0,12,"{'devacc': np.float64(84.66), 'acc': np.float64(84.69), 'ndev': 10662, 'ntest': 10662}","{'devacc': np.float64(88.91), 'acc': np.float64(88.87), 'ndev': 3775, 'ntest': 3775}","{'devacc': np.float64(94.78), 'acc': np.float64(94.7), 'ndev': 10000, 'ntest': 10000}","{'devacc': np.float64(89.41), 'acc': np.float64(89.4), 'ndev': 10606, 'ntest': 10606}","{'devacc': np.float64(90.71), 'acc': 90.66, 'ndev': 872, 'ntest': 1821}","{'devacc': np.float64(88.72), 'acc': 93.2, 'ndev': 5452, 'ntest': 500}","{'devacc': np.float64(71.57), 'acc': 70.9, 'f1': 79.1, 'ndev': 4076, 'ntest': 1725}"
allmpnet,CLS+SUM+AVG-NS_LYR-7,"torch.Size([61, 2304])",NORMAL,4,0,12,"{'devacc': np.float64(84.91), 'acc': np.float64(84.99), 'ndev': 10662, 'ntest': 10662}","{'devacc': np.float64(88.72), 'acc': np.float64(88.79), 'ndev': 3775, 'ntest': 3775}","{'devacc': np.float64(94.76), 'acc': np.float64(94.69), 'ndev': 10000, 'ntest': 10000}","{'devacc': np.float64(89.58), 'acc': np.float64(89.33), 'ndev': 10606, 'ntest': 10606}","{'devacc': np.float64(90.48), 'acc': 89.9, 'ndev': 872, 'ntest': 1821}","{'devacc': np.float64(88.04), 'acc': 93.2, 'ndev': 5452, 'ntest': 500}","{'devacc': np.float64(71.66), 'acc': 71.65, 'f1': 79.45, 'ndev': 4076, 'ntest': 1725}"
allmpnet,CLS+SUM+SUM-NS_LYR-7,"torch.Size([61, 2304])",NORMAL,4,0,12,"{'devacc': np.float64(83.93), 'acc': np.float64(83.99), 'ndev': 10662, 'ntest': 10662}","{'devacc': np.float64(89.3), 'acc': np.float64(88.98), 'ndev': 3775, 'ntest': 3775}","{'devacc': np.float64(95.1), 'acc': np.float64(94.99), 'ndev': 10000, 'ntest': 10000}","{'devacc': np.float64(89.27), 'acc': np.float64(89.28), 'ndev': 10606, 'ntest': 10606}","{'devacc': np.float64(88.76), 'acc': 89.84, 'ndev': 872, 'ntest': 1821}","{'devacc': np.float64(88.66), 'acc': 93.4, 'ndev': 5452, 'ntest': 500}","{'devacc': np.float64(71.76), 'acc': 70.67, 'f1': 78.65, 'ndev': 4076, 'ntest': 1725}"
allmpnet,CLS+SUM+MAX-NS_LYR-7,"torch.Size([61, 2304])",NORMAL,4,0,12,"{'devacc': np.float64(84.67), 'acc': np.float64(84.92), 'ndev': 10662, 'ntest': 10662}","{'devacc': np.float64(74.23), 'acc': np.float64(70.62), 'ndev': 3775, 'ntest': 3775}","{'devacc': np.float64(94.82), 'acc': np.float64(94.75), 'ndev': 10000, 'ntest': 10000}","{'devacc': np.float64(32.12), 'acc': np.float64(31.75), 'ndev': 10606, 'ntest': 10606}","{'devacc': np.float64(49.08), 'acc': 50.08, 'ndev': 872, 'ntest': 1821}","{'devacc': np.float64(88.57), 'acc': 93.0, 'ndev': 5452, 'ntest': 500}","{'devacc': np.float64(71.66), 'acc': 71.07, 'f1': 79.18, 'ndev': 4076, 'ntest': 1725}"
allmpnet,CLS+MAX+AVG-NS_LYR-7,"torch.Size([61, 2304])",NORMAL,4,0,12,"{'devacc': np.float64(85.28), 'acc': np.float64(85.46), 'ndev': 10662, 'ntest': 10662}","{'devacc': np.float64(91.1), 'acc': np.float64(91.02), 'ndev': 3775, 'ntest': 3775}","{'devacc': np.float64(96.17), 'acc': np.float64(96.07), 'ndev': 10000, 'ntest': 10000}","{'devacc': np.float64(90.3), 'acc': np.float64(90.23), 'ndev': 10606, 'ntest': 10606}","{'devacc': np.float64(90.48), 'acc': 91.54, 'ndev': 872, 'ntest': 1821}","{'devacc': np.float64(88.87), 'acc': 93.2, 'ndev': 5452, 'ntest': 500}","{'devacc': np.float64(73.65), 'acc': 74.55, 'f1': 81.44, 'ndev': 4076, 'ntest': 1725}"
allmpnet,CLS+MAX+SUM-NS_LYR-7,"torch.Size([61, 2304])",NORMAL,4,0,12,"{'devacc': np.float64(84.1), 'acc': np.float64(84.2), 'ndev': 10662, 'ntest': 10662}","{'devacc': np.float64(88.81), 'acc': np.float64(89.03), 'ndev': 3775, 'ntest': 3775}","{'devacc': np.float64(94.95), 'acc': np.float64(95.03), 'ndev': 10000, 'ntest': 10000}","{'devacc': np.float64(89.52), 'acc': np.float64(89.7), 'ndev': 10606, 'ntest': 10606}","{'devacc': np.float64(89.79), 'acc': 89.13, 'ndev': 872, 'ntest': 1821}","{'devacc': np.float64(86.08), 'acc': 92.4, 'ndev': 5452, 'ntest': 500}","{'devacc': np.float64(71.25), 'acc': 70.72, 'f1': 78.45, 'ndev': 4076, 'ntest': 1725}"
allmpnet,CLS+MAX+MAX-NS_LYR-7,"torch.Size([61, 2304])",NORMAL,4,0,12,"{'devacc': np.float64(84.3), 'acc': np.float64(84.5), 'ndev': 10662, 'ntest': 10662}","{'devacc': np.float64(64.16), 'acc': np.float64(66.43), 'ndev': 3775, 'ntest': 3775}","{'devacc': np.float64(95.54), 'acc': np.float64(95.61), 'ndev': 10000, 'ntest': 10000}","{'devacc': np.float64(31.74), 'acc': np.float64(31.75), 'ndev': 10606, 'ntest': 10606}","{'devacc': np.float64(49.08), 'acc': 50.08, 'ndev': 872, 'ntest': 1821}","{'devacc': np.float64(87.71), 'acc': 92.4, 'ndev': 5452, 'ntest': 500}","{'devacc': np.float64(72.45), 'acc': 75.42, 'f1': 81.9, 'ndev': 4076, 'ntest': 1725}"
allmpnet,CLS+AVG-NS+SUM-NS_LYR-7,"torch.Size([61, 2304])",NORMAL,4,0,12,"{'devacc': np.float64(84.3), 'acc': np.float64(84.42), 'ndev': 10662, 'ntest': 10662}","{'devacc': np.float64(88.41), 'acc': np.float64(88.24), 'ndev': 3775, 'ntest': 3775}","{'devacc': np.float64(94.83), 'acc': np.float64(94.91), 'ndev': 10000, 'ntest': 10000}","{'devacc': np.float64(89.4), 'acc': np.float64(89.61), 'ndev': 10606, 'ntest': 10606}","{'devacc': np.float64(89.79), 'acc': 90.01, 'ndev': 872, 'ntest': 1821}","{'devacc': np.float64(84.08), 'acc': 90.0, 'ndev': 5452, 'ntest': 500}","{'devacc': np.float64(70.88), 'acc': 70.49, 'f1': 78.42, 'ndev': 4076, 'ntest': 1725}"
allmpnet,CLS+AVG-NS+MAX-NS_LYR-7,"torch.Size([61, 2304])",NORMAL,4,0,12,"{'devacc': np.float64(85.17), 'acc': np.float64(85.34), 'ndev': 10662, 'ntest': 10662}","{'devacc': np.float64(64.24), 'acc': np.float64(66.38), 'ndev': 3775, 'ntest': 3775}","{'devacc': np.float64(95.99), 'acc': np.float64(96.0), 'ndev': 10000, 'ntest': 10000}","{'devacc': np.float64(31.74), 'acc': np.float64(31.75), 'ndev': 10606, 'ntest': 10606}","{'devacc': np.float64(49.08), 'acc': 50.08, 'ndev': 872, 'ntest': 1821}","{'devacc': np.float64(85.53), 'acc': 90.8, 'ndev': 5452, 'ntest': 500}","{'devacc': np.float64(72.84), 'acc': 72.81, 'f1': 80.17, 'ndev': 4076, 'ntest': 1725}"
allmpnet,CLS+SUM-NS+MAX-NS_LYR-7,"torch.Size([61, 2304])",NORMAL,4,0,12,"{'devacc': np.float64(83.89), 'acc': np.float64(84.01), 'ndev': 10662, 'ntest': 10662}","{'devacc': np.float64(63.97), 'acc': np.float64(68.87), 'ndev': 3775, 'ntest': 3775}","{'devacc': np.float64(94.96), 'acc': np.float64(94.9), 'ndev': 10000, 'ntest': 10000}","{'devacc': np.float64(32.12), 'acc': np.float64(31.75), 'ndev': 10606, 'ntest': 10606}","{'devacc': np.float64(49.08), 'acc': 50.08, 'ndev': 872, 'ntest': 1821}","{'devacc': np.float64(84.7), 'acc': 91.4, 'ndev': 5452, 'ntest': 500}","{'devacc': np.float64(71.15), 'acc': 71.13, 'f1': 78.86, 'ndev': 4076, 'ntest': 1725}"
allmpnet,AVG+SUM+MAX_LYR-7,"torch.Size([61, 2304])",NORMAL,4,0,12,"{'devacc': np.float64(84.68), 'acc': np.float64(84.93), 'ndev': 10662, 'ntest': 10662}","{'devacc': np.float64(88.68), 'acc': np.float64(88.63), 'ndev': 3775, 'ntest': 3775}","{'devacc': np.float64(94.72), 'acc': np.float64(94.68), 'ndev': 10000, 'ntest': 10000}","{'devacc': np.float64(89.49), 'acc': np.float64(89.4), 'ndev': 10606, 'ntest': 10606}","{'devacc': np.float64(90.6), 'acc': 90.01, 'ndev': 872, 'ntest': 1821}","{'devacc': np.float64(88.54), 'acc': 93.0, 'ndev': 5452, 'ntest': 500}","{'devacc': np.float64(71.64), 'acc': 69.86, 'f1': 77.83, 'ndev': 4076, 'ntest': 1725}"
allmpnet,AVG+SUM+AVG-NS_LYR-7,"torch.Size([61, 2304])",NORMAL,4,0,12,"{'devacc': np.float64(84.87), 'acc': np.float64(85.28), 'ndev': 10662, 'ntest': 10662}","{'devacc': np.float64(88.59), 'acc': np.float64(88.79), 'ndev': 3775, 'ntest': 3775}","{'devacc': np.float64(94.69), 'acc': np.float64(94.62), 'ndev': 10000, 'ntest': 10000}","{'devacc': np.float64(89.58), 'acc': np.float64(89.37), 'ndev': 10606, 'ntest': 10606}","{'devacc': np.float64(90.6), 'acc': 90.06, 'ndev': 872, 'ntest': 1821}","{'devacc': np.float64(88.19), 'acc': 93.0, 'ndev': 5452, 'ntest': 500}","{'devacc': np.float64(71.91), 'acc': 70.78, 'f1': 78.66, 'ndev': 4076, 'ntest': 1725}"
allmpnet,AVG+SUM+SUM-NS_LYR-7,"torch.Size([61, 2304])",NORMAL,4,0,12,"{'devacc': np.float64(83.89), 'acc': np.float64(84.01), 'ndev': 10662, 'ntest': 10662}","{'devacc': np.float64(89.16), 'acc': np.float64(88.77), 'ndev': 3775, 'ntest': 3775}","{'devacc': np.float64(95.04), 'acc': np.float64(95.04), 'ndev': 10000, 'ntest': 10000}","{'devacc': np.float64(89.43), 'acc': np.float64(89.41), 'ndev': 10606, 'ntest': 10606}","{'devacc': np.float64(88.76), 'acc': 89.18, 'ndev': 872, 'ntest': 1821}","{'devacc': np.float64(88.44), 'acc': 93.0, 'ndev': 5452, 'ntest': 500}","{'devacc': np.float64(71.74), 'acc': 70.2, 'f1': 78.4, 'ndev': 4076, 'ntest': 1725}"
allmpnet,AVG+SUM+MAX-NS_LYR-7,"torch.Size([61, 2304])",NORMAL,4,0,12,"{'devacc': np.float64(84.64), 'acc': np.float64(84.74), 'ndev': 10662, 'ntest': 10662}","{'devacc': np.float64(73.76), 'acc': np.float64(65.93), 'ndev': 3775, 'ntest': 3775}","{'devacc': np.float64(94.74), 'acc': np.float64(94.5), 'ndev': 10000, 'ntest': 10000}","{'devacc': np.float64(32.12), 'acc': np.float64(31.75), 'ndev': 10606, 'ntest': 10606}","{'devacc': np.float64(49.08), 'acc': 50.08, 'ndev': 872, 'ntest': 1821}","{'devacc': np.float64(88.52), 'acc': 92.8, 'ndev': 5452, 'ntest': 500}","{'devacc': np.float64(71.64), 'acc': 71.3, 'f1': 79.37, 'ndev': 4076, 'ntest': 1725}"
allmpnet,AVG+MAX+AVG-NS_LYR-7,"torch.Size([61, 2304])",NORMAL,4,0,12,"{'devacc': np.float64(85.2), 'acc': np.float64(85.47), 'ndev': 10662, 'ntest': 10662}","{'devacc': np.float64(90.88), 'acc': np.float64(91.05), 'ndev': 3775, 'ntest': 3775}","{'devacc': np.float64(95.69), 'acc': np.float64(95.63), 'ndev': 10000, 'ntest': 10000}","{'devacc': np.float64(90.43), 'acc': np.float64(90.32), 'ndev': 10606, 'ntest': 10606}","{'devacc': np.float64(90.02), 'acc': 91.27, 'ndev': 872, 'ntest': 1821}","{'devacc': np.float64(89.78), 'acc': 94.0, 'ndev': 5452, 'ntest': 500}","{'devacc': np.float64(73.4), 'acc': 74.43, 'f1': 81.46, 'ndev': 4076, 'ntest': 1725}"
allmpnet,AVG+MAX+SUM-NS_LYR-7,"torch.Size([61, 2304])",NORMAL,4,0,12,"{'devacc': np.float64(83.86), 'acc': np.float64(83.73), 'ndev': 10662, 'ntest': 10662}","{'devacc': np.float64(88.37), 'acc': np.float64(88.56), 'ndev': 3775, 'ntest': 3775}","{'devacc': np.float64(94.75), 'acc': np.float64(94.71), 'ndev': 10000, 'ntest': 10000}","{'devacc': np.float64(89.67), 'acc': np.float64(89.96), 'ndev': 10606, 'ntest': 10606}","{'devacc': np.float64(89.33), 'acc': 89.18, 'ndev': 872, 'ntest': 1821}","{'devacc': np.float64(86.3), 'acc': 92.4, 'ndev': 5452, 'ntest': 500}","{'devacc': np.float64(71.0), 'acc': 71.25, 'f1': 78.73, 'ndev': 4076, 'ntest': 1725}"
allmpnet,AVG+MAX+MAX-NS_LYR-7,"torch.Size([61, 2304])",NORMAL,4,0,12,"{'devacc': np.float64(84.91), 'acc': np.float64(84.93), 'ndev': 10662, 'ntest': 10662}","{'devacc': np.float64(64.11), 'acc': np.float64(66.33), 'ndev': 3775, 'ntest': 3775}","{'devacc': np.float64(95.16), 'acc': np.float64(95.13), 'ndev': 10000, 'ntest': 10000}","{'devacc': np.float64(31.74), 'acc': np.float64(31.75), 'ndev': 10606, 'ntest': 10606}","{'devacc': np.float64(49.08), 'acc': 50.08, 'ndev': 872, 'ntest': 1821}","{'devacc': np.float64(88.92), 'acc': 93.8, 'ndev': 5452, 'ntest': 500}","{'devacc': np.float64(72.37), 'acc': 73.33, 'f1': 80.67, 'ndev': 4076, 'ntest': 1725}"
allmpnet,AVG+AVG-NS+SUM-NS_LYR-7,"torch.Size([61, 2304])",NORMAL,4,0,12,"{'devacc': np.float64(84.09), 'acc': np.float64(84.46), 'ndev': 10662, 'ntest': 10662}","{'devacc': np.float64(87.89), 'acc': np.float64(88.03), 'ndev': 3775, 'ntest': 3775}","{'devacc': np.float64(94.65), 'acc': np.float64(94.7), 'ndev': 10000, 'ntest': 10000}","{'devacc': np.float64(89.83), 'acc': np.float64(89.95), 'ndev': 10606, 'ntest': 10606}","{'devacc': np.float64(89.56), 'acc': 89.62, 'ndev': 872, 'ntest': 1821}","{'devacc': np.float64(84.9), 'acc': 90.4, 'ndev': 5452, 'ntest': 500}","{'devacc': np.float64(70.51), 'acc': 70.43, 'f1': 78.26, 'ndev': 4076, 'ntest': 1725}"
allmpnet,AVG+AVG-NS+MAX-NS_LYR-7,"torch.Size([61, 2304])",NORMAL,4,0,12,"{'devacc': np.float64(85.38), 'acc': np.float64(85.62), 'ndev': 10662, 'ntest': 10662}","{'devacc': np.float64(64.19), 'acc': np.float64(66.3), 'ndev': 3775, 'ntest': 3775}","{'devacc': np.float64(95.63), 'acc': np.float64(95.61), 'ndev': 10000, 'ntest': 10000}","{'devacc': np.float64(31.74), 'acc': np.float64(31.75), 'ndev': 10606, 'ntest': 10606}","{'devacc': np.float64(49.08), 'acc': 50.08, 'ndev': 872, 'ntest': 1821}","{'devacc': np.float64(88.7), 'acc': 93.8, 'ndev': 5452, 'ntest': 500}","{'devacc': np.float64(72.94), 'acc': 74.26, 'f1': 81.38, 'ndev': 4076, 'ntest': 1725}"
allmpnet,AVG+SUM-NS+MAX-NS_LYR-7,"torch.Size([61, 2304])",NORMAL,4,0,12,"{'devacc': np.float64(83.72), 'acc': np.float64(83.72), 'ndev': 10662, 'ntest': 10662}","{'devacc': np.float64(64.19), 'acc': np.float64(66.04), 'ndev': 3775, 'ntest': 3775}","{'devacc': np.float64(94.71), 'acc': np.float64(94.7), 'ndev': 10000, 'ntest': 10000}","{'devacc': np.float64(32.12), 'acc': np.float64(31.75), 'ndev': 10606, 'ntest': 10606}","{'devacc': np.float64(49.08), 'acc': 50.08, 'ndev': 872, 'ntest': 1821}","{'devacc': np.float64(85.31), 'acc': 91.2, 'ndev': 5452, 'ntest': 500}","{'devacc': np.float64(70.9), 'acc': 70.96, 'f1': 78.67, 'ndev': 4076, 'ntest': 1725}"
allmpnet,SUM+MAX+AVG-NS_LYR-7,"torch.Size([61, 2304])",NORMAL,4,0,12,"{'devacc': np.float64(84.61), 'acc': np.float64(84.82), 'ndev': 10662, 'ntest': 10662}","{'devacc': np.float64(88.72), 'acc': np.float64(88.48), 'ndev': 3775, 'ntest': 3775}","{'devacc': np.float64(94.7), 'acc': np.float64(94.7), 'ndev': 10000, 'ntest': 10000}","{'devacc': np.float64(89.46), 'acc': np.float64(89.35), 'ndev': 10606, 'ntest': 10606}","{'devacc': np.float64(90.83), 'acc': 90.17, 'ndev': 872, 'ntest': 1821}","{'devacc': np.float64(88.61), 'acc': 93.2, 'ndev': 5452, 'ntest': 500}","{'devacc': np.float64(71.66), 'acc': 70.72, 'f1': 78.74, 'ndev': 4076, 'ntest': 1725}"
allmpnet,SUM+MAX+SUM-NS_LYR-7,"torch.Size([61, 2304])",NORMAL,4,0,12,"{'devacc': np.float64(83.72), 'acc': np.float64(83.92), 'ndev': 10662, 'ntest': 10662}","{'devacc': np.float64(89.28), 'acc': np.float64(89.14), 'ndev': 3775, 'ntest': 3775}","{'devacc': np.float64(95.07), 'acc': np.float64(95.04), 'ndev': 10000, 'ntest': 10000}","{'devacc': np.float64(89.2), 'acc': np.float64(88.93), 'ndev': 10606, 'ntest': 10606}","{'devacc': np.float64(89.11), 'acc': 89.95, 'ndev': 872, 'ntest': 1821}","{'devacc': np.float64(88.81), 'acc': 93.4, 'ndev': 5452, 'ntest': 500}","{'devacc': np.float64(71.69), 'acc': 71.01, 'f1': 78.99, 'ndev': 4076, 'ntest': 1725}"
allmpnet,SUM+MAX+MAX-NS_LYR-7,"torch.Size([61, 2304])",NORMAL,4,0,12,"{'devacc': np.float64(84.43), 'acc': np.float64(84.65), 'ndev': 10662, 'ntest': 10662}","{'devacc': np.float64(73.5), 'acc': np.float64(68.18), 'ndev': 3775, 'ntest': 3775}","{'devacc': np.float64(94.79), 'acc': np.float64(94.78), 'ndev': 10000, 'ntest': 10000}","{'devacc': np.float64(32.12), 'acc': np.float64(31.75), 'ndev': 10606, 'ntest': 10606}","{'devacc': np.float64(49.08), 'acc': 50.08, 'ndev': 872, 'ntest': 1821}","{'devacc': np.float64(88.65), 'acc': 93.0, 'ndev': 5452, 'ntest': 500}","{'devacc': np.float64(71.81), 'acc': 70.49, 'f1': 78.62, 'ndev': 4076, 'ntest': 1725}"
allmpnet,SUM+AVG-NS+SUM-NS_LYR-7,"torch.Size([61, 2304])",NORMAL,4,0,12,"{'devacc': np.float64(83.9), 'acc': np.float64(84.01), 'ndev': 10662, 'ntest': 10662}","{'devacc': np.float64(89.16), 'acc': np.float64(88.87), 'ndev': 3775, 'ntest': 3775}","{'devacc': np.float64(95.05), 'acc': np.float64(95.04), 'ndev': 10000, 'ntest': 10000}","{'devacc': np.float64(89.37), 'acc': np.float64(89.42), 'ndev': 10606, 'ntest': 10606}","{'devacc': np.float64(90.14), 'acc': 89.62, 'ndev': 872, 'ntest': 1821}","{'devacc': np.float64(88.65), 'acc': 92.8, 'ndev': 5452, 'ntest': 500}","{'devacc': np.float64(71.93), 'acc': 70.43, 'f1': 78.41, 'ndev': 4076, 'ntest': 1725}"
allmpnet,SUM+AVG-NS+MAX-NS_LYR-7,"torch.Size([61, 2304])",NORMAL,4,0,12,"{'devacc': np.float64(84.59), 'acc': np.float64(84.77), 'ndev': 10662, 'ntest': 10662}","{'devacc': np.float64(73.43), 'acc': np.float64(68.27), 'ndev': 3775, 'ntest': 3775}","{'devacc': np.float64(94.75), 'acc': np.float64(94.64), 'ndev': 10000, 'ntest': 10000}","{'devacc': np.float64(32.12), 'acc': np.float64(31.75), 'ndev': 10606, 'ntest': 10606}","{'devacc': np.float64(49.08), 'acc': 50.08, 'ndev': 872, 'ntest': 1821}","{'devacc': np.float64(88.66), 'acc': 93.4, 'ndev': 5452, 'ntest': 500}","{'devacc': np.float64(71.59), 'acc': 70.84, 'f1': 78.82, 'ndev': 4076, 'ntest': 1725}"
allmpnet,SUM+SUM-NS+MAX-NS_LYR-7,"torch.Size([61, 2304])",NORMAL,4,0,12,"{'devacc': np.float64(83.7), 'acc': np.float64(83.99), 'ndev': 10662, 'ntest': 10662}","{'devacc': np.float64(76.32), 'acc': np.float64(86.41), 'ndev': 3775, 'ntest': 3775}","{'devacc': np.float64(95.07), 'acc': np.float64(95.06), 'ndev': 10000, 'ntest': 10000}","{'devacc': np.float64(32.12), 'acc': np.float64(35.5), 'ndev': 10606, 'ntest': 10606}","{'devacc': np.float64(49.08), 'acc': 50.08, 'ndev': 872, 'ntest': 1821}","{'devacc': np.float64(88.85), 'acc': 93.6, 'ndev': 5452, 'ntest': 500}","{'devacc': np.float64(71.52), 'acc': 70.67, 'f1': 78.49, 'ndev': 4076, 'ntest': 1725}"
allmpnet,MAX+AVG-NS+SUM-NS_LYR-7,"torch.Size([61, 2304])",NORMAL,4,0,12,"{'devacc': np.float64(83.7), 'acc': np.float64(83.69), 'ndev': 10662, 'ntest': 10662}","{'devacc': np.float64(88.16), 'acc': np.float64(88.13), 'ndev': 3775, 'ntest': 3775}","{'devacc': np.float64(94.72), 'acc': np.float64(94.7), 'ndev': 10000, 'ntest': 10000}","{'devacc': np.float64(89.55), 'acc': np.float64(89.62), 'ndev': 10606, 'ntest': 10606}","{'devacc': np.float64(89.56), 'acc': 89.57, 'ndev': 872, 'ntest': 1821}","{'devacc': np.float64(86.1), 'acc': 92.2, 'ndev': 5452, 'ntest': 500}","{'devacc': np.float64(71.05), 'acc': 71.48, 'f1': 79.22, 'ndev': 4076, 'ntest': 1725}"
allmpnet,MAX+AVG-NS+MAX-NS_LYR-7,"torch.Size([61, 2304])",NORMAL,4,0,12,"{'devacc': np.float64(84.5), 'acc': np.float64(84.81), 'ndev': 10662, 'ntest': 10662}","{'devacc': np.float64(64.06), 'acc': np.float64(66.2), 'ndev': 3775, 'ntest': 3775}","{'devacc': np.float64(95.1), 'acc': np.float64(94.99), 'ndev': 10000, 'ntest': 10000}","{'devacc': np.float64(31.74), 'acc': np.float64(31.75), 'ndev': 10606, 'ntest': 10606}","{'devacc': np.float64(49.08), 'acc': 50.08, 'ndev': 872, 'ntest': 1821}","{'devacc': np.float64(89.03), 'acc': 94.2, 'ndev': 5452, 'ntest': 500}","{'devacc': np.float64(71.86), 'acc': 72.99, 'f1': 80.39, 'ndev': 4076, 'ntest': 1725}"
allmpnet,MAX+SUM-NS+MAX-NS_LYR-7,"torch.Size([61, 2304])",NORMAL,4,0,12,"{'devacc': np.float64(83.34), 'acc': np.float64(83.31), 'ndev': 10662, 'ntest': 10662}","{'devacc': np.float64(69.01), 'acc': np.float64(66.09), 'ndev': 3775, 'ntest': 3775}","{'devacc': np.float64(94.8), 'acc': np.float64(94.74), 'ndev': 10000, 'ntest': 10000}","{'devacc': np.float64(32.12), 'acc': np.float64(31.75), 'ndev': 10606, 'ntest': 10606}","{'devacc': np.float64(49.08), 'acc': 50.08, 'ndev': 872, 'ntest': 1821}","{'devacc': np.float64(86.17), 'acc': 92.4, 'ndev': 5452, 'ntest': 500}","{'devacc': np.float64(71.34), 'acc': 71.83, 'f1': 79.37, 'ndev': 4076, 'ntest': 1725}"
allmpnet,AVG-NS+SUM-NS+MAX-NS_LYR-7,"torch.Size([61, 2304])",NORMAL,4,0,12,"{'devacc': np.float64(83.46), 'acc': np.float64(83.63), 'ndev': 10662, 'ntest': 10662}","{'devacc': np.float64(64.19), 'acc': np.float64(68.16), 'ndev': 3775, 'ntest': 3775}","{'devacc': np.float64(94.68), 'acc': np.float64(94.69), 'ndev': 10000, 'ntest': 10000}","{'devacc': np.float64(32.12), 'acc': np.float64(31.75), 'ndev': 10606, 'ntest': 10606}","{'devacc': np.float64(49.08), 'acc': 50.08, 'ndev': 872, 'ntest': 1821}","{'devacc': np.float64(84.76), 'acc': 90.6, 'ndev': 5452, 'ntest': 500}","{'devacc': np.float64(70.68), 'acc': 70.96, 'f1': 78.64, 'ndev': 4076, 'ntest': 1725}"
allmpnet,CLS+AVG+SUM_LYR-8,"torch.Size([61, 2304])",NORMAL,4,0,12,"{'devacc': np.float64(85.03), 'acc': np.float64(85.55), 'ndev': 10662, 'ntest': 10662}","{'devacc': np.float64(88.12), 'acc': np.float64(87.81), 'ndev': 3775, 'ntest': 3775}","{'devacc': np.float64(94.4), 'acc': np.float64(94.54), 'ndev': 10000, 'ntest': 10000}","{'devacc': np.float64(89.33), 'acc': np.float64(89.33), 'ndev': 10606, 'ntest': 10606}","{'devacc': np.float64(89.56), 'acc': 90.72, 'ndev': 872, 'ntest': 1821}","{'devacc': np.float64(88.17), 'acc': 94.6, 'ndev': 5452, 'ntest': 500}","{'devacc': np.float64(72.47), 'acc': 71.01, 'f1': 78.71, 'ndev': 4076, 'ntest': 1725}"
allmpnet,CLS+AVG+MAX_LYR-8,"torch.Size([61, 2304])",NORMAL,4,0,12,"{'devacc': np.float64(86.27), 'acc': np.float64(86.49), 'ndev': 10662, 'ntest': 10662}","{'devacc': np.float64(91.16), 'acc': np.float64(91.21), 'ndev': 3775, 'ntest': 3775}","{'devacc': np.float64(95.9), 'acc': np.float64(95.89), 'ndev': 10000, 'ntest': 10000}","{'devacc': np.float64(90.42), 'acc': np.float64(90.45), 'ndev': 10606, 'ntest': 10606}","{'devacc': np.float64(90.14), 'acc': 91.87, 'ndev': 872, 'ntest': 1821}","{'devacc': np.float64(89.86), 'acc': 93.8, 'ndev': 5452, 'ntest': 500}","{'devacc': np.float64(74.34), 'acc': 72.64, 'f1': 79.91, 'ndev': 4076, 'ntest': 1725}"
allmpnet,CLS+AVG+AVG-NS_LYR-8,"torch.Size([61, 2304])",NORMAL,4,0,12,"{'devacc': np.float64(86.86), 'acc': np.float64(86.95), 'ndev': 10662, 'ntest': 10662}","{'devacc': np.float64(91.74), 'acc': np.float64(92.03), 'ndev': 3775, 'ntest': 3775}","{'devacc': np.float64(96.19), 'acc': np.float64(96.15), 'ndev': 10000, 'ntest': 10000}","{'devacc': np.float64(90.46), 'acc': np.float64(90.48), 'ndev': 10606, 'ntest': 10606}","{'devacc': np.float64(91.17), 'acc': 91.87, 'ndev': 872, 'ntest': 1821}","{'devacc': np.float64(89.8), 'acc': 95.8, 'ndev': 5452, 'ntest': 500}","{'devacc': np.float64(75.76), 'acc': 74.9, 'f1': 82.28, 'ndev': 4076, 'ntest': 1725}"
allmpnet,CLS+AVG+SUM-NS_LYR-8,"torch.Size([61, 2304])",NORMAL,4,0,12,"{'devacc': np.float64(84.75), 'acc': np.float64(85.14), 'ndev': 10662, 'ntest': 10662}","{'devacc': np.float64(88.15), 'acc': np.float64(88.64), 'ndev': 3775, 'ntest': 3775}","{'devacc': np.float64(94.36), 'acc': np.float64(94.34), 'ndev': 10000, 'ntest': 10000}","{'devacc': np.float64(89.59), 'acc': np.float64(89.58), 'ndev': 10606, 'ntest': 10606}","{'devacc': np.float64(90.48), 'acc': 90.77, 'ndev': 872, 'ntest': 1821}","{'devacc': np.float64(85.18), 'acc': 91.4, 'ndev': 5452, 'ntest': 500}","{'devacc': np.float64(70.73), 'acc': 71.77, 'f1': 79.53, 'ndev': 4076, 'ntest': 1725}"
allmpnet,CLS+AVG+MAX-NS_LYR-8,"torch.Size([61, 2304])",NORMAL,4,0,12,"{'devacc': np.float64(86.37), 'acc': np.float64(86.42), 'ndev': 10662, 'ntest': 10662}","{'devacc': np.float64(64.22), 'acc': np.float64(66.49), 'ndev': 3775, 'ntest': 3775}","{'devacc': np.float64(95.82), 'acc': np.float64(95.73), 'ndev': 10000, 'ntest': 10000}","{'devacc': np.float64(31.74), 'acc': np.float64(31.75), 'ndev': 10606, 'ntest': 10606}","{'devacc': np.float64(49.08), 'acc': 50.08, 'ndev': 872, 'ntest': 1821}","{'devacc': np.float64(88.88), 'acc': 94.4, 'ndev': 5452, 'ntest': 500}","{'devacc': np.float64(74.19), 'acc': 73.22, 'f1': 80.44, 'ndev': 4076, 'ntest': 1725}"
allmpnet,CLS+SUM+MAX_LYR-8,"torch.Size([61, 2304])",NORMAL,4,0,12,"{'devacc': np.float64(84.79), 'acc': np.float64(85.09), 'ndev': 10662, 'ntest': 10662}","{'devacc': np.float64(88.27), 'acc': np.float64(87.89), 'ndev': 3775, 'ntest': 3775}","{'devacc': np.float64(94.47), 'acc': np.float64(94.57), 'ndev': 10000, 'ntest': 10000}","{'devacc': np.float64(89.11), 'acc': np.float64(89.28), 'ndev': 10606, 'ntest': 10606}","{'devacc': np.float64(90.48), 'acc': 90.77, 'ndev': 872, 'ntest': 1821}","{'devacc': np.float64(88.46), 'acc': 94.4, 'ndev': 5452, 'ntest': 500}","{'devacc': np.float64(72.37), 'acc': 71.77, 'f1': 79.43, 'ndev': 4076, 'ntest': 1725}"
allmpnet,CLS+SUM+AVG-NS_LYR-8,"torch.Size([61, 2304])",NORMAL,4,0,12,"{'devacc': np.float64(85.02), 'acc': np.float64(85.39), 'ndev': 10662, 'ntest': 10662}","{'devacc': np.float64(88.1), 'acc': np.float64(88.0), 'ndev': 3775, 'ntest': 3775}","{'devacc': np.float64(94.42), 'acc': np.float64(94.58), 'ndev': 10000, 'ntest': 10000}","{'devacc': np.float64(89.23), 'acc': np.float64(89.34), 'ndev': 10606, 'ntest': 10606}","{'devacc': np.float64(90.14), 'acc': 90.72, 'ndev': 872, 'ntest': 1821}","{'devacc': np.float64(88.26), 'acc': 94.8, 'ndev': 5452, 'ntest': 500}","{'devacc': np.float64(72.55), 'acc': 70.55, 'f1': 78.22, 'ndev': 4076, 'ntest': 1725}"
allmpnet,CLS+SUM+SUM-NS_LYR-8,"torch.Size([61, 2304])",NORMAL,4,0,12,"{'devacc': np.float64(84.23), 'acc': np.float64(84.33), 'ndev': 10662, 'ntest': 10662}","{'devacc': np.float64(89.04), 'acc': np.float64(88.66), 'ndev': 3775, 'ntest': 3775}","{'devacc': np.float64(94.68), 'acc': np.float64(94.74), 'ndev': 10000, 'ntest': 10000}","{'devacc': np.float64(88.9), 'acc': np.float64(88.91), 'ndev': 10606, 'ntest': 10606}","{'devacc': np.float64(90.48), 'acc': 90.39, 'ndev': 872, 'ntest': 1821}","{'devacc': np.float64(88.59), 'acc': 95.2, 'ndev': 5452, 'ntest': 500}","{'devacc': np.float64(72.5), 'acc': 70.43, 'f1': 78.0, 'ndev': 4076, 'ntest': 1725}"
allmpnet,CLS+SUM+MAX-NS_LYR-8,"torch.Size([61, 2304])",NORMAL,4,0,12,"{'devacc': np.float64(84.84), 'acc': np.float64(85.39), 'ndev': 10662, 'ntest': 10662}","{'devacc': np.float64(73.55), 'acc': np.float64(68.56), 'ndev': 3775, 'ntest': 3775}","{'devacc': np.float64(94.47), 'acc': np.float64(94.64), 'ndev': 10000, 'ntest': 10000}","{'devacc': np.float64(31.74), 'acc': np.float64(31.75), 'ndev': 10606, 'ntest': 10606}","{'devacc': np.float64(49.08), 'acc': 50.08, 'ndev': 872, 'ntest': 1821}","{'devacc': np.float64(88.59), 'acc': 95.2, 'ndev': 5452, 'ntest': 500}","{'devacc': np.float64(72.4), 'acc': 71.42, 'f1': 79.14, 'ndev': 4076, 'ntest': 1725}"
allmpnet,CLS+MAX+AVG-NS_LYR-8,"torch.Size([61, 2304])",NORMAL,4,0,12,"{'devacc': np.float64(86.22), 'acc': np.float64(86.03), 'ndev': 10662, 'ntest': 10662}","{'devacc': np.float64(91.08), 'acc': np.float64(91.18), 'ndev': 3775, 'ntest': 3775}","{'devacc': np.float64(95.77), 'acc': np.float64(95.83), 'ndev': 10000, 'ntest': 10000}","{'devacc': np.float64(89.95), 'acc': np.float64(89.92), 'ndev': 10606, 'ntest': 10606}","{'devacc': np.float64(90.37), 'acc': 91.54, 'ndev': 872, 'ntest': 1821}","{'devacc': np.float64(89.16), 'acc': 94.0, 'ndev': 5452, 'ntest': 500}","{'devacc': np.float64(73.72), 'acc': 73.1, 'f1': 80.2, 'ndev': 4076, 'ntest': 1725}"
allmpnet,CLS+MAX+SUM-NS_LYR-8,"torch.Size([61, 2304])",NORMAL,4,0,12,"{'devacc': np.float64(84.51), 'acc': np.float64(84.64), 'ndev': 10662, 'ntest': 10662}","{'devacc': np.float64(88.53), 'acc': np.float64(88.77), 'ndev': 3775, 'ntest': 3775}","{'devacc': np.float64(94.5), 'acc': np.float64(94.47), 'ndev': 10000, 'ntest': 10000}","{'devacc': np.float64(89.26), 'acc': np.float64(89.38), 'ndev': 10606, 'ntest': 10606}","{'devacc': np.float64(89.79), 'acc': 90.01, 'ndev': 872, 'ntest': 1821}","{'devacc': np.float64(86.13), 'acc': 92.6, 'ndev': 5452, 'ntest': 500}","{'devacc': np.float64(70.83), 'acc': 71.07, 'f1': 79.06, 'ndev': 4076, 'ntest': 1725}"
allmpnet,CLS+MAX+MAX-NS_LYR-8,"torch.Size([61, 2304])",NORMAL,4,0,12,"{'devacc': np.float64(85.54), 'acc': np.float64(85.47), 'ndev': 10662, 'ntest': 10662}","{'devacc': np.float64(64.11), 'acc': np.float64(66.38), 'ndev': 3775, 'ntest': 3775}","{'devacc': np.float64(95.28), 'acc': np.float64(95.29), 'ndev': 10000, 'ntest': 10000}","{'devacc': np.float64(31.74), 'acc': np.float64(31.75), 'ndev': 10606, 'ntest': 10606}","{'devacc': np.float64(49.08), 'acc': 50.08, 'ndev': 872, 'ntest': 1821}","{'devacc': np.float64(88.17), 'acc': 93.0, 'ndev': 5452, 'ntest': 500}","{'devacc': np.float64(72.28), 'acc': 71.54, 'f1': 78.92, 'ndev': 4076, 'ntest': 1725}"
allmpnet,CLS+AVG-NS+SUM-NS_LYR-8,"torch.Size([61, 2304])",NORMAL,4,0,12,"{'devacc': np.float64(84.65), 'acc': np.float64(84.73), 'ndev': 10662, 'ntest': 10662}","{'devacc': np.float64(88.12), 'acc': np.float64(88.5), 'ndev': 3775, 'ntest': 3775}","{'devacc': np.float64(94.34), 'acc': np.float64(94.33), 'ndev': 10000, 'ntest': 10000}","{'devacc': np.float64(89.12), 'acc': np.float64(89.22), 'ndev': 10606, 'ntest': 10606}","{'devacc': np.float64(89.56), 'acc': 90.28, 'ndev': 872, 'ntest': 1821}","{'devacc': np.float64(84.28), 'acc': 90.6, 'ndev': 5452, 'ntest': 500}","{'devacc': np.float64(70.68), 'acc': 71.54, 'f1': 79.15, 'ndev': 4076, 'ntest': 1725}"
allmpnet,CLS+AVG-NS+MAX-NS_LYR-8,"torch.Size([61, 2304])",NORMAL,4,0,12,"{'devacc': np.float64(86.03), 'acc': np.float64(85.88), 'ndev': 10662, 'ntest': 10662}","{'devacc': np.float64(64.18), 'acc': np.float64(66.57), 'ndev': 3775, 'ntest': 3775}","{'devacc': np.float64(95.6), 'acc': np.float64(95.51), 'ndev': 10000, 'ntest': 10000}","{'devacc': np.float64(31.74), 'acc': np.float64(31.75), 'ndev': 10606, 'ntest': 10606}","{'devacc': np.float64(49.08), 'acc': 50.08, 'ndev': 872, 'ntest': 1821}","{'devacc': np.float64(86.13), 'acc': 89.6, 'ndev': 5452, 'ntest': 500}","{'devacc': np.float64(72.79), 'acc': 72.7, 'f1': 79.98, 'ndev': 4076, 'ntest': 1725}"
allmpnet,CLS+SUM-NS+MAX-NS_LYR-8,"torch.Size([61, 2304])",NORMAL,4,0,12,"{'devacc': np.float64(84.28), 'acc': np.float64(84.35), 'ndev': 10662, 'ntest': 10662}","{'devacc': np.float64(70.52), 'acc': np.float64(71.39), 'ndev': 3775, 'ntest': 3775}","{'devacc': np.float64(94.42), 'acc': np.float64(94.39), 'ndev': 10000, 'ntest': 10000}","{'devacc': np.float64(32.12), 'acc': np.float64(31.75), 'ndev': 10606, 'ntest': 10606}","{'devacc': np.float64(49.08), 'acc': 50.08, 'ndev': 872, 'ntest': 1821}","{'devacc': np.float64(84.74), 'acc': 90.4, 'ndev': 5452, 'ntest': 500}","{'devacc': np.float64(70.8), 'acc': 71.25, 'f1': 79.4, 'ndev': 4076, 'ntest': 1725}"
allmpnet,AVG+SUM+MAX_LYR-8,"torch.Size([61, 2304])",NORMAL,4,0,12,"{'devacc': np.float64(84.81), 'acc': np.float64(85.11), 'ndev': 10662, 'ntest': 10662}","{'devacc': np.float64(88.31), 'acc': np.float64(87.81), 'ndev': 3775, 'ntest': 3775}","{'devacc': np.float64(94.46), 'acc': np.float64(94.61), 'ndev': 10000, 'ntest': 10000}","{'devacc': np.float64(89.19), 'acc': np.float64(89.46), 'ndev': 10606, 'ntest': 10606}","{'devacc': np.float64(90.48), 'acc': 91.21, 'ndev': 872, 'ntest': 1821}","{'devacc': np.float64(88.46), 'acc': 95.0, 'ndev': 5452, 'ntest': 500}","{'devacc': np.float64(72.67), 'acc': 71.42, 'f1': 79.15, 'ndev': 4076, 'ntest': 1725}"
allmpnet,AVG+SUM+AVG-NS_LYR-8,"torch.Size([61, 2304])",NORMAL,4,0,12,"{'devacc': np.float64(85.01), 'acc': np.float64(85.33), 'ndev': 10662, 'ntest': 10662}","{'devacc': np.float64(88.13), 'acc': np.float64(88.0), 'ndev': 3775, 'ntest': 3775}","{'devacc': np.float64(94.39), 'acc': np.float64(94.55), 'ndev': 10000, 'ntest': 10000}","{'devacc': np.float64(89.25), 'acc': np.float64(89.4), 'ndev': 10606, 'ntest': 10606}","{'devacc': np.float64(89.68), 'acc': 90.61, 'ndev': 872, 'ntest': 1821}","{'devacc': np.float64(88.19), 'acc': 94.8, 'ndev': 5452, 'ntest': 500}","{'devacc': np.float64(72.3), 'acc': 71.54, 'f1': 79.33, 'ndev': 4076, 'ntest': 1725}"
allmpnet,AVG+SUM+SUM-NS_LYR-8,"torch.Size([61, 2304])",NORMAL,4,0,12,"{'devacc': np.float64(84.17), 'acc': np.float64(84.47), 'ndev': 10662, 'ntest': 10662}","{'devacc': np.float64(89.08), 'acc': np.float64(88.93), 'ndev': 3775, 'ntest': 3775}","{'devacc': np.float64(94.66), 'acc': np.float64(94.67), 'ndev': 10000, 'ntest': 10000}","{'devacc': np.float64(88.97), 'acc': np.float64(88.96), 'ndev': 10606, 'ntest': 10606}","{'devacc': np.float64(90.25), 'acc': 90.06, 'ndev': 872, 'ntest': 1821}","{'devacc': np.float64(88.54), 'acc': 95.0, 'ndev': 5452, 'ntest': 500}","{'devacc': np.float64(72.2), 'acc': 70.61, 'f1': 78.23, 'ndev': 4076, 'ntest': 1725}"
allmpnet,AVG+SUM+MAX-NS_LYR-8,"torch.Size([61, 2304])",NORMAL,4,0,12,"{'devacc': np.float64(84.8), 'acc': np.float64(85.2), 'ndev': 10662, 'ntest': 10662}","{'devacc': np.float64(73.55), 'acc': np.float64(70.83), 'ndev': 3775, 'ntest': 3775}","{'devacc': np.float64(94.42), 'acc': np.float64(94.59), 'ndev': 10000, 'ntest': 10000}","{'devacc': np.float64(32.12), 'acc': np.float64(31.75), 'ndev': 10606, 'ntest': 10606}","{'devacc': np.float64(49.08), 'acc': 50.08, 'ndev': 872, 'ntest': 1821}","{'devacc': np.float64(88.66), 'acc': 95.4, 'ndev': 5452, 'ntest': 500}","{'devacc': np.float64(72.45), 'acc': 71.3, 'f1': 79.05, 'ndev': 4076, 'ntest': 1725}"
allmpnet,AVG+MAX+AVG-NS_LYR-8,"torch.Size([61, 2304])",NORMAL,4,0,12,"{'devacc': np.float64(85.96), 'acc': np.float64(86.2), 'ndev': 10662, 'ntest': 10662}","{'devacc': np.float64(90.8), 'acc': np.float64(90.81), 'ndev': 3775, 'ntest': 3775}","{'devacc': np.float64(95.66), 'acc': np.float64(95.68), 'ndev': 10000, 'ntest': 10000}","{'devacc': np.float64(90.08), 'acc': np.float64(90.1), 'ndev': 10606, 'ntest': 10606}","{'devacc': np.float64(88.88), 'acc': 91.32, 'ndev': 872, 'ntest': 1821}","{'devacc': np.float64(89.73), 'acc': 95.4, 'ndev': 5452, 'ntest': 500}","{'devacc': np.float64(74.09), 'acc': 73.39, 'f1': 80.38, 'ndev': 4076, 'ntest': 1725}"
allmpnet,AVG+MAX+SUM-NS_LYR-8,"torch.Size([61, 2304])",NORMAL,4,0,12,"{'devacc': np.float64(84.5), 'acc': np.float64(84.87), 'ndev': 10662, 'ntest': 10662}","{'devacc': np.float64(88.33), 'acc': np.float64(88.5), 'ndev': 3775, 'ntest': 3775}","{'devacc': np.float64(94.44), 'acc': np.float64(94.47), 'ndev': 10000, 'ntest': 10000}","{'devacc': np.float64(89.47), 'acc': np.float64(89.5), 'ndev': 10606, 'ntest': 10606}","{'devacc': np.float64(89.79), 'acc': 90.72, 'ndev': 872, 'ntest': 1821}","{'devacc': np.float64(86.48), 'acc': 92.8, 'ndev': 5452, 'ntest': 500}","{'devacc': np.float64(70.53), 'acc': 71.13, 'f1': 78.92, 'ndev': 4076, 'ntest': 1725}"
allmpnet,AVG+MAX+MAX-NS_LYR-8,"torch.Size([61, 2304])",NORMAL,4,0,12,"{'devacc': np.float64(85.59), 'acc': np.float64(85.7), 'ndev': 10662, 'ntest': 10662}","{'devacc': np.float64(64.13), 'acc': np.float64(66.49), 'ndev': 3775, 'ntest': 3775}","{'devacc': np.float64(95.32), 'acc': np.float64(95.34), 'ndev': 10000, 'ntest': 10000}","{'devacc': np.float64(31.74), 'acc': np.float64(31.75), 'ndev': 10606, 'ntest': 10606}","{'devacc': np.float64(49.08), 'acc': 50.08, 'ndev': 872, 'ntest': 1821}","{'devacc': np.float64(89.58), 'acc': 94.0, 'ndev': 5452, 'ntest': 500}","{'devacc': np.float64(73.77), 'acc': 72.46, 'f1': 79.78, 'ndev': 4076, 'ntest': 1725}"
allmpnet,AVG+AVG-NS+SUM-NS_LYR-8,"torch.Size([61, 2304])",NORMAL,4,0,12,"{'devacc': np.float64(84.61), 'acc': np.float64(84.82), 'ndev': 10662, 'ntest': 10662}","{'devacc': np.float64(87.93), 'acc': np.float64(88.19), 'ndev': 3775, 'ntest': 3775}","{'devacc': np.float64(94.32), 'acc': np.float64(94.27), 'ndev': 10000, 'ntest': 10000}","{'devacc': np.float64(89.58), 'acc': np.float64(89.55), 'ndev': 10606, 'ntest': 10606}","{'devacc': np.float64(89.68), 'acc': 89.95, 'ndev': 872, 'ntest': 1821}","{'devacc': np.float64(85.03), 'acc': 91.6, 'ndev': 5452, 'ntest': 500}","{'devacc': np.float64(70.39), 'acc': 70.96, 'f1': 78.49, 'ndev': 4076, 'ntest': 1725}"
allmpnet,AVG+AVG-NS+MAX-NS_LYR-8,"torch.Size([61, 2304])",NORMAL,4,0,12,"{'devacc': np.float64(85.86), 'acc': np.float64(85.61), 'ndev': 10662, 'ntest': 10662}","{'devacc': np.float64(64.16), 'acc': np.float64(66.49), 'ndev': 3775, 'ntest': 3775}","{'devacc': np.float64(95.49), 'acc': np.float64(95.43), 'ndev': 10000, 'ntest': 10000}","{'devacc': np.float64(31.74), 'acc': np.float64(31.75), 'ndev': 10606, 'ntest': 10606}","{'devacc': np.float64(49.08), 'acc': 50.08, 'ndev': 872, 'ntest': 1821}","{'devacc': np.float64(88.83), 'acc': 95.0, 'ndev': 5452, 'ntest': 500}","{'devacc': np.float64(72.91), 'acc': 72.23, 'f1': 79.69, 'ndev': 4076, 'ntest': 1725}"
allmpnet,AVG+SUM-NS+MAX-NS_LYR-8,"torch.Size([61, 2304])",NORMAL,4,0,12,"{'devacc': np.float64(84.3), 'acc': np.float64(84.56), 'ndev': 10662, 'ntest': 10662}","{'devacc': np.float64(67.96), 'acc': np.float64(66.28), 'ndev': 3775, 'ntest': 3775}","{'devacc': np.float64(94.39), 'acc': np.float64(94.35), 'ndev': 10000, 'ntest': 10000}","{'devacc': np.float64(32.12), 'acc': np.float64(31.75), 'ndev': 10606, 'ntest': 10606}","{'devacc': np.float64(49.08), 'acc': 50.08, 'ndev': 872, 'ntest': 1821}","{'devacc': np.float64(85.6), 'acc': 92.0, 'ndev': 5452, 'ntest': 500}","{'devacc': np.float64(70.12), 'acc': 71.54, 'f1': 79.2, 'ndev': 4076, 'ntest': 1725}"
allmpnet,SUM+MAX+AVG-NS_LYR-8,"torch.Size([61, 2304])",NORMAL,4,0,12,"{'devacc': np.float64(84.78), 'acc': np.float64(85.21), 'ndev': 10662, 'ntest': 10662}","{'devacc': np.float64(88.3), 'acc': np.float64(87.89), 'ndev': 3775, 'ntest': 3775}","{'devacc': np.float64(94.45), 'acc': np.float64(94.62), 'ndev': 10000, 'ntest': 10000}","{'devacc': np.float64(89.15), 'acc': np.float64(89.33), 'ndev': 10606, 'ntest': 10606}","{'devacc': np.float64(90.14), 'acc': 90.39, 'ndev': 872, 'ntest': 1821}","{'devacc': np.float64(88.66), 'acc': 95.4, 'ndev': 5452, 'ntest': 500}","{'devacc': np.float64(72.37), 'acc': 72.0, 'f1': 79.53, 'ndev': 4076, 'ntest': 1725}"
allmpnet,SUM+MAX+SUM-NS_LYR-8,"torch.Size([61, 2304])",NORMAL,4,0,12,"{'devacc': np.float64(84.08), 'acc': np.float64(84.54), 'ndev': 10662, 'ntest': 10662}","{'devacc': np.float64(89.2), 'acc': np.float64(89.19), 'ndev': 3775, 'ntest': 3775}","{'devacc': np.float64(94.73), 'acc': np.float64(94.79), 'ndev': 10000, 'ntest': 10000}","{'devacc': np.float64(89.01), 'acc': np.float64(88.92), 'ndev': 10606, 'ntest': 10606}","{'devacc': np.float64(90.71), 'acc': 90.88, 'ndev': 872, 'ntest': 1821}","{'devacc': np.float64(88.9), 'acc': 94.8, 'ndev': 5452, 'ntest': 500}","{'devacc': np.float64(72.4), 'acc': 71.71, 'f1': 79.34, 'ndev': 4076, 'ntest': 1725}"
allmpnet,SUM+MAX+MAX-NS_LYR-8,"torch.Size([61, 2304])",NORMAL,4,0,12,"{'devacc': np.float64(84.6), 'acc': np.float64(85.1), 'ndev': 10662, 'ntest': 10662}","{'devacc': np.float64(73.66), 'acc': np.float64(71.81), 'ndev': 3775, 'ntest': 3775}","{'devacc': np.float64(94.5), 'acc': np.float64(94.6), 'ndev': 10000, 'ntest': 10000}","{'devacc': np.float64(32.12), 'acc': np.float64(31.75), 'ndev': 10606, 'ntest': 10606}","{'devacc': np.float64(49.08), 'acc': 50.08, 'ndev': 872, 'ntest': 1821}","{'devacc': np.float64(88.79), 'acc': 94.8, 'ndev': 5452, 'ntest': 500}","{'devacc': np.float64(72.4), 'acc': 71.07, 'f1': 78.79, 'ndev': 4076, 'ntest': 1725}"
allmpnet,SUM+AVG-NS+SUM-NS_LYR-8,"torch.Size([61, 2304])",NORMAL,4,0,12,"{'devacc': np.float64(84.13), 'acc': np.float64(84.3), 'ndev': 10662, 'ntest': 10662}","{'devacc': np.float64(89.09), 'acc': np.float64(89.01), 'ndev': 3775, 'ntest': 3775}","{'devacc': np.float64(94.68), 'acc': np.float64(94.7), 'ndev': 10000, 'ntest': 10000}","{'devacc': np.float64(89.02), 'acc': np.float64(89.02), 'ndev': 10606, 'ntest': 10606}","{'devacc': np.float64(90.37), 'acc': 90.5, 'ndev': 872, 'ntest': 1821}","{'devacc': np.float64(88.61), 'acc': 94.6, 'ndev': 5452, 'ntest': 500}","{'devacc': np.float64(72.18), 'acc': 70.96, 'f1': 78.71, 'ndev': 4076, 'ntest': 1725}"
allmpnet,SUM+AVG-NS+MAX-NS_LYR-8,"torch.Size([61, 2304])",NORMAL,4,0,12,"{'devacc': np.float64(84.76), 'acc': np.float64(85.26), 'ndev': 10662, 'ntest': 10662}","{'devacc': np.float64(73.42), 'acc': np.float64(69.58), 'ndev': 3775, 'ntest': 3775}","{'devacc': np.float64(94.46), 'acc': np.float64(94.53), 'ndev': 10000, 'ntest': 10000}","{'devacc': np.float64(32.12), 'acc': np.float64(31.75), 'ndev': 10606, 'ntest': 10606}","{'devacc': np.float64(49.08), 'acc': 50.08, 'ndev': 872, 'ntest': 1821}","{'devacc': np.float64(88.59), 'acc': 95.2, 'ndev': 5452, 'ntest': 500}","{'devacc': np.float64(72.4), 'acc': 71.19, 'f1': 78.75, 'ndev': 4076, 'ntest': 1725}"
allmpnet,SUM+SUM-NS+MAX-NS_LYR-8,"torch.Size([61, 2304])",NORMAL,4,0,12,"{'devacc': np.float64(84.19), 'acc': np.float64(84.32), 'ndev': 10662, 'ntest': 10662}","{'devacc': np.float64(84.43), 'acc': np.float64(86.25), 'ndev': 3775, 'ntest': 3775}","{'devacc': np.float64(94.74), 'acc': np.float64(94.82), 'ndev': 10000, 'ntest': 10000}","{'devacc': np.float64(31.74), 'acc': np.float64(35.5), 'ndev': 10606, 'ntest': 10606}","{'devacc': np.float64(49.08), 'acc': 50.08, 'ndev': 872, 'ntest': 1821}","{'devacc': np.float64(88.72), 'acc': 94.6, 'ndev': 5452, 'ntest': 500}","{'devacc': np.float64(72.4), 'acc': 71.36, 'f1': 79.01, 'ndev': 4076, 'ntest': 1725}"
allmpnet,MAX+AVG-NS+SUM-NS_LYR-8,"torch.Size([61, 2304])",NORMAL,4,0,12,"{'devacc': np.float64(84.39), 'acc': np.float64(84.75), 'ndev': 10662, 'ntest': 10662}","{'devacc': np.float64(88.27), 'acc': np.float64(88.4), 'ndev': 3775, 'ntest': 3775}","{'devacc': np.float64(94.44), 'acc': np.float64(94.4), 'ndev': 10000, 'ntest': 10000}","{'devacc': np.float64(89.37), 'acc': np.float64(89.5), 'ndev': 10606, 'ntest': 10606}","{'devacc': np.float64(89.33), 'acc': 90.12, 'ndev': 872, 'ntest': 1821}","{'devacc': np.float64(86.1), 'acc': 92.2, 'ndev': 5452, 'ntest': 500}","{'devacc': np.float64(70.41), 'acc': 71.25, 'f1': 79.07, 'ndev': 4076, 'ntest': 1725}"
allmpnet,MAX+AVG-NS+MAX-NS_LYR-8,"torch.Size([61, 2304])",NORMAL,4,0,12,"{'devacc': np.float64(85.23), 'acc': np.float64(85.47), 'ndev': 10662, 'ntest': 10662}","{'devacc': np.float64(64.07), 'acc': np.float64(66.46), 'ndev': 3775, 'ntest': 3775}","{'devacc': np.float64(95.08), 'acc': np.float64(95.04), 'ndev': 10000, 'ntest': 10000}","{'devacc': np.float64(31.74), 'acc': np.float64(31.75), 'ndev': 10606, 'ntest': 10606}","{'devacc': np.float64(49.08), 'acc': 50.08, 'ndev': 872, 'ntest': 1821}","{'devacc': np.float64(88.74), 'acc': 92.6, 'ndev': 5452, 'ntest': 500}","{'devacc': np.float64(73.06), 'acc': 72.0, 'f1': 79.3, 'ndev': 4076, 'ntest': 1725}"
allmpnet,MAX+SUM-NS+MAX-NS_LYR-8,"torch.Size([61, 2304])",NORMAL,4,0,12,"{'devacc': np.float64(84.11), 'acc': np.float64(84.41), 'ndev': 10662, 'ntest': 10662}","{'devacc': np.float64(69.34), 'acc': np.float64(68.31), 'ndev': 3775, 'ntest': 3775}","{'devacc': np.float64(94.46), 'acc': np.float64(94.46), 'ndev': 10000, 'ntest': 10000}","{'devacc': np.float64(32.12), 'acc': np.float64(31.75), 'ndev': 10606, 'ntest': 10606}","{'devacc': np.float64(49.08), 'acc': 50.08, 'ndev': 872, 'ntest': 1821}","{'devacc': np.float64(86.55), 'acc': 92.4, 'ndev': 5452, 'ntest': 500}","{'devacc': np.float64(70.78), 'acc': 71.25, 'f1': 78.89, 'ndev': 4076, 'ntest': 1725}"
allmpnet,AVG-NS+SUM-NS+MAX-NS_LYR-8,"torch.Size([61, 2304])",NORMAL,4,0,12,"{'devacc': np.float64(84.12), 'acc': np.float64(84.67), 'ndev': 10662, 'ntest': 10662}","{'devacc': np.float64(68.68), 'acc': np.float64(66.22), 'ndev': 3775, 'ntest': 3775}","{'devacc': np.float64(94.34), 'acc': np.float64(94.33), 'ndev': 10000, 'ntest': 10000}","{'devacc': np.float64(32.12), 'acc': np.float64(31.75), 'ndev': 10606, 'ntest': 10606}","{'devacc': np.float64(49.08), 'acc': 50.08, 'ndev': 872, 'ntest': 1821}","{'devacc': np.float64(84.9), 'acc': 90.4, 'ndev': 5452, 'ntest': 500}","{'devacc': np.float64(70.49), 'acc': 70.96, 'f1': 78.87, 'ndev': 4076, 'ntest': 1725}"
allmpnet,CLS+AVG+SUM_LYR-9,"torch.Size([61, 2304])",NORMAL,4,0,12,"{'devacc': np.float64(85.18), 'acc': np.float64(85.19), 'ndev': 10662, 'ntest': 10662}","{'devacc': np.float64(88.69), 'acc': np.float64(88.58), 'ndev': 3775, 'ntest': 3775}","{'devacc': np.float64(94.23), 'acc': np.float64(94.4), 'ndev': 10000, 'ntest': 10000}","{'devacc': np.float64(89.0), 'acc': np.float64(89.24), 'ndev': 10606, 'ntest': 10606}","{'devacc': np.float64(90.37), 'acc': 90.83, 'ndev': 872, 'ntest': 1821}","{'devacc': np.float64(88.7), 'acc': 95.2, 'ndev': 5452, 'ntest': 500}","{'devacc': np.float64(71.88), 'acc': 71.83, 'f1': 78.96, 'ndev': 4076, 'ntest': 1725}"
allmpnet,CLS+AVG+MAX_LYR-9,"torch.Size([61, 2304])",NORMAL,4,0,12,"{'devacc': np.float64(85.88), 'acc': np.float64(86.23), 'ndev': 10662, 'ntest': 10662}","{'devacc': np.float64(91.15), 'acc': np.float64(91.55), 'ndev': 3775, 'ntest': 3775}","{'devacc': np.float64(95.53), 'acc': np.float64(95.66), 'ndev': 10000, 'ntest': 10000}","{'devacc': np.float64(89.94), 'acc': np.float64(90.16), 'ndev': 10606, 'ntest': 10606}","{'devacc': np.float64(89.68), 'acc': 91.27, 'ndev': 872, 'ntest': 1821}","{'devacc': np.float64(90.59), 'acc': 95.4, 'ndev': 5452, 'ntest': 500}","{'devacc': np.float64(74.36), 'acc': 73.51, 'f1': 80.71, 'ndev': 4076, 'ntest': 1725}"
allmpnet,CLS+AVG+AVG-NS_LYR-9,"torch.Size([61, 2304])",NORMAL,4,0,12,"{'devacc': np.float64(86.68), 'acc': np.float64(86.77), 'ndev': 10662, 'ntest': 10662}","{'devacc': np.float64(91.6), 'acc': np.float64(91.66), 'ndev': 3775, 'ntest': 3775}","{'devacc': np.float64(95.78), 'acc': np.float64(95.69), 'ndev': 10000, 'ntest': 10000}","{'devacc': np.float64(90.19), 'acc': np.float64(90.36), 'ndev': 10606, 'ntest': 10606}","{'devacc': np.float64(90.02), 'acc': 91.65, 'ndev': 872, 'ntest': 1821}","{'devacc': np.float64(90.26), 'acc': 96.0, 'ndev': 5452, 'ntest': 500}","{'devacc': np.float64(75.44), 'acc': 74.55, 'f1': 81.85, 'ndev': 4076, 'ntest': 1725}"
allmpnet,CLS+AVG+SUM-NS_LYR-9,"torch.Size([61, 2304])",NORMAL,4,0,12,"{'devacc': np.float64(84.57), 'acc': np.float64(84.85), 'ndev': 10662, 'ntest': 10662}","{'devacc': np.float64(87.9), 'acc': np.float64(88.03), 'ndev': 3775, 'ntest': 3775}","{'devacc': np.float64(94.16), 'acc': np.float64(94.26), 'ndev': 10000, 'ntest': 10000}","{'devacc': np.float64(89.25), 'acc': np.float64(89.43), 'ndev': 10606, 'ntest': 10606}","{'devacc': np.float64(89.56), 'acc': 90.77, 'ndev': 872, 'ntest': 1821}","{'devacc': np.float64(85.91), 'acc': 93.0, 'ndev': 5452, 'ntest': 500}","{'devacc': np.float64(70.83), 'acc': 70.43, 'f1': 78.28, 'ndev': 4076, 'ntest': 1725}"
allmpnet,CLS+AVG+MAX-NS_LYR-9,"torch.Size([61, 2304])",NORMAL,4,0,12,"{'devacc': np.float64(85.84), 'acc': np.float64(85.85), 'ndev': 10662, 'ntest': 10662}","{'devacc': np.float64(64.22), 'acc': np.float64(66.46), 'ndev': 3775, 'ntest': 3775}","{'devacc': np.float64(95.44), 'acc': np.float64(95.6), 'ndev': 10000, 'ntest': 10000}","{'devacc': np.float64(40.06), 'acc': np.float64(40.06), 'ndev': 10606, 'ntest': 10606}","{'devacc': np.float64(49.08), 'acc': 50.08, 'ndev': 872, 'ntest': 1821}","{'devacc': np.float64(89.42), 'acc': 94.6, 'ndev': 5452, 'ntest': 500}","{'devacc': np.float64(73.75), 'acc': 72.46, 'f1': 79.81, 'ndev': 4076, 'ntest': 1725}"
allmpnet,CLS+SUM+MAX_LYR-9,"torch.Size([61, 2304])",NORMAL,4,0,12,"{'devacc': np.float64(84.94), 'acc': np.float64(85.05), 'ndev': 10662, 'ntest': 10662}","{'devacc': np.float64(88.85), 'acc': np.float64(88.9), 'ndev': 3775, 'ntest': 3775}","{'devacc': np.float64(94.3), 'acc': np.float64(94.42), 'ndev': 10000, 'ntest': 10000}","{'devacc': np.float64(88.82), 'acc': np.float64(89.14), 'ndev': 10606, 'ntest': 10606}","{'devacc': np.float64(90.14), 'acc': 90.88, 'ndev': 872, 'ntest': 1821}","{'devacc': np.float64(89.21), 'acc': 95.6, 'ndev': 5452, 'ntest': 500}","{'devacc': np.float64(71.91), 'acc': 71.25, 'f1': 78.49, 'ndev': 4076, 'ntest': 1725}"
allmpnet,CLS+SUM+AVG-NS_LYR-9,"torch.Size([61, 2304])",NORMAL,4,0,12,"{'devacc': np.float64(85.17), 'acc': np.float64(85.07), 'ndev': 10662, 'ntest': 10662}","{'devacc': np.float64(88.72), 'acc': np.float64(88.58), 'ndev': 3775, 'ntest': 3775}","{'devacc': np.float64(94.24), 'acc': np.float64(94.32), 'ndev': 10000, 'ntest': 10000}","{'devacc': np.float64(88.96), 'acc': np.float64(89.08), 'ndev': 10606, 'ntest': 10606}","{'devacc': np.float64(90.71), 'acc': 90.99, 'ndev': 872, 'ntest': 1821}","{'devacc': np.float64(88.85), 'acc': 95.2, 'ndev': 5452, 'ntest': 500}","{'devacc': np.float64(71.71), 'acc': 71.77, 'f1': 78.93, 'ndev': 4076, 'ntest': 1725}"
allmpnet,CLS+SUM+SUM-NS_LYR-9,"torch.Size([61, 2304])",NORMAL,4,0,12,"{'devacc': np.float64(84.43), 'acc': np.float64(84.59), 'ndev': 10662, 'ntest': 10662}","{'devacc': np.float64(89.08), 'acc': np.float64(89.11), 'ndev': 3775, 'ntest': 3775}","{'devacc': np.float64(94.61), 'acc': np.float64(94.62), 'ndev': 10000, 'ntest': 10000}","{'devacc': np.float64(88.59), 'acc': np.float64(88.6), 'ndev': 10606, 'ntest': 10606}","{'devacc': np.float64(89.45), 'acc': 90.77, 'ndev': 872, 'ntest': 1821}","{'devacc': np.float64(89.29), 'acc': 96.0, 'ndev': 5452, 'ntest': 500}","{'devacc': np.float64(71.96), 'acc': 70.9, 'f1': 78.29, 'ndev': 4076, 'ntest': 1725}"
allmpnet,CLS+SUM+MAX-NS_LYR-9,"torch.Size([61, 2304])",NORMAL,4,0,12,"{'devacc': np.float64(84.95), 'acc': np.float64(85.02), 'ndev': 10662, 'ntest': 10662}","{'devacc': np.float64(73.36), 'acc': np.float64(86.41), 'ndev': 3775, 'ntest': 3775}","{'devacc': np.float64(94.27), 'acc': np.float64(94.31), 'ndev': 10000, 'ntest': 10000}","{'devacc': np.float64(40.06), 'acc': np.float64(40.06), 'ndev': 10606, 'ntest': 10606}","{'devacc': np.float64(49.08), 'acc': 50.08, 'ndev': 872, 'ntest': 1821}","{'devacc': np.float64(89.38), 'acc': 95.2, 'ndev': 5452, 'ntest': 500}","{'devacc': np.float64(71.88), 'acc': 71.83, 'f1': 79.03, 'ndev': 4076, 'ntest': 1725}"
allmpnet,CLS+MAX+AVG-NS_LYR-9,"torch.Size([61, 2304])",NORMAL,4,0,12,"{'devacc': np.float64(85.56), 'acc': np.float64(85.67), 'ndev': 10662, 'ntest': 10662}","{'devacc': np.float64(90.74), 'acc': np.float64(91.07), 'ndev': 3775, 'ntest': 3775}","{'devacc': np.float64(95.41), 'acc': np.float64(95.57), 'ndev': 10000, 'ntest': 10000}","{'devacc': np.float64(89.79), 'acc': np.float64(90.02), 'ndev': 10606, 'ntest': 10606}","{'devacc': np.float64(88.53), 'acc': 90.94, 'ndev': 872, 'ntest': 1821}","{'devacc': np.float64(90.41), 'acc': 95.4, 'ndev': 5452, 'ntest': 500}","{'devacc': np.float64(74.19), 'acc': 72.64, 'f1': 80.05, 'ndev': 4076, 'ntest': 1725}"
allmpnet,CLS+MAX+SUM-NS_LYR-9,"torch.Size([61, 2304])",NORMAL,4,0,12,"{'devacc': np.float64(84.3), 'acc': np.float64(84.54), 'ndev': 10662, 'ntest': 10662}","{'devacc': np.float64(88.32), 'acc': np.float64(88.64), 'ndev': 3775, 'ntest': 3775}","{'devacc': np.float64(94.27), 'acc': np.float64(94.38), 'ndev': 10000, 'ntest': 10000}","{'devacc': np.float64(88.87), 'acc': np.float64(88.83), 'ndev': 10606, 'ntest': 10606}","{'devacc': np.float64(88.88), 'acc': 90.72, 'ndev': 872, 'ntest': 1821}","{'devacc': np.float64(87.03), 'acc': 93.6, 'ndev': 5452, 'ntest': 500}","{'devacc': np.float64(71.07), 'acc': 71.07, 'f1': 78.83, 'ndev': 4076, 'ntest': 1725}"
allmpnet,CLS+MAX+MAX-NS_LYR-9,"torch.Size([61, 2304])",NORMAL,4,0,12,"{'devacc': np.float64(84.43), 'acc': np.float64(84.47), 'ndev': 10662, 'ntest': 10662}","{'devacc': np.float64(64.07), 'acc': np.float64(66.22), 'ndev': 3775, 'ntest': 3775}","{'devacc': np.float64(94.59), 'acc': np.float64(94.7), 'ndev': 10000, 'ntest': 10000}","{'devacc': np.float64(40.06), 'acc': np.float64(40.06), 'ndev': 10606, 'ntest': 10606}","{'devacc': np.float64(49.08), 'acc': 50.08, 'ndev': 872, 'ntest': 1821}","{'devacc': np.float64(89.71), 'acc': 93.6, 'ndev': 5452, 'ntest': 500}","{'devacc': np.float64(72.28), 'acc': 71.19, 'f1': 78.81, 'ndev': 4076, 'ntest': 1725}"
allmpnet,CLS+AVG-NS+SUM-NS_LYR-9,"torch.Size([61, 2304])",NORMAL,4,0,12,"{'devacc': np.float64(84.47), 'acc': np.float64(84.75), 'ndev': 10662, 'ntest': 10662}","{'devacc': np.float64(87.79), 'acc': np.float64(87.76), 'ndev': 3775, 'ntest': 3775}","{'devacc': np.float64(94.15), 'acc': np.float64(94.3), 'ndev': 10000, 'ntest': 10000}","{'devacc': np.float64(88.87), 'acc': np.float64(89.0), 'ndev': 10606, 'ntest': 10606}","{'devacc': np.float64(89.79), 'acc': 90.61, 'ndev': 872, 'ntest': 1821}","{'devacc': np.float64(84.68), 'acc': 92.8, 'ndev': 5452, 'ntest': 500}","{'devacc': np.float64(70.98), 'acc': 70.26, 'f1': 77.95, 'ndev': 4076, 'ntest': 1725}"
allmpnet,CLS+AVG-NS+MAX-NS_LYR-9,"torch.Size([61, 2304])",NORMAL,4,0,12,"{'devacc': np.float64(85.22), 'acc': np.float64(85.23), 'ndev': 10662, 'ntest': 10662}","{'devacc': np.float64(64.17), 'acc': np.float64(66.17), 'ndev': 3775, 'ntest': 3775}","{'devacc': np.float64(95.2), 'acc': np.float64(95.2), 'ndev': 10000, 'ntest': 10000}","{'devacc': np.float64(40.06), 'acc': np.float64(40.06), 'ndev': 10606, 'ntest': 10606}","{'devacc': np.float64(49.08), 'acc': 50.08, 'ndev': 872, 'ntest': 1821}","{'devacc': np.float64(86.46), 'acc': 92.6, 'ndev': 5452, 'ntest': 500}","{'devacc': np.float64(72.64), 'acc': 71.42, 'f1': 79.08, 'ndev': 4076, 'ntest': 1725}"
allmpnet,CLS+SUM-NS+MAX-NS_LYR-9,"torch.Size([61, 2304])",NORMAL,4,0,12,"{'devacc': np.float64(84.19), 'acc': np.float64(84.43), 'ndev': 10662, 'ntest': 10662}","{'devacc': np.float64(68.7), 'acc': np.float64(69.72), 'ndev': 3775, 'ntest': 3775}","{'devacc': np.float64(94.24), 'acc': np.float64(94.26), 'ndev': 10000, 'ntest': 10000}","{'devacc': np.float64(40.06), 'acc': np.float64(40.06), 'ndev': 10606, 'ntest': 10606}","{'devacc': np.float64(49.08), 'acc': 50.08, 'ndev': 872, 'ntest': 1821}","{'devacc': np.float64(85.73), 'acc': 92.8, 'ndev': 5452, 'ntest': 500}","{'devacc': np.float64(71.24), 'acc': 70.72, 'f1': 78.48, 'ndev': 4076, 'ntest': 1725}"
allmpnet,AVG+SUM+MAX_LYR-9,"torch.Size([61, 2304])",NORMAL,4,0,12,"{'devacc': np.float64(84.94), 'acc': np.float64(85.09), 'ndev': 10662, 'ntest': 10662}","{'devacc': np.float64(88.88), 'acc': np.float64(88.61), 'ndev': 3775, 'ntest': 3775}","{'devacc': np.float64(94.28), 'acc': np.float64(94.31), 'ndev': 10000, 'ntest': 10000}","{'devacc': np.float64(88.89), 'acc': np.float64(89.16), 'ndev': 10606, 'ntest': 10606}","{'devacc': np.float64(90.14), 'acc': 90.72, 'ndev': 872, 'ntest': 1821}","{'devacc': np.float64(89.12), 'acc': 95.2, 'ndev': 5452, 'ntest': 500}","{'devacc': np.float64(71.71), 'acc': 71.71, 'f1': 78.91, 'ndev': 4076, 'ntest': 1725}"
allmpnet,AVG+SUM+AVG-NS_LYR-9,"torch.Size([61, 2304])",NORMAL,4,0,12,"{'devacc': np.float64(85.14), 'acc': np.float64(85.28), 'ndev': 10662, 'ntest': 10662}","{'devacc': np.float64(88.74), 'acc': np.float64(88.69), 'ndev': 3775, 'ntest': 3775}","{'devacc': np.float64(94.29), 'acc': np.float64(94.45), 'ndev': 10000, 'ntest': 10000}","{'devacc': np.float64(88.96), 'acc': np.float64(89.18), 'ndev': 10606, 'ntest': 10606}","{'devacc': np.float64(90.48), 'acc': 90.83, 'ndev': 872, 'ntest': 1821}","{'devacc': np.float64(88.96), 'acc': 95.4, 'ndev': 5452, 'ntest': 500}","{'devacc': np.float64(72.1), 'acc': 71.36, 'f1': 78.71, 'ndev': 4076, 'ntest': 1725}"
allmpnet,AVG+SUM+SUM-NS_LYR-9,"torch.Size([61, 2304])",NORMAL,4,0,12,"{'devacc': np.float64(84.32), 'acc': np.float64(84.44), 'ndev': 10662, 'ntest': 10662}","{'devacc': np.float64(89.1), 'acc': np.float64(89.08), 'ndev': 3775, 'ntest': 3775}","{'devacc': np.float64(94.63), 'acc': np.float64(94.57), 'ndev': 10000, 'ntest': 10000}","{'devacc': np.float64(88.69), 'acc': np.float64(88.68), 'ndev': 10606, 'ntest': 10606}","{'devacc': np.float64(88.76), 'acc': 90.66, 'ndev': 872, 'ntest': 1821}","{'devacc': np.float64(89.23), 'acc': 95.8, 'ndev': 5452, 'ntest': 500}","{'devacc': np.float64(72.01), 'acc': 71.01, 'f1': 78.32, 'ndev': 4076, 'ntest': 1725}"
allmpnet,AVG+SUM+MAX-NS_LYR-9,"torch.Size([61, 2304])",NORMAL,4,0,12,"{'devacc': np.float64(84.95), 'acc': np.float64(85.14), 'ndev': 10662, 'ntest': 10662}","{'devacc': np.float64(73.47), 'acc': np.float64(83.25), 'ndev': 3775, 'ntest': 3775}","{'devacc': np.float64(94.28), 'acc': np.float64(94.45), 'ndev': 10000, 'ntest': 10000}","{'devacc': np.float64(40.36), 'acc': np.float64(40.06), 'ndev': 10606, 'ntest': 10606}","{'devacc': np.float64(49.08), 'acc': 50.08, 'ndev': 872, 'ntest': 1821}","{'devacc': np.float64(89.34), 'acc': 95.6, 'ndev': 5452, 'ntest': 500}","{'devacc': np.float64(71.78), 'acc': 71.88, 'f1': 79.12, 'ndev': 4076, 'ntest': 1725}"
allmpnet,AVG+MAX+AVG-NS_LYR-9,"torch.Size([61, 2304])",NORMAL,4,0,12,"{'devacc': np.float64(85.8), 'acc': np.float64(85.99), 'ndev': 10662, 'ntest': 10662}","{'devacc': np.float64(91.15), 'acc': np.float64(91.55), 'ndev': 3775, 'ntest': 3775}","{'devacc': np.float64(95.66), 'acc': np.float64(95.79), 'ndev': 10000, 'ntest': 10000}","{'devacc': np.float64(89.91), 'acc': np.float64(90.06), 'ndev': 10606, 'ntest': 10606}","{'devacc': np.float64(89.33), 'acc': 91.54, 'ndev': 872, 'ntest': 1821}","{'devacc': np.float64(90.83), 'acc': 95.8, 'ndev': 5452, 'ntest': 500}","{'devacc': np.float64(74.61), 'acc': 73.74, 'f1': 80.94, 'ndev': 4076, 'ntest': 1725}"
allmpnet,AVG+MAX+SUM-NS_LYR-9,"torch.Size([61, 2304])",NORMAL,4,0,12,"{'devacc': np.float64(84.43), 'acc': np.float64(84.69), 'ndev': 10662, 'ntest': 10662}","{'devacc': np.float64(88.4), 'acc': np.float64(88.61), 'ndev': 3775, 'ntest': 3775}","{'devacc': np.float64(94.31), 'acc': np.float64(94.4), 'ndev': 10000, 'ntest': 10000}","{'devacc': np.float64(89.1), 'acc': np.float64(89.17), 'ndev': 10606, 'ntest': 10606}","{'devacc': np.float64(88.88), 'acc': 90.77, 'ndev': 872, 'ntest': 1821}","{'devacc': np.float64(87.55), 'acc': 94.2, 'ndev': 5452, 'ntest': 500}","{'devacc': np.float64(71.15), 'acc': 70.38, 'f1': 78.21, 'ndev': 4076, 'ntest': 1725}"
allmpnet,AVG+MAX+MAX-NS_LYR-9,"torch.Size([61, 2304])",NORMAL,4,0,12,"{'devacc': np.float64(85.41), 'acc': np.float64(85.7), 'ndev': 10662, 'ntest': 10662}","{'devacc': np.float64(64.24), 'acc': np.float64(66.41), 'ndev': 3775, 'ntest': 3775}","{'devacc': np.float64(95.33), 'acc': np.float64(95.46), 'ndev': 10000, 'ntest': 10000}","{'devacc': np.float64(40.06), 'acc': np.float64(40.06), 'ndev': 10606, 'ntest': 10606}","{'devacc': np.float64(49.08), 'acc': 50.08, 'ndev': 872, 'ntest': 1821}","{'devacc': np.float64(90.15), 'acc': 95.0, 'ndev': 5452, 'ntest': 500}","{'devacc': np.float64(72.91), 'acc': 72.29, 'f1': 79.68, 'ndev': 4076, 'ntest': 1725}"
allmpnet,AVG+AVG-NS+SUM-NS_LYR-9,"torch.Size([61, 2304])",NORMAL,4,0,12,"{'devacc': np.float64(84.55), 'acc': np.float64(84.67), 'ndev': 10662, 'ntest': 10662}","{'devacc': np.float64(87.98), 'acc': np.float64(87.92), 'ndev': 3775, 'ntest': 3775}","{'devacc': np.float64(94.18), 'acc': np.float64(94.36), 'ndev': 10000, 'ntest': 10000}","{'devacc': np.float64(89.22), 'acc': np.float64(89.29), 'ndev': 10606, 'ntest': 10606}","{'devacc': np.float64(90.25), 'acc': 90.83, 'ndev': 872, 'ntest': 1821}","{'devacc': np.float64(85.86), 'acc': 93.4, 'ndev': 5452, 'ntest': 500}","{'devacc': np.float64(70.88), 'acc': 69.74, 'f1': 77.63, 'ndev': 4076, 'ntest': 1725}"
allmpnet,AVG+AVG-NS+MAX-NS_LYR-9,"torch.Size([61, 2304])",NORMAL,4,0,12,"{'devacc': np.float64(85.73), 'acc': np.float64(85.72), 'ndev': 10662, 'ntest': 10662}","{'devacc': np.float64(64.26), 'acc': np.float64(66.51), 'ndev': 3775, 'ntest': 3775}","{'devacc': np.float64(95.53), 'acc': np.float64(95.53), 'ndev': 10000, 'ntest': 10000}","{'devacc': np.float64(40.06), 'acc': np.float64(40.06), 'ndev': 10606, 'ntest': 10606}","{'devacc': np.float64(49.08), 'acc': 50.08, 'ndev': 872, 'ntest': 1821}","{'devacc': np.float64(89.67), 'acc': 94.6, 'ndev': 5452, 'ntest': 500}","{'devacc': np.float64(74.14), 'acc': 71.36, 'f1': 79.21, 'ndev': 4076, 'ntest': 1725}"
allmpnet,AVG+SUM-NS+MAX-NS_LYR-9,"torch.Size([61, 2304])",NORMAL,4,0,12,"{'devacc': np.float64(84.34), 'acc': np.float64(84.56), 'ndev': 10662, 'ntest': 10662}","{'devacc': np.float64(69.38), 'acc': np.float64(68.07), 'ndev': 3775, 'ntest': 3775}","{'devacc': np.float64(94.28), 'acc': np.float64(94.36), 'ndev': 10000, 'ntest': 10000}","{'devacc': np.float64(40.36), 'acc': np.float64(40.06), 'ndev': 10606, 'ntest': 10606}","{'devacc': np.float64(49.08), 'acc': 50.08, 'ndev': 872, 'ntest': 1821}","{'devacc': np.float64(86.33), 'acc': 93.4, 'ndev': 5452, 'ntest': 500}","{'devacc': np.float64(70.61), 'acc': 70.26, 'f1': 78.27, 'ndev': 4076, 'ntest': 1725}"
allmpnet,SUM+MAX+AVG-NS_LYR-9,"torch.Size([61, 2304])",NORMAL,4,0,12,"{'devacc': np.float64(84.96), 'acc': np.float64(85.21), 'ndev': 10662, 'ntest': 10662}","{'devacc': np.float64(88.91), 'acc': np.float64(88.69), 'ndev': 3775, 'ntest': 3775}","{'devacc': np.float64(94.27), 'acc': np.float64(94.44), 'ndev': 10000, 'ntest': 10000}","{'devacc': np.float64(88.92), 'acc': np.float64(89.19), 'ndev': 10606, 'ntest': 10606}","{'devacc': np.float64(90.48), 'acc': 90.83, 'ndev': 872, 'ntest': 1821}","{'devacc': np.float64(89.42), 'acc': 95.2, 'ndev': 5452, 'ntest': 500}","{'devacc': np.float64(71.69), 'acc': 71.59, 'f1': 78.86, 'ndev': 4076, 'ntest': 1725}"
allmpnet,SUM+MAX+SUM-NS_LYR-9,"torch.Size([61, 2304])",NORMAL,4,0,12,"{'devacc': np.float64(84.25), 'acc': np.float64(84.35), 'ndev': 10662, 'ntest': 10662}","{'devacc': np.float64(89.23), 'acc': np.float64(89.11), 'ndev': 3775, 'ntest': 3775}","{'devacc': np.float64(94.69), 'acc': np.float64(94.7), 'ndev': 10000, 'ntest': 10000}","{'devacc': np.float64(88.76), 'acc': np.float64(88.57), 'ndev': 10606, 'ntest': 10606}","{'devacc': np.float64(88.53), 'acc': 91.1, 'ndev': 872, 'ntest': 1821}","{'devacc': np.float64(89.45), 'acc': 95.8, 'ndev': 5452, 'ntest': 500}","{'devacc': np.float64(71.88), 'acc': 71.19, 'f1': 78.55, 'ndev': 4076, 'ntest': 1725}"
allmpnet,SUM+MAX+MAX-NS_LYR-9,"torch.Size([61, 2304])",NORMAL,4,0,12,"{'devacc': np.float64(84.83), 'acc': np.float64(84.66), 'ndev': 10662, 'ntest': 10662}","{'devacc': np.float64(76.47), 'acc': np.float64(81.35), 'ndev': 3775, 'ntest': 3775}","{'devacc': np.float64(94.31), 'acc': np.float64(94.5), 'ndev': 10000, 'ntest': 10000}","{'devacc': np.float64(40.36), 'acc': np.float64(40.06), 'ndev': 10606, 'ntest': 10606}","{'devacc': np.float64(49.08), 'acc': 50.08, 'ndev': 872, 'ntest': 1821}","{'devacc': np.float64(89.54), 'acc': 95.6, 'ndev': 5452, 'ntest': 500}","{'devacc': np.float64(71.91), 'acc': 71.83, 'f1': 79.03, 'ndev': 4076, 'ntest': 1725}"
allmpnet,SUM+AVG-NS+SUM-NS_LYR-9,"torch.Size([61, 2304])",NORMAL,4,0,12,"{'devacc': np.float64(84.33), 'acc': np.float64(84.6), 'ndev': 10662, 'ntest': 10662}","{'devacc': np.float64(89.13), 'acc': np.float64(88.95), 'ndev': 3775, 'ntest': 3775}","{'devacc': np.float64(94.63), 'acc': np.float64(94.65), 'ndev': 10000, 'ntest': 10000}","{'devacc': np.float64(88.81), 'acc': np.float64(88.9), 'ndev': 10606, 'ntest': 10606}","{'devacc': np.float64(89.22), 'acc': 90.61, 'ndev': 872, 'ntest': 1821}","{'devacc': np.float64(89.23), 'acc': 95.8, 'ndev': 5452, 'ntest': 500}","{'devacc': np.float64(72.03), 'acc': 71.88, 'f1': 79.14, 'ndev': 4076, 'ntest': 1725}"
allmpnet,SUM+AVG-NS+MAX-NS_LYR-9,"torch.Size([61, 2304])",NORMAL,4,0,12,"{'devacc': np.float64(84.96), 'acc': np.float64(85.14), 'ndev': 10662, 'ntest': 10662}","{'devacc': np.float64(73.32), 'acc': np.float64(83.63), 'ndev': 3775, 'ntest': 3775}","{'devacc': np.float64(94.27), 'acc': np.float64(94.28), 'ndev': 10000, 'ntest': 10000}","{'devacc': np.float64(40.36), 'acc': np.float64(40.06), 'ndev': 10606, 'ntest': 10606}","{'devacc': np.float64(49.08), 'acc': 50.08, 'ndev': 872, 'ntest': 1821}","{'devacc': np.float64(89.34), 'acc': 95.6, 'ndev': 5452, 'ntest': 500}","{'devacc': np.float64(71.96), 'acc': 72.06, 'f1': 79.3, 'ndev': 4076, 'ntest': 1725}"
allmpnet,SUM+SUM-NS+MAX-NS_LYR-9,"torch.Size([61, 2304])",NORMAL,4,0,12,"{'devacc': np.float64(84.26), 'acc': np.float64(84.41), 'ndev': 10662, 'ntest': 10662}","{'devacc': np.float64(81.66), 'acc': np.float64(83.26), 'ndev': 3775, 'ntest': 3775}","{'devacc': np.float64(94.69), 'acc': np.float64(94.63), 'ndev': 10000, 'ntest': 10000}","{'devacc': np.float64(40.06), 'acc': np.float64(43.09), 'ndev': 10606, 'ntest': 10606}","{'devacc': np.float64(49.08), 'acc': 50.08, 'ndev': 872, 'ntest': 1821}","{'devacc': np.float64(89.54), 'acc': 95.8, 'ndev': 5452, 'ntest': 500}","{'devacc': np.float64(71.93), 'acc': 70.96, 'f1': 78.47, 'ndev': 4076, 'ntest': 1725}"
allmpnet,MAX+AVG-NS+SUM-NS_LYR-9,"torch.Size([61, 2304])",NORMAL,4,0,12,"{'devacc': np.float64(84.36), 'acc': np.float64(84.58), 'ndev': 10662, 'ntest': 10662}","{'devacc': np.float64(88.34), 'acc': np.float64(88.58), 'ndev': 3775, 'ntest': 3775}","{'devacc': np.float64(94.28), 'acc': np.float64(94.43), 'ndev': 10000, 'ntest': 10000}","{'devacc': np.float64(88.98), 'acc': np.float64(89.2), 'ndev': 10606, 'ntest': 10606}","{'devacc': np.float64(89.79), 'acc': 90.83, 'ndev': 872, 'ntest': 1821}","{'devacc': np.float64(87.14), 'acc': 94.0, 'ndev': 5452, 'ntest': 500}","{'devacc': np.float64(70.85), 'acc': 70.67, 'f1': 78.41, 'ndev': 4076, 'ntest': 1725}"
allmpnet,MAX+AVG-NS+MAX-NS_LYR-9,"torch.Size([61, 2304])",NORMAL,4,0,12,"{'devacc': np.float64(85.14), 'acc': np.float64(85.24), 'ndev': 10662, 'ntest': 10662}","{'devacc': np.float64(64.16), 'acc': np.float64(66.3), 'ndev': 3775, 'ntest': 3775}","{'devacc': np.float64(95.17), 'acc': np.float64(95.39), 'ndev': 10000, 'ntest': 10000}","{'devacc': np.float64(40.06), 'acc': np.float64(40.06), 'ndev': 10606, 'ntest': 10606}","{'devacc': np.float64(49.08), 'acc': 50.08, 'ndev': 872, 'ntest': 1821}","{'devacc': np.float64(89.93), 'acc': 94.8, 'ndev': 5452, 'ntest': 500}","{'devacc': np.float64(72.69), 'acc': 71.42, 'f1': 79.01, 'ndev': 4076, 'ntest': 1725}"
allmpnet,MAX+SUM-NS+MAX-NS_LYR-9,"torch.Size([61, 2304])",NORMAL,4,0,12,"{'devacc': np.float64(84.22), 'acc': np.float64(84.54), 'ndev': 10662, 'ntest': 10662}","{'devacc': np.float64(70.0), 'acc': np.float64(67.92), 'ndev': 3775, 'ntest': 3775}","{'devacc': np.float64(94.39), 'acc': np.float64(94.5), 'ndev': 10000, 'ntest': 10000}","{'devacc': np.float64(40.36), 'acc': np.float64(40.06), 'ndev': 10606, 'ntest': 10606}","{'devacc': np.float64(49.08), 'acc': 50.08, 'ndev': 872, 'ntest': 1821}","{'devacc': np.float64(87.23), 'acc': 93.2, 'ndev': 5452, 'ntest': 500}","{'devacc': np.float64(71.34), 'acc': 71.42, 'f1': 79.17, 'ndev': 4076, 'ntest': 1725}"
allmpnet,AVG-NS+SUM-NS+MAX-NS_LYR-9,"torch.Size([61, 2304])",NORMAL,4,0,12,"{'devacc': np.float64(84.17), 'acc': np.float64(84.63), 'ndev': 10662, 'ntest': 10662}","{'devacc': np.float64(69.36), 'acc': np.float64(69.8), 'ndev': 3775, 'ntest': 3775}","{'devacc': np.float64(94.26), 'acc': np.float64(94.38), 'ndev': 10000, 'ntest': 10000}","{'devacc': np.float64(40.36), 'acc': np.float64(40.06), 'ndev': 10606, 'ntest': 10606}","{'devacc': np.float64(49.08), 'acc': 50.08, 'ndev': 872, 'ntest': 1821}","{'devacc': np.float64(85.71), 'acc': 92.4, 'ndev': 5452, 'ntest': 500}","{'devacc': np.float64(70.75), 'acc': 70.55, 'f1': 78.31, 'ndev': 4076, 'ntest': 1725}"
allmpnet,CLS+AVG+SUM_LYR-10,"torch.Size([61, 2304])",NORMAL,4,0,12,"{'devacc': np.float64(84.9), 'acc': np.float64(84.74), 'ndev': 10662, 'ntest': 10662}","{'devacc': np.float64(88.42), 'acc': np.float64(88.45), 'ndev': 3775, 'ntest': 3775}","{'devacc': np.float64(94.15), 'acc': np.float64(94.16), 'ndev': 10000, 'ntest': 10000}","{'devacc': np.float64(89.08), 'acc': np.float64(89.2), 'ndev': 10606, 'ntest': 10606}","{'devacc': np.float64(89.79), 'acc': 89.46, 'ndev': 872, 'ntest': 1821}","{'devacc': np.float64(89.88), 'acc': 95.6, 'ndev': 5452, 'ntest': 500}","{'devacc': np.float64(72.77), 'acc': 70.96, 'f1': 78.51, 'ndev': 4076, 'ntest': 1725}"
allmpnet,CLS+AVG+MAX_LYR-10,"torch.Size([61, 2304])",NORMAL,4,0,12,"{'devacc': np.float64(86.04), 'acc': np.float64(86.02), 'ndev': 10662, 'ntest': 10662}","{'devacc': np.float64(90.56), 'acc': np.float64(90.78), 'ndev': 3775, 'ntest': 3775}","{'devacc': np.float64(95.27), 'acc': np.float64(95.35), 'ndev': 10000, 'ntest': 10000}","{'devacc': np.float64(89.72), 'acc': np.float64(89.9), 'ndev': 10606, 'ntest': 10606}","{'devacc': np.float64(90.6), 'acc': 90.61, 'ndev': 872, 'ntest': 1821}","{'devacc': np.float64(91.82), 'acc': 95.0, 'ndev': 5452, 'ntest': 500}","{'devacc': np.float64(75.27), 'acc': 75.36, 'f1': 81.97, 'ndev': 4076, 'ntest': 1725}"
allmpnet,CLS+AVG+AVG-NS_LYR-10,"torch.Size([61, 2304])",NORMAL,4,0,12,"{'devacc': np.float64(86.61), 'acc': np.float64(86.6), 'ndev': 10662, 'ntest': 10662}","{'devacc': np.float64(91.16), 'acc': np.float64(91.28), 'ndev': 3775, 'ntest': 3775}","{'devacc': np.float64(95.7), 'acc': np.float64(95.6), 'ndev': 10000, 'ntest': 10000}","{'devacc': np.float64(90.28), 'acc': np.float64(90.52), 'ndev': 10606, 'ntest': 10606}","{'devacc': np.float64(91.28), 'acc': 90.61, 'ndev': 872, 'ntest': 1821}","{'devacc': np.float64(91.38), 'acc': 96.2, 'ndev': 5452, 'ntest': 500}","{'devacc': np.float64(76.64), 'acc': 75.13, 'f1': 82.4, 'ndev': 4076, 'ntest': 1725}"
allmpnet,CLS+AVG+SUM-NS_LYR-10,"torch.Size([61, 2304])",NORMAL,4,0,12,"{'devacc': np.float64(84.68), 'acc': np.float64(84.85), 'ndev': 10662, 'ntest': 10662}","{'devacc': np.float64(88.04), 'acc': np.float64(87.82), 'ndev': 3775, 'ntest': 3775}","{'devacc': np.float64(94.08), 'acc': np.float64(94.05), 'ndev': 10000, 'ntest': 10000}","{'devacc': np.float64(89.4), 'acc': np.float64(89.68), 'ndev': 10606, 'ntest': 10606}","{'devacc': np.float64(90.37), 'acc': 89.9, 'ndev': 872, 'ntest': 1821}","{'devacc': np.float64(86.3), 'acc': 93.2, 'ndev': 5452, 'ntest': 500}","{'devacc': np.float64(72.18), 'acc': 70.14, 'f1': 78.33, 'ndev': 4076, 'ntest': 1725}"
allmpnet,CLS+AVG+MAX-NS_LYR-10,"torch.Size([61, 2304])",NORMAL,4,0,12,"{'devacc': np.float64(86.05), 'acc': np.float64(86.03), 'ndev': 10662, 'ntest': 10662}","{'devacc': np.float64(64.14), 'acc': np.float64(66.3), 'ndev': 3775, 'ntest': 3775}","{'devacc': np.float64(95.21), 'acc': np.float64(95.3), 'ndev': 10000, 'ntest': 10000}","{'devacc': np.float64(40.06), 'acc': np.float64(40.06), 'ndev': 10606, 'ntest': 10606}","{'devacc': np.float64(49.08), 'acc': 50.03, 'ndev': 872, 'ntest': 1821}","{'devacc': np.float64(90.72), 'acc': 95.6, 'ndev': 5452, 'ntest': 500}","{'devacc': np.float64(74.66), 'acc': 74.72, 'f1': 81.49, 'ndev': 4076, 'ntest': 1725}"
allmpnet,CLS+SUM+MAX_LYR-10,"torch.Size([61, 2304])",NORMAL,4,0,12,"{'devacc': np.float64(84.81), 'acc': np.float64(84.69), 'ndev': 10662, 'ntest': 10662}","{'devacc': np.float64(88.69), 'acc': np.float64(88.64), 'ndev': 3775, 'ntest': 3775}","{'devacc': np.float64(94.18), 'acc': np.float64(93.93), 'ndev': 10000, 'ntest': 10000}","{'devacc': np.float64(88.79), 'acc': np.float64(88.74), 'ndev': 10606, 'ntest': 10606}","{'devacc': np.float64(89.56), 'acc': 90.33, 'ndev': 872, 'ntest': 1821}","{'devacc': np.float64(89.97), 'acc': 95.8, 'ndev': 5452, 'ntest': 500}","{'devacc': np.float64(72.87), 'acc': 71.01, 'f1': 78.65, 'ndev': 4076, 'ntest': 1725}"
allmpnet,CLS+SUM+AVG-NS_LYR-10,"torch.Size([61, 2304])",NORMAL,4,0,12,"{'devacc': np.float64(84.9), 'acc': np.float64(84.73), 'ndev': 10662, 'ntest': 10662}","{'devacc': np.float64(88.48), 'acc': np.float64(88.45), 'ndev': 3775, 'ntest': 3775}","{'devacc': np.float64(94.13), 'acc': np.float64(94.06), 'ndev': 10000, 'ntest': 10000}","{'devacc': np.float64(88.95), 'acc': np.float64(89.35), 'ndev': 10606, 'ntest': 10606}","{'devacc': np.float64(91.4), 'acc': 90.39, 'ndev': 872, 'ntest': 1821}","{'devacc': np.float64(89.73), 'acc': 96.0, 'ndev': 5452, 'ntest': 500}","{'devacc': np.float64(72.42), 'acc': 71.42, 'f1': 78.99, 'ndev': 4076, 'ntest': 1725}"
allmpnet,CLS+SUM+SUM-NS_LYR-10,"torch.Size([61, 2304])",NORMAL,4,0,12,"{'devacc': np.float64(84.44), 'acc': np.float64(84.69), 'ndev': 10662, 'ntest': 10662}","{'devacc': np.float64(88.8), 'acc': np.float64(88.74), 'ndev': 3775, 'ntest': 3775}","{'devacc': np.float64(94.33), 'acc': np.float64(94.11), 'ndev': 10000, 'ntest': 10000}","{'devacc': np.float64(88.57), 'acc': np.float64(88.87), 'ndev': 10606, 'ntest': 10606}","{'devacc': np.float64(90.6), 'acc': 90.23, 'ndev': 872, 'ntest': 1821}","{'devacc': np.float64(89.99), 'acc': 95.2, 'ndev': 5452, 'ntest': 500}","{'devacc': np.float64(73.04), 'acc': 71.48, 'f1': 79.17, 'ndev': 4076, 'ntest': 1725}"
allmpnet,CLS+SUM+MAX-NS_LYR-10,"torch.Size([61, 2304])",NORMAL,4,0,12,"{'devacc': np.float64(84.78), 'acc': np.float64(84.56), 'ndev': 10662, 'ntest': 10662}","{'devacc': np.float64(80.64), 'acc': np.float64(82.78), 'ndev': 3775, 'ntest': 3775}","{'devacc': np.float64(94.15), 'acc': np.float64(94.14), 'ndev': 10000, 'ntest': 10000}","{'devacc': np.float64(40.06), 'acc': np.float64(40.06), 'ndev': 10606, 'ntest': 10606}","{'devacc': np.float64(49.08), 'acc': 50.03, 'ndev': 872, 'ntest': 1821}","{'devacc': np.float64(90.02), 'acc': 95.2, 'ndev': 5452, 'ntest': 500}","{'devacc': np.float64(72.91), 'acc': 71.65, 'f1': 79.09, 'ndev': 4076, 'ntest': 1725}"
allmpnet,CLS+MAX+AVG-NS_LYR-10,"torch.Size([61, 2304])",NORMAL,4,0,12,"{'devacc': np.float64(85.75), 'acc': np.float64(85.63), 'ndev': 10662, 'ntest': 10662}","{'devacc': np.float64(90.13), 'acc': np.float64(90.57), 'ndev': 3775, 'ntest': 3775}","{'devacc': np.float64(95.09), 'acc': np.float64(95.13), 'ndev': 10000, 'ntest': 10000}","{'devacc': np.float64(89.74), 'acc': np.float64(89.83), 'ndev': 10606, 'ntest': 10606}","{'devacc': np.float64(89.68), 'acc': 90.83, 'ndev': 872, 'ntest': 1821}","{'devacc': np.float64(91.03), 'acc': 95.2, 'ndev': 5452, 'ntest': 500}","{'devacc': np.float64(74.95), 'acc': 74.55, 'f1': 81.26, 'ndev': 4076, 'ntest': 1725}"
allmpnet,CLS+MAX+SUM-NS_LYR-10,"torch.Size([61, 2304])",NORMAL,4,0,12,"{'devacc': np.float64(84.55), 'acc': np.float64(84.47), 'ndev': 10662, 'ntest': 10662}","{'devacc': np.float64(88.39), 'acc': np.float64(88.16), 'ndev': 3775, 'ntest': 3775}","{'devacc': np.float64(94.13), 'acc': np.float64(94.27), 'ndev': 10000, 'ntest': 10000}","{'devacc': np.float64(89.02), 'acc': np.float64(89.36), 'ndev': 10606, 'ntest': 10606}","{'devacc': np.float64(90.14), 'acc': 89.84, 'ndev': 872, 'ntest': 1821}","{'devacc': np.float64(87.82), 'acc': 94.4, 'ndev': 5452, 'ntest': 500}","{'devacc': np.float64(72.79), 'acc': 71.48, 'f1': 79.24, 'ndev': 4076, 'ntest': 1725}"
allmpnet,CLS+MAX+MAX-NS_LYR-10,"torch.Size([61, 2304])",NORMAL,4,0,12,"{'devacc': np.float64(84.6), 'acc': np.float64(84.45), 'ndev': 10662, 'ntest': 10662}","{'devacc': np.float64(63.99), 'acc': np.float64(66.12), 'ndev': 3775, 'ntest': 3775}","{'devacc': np.float64(94.11), 'acc': np.float64(94.34), 'ndev': 10000, 'ntest': 10000}","{'devacc': np.float64(40.06), 'acc': np.float64(40.06), 'ndev': 10606, 'ntest': 10606}","{'devacc': np.float64(49.08), 'acc': 50.03, 'ndev': 872, 'ntest': 1821}","{'devacc': np.float64(90.32), 'acc': 94.8, 'ndev': 5452, 'ntest': 500}","{'devacc': np.float64(73.58), 'acc': 72.81, 'f1': 79.67, 'ndev': 4076, 'ntest': 1725}"
allmpnet,CLS+AVG-NS+SUM-NS_LYR-10,"torch.Size([61, 2304])",NORMAL,4,0,12,"{'devacc': np.float64(84.43), 'acc': np.float64(84.68), 'ndev': 10662, 'ntest': 10662}","{'devacc': np.float64(87.71), 'acc': np.float64(87.63), 'ndev': 3775, 'ntest': 3775}","{'devacc': np.float64(94.03), 'acc': np.float64(94.0), 'ndev': 10000, 'ntest': 10000}","{'devacc': np.float64(88.83), 'acc': np.float64(89.06), 'ndev': 10606, 'ntest': 10606}","{'devacc': np.float64(90.94), 'acc': 89.84, 'ndev': 872, 'ntest': 1821}","{'devacc': np.float64(84.59), 'acc': 90.0, 'ndev': 5452, 'ntest': 500}","{'devacc': np.float64(72.28), 'acc': 69.28, 'f1': 77.52, 'ndev': 4076, 'ntest': 1725}"
allmpnet,CLS+AVG-NS+MAX-NS_LYR-10,"torch.Size([61, 2304])",NORMAL,4,0,12,"{'devacc': np.float64(85.5), 'acc': np.float64(85.53), 'ndev': 10662, 'ntest': 10662}","{'devacc': np.float64(64.01), 'acc': np.float64(66.3), 'ndev': 3775, 'ntest': 3775}","{'devacc': np.float64(94.8), 'acc': np.float64(94.85), 'ndev': 10000, 'ntest': 10000}","{'devacc': np.float64(40.06), 'acc': np.float64(40.06), 'ndev': 10606, 'ntest': 10606}","{'devacc': np.float64(49.08), 'acc': 50.03, 'ndev': 872, 'ntest': 1821}","{'devacc': np.float64(86.59), 'acc': 91.4, 'ndev': 5452, 'ntest': 500}","{'devacc': np.float64(73.06), 'acc': 73.91, 'f1': 80.83, 'ndev': 4076, 'ntest': 1725}"
allmpnet,CLS+SUM-NS+MAX-NS_LYR-10,"torch.Size([61, 2304])",NORMAL,4,0,12,"{'devacc': np.float64(84.23), 'acc': np.float64(84.26), 'ndev': 10662, 'ntest': 10662}","{'devacc': np.float64(69.2), 'acc': np.float64(66.06), 'ndev': 3775, 'ntest': 3775}","{'devacc': np.float64(94.06), 'acc': np.float64(93.89), 'ndev': 10000, 'ntest': 10000}","{'devacc': np.float64(40.36), 'acc': np.float64(40.06), 'ndev': 10606, 'ntest': 10606}","{'devacc': np.float64(49.08), 'acc': 50.03, 'ndev': 872, 'ntest': 1821}","{'devacc': np.float64(85.27), 'acc': 91.6, 'ndev': 5452, 'ntest': 500}","{'devacc': np.float64(72.33), 'acc': 70.96, 'f1': 78.85, 'ndev': 4076, 'ntest': 1725}"
allmpnet,AVG+SUM+MAX_LYR-10,"torch.Size([61, 2304])",NORMAL,4,0,12,"{'devacc': np.float64(84.86), 'acc': np.float64(84.72), 'ndev': 10662, 'ntest': 10662}","{'devacc': np.float64(88.63), 'acc': np.float64(88.56), 'ndev': 3775, 'ntest': 3775}","{'devacc': np.float64(94.19), 'acc': np.float64(94.11), 'ndev': 10000, 'ntest': 10000}","{'devacc': np.float64(88.82), 'acc': np.float64(88.73), 'ndev': 10606, 'ntest': 10606}","{'devacc': np.float64(90.02), 'acc': 90.28, 'ndev': 872, 'ntest': 1821}","{'devacc': np.float64(90.21), 'acc': 95.4, 'ndev': 5452, 'ntest': 500}","{'devacc': np.float64(72.55), 'acc': 72.17, 'f1': 79.4, 'ndev': 4076, 'ntest': 1725}"
allmpnet,AVG+SUM+AVG-NS_LYR-10,"torch.Size([61, 2304])",NORMAL,4,0,12,"{'devacc': np.float64(84.9), 'acc': np.float64(84.73), 'ndev': 10662, 'ntest': 10662}","{'devacc': np.float64(88.52), 'acc': np.float64(88.5), 'ndev': 3775, 'ntest': 3775}","{'devacc': np.float64(94.15), 'acc': np.float64(94.06), 'ndev': 10000, 'ntest': 10000}","{'devacc': np.float64(88.98), 'acc': np.float64(89.38), 'ndev': 10606, 'ntest': 10606}","{'devacc': np.float64(90.94), 'acc': 90.12, 'ndev': 872, 'ntest': 1821}","{'devacc': np.float64(89.84), 'acc': 95.8, 'ndev': 5452, 'ntest': 500}","{'devacc': np.float64(72.69), 'acc': 71.54, 'f1': 78.92, 'ndev': 4076, 'ntest': 1725}"
allmpnet,AVG+SUM+SUM-NS_LYR-10,"torch.Size([61, 2304])",NORMAL,4,0,12,"{'devacc': np.float64(84.44), 'acc': np.float64(84.63), 'ndev': 10662, 'ntest': 10662}","{'devacc': np.float64(88.78), 'acc': np.float64(88.71), 'ndev': 3775, 'ntest': 3775}","{'devacc': np.float64(94.35), 'acc': np.float64(94.14), 'ndev': 10000, 'ntest': 10000}","{'devacc': np.float64(88.7), 'acc': np.float64(88.99), 'ndev': 10606, 'ntest': 10606}","{'devacc': np.float64(90.14), 'acc': 90.01, 'ndev': 872, 'ntest': 1821}","{'devacc': np.float64(89.99), 'acc': 95.6, 'ndev': 5452, 'ntest': 500}","{'devacc': np.float64(72.57), 'acc': 71.36, 'f1': 79.01, 'ndev': 4076, 'ntest': 1725}"
allmpnet,AVG+SUM+MAX-NS_LYR-10,"torch.Size([61, 2304])",NORMAL,4,0,12,"{'devacc': np.float64(84.81), 'acc': np.float64(84.63), 'ndev': 10662, 'ntest': 10662}","{'devacc': np.float64(81.5), 'acc': np.float64(80.69), 'ndev': 3775, 'ntest': 3775}","{'devacc': np.float64(94.18), 'acc': np.float64(94.1), 'ndev': 10000, 'ntest': 10000}","{'devacc': np.float64(40.36), 'acc': np.float64(40.06), 'ndev': 10606, 'ntest': 10606}","{'devacc': np.float64(49.08), 'acc': 50.03, 'ndev': 872, 'ntest': 1821}","{'devacc': np.float64(90.02), 'acc': 95.2, 'ndev': 5452, 'ntest': 500}","{'devacc': np.float64(72.62), 'acc': 71.88, 'f1': 79.25, 'ndev': 4076, 'ntest': 1725}"
allmpnet,AVG+MAX+AVG-NS_LYR-10,"torch.Size([61, 2304])",NORMAL,4,0,12,"{'devacc': np.float64(86.05), 'acc': np.float64(85.88), 'ndev': 10662, 'ntest': 10662}","{'devacc': np.float64(90.75), 'acc': np.float64(91.15), 'ndev': 3775, 'ntest': 3775}","{'devacc': np.float64(95.41), 'acc': np.float64(95.45), 'ndev': 10000, 'ntest': 10000}","{'devacc': np.float64(89.92), 'acc': np.float64(90.08), 'ndev': 10606, 'ntest': 10606}","{'devacc': np.float64(90.25), 'acc': 90.99, 'ndev': 872, 'ntest': 1821}","{'devacc': np.float64(91.75), 'acc': 96.0, 'ndev': 5452, 'ntest': 500}","{'devacc': np.float64(75.05), 'acc': 74.96, 'f1': 81.69, 'ndev': 4076, 'ntest': 1725}"
allmpnet,AVG+MAX+SUM-NS_LYR-10,"torch.Size([61, 2304])",NORMAL,4,0,12,"{'devacc': np.float64(84.7), 'acc': np.float64(84.67), 'ndev': 10662, 'ntest': 10662}","{'devacc': np.float64(88.48), 'acc': np.float64(88.32), 'ndev': 3775, 'ntest': 3775}","{'devacc': np.float64(94.17), 'acc': np.float64(94.32), 'ndev': 10000, 'ntest': 10000}","{'devacc': np.float64(89.14), 'acc': np.float64(89.44), 'ndev': 10606, 'ntest': 10606}","{'devacc': np.float64(90.71), 'acc': 89.79, 'ndev': 872, 'ntest': 1821}","{'devacc': np.float64(88.1), 'acc': 94.6, 'ndev': 5452, 'ntest': 500}","{'devacc': np.float64(72.28), 'acc': 70.78, 'f1': 78.53, 'ndev': 4076, 'ntest': 1725}"
allmpnet,AVG+MAX+MAX-NS_LYR-10,"torch.Size([61, 2304])",NORMAL,4,0,12,"{'devacc': np.float64(85.71), 'acc': np.float64(85.69), 'ndev': 10662, 'ntest': 10662}","{'devacc': np.float64(64.12), 'acc': np.float64(66.3), 'ndev': 3775, 'ntest': 3775}","{'devacc': np.float64(94.95), 'acc': np.float64(95.05), 'ndev': 10000, 'ntest': 10000}","{'devacc': np.float64(40.06), 'acc': np.float64(40.06), 'ndev': 10606, 'ntest': 10606}","{'devacc': np.float64(49.08), 'acc': 50.03, 'ndev': 872, 'ntest': 1821}","{'devacc': np.float64(91.1), 'acc': 95.2, 'ndev': 5452, 'ntest': 500}","{'devacc': np.float64(74.43), 'acc': 74.43, 'f1': 81.05, 'ndev': 4076, 'ntest': 1725}"
allmpnet,AVG+AVG-NS+SUM-NS_LYR-10,"torch.Size([61, 2304])",NORMAL,4,0,12,"{'devacc': np.float64(84.74), 'acc': np.float64(84.79), 'ndev': 10662, 'ntest': 10662}","{'devacc': np.float64(88.05), 'acc': np.float64(87.79), 'ndev': 3775, 'ntest': 3775}","{'devacc': np.float64(94.07), 'acc': np.float64(94.09), 'ndev': 10000, 'ntest': 10000}","{'devacc': np.float64(89.37), 'acc': np.float64(89.7), 'ndev': 10606, 'ntest': 10606}","{'devacc': np.float64(91.06), 'acc': 89.95, 'ndev': 872, 'ntest': 1821}","{'devacc': np.float64(86.21), 'acc': 93.0, 'ndev': 5452, 'ntest': 500}","{'devacc': np.float64(72.08), 'acc': 69.45, 'f1': 77.47, 'ndev': 4076, 'ntest': 1725}"
allmpnet,AVG+AVG-NS+MAX-NS_LYR-10,"torch.Size([61, 2304])",NORMAL,4,0,12,"{'devacc': np.float64(85.96), 'acc': np.float64(85.88), 'ndev': 10662, 'ntest': 10662}","{'devacc': np.float64(64.16), 'acc': np.float64(66.3), 'ndev': 3775, 'ntest': 3775}","{'devacc': np.float64(95.31), 'acc': np.float64(95.4), 'ndev': 10000, 'ntest': 10000}","{'devacc': np.float64(40.06), 'acc': np.float64(40.06), 'ndev': 10606, 'ntest': 10606}","{'devacc': np.float64(49.08), 'acc': 50.03, 'ndev': 872, 'ntest': 1821}","{'devacc': np.float64(90.77), 'acc': 96.2, 'ndev': 5452, 'ntest': 500}","{'devacc': np.float64(74.41), 'acc': 74.84, 'f1': 81.59, 'ndev': 4076, 'ntest': 1725}"
allmpnet,AVG+SUM-NS+MAX-NS_LYR-10,"torch.Size([61, 2304])",NORMAL,4,0,12,"{'devacc': np.float64(84.52), 'acc': np.float64(84.29), 'ndev': 10662, 'ntest': 10662}","{'devacc': np.float64(69.51), 'acc': np.float64(67.84), 'ndev': 3775, 'ntest': 3775}","{'devacc': np.float64(94.14), 'acc': np.float64(94.21), 'ndev': 10000, 'ntest': 10000}","{'devacc': np.float64(40.36), 'acc': np.float64(40.06), 'ndev': 10606, 'ntest': 10606}","{'devacc': np.float64(49.08), 'acc': 50.03, 'ndev': 872, 'ntest': 1821}","{'devacc': np.float64(86.87), 'acc': 93.4, 'ndev': 5452, 'ntest': 500}","{'devacc': np.float64(72.28), 'acc': 70.32, 'f1': 78.16, 'ndev': 4076, 'ntest': 1725}"
allmpnet,SUM+MAX+AVG-NS_LYR-10,"torch.Size([61, 2304])",NORMAL,4,0,12,"{'devacc': np.float64(84.81), 'acc': np.float64(84.95), 'ndev': 10662, 'ntest': 10662}","{'devacc': np.float64(88.71), 'acc': np.float64(88.74), 'ndev': 3775, 'ntest': 3775}","{'devacc': np.float64(94.16), 'acc': np.float64(94.08), 'ndev': 10000, 'ntest': 10000}","{'devacc': np.float64(88.91), 'acc': np.float64(89.26), 'ndev': 10606, 'ntest': 10606}","{'devacc': np.float64(90.37), 'acc': 90.66, 'ndev': 872, 'ntest': 1821}","{'devacc': np.float64(90.13), 'acc': 96.0, 'ndev': 5452, 'ntest': 500}","{'devacc': np.float64(72.6), 'acc': 71.77, 'f1': 79.2, 'ndev': 4076, 'ntest': 1725}"
allmpnet,SUM+MAX+SUM-NS_LYR-10,"torch.Size([61, 2304])",NORMAL,4,0,12,"{'devacc': np.float64(84.46), 'acc': np.float64(84.64), 'ndev': 10662, 'ntest': 10662}","{'devacc': np.float64(88.91), 'acc': np.float64(88.77), 'ndev': 3775, 'ntest': 3775}","{'devacc': np.float64(94.38), 'acc': np.float64(94.17), 'ndev': 10000, 'ntest': 10000}","{'devacc': np.float64(88.7), 'acc': np.float64(88.86), 'ndev': 10606, 'ntest': 10606}","{'devacc': np.float64(90.25), 'acc': 90.77, 'ndev': 872, 'ntest': 1821}","{'devacc': np.float64(90.15), 'acc': 95.8, 'ndev': 5452, 'ntest': 500}","{'devacc': np.float64(73.06), 'acc': 71.65, 'f1': 79.13, 'ndev': 4076, 'ntest': 1725}"
allmpnet,SUM+MAX+MAX-NS_LYR-10,"torch.Size([61, 2304])",NORMAL,4,0,12,"{'devacc': np.float64(84.72), 'acc': np.float64(84.58), 'ndev': 10662, 'ntest': 10662}","{'devacc': np.float64(81.01), 'acc': np.float64(82.04), 'ndev': 3775, 'ntest': 3775}","{'devacc': np.float64(94.24), 'acc': np.float64(94.08), 'ndev': 10000, 'ntest': 10000}","{'devacc': np.float64(40.36), 'acc': np.float64(43.09), 'ndev': 10606, 'ntest': 10606}","{'devacc': np.float64(49.08), 'acc': 50.03, 'ndev': 872, 'ntest': 1821}","{'devacc': np.float64(90.17), 'acc': 95.4, 'ndev': 5452, 'ntest': 500}","{'devacc': np.float64(72.72), 'acc': 71.65, 'f1': 79.04, 'ndev': 4076, 'ntest': 1725}"
allmpnet,SUM+AVG-NS+SUM-NS_LYR-10,"torch.Size([61, 2304])",NORMAL,4,0,12,"{'devacc': np.float64(84.44), 'acc': np.float64(84.74), 'ndev': 10662, 'ntest': 10662}","{'devacc': np.float64(88.83), 'acc': np.float64(88.82), 'ndev': 3775, 'ntest': 3775}","{'devacc': np.float64(94.34), 'acc': np.float64(94.28), 'ndev': 10000, 'ntest': 10000}","{'devacc': np.float64(88.79), 'acc': np.float64(89.15), 'ndev': 10606, 'ntest': 10606}","{'devacc': np.float64(90.6), 'acc': 90.23, 'ndev': 872, 'ntest': 1821}","{'devacc': np.float64(90.06), 'acc': 95.4, 'ndev': 5452, 'ntest': 500}","{'devacc': np.float64(72.82), 'acc': 71.01, 'f1': 78.52, 'ndev': 4076, 'ntest': 1725}"
allmpnet,SUM+AVG-NS+MAX-NS_LYR-10,"torch.Size([61, 2304])",NORMAL,4,0,12,"{'devacc': np.float64(84.8), 'acc': np.float64(84.7), 'ndev': 10662, 'ntest': 10662}","{'devacc': np.float64(80.93), 'acc': np.float64(80.13), 'ndev': 3775, 'ntest': 3775}","{'devacc': np.float64(94.18), 'acc': np.float64(94.04), 'ndev': 10000, 'ntest': 10000}","{'devacc': np.float64(40.36), 'acc': np.float64(40.06), 'ndev': 10606, 'ntest': 10606}","{'devacc': np.float64(49.08), 'acc': 50.03, 'ndev': 872, 'ntest': 1821}","{'devacc': np.float64(90.06), 'acc': 95.2, 'ndev': 5452, 'ntest': 500}","{'devacc': np.float64(72.64), 'acc': 71.65, 'f1': 78.99, 'ndev': 4076, 'ntest': 1725}"
allmpnet,SUM+SUM-NS+MAX-NS_LYR-10,"torch.Size([61, 2304])",NORMAL,4,0,12,"{'devacc': np.float64(84.41), 'acc': np.float64(84.65), 'ndev': 10662, 'ntest': 10662}","{'devacc': np.float64(80.96), 'acc': np.float64(82.2), 'ndev': 3775, 'ntest': 3775}","{'devacc': np.float64(94.39), 'acc': np.float64(94.35), 'ndev': 10000, 'ntest': 10000}","{'devacc': np.float64(40.92), 'acc': np.float64(43.09), 'ndev': 10606, 'ntest': 10606}","{'devacc': np.float64(49.08), 'acc': 50.03, 'ndev': 872, 'ntest': 1821}","{'devacc': np.float64(90.13), 'acc': 95.6, 'ndev': 5452, 'ntest': 500}","{'devacc': np.float64(73.09), 'acc': 71.65, 'f1': 79.13, 'ndev': 4076, 'ntest': 1725}"
allmpnet,MAX+AVG-NS+SUM-NS_LYR-10,"torch.Size([61, 2304])",NORMAL,4,0,12,"{'devacc': np.float64(84.65), 'acc': np.float64(84.49), 'ndev': 10662, 'ntest': 10662}","{'devacc': np.float64(88.36), 'acc': np.float64(88.05), 'ndev': 3775, 'ntest': 3775}","{'devacc': np.float64(94.15), 'acc': np.float64(94.18), 'ndev': 10000, 'ntest': 10000}","{'devacc': np.float64(89.12), 'acc': np.float64(89.25), 'ndev': 10606, 'ntest': 10606}","{'devacc': np.float64(91.06), 'acc': 89.46, 'ndev': 872, 'ntest': 1821}","{'devacc': np.float64(87.78), 'acc': 94.0, 'ndev': 5452, 'ntest': 500}","{'devacc': np.float64(72.69), 'acc': 70.03, 'f1': 78.05, 'ndev': 4076, 'ntest': 1725}"
allmpnet,MAX+AVG-NS+MAX-NS_LYR-10,"torch.Size([61, 2304])",NORMAL,4,0,12,"{'devacc': np.float64(85.33), 'acc': np.float64(85.3), 'ndev': 10662, 'ntest': 10662}","{'devacc': np.float64(64.03), 'acc': np.float64(66.25), 'ndev': 3775, 'ntest': 3775}","{'devacc': np.float64(94.8), 'acc': np.float64(94.87), 'ndev': 10000, 'ntest': 10000}","{'devacc': np.float64(40.06), 'acc': np.float64(40.06), 'ndev': 10606, 'ntest': 10606}","{'devacc': np.float64(49.08), 'acc': 50.03, 'ndev': 872, 'ntest': 1821}","{'devacc': np.float64(90.66), 'acc': 95.0, 'ndev': 5452, 'ntest': 500}","{'devacc': np.float64(73.65), 'acc': 73.8, 'f1': 80.57, 'ndev': 4076, 'ntest': 1725}"
allmpnet,MAX+SUM-NS+MAX-NS_LYR-10,"torch.Size([61, 2304])",NORMAL,4,0,12,"{'devacc': np.float64(84.34), 'acc': np.float64(84.53), 'ndev': 10662, 'ntest': 10662}","{'devacc': np.float64(69.21), 'acc': np.float64(66.06), 'ndev': 3775, 'ntest': 3775}","{'devacc': np.float64(94.18), 'acc': np.float64(94.13), 'ndev': 10000, 'ntest': 10000}","{'devacc': np.float64(40.36), 'acc': np.float64(40.06), 'ndev': 10606, 'ntest': 10606}","{'devacc': np.float64(49.08), 'acc': 50.03, 'ndev': 872, 'ntest': 1821}","{'devacc': np.float64(87.77), 'acc': 94.0, 'ndev': 5452, 'ntest': 500}","{'devacc': np.float64(72.67), 'acc': 71.01, 'f1': 78.94, 'ndev': 4076, 'ntest': 1725}"
allmpnet,AVG-NS+SUM-NS+MAX-NS_LYR-10,"torch.Size([61, 2304])",NORMAL,4,0,12,"{'devacc': np.float64(84.31), 'acc': np.float64(84.41), 'ndev': 10662, 'ntest': 10662}","{'devacc': np.float64(69.08), 'acc': np.float64(66.04), 'ndev': 3775, 'ntest': 3775}","{'devacc': np.float64(94.07), 'acc': np.float64(94.06), 'ndev': 10000, 'ntest': 10000}","{'devacc': np.float64(40.36), 'acc': np.float64(40.06), 'ndev': 10606, 'ntest': 10606}","{'devacc': np.float64(49.08), 'acc': 50.03, 'ndev': 872, 'ntest': 1821}","{'devacc': np.float64(85.11), 'acc': 91.2, 'ndev': 5452, 'ntest': 500}","{'devacc': np.float64(72.23), 'acc': 70.09, 'f1': 78.28, 'ndev': 4076, 'ntest': 1725}"
allmpnet,CLS+AVG+SUM_LYR-11,"torch.Size([61, 2304])",NORMAL,4,0,12,"{'devacc': np.float64(84.67), 'acc': np.float64(84.42), 'ndev': 10662, 'ntest': 10662}","{'devacc': np.float64(87.4), 'acc': np.float64(87.89), 'ndev': 3775, 'ntest': 3775}","{'devacc': np.float64(93.95), 'acc': np.float64(93.98), 'ndev': 10000, 'ntest': 10000}","{'devacc': np.float64(89.03), 'acc': np.float64(89.13), 'ndev': 10606, 'ntest': 10606}","{'devacc': np.float64(89.91), 'acc': 89.68, 'ndev': 872, 'ntest': 1821}","{'devacc': np.float64(89.33), 'acc': 95.2, 'ndev': 5452, 'ntest': 500}","{'devacc': np.float64(73.33), 'acc': 73.57, 'f1': 80.69, 'ndev': 4076, 'ntest': 1725}"
allmpnet,CLS+AVG+MAX_LYR-11,"torch.Size([61, 2304])",NORMAL,4,0,12,"{'devacc': np.float64(85.6), 'acc': np.float64(85.67), 'ndev': 10662, 'ntest': 10662}","{'devacc': np.float64(89.2), 'acc': np.float64(89.32), 'ndev': 3775, 'ntest': 3775}","{'devacc': np.float64(95.1), 'acc': np.float64(95.15), 'ndev': 10000, 'ntest': 10000}","{'devacc': np.float64(89.74), 'acc': np.float64(89.93), 'ndev': 10606, 'ntest': 10606}","{'devacc': np.float64(90.02), 'acc': 89.95, 'ndev': 872, 'ntest': 1821}","{'devacc': np.float64(90.68), 'acc': 96.4, 'ndev': 5452, 'ntest': 500}","{'devacc': np.float64(75.27), 'acc': 74.72, 'f1': 81.56, 'ndev': 4076, 'ntest': 1725}"
allmpnet,CLS+AVG+AVG-NS_LYR-11,"torch.Size([61, 2304])",NORMAL,4,0,12,"{'devacc': np.float64(86.13), 'acc': np.float64(86.06), 'ndev': 10662, 'ntest': 10662}","{'devacc': np.float64(89.93), 'acc': np.float64(90.52), 'ndev': 3775, 'ntest': 3775}","{'devacc': np.float64(95.35), 'acc': np.float64(95.17), 'ndev': 10000, 'ntest': 10000}","{'devacc': np.float64(89.95), 'acc': np.float64(90.02), 'ndev': 10606, 'ntest': 10606}","{'devacc': np.float64(90.25), 'acc': 90.72, 'ndev': 872, 'ntest': 1821}","{'devacc': np.float64(90.83), 'acc': 96.4, 'ndev': 5452, 'ntest': 500}","{'devacc': np.float64(75.81), 'acc': 75.36, 'f1': 82.42, 'ndev': 4076, 'ntest': 1725}"
allmpnet,CLS+AVG+SUM-NS_LYR-11,"torch.Size([61, 2304])",NORMAL,4,0,12,"{'devacc': np.float64(84.19), 'acc': np.float64(84.3), 'ndev': 10662, 'ntest': 10662}","{'devacc': np.float64(86.99), 'acc': np.float64(86.7), 'ndev': 3775, 'ntest': 3775}","{'devacc': np.float64(93.88), 'acc': np.float64(93.82), 'ndev': 10000, 'ntest': 10000}","{'devacc': np.float64(89.27), 'acc': np.float64(89.43), 'ndev': 10606, 'ntest': 10606}","{'devacc': np.float64(90.71), 'acc': 89.07, 'ndev': 872, 'ntest': 1821}","{'devacc': np.float64(85.95), 'acc': 90.4, 'ndev': 5452, 'ntest': 500}","{'devacc': np.float64(72.64), 'acc': 73.1, 'f1': 80.76, 'ndev': 4076, 'ntest': 1725}"
allmpnet,CLS+AVG+MAX-NS_LYR-11,"torch.Size([61, 2304])",NORMAL,4,0,12,"{'devacc': np.float64(85.52), 'acc': np.float64(85.78), 'ndev': 10662, 'ntest': 10662}","{'devacc': np.float64(63.97), 'acc': np.float64(66.25), 'ndev': 3775, 'ntest': 3775}","{'devacc': np.float64(95.0), 'acc': np.float64(95.07), 'ndev': 10000, 'ntest': 10000}","{'devacc': np.float64(31.98), 'acc': np.float64(31.98), 'ndev': 10606, 'ntest': 10606}","{'devacc': np.float64(49.08), 'acc': 50.08, 'ndev': 872, 'ntest': 1821}","{'devacc': np.float64(90.06), 'acc': 95.6, 'ndev': 5452, 'ntest': 500}","{'devacc': np.float64(74.09), 'acc': 75.3, 'f1': 82.01, 'ndev': 4076, 'ntest': 1725}"
allmpnet,CLS+SUM+MAX_LYR-11,"torch.Size([61, 2304])",NORMAL,4,0,12,"{'devacc': np.float64(84.56), 'acc': np.float64(84.37), 'ndev': 10662, 'ntest': 10662}","{'devacc': np.float64(87.46), 'acc': np.float64(87.95), 'ndev': 3775, 'ntest': 3775}","{'devacc': np.float64(93.97), 'acc': np.float64(93.98), 'ndev': 10000, 'ntest': 10000}","{'devacc': np.float64(88.73), 'acc': np.float64(88.79), 'ndev': 10606, 'ntest': 10606}","{'devacc': np.float64(89.91), 'acc': 90.66, 'ndev': 872, 'ntest': 1821}","{'devacc': np.float64(89.53), 'acc': 95.0, 'ndev': 5452, 'ntest': 500}","{'devacc': np.float64(73.16), 'acc': 72.99, 'f1': 80.27, 'ndev': 4076, 'ntest': 1725}"
allmpnet,CLS+SUM+AVG-NS_LYR-11,"torch.Size([61, 2304])",NORMAL,4,0,12,"{'devacc': np.float64(84.66), 'acc': np.float64(84.44), 'ndev': 10662, 'ntest': 10662}","{'devacc': np.float64(87.35), 'acc': np.float64(87.97), 'ndev': 3775, 'ntest': 3775}","{'devacc': np.float64(93.94), 'acc': np.float64(93.92), 'ndev': 10000, 'ntest': 10000}","{'devacc': np.float64(88.87), 'acc': np.float64(88.9), 'ndev': 10606, 'ntest': 10606}","{'devacc': np.float64(90.02), 'acc': 90.06, 'ndev': 872, 'ntest': 1821}","{'devacc': np.float64(89.44), 'acc': 94.8, 'ndev': 5452, 'ntest': 500}","{'devacc': np.float64(72.94), 'acc': 73.28, 'f1': 80.24, 'ndev': 4076, 'ntest': 1725}"
allmpnet,CLS+SUM+SUM-NS_LYR-11,"torch.Size([61, 2304])",NORMAL,4,0,12,"{'devacc': np.float64(84.19), 'acc': np.float64(84.14), 'ndev': 10662, 'ntest': 10662}","{'devacc': np.float64(87.77), 'acc': np.float64(87.73), 'ndev': 3775, 'ntest': 3775}","{'devacc': np.float64(93.94), 'acc': np.float64(93.96), 'ndev': 10000, 'ntest': 10000}","{'devacc': np.float64(88.41), 'acc': np.float64(88.51), 'ndev': 10606, 'ntest': 10606}","{'devacc': np.float64(89.68), 'acc': 90.72, 'ndev': 872, 'ntest': 1821}","{'devacc': np.float64(89.45), 'acc': 95.0, 'ndev': 5452, 'ntest': 500}","{'devacc': np.float64(73.04), 'acc': 73.57, 'f1': 80.55, 'ndev': 4076, 'ntest': 1725}"
allmpnet,CLS+SUM+MAX-NS_LYR-11,"torch.Size([61, 2304])",NORMAL,4,0,12,"{'devacc': np.float64(84.57), 'acc': np.float64(84.62), 'ndev': 10662, 'ntest': 10662}","{'devacc': np.float64(78.67), 'acc': np.float64(80.29), 'ndev': 3775, 'ntest': 3775}","{'devacc': np.float64(93.92), 'acc': np.float64(93.95), 'ndev': 10000, 'ntest': 10000}","{'devacc': np.float64(32.35), 'acc': np.float64(35.71), 'ndev': 10606, 'ntest': 10606}","{'devacc': np.float64(49.08), 'acc': 50.08, 'ndev': 872, 'ntest': 1821}","{'devacc': np.float64(89.73), 'acc': 94.8, 'ndev': 5452, 'ntest': 500}","{'devacc': np.float64(73.11), 'acc': 73.22, 'f1': 80.31, 'ndev': 4076, 'ntest': 1725}"
allmpnet,CLS+MAX+AVG-NS_LYR-11,"torch.Size([61, 2304])",NORMAL,4,0,12,"{'devacc': np.float64(85.22), 'acc': np.float64(85.38), 'ndev': 10662, 'ntest': 10662}","{'devacc': np.float64(88.91), 'acc': np.float64(88.87), 'ndev': 3775, 'ntest': 3775}","{'devacc': np.float64(94.94), 'acc': np.float64(95.04), 'ndev': 10000, 'ntest': 10000}","{'devacc': np.float64(89.56), 'acc': np.float64(89.95), 'ndev': 10606, 'ntest': 10606}","{'devacc': np.float64(88.88), 'acc': 89.9, 'ndev': 872, 'ntest': 1821}","{'devacc': np.float64(89.64), 'acc': 96.2, 'ndev': 5452, 'ntest': 500}","{'devacc': np.float64(75.0), 'acc': 74.09, 'f1': 81.02, 'ndev': 4076, 'ntest': 1725}"
allmpnet,CLS+MAX+SUM-NS_LYR-11,"torch.Size([61, 2304])",NORMAL,4,0,12,"{'devacc': np.float64(83.91), 'acc': np.float64(84.01), 'ndev': 10662, 'ntest': 10662}","{'devacc': np.float64(87.1), 'acc': np.float64(87.23), 'ndev': 3775, 'ntest': 3775}","{'devacc': np.float64(93.85), 'acc': np.float64(94.07), 'ndev': 10000, 'ntest': 10000}","{'devacc': np.float64(88.87), 'acc': np.float64(89.15), 'ndev': 10606, 'ntest': 10606}","{'devacc': np.float64(90.37), 'acc': 89.68, 'ndev': 872, 'ntest': 1821}","{'devacc': np.float64(87.07), 'acc': 92.0, 'ndev': 5452, 'ntest': 500}","{'devacc': np.float64(73.65), 'acc': 73.16, 'f1': 80.76, 'ndev': 4076, 'ntest': 1725}"
allmpnet,CLS+MAX+MAX-NS_LYR-11,"torch.Size([61, 2304])",NORMAL,4,0,12,"{'devacc': np.float64(84.11), 'acc': np.float64(84.04), 'ndev': 10662, 'ntest': 10662}","{'devacc': np.float64(63.75), 'acc': np.float64(66.06), 'ndev': 3775, 'ntest': 3775}","{'devacc': np.float64(93.79), 'acc': np.float64(94.05), 'ndev': 10000, 'ntest': 10000}","{'devacc': np.float64(31.98), 'acc': np.float64(31.98), 'ndev': 10606, 'ntest': 10606}","{'devacc': np.float64(49.08), 'acc': 50.08, 'ndev': 872, 'ntest': 1821}","{'devacc': np.float64(88.65), 'acc': 96.0, 'ndev': 5452, 'ntest': 500}","{'devacc': np.float64(72.62), 'acc': 72.17, 'f1': 79.42, 'ndev': 4076, 'ntest': 1725}"
allmpnet,CLS+AVG-NS+SUM-NS_LYR-11,"torch.Size([61, 2304])",NORMAL,4,0,12,"{'devacc': np.float64(84.1), 'acc': np.float64(84.26), 'ndev': 10662, 'ntest': 10662}","{'devacc': np.float64(86.88), 'acc': np.float64(86.76), 'ndev': 3775, 'ntest': 3775}","{'devacc': np.float64(93.85), 'acc': np.float64(93.93), 'ndev': 10000, 'ntest': 10000}","{'devacc': np.float64(88.67), 'acc': np.float64(88.71), 'ndev': 10606, 'ntest': 10606}","{'devacc': np.float64(90.48), 'acc': 89.46, 'ndev': 872, 'ntest': 1821}","{'devacc': np.float64(84.79), 'acc': 88.2, 'ndev': 5452, 'ntest': 500}","{'devacc': np.float64(72.2), 'acc': 73.28, 'f1': 80.69, 'ndev': 4076, 'ntest': 1725}"
allmpnet,CLS+AVG-NS+MAX-NS_LYR-11,"torch.Size([61, 2304])",NORMAL,4,0,12,"{'devacc': np.float64(85.19), 'acc': np.float64(85.39), 'ndev': 10662, 'ntest': 10662}","{'devacc': np.float64(63.95), 'acc': np.float64(66.14), 'ndev': 3775, 'ntest': 3775}","{'devacc': np.float64(94.74), 'acc': np.float64(94.84), 'ndev': 10000, 'ntest': 10000}","{'devacc': np.float64(31.98), 'acc': np.float64(31.98), 'ndev': 10606, 'ntest': 10606}","{'devacc': np.float64(49.08), 'acc': 50.08, 'ndev': 872, 'ntest': 1821}","{'devacc': np.float64(86.1), 'acc': 91.8, 'ndev': 5452, 'ntest': 500}","{'devacc': np.float64(73.77), 'acc': 74.84, 'f1': 81.72, 'ndev': 4076, 'ntest': 1725}"
allmpnet,CLS+SUM-NS+MAX-NS_LYR-11,"torch.Size([61, 2304])",NORMAL,4,0,12,"{'devacc': np.float64(83.83), 'acc': np.float64(83.87), 'ndev': 10662, 'ntest': 10662}","{'devacc': np.float64(67.44), 'acc': np.float64(67.6), 'ndev': 3775, 'ntest': 3775}","{'devacc': np.float64(93.82), 'acc': np.float64(93.89), 'ndev': 10000, 'ntest': 10000}","{'devacc': np.float64(32.35), 'acc': np.float64(31.98), 'ndev': 10606, 'ntest': 10606}","{'devacc': np.float64(49.08), 'acc': 50.08, 'ndev': 872, 'ntest': 1821}","{'devacc': np.float64(85.34), 'acc': 89.6, 'ndev': 5452, 'ntest': 500}","{'devacc': np.float64(73.13), 'acc': 73.1, 'f1': 80.5, 'ndev': 4076, 'ntest': 1725}"
allmpnet,AVG+SUM+MAX_LYR-11,"torch.Size([61, 2304])",NORMAL,4,0,12,"{'devacc': np.float64(84.56), 'acc': np.float64(84.56), 'ndev': 10662, 'ntest': 10662}","{'devacc': np.float64(87.43), 'acc': np.float64(87.81), 'ndev': 3775, 'ntest': 3775}","{'devacc': np.float64(94.01), 'acc': np.float64(93.88), 'ndev': 10000, 'ntest': 10000}","{'devacc': np.float64(88.83), 'acc': np.float64(89.01), 'ndev': 10606, 'ntest': 10606}","{'devacc': np.float64(89.68), 'acc': 90.12, 'ndev': 872, 'ntest': 1821}","{'devacc': np.float64(89.64), 'acc': 94.8, 'ndev': 5452, 'ntest': 500}","{'devacc': np.float64(73.21), 'acc': 71.77, 'f1': 79.14, 'ndev': 4076, 'ntest': 1725}"
allmpnet,AVG+SUM+AVG-NS_LYR-11,"torch.Size([61, 2304])",NORMAL,4,0,12,"{'devacc': np.float64(84.61), 'acc': np.float64(84.38), 'ndev': 10662, 'ntest': 10662}","{'devacc': np.float64(87.41), 'acc': np.float64(87.65), 'ndev': 3775, 'ntest': 3775}","{'devacc': np.float64(93.94), 'acc': np.float64(93.97), 'ndev': 10000, 'ntest': 10000}","{'devacc': np.float64(88.9), 'acc': np.float64(88.89), 'ndev': 10606, 'ntest': 10606}","{'devacc': np.float64(89.45), 'acc': 90.33, 'ndev': 872, 'ntest': 1821}","{'devacc': np.float64(89.38), 'acc': 94.6, 'ndev': 5452, 'ntest': 500}","{'devacc': np.float64(73.04), 'acc': 73.62, 'f1': 80.58, 'ndev': 4076, 'ntest': 1725}"
allmpnet,AVG+SUM+SUM-NS_LYR-11,"torch.Size([61, 2304])",NORMAL,4,0,12,"{'devacc': np.float64(84.18), 'acc': np.float64(84.21), 'ndev': 10662, 'ntest': 10662}","{'devacc': np.float64(87.82), 'acc': np.float64(87.97), 'ndev': 3775, 'ntest': 3775}","{'devacc': np.float64(93.95), 'acc': np.float64(93.92), 'ndev': 10000, 'ntest': 10000}","{'devacc': np.float64(88.54), 'acc': np.float64(88.59), 'ndev': 10606, 'ntest': 10606}","{'devacc': np.float64(89.45), 'acc': 90.88, 'ndev': 872, 'ntest': 1821}","{'devacc': np.float64(89.53), 'acc': 95.0, 'ndev': 5452, 'ntest': 500}","{'devacc': np.float64(72.84), 'acc': 72.23, 'f1': 79.49, 'ndev': 4076, 'ntest': 1725}"
allmpnet,AVG+SUM+MAX-NS_LYR-11,"torch.Size([61, 2304])",NORMAL,4,0,12,"{'devacc': np.float64(84.58), 'acc': np.float64(84.52), 'ndev': 10662, 'ntest': 10662}","{'devacc': np.float64(78.48), 'acc': np.float64(78.6), 'ndev': 3775, 'ntest': 3775}","{'devacc': np.float64(93.97), 'acc': np.float64(94.01), 'ndev': 10000, 'ntest': 10000}","{'devacc': np.float64(32.35), 'acc': np.float64(35.71), 'ndev': 10606, 'ntest': 10606}","{'devacc': np.float64(49.08), 'acc': 50.08, 'ndev': 872, 'ntest': 1821}","{'devacc': np.float64(89.56), 'acc': 94.6, 'ndev': 5452, 'ntest': 500}","{'devacc': np.float64(73.18), 'acc': 73.1, 'f1': 80.44, 'ndev': 4076, 'ntest': 1725}"
allmpnet,AVG+MAX+AVG-NS_LYR-11,"torch.Size([61, 2304])",NORMAL,4,0,12,"{'devacc': np.float64(85.5), 'acc': np.float64(85.57), 'ndev': 10662, 'ntest': 10662}","{'devacc': np.float64(89.47), 'acc': np.float64(89.46), 'ndev': 3775, 'ntest': 3775}","{'devacc': np.float64(95.23), 'acc': np.float64(95.36), 'ndev': 10000, 'ntest': 10000}","{'devacc': np.float64(89.6), 'acc': np.float64(89.96), 'ndev': 10606, 'ntest': 10606}","{'devacc': np.float64(90.02), 'acc': 90.33, 'ndev': 872, 'ntest': 1821}","{'devacc': np.float64(90.41), 'acc': 96.0, 'ndev': 5452, 'ntest': 500}","{'devacc': np.float64(75.34), 'acc': 74.67, 'f1': 81.49, 'ndev': 4076, 'ntest': 1725}"
allmpnet,AVG+MAX+SUM-NS_LYR-11,"torch.Size([61, 2304])",NORMAL,4,0,12,"{'devacc': np.float64(84.1), 'acc': np.float64(84.09), 'ndev': 10662, 'ntest': 10662}","{'devacc': np.float64(87.11), 'acc': np.float64(87.34), 'ndev': 3775, 'ntest': 3775}","{'devacc': np.float64(93.89), 'acc': np.float64(93.93), 'ndev': 10000, 'ntest': 10000}","{'devacc': np.float64(88.96), 'acc': np.float64(89.21), 'ndev': 10606, 'ntest': 10606}","{'devacc': np.float64(90.37), 'acc': 89.51, 'ndev': 872, 'ntest': 1821}","{'devacc': np.float64(87.25), 'acc': 92.8, 'ndev': 5452, 'ntest': 500}","{'devacc': np.float64(73.63), 'acc': 73.1, 'f1': 80.84, 'ndev': 4076, 'ntest': 1725}"
allmpnet,AVG+MAX+MAX-NS_LYR-11,"torch.Size([61, 2304])",NORMAL,4,0,12,"{'devacc': np.float64(85.2), 'acc': np.float64(85.43), 'ndev': 10662, 'ntest': 10662}","{'devacc': np.float64(63.93), 'acc': np.float64(66.28), 'ndev': 3775, 'ntest': 3775}","{'devacc': np.float64(94.79), 'acc': np.float64(94.88), 'ndev': 10000, 'ntest': 10000}","{'devacc': np.float64(31.98), 'acc': np.float64(31.98), 'ndev': 10606, 'ntest': 10606}","{'devacc': np.float64(49.08), 'acc': 50.08, 'ndev': 872, 'ntest': 1821}","{'devacc': np.float64(90.15), 'acc': 96.4, 'ndev': 5452, 'ntest': 500}","{'devacc': np.float64(73.97), 'acc': 73.74, 'f1': 80.81, 'ndev': 4076, 'ntest': 1725}"
allmpnet,AVG+AVG-NS+SUM-NS_LYR-11,"torch.Size([61, 2304])",NORMAL,4,0,12,"{'devacc': np.float64(84.23), 'acc': np.float64(84.4), 'ndev': 10662, 'ntest': 10662}","{'devacc': np.float64(86.84), 'acc': np.float64(86.89), 'ndev': 3775, 'ntest': 3775}","{'devacc': np.float64(93.89), 'acc': np.float64(93.88), 'ndev': 10000, 'ntest': 10000}","{'devacc': np.float64(89.08), 'acc': np.float64(89.22), 'ndev': 10606, 'ntest': 10606}","{'devacc': np.float64(90.37), 'acc': 89.68, 'ndev': 872, 'ntest': 1821}","{'devacc': np.float64(85.89), 'acc': 90.6, 'ndev': 5452, 'ntest': 500}","{'devacc': np.float64(72.57), 'acc': 72.7, 'f1': 79.95, 'ndev': 4076, 'ntest': 1725}"
allmpnet,AVG+AVG-NS+MAX-NS_LYR-11,"torch.Size([61, 2304])",NORMAL,4,0,12,"{'devacc': np.float64(85.57), 'acc': np.float64(85.62), 'ndev': 10662, 'ntest': 10662}","{'devacc': np.float64(63.98), 'acc': np.float64(66.3), 'ndev': 3775, 'ntest': 3775}","{'devacc': np.float64(95.15), 'acc': np.float64(95.2), 'ndev': 10000, 'ntest': 10000}","{'devacc': np.float64(31.98), 'acc': np.float64(31.98), 'ndev': 10606, 'ntest': 10606}","{'devacc': np.float64(49.08), 'acc': 50.08, 'ndev': 872, 'ntest': 1821}","{'devacc': np.float64(90.1), 'acc': 95.6, 'ndev': 5452, 'ntest': 500}","{'devacc': np.float64(74.51), 'acc': 74.43, 'f1': 81.35, 'ndev': 4076, 'ntest': 1725}"
allmpnet,AVG+SUM-NS+MAX-NS_LYR-11,"torch.Size([61, 2304])",NORMAL,4,0,12,"{'devacc': np.float64(84.05), 'acc': np.float64(84.21), 'ndev': 10662, 'ntest': 10662}","{'devacc': np.float64(68.36), 'acc': np.float64(66.04), 'ndev': 3775, 'ntest': 3775}","{'devacc': np.float64(93.86), 'acc': np.float64(93.91), 'ndev': 10000, 'ntest': 10000}","{'devacc': np.float64(32.35), 'acc': np.float64(31.98), 'ndev': 10606, 'ntest': 10606}","{'devacc': np.float64(49.08), 'acc': 50.08, 'ndev': 872, 'ntest': 1821}","{'devacc': np.float64(86.59), 'acc': 91.0, 'ndev': 5452, 'ntest': 500}","{'devacc': np.float64(73.08), 'acc': 72.99, 'f1': 80.53, 'ndev': 4076, 'ntest': 1725}"
allmpnet,SUM+MAX+AVG-NS_LYR-11,"torch.Size([61, 2304])",NORMAL,4,0,12,"{'devacc': np.float64(84.54), 'acc': np.float64(84.57), 'ndev': 10662, 'ntest': 10662}","{'devacc': np.float64(87.44), 'acc': np.float64(87.79), 'ndev': 3775, 'ntest': 3775}","{'devacc': np.float64(93.94), 'acc': np.float64(94.04), 'ndev': 10000, 'ntest': 10000}","{'devacc': np.float64(88.86), 'acc': np.float64(89.06), 'ndev': 10606, 'ntest': 10606}","{'devacc': np.float64(90.14), 'acc': 90.17, 'ndev': 872, 'ntest': 1821}","{'devacc': np.float64(89.73), 'acc': 94.8, 'ndev': 5452, 'ntest': 500}","{'devacc': np.float64(73.16), 'acc': 72.12, 'f1': 79.64, 'ndev': 4076, 'ntest': 1725}"
allmpnet,SUM+MAX+SUM-NS_LYR-11,"torch.Size([61, 2304])",NORMAL,4,0,12,"{'devacc': np.float64(84.07), 'acc': np.float64(84.45), 'ndev': 10662, 'ntest': 10662}","{'devacc': np.float64(87.9), 'acc': np.float64(87.97), 'ndev': 3775, 'ntest': 3775}","{'devacc': np.float64(94.02), 'acc': np.float64(93.93), 'ndev': 10000, 'ntest': 10000}","{'devacc': np.float64(88.49), 'acc': np.float64(88.57), 'ndev': 10606, 'ntest': 10606}","{'devacc': np.float64(89.45), 'acc': 90.39, 'ndev': 872, 'ntest': 1821}","{'devacc': np.float64(89.67), 'acc': 94.6, 'ndev': 5452, 'ntest': 500}","{'devacc': np.float64(72.86), 'acc': 73.28, 'f1': 80.1, 'ndev': 4076, 'ntest': 1725}"
allmpnet,SUM+MAX+MAX-NS_LYR-11,"torch.Size([61, 2304])",NORMAL,4,0,12,"{'devacc': np.float64(84.48), 'acc': np.float64(84.5), 'ndev': 10662, 'ntest': 10662}","{'devacc': np.float64(78.16), 'acc': np.float64(80.5), 'ndev': 3775, 'ntest': 3775}","{'devacc': np.float64(93.96), 'acc': np.float64(93.92), 'ndev': 10000, 'ntest': 10000}","{'devacc': np.float64(33.08), 'acc': np.float64(35.71), 'ndev': 10606, 'ntest': 10606}","{'devacc': np.float64(49.08), 'acc': 50.08, 'ndev': 872, 'ntest': 1821}","{'devacc': np.float64(89.69), 'acc': 94.8, 'ndev': 5452, 'ntest': 500}","{'devacc': np.float64(73.4), 'acc': 73.04, 'f1': 80.24, 'ndev': 4076, 'ntest': 1725}"
allmpnet,SUM+AVG-NS+SUM-NS_LYR-11,"torch.Size([61, 2304])",NORMAL,4,0,12,"{'devacc': np.float64(84.17), 'acc': np.float64(84.32), 'ndev': 10662, 'ntest': 10662}","{'devacc': np.float64(87.8), 'acc': np.float64(87.86), 'ndev': 3775, 'ntest': 3775}","{'devacc': np.float64(93.96), 'acc': np.float64(93.92), 'ndev': 10000, 'ntest': 10000}","{'devacc': np.float64(88.49), 'acc': np.float64(88.64), 'ndev': 10606, 'ntest': 10606}","{'devacc': np.float64(90.37), 'acc': 90.61, 'ndev': 872, 'ntest': 1821}","{'devacc': np.float64(89.42), 'acc': 94.6, 'ndev': 5452, 'ntest': 500}","{'devacc': np.float64(73.01), 'acc': 72.99, 'f1': 79.95, 'ndev': 4076, 'ntest': 1725}"
allmpnet,SUM+AVG-NS+MAX-NS_LYR-11,"torch.Size([61, 2304])",NORMAL,4,0,12,"{'devacc': np.float64(84.55), 'acc': np.float64(84.56), 'ndev': 10662, 'ntest': 10662}","{'devacc': np.float64(78.29), 'acc': np.float64(78.83), 'ndev': 3775, 'ntest': 3775}","{'devacc': np.float64(93.92), 'acc': np.float64(93.92), 'ndev': 10000, 'ntest': 10000}","{'devacc': np.float64(32.71), 'acc': np.float64(35.71), 'ndev': 10606, 'ntest': 10606}","{'devacc': np.float64(49.08), 'acc': 50.08, 'ndev': 872, 'ntest': 1821}","{'devacc': np.float64(89.78), 'acc': 94.6, 'ndev': 5452, 'ntest': 500}","{'devacc': np.float64(73.06), 'acc': 73.57, 'f1': 80.5, 'ndev': 4076, 'ntest': 1725}"
allmpnet,SUM+SUM-NS+MAX-NS_LYR-11,"torch.Size([61, 2304])",NORMAL,4,0,12,"{'devacc': np.float64(84.14), 'acc': np.float64(84.34), 'ndev': 10662, 'ntest': 10662}","{'devacc': np.float64(79.0), 'acc': np.float64(79.18), 'ndev': 3775, 'ntest': 3775}","{'devacc': np.float64(93.98), 'acc': np.float64(93.92), 'ndev': 10000, 'ntest': 10000}","{'devacc': np.float64(34.19), 'acc': np.float64(35.71), 'ndev': 10606, 'ntest': 10606}","{'devacc': np.float64(49.08), 'acc': 50.08, 'ndev': 872, 'ntest': 1821}","{'devacc': np.float64(89.8), 'acc': 94.6, 'ndev': 5452, 'ntest': 500}","{'devacc': np.float64(73.01), 'acc': 72.93, 'f1': 80.09, 'ndev': 4076, 'ntest': 1725}"
allmpnet,MAX+AVG-NS+SUM-NS_LYR-11,"torch.Size([61, 2304])",NORMAL,4,0,12,"{'devacc': np.float64(83.98), 'acc': np.float64(84.15), 'ndev': 10662, 'ntest': 10662}","{'devacc': np.float64(87.03), 'acc': np.float64(87.2), 'ndev': 3775, 'ntest': 3775}","{'devacc': np.float64(93.87), 'acc': np.float64(93.91), 'ndev': 10000, 'ntest': 10000}","{'devacc': np.float64(88.89), 'acc': np.float64(89.03), 'ndev': 10606, 'ntest': 10606}","{'devacc': np.float64(90.14), 'acc': 90.12, 'ndev': 872, 'ntest': 1821}","{'devacc': np.float64(86.89), 'acc': 91.6, 'ndev': 5452, 'ntest': 500}","{'devacc': np.float64(73.53), 'acc': 73.28, 'f1': 80.97, 'ndev': 4076, 'ntest': 1725}"
allmpnet,MAX+AVG-NS+MAX-NS_LYR-11,"torch.Size([61, 2304])",NORMAL,4,0,12,"{'devacc': np.float64(84.96), 'acc': np.float64(85.24), 'ndev': 10662, 'ntest': 10662}","{'devacc': np.float64(63.89), 'acc': np.float64(66.22), 'ndev': 3775, 'ntest': 3775}","{'devacc': np.float64(94.69), 'acc': np.float64(94.87), 'ndev': 10000, 'ntest': 10000}","{'devacc': np.float64(31.98), 'acc': np.float64(31.98), 'ndev': 10606, 'ntest': 10606}","{'devacc': np.float64(49.08), 'acc': 50.08, 'ndev': 872, 'ntest': 1821}","{'devacc': np.float64(89.21), 'acc': 95.6, 'ndev': 5452, 'ntest': 500}","{'devacc': np.float64(73.92), 'acc': 73.91, 'f1': 80.83, 'ndev': 4076, 'ntest': 1725}"
allmpnet,MAX+SUM-NS+MAX-NS_LYR-11,"torch.Size([61, 2304])",NORMAL,4,0,12,"{'devacc': np.float64(83.7), 'acc': np.float64(83.73), 'ndev': 10662, 'ntest': 10662}","{'devacc': np.float64(68.11), 'acc': np.float64(66.35), 'ndev': 3775, 'ntest': 3775}","{'devacc': np.float64(93.9), 'acc': np.float64(93.8), 'ndev': 10000, 'ntest': 10000}","{'devacc': np.float64(32.35), 'acc': np.float64(31.98), 'ndev': 10606, 'ntest': 10606}","{'devacc': np.float64(49.08), 'acc': 50.08, 'ndev': 872, 'ntest': 1821}","{'devacc': np.float64(86.89), 'acc': 92.6, 'ndev': 5452, 'ntest': 500}","{'devacc': np.float64(73.4), 'acc': 73.57, 'f1': 80.81, 'ndev': 4076, 'ntest': 1725}"
allmpnet,AVG-NS+SUM-NS+MAX-NS_LYR-11,"torch.Size([61, 2304])",NORMAL,4,0,12,"{'devacc': np.float64(83.93), 'acc': np.float64(84.16), 'ndev': 10662, 'ntest': 10662}","{'devacc': np.float64(68.37), 'acc': np.float64(66.3), 'ndev': 3775, 'ntest': 3775}","{'devacc': np.float64(93.86), 'acc': np.float64(93.99), 'ndev': 10000, 'ntest': 10000}","{'devacc': np.float64(32.35), 'acc': np.float64(31.98), 'ndev': 10606, 'ntest': 10606}","{'devacc': np.float64(49.08), 'acc': 50.08, 'ndev': 872, 'ntest': 1821}","{'devacc': np.float64(85.31), 'acc': 89.8, 'ndev': 5452, 'ntest': 500}","{'devacc': np.float64(73.06), 'acc': 73.28, 'f1': 80.85, 'ndev': 4076, 'ntest': 1725}"
allmpnet,CLS+AVG+SUM_LYR-12,"torch.Size([61, 2304])",NORMAL,4,0,12,"{'devacc': np.float64(83.6), 'acc': np.float64(83.57), 'ndev': 10662, 'ntest': 10662}","{'devacc': np.float64(84.9), 'acc': np.float64(85.85), 'ndev': 3775, 'ntest': 3775}","{'devacc': np.float64(93.4), 'acc': np.float64(93.45), 'ndev': 10000, 'ntest': 10000}","{'devacc': np.float64(89.33), 'acc': np.float64(89.59), 'ndev': 10606, 'ntest': 10606}","{'devacc': np.float64(89.11), 'acc': 88.41, 'ndev': 872, 'ntest': 1821}","{'devacc': np.float64(87.67), 'acc': 93.0, 'ndev': 5452, 'ntest': 500}","{'devacc': np.float64(66.78), 'acc': 68.93, 'f1': 76.39, 'ndev': 4076, 'ntest': 1725}"
allmpnet,CLS+AVG+MAX_LYR-12,"torch.Size([61, 2304])",NORMAL,4,0,12,"{'devacc': np.float64(85.22), 'acc': np.float64(85.12), 'ndev': 10662, 'ntest': 10662}","{'devacc': np.float64(88.61), 'acc': np.float64(88.69), 'ndev': 3775, 'ntest': 3775}","{'devacc': np.float64(94.81), 'acc': np.float64(94.88), 'ndev': 10000, 'ntest': 10000}","{'devacc': np.float64(89.83), 'acc': np.float64(90.09), 'ndev': 10606, 'ntest': 10606}","{'devacc': np.float64(88.99), 'acc': 89.35, 'ndev': 872, 'ntest': 1821}","{'devacc': np.float64(90.11), 'acc': 95.4, 'ndev': 5452, 'ntest': 500}","{'devacc': np.float64(75.59), 'acc': 75.3, 'f1': 82.38, 'ndev': 4076, 'ntest': 1725}"
allmpnet,CLS+AVG+AVG-NS_LYR-12,"torch.Size([61, 2304])",NORMAL,4,0,12,"{'devacc': np.float64(85.33), 'acc': np.float64(85.32), 'ndev': 10662, 'ntest': 10662}","{'devacc': np.float64(88.46), 'acc': np.float64(88.87), 'ndev': 3775, 'ntest': 3775}","{'devacc': np.float64(94.79), 'acc': np.float64(94.96), 'ndev': 10000, 'ntest': 10000}","{'devacc': np.float64(90.04), 'acc': np.float64(90.15), 'ndev': 10606, 'ntest': 10606}","{'devacc': np.float64(89.68), 'acc': 89.29, 'ndev': 872, 'ntest': 1821}","{'devacc': np.float64(89.86), 'acc': 94.8, 'ndev': 5452, 'ntest': 500}","{'devacc': np.float64(74.73), 'acc': 74.9, 'f1': 82.2, 'ndev': 4076, 'ntest': 1725}"
allmpnet,CLS+AVG+SUM-NS_LYR-12,"torch.Size([61, 2304])",NORMAL,4,0,12,"{'devacc': np.float64(83.78), 'acc': np.float64(83.78), 'ndev': 10662, 'ntest': 10662}","{'devacc': np.float64(86.05), 'acc': np.float64(87.02), 'ndev': 3775, 'ntest': 3775}","{'devacc': np.float64(93.93), 'acc': np.float64(93.94), 'ndev': 10000, 'ntest': 10000}","{'devacc': np.float64(89.67), 'acc': np.float64(89.84), 'ndev': 10606, 'ntest': 10606}","{'devacc': np.float64(89.11), 'acc': 89.4, 'ndev': 872, 'ntest': 1821}","{'devacc': np.float64(86.96), 'acc': 93.2, 'ndev': 5452, 'ntest': 500}","{'devacc': np.float64(66.51), 'acc': 69.39, 'f1': 77.1, 'ndev': 4076, 'ntest': 1725}"
allmpnet,CLS+AVG+MAX-NS_LYR-12,"torch.Size([61, 2304])",NORMAL,4,0,12,"{'devacc': np.float64(85.09), 'acc': np.float64(85.27), 'ndev': 10662, 'ntest': 10662}","{'devacc': np.float64(63.97), 'acc': np.float64(66.35), 'ndev': 3775, 'ntest': 3775}","{'devacc': np.float64(94.78), 'acc': np.float64(94.87), 'ndev': 10000, 'ntest': 10000}","{'devacc': np.float64(33.07), 'acc': np.float64(33.07), 'ndev': 10606, 'ntest': 10606}","{'devacc': np.float64(49.08), 'acc': 50.03, 'ndev': 872, 'ntest': 1821}","{'devacc': np.float64(90.08), 'acc': 94.4, 'ndev': 5452, 'ntest': 500}","{'devacc': np.float64(75.39), 'acc': 75.36, 'f1': 82.45, 'ndev': 4076, 'ntest': 1725}"
allmpnet,CLS+SUM+MAX_LYR-12,"torch.Size([61, 2304])",NORMAL,4,0,12,"{'devacc': np.float64(83.53), 'acc': np.float64(83.6), 'ndev': 10662, 'ntest': 10662}","{'devacc': np.float64(84.91), 'acc': np.float64(85.88), 'ndev': 3775, 'ntest': 3775}","{'devacc': np.float64(93.43), 'acc': np.float64(93.43), 'ndev': 10000, 'ntest': 10000}","{'devacc': np.float64(89.25), 'acc': np.float64(89.59), 'ndev': 10606, 'ntest': 10606}","{'devacc': np.float64(89.11), 'acc': 88.69, 'ndev': 872, 'ntest': 1821}","{'devacc': np.float64(87.8), 'acc': 93.2, 'ndev': 5452, 'ntest': 500}","{'devacc': np.float64(67.1), 'acc': 68.87, 'f1': 76.27, 'ndev': 4076, 'ntest': 1725}"
allmpnet,CLS+SUM+AVG-NS_LYR-12,"torch.Size([61, 2304])",NORMAL,4,0,12,"{'devacc': np.float64(83.6), 'acc': np.float64(83.72), 'ndev': 10662, 'ntest': 10662}","{'devacc': np.float64(84.89), 'acc': np.float64(85.96), 'ndev': 3775, 'ntest': 3775}","{'devacc': np.float64(93.39), 'acc': np.float64(93.52), 'ndev': 10000, 'ntest': 10000}","{'devacc': np.float64(89.42), 'acc': np.float64(89.62), 'ndev': 10606, 'ntest': 10606}","{'devacc': np.float64(89.33), 'acc': 88.63, 'ndev': 872, 'ntest': 1821}","{'devacc': np.float64(87.82), 'acc': 93.0, 'ndev': 5452, 'ntest': 500}","{'devacc': np.float64(66.68), 'acc': 68.41, 'f1': 75.85, 'ndev': 4076, 'ntest': 1725}"
allmpnet,CLS+SUM+SUM-NS_LYR-12,"torch.Size([61, 2304])",NORMAL,4,0,12,"{'devacc': np.float64(82.93), 'acc': np.float64(83.08), 'ndev': 10662, 'ntest': 10662}","{'devacc': np.float64(85.06), 'acc': np.float64(86.17), 'ndev': 3775, 'ntest': 3775}","{'devacc': np.float64(93.55), 'acc': np.float64(93.5), 'ndev': 10000, 'ntest': 10000}","{'devacc': np.float64(89.18), 'acc': np.float64(89.3), 'ndev': 10606, 'ntest': 10606}","{'devacc': np.float64(89.56), 'acc': 87.97, 'ndev': 872, 'ntest': 1821}","{'devacc': np.float64(88.04), 'acc': 93.4, 'ndev': 5452, 'ntest': 500}","{'devacc': np.float64(66.54), 'acc': 68.7, 'f1': 75.96, 'ndev': 4076, 'ntest': 1725}"
allmpnet,CLS+SUM+MAX-NS_LYR-12,"torch.Size([61, 2304])",NORMAL,4,0,12,"{'devacc': np.float64(83.47), 'acc': np.float64(83.61), 'ndev': 10662, 'ntest': 10662}","{'devacc': np.float64(68.67), 'acc': np.float64(72.61), 'ndev': 3775, 'ntest': 3775}","{'devacc': np.float64(93.41), 'acc': np.float64(93.48), 'ndev': 10000, 'ntest': 10000}","{'devacc': np.float64(33.07), 'acc': np.float64(33.06), 'ndev': 10606, 'ntest': 10606}","{'devacc': np.float64(49.08), 'acc': 50.03, 'ndev': 872, 'ntest': 1821}","{'devacc': np.float64(87.88), 'acc': 93.4, 'ndev': 5452, 'ntest': 500}","{'devacc': np.float64(67.12), 'acc': 68.7, 'f1': 76.19, 'ndev': 4076, 'ntest': 1725}"
allmpnet,CLS+MAX+AVG-NS_LYR-12,"torch.Size([61, 2304])",NORMAL,4,0,12,"{'devacc': np.float64(85.22), 'acc': np.float64(85.42), 'ndev': 10662, 'ntest': 10662}","{'devacc': np.float64(88.54), 'acc': np.float64(88.53), 'ndev': 3775, 'ntest': 3775}","{'devacc': np.float64(94.8), 'acc': np.float64(94.88), 'ndev': 10000, 'ntest': 10000}","{'devacc': np.float64(89.96), 'acc': np.float64(90.08), 'ndev': 10606, 'ntest': 10606}","{'devacc': np.float64(89.11), 'acc': 89.02, 'ndev': 872, 'ntest': 1821}","{'devacc': np.float64(89.89), 'acc': 95.0, 'ndev': 5452, 'ntest': 500}","{'devacc': np.float64(75.44), 'acc': 75.48, 'f1': 82.53, 'ndev': 4076, 'ntest': 1725}"
allmpnet,CLS+MAX+SUM-NS_LYR-12,"torch.Size([61, 2304])",NORMAL,4,0,12,"{'devacc': np.float64(83.63), 'acc': np.float64(83.7), 'ndev': 10662, 'ntest': 10662}","{'devacc': np.float64(86.11), 'acc': np.float64(87.02), 'ndev': 3775, 'ntest': 3775}","{'devacc': np.float64(93.89), 'acc': np.float64(93.94), 'ndev': 10000, 'ntest': 10000}","{'devacc': np.float64(89.58), 'acc': np.float64(89.82), 'ndev': 10606, 'ntest': 10606}","{'devacc': np.float64(88.76), 'acc': 89.13, 'ndev': 872, 'ntest': 1821}","{'devacc': np.float64(86.98), 'acc': 93.6, 'ndev': 5452, 'ntest': 500}","{'devacc': np.float64(66.93), 'acc': 68.87, 'f1': 76.68, 'ndev': 4076, 'ntest': 1725}"
allmpnet,CLS+MAX+MAX-NS_LYR-12,"torch.Size([61, 2304])",NORMAL,4,0,12,"{'devacc': np.float64(84.8), 'acc': np.float64(84.88), 'ndev': 10662, 'ntest': 10662}","{'devacc': np.float64(63.94), 'acc': np.float64(66.41), 'ndev': 3775, 'ntest': 3775}","{'devacc': np.float64(94.49), 'acc': np.float64(94.62), 'ndev': 10000, 'ntest': 10000}","{'devacc': np.float64(33.07), 'acc': np.float64(33.07), 'ndev': 10606, 'ntest': 10606}","{'devacc': np.float64(49.08), 'acc': 50.03, 'ndev': 872, 'ntest': 1821}","{'devacc': np.float64(89.88), 'acc': 93.4, 'ndev': 5452, 'ntest': 500}","{'devacc': np.float64(75.39), 'acc': 74.43, 'f1': 81.71, 'ndev': 4076, 'ntest': 1725}"
allmpnet,CLS+AVG-NS+SUM-NS_LYR-12,"torch.Size([61, 2304])",NORMAL,4,0,12,"{'devacc': np.float64(83.66), 'acc': np.float64(83.6), 'ndev': 10662, 'ntest': 10662}","{'devacc': np.float64(86.03), 'acc': np.float64(86.96), 'ndev': 3775, 'ntest': 3775}","{'devacc': np.float64(93.89), 'acc': np.float64(93.87), 'ndev': 10000, 'ntest': 10000}","{'devacc': np.float64(89.69), 'acc': np.float64(89.88), 'ndev': 10606, 'ntest': 10606}","{'devacc': np.float64(88.99), 'acc': 89.24, 'ndev': 872, 'ntest': 1821}","{'devacc': np.float64(86.78), 'acc': 93.2, 'ndev': 5452, 'ntest': 500}","{'devacc': np.float64(66.71), 'acc': 69.45, 'f1': 77.16, 'ndev': 4076, 'ntest': 1725}"
allmpnet,CLS+AVG-NS+MAX-NS_LYR-12,"torch.Size([61, 2304])",NORMAL,4,0,12,"{'devacc': np.float64(85.06), 'acc': np.float64(85.19), 'ndev': 10662, 'ntest': 10662}","{'devacc': np.float64(63.95), 'acc': np.float64(66.38), 'ndev': 3775, 'ntest': 3775}","{'devacc': np.float64(94.73), 'acc': np.float64(94.75), 'ndev': 10000, 'ntest': 10000}","{'devacc': np.float64(33.07), 'acc': np.float64(33.07), 'ndev': 10606, 'ntest': 10606}","{'devacc': np.float64(49.08), 'acc': 50.03, 'ndev': 872, 'ntest': 1821}","{'devacc': np.float64(89.49), 'acc': 92.4, 'ndev': 5452, 'ntest': 500}","{'devacc': np.float64(75.29), 'acc': 75.77, 'f1': 82.73, 'ndev': 4076, 'ntest': 1725}"
allmpnet,CLS+SUM-NS+MAX-NS_LYR-12,"torch.Size([61, 2304])",NORMAL,4,0,12,"{'devacc': np.float64(83.58), 'acc': np.float64(83.47), 'ndev': 10662, 'ntest': 10662}","{'devacc': np.float64(67.4), 'acc': np.float64(71.12), 'ndev': 3775, 'ntest': 3775}","{'devacc': np.float64(93.9), 'acc': np.float64(93.93), 'ndev': 10000, 'ntest': 10000}","{'devacc': np.float64(33.07), 'acc': np.float64(33.07), 'ndev': 10606, 'ntest': 10606}","{'devacc': np.float64(49.08), 'acc': 50.03, 'ndev': 872, 'ntest': 1821}","{'devacc': np.float64(86.98), 'acc': 92.8, 'ndev': 5452, 'ntest': 500}","{'devacc': np.float64(66.88), 'acc': 69.97, 'f1': 77.58, 'ndev': 4076, 'ntest': 1725}"
allmpnet,AVG+SUM+MAX_LYR-12,"torch.Size([61, 2304])",NORMAL,4,0,12,"{'devacc': np.float64(83.59), 'acc': np.float64(83.64), 'ndev': 10662, 'ntest': 10662}","{'devacc': np.float64(84.83), 'acc': np.float64(85.69), 'ndev': 3775, 'ntest': 3775}","{'devacc': np.float64(93.39), 'acc': np.float64(93.52), 'ndev': 10000, 'ntest': 10000}","{'devacc': np.float64(89.21), 'acc': np.float64(89.47), 'ndev': 10606, 'ntest': 10606}","{'devacc': np.float64(88.53), 'acc': 88.74, 'ndev': 872, 'ntest': 1821}","{'devacc': np.float64(87.71), 'acc': 93.0, 'ndev': 5452, 'ntest': 500}","{'devacc': np.float64(66.9), 'acc': 68.12, 'f1': 75.51, 'ndev': 4076, 'ntest': 1725}"
allmpnet,AVG+SUM+AVG-NS_LYR-12,"torch.Size([61, 2304])",NORMAL,4,0,12,"{'devacc': np.float64(83.62), 'acc': np.float64(83.75), 'ndev': 10662, 'ntest': 10662}","{'devacc': np.float64(84.87), 'acc': np.float64(86.09), 'ndev': 3775, 'ntest': 3775}","{'devacc': np.float64(93.33), 'acc': np.float64(93.49), 'ndev': 10000, 'ntest': 10000}","{'devacc': np.float64(89.36), 'acc': np.float64(89.65), 'ndev': 10606, 'ntest': 10606}","{'devacc': np.float64(88.99), 'acc': 88.63, 'ndev': 872, 'ntest': 1821}","{'devacc': np.float64(87.66), 'acc': 92.8, 'ndev': 5452, 'ntest': 500}","{'devacc': np.float64(66.66), 'acc': 68.75, 'f1': 76.16, 'ndev': 4076, 'ntest': 1725}"
allmpnet,AVG+SUM+SUM-NS_LYR-12,"torch.Size([61, 2304])",NORMAL,4,0,12,"{'devacc': np.float64(83.04), 'acc': np.float64(83.03), 'ndev': 10662, 'ntest': 10662}","{'devacc': np.float64(85.06), 'acc': np.float64(86.04), 'ndev': 3775, 'ntest': 3775}","{'devacc': np.float64(93.5), 'acc': np.float64(93.51), 'ndev': 10000, 'ntest': 10000}","{'devacc': np.float64(89.17), 'acc': np.float64(89.41), 'ndev': 10606, 'ntest': 10606}","{'devacc': np.float64(89.68), 'acc': 89.24, 'ndev': 872, 'ntest': 1821}","{'devacc': np.float64(87.89), 'acc': 93.4, 'ndev': 5452, 'ntest': 500}","{'devacc': np.float64(66.78), 'acc': 68.29, 'f1': 75.5, 'ndev': 4076, 'ntest': 1725}"
allmpnet,AVG+SUM+MAX-NS_LYR-12,"torch.Size([61, 2304])",NORMAL,4,0,12,"{'devacc': np.float64(83.56), 'acc': np.float64(83.68), 'ndev': 10662, 'ntest': 10662}","{'devacc': np.float64(68.67), 'acc': np.float64(72.56), 'ndev': 3775, 'ntest': 3775}","{'devacc': np.float64(93.42), 'acc': np.float64(93.4), 'ndev': 10000, 'ntest': 10000}","{'devacc': np.float64(33.07), 'acc': np.float64(33.06), 'ndev': 10606, 'ntest': 10606}","{'devacc': np.float64(49.08), 'acc': 50.03, 'ndev': 872, 'ntest': 1821}","{'devacc': np.float64(87.75), 'acc': 93.4, 'ndev': 5452, 'ntest': 500}","{'devacc': np.float64(66.85), 'acc': 68.41, 'f1': 75.83, 'ndev': 4076, 'ntest': 1725}"
allmpnet,AVG+MAX+AVG-NS_LYR-12,"torch.Size([61, 2304])",NORMAL,4,0,12,"{'devacc': np.float64(85.07), 'acc': np.float64(85.24), 'ndev': 10662, 'ntest': 10662}","{'devacc': np.float64(88.33), 'acc': np.float64(88.85), 'ndev': 3775, 'ntest': 3775}","{'devacc': np.float64(94.78), 'acc': np.float64(94.82), 'ndev': 10000, 'ntest': 10000}","{'devacc': np.float64(89.95), 'acc': np.float64(90.14), 'ndev': 10606, 'ntest': 10606}","{'devacc': np.float64(88.65), 'acc': 89.02, 'ndev': 872, 'ntest': 1821}","{'devacc': np.float64(89.23), 'acc': 94.8, 'ndev': 5452, 'ntest': 500}","{'devacc': np.float64(76.15), 'acc': 75.65, 'f1': 82.66, 'ndev': 4076, 'ntest': 1725}"
allmpnet,AVG+MAX+SUM-NS_LYR-12,"torch.Size([61, 2304])",NORMAL,4,0,12,"{'devacc': np.float64(83.63), 'acc': np.float64(83.66), 'ndev': 10662, 'ntest': 10662}","{'devacc': np.float64(86.05), 'acc': np.float64(86.75), 'ndev': 3775, 'ntest': 3775}","{'devacc': np.float64(93.88), 'acc': np.float64(93.99), 'ndev': 10000, 'ntest': 10000}","{'devacc': np.float64(89.57), 'acc': np.float64(89.81), 'ndev': 10606, 'ntest': 10606}","{'devacc': np.float64(88.65), 'acc': 89.02, 'ndev': 872, 'ntest': 1821}","{'devacc': np.float64(86.72), 'acc': 93.6, 'ndev': 5452, 'ntest': 500}","{'devacc': np.float64(66.71), 'acc': 69.1, 'f1': 76.86, 'ndev': 4076, 'ntest': 1725}"
allmpnet,AVG+MAX+MAX-NS_LYR-12,"torch.Size([61, 2304])",NORMAL,4,0,12,"{'devacc': np.float64(84.9), 'acc': np.float64(85.26), 'ndev': 10662, 'ntest': 10662}","{'devacc': np.float64(63.91), 'acc': np.float64(66.41), 'ndev': 3775, 'ntest': 3775}","{'devacc': np.float64(94.6), 'acc': np.float64(94.68), 'ndev': 10000, 'ntest': 10000}","{'devacc': np.float64(33.07), 'acc': np.float64(33.07), 'ndev': 10606, 'ntest': 10606}","{'devacc': np.float64(49.08), 'acc': 50.03, 'ndev': 872, 'ntest': 1821}","{'devacc': np.float64(89.56), 'acc': 94.8, 'ndev': 5452, 'ntest': 500}","{'devacc': np.float64(76.4), 'acc': 74.38, 'f1': 81.69, 'ndev': 4076, 'ntest': 1725}"
allmpnet,AVG+AVG-NS+SUM-NS_LYR-12,"torch.Size([61, 2304])",NORMAL,4,0,12,"{'devacc': np.float64(83.77), 'acc': np.float64(83.67), 'ndev': 10662, 'ntest': 10662}","{'devacc': np.float64(85.96), 'acc': np.float64(86.92), 'ndev': 3775, 'ntest': 3775}","{'devacc': np.float64(93.89), 'acc': np.float64(93.93), 'ndev': 10000, 'ntest': 10000}","{'devacc': np.float64(89.72), 'acc': np.float64(89.97), 'ndev': 10606, 'ntest': 10606}","{'devacc': np.float64(89.33), 'acc': 89.18, 'ndev': 872, 'ntest': 1821}","{'devacc': np.float64(86.56), 'acc': 93.0, 'ndev': 5452, 'ntest': 500}","{'devacc': np.float64(66.53), 'acc': 69.74, 'f1': 77.4, 'ndev': 4076, 'ntest': 1725}"
allmpnet,AVG+AVG-NS+MAX-NS_LYR-12,"torch.Size([61, 2304])",NORMAL,4,0,12,"{'devacc': np.float64(85.03), 'acc': np.float64(85.18), 'ndev': 10662, 'ntest': 10662}","{'devacc': np.float64(63.91), 'acc': np.float64(66.35), 'ndev': 3775, 'ntest': 3775}","{'devacc': np.float64(94.75), 'acc': np.float64(94.81), 'ndev': 10000, 'ntest': 10000}","{'devacc': np.float64(33.07), 'acc': np.float64(33.07), 'ndev': 10606, 'ntest': 10606}","{'devacc': np.float64(49.08), 'acc': 50.03, 'ndev': 872, 'ntest': 1821}","{'devacc': np.float64(88.99), 'acc': 94.4, 'ndev': 5452, 'ntest': 500}","{'devacc': np.float64(75.73), 'acc': 75.94, 'f1': 82.86, 'ndev': 4076, 'ntest': 1725}"
allmpnet,AVG+SUM-NS+MAX-NS_LYR-12,"torch.Size([61, 2304])",NORMAL,4,0,12,"{'devacc': np.float64(83.57), 'acc': np.float64(83.52), 'ndev': 10662, 'ntest': 10662}","{'devacc': np.float64(67.46), 'acc': np.float64(71.07), 'ndev': 3775, 'ntest': 3775}","{'devacc': np.float64(93.85), 'acc': np.float64(93.91), 'ndev': 10000, 'ntest': 10000}","{'devacc': np.float64(33.07), 'acc': np.float64(33.07), 'ndev': 10606, 'ntest': 10606}","{'devacc': np.float64(49.08), 'acc': 50.03, 'ndev': 872, 'ntest': 1821}","{'devacc': np.float64(86.76), 'acc': 92.6, 'ndev': 5452, 'ntest': 500}","{'devacc': np.float64(66.66), 'acc': 68.99, 'f1': 76.75, 'ndev': 4076, 'ntest': 1725}"
allmpnet,SUM+MAX+AVG-NS_LYR-12,"torch.Size([61, 2304])",NORMAL,4,0,12,"{'devacc': np.float64(83.62), 'acc': np.float64(83.59), 'ndev': 10662, 'ntest': 10662}","{'devacc': np.float64(84.88), 'acc': np.float64(85.88), 'ndev': 3775, 'ntest': 3775}","{'devacc': np.float64(93.42), 'acc': np.float64(93.43), 'ndev': 10000, 'ntest': 10000}","{'devacc': np.float64(89.3), 'acc': np.float64(89.62), 'ndev': 10606, 'ntest': 10606}","{'devacc': np.float64(88.76), 'acc': 89.13, 'ndev': 872, 'ntest': 1821}","{'devacc': np.float64(87.71), 'acc': 93.0, 'ndev': 5452, 'ntest': 500}","{'devacc': np.float64(67.03), 'acc': 68.35, 'f1': 75.78, 'ndev': 4076, 'ntest': 1725}"
allmpnet,SUM+MAX+SUM-NS_LYR-12,"torch.Size([61, 2304])",NORMAL,4,0,12,"{'devacc': np.float64(82.96), 'acc': np.float64(83.3), 'ndev': 10662, 'ntest': 10662}","{'devacc': np.float64(85.1), 'acc': np.float64(86.17), 'ndev': 3775, 'ntest': 3775}","{'devacc': np.float64(93.54), 'acc': np.float64(93.45), 'ndev': 10000, 'ntest': 10000}","{'devacc': np.float64(89.16), 'acc': np.float64(89.41), 'ndev': 10606, 'ntest': 10606}","{'devacc': np.float64(89.45), 'acc': 88.47, 'ndev': 872, 'ntest': 1821}","{'devacc': np.float64(87.99), 'acc': 93.2, 'ndev': 5452, 'ntest': 500}","{'devacc': np.float64(66.46), 'acc': 68.46, 'f1': 75.74, 'ndev': 4076, 'ntest': 1725}"
allmpnet,SUM+MAX+MAX-NS_LYR-12,"torch.Size([61, 2304])",NORMAL,4,0,12,"{'devacc': np.float64(83.49), 'acc': np.float64(83.53), 'ndev': 10662, 'ntest': 10662}","{'devacc': np.float64(68.6), 'acc': np.float64(73.27), 'ndev': 3775, 'ntest': 3775}","{'devacc': np.float64(93.42), 'acc': np.float64(93.5), 'ndev': 10000, 'ntest': 10000}","{'devacc': np.float64(33.07), 'acc': np.float64(33.06), 'ndev': 10606, 'ntest': 10606}","{'devacc': np.float64(49.08), 'acc': 50.03, 'ndev': 872, 'ntest': 1821}","{'devacc': np.float64(87.91), 'acc': 93.6, 'ndev': 5452, 'ntest': 500}","{'devacc': np.float64(67.07), 'acc': 68.41, 'f1': 75.85, 'ndev': 4076, 'ntest': 1725}"
allmpnet,SUM+AVG-NS+SUM-NS_LYR-12,"torch.Size([61, 2304])",NORMAL,4,0,12,"{'devacc': np.float64(83.09), 'acc': np.float64(83.46), 'ndev': 10662, 'ntest': 10662}","{'devacc': np.float64(85.04), 'acc': np.float64(86.14), 'ndev': 3775, 'ntest': 3775}","{'devacc': np.float64(93.48), 'acc': np.float64(93.46), 'ndev': 10000, 'ntest': 10000}","{'devacc': np.float64(89.23), 'acc': np.float64(89.52), 'ndev': 10606, 'ntest': 10606}","{'devacc': np.float64(88.76), 'acc': 88.85, 'ndev': 872, 'ntest': 1821}","{'devacc': np.float64(88.04), 'acc': 93.2, 'ndev': 5452, 'ntest': 500}","{'devacc': np.float64(66.63), 'acc': 68.12, 'f1': 75.34, 'ndev': 4076, 'ntest': 1725}"
allmpnet,SUM+AVG-NS+MAX-NS_LYR-12,"torch.Size([61, 2304])",NORMAL,4,0,12,"{'devacc': np.float64(83.54), 'acc': np.float64(83.68), 'ndev': 10662, 'ntest': 10662}","{'devacc': np.float64(68.59), 'acc': np.float64(72.61), 'ndev': 3775, 'ntest': 3775}","{'devacc': np.float64(93.42), 'acc': np.float64(93.51), 'ndev': 10000, 'ntest': 10000}","{'devacc': np.float64(33.07), 'acc': np.float64(33.06), 'ndev': 10606, 'ntest': 10606}","{'devacc': np.float64(49.08), 'acc': 50.03, 'ndev': 872, 'ntest': 1821}","{'devacc': np.float64(87.77), 'acc': 93.4, 'ndev': 5452, 'ntest': 500}","{'devacc': np.float64(67.0), 'acc': 68.58, 'f1': 76.12, 'ndev': 4076, 'ntest': 1725}"
allmpnet,SUM+SUM-NS+MAX-NS_LYR-12,"torch.Size([61, 2304])",NORMAL,4,0,12,"{'devacc': np.float64(82.96), 'acc': np.float64(83.22), 'ndev': 10662, 'ntest': 10662}","{'devacc': np.float64(78.92), 'acc': np.float64(78.04), 'ndev': 3775, 'ntest': 3775}","{'devacc': np.float64(93.51), 'acc': np.float64(93.44), 'ndev': 10000, 'ntest': 10000}","{'devacc': np.float64(33.07), 'acc': np.float64(33.06), 'ndev': 10606, 'ntest': 10606}","{'devacc': np.float64(49.08), 'acc': 50.03, 'ndev': 872, 'ntest': 1821}","{'devacc': np.float64(88.02), 'acc': 93.2, 'ndev': 5452, 'ntest': 500}","{'devacc': np.float64(66.85), 'acc': 68.23, 'f1': 75.4, 'ndev': 4076, 'ntest': 1725}"
allmpnet,MAX+AVG-NS+SUM-NS_LYR-12,"torch.Size([61, 2304])",NORMAL,4,0,12,"{'devacc': np.float64(83.55), 'acc': np.float64(83.53), 'ndev': 10662, 'ntest': 10662}","{'devacc': np.float64(86.01), 'acc': np.float64(86.81), 'ndev': 3775, 'ntest': 3775}","{'devacc': np.float64(93.85), 'acc': np.float64(93.95), 'ndev': 10000, 'ntest': 10000}","{'devacc': np.float64(89.58), 'acc': np.float64(89.82), 'ndev': 10606, 'ntest': 10606}","{'devacc': np.float64(88.76), 'acc': 88.91, 'ndev': 872, 'ntest': 1821}","{'devacc': np.float64(86.68), 'acc': 93.0, 'ndev': 5452, 'ntest': 500}","{'devacc': np.float64(66.68), 'acc': 69.28, 'f1': 77.04, 'ndev': 4076, 'ntest': 1725}"
allmpnet,MAX+AVG-NS+MAX-NS_LYR-12,"torch.Size([61, 2304])",NORMAL,4,0,12,"{'devacc': np.float64(84.84), 'acc': np.float64(85.22), 'ndev': 10662, 'ntest': 10662}","{'devacc': np.float64(63.92), 'acc': np.float64(66.43), 'ndev': 3775, 'ntest': 3775}","{'devacc': np.float64(94.54), 'acc': np.float64(94.69), 'ndev': 10000, 'ntest': 10000}","{'devacc': np.float64(33.07), 'acc': np.float64(33.07), 'ndev': 10606, 'ntest': 10606}","{'devacc': np.float64(49.08), 'acc': 50.03, 'ndev': 872, 'ntest': 1821}","{'devacc': np.float64(88.76), 'acc': 94.0, 'ndev': 5452, 'ntest': 500}","{'devacc': np.float64(75.93), 'acc': 74.72, 'f1': 81.89, 'ndev': 4076, 'ntest': 1725}"
allmpnet,MAX+SUM-NS+MAX-NS_LYR-12,"torch.Size([61, 2304])",NORMAL,4,0,12,"{'devacc': np.float64(83.5), 'acc': np.float64(83.57), 'ndev': 10662, 'ntest': 10662}","{'devacc': np.float64(67.02), 'acc': np.float64(70.78), 'ndev': 3775, 'ntest': 3775}","{'devacc': np.float64(93.84), 'acc': np.float64(93.94), 'ndev': 10000, 'ntest': 10000}","{'devacc': np.float64(33.07), 'acc': np.float64(33.07), 'ndev': 10606, 'ntest': 10606}","{'devacc': np.float64(49.08), 'acc': 50.03, 'ndev': 872, 'ntest': 1821}","{'devacc': np.float64(86.74), 'acc': 93.4, 'ndev': 5452, 'ntest': 500}","{'devacc': np.float64(67.07), 'acc': 69.51, 'f1': 77.05, 'ndev': 4076, 'ntest': 1725}"
allmpnet,AVG-NS+SUM-NS+MAX-NS_LYR-12,"torch.Size([61, 2304])",NORMAL,4,0,12,"{'devacc': np.float64(83.54), 'acc': np.float64(83.38), 'ndev': 10662, 'ntest': 10662}","{'devacc': np.float64(67.43), 'acc': np.float64(71.04), 'ndev': 3775, 'ntest': 3775}","{'devacc': np.float64(93.87), 'acc': np.float64(93.92), 'ndev': 10000, 'ntest': 10000}","{'devacc': np.float64(33.07), 'acc': np.float64(33.07), 'ndev': 10606, 'ntest': 10606}","{'devacc': np.float64(49.08), 'acc': 50.03, 'ndev': 872, 'ntest': 1821}","{'devacc': np.float64(86.52), 'acc': 92.6, 'ndev': 5452, 'ntest': 500}","{'devacc': np.float64(66.66), 'acc': 68.81, 'f1': 76.65, 'ndev': 4076, 'ntest': 1725}"
