model,pooling,out_vec_size,best_layers,epochs,nhid,qtd_layers,MR,CR,SUBJ,MPQA,SST2,TREC,MRPC
allmpnet,CLS+AVG_LYR-1,"torch.Size([61, 1536])",NORMAL,4,0,12,"{'devacc': np.float64(77.66), 'acc': np.float64(77.76), 'ndev': 10662, 'ntest': 10662}","{'devacc': np.float64(81.98), 'acc': np.float64(81.91), 'ndev': 3775, 'ntest': 3775}","{'devacc': np.float64(93.33), 'acc': np.float64(93.41), 'ndev': 10000, 'ntest': 10000}","{'devacc': np.float64(89.8), 'acc': np.float64(89.87), 'ndev': 10606, 'ntest': 10606}","{'devacc': np.float64(82.45), 'acc': 82.98, 'ndev': 872, 'ntest': 1821}","{'devacc': np.float64(83.29), 'acc': 88.2, 'ndev': 5452, 'ntest': 500}","{'devacc': np.float64(73.45), 'acc': 73.97, 'f1': 81.83, 'ndev': 4076, 'ntest': 1725}"
allmpnet,CLS+SUM_LYR-1,"torch.Size([61, 1536])",NORMAL,4,0,12,"{'devacc': np.float64(76.37), 'acc': np.float64(76.69), 'ndev': 10662, 'ntest': 10662}","{'devacc': np.float64(78.18), 'acc': np.float64(78.65), 'ndev': 3775, 'ntest': 3775}","{'devacc': np.float64(91.67), 'acc': np.float64(92.04), 'ndev': 10000, 'ntest': 10000}","{'devacc': np.float64(88.09), 'acc': np.float64(88.46), 'ndev': 10606, 'ntest': 10606}","{'devacc': np.float64(81.42), 'acc': 82.48, 'ndev': 872, 'ntest': 1821}","{'devacc': np.float64(81.93), 'acc': 85.8, 'ndev': 5452, 'ntest': 500}","{'devacc': np.float64(71.12), 'acc': 71.19, 'f1': 79.14, 'ndev': 4076, 'ntest': 1725}"
allmpnet,CLS+MAX_LYR-1,"torch.Size([61, 1536])",NORMAL,4,0,12,"{'devacc': np.float64(72.02), 'acc': np.float64(72.13), 'ndev': 10662, 'ntest': 10662}","{'devacc': np.float64(78.17), 'acc': np.float64(78.83), 'ndev': 3775, 'ntest': 3775}","{'devacc': np.float64(89.63), 'acc': np.float64(89.78), 'ndev': 10000, 'ntest': 10000}","{'devacc': np.float64(88.0), 'acc': np.float64(88.04), 'ndev': 10606, 'ntest': 10606}","{'devacc': np.float64(77.06), 'acc': 75.62, 'ndev': 872, 'ntest': 1821}","{'devacc': np.float64(80.8), 'acc': 85.4, 'ndev': 5452, 'ntest': 500}","{'devacc': np.float64(72.37), 'acc': 71.88, 'f1': 79.61, 'ndev': 4076, 'ntest': 1725}"
allmpnet,CLS+AVG-NS_LYR-1,"torch.Size([61, 1536])",NORMAL,4,0,12,"{'devacc': np.float64(77.17), 'acc': np.float64(77.23), 'ndev': 10662, 'ntest': 10662}","{'devacc': np.float64(80.59), 'acc': np.float64(81.17), 'ndev': 3775, 'ntest': 3775}","{'devacc': np.float64(92.33), 'acc': np.float64(92.21), 'ndev': 10000, 'ntest': 10000}","{'devacc': np.float64(88.29), 'acc': np.float64(88.47), 'ndev': 10606, 'ntest': 10606}","{'devacc': np.float64(81.65), 'acc': 82.1, 'ndev': 872, 'ntest': 1821}","{'devacc': np.float64(75.99), 'acc': 80.0, 'ndev': 5452, 'ntest': 500}","{'devacc': np.float64(70.8), 'acc': 72.75, 'f1': 81.42, 'ndev': 4076, 'ntest': 1725}"
allmpnet,CLS+SUM-NS_LYR-1,"torch.Size([61, 1536])",NORMAL,4,0,12,"{'devacc': np.float64(75.96), 'acc': np.float64(76.36), 'ndev': 10662, 'ntest': 10662}","{'devacc': np.float64(76.67), 'acc': np.float64(77.48), 'ndev': 3775, 'ntest': 3775}","{'devacc': np.float64(90.8), 'acc': np.float64(91.24), 'ndev': 10000, 'ntest': 10000}","{'devacc': np.float64(87.17), 'acc': np.float64(87.25), 'ndev': 10606, 'ntest': 10606}","{'devacc': np.float64(80.62), 'acc': 82.1, 'ndev': 872, 'ntest': 1821}","{'devacc': np.float64(72.6), 'acc': 77.4, 'ndev': 5452, 'ntest': 500}","{'devacc': np.float64(68.57), 'acc': 67.77, 'f1': 76.52, 'ndev': 4076, 'ntest': 1725}"
allmpnet,CLS+MAX-NS_LYR-1,"torch.Size([61, 1536])",NORMAL,4,0,12,"{'devacc': np.float64(72.1), 'acc': np.float64(72.19), 'ndev': 10662, 'ntest': 10662}","{'devacc': np.float64(62.5), 'acc': np.float64(64.95), 'ndev': 3775, 'ntest': 3775}","{'devacc': np.float64(88.59), 'acc': np.float64(88.87), 'ndev': 10000, 'ntest': 10000}","{'devacc': np.float64(37.7), 'acc': np.float64(37.71), 'ndev': 10606, 'ntest': 10606}","{'devacc': np.float64(49.08), 'acc': 50.08, 'ndev': 872, 'ntest': 1821}","{'devacc': np.float64(71.46), 'acc': 77.4, 'ndev': 5452, 'ntest': 500}","{'devacc': np.float64(71.54), 'acc': 70.49, 'f1': 78.57, 'ndev': 4076, 'ntest': 1725}"
allmpnet,AVG+SUM_LYR-1,"torch.Size([61, 1536])",NORMAL,4,0,12,"{'devacc': np.float64(76.33), 'acc': np.float64(76.4), 'ndev': 10662, 'ntest': 10662}","{'devacc': np.float64(78.16), 'acc': np.float64(78.41), 'ndev': 3775, 'ntest': 3775}","{'devacc': np.float64(91.67), 'acc': np.float64(91.98), 'ndev': 10000, 'ntest': 10000}","{'devacc': np.float64(88.23), 'acc': np.float64(88.26), 'ndev': 10606, 'ntest': 10606}","{'devacc': np.float64(82.57), 'acc': 82.92, 'ndev': 872, 'ntest': 1821}","{'devacc': np.float64(82.01), 'acc': 85.0, 'ndev': 5452, 'ntest': 500}","{'devacc': np.float64(70.73), 'acc': 69.97, 'f1': 78.14, 'ndev': 4076, 'ntest': 1725}"
allmpnet,AVG+MAX_LYR-1,"torch.Size([61, 1536])",NORMAL,4,0,12,"{'devacc': np.float64(76.35), 'acc': np.float64(76.39), 'ndev': 10662, 'ntest': 10662}","{'devacc': np.float64(79.91), 'acc': np.float64(80.24), 'ndev': 3775, 'ntest': 3775}","{'devacc': np.float64(92.04), 'acc': np.float64(92.21), 'ndev': 10000, 'ntest': 10000}","{'devacc': np.float64(88.82), 'acc': np.float64(89.15), 'ndev': 10606, 'ntest': 10606}","{'devacc': np.float64(81.31), 'acc': 81.0, 'ndev': 872, 'ntest': 1821}","{'devacc': np.float64(83.03), 'acc': 87.4, 'ndev': 5452, 'ntest': 500}","{'devacc': np.float64(73.28), 'acc': 71.88, 'f1': 79.32, 'ndev': 4076, 'ntest': 1725}"
allmpnet,AVG+AVG-NS_LYR-1,"torch.Size([61, 1536])",NORMAL,4,0,12,"{'devacc': np.float64(77.9), 'acc': np.float64(77.96), 'ndev': 10662, 'ntest': 10662}","{'devacc': np.float64(81.9), 'acc': np.float64(82.7), 'ndev': 3775, 'ntest': 3775}","{'devacc': np.float64(93.25), 'acc': np.float64(93.32), 'ndev': 10000, 'ntest': 10000}","{'devacc': np.float64(89.32), 'acc': np.float64(89.52), 'ndev': 10606, 'ntest': 10606}","{'devacc': np.float64(82.57), 'acc': 82.92, 'ndev': 872, 'ntest': 1821}","{'devacc': np.float64(83.68), 'acc': 86.4, 'ndev': 5452, 'ntest': 500}","{'devacc': np.float64(73.21), 'acc': 74.49, 'f1': 82.2, 'ndev': 4076, 'ntest': 1725}"
allmpnet,AVG+SUM-NS_LYR-1,"torch.Size([61, 1536])",NORMAL,4,0,12,"{'devacc': np.float64(76.4), 'acc': np.float64(76.72), 'ndev': 10662, 'ntest': 10662}","{'devacc': np.float64(77.0), 'acc': np.float64(77.96), 'ndev': 3775, 'ntest': 3775}","{'devacc': np.float64(90.99), 'acc': np.float64(91.45), 'ndev': 10000, 'ntest': 10000}","{'devacc': np.float64(88.54), 'acc': np.float64(88.54), 'ndev': 10606, 'ntest': 10606}","{'devacc': np.float64(82.34), 'acc': 82.15, 'ndev': 872, 'ntest': 1821}","{'devacc': np.float64(75.48), 'acc': 80.8, 'ndev': 5452, 'ntest': 500}","{'devacc': np.float64(67.54), 'acc': 65.51, 'f1': 74.41, 'ndev': 4076, 'ntest': 1725}"
allmpnet,AVG+MAX-NS_LYR-1,"torch.Size([61, 1536])",NORMAL,4,0,12,"{'devacc': np.float64(76.21), 'acc': np.float64(76.58), 'ndev': 10662, 'ntest': 10662}","{'devacc': np.float64(62.87), 'acc': np.float64(65.38), 'ndev': 3775, 'ntest': 3775}","{'devacc': np.float64(91.92), 'acc': np.float64(92.21), 'ndev': 10000, 'ntest': 10000}","{'devacc': np.float64(37.7), 'acc': np.float64(37.71), 'ndev': 10606, 'ntest': 10606}","{'devacc': np.float64(49.08), 'acc': 50.08, 'ndev': 872, 'ntest': 1821}","{'devacc': np.float64(80.96), 'acc': 86.0, 'ndev': 5452, 'ntest': 500}","{'devacc': np.float64(72.2), 'acc': 72.17, 'f1': 79.59, 'ndev': 4076, 'ntest': 1725}"
allmpnet,SUM+MAX_LYR-1,"torch.Size([61, 1536])",NORMAL,4,0,12,"{'devacc': np.float64(76.08), 'acc': np.float64(76.3), 'ndev': 10662, 'ntest': 10662}","{'devacc': np.float64(78.26), 'acc': np.float64(78.25), 'ndev': 3775, 'ntest': 3775}","{'devacc': np.float64(91.48), 'acc': np.float64(91.92), 'ndev': 10000, 'ntest': 10000}","{'devacc': np.float64(87.96), 'acc': np.float64(88.05), 'ndev': 10606, 'ntest': 10606}","{'devacc': np.float64(81.88), 'acc': 83.2, 'ndev': 872, 'ntest': 1821}","{'devacc': np.float64(82.87), 'acc': 87.2, 'ndev': 5452, 'ntest': 500}","{'devacc': np.float64(70.44), 'acc': 71.01, 'f1': 79.11, 'ndev': 4076, 'ntest': 1725}"
allmpnet,SUM+AVG-NS_LYR-1,"torch.Size([61, 1536])",NORMAL,4,0,12,"{'devacc': np.float64(76.25), 'acc': np.float64(76.35), 'ndev': 10662, 'ntest': 10662}","{'devacc': np.float64(78.15), 'acc': np.float64(78.38), 'ndev': 3775, 'ntest': 3775}","{'devacc': np.float64(91.6), 'acc': np.float64(91.95), 'ndev': 10000, 'ntest': 10000}","{'devacc': np.float64(88.13), 'acc': np.float64(88.29), 'ndev': 10606, 'ntest': 10606}","{'devacc': np.float64(83.6), 'acc': 82.43, 'ndev': 872, 'ntest': 1821}","{'devacc': np.float64(82.15), 'acc': 85.2, 'ndev': 5452, 'ntest': 500}","{'devacc': np.float64(70.58), 'acc': 69.51, 'f1': 77.58, 'ndev': 4076, 'ntest': 1725}"
allmpnet,SUM+SUM-NS_LYR-1,"torch.Size([61, 1536])",NORMAL,4,0,12,"{'devacc': np.float64(76.22), 'acc': np.float64(76.66), 'ndev': 10662, 'ntest': 10662}","{'devacc': np.float64(77.57), 'acc': np.float64(78.25), 'ndev': 3775, 'ntest': 3775}","{'devacc': np.float64(90.99), 'acc': np.float64(91.41), 'ndev': 10000, 'ntest': 10000}","{'devacc': np.float64(88.03), 'acc': np.float64(88.27), 'ndev': 10606, 'ntest': 10606}","{'devacc': np.float64(82.91), 'acc': 83.2, 'ndev': 872, 'ntest': 1821}","{'devacc': np.float64(82.39), 'acc': 87.4, 'ndev': 5452, 'ntest': 500}","{'devacc': np.float64(69.92), 'acc': 69.57, 'f1': 77.78, 'ndev': 4076, 'ntest': 1725}"
allmpnet,SUM+MAX-NS_LYR-1,"torch.Size([61, 1536])",NORMAL,4,0,12,"{'devacc': np.float64(75.94), 'acc': np.float64(76.04), 'ndev': 10662, 'ntest': 10662}","{'devacc': np.float64(62.7), 'acc': np.float64(65.59), 'ndev': 3775, 'ntest': 3775}","{'devacc': np.float64(91.55), 'acc': np.float64(92.01), 'ndev': 10000, 'ntest': 10000}","{'devacc': np.float64(37.71), 'acc': np.float64(37.71), 'ndev': 10606, 'ntest': 10606}","{'devacc': np.float64(49.08), 'acc': 50.08, 'ndev': 872, 'ntest': 1821}","{'devacc': np.float64(83.14), 'acc': 86.2, 'ndev': 5452, 'ntest': 500}","{'devacc': np.float64(70.8), 'acc': 70.43, 'f1': 78.64, 'ndev': 4076, 'ntest': 1725}"
allmpnet,MAX+AVG-NS_LYR-1,"torch.Size([61, 1536])",NORMAL,4,0,12,"{'devacc': np.float64(76.36), 'acc': np.float64(76.89), 'ndev': 10662, 'ntest': 10662}","{'devacc': np.float64(80.03), 'acc': np.float64(80.42), 'ndev': 3775, 'ntest': 3775}","{'devacc': np.float64(92.15), 'acc': np.float64(92.28), 'ndev': 10000, 'ntest': 10000}","{'devacc': np.float64(88.54), 'acc': np.float64(88.49), 'ndev': 10606, 'ntest': 10606}","{'devacc': np.float64(81.42), 'acc': 79.9, 'ndev': 872, 'ntest': 1821}","{'devacc': np.float64(83.8), 'acc': 88.8, 'ndev': 5452, 'ntest': 500}","{'devacc': np.float64(72.62), 'acc': 71.48, 'f1': 79.05, 'ndev': 4076, 'ntest': 1725}"
allmpnet,MAX+SUM-NS_LYR-1,"torch.Size([61, 1536])",NORMAL,4,0,12,"{'devacc': np.float64(75.85), 'acc': np.float64(76.87), 'ndev': 10662, 'ntest': 10662}","{'devacc': np.float64(77.57), 'acc': np.float64(78.36), 'ndev': 3775, 'ntest': 3775}","{'devacc': np.float64(91.06), 'acc': np.float64(91.41), 'ndev': 10000, 'ntest': 10000}","{'devacc': np.float64(87.99), 'acc': np.float64(88.03), 'ndev': 10606, 'ntest': 10606}","{'devacc': np.float64(81.42), 'acc': 81.33, 'ndev': 872, 'ntest': 1821}","{'devacc': np.float64(79.48), 'acc': 86.4, 'ndev': 5452, 'ntest': 500}","{'devacc': np.float64(68.18), 'acc': 67.01, 'f1': 75.8, 'ndev': 4076, 'ntest': 1725}"
allmpnet,MAX+MAX-NS_LYR-1,"torch.Size([61, 1536])",NORMAL,4,0,12,"{'devacc': np.float64(72.76), 'acc': np.float64(72.97), 'ndev': 10662, 'ntest': 10662}","{'devacc': np.float64(62.76), 'acc': np.float64(65.24), 'ndev': 3775, 'ntest': 3775}","{'devacc': np.float64(89.82), 'acc': np.float64(89.87), 'ndev': 10000, 'ntest': 10000}","{'devacc': np.float64(37.7), 'acc': np.float64(37.71), 'ndev': 10606, 'ntest': 10606}","{'devacc': np.float64(49.08), 'acc': 50.08, 'ndev': 872, 'ntest': 1821}","{'devacc': np.float64(81.27), 'acc': 86.8, 'ndev': 5452, 'ntest': 500}","{'devacc': np.float64(71.86), 'acc': 70.61, 'f1': 78.38, 'ndev': 4076, 'ntest': 1725}"
allmpnet,AVG-NS+SUM-NS_LYR-1,"torch.Size([61, 1536])",NORMAL,4,0,12,"{'devacc': np.float64(75.93), 'acc': np.float64(76.17), 'ndev': 10662, 'ntest': 10662}","{'devacc': np.float64(76.65), 'acc': np.float64(77.3), 'ndev': 3775, 'ntest': 3775}","{'devacc': np.float64(90.82), 'acc': np.float64(91.11), 'ndev': 10000, 'ntest': 10000}","{'devacc': np.float64(87.32), 'acc': np.float64(87.64), 'ndev': 10606, 'ntest': 10606}","{'devacc': np.float64(81.77), 'acc': 82.1, 'ndev': 872, 'ntest': 1821}","{'devacc': np.float64(72.34), 'acc': 78.0, 'ndev': 5452, 'ntest': 500}","{'devacc': np.float64(67.44), 'acc': 65.33, 'f1': 74.29, 'ndev': 4076, 'ntest': 1725}"
allmpnet,AVG-NS+MAX-NS_LYR-1,"torch.Size([61, 1536])",NORMAL,4,0,12,"{'devacc': np.float64(75.79), 'acc': np.float64(76.04), 'ndev': 10662, 'ntest': 10662}","{'devacc': np.float64(62.81), 'acc': np.float64(65.22), 'ndev': 3775, 'ntest': 3775}","{'devacc': np.float64(91.47), 'acc': np.float64(91.63), 'ndev': 10000, 'ntest': 10000}","{'devacc': np.float64(37.7), 'acc': np.float64(37.71), 'ndev': 10606, 'ntest': 10606}","{'devacc': np.float64(49.08), 'acc': 50.08, 'ndev': 872, 'ntest': 1821}","{'devacc': np.float64(75.0), 'acc': 80.0, 'ndev': 5452, 'ntest': 500}","{'devacc': np.float64(71.56), 'acc': 71.77, 'f1': 79.32, 'ndev': 4076, 'ntest': 1725}"
allmpnet,SUM-NS+MAX-NS_LYR-1,"torch.Size([61, 1536])",NORMAL,4,0,12,"{'devacc': np.float64(74.88), 'acc': np.float64(75.21), 'ndev': 10662, 'ntest': 10662}","{'devacc': np.float64(62.52), 'acc': np.float64(65.19), 'ndev': 3775, 'ntest': 3775}","{'devacc': np.float64(90.78), 'acc': np.float64(91.06), 'ndev': 10000, 'ntest': 10000}","{'devacc': np.float64(37.7), 'acc': np.float64(37.71), 'ndev': 10606, 'ntest': 10606}","{'devacc': np.float64(49.08), 'acc': 50.08, 'ndev': 872, 'ntest': 1821}","{'devacc': np.float64(73.94), 'acc': 78.6, 'ndev': 5452, 'ntest': 500}","{'devacc': np.float64(67.98), 'acc': 67.13, 'f1': 75.94, 'ndev': 4076, 'ntest': 1725}"
allmpnet,CLS+AVG_LYR-2,"torch.Size([61, 1536])",NORMAL,4,0,12,"{'devacc': np.float64(79.68), 'acc': np.float64(79.7), 'ndev': 10662, 'ntest': 10662}","{'devacc': np.float64(85.34), 'acc': np.float64(85.56), 'ndev': 3775, 'ntest': 3775}","{'devacc': np.float64(94.29), 'acc': np.float64(94.31), 'ndev': 10000, 'ntest': 10000}","{'devacc': np.float64(90.2), 'acc': np.float64(90.27), 'ndev': 10606, 'ntest': 10606}","{'devacc': np.float64(82.22), 'acc': 85.34, 'ndev': 872, 'ntest': 1821}","{'devacc': np.float64(85.36), 'acc': 89.4, 'ndev': 5452, 'ntest': 500}","{'devacc': np.float64(73.75), 'acc': 74.38, 'f1': 82.21, 'ndev': 4076, 'ntest': 1725}"
allmpnet,CLS+SUM_LYR-2,"torch.Size([61, 1536])",NORMAL,4,0,12,"{'devacc': np.float64(78.57), 'acc': np.float64(78.94), 'ndev': 10662, 'ntest': 10662}","{'devacc': np.float64(81.25), 'acc': np.float64(82.38), 'ndev': 3775, 'ntest': 3775}","{'devacc': np.float64(92.5), 'acc': np.float64(92.67), 'ndev': 10000, 'ntest': 10000}","{'devacc': np.float64(88.51), 'acc': np.float64(88.78), 'ndev': 10606, 'ntest': 10606}","{'devacc': np.float64(82.34), 'acc': 84.4, 'ndev': 872, 'ntest': 1821}","{'devacc': np.float64(84.19), 'acc': 89.4, 'ndev': 5452, 'ntest': 500}","{'devacc': np.float64(71.39), 'acc': 71.25, 'f1': 78.71, 'ndev': 4076, 'ntest': 1725}"
allmpnet,CLS+MAX_LYR-2,"torch.Size([61, 1536])",NORMAL,4,0,12,"{'devacc': np.float64(74.09), 'acc': np.float64(74.12), 'ndev': 10662, 'ntest': 10662}","{'devacc': np.float64(80.76), 'acc': np.float64(81.11), 'ndev': 3775, 'ntest': 3775}","{'devacc': np.float64(91.72), 'acc': np.float64(91.78), 'ndev': 10000, 'ntest': 10000}","{'devacc': np.float64(88.21), 'acc': np.float64(88.26), 'ndev': 10606, 'ntest': 10606}","{'devacc': np.float64(77.98), 'acc': 78.14, 'ndev': 872, 'ntest': 1821}","{'devacc': np.float64(83.49), 'acc': 89.6, 'ndev': 5452, 'ntest': 500}","{'devacc': np.float64(73.06), 'acc': 71.88, 'f1': 79.6, 'ndev': 4076, 'ntest': 1725}"
allmpnet,CLS+AVG-NS_LYR-2,"torch.Size([61, 1536])",NORMAL,4,0,12,"{'devacc': np.float64(78.52), 'acc': np.float64(78.58), 'ndev': 10662, 'ntest': 10662}","{'devacc': np.float64(82.34), 'acc': np.float64(82.36), 'ndev': 3775, 'ntest': 3775}","{'devacc': np.float64(93.46), 'acc': np.float64(93.48), 'ndev': 10000, 'ntest': 10000}","{'devacc': np.float64(89.05), 'acc': np.float64(89.36), 'ndev': 10606, 'ntest': 10606}","{'devacc': np.float64(81.42), 'acc': 83.86, 'ndev': 872, 'ntest': 1821}","{'devacc': np.float64(80.23), 'acc': 84.4, 'ndev': 5452, 'ntest': 500}","{'devacc': np.float64(72.3), 'acc': 72.35, 'f1': 81.11, 'ndev': 4076, 'ntest': 1725}"
allmpnet,CLS+SUM-NS_LYR-2,"torch.Size([61, 1536])",NORMAL,4,0,12,"{'devacc': np.float64(77.32), 'acc': np.float64(77.56), 'ndev': 10662, 'ntest': 10662}","{'devacc': np.float64(79.32), 'acc': np.float64(79.79), 'ndev': 3775, 'ntest': 3775}","{'devacc': np.float64(91.86), 'acc': np.float64(91.92), 'ndev': 10000, 'ntest': 10000}","{'devacc': np.float64(87.96), 'acc': np.float64(88.15), 'ndev': 10606, 'ntest': 10606}","{'devacc': np.float64(80.73), 'acc': 83.25, 'ndev': 872, 'ntest': 1821}","{'devacc': np.float64(77.59), 'acc': 84.4, 'ndev': 5452, 'ntest': 500}","{'devacc': np.float64(70.12), 'acc': 70.26, 'f1': 78.85, 'ndev': 4076, 'ntest': 1725}"
allmpnet,CLS+MAX-NS_LYR-2,"torch.Size([61, 1536])",NORMAL,4,0,12,"{'devacc': np.float64(73.99), 'acc': np.float64(74.31), 'ndev': 10662, 'ntest': 10662}","{'devacc': np.float64(62.83), 'acc': np.float64(65.32), 'ndev': 3775, 'ntest': 3775}","{'devacc': np.float64(91.02), 'acc': np.float64(91.15), 'ndev': 10000, 'ntest': 10000}","{'devacc': np.float64(32.11), 'acc': np.float64(32.11), 'ndev': 10606, 'ntest': 10606}","{'devacc': np.float64(49.08), 'acc': 50.08, 'ndev': 872, 'ntest': 1821}","{'devacc': np.float64(75.53), 'acc': 82.6, 'ndev': 5452, 'ntest': 500}","{'devacc': np.float64(72.13), 'acc': 71.59, 'f1': 79.48, 'ndev': 4076, 'ntest': 1725}"
allmpnet,AVG+SUM_LYR-2,"torch.Size([61, 1536])",NORMAL,4,0,12,"{'devacc': np.float64(78.56), 'acc': np.float64(78.7), 'ndev': 10662, 'ntest': 10662}","{'devacc': np.float64(81.25), 'acc': np.float64(82.36), 'ndev': 3775, 'ntest': 3775}","{'devacc': np.float64(92.49), 'acc': np.float64(92.65), 'ndev': 10000, 'ntest': 10000}","{'devacc': np.float64(88.57), 'acc': np.float64(88.78), 'ndev': 10606, 'ntest': 10606}","{'devacc': np.float64(82.57), 'acc': 83.58, 'ndev': 872, 'ntest': 1821}","{'devacc': np.float64(84.24), 'acc': 89.6, 'ndev': 5452, 'ntest': 500}","{'devacc': np.float64(71.05), 'acc': 70.09, 'f1': 77.74, 'ndev': 4076, 'ntest': 1725}"
allmpnet,AVG+MAX_LYR-2,"torch.Size([61, 1536])",NORMAL,4,0,12,"{'devacc': np.float64(78.43), 'acc': np.float64(78.92), 'ndev': 10662, 'ntest': 10662}","{'devacc': np.float64(83.12), 'acc': np.float64(83.23), 'ndev': 3775, 'ntest': 3775}","{'devacc': np.float64(93.59), 'acc': np.float64(93.51), 'ndev': 10000, 'ntest': 10000}","{'devacc': np.float64(89.41), 'acc': np.float64(89.61), 'ndev': 10606, 'ntest': 10606}","{'devacc': np.float64(80.62), 'acc': 83.75, 'ndev': 872, 'ntest': 1821}","{'devacc': np.float64(85.8), 'acc': 91.2, 'ndev': 5452, 'ntest': 500}","{'devacc': np.float64(73.48), 'acc': 72.75, 'f1': 80.4, 'ndev': 4076, 'ntest': 1725}"
allmpnet,AVG+AVG-NS_LYR-2,"torch.Size([61, 1536])",NORMAL,4,0,12,"{'devacc': np.float64(79.55), 'acc': np.float64(79.72), 'ndev': 10662, 'ntest': 10662}","{'devacc': np.float64(84.6), 'acc': np.float64(84.93), 'ndev': 3775, 'ntest': 3775}","{'devacc': np.float64(94.21), 'acc': np.float64(94.16), 'ndev': 10000, 'ntest': 10000}","{'devacc': np.float64(89.7), 'acc': np.float64(90.03), 'ndev': 10606, 'ntest': 10606}","{'devacc': np.float64(82.91), 'acc': 85.39, 'ndev': 872, 'ntest': 1821}","{'devacc': np.float64(85.62), 'acc': 89.4, 'ndev': 5452, 'ntest': 500}","{'devacc': np.float64(73.11), 'acc': 74.43, 'f1': 82.2, 'ndev': 4076, 'ntest': 1725}"
allmpnet,AVG+SUM-NS_LYR-2,"torch.Size([61, 1536])",NORMAL,4,0,12,"{'devacc': np.float64(77.68), 'acc': np.float64(77.75), 'ndev': 10662, 'ntest': 10662}","{'devacc': np.float64(79.93), 'acc': np.float64(80.37), 'ndev': 3775, 'ntest': 3775}","{'devacc': np.float64(91.99), 'acc': np.float64(91.96), 'ndev': 10000, 'ntest': 10000}","{'devacc': np.float64(88.87), 'acc': np.float64(89.08), 'ndev': 10606, 'ntest': 10606}","{'devacc': np.float64(81.88), 'acc': 83.75, 'ndev': 872, 'ntest': 1821}","{'devacc': np.float64(78.8), 'acc': 86.8, 'ndev': 5452, 'ntest': 500}","{'devacc': np.float64(68.92), 'acc': 68.41, 'f1': 76.74, 'ndev': 4076, 'ntest': 1725}"
allmpnet,AVG+MAX-NS_LYR-2,"torch.Size([61, 1536])",NORMAL,4,0,12,"{'devacc': np.float64(78.21), 'acc': np.float64(78.52), 'ndev': 10662, 'ntest': 10662}","{'devacc': np.float64(63.23), 'acc': np.float64(65.61), 'ndev': 3775, 'ntest': 3775}","{'devacc': np.float64(93.44), 'acc': np.float64(93.56), 'ndev': 10000, 'ntest': 10000}","{'devacc': np.float64(32.11), 'acc': np.float64(32.11), 'ndev': 10606, 'ntest': 10606}","{'devacc': np.float64(49.08), 'acc': 50.08, 'ndev': 872, 'ntest': 1821}","{'devacc': np.float64(83.57), 'acc': 90.0, 'ndev': 5452, 'ntest': 500}","{'devacc': np.float64(72.64), 'acc': 73.1, 'f1': 80.44, 'ndev': 4076, 'ntest': 1725}"
allmpnet,SUM+MAX_LYR-2,"torch.Size([61, 1536])",NORMAL,4,0,12,"{'devacc': np.float64(78.11), 'acc': np.float64(78.43), 'ndev': 10662, 'ntest': 10662}","{'devacc': np.float64(81.35), 'acc': np.float64(82.17), 'ndev': 3775, 'ntest': 3775}","{'devacc': np.float64(92.57), 'acc': np.float64(92.6), 'ndev': 10000, 'ntest': 10000}","{'devacc': np.float64(88.25), 'acc': np.float64(88.48), 'ndev': 10606, 'ntest': 10606}","{'devacc': np.float64(82.11), 'acc': 84.02, 'ndev': 872, 'ntest': 1821}","{'devacc': np.float64(84.94), 'acc': 89.2, 'ndev': 5452, 'ntest': 500}","{'devacc': np.float64(71.1), 'acc': 70.78, 'f1': 78.29, 'ndev': 4076, 'ntest': 1725}"
allmpnet,SUM+AVG-NS_LYR-2,"torch.Size([61, 1536])",NORMAL,4,0,12,"{'devacc': np.float64(78.54), 'acc': np.float64(78.79), 'ndev': 10662, 'ntest': 10662}","{'devacc': np.float64(81.16), 'acc': np.float64(82.46), 'ndev': 3775, 'ntest': 3775}","{'devacc': np.float64(92.49), 'acc': np.float64(92.62), 'ndev': 10000, 'ntest': 10000}","{'devacc': np.float64(88.46), 'acc': np.float64(88.81), 'ndev': 10606, 'ntest': 10606}","{'devacc': np.float64(83.03), 'acc': 84.13, 'ndev': 872, 'ntest': 1821}","{'devacc': np.float64(84.52), 'acc': 89.8, 'ndev': 5452, 'ntest': 500}","{'devacc': np.float64(70.9), 'acc': 70.09, 'f1': 77.53, 'ndev': 4076, 'ntest': 1725}"
allmpnet,SUM+SUM-NS_LYR-2,"torch.Size([61, 1536])",NORMAL,4,0,12,"{'devacc': np.float64(78.06), 'acc': np.float64(78.72), 'ndev': 10662, 'ntest': 10662}","{'devacc': np.float64(81.75), 'acc': np.float64(82.2), 'ndev': 3775, 'ntest': 3775}","{'devacc': np.float64(92.37), 'acc': np.float64(92.13), 'ndev': 10000, 'ntest': 10000}","{'devacc': np.float64(88.3), 'acc': np.float64(88.4), 'ndev': 10606, 'ntest': 10606}","{'devacc': np.float64(81.77), 'acc': 83.58, 'ndev': 872, 'ntest': 1821}","{'devacc': np.float64(84.67), 'acc': 91.0, 'ndev': 5452, 'ntest': 500}","{'devacc': np.float64(70.71), 'acc': 70.96, 'f1': 78.23, 'ndev': 4076, 'ntest': 1725}"
allmpnet,SUM+MAX-NS_LYR-2,"torch.Size([61, 1536])",NORMAL,4,0,12,"{'devacc': np.float64(78.26), 'acc': np.float64(78.66), 'ndev': 10662, 'ntest': 10662}","{'devacc': np.float64(63.31), 'acc': np.float64(65.61), 'ndev': 3775, 'ntest': 3775}","{'devacc': np.float64(92.6), 'acc': np.float64(92.69), 'ndev': 10000, 'ntest': 10000}","{'devacc': np.float64(32.48), 'acc': np.float64(32.12), 'ndev': 10606, 'ntest': 10606}","{'devacc': np.float64(49.08), 'acc': 50.08, 'ndev': 872, 'ntest': 1821}","{'devacc': np.float64(84.74), 'acc': 90.0, 'ndev': 5452, 'ntest': 500}","{'devacc': np.float64(71.32), 'acc': 70.49, 'f1': 77.84, 'ndev': 4076, 'ntest': 1725}"
allmpnet,MAX+AVG-NS_LYR-2,"torch.Size([61, 1536])",NORMAL,4,0,12,"{'devacc': np.float64(78.12), 'acc': np.float64(78.57), 'ndev': 10662, 'ntest': 10662}","{'devacc': np.float64(83.1), 'acc': np.float64(83.68), 'ndev': 3775, 'ntest': 3775}","{'devacc': np.float64(93.49), 'acc': np.float64(93.48), 'ndev': 10000, 'ntest': 10000}","{'devacc': np.float64(89.02), 'acc': np.float64(89.1), 'ndev': 10606, 'ntest': 10606}","{'devacc': np.float64(79.82), 'acc': 81.88, 'ndev': 872, 'ntest': 1821}","{'devacc': np.float64(85.99), 'acc': 89.6, 'ndev': 5452, 'ntest': 500}","{'devacc': np.float64(73.16), 'acc': 72.23, 'f1': 79.81, 'ndev': 4076, 'ntest': 1725}"
allmpnet,MAX+SUM-NS_LYR-2,"torch.Size([61, 1536])",NORMAL,4,0,12,"{'devacc': np.float64(77.36), 'acc': np.float64(77.74), 'ndev': 10662, 'ntest': 10662}","{'devacc': np.float64(80.59), 'acc': np.float64(80.64), 'ndev': 3775, 'ntest': 3775}","{'devacc': np.float64(92.24), 'acc': np.float64(92.19), 'ndev': 10000, 'ntest': 10000}","{'devacc': np.float64(88.3), 'acc': np.float64(88.63), 'ndev': 10606, 'ntest': 10606}","{'devacc': np.float64(80.85), 'acc': 83.75, 'ndev': 872, 'ntest': 1821}","{'devacc': np.float64(81.79), 'acc': 88.8, 'ndev': 5452, 'ntest': 500}","{'devacc': np.float64(70.0), 'acc': 70.03, 'f1': 77.9, 'ndev': 4076, 'ntest': 1725}"
allmpnet,MAX+MAX-NS_LYR-2,"torch.Size([61, 1536])",NORMAL,4,0,12,"{'devacc': np.float64(74.55), 'acc': np.float64(74.84), 'ndev': 10662, 'ntest': 10662}","{'devacc': np.float64(63.09), 'acc': np.float64(65.69), 'ndev': 3775, 'ntest': 3775}","{'devacc': np.float64(91.96), 'acc': np.float64(91.92), 'ndev': 10000, 'ntest': 10000}","{'devacc': np.float64(32.11), 'acc': np.float64(32.11), 'ndev': 10606, 'ntest': 10606}","{'devacc': np.float64(49.08), 'acc': 50.08, 'ndev': 872, 'ntest': 1821}","{'devacc': np.float64(84.39), 'acc': 90.4, 'ndev': 5452, 'ntest': 500}","{'devacc': np.float64(72.1), 'acc': 72.12, 'f1': 79.61, 'ndev': 4076, 'ntest': 1725}"
allmpnet,AVG-NS+SUM-NS_LYR-2,"torch.Size([61, 1536])",NORMAL,4,0,12,"{'devacc': np.float64(77.26), 'acc': np.float64(77.43), 'ndev': 10662, 'ntest': 10662}","{'devacc': np.float64(79.4), 'acc': np.float64(79.58), 'ndev': 3775, 'ntest': 3775}","{'devacc': np.float64(91.88), 'acc': np.float64(91.91), 'ndev': 10000, 'ntest': 10000}","{'devacc': np.float64(87.89), 'acc': np.float64(87.9), 'ndev': 10606, 'ntest': 10606}","{'devacc': np.float64(81.19), 'acc': 83.58, 'ndev': 872, 'ntest': 1821}","{'devacc': np.float64(77.64), 'acc': 86.0, 'ndev': 5452, 'ntest': 500}","{'devacc': np.float64(69.01), 'acc': 68.81, 'f1': 76.97, 'ndev': 4076, 'ntest': 1725}"
allmpnet,AVG-NS+MAX-NS_LYR-2,"torch.Size([61, 1536])",NORMAL,4,0,12,"{'devacc': np.float64(77.56), 'acc': np.float64(77.87), 'ndev': 10662, 'ntest': 10662}","{'devacc': np.float64(63.11), 'acc': np.float64(65.46), 'ndev': 3775, 'ntest': 3775}","{'devacc': np.float64(93.06), 'acc': np.float64(93.06), 'ndev': 10000, 'ntest': 10000}","{'devacc': np.float64(32.11), 'acc': np.float64(32.11), 'ndev': 10606, 'ntest': 10606}","{'devacc': np.float64(49.08), 'acc': 50.08, 'ndev': 872, 'ntest': 1821}","{'devacc': np.float64(79.88), 'acc': 87.4, 'ndev': 5452, 'ntest': 500}","{'devacc': np.float64(71.96), 'acc': 72.46, 'f1': 79.98, 'ndev': 4076, 'ntest': 1725}"
allmpnet,SUM-NS+MAX-NS_LYR-2,"torch.Size([61, 1536])",NORMAL,4,0,12,"{'devacc': np.float64(76.9), 'acc': np.float64(77.14), 'ndev': 10662, 'ntest': 10662}","{'devacc': np.float64(62.96), 'acc': np.float64(65.24), 'ndev': 3775, 'ntest': 3775}","{'devacc': np.float64(91.96), 'acc': np.float64(92.0), 'ndev': 10000, 'ntest': 10000}","{'devacc': np.float64(32.11), 'acc': np.float64(32.11), 'ndev': 10606, 'ntest': 10606}","{'devacc': np.float64(49.08), 'acc': 50.08, 'ndev': 872, 'ntest': 1821}","{'devacc': np.float64(78.96), 'acc': 86.2, 'ndev': 5452, 'ntest': 500}","{'devacc': np.float64(70.07), 'acc': 70.26, 'f1': 78.14, 'ndev': 4076, 'ntest': 1725}"
allmpnet,CLS+AVG_LYR-3,"torch.Size([61, 1536])",NORMAL,4,0,12,"{'devacc': np.float64(80.8), 'acc': np.float64(80.78), 'ndev': 10662, 'ntest': 10662}","{'devacc': np.float64(86.16), 'acc': np.float64(85.86), 'ndev': 3775, 'ntest': 3775}","{'devacc': np.float64(94.96), 'acc': np.float64(94.95), 'ndev': 10000, 'ntest': 10000}","{'devacc': np.float64(90.12), 'acc': np.float64(90.22), 'ndev': 10606, 'ntest': 10606}","{'devacc': np.float64(84.75), 'acc': 85.67, 'ndev': 872, 'ntest': 1821}","{'devacc': np.float64(86.54), 'acc': 91.6, 'ndev': 5452, 'ntest': 500}","{'devacc': np.float64(74.95), 'acc': 74.78, 'f1': 82.31, 'ndev': 4076, 'ntest': 1725}"
allmpnet,CLS+SUM_LYR-3,"torch.Size([61, 1536])",NORMAL,4,0,12,"{'devacc': np.float64(79.49), 'acc': np.float64(79.43), 'ndev': 10662, 'ntest': 10662}","{'devacc': np.float64(82.04), 'acc': np.float64(82.3), 'ndev': 3775, 'ntest': 3775}","{'devacc': np.float64(92.99), 'acc': np.float64(93.13), 'ndev': 10000, 'ntest': 10000}","{'devacc': np.float64(88.22), 'acc': np.float64(88.43), 'ndev': 10606, 'ntest': 10606}","{'devacc': np.float64(83.49), 'acc': 84.73, 'ndev': 872, 'ntest': 1821}","{'devacc': np.float64(84.92), 'acc': 91.0, 'ndev': 5452, 'ntest': 500}","{'devacc': np.float64(72.2), 'acc': 71.36, 'f1': 78.8, 'ndev': 4076, 'ntest': 1725}"
allmpnet,CLS+MAX_LYR-3,"torch.Size([61, 1536])",NORMAL,4,0,12,"{'devacc': np.float64(77.0), 'acc': np.float64(77.16), 'ndev': 10662, 'ntest': 10662}","{'devacc': np.float64(81.58), 'acc': np.float64(82.01), 'ndev': 3775, 'ntest': 3775}","{'devacc': np.float64(92.58), 'acc': np.float64(92.59), 'ndev': 10000, 'ntest': 10000}","{'devacc': np.float64(88.68), 'acc': np.float64(88.62), 'ndev': 10606, 'ntest': 10606}","{'devacc': np.float64(80.28), 'acc': 81.6, 'ndev': 872, 'ntest': 1821}","{'devacc': np.float64(85.53), 'acc': 91.2, 'ndev': 5452, 'ntest': 500}","{'devacc': np.float64(72.84), 'acc': 72.06, 'f1': 79.58, 'ndev': 4076, 'ntest': 1725}"
allmpnet,CLS+AVG-NS_LYR-3,"torch.Size([61, 1536])",NORMAL,4,0,12,"{'devacc': np.float64(79.84), 'acc': np.float64(79.98), 'ndev': 10662, 'ntest': 10662}","{'devacc': np.float64(84.12), 'acc': np.float64(83.97), 'ndev': 3775, 'ntest': 3775}","{'devacc': np.float64(94.51), 'acc': np.float64(94.61), 'ndev': 10000, 'ntest': 10000}","{'devacc': np.float64(89.36), 'acc': np.float64(89.41), 'ndev': 10606, 'ntest': 10606}","{'devacc': np.float64(82.91), 'acc': 84.68, 'ndev': 872, 'ntest': 1821}","{'devacc': np.float64(82.41), 'acc': 87.8, 'ndev': 5452, 'ntest': 500}","{'devacc': np.float64(72.87), 'acc': 72.93, 'f1': 81.27, 'ndev': 4076, 'ntest': 1725}"
allmpnet,CLS+SUM-NS_LYR-3,"torch.Size([61, 1536])",NORMAL,4,0,12,"{'devacc': np.float64(78.19), 'acc': np.float64(78.35), 'ndev': 10662, 'ntest': 10662}","{'devacc': np.float64(80.67), 'acc': np.float64(81.48), 'ndev': 3775, 'ntest': 3775}","{'devacc': np.float64(92.79), 'acc': np.float64(93.0), 'ndev': 10000, 'ntest': 10000}","{'devacc': np.float64(88.07), 'acc': np.float64(88.3), 'ndev': 10606, 'ntest': 10606}","{'devacc': np.float64(81.19), 'acc': 84.84, 'ndev': 872, 'ntest': 1821}","{'devacc': np.float64(80.74), 'acc': 87.4, 'ndev': 5452, 'ntest': 500}","{'devacc': np.float64(70.39), 'acc': 69.22, 'f1': 77.24, 'ndev': 4076, 'ntest': 1725}"
allmpnet,CLS+MAX-NS_LYR-3,"torch.Size([61, 1536])",NORMAL,4,0,12,"{'devacc': np.float64(76.0), 'acc': np.float64(76.13), 'ndev': 10662, 'ntest': 10662}","{'devacc': np.float64(62.92), 'acc': np.float64(65.24), 'ndev': 3775, 'ntest': 3775}","{'devacc': np.float64(91.95), 'acc': np.float64(92.25), 'ndev': 10000, 'ntest': 10000}","{'devacc': np.float64(31.74), 'acc': np.float64(31.75), 'ndev': 10606, 'ntest': 10606}","{'devacc': np.float64(49.08), 'acc': 50.08, 'ndev': 872, 'ntest': 1821}","{'devacc': np.float64(78.78), 'acc': 88.2, 'ndev': 5452, 'ntest': 500}","{'devacc': np.float64(71.71), 'acc': 71.83, 'f1': 79.35, 'ndev': 4076, 'ntest': 1725}"
allmpnet,AVG+SUM_LYR-3,"torch.Size([61, 1536])",NORMAL,4,0,12,"{'devacc': np.float64(79.49), 'acc': np.float64(79.46), 'ndev': 10662, 'ntest': 10662}","{'devacc': np.float64(81.98), 'acc': np.float64(82.31), 'ndev': 3775, 'ntest': 3775}","{'devacc': np.float64(92.99), 'acc': np.float64(93.1), 'ndev': 10000, 'ntest': 10000}","{'devacc': np.float64(88.45), 'acc': np.float64(88.56), 'ndev': 10606, 'ntest': 10606}","{'devacc': np.float64(84.06), 'acc': 84.62, 'ndev': 872, 'ntest': 1821}","{'devacc': np.float64(85.07), 'acc': 90.8, 'ndev': 5452, 'ntest': 500}","{'devacc': np.float64(70.88), 'acc': 69.28, 'f1': 76.94, 'ndev': 4076, 'ntest': 1725}"
allmpnet,AVG+MAX_LYR-3,"torch.Size([61, 1536])",NORMAL,4,0,12,"{'devacc': np.float64(79.77), 'acc': np.float64(80.03), 'ndev': 10662, 'ntest': 10662}","{'devacc': np.float64(84.36), 'acc': np.float64(84.43), 'ndev': 3775, 'ntest': 3775}","{'devacc': np.float64(94.08), 'acc': np.float64(94.09), 'ndev': 10000, 'ntest': 10000}","{'devacc': np.float64(89.49), 'acc': np.float64(89.42), 'ndev': 10606, 'ntest': 10606}","{'devacc': np.float64(83.6), 'acc': 85.56, 'ndev': 872, 'ntest': 1821}","{'devacc': np.float64(87.38), 'acc': 92.6, 'ndev': 5452, 'ntest': 500}","{'devacc': np.float64(73.77), 'acc': 72.7, 'f1': 79.83, 'ndev': 4076, 'ntest': 1725}"
allmpnet,AVG+AVG-NS_LYR-3,"torch.Size([61, 1536])",NORMAL,4,0,12,"{'devacc': np.float64(80.72), 'acc': np.float64(80.91), 'ndev': 10662, 'ntest': 10662}","{'devacc': np.float64(85.54), 'acc': np.float64(85.54), 'ndev': 3775, 'ntest': 3775}","{'devacc': np.float64(95.05), 'acc': np.float64(95.11), 'ndev': 10000, 'ntest': 10000}","{'devacc': np.float64(89.69), 'acc': np.float64(89.63), 'ndev': 10606, 'ntest': 10606}","{'devacc': np.float64(84.29), 'acc': 86.22, 'ndev': 872, 'ntest': 1821}","{'devacc': np.float64(86.92), 'acc': 92.4, 'ndev': 5452, 'ntest': 500}","{'devacc': np.float64(74.85), 'acc': 73.97, 'f1': 81.81, 'ndev': 4076, 'ntest': 1725}"
allmpnet,AVG+SUM-NS_LYR-3,"torch.Size([61, 1536])",NORMAL,4,0,12,"{'devacc': np.float64(78.55), 'acc': np.float64(78.63), 'ndev': 10662, 'ntest': 10662}","{'devacc': np.float64(81.04), 'acc': np.float64(81.78), 'ndev': 3775, 'ntest': 3775}","{'devacc': np.float64(92.85), 'acc': np.float64(93.12), 'ndev': 10000, 'ntest': 10000}","{'devacc': np.float64(88.75), 'acc': np.float64(88.92), 'ndev': 10606, 'ntest': 10606}","{'devacc': np.float64(81.42), 'acc': 84.62, 'ndev': 872, 'ntest': 1821}","{'devacc': np.float64(81.35), 'acc': 88.4, 'ndev': 5452, 'ntest': 500}","{'devacc': np.float64(68.45), 'acc': 68.58, 'f1': 76.72, 'ndev': 4076, 'ntest': 1725}"
allmpnet,AVG+MAX-NS_LYR-3,"torch.Size([61, 1536])",NORMAL,4,0,12,"{'devacc': np.float64(79.32), 'acc': np.float64(79.5), 'ndev': 10662, 'ntest': 10662}","{'devacc': np.float64(63.3), 'acc': np.float64(65.61), 'ndev': 3775, 'ntest': 3775}","{'devacc': np.float64(94.18), 'acc': np.float64(94.23), 'ndev': 10000, 'ntest': 10000}","{'devacc': np.float64(31.74), 'acc': np.float64(31.75), 'ndev': 10606, 'ntest': 10606}","{'devacc': np.float64(49.08), 'acc': 50.08, 'ndev': 872, 'ntest': 1821}","{'devacc': np.float64(85.36), 'acc': 90.8, 'ndev': 5452, 'ntest': 500}","{'devacc': np.float64(72.38), 'acc': 73.16, 'f1': 80.19, 'ndev': 4076, 'ntest': 1725}"
allmpnet,SUM+MAX_LYR-3,"torch.Size([61, 1536])",NORMAL,4,0,12,"{'devacc': np.float64(78.97), 'acc': np.float64(79.02), 'ndev': 10662, 'ntest': 10662}","{'devacc': np.float64(82.22), 'acc': np.float64(82.38), 'ndev': 3775, 'ntest': 3775}","{'devacc': np.float64(92.94), 'acc': np.float64(92.89), 'ndev': 10000, 'ntest': 10000}","{'devacc': np.float64(88.27), 'acc': np.float64(88.56), 'ndev': 10606, 'ntest': 10606}","{'devacc': np.float64(83.83), 'acc': 85.28, 'ndev': 872, 'ntest': 1821}","{'devacc': np.float64(85.64), 'acc': 91.2, 'ndev': 5452, 'ntest': 500}","{'devacc': np.float64(71.25), 'acc': 69.74, 'f1': 77.62, 'ndev': 4076, 'ntest': 1725}"
allmpnet,SUM+AVG-NS_LYR-3,"torch.Size([61, 1536])",NORMAL,4,0,12,"{'devacc': np.float64(79.45), 'acc': np.float64(79.34), 'ndev': 10662, 'ntest': 10662}","{'devacc': np.float64(81.97), 'acc': np.float64(82.3), 'ndev': 3775, 'ntest': 3775}","{'devacc': np.float64(92.97), 'acc': np.float64(93.12), 'ndev': 10000, 'ntest': 10000}","{'devacc': np.float64(88.27), 'acc': np.float64(88.51), 'ndev': 10606, 'ntest': 10606}","{'devacc': np.float64(83.37), 'acc': 85.06, 'ndev': 872, 'ntest': 1821}","{'devacc': np.float64(85.14), 'acc': 90.6, 'ndev': 5452, 'ntest': 500}","{'devacc': np.float64(70.85), 'acc': 69.28, 'f1': 77.0, 'ndev': 4076, 'ntest': 1725}"
allmpnet,SUM+SUM-NS_LYR-3,"torch.Size([61, 1536])",NORMAL,4,0,12,"{'devacc': np.float64(78.85), 'acc': np.float64(79.24), 'ndev': 10662, 'ntest': 10662}","{'devacc': np.float64(82.66), 'acc': np.float64(82.22), 'ndev': 3775, 'ntest': 3775}","{'devacc': np.float64(93.26), 'acc': np.float64(93.21), 'ndev': 10000, 'ntest': 10000}","{'devacc': np.float64(87.96), 'acc': np.float64(88.04), 'ndev': 10606, 'ntest': 10606}","{'devacc': np.float64(83.37), 'acc': 85.67, 'ndev': 872, 'ntest': 1821}","{'devacc': np.float64(85.51), 'acc': 90.8, 'ndev': 5452, 'ntest': 500}","{'devacc': np.float64(70.76), 'acc': 68.64, 'f1': 76.69, 'ndev': 4076, 'ntest': 1725}"
allmpnet,SUM+MAX-NS_LYR-3,"torch.Size([61, 1536])",NORMAL,4,0,12,"{'devacc': np.float64(78.9), 'acc': np.float64(79.09), 'ndev': 10662, 'ntest': 10662}","{'devacc': np.float64(66.24), 'acc': np.float64(65.43), 'ndev': 3775, 'ntest': 3775}","{'devacc': np.float64(93.03), 'acc': np.float64(92.96), 'ndev': 10000, 'ntest': 10000}","{'devacc': np.float64(32.12), 'acc': np.float64(31.75), 'ndev': 10606, 'ntest': 10606}","{'devacc': np.float64(49.08), 'acc': 50.08, 'ndev': 872, 'ntest': 1821}","{'devacc': np.float64(85.46), 'acc': 91.4, 'ndev': 5452, 'ntest': 500}","{'devacc': np.float64(71.12), 'acc': 69.39, 'f1': 77.06, 'ndev': 4076, 'ntest': 1725}"
allmpnet,MAX+AVG-NS_LYR-3,"torch.Size([61, 1536])",NORMAL,4,0,12,"{'devacc': np.float64(79.2), 'acc': np.float64(79.64), 'ndev': 10662, 'ntest': 10662}","{'devacc': np.float64(83.69), 'acc': np.float64(84.05), 'ndev': 3775, 'ntest': 3775}","{'devacc': np.float64(94.04), 'acc': np.float64(93.99), 'ndev': 10000, 'ntest': 10000}","{'devacc': np.float64(89.19), 'acc': np.float64(89.11), 'ndev': 10606, 'ntest': 10606}","{'devacc': np.float64(82.22), 'acc': 84.29, 'ndev': 872, 'ntest': 1821}","{'devacc': np.float64(87.25), 'acc': 92.2, 'ndev': 5452, 'ntest': 500}","{'devacc': np.float64(72.69), 'acc': 71.77, 'f1': 79.13, 'ndev': 4076, 'ntest': 1725}"
allmpnet,MAX+SUM-NS_LYR-3,"torch.Size([61, 1536])",NORMAL,4,0,12,"{'devacc': np.float64(77.89), 'acc': np.float64(78.34), 'ndev': 10662, 'ntest': 10662}","{'devacc': np.float64(81.22), 'acc': np.float64(81.59), 'ndev': 3775, 'ntest': 3775}","{'devacc': np.float64(92.98), 'acc': np.float64(93.2), 'ndev': 10000, 'ntest': 10000}","{'devacc': np.float64(88.52), 'acc': np.float64(88.65), 'ndev': 10606, 'ntest': 10606}","{'devacc': np.float64(83.14), 'acc': 84.68, 'ndev': 872, 'ntest': 1821}","{'devacc': np.float64(83.6), 'acc': 89.2, 'ndev': 5452, 'ntest': 500}","{'devacc': np.float64(70.29), 'acc': 69.33, 'f1': 77.23, 'ndev': 4076, 'ntest': 1725}"
allmpnet,MAX+MAX-NS_LYR-3,"torch.Size([61, 1536])",NORMAL,4,0,12,"{'devacc': np.float64(76.4), 'acc': np.float64(76.56), 'ndev': 10662, 'ntest': 10662}","{'devacc': np.float64(63.06), 'acc': np.float64(65.59), 'ndev': 3775, 'ntest': 3775}","{'devacc': np.float64(92.65), 'acc': np.float64(92.9), 'ndev': 10000, 'ntest': 10000}","{'devacc': np.float64(31.74), 'acc': np.float64(31.75), 'ndev': 10606, 'ntest': 10606}","{'devacc': np.float64(49.08), 'acc': 50.08, 'ndev': 872, 'ntest': 1821}","{'devacc': np.float64(86.41), 'acc': 92.0, 'ndev': 5452, 'ntest': 500}","{'devacc': np.float64(71.47), 'acc': 71.13, 'f1': 78.46, 'ndev': 4076, 'ntest': 1725}"
allmpnet,AVG-NS+SUM-NS_LYR-3,"torch.Size([61, 1536])",NORMAL,4,0,12,"{'devacc': np.float64(78.15), 'acc': np.float64(78.36), 'ndev': 10662, 'ntest': 10662}","{'devacc': np.float64(80.76), 'acc': np.float64(81.51), 'ndev': 3775, 'ntest': 3775}","{'devacc': np.float64(92.79), 'acc': np.float64(92.96), 'ndev': 10000, 'ntest': 10000}","{'devacc': np.float64(88.34), 'acc': np.float64(88.56), 'ndev': 10606, 'ntest': 10606}","{'devacc': np.float64(81.42), 'acc': 83.36, 'ndev': 872, 'ntest': 1821}","{'devacc': np.float64(80.5), 'acc': 86.6, 'ndev': 5452, 'ntest': 500}","{'devacc': np.float64(68.62), 'acc': 68.29, 'f1': 76.33, 'ndev': 4076, 'ntest': 1725}"
allmpnet,AVG-NS+MAX-NS_LYR-3,"torch.Size([61, 1536])",NORMAL,4,0,12,"{'devacc': np.float64(78.34), 'acc': np.float64(78.8), 'ndev': 10662, 'ntest': 10662}","{'devacc': np.float64(63.29), 'acc': np.float64(65.64), 'ndev': 3775, 'ntest': 3775}","{'devacc': np.float64(93.78), 'acc': np.float64(93.84), 'ndev': 10000, 'ntest': 10000}","{'devacc': np.float64(31.74), 'acc': np.float64(31.75), 'ndev': 10606, 'ntest': 10606}","{'devacc': np.float64(49.08), 'acc': 50.08, 'ndev': 872, 'ntest': 1821}","{'devacc': np.float64(81.66), 'acc': 88.4, 'ndev': 5452, 'ntest': 500}","{'devacc': np.float64(71.44), 'acc': 72.06, 'f1': 79.44, 'ndev': 4076, 'ntest': 1725}"
allmpnet,SUM-NS+MAX-NS_LYR-3,"torch.Size([61, 1536])",NORMAL,4,0,12,"{'devacc': np.float64(77.47), 'acc': np.float64(77.64), 'ndev': 10662, 'ntest': 10662}","{'devacc': np.float64(63.1), 'acc': np.float64(65.11), 'ndev': 3775, 'ntest': 3775}","{'devacc': np.float64(92.84), 'acc': np.float64(92.87), 'ndev': 10000, 'ntest': 10000}","{'devacc': np.float64(31.74), 'acc': np.float64(31.75), 'ndev': 10606, 'ntest': 10606}","{'devacc': np.float64(49.08), 'acc': 50.08, 'ndev': 872, 'ntest': 1821}","{'devacc': np.float64(81.6), 'acc': 88.0, 'ndev': 5452, 'ntest': 500}","{'devacc': np.float64(70.51), 'acc': 70.09, 'f1': 78.04, 'ndev': 4076, 'ntest': 1725}"
allmpnet,CLS+AVG_LYR-4,"torch.Size([61, 1536])",NORMAL,4,0,12,"{'devacc': np.float64(81.72), 'acc': np.float64(81.61), 'ndev': 10662, 'ntest': 10662}","{'devacc': np.float64(87.24), 'acc': np.float64(87.42), 'ndev': 3775, 'ntest': 3775}","{'devacc': np.float64(95.55), 'acc': np.float64(95.59), 'ndev': 10000, 'ntest': 10000}","{'devacc': np.float64(90.26), 'acc': np.float64(90.34), 'ndev': 10606, 'ntest': 10606}","{'devacc': np.float64(85.78), 'acc': 85.89, 'ndev': 872, 'ntest': 1821}","{'devacc': np.float64(88.41), 'acc': 93.6, 'ndev': 5452, 'ntest': 500}","{'devacc': np.float64(75.34), 'acc': 75.83, 'f1': 83.08, 'ndev': 4076, 'ntest': 1725}"
allmpnet,CLS+SUM_LYR-4,"torch.Size([61, 1536])",NORMAL,4,0,12,"{'devacc': np.float64(80.46), 'acc': np.float64(80.73), 'ndev': 10662, 'ntest': 10662}","{'devacc': np.float64(82.98), 'acc': np.float64(83.58), 'ndev': 3775, 'ntest': 3775}","{'devacc': np.float64(93.5), 'acc': np.float64(93.43), 'ndev': 10000, 'ntest': 10000}","{'devacc': np.float64(88.37), 'acc': np.float64(88.54), 'ndev': 10606, 'ntest': 10606}","{'devacc': np.float64(85.32), 'acc': 85.45, 'ndev': 872, 'ntest': 1821}","{'devacc': np.float64(86.92), 'acc': 92.8, 'ndev': 5452, 'ntest': 500}","{'devacc': np.float64(72.74), 'acc': 72.0, 'f1': 79.39, 'ndev': 4076, 'ntest': 1725}"
allmpnet,CLS+MAX_LYR-4,"torch.Size([61, 1536])",NORMAL,4,0,12,"{'devacc': np.float64(78.15), 'acc': np.float64(78.45), 'ndev': 10662, 'ntest': 10662}","{'devacc': np.float64(83.42), 'acc': np.float64(83.44), 'ndev': 3775, 'ntest': 3775}","{'devacc': np.float64(93.53), 'acc': np.float64(93.69), 'ndev': 10000, 'ntest': 10000}","{'devacc': np.float64(89.02), 'acc': np.float64(89.07), 'ndev': 10606, 'ntest': 10606}","{'devacc': np.float64(83.49), 'acc': 82.65, 'ndev': 872, 'ntest': 1821}","{'devacc': np.float64(86.39), 'acc': 92.2, 'ndev': 5452, 'ntest': 500}","{'devacc': np.float64(73.31), 'acc': 73.22, 'f1': 80.29, 'ndev': 4076, 'ntest': 1725}"
allmpnet,CLS+AVG-NS_LYR-4,"torch.Size([61, 1536])",NORMAL,4,0,12,"{'devacc': np.float64(80.81), 'acc': np.float64(80.96), 'ndev': 10662, 'ntest': 10662}","{'devacc': np.float64(85.77), 'acc': np.float64(85.62), 'ndev': 3775, 'ntest': 3775}","{'devacc': np.float64(95.03), 'acc': np.float64(94.99), 'ndev': 10000, 'ntest': 10000}","{'devacc': np.float64(89.42), 'acc': np.float64(89.59), 'ndev': 10606, 'ntest': 10606}","{'devacc': np.float64(83.26), 'acc': 84.62, 'ndev': 872, 'ntest': 1821}","{'devacc': np.float64(84.57), 'acc': 89.8, 'ndev': 5452, 'ntest': 500}","{'devacc': np.float64(73.43), 'acc': 73.1, 'f1': 81.38, 'ndev': 4076, 'ntest': 1725}"
allmpnet,CLS+SUM-NS_LYR-4,"torch.Size([61, 1536])",NORMAL,4,0,12,"{'devacc': np.float64(79.36), 'acc': np.float64(79.72), 'ndev': 10662, 'ntest': 10662}","{'devacc': np.float64(81.73), 'acc': np.float64(81.77), 'ndev': 3775, 'ntest': 3775}","{'devacc': np.float64(93.32), 'acc': np.float64(93.34), 'ndev': 10000, 'ntest': 10000}","{'devacc': np.float64(88.06), 'acc': np.float64(88.06), 'ndev': 10606, 'ntest': 10606}","{'devacc': np.float64(82.91), 'acc': 83.91, 'ndev': 872, 'ntest': 1821}","{'devacc': np.float64(82.32), 'acc': 88.2, 'ndev': 5452, 'ntest': 500}","{'devacc': np.float64(71.34), 'acc': 69.86, 'f1': 77.89, 'ndev': 4076, 'ntest': 1725}"
allmpnet,CLS+MAX-NS_LYR-4,"torch.Size([61, 1536])",NORMAL,4,0,12,"{'devacc': np.float64(77.27), 'acc': np.float64(77.47), 'ndev': 10662, 'ntest': 10662}","{'devacc': np.float64(63.07), 'acc': np.float64(65.14), 'ndev': 3775, 'ntest': 3775}","{'devacc': np.float64(92.93), 'acc': np.float64(93.12), 'ndev': 10000, 'ntest': 10000}","{'devacc': np.float64(31.74), 'acc': np.float64(31.75), 'ndev': 10606, 'ntest': 10606}","{'devacc': np.float64(49.08), 'acc': 50.08, 'ndev': 872, 'ntest': 1821}","{'devacc': np.float64(80.94), 'acc': 90.2, 'ndev': 5452, 'ntest': 500}","{'devacc': np.float64(72.4), 'acc': 71.3, 'f1': 79.0, 'ndev': 4076, 'ntest': 1725}"
allmpnet,AVG+SUM_LYR-4,"torch.Size([61, 1536])",NORMAL,4,0,12,"{'devacc': np.float64(80.5), 'acc': np.float64(80.69), 'ndev': 10662, 'ntest': 10662}","{'devacc': np.float64(83.03), 'acc': np.float64(83.63), 'ndev': 3775, 'ntest': 3775}","{'devacc': np.float64(93.51), 'acc': np.float64(93.5), 'ndev': 10000, 'ntest': 10000}","{'devacc': np.float64(88.55), 'acc': np.float64(88.71), 'ndev': 10606, 'ntest': 10606}","{'devacc': np.float64(85.32), 'acc': 85.83, 'ndev': 872, 'ntest': 1821}","{'devacc': np.float64(86.96), 'acc': 92.8, 'ndev': 5452, 'ntest': 500}","{'devacc': np.float64(72.42), 'acc': 71.13, 'f1': 78.63, 'ndev': 4076, 'ntest': 1725}"
allmpnet,AVG+MAX_LYR-4,"torch.Size([61, 1536])",NORMAL,4,0,12,"{'devacc': np.float64(80.53), 'acc': np.float64(80.64), 'ndev': 10662, 'ntest': 10662}","{'devacc': np.float64(85.44), 'acc': np.float64(85.43), 'ndev': 3775, 'ntest': 3775}","{'devacc': np.float64(94.94), 'acc': np.float64(95.02), 'ndev': 10000, 'ntest': 10000}","{'devacc': np.float64(89.64), 'acc': np.float64(89.8), 'ndev': 10606, 'ntest': 10606}","{'devacc': np.float64(84.52), 'acc': 83.8, 'ndev': 872, 'ntest': 1821}","{'devacc': np.float64(88.67), 'acc': 92.6, 'ndev': 5452, 'ntest': 500}","{'devacc': np.float64(73.9), 'acc': 74.26, 'f1': 81.15, 'ndev': 4076, 'ntest': 1725}"
allmpnet,AVG+AVG-NS_LYR-4,"torch.Size([61, 1536])",NORMAL,4,0,12,"{'devacc': np.float64(81.51), 'acc': np.float64(81.54), 'ndev': 10662, 'ntest': 10662}","{'devacc': np.float64(87.01), 'acc': np.float64(87.13), 'ndev': 3775, 'ntest': 3775}","{'devacc': np.float64(95.51), 'acc': np.float64(95.55), 'ndev': 10000, 'ntest': 10000}","{'devacc': np.float64(89.88), 'acc': np.float64(89.89), 'ndev': 10606, 'ntest': 10606}","{'devacc': np.float64(85.21), 'acc': 86.71, 'ndev': 872, 'ntest': 1821}","{'devacc': np.float64(88.22), 'acc': 93.0, 'ndev': 5452, 'ntest': 500}","{'devacc': np.float64(75.34), 'acc': 75.88, 'f1': 83.05, 'ndev': 4076, 'ntest': 1725}"
allmpnet,AVG+SUM-NS_LYR-4,"torch.Size([61, 1536])",NORMAL,4,0,12,"{'devacc': np.float64(79.8), 'acc': np.float64(80.13), 'ndev': 10662, 'ntest': 10662}","{'devacc': np.float64(82.11), 'acc': np.float64(81.99), 'ndev': 3775, 'ntest': 3775}","{'devacc': np.float64(93.35), 'acc': np.float64(93.39), 'ndev': 10000, 'ntest': 10000}","{'devacc': np.float64(89.02), 'acc': np.float64(89.14), 'ndev': 10606, 'ntest': 10606}","{'devacc': np.float64(83.49), 'acc': 85.39, 'ndev': 872, 'ntest': 1821}","{'devacc': np.float64(83.42), 'acc': 90.0, 'ndev': 5452, 'ntest': 500}","{'devacc': np.float64(70.31), 'acc': 69.91, 'f1': 77.79, 'ndev': 4076, 'ntest': 1725}"
allmpnet,AVG+MAX-NS_LYR-4,"torch.Size([61, 1536])",NORMAL,4,0,12,"{'devacc': np.float64(80.5), 'acc': np.float64(80.91), 'ndev': 10662, 'ntest': 10662}","{'devacc': np.float64(63.64), 'acc': np.float64(65.8), 'ndev': 3775, 'ntest': 3775}","{'devacc': np.float64(94.69), 'acc': np.float64(94.71), 'ndev': 10000, 'ntest': 10000}","{'devacc': np.float64(31.74), 'acc': np.float64(31.75), 'ndev': 10606, 'ntest': 10606}","{'devacc': np.float64(49.08), 'acc': 50.08, 'ndev': 872, 'ntest': 1821}","{'devacc': np.float64(87.73), 'acc': 93.6, 'ndev': 5452, 'ntest': 500}","{'devacc': np.float64(73.38), 'acc': 74.32, 'f1': 81.2, 'ndev': 4076, 'ntest': 1725}"
allmpnet,SUM+MAX_LYR-4,"torch.Size([61, 1536])",NORMAL,4,0,12,"{'devacc': np.float64(80.06), 'acc': np.float64(80.24), 'ndev': 10662, 'ntest': 10662}","{'devacc': np.float64(83.28), 'acc': np.float64(83.55), 'ndev': 3775, 'ntest': 3775}","{'devacc': np.float64(93.63), 'acc': np.float64(93.56), 'ndev': 10000, 'ntest': 10000}","{'devacc': np.float64(88.33), 'acc': np.float64(88.64), 'ndev': 10606, 'ntest': 10606}","{'devacc': np.float64(85.67), 'acc': 84.73, 'ndev': 872, 'ntest': 1821}","{'devacc': np.float64(87.45), 'acc': 93.6, 'ndev': 5452, 'ntest': 500}","{'devacc': np.float64(72.69), 'acc': 71.83, 'f1': 79.27, 'ndev': 4076, 'ntest': 1725}"
allmpnet,SUM+AVG-NS_LYR-4,"torch.Size([61, 1536])",NORMAL,4,0,12,"{'devacc': np.float64(80.44), 'acc': np.float64(80.58), 'ndev': 10662, 'ntest': 10662}","{'devacc': np.float64(82.98), 'acc': np.float64(83.52), 'ndev': 3775, 'ntest': 3775}","{'devacc': np.float64(93.51), 'acc': np.float64(93.48), 'ndev': 10000, 'ntest': 10000}","{'devacc': np.float64(88.53), 'acc': np.float64(88.76), 'ndev': 10606, 'ntest': 10606}","{'devacc': np.float64(86.01), 'acc': 86.05, 'ndev': 872, 'ntest': 1821}","{'devacc': np.float64(87.07), 'acc': 92.8, 'ndev': 5452, 'ntest': 500}","{'devacc': np.float64(72.47), 'acc': 71.25, 'f1': 78.69, 'ndev': 4076, 'ntest': 1725}"
allmpnet,SUM+SUM-NS_LYR-4,"torch.Size([61, 1536])",NORMAL,4,0,12,"{'devacc': np.float64(79.64), 'acc': np.float64(79.96), 'ndev': 10662, 'ntest': 10662}","{'devacc': np.float64(83.62), 'acc': np.float64(83.18), 'ndev': 3775, 'ntest': 3775}","{'devacc': np.float64(93.94), 'acc': np.float64(93.75), 'ndev': 10000, 'ntest': 10000}","{'devacc': np.float64(88.1), 'acc': np.float64(88.22), 'ndev': 10606, 'ntest': 10606}","{'devacc': np.float64(84.4), 'acc': 84.95, 'ndev': 872, 'ntest': 1821}","{'devacc': np.float64(87.64), 'acc': 93.4, 'ndev': 5452, 'ntest': 500}","{'devacc': np.float64(72.2), 'acc': 70.43, 'f1': 78.22, 'ndev': 4076, 'ntest': 1725}"
allmpnet,SUM+MAX-NS_LYR-4,"torch.Size([61, 1536])",NORMAL,4,0,12,"{'devacc': np.float64(79.98), 'acc': np.float64(79.9), 'ndev': 10662, 'ntest': 10662}","{'devacc': np.float64(66.74), 'acc': np.float64(68.03), 'ndev': 3775, 'ntest': 3775}","{'devacc': np.float64(93.63), 'acc': np.float64(93.59), 'ndev': 10000, 'ntest': 10000}","{'devacc': np.float64(31.74), 'acc': np.float64(31.75), 'ndev': 10606, 'ntest': 10606}","{'devacc': np.float64(49.08), 'acc': 50.08, 'ndev': 872, 'ntest': 1821}","{'devacc': np.float64(87.64), 'acc': 93.8, 'ndev': 5452, 'ntest': 500}","{'devacc': np.float64(72.72), 'acc': 70.96, 'f1': 78.43, 'ndev': 4076, 'ntest': 1725}"
allmpnet,MAX+AVG-NS_LYR-4,"torch.Size([61, 1536])",NORMAL,4,0,12,"{'devacc': np.float64(79.97), 'acc': np.float64(80.43), 'ndev': 10662, 'ntest': 10662}","{'devacc': np.float64(84.62), 'acc': np.float64(84.72), 'ndev': 3775, 'ntest': 3775}","{'devacc': np.float64(94.84), 'acc': np.float64(94.94), 'ndev': 10000, 'ntest': 10000}","{'devacc': np.float64(89.37), 'acc': np.float64(89.68), 'ndev': 10606, 'ntest': 10606}","{'devacc': np.float64(84.06), 'acc': 84.51, 'ndev': 872, 'ntest': 1821}","{'devacc': np.float64(88.78), 'acc': 93.6, 'ndev': 5452, 'ntest': 500}","{'devacc': np.float64(73.09), 'acc': 73.16, 'f1': 80.27, 'ndev': 4076, 'ntest': 1725}"
allmpnet,MAX+SUM-NS_LYR-4,"torch.Size([61, 1536])",NORMAL,4,0,12,"{'devacc': np.float64(79.15), 'acc': np.float64(79.55), 'ndev': 10662, 'ntest': 10662}","{'devacc': np.float64(82.61), 'acc': np.float64(82.97), 'ndev': 3775, 'ntest': 3775}","{'devacc': np.float64(93.42), 'acc': np.float64(93.37), 'ndev': 10000, 'ntest': 10000}","{'devacc': np.float64(88.59), 'acc': np.float64(88.76), 'ndev': 10606, 'ntest': 10606}","{'devacc': np.float64(83.26), 'acc': 85.34, 'ndev': 872, 'ntest': 1821}","{'devacc': np.float64(85.51), 'acc': 92.0, 'ndev': 5452, 'ntest': 500}","{'devacc': np.float64(71.64), 'acc': 70.2, 'f1': 78.18, 'ndev': 4076, 'ntest': 1725}"
allmpnet,MAX+MAX-NS_LYR-4,"torch.Size([61, 1536])",NORMAL,4,0,12,"{'devacc': np.float64(77.96), 'acc': np.float64(78.36), 'ndev': 10662, 'ntest': 10662}","{'devacc': np.float64(63.38), 'acc': np.float64(65.8), 'ndev': 3775, 'ntest': 3775}","{'devacc': np.float64(93.31), 'acc': np.float64(93.41), 'ndev': 10000, 'ntest': 10000}","{'devacc': np.float64(31.74), 'acc': np.float64(31.75), 'ndev': 10606, 'ntest': 10606}","{'devacc': np.float64(49.08), 'acc': 50.08, 'ndev': 872, 'ntest': 1821}","{'devacc': np.float64(86.89), 'acc': 92.0, 'ndev': 5452, 'ntest': 500}","{'devacc': np.float64(72.89), 'acc': 72.23, 'f1': 79.45, 'ndev': 4076, 'ntest': 1725}"
allmpnet,AVG-NS+SUM-NS_LYR-4,"torch.Size([61, 1536])",NORMAL,4,0,12,"{'devacc': np.float64(79.37), 'acc': np.float64(79.52), 'ndev': 10662, 'ntest': 10662}","{'devacc': np.float64(81.8), 'acc': np.float64(81.67), 'ndev': 3775, 'ntest': 3775}","{'devacc': np.float64(93.33), 'acc': np.float64(93.37), 'ndev': 10000, 'ntest': 10000}","{'devacc': np.float64(88.38), 'acc': np.float64(88.59), 'ndev': 10606, 'ntest': 10606}","{'devacc': np.float64(83.26), 'acc': 84.02, 'ndev': 872, 'ntest': 1821}","{'devacc': np.float64(82.56), 'acc': 88.4, 'ndev': 5452, 'ntest': 500}","{'devacc': np.float64(70.22), 'acc': 69.45, 'f1': 77.37, 'ndev': 4076, 'ntest': 1725}"
allmpnet,AVG-NS+MAX-NS_LYR-4,"torch.Size([61, 1536])",NORMAL,4,0,12,"{'devacc': np.float64(79.52), 'acc': np.float64(80.0), 'ndev': 10662, 'ntest': 10662}","{'devacc': np.float64(63.44), 'acc': np.float64(65.54), 'ndev': 3775, 'ntest': 3775}","{'devacc': np.float64(94.4), 'acc': np.float64(94.45), 'ndev': 10000, 'ntest': 10000}","{'devacc': np.float64(31.74), 'acc': np.float64(31.75), 'ndev': 10606, 'ntest': 10606}","{'devacc': np.float64(49.08), 'acc': 50.08, 'ndev': 872, 'ntest': 1821}","{'devacc': np.float64(84.02), 'acc': 91.0, 'ndev': 5452, 'ntest': 500}","{'devacc': np.float64(72.15), 'acc': 72.75, 'f1': 80.15, 'ndev': 4076, 'ntest': 1725}"
allmpnet,SUM-NS+MAX-NS_LYR-4,"torch.Size([61, 1536])",NORMAL,4,0,12,"{'devacc': np.float64(78.61), 'acc': np.float64(79.35), 'ndev': 10662, 'ntest': 10662}","{'devacc': np.float64(63.29), 'acc': np.float64(65.46), 'ndev': 3775, 'ntest': 3775}","{'devacc': np.float64(93.36), 'acc': np.float64(93.34), 'ndev': 10000, 'ntest': 10000}","{'devacc': np.float64(31.74), 'acc': np.float64(31.75), 'ndev': 10606, 'ntest': 10606}","{'devacc': np.float64(49.08), 'acc': 50.08, 'ndev': 872, 'ntest': 1821}","{'devacc': np.float64(83.68), 'acc': 90.4, 'ndev': 5452, 'ntest': 500}","{'devacc': np.float64(71.15), 'acc': 69.45, 'f1': 77.72, 'ndev': 4076, 'ntest': 1725}"
allmpnet,CLS+AVG_LYR-5,"torch.Size([61, 1536])",NORMAL,4,0,12,"{'devacc': np.float64(84.51), 'acc': np.float64(84.53), 'ndev': 10662, 'ntest': 10662}","{'devacc': np.float64(90.11), 'acc': np.float64(89.7), 'ndev': 3775, 'ntest': 3775}","{'devacc': np.float64(96.11), 'acc': np.float64(96.05), 'ndev': 10000, 'ntest': 10000}","{'devacc': np.float64(90.92), 'acc': np.float64(91.0), 'ndev': 10606, 'ntest': 10606}","{'devacc': np.float64(87.5), 'acc': 88.36, 'ndev': 872, 'ntest': 1821}","{'devacc': np.float64(89.53), 'acc': 94.4, 'ndev': 5452, 'ntest': 500}","{'devacc': np.float64(76.45), 'acc': 76.7, 'f1': 83.55, 'ndev': 4076, 'ntest': 1725}"
allmpnet,CLS+SUM_LYR-5,"torch.Size([61, 1536])",NORMAL,4,0,12,"{'devacc': np.float64(83.27), 'acc': np.float64(83.71), 'ndev': 10662, 'ntest': 10662}","{'devacc': np.float64(85.86), 'acc': np.float64(85.32), 'ndev': 3775, 'ntest': 3775}","{'devacc': np.float64(93.96), 'acc': np.float64(93.87), 'ndev': 10000, 'ntest': 10000}","{'devacc': np.float64(89.33), 'acc': np.float64(89.55), 'ndev': 10606, 'ntest': 10606}","{'devacc': np.float64(87.04), 'acc': 88.85, 'ndev': 872, 'ntest': 1821}","{'devacc': np.float64(87.64), 'acc': 94.2, 'ndev': 5452, 'ntest': 500}","{'devacc': np.float64(72.96), 'acc': 71.88, 'f1': 78.89, 'ndev': 4076, 'ntest': 1725}"
allmpnet,CLS+MAX_LYR-5,"torch.Size([61, 1536])",NORMAL,4,0,12,"{'devacc': np.float64(81.68), 'acc': np.float64(81.7), 'ndev': 10662, 'ntest': 10662}","{'devacc': np.float64(87.48), 'acc': np.float64(87.53), 'ndev': 3775, 'ntest': 3775}","{'devacc': np.float64(95.33), 'acc': np.float64(95.39), 'ndev': 10000, 'ntest': 10000}","{'devacc': np.float64(89.56), 'acc': np.float64(89.5), 'ndev': 10606, 'ntest': 10606}","{'devacc': np.float64(85.44), 'acc': 87.15, 'ndev': 872, 'ntest': 1821}","{'devacc': np.float64(87.99), 'acc': 93.8, 'ndev': 5452, 'ntest': 500}","{'devacc': np.float64(73.53), 'acc': 73.97, 'f1': 80.95, 'ndev': 4076, 'ntest': 1725}"
allmpnet,CLS+AVG-NS_LYR-5,"torch.Size([61, 1536])",NORMAL,4,0,12,"{'devacc': np.float64(83.51), 'acc': np.float64(83.57), 'ndev': 10662, 'ntest': 10662}","{'devacc': np.float64(88.46), 'acc': np.float64(88.11), 'ndev': 3775, 'ntest': 3775}","{'devacc': np.float64(95.83), 'acc': np.float64(95.74), 'ndev': 10000, 'ntest': 10000}","{'devacc': np.float64(89.97), 'acc': np.float64(90.17), 'ndev': 10606, 'ntest': 10606}","{'devacc': np.float64(86.47), 'acc': 86.99, 'ndev': 872, 'ntest': 1821}","{'devacc': np.float64(85.33), 'acc': 92.6, 'ndev': 5452, 'ntest': 500}","{'devacc': np.float64(74.53), 'acc': 73.91, 'f1': 81.53, 'ndev': 4076, 'ntest': 1725}"
allmpnet,CLS+SUM-NS_LYR-5,"torch.Size([61, 1536])",NORMAL,4,0,12,"{'devacc': np.float64(82.05), 'acc': np.float64(82.4), 'ndev': 10662, 'ntest': 10662}","{'devacc': np.float64(83.84), 'acc': np.float64(84.45), 'ndev': 3775, 'ntest': 3775}","{'devacc': np.float64(93.97), 'acc': np.float64(94.07), 'ndev': 10000, 'ntest': 10000}","{'devacc': np.float64(88.88), 'acc': np.float64(88.8), 'ndev': 10606, 'ntest': 10606}","{'devacc': np.float64(86.24), 'acc': 86.82, 'ndev': 872, 'ntest': 1821}","{'devacc': np.float64(83.33), 'acc': 89.2, 'ndev': 5452, 'ntest': 500}","{'devacc': np.float64(70.39), 'acc': 70.96, 'f1': 78.47, 'ndev': 4076, 'ntest': 1725}"
allmpnet,CLS+MAX-NS_LYR-5,"torch.Size([61, 1536])",NORMAL,4,0,12,"{'devacc': np.float64(81.37), 'acc': np.float64(81.67), 'ndev': 10662, 'ntest': 10662}","{'devacc': np.float64(63.61), 'acc': np.float64(65.88), 'ndev': 3775, 'ntest': 3775}","{'devacc': np.float64(95.13), 'acc': np.float64(95.19), 'ndev': 10000, 'ntest': 10000}","{'devacc': np.float64(31.74), 'acc': np.float64(31.75), 'ndev': 10606, 'ntest': 10606}","{'devacc': np.float64(49.08), 'acc': 50.08, 'ndev': 872, 'ntest': 1821}","{'devacc': np.float64(81.8), 'acc': 89.2, 'ndev': 5452, 'ntest': 500}","{'devacc': np.float64(71.93), 'acc': 73.51, 'f1': 80.64, 'ndev': 4076, 'ntest': 1725}"
allmpnet,AVG+SUM_LYR-5,"torch.Size([61, 1536])",NORMAL,4,0,12,"{'devacc': np.float64(83.26), 'acc': np.float64(83.75), 'ndev': 10662, 'ntest': 10662}","{'devacc': np.float64(85.82), 'acc': np.float64(85.24), 'ndev': 3775, 'ntest': 3775}","{'devacc': np.float64(93.9), 'acc': np.float64(93.9), 'ndev': 10000, 'ntest': 10000}","{'devacc': np.float64(89.49), 'acc': np.float64(89.77), 'ndev': 10606, 'ntest': 10606}","{'devacc': np.float64(87.73), 'acc': 89.13, 'ndev': 872, 'ntest': 1821}","{'devacc': np.float64(87.77), 'acc': 93.8, 'ndev': 5452, 'ntest': 500}","{'devacc': np.float64(73.36), 'acc': 71.77, 'f1': 78.87, 'ndev': 4076, 'ntest': 1725}"
allmpnet,AVG+MAX_LYR-5,"torch.Size([61, 1536])",NORMAL,4,0,12,"{'devacc': np.float64(83.24), 'acc': np.float64(83.5), 'ndev': 10662, 'ntest': 10662}","{'devacc': np.float64(88.43), 'acc': np.float64(88.74), 'ndev': 3775, 'ntest': 3775}","{'devacc': np.float64(95.33), 'acc': np.float64(95.53), 'ndev': 10000, 'ntest': 10000}","{'devacc': np.float64(90.28), 'acc': np.float64(90.4), 'ndev': 10606, 'ntest': 10606}","{'devacc': np.float64(87.5), 'acc': 87.97, 'ndev': 872, 'ntest': 1821}","{'devacc': np.float64(89.32), 'acc': 94.4, 'ndev': 5452, 'ntest': 500}","{'devacc': np.float64(74.34), 'acc': 75.01, 'f1': 81.73, 'ndev': 4076, 'ntest': 1725}"
allmpnet,AVG+AVG-NS_LYR-5,"torch.Size([61, 1536])",NORMAL,4,0,12,"{'devacc': np.float64(84.35), 'acc': np.float64(84.6), 'ndev': 10662, 'ntest': 10662}","{'devacc': np.float64(89.53), 'acc': np.float64(89.54), 'ndev': 3775, 'ntest': 3775}","{'devacc': np.float64(95.74), 'acc': np.float64(95.61), 'ndev': 10000, 'ntest': 10000}","{'devacc': np.float64(90.59), 'acc': np.float64(90.7), 'ndev': 10606, 'ntest': 10606}","{'devacc': np.float64(87.04), 'acc': 88.74, 'ndev': 872, 'ntest': 1821}","{'devacc': np.float64(88.76), 'acc': 95.0, 'ndev': 5452, 'ntest': 500}","{'devacc': np.float64(75.86), 'acc': 76.17, 'f1': 83.29, 'ndev': 4076, 'ntest': 1725}"
allmpnet,AVG+SUM-NS_LYR-5,"torch.Size([61, 1536])",NORMAL,4,0,12,"{'devacc': np.float64(82.1), 'acc': np.float64(82.38), 'ndev': 10662, 'ntest': 10662}","{'devacc': np.float64(84.17), 'acc': np.float64(84.8), 'ndev': 3775, 'ntest': 3775}","{'devacc': np.float64(93.9), 'acc': np.float64(93.96), 'ndev': 10000, 'ntest': 10000}","{'devacc': np.float64(89.71), 'acc': np.float64(89.85), 'ndev': 10606, 'ntest': 10606}","{'devacc': np.float64(87.04), 'acc': 87.86, 'ndev': 872, 'ntest': 1821}","{'devacc': np.float64(84.15), 'acc': 90.6, 'ndev': 5452, 'ntest': 500}","{'devacc': np.float64(70.34), 'acc': 70.84, 'f1': 78.04, 'ndev': 4076, 'ntest': 1725}"
allmpnet,AVG+MAX-NS_LYR-5,"torch.Size([61, 1536])",NORMAL,4,0,12,"{'devacc': np.float64(83.2), 'acc': np.float64(83.64), 'ndev': 10662, 'ntest': 10662}","{'devacc': np.float64(63.95), 'acc': np.float64(65.93), 'ndev': 3775, 'ntest': 3775}","{'devacc': np.float64(95.18), 'acc': np.float64(95.37), 'ndev': 10000, 'ntest': 10000}","{'devacc': np.float64(31.74), 'acc': np.float64(31.75), 'ndev': 10606, 'ntest': 10606}","{'devacc': np.float64(49.08), 'acc': 50.08, 'ndev': 872, 'ntest': 1821}","{'devacc': np.float64(87.99), 'acc': 92.0, 'ndev': 5452, 'ntest': 500}","{'devacc': np.float64(73.21), 'acc': 73.57, 'f1': 80.79, 'ndev': 4076, 'ntest': 1725}"
allmpnet,SUM+MAX_LYR-5,"torch.Size([61, 1536])",NORMAL,4,0,12,"{'devacc': np.float64(82.87), 'acc': np.float64(83.32), 'ndev': 10662, 'ntest': 10662}","{'devacc': np.float64(86.04), 'acc': np.float64(85.3), 'ndev': 3775, 'ntest': 3775}","{'devacc': np.float64(93.98), 'acc': np.float64(93.94), 'ndev': 10000, 'ntest': 10000}","{'devacc': np.float64(89.25), 'acc': np.float64(89.44), 'ndev': 10606, 'ntest': 10606}","{'devacc': np.float64(87.84), 'acc': 88.41, 'ndev': 872, 'ntest': 1821}","{'devacc': np.float64(88.17), 'acc': 93.8, 'ndev': 5452, 'ntest': 500}","{'devacc': np.float64(72.77), 'acc': 72.12, 'f1': 79.15, 'ndev': 4076, 'ntest': 1725}"
allmpnet,SUM+AVG-NS_LYR-5,"torch.Size([61, 1536])",NORMAL,4,0,12,"{'devacc': np.float64(83.19), 'acc': np.float64(83.61), 'ndev': 10662, 'ntest': 10662}","{'devacc': np.float64(85.85), 'acc': np.float64(85.14), 'ndev': 3775, 'ntest': 3775}","{'devacc': np.float64(93.93), 'acc': np.float64(93.89), 'ndev': 10000, 'ntest': 10000}","{'devacc': np.float64(89.35), 'acc': np.float64(89.66), 'ndev': 10606, 'ntest': 10606}","{'devacc': np.float64(87.96), 'acc': 88.74, 'ndev': 872, 'ntest': 1821}","{'devacc': np.float64(87.77), 'acc': 94.2, 'ndev': 5452, 'ntest': 500}","{'devacc': np.float64(73.06), 'acc': 71.54, 'f1': 78.75, 'ndev': 4076, 'ntest': 1725}"
allmpnet,SUM+SUM-NS_LYR-5,"torch.Size([61, 1536])",NORMAL,4,0,12,"{'devacc': np.float64(82.02), 'acc': np.float64(82.55), 'ndev': 10662, 'ntest': 10662}","{'devacc': np.float64(86.47), 'acc': np.float64(86.54), 'ndev': 3775, 'ntest': 3775}","{'devacc': np.float64(94.48), 'acc': np.float64(94.42), 'ndev': 10000, 'ntest': 10000}","{'devacc': np.float64(88.86), 'acc': np.float64(89.06), 'ndev': 10606, 'ntest': 10606}","{'devacc': np.float64(86.58), 'acc': 88.41, 'ndev': 872, 'ntest': 1821}","{'devacc': np.float64(87.93), 'acc': 94.8, 'ndev': 5452, 'ntest': 500}","{'devacc': np.float64(73.16), 'acc': 71.48, 'f1': 78.55, 'ndev': 4076, 'ntest': 1725}"
allmpnet,SUM+MAX-NS_LYR-5,"torch.Size([61, 1536])",NORMAL,4,0,12,"{'devacc': np.float64(82.84), 'acc': np.float64(83.19), 'ndev': 10662, 'ntest': 10662}","{'devacc': np.float64(67.57), 'acc': np.float64(67.66), 'ndev': 3775, 'ntest': 3775}","{'devacc': np.float64(94.02), 'acc': np.float64(93.97), 'ndev': 10000, 'ntest': 10000}","{'devacc': np.float64(32.12), 'acc': np.float64(31.75), 'ndev': 10606, 'ntest': 10606}","{'devacc': np.float64(49.08), 'acc': 50.08, 'ndev': 872, 'ntest': 1821}","{'devacc': np.float64(88.13), 'acc': 94.2, 'ndev': 5452, 'ntest': 500}","{'devacc': np.float64(73.11), 'acc': 71.83, 'f1': 78.91, 'ndev': 4076, 'ntest': 1725}"
allmpnet,MAX+AVG-NS_LYR-5,"torch.Size([61, 1536])",NORMAL,4,0,12,"{'devacc': np.float64(82.63), 'acc': np.float64(82.72), 'ndev': 10662, 'ntest': 10662}","{'devacc': np.float64(87.67), 'acc': np.float64(88.19), 'ndev': 3775, 'ntest': 3775}","{'devacc': np.float64(95.22), 'acc': np.float64(95.27), 'ndev': 10000, 'ntest': 10000}","{'devacc': np.float64(89.87), 'acc': np.float64(89.9), 'ndev': 10606, 'ntest': 10606}","{'devacc': np.float64(86.24), 'acc': 87.97, 'ndev': 872, 'ntest': 1821}","{'devacc': np.float64(89.01), 'acc': 94.6, 'ndev': 5452, 'ntest': 500}","{'devacc': np.float64(73.33), 'acc': 73.8, 'f1': 80.77, 'ndev': 4076, 'ntest': 1725}"
allmpnet,MAX+SUM-NS_LYR-5,"torch.Size([61, 1536])",NORMAL,4,0,12,"{'devacc': np.float64(81.65), 'acc': np.float64(82.13), 'ndev': 10662, 'ntest': 10662}","{'devacc': np.float64(84.7), 'acc': np.float64(84.61), 'ndev': 3775, 'ntest': 3775}","{'devacc': np.float64(94.09), 'acc': np.float64(94.17), 'ndev': 10000, 'ntest': 10000}","{'devacc': np.float64(89.29), 'acc': np.float64(89.56), 'ndev': 10606, 'ntest': 10606}","{'devacc': np.float64(86.7), 'acc': 87.53, 'ndev': 872, 'ntest': 1821}","{'devacc': np.float64(85.47), 'acc': 92.2, 'ndev': 5452, 'ntest': 500}","{'devacc': np.float64(70.61), 'acc': 71.01, 'f1': 78.69, 'ndev': 4076, 'ntest': 1725}"
allmpnet,MAX+MAX-NS_LYR-5,"torch.Size([61, 1536])",NORMAL,4,0,12,"{'devacc': np.float64(80.4), 'acc': np.float64(80.53), 'ndev': 10662, 'ntest': 10662}","{'devacc': np.float64(63.63), 'acc': np.float64(65.61), 'ndev': 3775, 'ntest': 3775}","{'devacc': np.float64(94.06), 'acc': np.float64(94.43), 'ndev': 10000, 'ntest': 10000}","{'devacc': np.float64(31.74), 'acc': np.float64(31.75), 'ndev': 10606, 'ntest': 10606}","{'devacc': np.float64(49.08), 'acc': 50.08, 'ndev': 872, 'ntest': 1821}","{'devacc': np.float64(87.38), 'acc': 93.2, 'ndev': 5452, 'ntest': 500}","{'devacc': np.float64(72.47), 'acc': 72.87, 'f1': 80.09, 'ndev': 4076, 'ntest': 1725}"
allmpnet,AVG-NS+SUM-NS_LYR-5,"torch.Size([61, 1536])",NORMAL,4,0,12,"{'devacc': np.float64(81.86), 'acc': np.float64(82.22), 'ndev': 10662, 'ntest': 10662}","{'devacc': np.float64(83.82), 'acc': np.float64(84.21), 'ndev': 3775, 'ntest': 3775}","{'devacc': np.float64(93.88), 'acc': np.float64(93.92), 'ndev': 10000, 'ntest': 10000}","{'devacc': np.float64(89.11), 'acc': np.float64(89.36), 'ndev': 10606, 'ntest': 10606}","{'devacc': np.float64(87.04), 'acc': 87.26, 'ndev': 872, 'ntest': 1821}","{'devacc': np.float64(83.64), 'acc': 89.6, 'ndev': 5452, 'ntest': 500}","{'devacc': np.float64(70.41), 'acc': 70.43, 'f1': 78.11, 'ndev': 4076, 'ntest': 1725}"
allmpnet,AVG-NS+MAX-NS_LYR-5,"torch.Size([61, 1536])",NORMAL,4,0,12,"{'devacc': np.float64(82.16), 'acc': np.float64(82.44), 'ndev': 10662, 'ntest': 10662}","{'devacc': np.float64(63.74), 'acc': np.float64(65.72), 'ndev': 3775, 'ntest': 3775}","{'devacc': np.float64(94.93), 'acc': np.float64(95.2), 'ndev': 10000, 'ntest': 10000}","{'devacc': np.float64(31.74), 'acc': np.float64(31.75), 'ndev': 10606, 'ntest': 10606}","{'devacc': np.float64(49.08), 'acc': 50.08, 'ndev': 872, 'ntest': 1821}","{'devacc': np.float64(84.85), 'acc': 90.0, 'ndev': 5452, 'ntest': 500}","{'devacc': np.float64(72.79), 'acc': 71.77, 'f1': 79.48, 'ndev': 4076, 'ntest': 1725}"
allmpnet,SUM-NS+MAX-NS_LYR-5,"torch.Size([61, 1536])",NORMAL,4,0,12,"{'devacc': np.float64(81.23), 'acc': np.float64(81.86), 'ndev': 10662, 'ntest': 10662}","{'devacc': np.float64(63.45), 'acc': np.float64(65.32), 'ndev': 3775, 'ntest': 3775}","{'devacc': np.float64(93.95), 'acc': np.float64(94.02), 'ndev': 10000, 'ntest': 10000}","{'devacc': np.float64(31.74), 'acc': np.float64(31.75), 'ndev': 10606, 'ntest': 10606}","{'devacc': np.float64(49.08), 'acc': 50.08, 'ndev': 872, 'ntest': 1821}","{'devacc': np.float64(84.3), 'acc': 91.4, 'ndev': 5452, 'ntest': 500}","{'devacc': np.float64(70.66), 'acc': 70.96, 'f1': 78.53, 'ndev': 4076, 'ntest': 1725}"
allmpnet,CLS+AVG_LYR-6,"torch.Size([61, 1536])",NORMAL,4,0,12,"{'devacc': np.float64(85.5), 'acc': np.float64(85.71), 'ndev': 10662, 'ntest': 10662}","{'devacc': np.float64(91.06), 'acc': np.float64(91.13), 'ndev': 3775, 'ntest': 3775}","{'devacc': np.float64(96.43), 'acc': np.float64(96.36), 'ndev': 10000, 'ntest': 10000}","{'devacc': np.float64(91.12), 'acc': np.float64(91.16), 'ndev': 10606, 'ntest': 10606}","{'devacc': np.float64(89.56), 'acc': 90.44, 'ndev': 872, 'ntest': 1821}","{'devacc': np.float64(89.23), 'acc': 94.8, 'ndev': 5452, 'ntest': 500}","{'devacc': np.float64(76.3), 'acc': 75.25, 'f1': 82.27, 'ndev': 4076, 'ntest': 1725}"
allmpnet,CLS+SUM_LYR-6,"torch.Size([61, 1536])",NORMAL,4,0,12,"{'devacc': np.float64(83.78), 'acc': np.float64(83.84), 'ndev': 10662, 'ntest': 10662}","{'devacc': np.float64(87.48), 'acc': np.float64(87.66), 'ndev': 3775, 'ntest': 3775}","{'devacc': np.float64(94.74), 'acc': np.float64(94.76), 'ndev': 10000, 'ntest': 10000}","{'devacc': np.float64(89.6), 'acc': np.float64(89.81), 'ndev': 10606, 'ntest': 10606}","{'devacc': np.float64(88.99), 'acc': 90.28, 'ndev': 872, 'ntest': 1821}","{'devacc': np.float64(87.44), 'acc': 93.4, 'ndev': 5452, 'ntest': 500}","{'devacc': np.float64(72.42), 'acc': 72.87, 'f1': 80.15, 'ndev': 4076, 'ntest': 1725}"
allmpnet,CLS+MAX_LYR-6,"torch.Size([61, 1536])",NORMAL,4,0,12,"{'devacc': np.float64(83.45), 'acc': np.float64(83.66), 'ndev': 10662, 'ntest': 10662}","{'devacc': np.float64(89.54), 'acc': np.float64(89.96), 'ndev': 3775, 'ntest': 3775}","{'devacc': np.float64(95.65), 'acc': np.float64(95.76), 'ndev': 10000, 'ntest': 10000}","{'devacc': np.float64(89.83), 'acc': np.float64(90.0), 'ndev': 10606, 'ntest': 10606}","{'devacc': np.float64(88.3), 'acc': 89.4, 'ndev': 872, 'ntest': 1821}","{'devacc': np.float64(87.82), 'acc': 94.0, 'ndev': 5452, 'ntest': 500}","{'devacc': np.float64(73.72), 'acc': 73.04, 'f1': 80.03, 'ndev': 4076, 'ntest': 1725}"
allmpnet,CLS+AVG-NS_LYR-6,"torch.Size([61, 1536])",NORMAL,4,0,12,"{'devacc': np.float64(85.06), 'acc': np.float64(85.32), 'ndev': 10662, 'ntest': 10662}","{'devacc': np.float64(90.44), 'acc': np.float64(90.57), 'ndev': 3775, 'ntest': 3775}","{'devacc': np.float64(96.29), 'acc': np.float64(96.3), 'ndev': 10000, 'ntest': 10000}","{'devacc': np.float64(90.21), 'acc': np.float64(90.3), 'ndev': 10606, 'ntest': 10606}","{'devacc': np.float64(89.11), 'acc': 89.51, 'ndev': 872, 'ntest': 1821}","{'devacc': np.float64(86.02), 'acc': 91.6, 'ndev': 5452, 'ntest': 500}","{'devacc': np.float64(73.67), 'acc': 73.04, 'f1': 80.79, 'ndev': 4076, 'ntest': 1725}"
allmpnet,CLS+SUM-NS_LYR-6,"torch.Size([61, 1536])",NORMAL,4,0,12,"{'devacc': np.float64(83.22), 'acc': np.float64(83.22), 'ndev': 10662, 'ntest': 10662}","{'devacc': np.float64(86.66), 'acc': np.float64(86.94), 'ndev': 3775, 'ntest': 3775}","{'devacc': np.float64(94.68), 'acc': np.float64(94.69), 'ndev': 10000, 'ntest': 10000}","{'devacc': np.float64(89.38), 'acc': np.float64(89.4), 'ndev': 10606, 'ntest': 10606}","{'devacc': np.float64(88.88), 'acc': 89.18, 'ndev': 872, 'ntest': 1821}","{'devacc': np.float64(83.91), 'acc': 89.8, 'ndev': 5452, 'ntest': 500}","{'devacc': np.float64(70.71), 'acc': 69.91, 'f1': 77.75, 'ndev': 4076, 'ntest': 1725}"
allmpnet,CLS+MAX-NS_LYR-6,"torch.Size([61, 1536])",NORMAL,4,0,12,"{'devacc': np.float64(83.5), 'acc': np.float64(83.67), 'ndev': 10662, 'ntest': 10662}","{'devacc': np.float64(64.07), 'acc': np.float64(66.09), 'ndev': 3775, 'ntest': 3775}","{'devacc': np.float64(95.58), 'acc': np.float64(95.56), 'ndev': 10000, 'ntest': 10000}","{'devacc': np.float64(31.74), 'acc': np.float64(31.75), 'ndev': 10606, 'ntest': 10606}","{'devacc': np.float64(49.08), 'acc': 50.08, 'ndev': 872, 'ntest': 1821}","{'devacc': np.float64(82.21), 'acc': 88.2, 'ndev': 5452, 'ntest': 500}","{'devacc': np.float64(72.5), 'acc': 71.77, 'f1': 79.27, 'ndev': 4076, 'ntest': 1725}"
allmpnet,AVG+SUM_LYR-6,"torch.Size([61, 1536])",NORMAL,4,0,12,"{'devacc': np.float64(83.79), 'acc': np.float64(83.86), 'ndev': 10662, 'ntest': 10662}","{'devacc': np.float64(87.38), 'acc': np.float64(87.26), 'ndev': 3775, 'ntest': 3775}","{'devacc': np.float64(94.66), 'acc': np.float64(94.71), 'ndev': 10000, 'ntest': 10000}","{'devacc': np.float64(89.65), 'acc': np.float64(89.84), 'ndev': 10606, 'ntest': 10606}","{'devacc': np.float64(88.19), 'acc': 89.07, 'ndev': 872, 'ntest': 1821}","{'devacc': np.float64(87.45), 'acc': 93.4, 'ndev': 5452, 'ntest': 500}","{'devacc': np.float64(72.67), 'acc': 72.0, 'f1': 79.66, 'ndev': 4076, 'ntest': 1725}"
allmpnet,AVG+MAX_LYR-6,"torch.Size([61, 1536])",NORMAL,4,0,12,"{'devacc': np.float64(84.17), 'acc': np.float64(84.37), 'ndev': 10662, 'ntest': 10662}","{'devacc': np.float64(89.82), 'acc': np.float64(90.1), 'ndev': 3775, 'ntest': 3775}","{'devacc': np.float64(95.5), 'acc': np.float64(95.44), 'ndev': 10000, 'ntest': 10000}","{'devacc': np.float64(90.49), 'acc': np.float64(90.53), 'ndev': 10606, 'ntest': 10606}","{'devacc': np.float64(87.39), 'acc': 90.66, 'ndev': 872, 'ntest': 1821}","{'devacc': np.float64(89.34), 'acc': 95.4, 'ndev': 5452, 'ntest': 500}","{'devacc': np.float64(74.41), 'acc': 74.61, 'f1': 81.25, 'ndev': 4076, 'ntest': 1725}"
allmpnet,AVG+AVG-NS_LYR-6,"torch.Size([61, 1536])",NORMAL,4,0,12,"{'devacc': np.float64(85.26), 'acc': np.float64(85.34), 'ndev': 10662, 'ntest': 10662}","{'devacc': np.float64(90.66), 'acc': np.float64(90.6), 'ndev': 3775, 'ntest': 3775}","{'devacc': np.float64(96.06), 'acc': np.float64(95.94), 'ndev': 10000, 'ntest': 10000}","{'devacc': np.float64(90.7), 'acc': np.float64(90.69), 'ndev': 10606, 'ntest': 10606}","{'devacc': np.float64(89.33), 'acc': 90.23, 'ndev': 872, 'ntest': 1821}","{'devacc': np.float64(89.14), 'acc': 94.6, 'ndev': 5452, 'ntest': 500}","{'devacc': np.float64(76.15), 'acc': 75.48, 'f1': 82.61, 'ndev': 4076, 'ntest': 1725}"
allmpnet,AVG+SUM-NS_LYR-6,"torch.Size([61, 1536])",NORMAL,4,0,12,"{'devacc': np.float64(83.12), 'acc': np.float64(83.02), 'ndev': 10662, 'ntest': 10662}","{'devacc': np.float64(86.66), 'acc': np.float64(86.78), 'ndev': 3775, 'ntest': 3775}","{'devacc': np.float64(94.39), 'acc': np.float64(94.52), 'ndev': 10000, 'ntest': 10000}","{'devacc': np.float64(90.01), 'acc': np.float64(90.12), 'ndev': 10606, 'ntest': 10606}","{'devacc': np.float64(88.65), 'acc': 88.91, 'ndev': 872, 'ntest': 1821}","{'devacc': np.float64(84.52), 'acc': 90.2, 'ndev': 5452, 'ntest': 500}","{'devacc': np.float64(69.97), 'acc': 69.74, 'f1': 77.73, 'ndev': 4076, 'ntest': 1725}"
allmpnet,AVG+MAX-NS_LYR-6,"torch.Size([61, 1536])",NORMAL,4,0,12,"{'devacc': np.float64(84.5), 'acc': np.float64(84.82), 'ndev': 10662, 'ntest': 10662}","{'devacc': np.float64(64.1), 'acc': np.float64(66.09), 'ndev': 3775, 'ntest': 3775}","{'devacc': np.float64(95.48), 'acc': np.float64(95.63), 'ndev': 10000, 'ntest': 10000}","{'devacc': np.float64(31.74), 'acc': np.float64(31.75), 'ndev': 10606, 'ntest': 10606}","{'devacc': np.float64(49.08), 'acc': 50.08, 'ndev': 872, 'ntest': 1821}","{'devacc': np.float64(88.46), 'acc': 93.8, 'ndev': 5452, 'ntest': 500}","{'devacc': np.float64(73.41), 'acc': 73.39, 'f1': 80.58, 'ndev': 4076, 'ntest': 1725}"
allmpnet,SUM+MAX_LYR-6,"torch.Size([61, 1536])",NORMAL,4,0,12,"{'devacc': np.float64(83.52), 'acc': np.float64(83.78), 'ndev': 10662, 'ntest': 10662}","{'devacc': np.float64(87.66), 'acc': np.float64(87.63), 'ndev': 3775, 'ntest': 3775}","{'devacc': np.float64(94.75), 'acc': np.float64(94.65), 'ndev': 10000, 'ntest': 10000}","{'devacc': np.float64(89.49), 'acc': np.float64(89.56), 'ndev': 10606, 'ntest': 10606}","{'devacc': np.float64(88.65), 'acc': 89.62, 'ndev': 872, 'ntest': 1821}","{'devacc': np.float64(88.06), 'acc': 94.0, 'ndev': 5452, 'ntest': 500}","{'devacc': np.float64(72.33), 'acc': 72.41, 'f1': 79.68, 'ndev': 4076, 'ntest': 1725}"
allmpnet,SUM+AVG-NS_LYR-6,"torch.Size([61, 1536])",NORMAL,4,0,12,"{'devacc': np.float64(83.76), 'acc': np.float64(83.7), 'ndev': 10662, 'ntest': 10662}","{'devacc': np.float64(87.45), 'acc': np.float64(87.47), 'ndev': 3775, 'ntest': 3775}","{'devacc': np.float64(94.67), 'acc': np.float64(94.66), 'ndev': 10000, 'ntest': 10000}","{'devacc': np.float64(89.48), 'acc': np.float64(89.59), 'ndev': 10606, 'ntest': 10606}","{'devacc': np.float64(88.99), 'acc': 89.73, 'ndev': 872, 'ntest': 1821}","{'devacc': np.float64(87.4), 'acc': 93.8, 'ndev': 5452, 'ntest': 500}","{'devacc': np.float64(72.57), 'acc': 72.29, 'f1': 79.54, 'ndev': 4076, 'ntest': 1725}"
allmpnet,SUM+SUM-NS_LYR-6,"torch.Size([61, 1536])",NORMAL,4,0,12,"{'devacc': np.float64(82.89), 'acc': np.float64(83.14), 'ndev': 10662, 'ntest': 10662}","{'devacc': np.float64(88.22), 'acc': np.float64(88.24), 'ndev': 3775, 'ntest': 3775}","{'devacc': np.float64(95.06), 'acc': np.float64(95.07), 'ndev': 10000, 'ntest': 10000}","{'devacc': np.float64(89.34), 'acc': np.float64(89.51), 'ndev': 10606, 'ntest': 10606}","{'devacc': np.float64(88.76), 'acc': 89.18, 'ndev': 872, 'ntest': 1821}","{'devacc': np.float64(88.0), 'acc': 93.6, 'ndev': 5452, 'ntest': 500}","{'devacc': np.float64(71.81), 'acc': 72.52, 'f1': 79.71, 'ndev': 4076, 'ntest': 1725}"
allmpnet,SUM+MAX-NS_LYR-6,"torch.Size([61, 1536])",NORMAL,4,0,12,"{'devacc': np.float64(83.43), 'acc': np.float64(83.42), 'ndev': 10662, 'ntest': 10662}","{'devacc': np.float64(70.92), 'acc': np.float64(68.13), 'ndev': 3775, 'ntest': 3775}","{'devacc': np.float64(94.76), 'acc': np.float64(94.71), 'ndev': 10000, 'ntest': 10000}","{'devacc': np.float64(32.12), 'acc': np.float64(31.75), 'ndev': 10606, 'ntest': 10606}","{'devacc': np.float64(49.08), 'acc': 50.08, 'ndev': 872, 'ntest': 1821}","{'devacc': np.float64(87.8), 'acc': 93.8, 'ndev': 5452, 'ntest': 500}","{'devacc': np.float64(72.11), 'acc': 72.23, 'f1': 79.5, 'ndev': 4076, 'ntest': 1725}"
allmpnet,MAX+AVG-NS_LYR-6,"torch.Size([61, 1536])",NORMAL,4,0,12,"{'devacc': np.float64(83.46), 'acc': np.float64(83.7), 'ndev': 10662, 'ntest': 10662}","{'devacc': np.float64(89.48), 'acc': np.float64(89.41), 'ndev': 3775, 'ntest': 3775}","{'devacc': np.float64(95.33), 'acc': np.float64(95.32), 'ndev': 10000, 'ntest': 10000}","{'devacc': np.float64(90.23), 'acc': np.float64(90.52), 'ndev': 10606, 'ntest': 10606}","{'devacc': np.float64(87.39), 'acc': 90.55, 'ndev': 872, 'ntest': 1821}","{'devacc': np.float64(89.03), 'acc': 95.0, 'ndev': 5452, 'ntest': 500}","{'devacc': np.float64(74.39), 'acc': 73.33, 'f1': 80.33, 'ndev': 4076, 'ntest': 1725}"
allmpnet,MAX+SUM-NS_LYR-6,"torch.Size([61, 1536])",NORMAL,4,0,12,"{'devacc': np.float64(82.78), 'acc': np.float64(82.84), 'ndev': 10662, 'ntest': 10662}","{'devacc': np.float64(86.94), 'acc': np.float64(87.37), 'ndev': 3775, 'ntest': 3775}","{'devacc': np.float64(94.52), 'acc': np.float64(94.53), 'ndev': 10000, 'ntest': 10000}","{'devacc': np.float64(89.51), 'acc': np.float64(89.73), 'ndev': 10606, 'ntest': 10606}","{'devacc': np.float64(88.65), 'acc': 88.85, 'ndev': 872, 'ntest': 1821}","{'devacc': np.float64(86.0), 'acc': 91.2, 'ndev': 5452, 'ntest': 500}","{'devacc': np.float64(70.71), 'acc': 70.32, 'f1': 78.25, 'ndev': 4076, 'ntest': 1725}"
allmpnet,MAX+MAX-NS_LYR-6,"torch.Size([61, 1536])",NORMAL,4,0,12,"{'devacc': np.float64(81.77), 'acc': np.float64(81.94), 'ndev': 10662, 'ntest': 10662}","{'devacc': np.float64(63.84), 'acc': np.float64(66.01), 'ndev': 3775, 'ntest': 3775}","{'devacc': np.float64(94.51), 'acc': np.float64(94.72), 'ndev': 10000, 'ntest': 10000}","{'devacc': np.float64(31.74), 'acc': np.float64(31.75), 'ndev': 10606, 'ntest': 10606}","{'devacc': np.float64(49.08), 'acc': 50.08, 'ndev': 872, 'ntest': 1821}","{'devacc': np.float64(87.73), 'acc': 94.0, 'ndev': 5452, 'ntest': 500}","{'devacc': np.float64(72.28), 'acc': 73.1, 'f1': 80.19, 'ndev': 4076, 'ntest': 1725}"
allmpnet,AVG-NS+SUM-NS_LYR-6,"torch.Size([61, 1536])",NORMAL,4,0,12,"{'devacc': np.float64(82.93), 'acc': np.float64(82.92), 'ndev': 10662, 'ntest': 10662}","{'devacc': np.float64(86.33), 'acc': np.float64(86.81), 'ndev': 3775, 'ntest': 3775}","{'devacc': np.float64(94.37), 'acc': np.float64(94.48), 'ndev': 10000, 'ntest': 10000}","{'devacc': np.float64(89.42), 'acc': np.float64(89.55), 'ndev': 10606, 'ntest': 10606}","{'devacc': np.float64(88.53), 'acc': 88.96, 'ndev': 872, 'ntest': 1821}","{'devacc': np.float64(84.17), 'acc': 89.8, 'ndev': 5452, 'ntest': 500}","{'devacc': np.float64(70.19), 'acc': 69.04, 'f1': 76.96, 'ndev': 4076, 'ntest': 1725}"
allmpnet,AVG-NS+MAX-NS_LYR-6,"torch.Size([61, 1536])",NORMAL,4,0,12,"{'devacc': np.float64(83.49), 'acc': np.float64(83.51), 'ndev': 10662, 'ntest': 10662}","{'devacc': np.float64(63.92), 'acc': np.float64(65.96), 'ndev': 3775, 'ntest': 3775}","{'devacc': np.float64(95.13), 'acc': np.float64(95.27), 'ndev': 10000, 'ntest': 10000}","{'devacc': np.float64(31.74), 'acc': np.float64(31.75), 'ndev': 10606, 'ntest': 10606}","{'devacc': np.float64(49.08), 'acc': 50.08, 'ndev': 872, 'ntest': 1821}","{'devacc': np.float64(85.34), 'acc': 90.6, 'ndev': 5452, 'ntest': 500}","{'devacc': np.float64(72.67), 'acc': 73.57, 'f1': 80.61, 'ndev': 4076, 'ntest': 1725}"
allmpnet,SUM-NS+MAX-NS_LYR-6,"torch.Size([61, 1536])",NORMAL,4,0,12,"{'devacc': np.float64(82.61), 'acc': np.float64(82.82), 'ndev': 10662, 'ntest': 10662}","{'devacc': np.float64(63.79), 'acc': np.float64(65.77), 'ndev': 3775, 'ntest': 3775}","{'devacc': np.float64(94.5), 'acc': np.float64(94.55), 'ndev': 10000, 'ntest': 10000}","{'devacc': np.float64(31.74), 'acc': np.float64(31.75), 'ndev': 10606, 'ntest': 10606}","{'devacc': np.float64(49.08), 'acc': 50.08, 'ndev': 872, 'ntest': 1821}","{'devacc': np.float64(84.68), 'acc': 90.6, 'ndev': 5452, 'ntest': 500}","{'devacc': np.float64(70.9), 'acc': 69.91, 'f1': 77.94, 'ndev': 4076, 'ntest': 1725}"
allmpnet,CLS+AVG_LYR-7,"torch.Size([61, 1536])",NORMAL,4,0,12,"{'devacc': np.float64(86.55), 'acc': np.float64(86.52), 'ndev': 10662, 'ntest': 10662}","{'devacc': np.float64(91.8), 'acc': np.float64(91.73), 'ndev': 3775, 'ntest': 3775}","{'devacc': np.float64(96.43), 'acc': np.float64(96.41), 'ndev': 10000, 'ntest': 10000}","{'devacc': np.float64(90.95), 'acc': np.float64(91.11), 'ndev': 10606, 'ntest': 10606}","{'devacc': np.float64(91.4), 'acc': 90.99, 'ndev': 872, 'ntest': 1821}","{'devacc': np.float64(89.51), 'acc': 94.6, 'ndev': 5452, 'ntest': 500}","{'devacc': np.float64(76.03), 'acc': 74.9, 'f1': 82.1, 'ndev': 4076, 'ntest': 1725}"
allmpnet,CLS+SUM_LYR-7,"torch.Size([61, 1536])",NORMAL,4,0,12,"{'devacc': np.float64(84.89), 'acc': np.float64(85.07), 'ndev': 10662, 'ntest': 10662}","{'devacc': np.float64(88.69), 'acc': np.float64(88.87), 'ndev': 3775, 'ntest': 3775}","{'devacc': np.float64(94.72), 'acc': np.float64(94.69), 'ndev': 10000, 'ntest': 10000}","{'devacc': np.float64(89.48), 'acc': np.float64(89.32), 'ndev': 10606, 'ntest': 10606}","{'devacc': np.float64(90.02), 'acc': 90.72, 'ndev': 872, 'ntest': 1821}","{'devacc': np.float64(88.0), 'acc': 92.6, 'ndev': 5452, 'ntest': 500}","{'devacc': np.float64(71.71), 'acc': 70.55, 'f1': 78.49, 'ndev': 4076, 'ntest': 1725}"
allmpnet,CLS+MAX_LYR-7,"torch.Size([61, 1536])",NORMAL,4,0,12,"{'devacc': np.float64(84.55), 'acc': np.float64(84.69), 'ndev': 10662, 'ntest': 10662}","{'devacc': np.float64(90.84), 'acc': np.float64(91.13), 'ndev': 3775, 'ntest': 3775}","{'devacc': np.float64(95.74), 'acc': np.float64(95.68), 'ndev': 10000, 'ntest': 10000}","{'devacc': np.float64(89.77), 'acc': np.float64(89.9), 'ndev': 10606, 'ntest': 10606}","{'devacc': np.float64(90.14), 'acc': 90.66, 'ndev': 872, 'ntest': 1821}","{'devacc': np.float64(87.6), 'acc': 94.0, 'ndev': 5452, 'ntest': 500}","{'devacc': np.float64(72.79), 'acc': 73.91, 'f1': 81.0, 'ndev': 4076, 'ntest': 1725}"
allmpnet,CLS+AVG-NS_LYR-7,"torch.Size([61, 1536])",NORMAL,4,0,12,"{'devacc': np.float64(86.22), 'acc': np.float64(86.21), 'ndev': 10662, 'ntest': 10662}","{'devacc': np.float64(91.51), 'acc': np.float64(91.42), 'ndev': 3775, 'ntest': 3775}","{'devacc': np.float64(96.29), 'acc': np.float64(96.27), 'ndev': 10000, 'ntest': 10000}","{'devacc': np.float64(90.29), 'acc': np.float64(90.48), 'ndev': 10606, 'ntest': 10606}","{'devacc': np.float64(90.83), 'acc': 90.94, 'ndev': 872, 'ntest': 1821}","{'devacc': np.float64(85.69), 'acc': 92.2, 'ndev': 5452, 'ntest': 500}","{'devacc': np.float64(73.35), 'acc': 72.58, 'f1': 80.45, 'ndev': 4076, 'ntest': 1725}"
allmpnet,CLS+SUM-NS_LYR-7,"torch.Size([61, 1536])",NORMAL,4,0,12,"{'devacc': np.float64(84.21), 'acc': np.float64(84.44), 'ndev': 10662, 'ntest': 10662}","{'devacc': np.float64(88.35), 'acc': np.float64(88.29), 'ndev': 3775, 'ntest': 3775}","{'devacc': np.float64(94.82), 'acc': np.float64(94.86), 'ndev': 10000, 'ntest': 10000}","{'devacc': np.float64(89.39), 'acc': np.float64(89.4), 'ndev': 10606, 'ntest': 10606}","{'devacc': np.float64(89.45), 'acc': 89.73, 'ndev': 872, 'ntest': 1821}","{'devacc': np.float64(83.8), 'acc': 88.8, 'ndev': 5452, 'ntest': 500}","{'devacc': np.float64(71.0), 'acc': 70.43, 'f1': 78.32, 'ndev': 4076, 'ntest': 1725}"
allmpnet,CLS+MAX-NS_LYR-7,"torch.Size([61, 1536])",NORMAL,4,0,12,"{'devacc': np.float64(84.41), 'acc': np.float64(84.56), 'ndev': 10662, 'ntest': 10662}","{'devacc': np.float64(64.17), 'acc': np.float64(66.35), 'ndev': 3775, 'ntest': 3775}","{'devacc': np.float64(95.67), 'acc': np.float64(95.89), 'ndev': 10000, 'ntest': 10000}","{'devacc': np.float64(31.74), 'acc': np.float64(31.75), 'ndev': 10606, 'ntest': 10606}","{'devacc': np.float64(49.08), 'acc': 50.08, 'ndev': 872, 'ntest': 1821}","{'devacc': np.float64(82.45), 'acc': 89.0, 'ndev': 5452, 'ntest': 500}","{'devacc': np.float64(72.35), 'acc': 72.41, 'f1': 79.76, 'ndev': 4076, 'ntest': 1725}"
allmpnet,AVG+SUM_LYR-7,"torch.Size([61, 1536])",NORMAL,4,0,12,"{'devacc': np.float64(84.86), 'acc': np.float64(85.23), 'ndev': 10662, 'ntest': 10662}","{'devacc': np.float64(88.54), 'acc': np.float64(88.64), 'ndev': 3775, 'ntest': 3775}","{'devacc': np.float64(94.65), 'acc': np.float64(94.61), 'ndev': 10000, 'ntest': 10000}","{'devacc': np.float64(89.6), 'acc': np.float64(89.6), 'ndev': 10606, 'ntest': 10606}","{'devacc': np.float64(90.25), 'acc': 90.01, 'ndev': 872, 'ntest': 1821}","{'devacc': np.float64(88.02), 'acc': 92.8, 'ndev': 5452, 'ntest': 500}","{'devacc': np.float64(71.76), 'acc': 71.13, 'f1': 79.32, 'ndev': 4076, 'ntest': 1725}"
allmpnet,AVG+MAX_LYR-7,"torch.Size([61, 1536])",NORMAL,4,0,12,"{'devacc': np.float64(85.16), 'acc': np.float64(85.33), 'ndev': 10662, 'ntest': 10662}","{'devacc': np.float64(90.87), 'acc': np.float64(90.97), 'ndev': 3775, 'ntest': 3775}","{'devacc': np.float64(95.44), 'acc': np.float64(95.39), 'ndev': 10000, 'ntest': 10000}","{'devacc': np.float64(90.56), 'acc': np.float64(90.52), 'ndev': 10606, 'ntest': 10606}","{'devacc': np.float64(90.02), 'acc': 91.21, 'ndev': 872, 'ntest': 1821}","{'devacc': np.float64(89.25), 'acc': 94.6, 'ndev': 5452, 'ntest': 500}","{'devacc': np.float64(73.48), 'acc': 74.96, 'f1': 81.77, 'ndev': 4076, 'ntest': 1725}"
allmpnet,AVG+AVG-NS_LYR-7,"torch.Size([61, 1536])",NORMAL,4,0,12,"{'devacc': np.float64(86.16), 'acc': np.float64(86.19), 'ndev': 10662, 'ntest': 10662}","{'devacc': np.float64(91.39), 'acc': np.float64(91.42), 'ndev': 3775, 'ntest': 3775}","{'devacc': np.float64(96.15), 'acc': np.float64(96.14), 'ndev': 10000, 'ntest': 10000}","{'devacc': np.float64(90.77), 'acc': np.float64(90.84), 'ndev': 10606, 'ntest': 10606}","{'devacc': np.float64(91.06), 'acc': 90.99, 'ndev': 872, 'ntest': 1821}","{'devacc': np.float64(89.36), 'acc': 95.0, 'ndev': 5452, 'ntest': 500}","{'devacc': np.float64(74.43), 'acc': 75.07, 'f1': 82.45, 'ndev': 4076, 'ntest': 1725}"
allmpnet,AVG+SUM-NS_LYR-7,"torch.Size([61, 1536])",NORMAL,4,0,12,"{'devacc': np.float64(84.08), 'acc': np.float64(84.18), 'ndev': 10662, 'ntest': 10662}","{'devacc': np.float64(87.84), 'acc': np.float64(87.97), 'ndev': 3775, 'ntest': 3775}","{'devacc': np.float64(94.63), 'acc': np.float64(94.66), 'ndev': 10000, 'ntest': 10000}","{'devacc': np.float64(90.0), 'acc': np.float64(90.24), 'ndev': 10606, 'ntest': 10606}","{'devacc': np.float64(90.02), 'acc': 89.57, 'ndev': 872, 'ntest': 1821}","{'devacc': np.float64(84.81), 'acc': 91.4, 'ndev': 5452, 'ntest': 500}","{'devacc': np.float64(70.46), 'acc': 70.9, 'f1': 78.73, 'ndev': 4076, 'ntest': 1725}"
allmpnet,AVG+MAX-NS_LYR-7,"torch.Size([61, 1536])",NORMAL,4,0,12,"{'devacc': np.float64(85.37), 'acc': np.float64(85.48), 'ndev': 10662, 'ntest': 10662}","{'devacc': np.float64(64.15), 'acc': np.float64(66.25), 'ndev': 3775, 'ntest': 3775}","{'devacc': np.float64(95.41), 'acc': np.float64(95.46), 'ndev': 10000, 'ntest': 10000}","{'devacc': np.float64(31.74), 'acc': np.float64(31.75), 'ndev': 10606, 'ntest': 10606}","{'devacc': np.float64(49.08), 'acc': 50.08, 'ndev': 872, 'ntest': 1821}","{'devacc': np.float64(88.41), 'acc': 95.0, 'ndev': 5452, 'ntest': 500}","{'devacc': np.float64(72.69), 'acc': 73.74, 'f1': 80.96, 'ndev': 4076, 'ntest': 1725}"
allmpnet,SUM+MAX_LYR-7,"torch.Size([61, 1536])",NORMAL,4,0,12,"{'devacc': np.float64(84.63), 'acc': np.float64(84.81), 'ndev': 10662, 'ntest': 10662}","{'devacc': np.float64(88.63), 'acc': np.float64(88.71), 'ndev': 3775, 'ntest': 3775}","{'devacc': np.float64(94.72), 'acc': np.float64(94.66), 'ndev': 10000, 'ntest': 10000}","{'devacc': np.float64(89.44), 'acc': np.float64(89.37), 'ndev': 10606, 'ntest': 10606}","{'devacc': np.float64(90.83), 'acc': 90.72, 'ndev': 872, 'ntest': 1821}","{'devacc': np.float64(88.65), 'acc': 93.0, 'ndev': 5452, 'ntest': 500}","{'devacc': np.float64(71.74), 'acc': 70.96, 'f1': 78.92, 'ndev': 4076, 'ntest': 1725}"
allmpnet,SUM+AVG-NS_LYR-7,"torch.Size([61, 1536])",NORMAL,4,0,12,"{'devacc': np.float64(84.85), 'acc': np.float64(85.35), 'ndev': 10662, 'ntest': 10662}","{'devacc': np.float64(88.59), 'acc': np.float64(88.69), 'ndev': 3775, 'ntest': 3775}","{'devacc': np.float64(94.69), 'acc': np.float64(94.62), 'ndev': 10000, 'ntest': 10000}","{'devacc': np.float64(89.58), 'acc': np.float64(89.38), 'ndev': 10606, 'ntest': 10606}","{'devacc': np.float64(90.94), 'acc': 90.23, 'ndev': 872, 'ntest': 1821}","{'devacc': np.float64(88.08), 'acc': 93.2, 'ndev': 5452, 'ntest': 500}","{'devacc': np.float64(71.64), 'acc': 70.72, 'f1': 79.04, 'ndev': 4076, 'ntest': 1725}"
allmpnet,SUM+SUM-NS_LYR-7,"torch.Size([61, 1536])",NORMAL,4,0,12,"{'devacc': np.float64(83.86), 'acc': np.float64(84.06), 'ndev': 10662, 'ntest': 10662}","{'devacc': np.float64(89.1), 'acc': np.float64(88.82), 'ndev': 3775, 'ntest': 3775}","{'devacc': np.float64(95.07), 'acc': np.float64(94.99), 'ndev': 10000, 'ntest': 10000}","{'devacc': np.float64(89.29), 'acc': np.float64(89.38), 'ndev': 10606, 'ntest': 10606}","{'devacc': np.float64(88.53), 'acc': 89.51, 'ndev': 872, 'ntest': 1821}","{'devacc': np.float64(88.61), 'acc': 93.0, 'ndev': 5452, 'ntest': 500}","{'devacc': np.float64(71.52), 'acc': 70.67, 'f1': 78.47, 'ndev': 4076, 'ntest': 1725}"
allmpnet,SUM+MAX-NS_LYR-7,"torch.Size([61, 1536])",NORMAL,4,0,12,"{'devacc': np.float64(84.63), 'acc': np.float64(84.96), 'ndev': 10662, 'ntest': 10662}","{'devacc': np.float64(73.78), 'acc': np.float64(70.09), 'ndev': 3775, 'ntest': 3775}","{'devacc': np.float64(94.73), 'acc': np.float64(94.65), 'ndev': 10000, 'ntest': 10000}","{'devacc': np.float64(31.74), 'acc': np.float64(31.75), 'ndev': 10606, 'ntest': 10606}","{'devacc': np.float64(49.08), 'acc': 50.08, 'ndev': 872, 'ntest': 1821}","{'devacc': np.float64(88.41), 'acc': 93.0, 'ndev': 5452, 'ntest': 500}","{'devacc': np.float64(71.86), 'acc': 70.43, 'f1': 78.41, 'ndev': 4076, 'ntest': 1725}"
allmpnet,MAX+AVG-NS_LYR-7,"torch.Size([61, 1536])",NORMAL,4,0,12,"{'devacc': np.float64(84.82), 'acc': np.float64(84.86), 'ndev': 10662, 'ntest': 10662}","{'devacc': np.float64(90.46), 'acc': np.float64(90.46), 'ndev': 3775, 'ntest': 3775}","{'devacc': np.float64(95.34), 'acc': np.float64(95.27), 'ndev': 10000, 'ntest': 10000}","{'devacc': np.float64(90.31), 'acc': np.float64(90.24), 'ndev': 10606, 'ntest': 10606}","{'devacc': np.float64(88.53), 'acc': 90.5, 'ndev': 872, 'ntest': 1821}","{'devacc': np.float64(89.01), 'acc': 93.6, 'ndev': 5452, 'ntest': 500}","{'devacc': np.float64(72.47), 'acc': 74.26, 'f1': 81.33, 'ndev': 4076, 'ntest': 1725}"
allmpnet,MAX+SUM-NS_LYR-7,"torch.Size([61, 1536])",NORMAL,4,0,12,"{'devacc': np.float64(83.68), 'acc': np.float64(83.67), 'ndev': 10662, 'ntest': 10662}","{'devacc': np.float64(88.16), 'acc': np.float64(88.4), 'ndev': 3775, 'ntest': 3775}","{'devacc': np.float64(94.7), 'acc': np.float64(94.65), 'ndev': 10000, 'ntest': 10000}","{'devacc': np.float64(89.55), 'acc': np.float64(89.69), 'ndev': 10606, 'ntest': 10606}","{'devacc': np.float64(89.33), 'acc': 89.07, 'ndev': 872, 'ntest': 1821}","{'devacc': np.float64(86.22), 'acc': 92.0, 'ndev': 5452, 'ntest': 500}","{'devacc': np.float64(70.8), 'acc': 71.36, 'f1': 79.16, 'ndev': 4076, 'ntest': 1725}"
allmpnet,MAX+MAX-NS_LYR-7,"torch.Size([61, 1536])",NORMAL,4,0,12,"{'devacc': np.float64(83.34), 'acc': np.float64(83.5), 'ndev': 10662, 'ntest': 10662}","{'devacc': np.float64(64.01), 'acc': np.float64(66.3), 'ndev': 3775, 'ntest': 3775}","{'devacc': np.float64(94.34), 'acc': np.float64(94.16), 'ndev': 10000, 'ntest': 10000}","{'devacc': np.float64(31.74), 'acc': np.float64(31.75), 'ndev': 10606, 'ntest': 10606}","{'devacc': np.float64(49.08), 'acc': 50.08, 'ndev': 872, 'ntest': 1821}","{'devacc': np.float64(87.95), 'acc': 93.4, 'ndev': 5452, 'ntest': 500}","{'devacc': np.float64(71.93), 'acc': 73.86, 'f1': 80.96, 'ndev': 4076, 'ntest': 1725}"
allmpnet,AVG-NS+SUM-NS_LYR-7,"torch.Size([61, 1536])",NORMAL,4,0,12,"{'devacc': np.float64(83.92), 'acc': np.float64(84.12), 'ndev': 10662, 'ntest': 10662}","{'devacc': np.float64(87.52), 'acc': np.float64(87.42), 'ndev': 3775, 'ntest': 3775}","{'devacc': np.float64(94.58), 'acc': np.float64(94.71), 'ndev': 10000, 'ntest': 10000}","{'devacc': np.float64(89.4), 'acc': np.float64(89.58), 'ndev': 10606, 'ntest': 10606}","{'devacc': np.float64(89.68), 'acc': 90.01, 'ndev': 872, 'ntest': 1821}","{'devacc': np.float64(83.91), 'acc': 89.4, 'ndev': 5452, 'ntest': 500}","{'devacc': np.float64(70.41), 'acc': 70.2, 'f1': 78.15, 'ndev': 4076, 'ntest': 1725}"
allmpnet,AVG-NS+MAX-NS_LYR-7,"torch.Size([61, 1536])",NORMAL,4,0,12,"{'devacc': np.float64(84.68), 'acc': np.float64(84.9), 'ndev': 10662, 'ntest': 10662}","{'devacc': np.float64(64.03), 'acc': np.float64(66.17), 'ndev': 3775, 'ntest': 3775}","{'devacc': np.float64(95.18), 'acc': np.float64(95.24), 'ndev': 10000, 'ntest': 10000}","{'devacc': np.float64(31.74), 'acc': np.float64(31.75), 'ndev': 10606, 'ntest': 10606}","{'devacc': np.float64(49.08), 'acc': 50.08, 'ndev': 872, 'ntest': 1821}","{'devacc': np.float64(85.33), 'acc': 91.2, 'ndev': 5452, 'ntest': 500}","{'devacc': np.float64(71.74), 'acc': 72.93, 'f1': 80.25, 'ndev': 4076, 'ntest': 1725}"
allmpnet,SUM-NS+MAX-NS_LYR-7,"torch.Size([61, 1536])",NORMAL,4,0,12,"{'devacc': np.float64(83.44), 'acc': np.float64(83.69), 'ndev': 10662, 'ntest': 10662}","{'devacc': np.float64(64.05), 'acc': np.float64(67.92), 'ndev': 3775, 'ntest': 3775}","{'devacc': np.float64(94.69), 'acc': np.float64(94.68), 'ndev': 10000, 'ntest': 10000}","{'devacc': np.float64(32.12), 'acc': np.float64(31.75), 'ndev': 10606, 'ntest': 10606}","{'devacc': np.float64(49.08), 'acc': 50.08, 'ndev': 872, 'ntest': 1821}","{'devacc': np.float64(84.59), 'acc': 90.6, 'ndev': 5452, 'ntest': 500}","{'devacc': np.float64(71.12), 'acc': 71.48, 'f1': 79.35, 'ndev': 4076, 'ntest': 1725}"
allmpnet,CLS+AVG_LYR-8,"torch.Size([61, 1536])",NORMAL,4,0,12,"{'devacc': np.float64(87.01), 'acc': np.float64(86.96), 'ndev': 10662, 'ntest': 10662}","{'devacc': np.float64(91.96), 'acc': np.float64(92.37), 'ndev': 3775, 'ntest': 3775}","{'devacc': np.float64(96.27), 'acc': np.float64(96.15), 'ndev': 10000, 'ntest': 10000}","{'devacc': np.float64(90.82), 'acc': np.float64(90.92), 'ndev': 10606, 'ntest': 10606}","{'devacc': np.float64(91.86), 'acc': 91.76, 'ndev': 872, 'ntest': 1821}","{'devacc': np.float64(90.35), 'acc': 96.0, 'ndev': 5452, 'ntest': 500}","{'devacc': np.float64(76.62), 'acc': 74.2, 'f1': 81.6, 'ndev': 4076, 'ntest': 1725}"
allmpnet,CLS+SUM_LYR-8,"torch.Size([61, 1536])",NORMAL,4,0,12,"{'devacc': np.float64(85.04), 'acc': np.float64(85.53), 'ndev': 10662, 'ntest': 10662}","{'devacc': np.float64(88.04), 'acc': np.float64(87.68), 'ndev': 3775, 'ntest': 3775}","{'devacc': np.float64(94.41), 'acc': np.float64(94.58), 'ndev': 10000, 'ntest': 10000}","{'devacc': np.float64(89.25), 'acc': np.float64(89.43), 'ndev': 10606, 'ntest': 10606}","{'devacc': np.float64(90.48), 'acc': 90.66, 'ndev': 872, 'ntest': 1821}","{'devacc': np.float64(88.3), 'acc': 94.8, 'ndev': 5452, 'ntest': 500}","{'devacc': np.float64(72.55), 'acc': 71.36, 'f1': 78.92, 'ndev': 4076, 'ntest': 1725}"
allmpnet,CLS+MAX_LYR-8,"torch.Size([61, 1536])",NORMAL,4,0,12,"{'devacc': np.float64(85.82), 'acc': np.float64(85.6), 'ndev': 10662, 'ntest': 10662}","{'devacc': np.float64(90.43), 'acc': np.float64(90.49), 'ndev': 3775, 'ntest': 3775}","{'devacc': np.float64(95.48), 'acc': np.float64(95.52), 'ndev': 10000, 'ntest': 10000}","{'devacc': np.float64(89.53), 'acc': np.float64(89.54), 'ndev': 10606, 'ntest': 10606}","{'devacc': np.float64(89.45), 'acc': 90.44, 'ndev': 872, 'ntest': 1821}","{'devacc': np.float64(88.28), 'acc': 92.4, 'ndev': 5452, 'ntest': 500}","{'devacc': np.float64(73.31), 'acc': 72.12, 'f1': 79.35, 'ndev': 4076, 'ntest': 1725}"
allmpnet,CLS+AVG-NS_LYR-8,"torch.Size([61, 1536])",NORMAL,4,0,12,"{'devacc': np.float64(86.7), 'acc': np.float64(86.69), 'ndev': 10662, 'ntest': 10662}","{'devacc': np.float64(91.68), 'acc': np.float64(91.71), 'ndev': 3775, 'ntest': 3775}","{'devacc': np.float64(96.14), 'acc': np.float64(96.19), 'ndev': 10000, 'ntest': 10000}","{'devacc': np.float64(90.04), 'acc': np.float64(90.17), 'ndev': 10606, 'ntest': 10606}","{'devacc': np.float64(90.71), 'acc': 91.43, 'ndev': 872, 'ntest': 1821}","{'devacc': np.float64(85.93), 'acc': 92.2, 'ndev': 5452, 'ntest': 500}","{'devacc': np.float64(73.65), 'acc': 73.04, 'f1': 80.95, 'ndev': 4076, 'ntest': 1725}"
allmpnet,CLS+SUM-NS_LYR-8,"torch.Size([61, 1536])",NORMAL,4,0,12,"{'devacc': np.float64(84.69), 'acc': np.float64(84.91), 'ndev': 10662, 'ntest': 10662}","{'devacc': np.float64(88.01), 'acc': np.float64(88.37), 'ndev': 3775, 'ntest': 3775}","{'devacc': np.float64(94.34), 'acc': np.float64(94.3), 'ndev': 10000, 'ntest': 10000}","{'devacc': np.float64(88.79), 'acc': np.float64(89.16), 'ndev': 10606, 'ntest': 10606}","{'devacc': np.float64(89.11), 'acc': 89.35, 'ndev': 872, 'ntest': 1821}","{'devacc': np.float64(83.88), 'acc': 90.4, 'ndev': 5452, 'ntest': 500}","{'devacc': np.float64(70.73), 'acc': 71.54, 'f1': 79.31, 'ndev': 4076, 'ntest': 1725}"
allmpnet,CLS+MAX-NS_LYR-8,"torch.Size([61, 1536])",NORMAL,4,0,12,"{'devacc': np.float64(85.53), 'acc': np.float64(85.4), 'ndev': 10662, 'ntest': 10662}","{'devacc': np.float64(64.12), 'acc': np.float64(66.46), 'ndev': 3775, 'ntest': 3775}","{'devacc': np.float64(95.26), 'acc': np.float64(95.23), 'ndev': 10000, 'ntest': 10000}","{'devacc': np.float64(31.74), 'acc': np.float64(31.75), 'ndev': 10606, 'ntest': 10606}","{'devacc': np.float64(49.08), 'acc': 50.08, 'ndev': 872, 'ntest': 1821}","{'devacc': np.float64(82.47), 'acc': 88.4, 'ndev': 5452, 'ntest': 500}","{'devacc': np.float64(72.18), 'acc': 72.52, 'f1': 79.9, 'ndev': 4076, 'ntest': 1725}"
allmpnet,AVG+SUM_LYR-8,"torch.Size([61, 1536])",NORMAL,4,0,12,"{'devacc': np.float64(85.05), 'acc': np.float64(85.45), 'ndev': 10662, 'ntest': 10662}","{'devacc': np.float64(88.04), 'acc': np.float64(87.71), 'ndev': 3775, 'ntest': 3775}","{'devacc': np.float64(94.39), 'acc': np.float64(94.57), 'ndev': 10000, 'ntest': 10000}","{'devacc': np.float64(89.34), 'acc': np.float64(89.37), 'ndev': 10606, 'ntest': 10606}","{'devacc': np.float64(89.56), 'acc': 90.77, 'ndev': 872, 'ntest': 1821}","{'devacc': np.float64(88.11), 'acc': 94.6, 'ndev': 5452, 'ntest': 500}","{'devacc': np.float64(72.55), 'acc': 71.71, 'f1': 79.34, 'ndev': 4076, 'ntest': 1725}"
allmpnet,AVG+MAX_LYR-8,"torch.Size([61, 1536])",NORMAL,4,0,12,"{'devacc': np.float64(86.03), 'acc': np.float64(86.08), 'ndev': 10662, 'ntest': 10662}","{'devacc': np.float64(90.68), 'acc': np.float64(90.89), 'ndev': 3775, 'ntest': 3775}","{'devacc': np.float64(95.59), 'acc': np.float64(95.58), 'ndev': 10000, 'ntest': 10000}","{'devacc': np.float64(90.38), 'acc': np.float64(90.48), 'ndev': 10606, 'ntest': 10606}","{'devacc': np.float64(89.22), 'acc': 91.21, 'ndev': 872, 'ntest': 1821}","{'devacc': np.float64(89.6), 'acc': 94.4, 'ndev': 5452, 'ntest': 500}","{'devacc': np.float64(73.9), 'acc': 72.99, 'f1': 80.05, 'ndev': 4076, 'ntest': 1725}"
allmpnet,AVG+AVG-NS_LYR-8,"torch.Size([61, 1536])",NORMAL,4,0,12,"{'devacc': np.float64(86.64), 'acc': np.float64(86.8), 'ndev': 10662, 'ntest': 10662}","{'devacc': np.float64(91.46), 'acc': np.float64(91.6), 'ndev': 3775, 'ntest': 3775}","{'devacc': np.float64(95.9), 'acc': np.float64(95.9), 'ndev': 10000, 'ntest': 10000}","{'devacc': np.float64(90.45), 'acc': np.float64(90.45), 'ndev': 10606, 'ntest': 10606}","{'devacc': np.float64(91.06), 'acc': 91.49, 'ndev': 872, 'ntest': 1821}","{'devacc': np.float64(89.84), 'acc': 95.8, 'ndev': 5452, 'ntest': 500}","{'devacc': np.float64(75.69), 'acc': 74.72, 'f1': 82.26, 'ndev': 4076, 'ntest': 1725}"
allmpnet,AVG+SUM-NS_LYR-8,"torch.Size([61, 1536])",NORMAL,4,0,12,"{'devacc': np.float64(84.62), 'acc': np.float64(84.98), 'ndev': 10662, 'ntest': 10662}","{'devacc': np.float64(87.84), 'acc': np.float64(88.16), 'ndev': 3775, 'ntest': 3775}","{'devacc': np.float64(94.3), 'acc': np.float64(94.26), 'ndev': 10000, 'ntest': 10000}","{'devacc': np.float64(89.6), 'acc': np.float64(89.54), 'ndev': 10606, 'ntest': 10606}","{'devacc': np.float64(90.14), 'acc': 90.55, 'ndev': 872, 'ntest': 1821}","{'devacc': np.float64(84.98), 'acc': 91.8, 'ndev': 5452, 'ntest': 500}","{'devacc': np.float64(69.82), 'acc': 71.01, 'f1': 78.65, 'ndev': 4076, 'ntest': 1725}"
allmpnet,AVG+MAX-NS_LYR-8,"torch.Size([61, 1536])",NORMAL,4,0,12,"{'devacc': np.float64(85.95), 'acc': np.float64(86.08), 'ndev': 10662, 'ntest': 10662}","{'devacc': np.float64(64.19), 'acc': np.float64(66.49), 'ndev': 3775, 'ntest': 3775}","{'devacc': np.float64(95.4), 'acc': np.float64(95.5), 'ndev': 10000, 'ntest': 10000}","{'devacc': np.float64(31.74), 'acc': np.float64(31.75), 'ndev': 10606, 'ntest': 10606}","{'devacc': np.float64(49.08), 'acc': 50.08, 'ndev': 872, 'ntest': 1821}","{'devacc': np.float64(88.96), 'acc': 93.8, 'ndev': 5452, 'ntest': 500}","{'devacc': np.float64(72.86), 'acc': 71.88, 'f1': 79.58, 'ndev': 4076, 'ntest': 1725}"
allmpnet,SUM+MAX_LYR-8,"torch.Size([61, 1536])",NORMAL,4,0,12,"{'devacc': np.float64(84.78), 'acc': np.float64(85.38), 'ndev': 10662, 'ntest': 10662}","{'devacc': np.float64(88.25), 'acc': np.float64(87.95), 'ndev': 3775, 'ntest': 3775}","{'devacc': np.float64(94.44), 'acc': np.float64(94.63), 'ndev': 10000, 'ntest': 10000}","{'devacc': np.float64(89.14), 'acc': np.float64(89.31), 'ndev': 10606, 'ntest': 10606}","{'devacc': np.float64(90.14), 'acc': 90.88, 'ndev': 872, 'ntest': 1821}","{'devacc': np.float64(88.7), 'acc': 95.2, 'ndev': 5452, 'ntest': 500}","{'devacc': np.float64(72.03), 'acc': 71.01, 'f1': 78.63, 'ndev': 4076, 'ntest': 1725}"
allmpnet,SUM+AVG-NS_LYR-8,"torch.Size([61, 1536])",NORMAL,4,0,12,"{'devacc': np.float64(85.0), 'acc': np.float64(85.51), 'ndev': 10662, 'ntest': 10662}","{'devacc': np.float64(88.1), 'acc': np.float64(88.0), 'ndev': 3775, 'ntest': 3775}","{'devacc': np.float64(94.37), 'acc': np.float64(94.55), 'ndev': 10000, 'ntest': 10000}","{'devacc': np.float64(89.21), 'acc': np.float64(89.46), 'ndev': 10606, 'ntest': 10606}","{'devacc': np.float64(89.79), 'acc': 90.66, 'ndev': 872, 'ntest': 1821}","{'devacc': np.float64(88.33), 'acc': 94.2, 'ndev': 5452, 'ntest': 500}","{'devacc': np.float64(72.32), 'acc': 71.19, 'f1': 78.79, 'ndev': 4076, 'ntest': 1725}"
allmpnet,SUM+SUM-NS_LYR-8,"torch.Size([61, 1536])",NORMAL,4,0,12,"{'devacc': np.float64(84.19), 'acc': np.float64(84.43), 'ndev': 10662, 'ntest': 10662}","{'devacc': np.float64(89.06), 'acc': np.float64(88.98), 'ndev': 3775, 'ntest': 3775}","{'devacc': np.float64(94.68), 'acc': np.float64(94.72), 'ndev': 10000, 'ntest': 10000}","{'devacc': np.float64(88.9), 'acc': np.float64(88.96), 'ndev': 10606, 'ntest': 10606}","{'devacc': np.float64(90.37), 'acc': 90.39, 'ndev': 872, 'ntest': 1821}","{'devacc': np.float64(88.65), 'acc': 94.6, 'ndev': 5452, 'ntest': 500}","{'devacc': np.float64(72.08), 'acc': 70.67, 'f1': 78.3, 'ndev': 4076, 'ntest': 1725}"
allmpnet,SUM+MAX-NS_LYR-8,"torch.Size([61, 1536])",NORMAL,4,0,12,"{'devacc': np.float64(84.82), 'acc': np.float64(85.34), 'ndev': 10662, 'ntest': 10662}","{'devacc': np.float64(73.46), 'acc': np.float64(69.3), 'ndev': 3775, 'ntest': 3775}","{'devacc': np.float64(94.45), 'acc': np.float64(94.56), 'ndev': 10000, 'ntest': 10000}","{'devacc': np.float64(31.74), 'acc': np.float64(31.75), 'ndev': 10606, 'ntest': 10606}","{'devacc': np.float64(49.08), 'acc': 50.08, 'ndev': 872, 'ntest': 1821}","{'devacc': np.float64(88.59), 'acc': 94.4, 'ndev': 5452, 'ntest': 500}","{'devacc': np.float64(72.18), 'acc': 70.38, 'f1': 78.04, 'ndev': 4076, 'ntest': 1725}"
allmpnet,MAX+AVG-NS_LYR-8,"torch.Size([61, 1536])",NORMAL,4,0,12,"{'devacc': np.float64(85.68), 'acc': np.float64(85.68), 'ndev': 10662, 'ntest': 10662}","{'devacc': np.float64(90.36), 'acc': np.float64(90.57), 'ndev': 3775, 'ntest': 3775}","{'devacc': np.float64(95.41), 'acc': np.float64(95.47), 'ndev': 10000, 'ntest': 10000}","{'devacc': np.float64(89.94), 'acc': np.float64(89.92), 'ndev': 10606, 'ntest': 10606}","{'devacc': np.float64(88.99), 'acc': 90.99, 'ndev': 872, 'ntest': 1821}","{'devacc': np.float64(89.09), 'acc': 94.0, 'ndev': 5452, 'ntest': 500}","{'devacc': np.float64(73.11), 'acc': 72.7, 'f1': 79.85, 'ndev': 4076, 'ntest': 1725}"
allmpnet,MAX+SUM-NS_LYR-8,"torch.Size([61, 1536])",NORMAL,4,0,12,"{'devacc': np.float64(84.37), 'acc': np.float64(84.68), 'ndev': 10662, 'ntest': 10662}","{'devacc': np.float64(88.17), 'acc': np.float64(88.32), 'ndev': 3775, 'ntest': 3775}","{'devacc': np.float64(94.41), 'acc': np.float64(94.42), 'ndev': 10000, 'ntest': 10000}","{'devacc': np.float64(89.25), 'acc': np.float64(89.4), 'ndev': 10606, 'ntest': 10606}","{'devacc': np.float64(89.79), 'acc': 90.55, 'ndev': 872, 'ntest': 1821}","{'devacc': np.float64(86.08), 'acc': 92.0, 'ndev': 5452, 'ntest': 500}","{'devacc': np.float64(70.53), 'acc': 71.71, 'f1': 79.18, 'ndev': 4076, 'ntest': 1725}"
allmpnet,MAX+MAX-NS_LYR-8,"torch.Size([61, 1536])",NORMAL,4,0,12,"{'devacc': np.float64(84.58), 'acc': np.float64(84.65), 'ndev': 10662, 'ntest': 10662}","{'devacc': np.float64(63.98), 'acc': np.float64(66.3), 'ndev': 3775, 'ntest': 3775}","{'devacc': np.float64(94.58), 'acc': np.float64(94.67), 'ndev': 10000, 'ntest': 10000}","{'devacc': np.float64(31.74), 'acc': np.float64(31.75), 'ndev': 10606, 'ntest': 10606}","{'devacc': np.float64(49.08), 'acc': 50.08, 'ndev': 872, 'ntest': 1821}","{'devacc': np.float64(88.35), 'acc': 93.2, 'ndev': 5452, 'ntest': 500}","{'devacc': np.float64(72.52), 'acc': 71.48, 'f1': 78.9, 'ndev': 4076, 'ntest': 1725}"
allmpnet,AVG-NS+SUM-NS_LYR-8,"torch.Size([61, 1536])",NORMAL,4,0,12,"{'devacc': np.float64(84.49), 'acc': np.float64(84.74), 'ndev': 10662, 'ntest': 10662}","{'devacc': np.float64(87.64), 'acc': np.float64(88.08), 'ndev': 3775, 'ntest': 3775}","{'devacc': np.float64(94.26), 'acc': np.float64(94.28), 'ndev': 10000, 'ntest': 10000}","{'devacc': np.float64(89.1), 'acc': np.float64(89.26), 'ndev': 10606, 'ntest': 10606}","{'devacc': np.float64(89.79), 'acc': 89.9, 'ndev': 872, 'ntest': 1821}","{'devacc': np.float64(84.04), 'acc': 90.4, 'ndev': 5452, 'ntest': 500}","{'devacc': np.float64(69.95), 'acc': 71.19, 'f1': 78.9, 'ndev': 4076, 'ntest': 1725}"
allmpnet,AVG-NS+MAX-NS_LYR-8,"torch.Size([61, 1536])",NORMAL,4,0,12,"{'devacc': np.float64(85.26), 'acc': np.float64(85.32), 'ndev': 10662, 'ntest': 10662}","{'devacc': np.float64(64.03), 'acc': np.float64(66.33), 'ndev': 3775, 'ntest': 3775}","{'devacc': np.float64(95.04), 'acc': np.float64(95.14), 'ndev': 10000, 'ntest': 10000}","{'devacc': np.float64(31.74), 'acc': np.float64(31.75), 'ndev': 10606, 'ntest': 10606}","{'devacc': np.float64(49.08), 'acc': 50.08, 'ndev': 872, 'ntest': 1821}","{'devacc': np.float64(85.91), 'acc': 90.4, 'ndev': 5452, 'ntest': 500}","{'devacc': np.float64(71.96), 'acc': 71.19, 'f1': 78.88, 'ndev': 4076, 'ntest': 1725}"
allmpnet,SUM-NS+MAX-NS_LYR-8,"torch.Size([61, 1536])",NORMAL,4,0,12,"{'devacc': np.float64(84.12), 'acc': np.float64(84.5), 'ndev': 10662, 'ntest': 10662}","{'devacc': np.float64(68.72), 'acc': np.float64(66.14), 'ndev': 3775, 'ntest': 3775}","{'devacc': np.float64(94.29), 'acc': np.float64(94.27), 'ndev': 10000, 'ntest': 10000}","{'devacc': np.float64(32.12), 'acc': np.float64(31.75), 'ndev': 10606, 'ntest': 10606}","{'devacc': np.float64(49.08), 'acc': 50.08, 'ndev': 872, 'ntest': 1821}","{'devacc': np.float64(84.89), 'acc': 91.0, 'ndev': 5452, 'ntest': 500}","{'devacc': np.float64(70.34), 'acc': 71.01, 'f1': 78.81, 'ndev': 4076, 'ntest': 1725}"
allmpnet,CLS+AVG_LYR-9,"torch.Size([61, 1536])",NORMAL,4,0,12,"{'devacc': np.float64(86.81), 'acc': np.float64(86.94), 'ndev': 10662, 'ntest': 10662}","{'devacc': np.float64(91.63), 'acc': np.float64(91.81), 'ndev': 3775, 'ntest': 3775}","{'devacc': np.float64(95.91), 'acc': np.float64(95.91), 'ndev': 10000, 'ntest': 10000}","{'devacc': np.float64(90.4), 'acc': np.float64(90.53), 'ndev': 10606, 'ntest': 10606}","{'devacc': np.float64(89.68), 'acc': 91.21, 'ndev': 872, 'ntest': 1821}","{'devacc': np.float64(90.48), 'acc': 96.4, 'ndev': 5452, 'ntest': 500}","{'devacc': np.float64(76.4), 'acc': 75.19, 'f1': 82.4, 'ndev': 4076, 'ntest': 1725}"
allmpnet,CLS+SUM_LYR-9,"torch.Size([61, 1536])",NORMAL,4,0,12,"{'devacc': np.float64(85.24), 'acc': np.float64(85.31), 'ndev': 10662, 'ntest': 10662}","{'devacc': np.float64(88.66), 'acc': np.float64(88.58), 'ndev': 3775, 'ntest': 3775}","{'devacc': np.float64(94.22), 'acc': np.float64(94.31), 'ndev': 10000, 'ntest': 10000}","{'devacc': np.float64(88.9), 'acc': np.float64(89.2), 'ndev': 10606, 'ntest': 10606}","{'devacc': np.float64(89.91), 'acc': 90.72, 'ndev': 872, 'ntest': 1821}","{'devacc': np.float64(88.77), 'acc': 95.0, 'ndev': 5452, 'ntest': 500}","{'devacc': np.float64(71.96), 'acc': 72.0, 'f1': 79.17, 'ndev': 4076, 'ntest': 1725}"
allmpnet,CLS+MAX_LYR-9,"torch.Size([61, 1536])",NORMAL,4,0,12,"{'devacc': np.float64(84.76), 'acc': np.float64(84.88), 'ndev': 10662, 'ntest': 10662}","{'devacc': np.float64(89.94), 'acc': np.float64(89.99), 'ndev': 3775, 'ntest': 3775}","{'devacc': np.float64(94.66), 'acc': np.float64(94.92), 'ndev': 10000, 'ntest': 10000}","{'devacc': np.float64(89.29), 'acc': np.float64(89.36), 'ndev': 10606, 'ntest': 10606}","{'devacc': np.float64(88.88), 'acc': 90.12, 'ndev': 872, 'ntest': 1821}","{'devacc': np.float64(89.73), 'acc': 93.8, 'ndev': 5452, 'ntest': 500}","{'devacc': np.float64(72.89), 'acc': 72.87, 'f1': 80.29, 'ndev': 4076, 'ntest': 1725}"
allmpnet,CLS+AVG-NS_LYR-9,"torch.Size([61, 1536])",NORMAL,4,0,12,"{'devacc': np.float64(86.16), 'acc': np.float64(86.24), 'ndev': 10662, 'ntest': 10662}","{'devacc': np.float64(90.78), 'acc': np.float64(90.81), 'ndev': 3775, 'ntest': 3775}","{'devacc': np.float64(95.54), 'acc': np.float64(95.39), 'ndev': 10000, 'ntest': 10000}","{'devacc': np.float64(89.7), 'acc': np.float64(89.9), 'ndev': 10606, 'ntest': 10606}","{'devacc': np.float64(89.56), 'acc': 90.88, 'ndev': 872, 'ntest': 1821}","{'devacc': np.float64(86.44), 'acc': 92.8, 'ndev': 5452, 'ntest': 500}","{'devacc': np.float64(73.87), 'acc': 74.2, 'f1': 81.95, 'ndev': 4076, 'ntest': 1725}"
allmpnet,CLS+SUM-NS_LYR-9,"torch.Size([61, 1536])",NORMAL,4,0,12,"{'devacc': np.float64(84.54), 'acc': np.float64(84.72), 'ndev': 10662, 'ntest': 10662}","{'devacc': np.float64(87.75), 'acc': np.float64(87.76), 'ndev': 3775, 'ntest': 3775}","{'devacc': np.float64(94.15), 'acc': np.float64(94.24), 'ndev': 10000, 'ntest': 10000}","{'devacc': np.float64(88.6), 'acc': np.float64(88.79), 'ndev': 10606, 'ntest': 10606}","{'devacc': np.float64(89.11), 'acc': 90.06, 'ndev': 872, 'ntest': 1821}","{'devacc': np.float64(84.57), 'acc': 92.8, 'ndev': 5452, 'ntest': 500}","{'devacc': np.float64(70.9), 'acc': 71.01, 'f1': 78.71, 'ndev': 4076, 'ntest': 1725}"
allmpnet,CLS+MAX-NS_LYR-9,"torch.Size([61, 1536])",NORMAL,4,0,12,"{'devacc': np.float64(83.91), 'acc': np.float64(83.93), 'ndev': 10662, 'ntest': 10662}","{'devacc': np.float64(63.95), 'acc': np.float64(65.83), 'ndev': 3775, 'ntest': 3775}","{'devacc': np.float64(94.23), 'acc': np.float64(94.31), 'ndev': 10000, 'ntest': 10000}","{'devacc': np.float64(40.06), 'acc': np.float64(40.06), 'ndev': 10606, 'ntest': 10606}","{'devacc': np.float64(49.08), 'acc': 50.08, 'ndev': 872, 'ntest': 1821}","{'devacc': np.float64(84.28), 'acc': 91.0, 'ndev': 5452, 'ntest': 500}","{'devacc': np.float64(71.88), 'acc': 71.83, 'f1': 79.58, 'ndev': 4076, 'ntest': 1725}"
allmpnet,AVG+SUM_LYR-9,"torch.Size([61, 1536])",NORMAL,4,0,12,"{'devacc': np.float64(85.21), 'acc': np.float64(85.13), 'ndev': 10662, 'ntest': 10662}","{'devacc': np.float64(88.67), 'acc': np.float64(88.53), 'ndev': 3775, 'ntest': 3775}","{'devacc': np.float64(94.24), 'acc': np.float64(94.44), 'ndev': 10000, 'ntest': 10000}","{'devacc': np.float64(89.01), 'acc': np.float64(89.27), 'ndev': 10606, 'ntest': 10606}","{'devacc': np.float64(90.48), 'acc': 90.99, 'ndev': 872, 'ntest': 1821}","{'devacc': np.float64(88.77), 'acc': 95.0, 'ndev': 5452, 'ntest': 500}","{'devacc': np.float64(71.98), 'acc': 72.41, 'f1': 79.59, 'ndev': 4076, 'ntest': 1725}"
allmpnet,AVG+MAX_LYR-9,"torch.Size([61, 1536])",NORMAL,4,0,12,"{'devacc': np.float64(85.87), 'acc': np.float64(86.16), 'ndev': 10662, 'ntest': 10662}","{'devacc': np.float64(91.15), 'acc': np.float64(91.5), 'ndev': 3775, 'ntest': 3775}","{'devacc': np.float64(95.52), 'acc': np.float64(95.67), 'ndev': 10000, 'ntest': 10000}","{'devacc': np.float64(89.95), 'acc': np.float64(90.23), 'ndev': 10606, 'ntest': 10606}","{'devacc': np.float64(89.68), 'acc': 91.16, 'ndev': 872, 'ntest': 1821}","{'devacc': np.float64(90.7), 'acc': 95.2, 'ndev': 5452, 'ntest': 500}","{'devacc': np.float64(74.21), 'acc': 73.57, 'f1': 80.79, 'ndev': 4076, 'ntest': 1725}"
allmpnet,AVG+AVG-NS_LYR-9,"torch.Size([61, 1536])",NORMAL,4,0,12,"{'devacc': np.float64(86.66), 'acc': np.float64(86.81), 'ndev': 10662, 'ntest': 10662}","{'devacc': np.float64(91.57), 'acc': np.float64(91.66), 'ndev': 3775, 'ntest': 3775}","{'devacc': np.float64(95.77), 'acc': np.float64(95.72), 'ndev': 10000, 'ntest': 10000}","{'devacc': np.float64(90.18), 'acc': np.float64(90.35), 'ndev': 10606, 'ntest': 10606}","{'devacc': np.float64(90.14), 'acc': 91.65, 'ndev': 872, 'ntest': 1821}","{'devacc': np.float64(90.33), 'acc': 95.8, 'ndev': 5452, 'ntest': 500}","{'devacc': np.float64(75.59), 'acc': 74.84, 'f1': 82.18, 'ndev': 4076, 'ntest': 1725}"
allmpnet,AVG+SUM-NS_LYR-9,"torch.Size([61, 1536])",NORMAL,4,0,12,"{'devacc': np.float64(84.6), 'acc': np.float64(84.94), 'ndev': 10662, 'ntest': 10662}","{'devacc': np.float64(87.89), 'acc': np.float64(88.05), 'ndev': 3775, 'ntest': 3775}","{'devacc': np.float64(94.19), 'acc': np.float64(94.26), 'ndev': 10000, 'ntest': 10000}","{'devacc': np.float64(89.27), 'acc': np.float64(89.48), 'ndev': 10606, 'ntest': 10606}","{'devacc': np.float64(89.79), 'acc': 90.88, 'ndev': 872, 'ntest': 1821}","{'devacc': np.float64(85.8), 'acc': 93.2, 'ndev': 5452, 'ntest': 500}","{'devacc': np.float64(70.73), 'acc': 69.45, 'f1': 77.49, 'ndev': 4076, 'ntest': 1725}"
allmpnet,AVG+MAX-NS_LYR-9,"torch.Size([61, 1536])",NORMAL,4,0,12,"{'devacc': np.float64(85.82), 'acc': np.float64(85.84), 'ndev': 10662, 'ntest': 10662}","{'devacc': np.float64(64.22), 'acc': np.float64(66.46), 'ndev': 3775, 'ntest': 3775}","{'devacc': np.float64(95.43), 'acc': np.float64(95.6), 'ndev': 10000, 'ntest': 10000}","{'devacc': np.float64(40.06), 'acc': np.float64(40.06), 'ndev': 10606, 'ntest': 10606}","{'devacc': np.float64(49.08), 'acc': 50.08, 'ndev': 872, 'ntest': 1821}","{'devacc': np.float64(89.38), 'acc': 95.0, 'ndev': 5452, 'ntest': 500}","{'devacc': np.float64(73.11), 'acc': 71.88, 'f1': 79.34, 'ndev': 4076, 'ntest': 1725}"
allmpnet,SUM+MAX_LYR-9,"torch.Size([61, 1536])",NORMAL,4,0,12,"{'devacc': np.float64(84.94), 'acc': np.float64(85.08), 'ndev': 10662, 'ntest': 10662}","{'devacc': np.float64(88.91), 'acc': np.float64(88.64), 'ndev': 3775, 'ntest': 3775}","{'devacc': np.float64(94.28), 'acc': np.float64(94.39), 'ndev': 10000, 'ntest': 10000}","{'devacc': np.float64(88.84), 'acc': np.float64(88.97), 'ndev': 10606, 'ntest': 10606}","{'devacc': np.float64(90.25), 'acc': 90.77, 'ndev': 872, 'ntest': 1821}","{'devacc': np.float64(89.23), 'acc': 95.4, 'ndev': 5452, 'ntest': 500}","{'devacc': np.float64(71.96), 'acc': 72.06, 'f1': 79.19, 'ndev': 4076, 'ntest': 1725}"
allmpnet,SUM+AVG-NS_LYR-9,"torch.Size([61, 1536])",NORMAL,4,0,12,"{'devacc': np.float64(85.2), 'acc': np.float64(85.22), 'ndev': 10662, 'ntest': 10662}","{'devacc': np.float64(88.74), 'acc': np.float64(88.64), 'ndev': 3775, 'ntest': 3775}","{'devacc': np.float64(94.26), 'acc': np.float64(94.4), 'ndev': 10000, 'ntest': 10000}","{'devacc': np.float64(88.97), 'acc': np.float64(89.25), 'ndev': 10606, 'ntest': 10606}","{'devacc': np.float64(90.6), 'acc': 91.05, 'ndev': 872, 'ntest': 1821}","{'devacc': np.float64(88.94), 'acc': 95.4, 'ndev': 5452, 'ntest': 500}","{'devacc': np.float64(71.93), 'acc': 72.58, 'f1': 79.86, 'ndev': 4076, 'ntest': 1725}"
allmpnet,SUM+SUM-NS_LYR-9,"torch.Size([61, 1536])",NORMAL,4,0,12,"{'devacc': np.float64(84.37), 'acc': np.float64(84.54), 'ndev': 10662, 'ntest': 10662}","{'devacc': np.float64(89.12), 'acc': np.float64(89.17), 'ndev': 3775, 'ntest': 3775}","{'devacc': np.float64(94.61), 'acc': np.float64(94.6), 'ndev': 10000, 'ntest': 10000}","{'devacc': np.float64(88.6), 'acc': np.float64(88.58), 'ndev': 10606, 'ntest': 10606}","{'devacc': np.float64(89.56), 'acc': 90.55, 'ndev': 872, 'ntest': 1821}","{'devacc': np.float64(89.36), 'acc': 95.8, 'ndev': 5452, 'ntest': 500}","{'devacc': np.float64(72.2), 'acc': 71.48, 'f1': 78.92, 'ndev': 4076, 'ntest': 1725}"
allmpnet,SUM+MAX-NS_LYR-9,"torch.Size([61, 1536])",NORMAL,4,0,12,"{'devacc': np.float64(84.92), 'acc': np.float64(85.03), 'ndev': 10662, 'ntest': 10662}","{'devacc': np.float64(73.38), 'acc': np.float64(82.14), 'ndev': 3775, 'ntest': 3775}","{'devacc': np.float64(94.29), 'acc': np.float64(94.3), 'ndev': 10000, 'ntest': 10000}","{'devacc': np.float64(40.36), 'acc': np.float64(40.06), 'ndev': 10606, 'ntest': 10606}","{'devacc': np.float64(49.08), 'acc': 50.08, 'ndev': 872, 'ntest': 1821}","{'devacc': np.float64(89.1), 'acc': 95.6, 'ndev': 5452, 'ntest': 500}","{'devacc': np.float64(71.88), 'acc': 71.71, 'f1': 78.97, 'ndev': 4076, 'ntest': 1725}"
allmpnet,MAX+AVG-NS_LYR-9,"torch.Size([61, 1536])",NORMAL,4,0,12,"{'devacc': np.float64(85.56), 'acc': np.float64(85.7), 'ndev': 10662, 'ntest': 10662}","{'devacc': np.float64(90.73), 'acc': np.float64(90.99), 'ndev': 3775, 'ntest': 3775}","{'devacc': np.float64(95.38), 'acc': np.float64(95.53), 'ndev': 10000, 'ntest': 10000}","{'devacc': np.float64(89.8), 'acc': np.float64(89.95), 'ndev': 10606, 'ntest': 10606}","{'devacc': np.float64(88.88), 'acc': 90.88, 'ndev': 872, 'ntest': 1821}","{'devacc': np.float64(90.35), 'acc': 94.8, 'ndev': 5452, 'ntest': 500}","{'devacc': np.float64(73.8), 'acc': 73.28, 'f1': 80.67, 'ndev': 4076, 'ntest': 1725}"
allmpnet,MAX+SUM-NS_LYR-9,"torch.Size([61, 1536])",NORMAL,4,0,12,"{'devacc': np.float64(84.29), 'acc': np.float64(84.45), 'ndev': 10662, 'ntest': 10662}","{'devacc': np.float64(88.29), 'acc': np.float64(88.64), 'ndev': 3775, 'ntest': 3775}","{'devacc': np.float64(94.25), 'acc': np.float64(94.43), 'ndev': 10000, 'ntest': 10000}","{'devacc': np.float64(88.89), 'acc': np.float64(88.88), 'ndev': 10606, 'ntest': 10606}","{'devacc': np.float64(88.76), 'acc': 90.66, 'ndev': 872, 'ntest': 1821}","{'devacc': np.float64(86.92), 'acc': 93.8, 'ndev': 5452, 'ntest': 500}","{'devacc': np.float64(71.27), 'acc': 70.38, 'f1': 78.15, 'ndev': 4076, 'ntest': 1725}"
allmpnet,MAX+MAX-NS_LYR-9,"torch.Size([61, 1536])",NORMAL,4,0,12,"{'devacc': np.float64(84.4), 'acc': np.float64(84.48), 'ndev': 10662, 'ntest': 10662}","{'devacc': np.float64(64.07), 'acc': np.float64(66.22), 'ndev': 3775, 'ntest': 3775}","{'devacc': np.float64(94.56), 'acc': np.float64(94.68), 'ndev': 10000, 'ntest': 10000}","{'devacc': np.float64(40.06), 'acc': np.float64(40.06), 'ndev': 10606, 'ntest': 10606}","{'devacc': np.float64(49.08), 'acc': 50.08, 'ndev': 872, 'ntest': 1821}","{'devacc': np.float64(89.6), 'acc': 94.2, 'ndev': 5452, 'ntest': 500}","{'devacc': np.float64(71.81), 'acc': 71.19, 'f1': 78.72, 'ndev': 4076, 'ntest': 1725}"
allmpnet,AVG-NS+SUM-NS_LYR-9,"torch.Size([61, 1536])",NORMAL,4,0,12,"{'devacc': np.float64(84.46), 'acc': np.float64(84.79), 'ndev': 10662, 'ntest': 10662}","{'devacc': np.float64(87.82), 'acc': np.float64(87.84), 'ndev': 3775, 'ntest': 3775}","{'devacc': np.float64(94.17), 'acc': np.float64(94.35), 'ndev': 10000, 'ntest': 10000}","{'devacc': np.float64(88.88), 'acc': np.float64(88.99), 'ndev': 10606, 'ntest': 10606}","{'devacc': np.float64(90.02), 'acc': 90.72, 'ndev': 872, 'ntest': 1821}","{'devacc': np.float64(84.74), 'acc': 92.4, 'ndev': 5452, 'ntest': 500}","{'devacc': np.float64(70.83), 'acc': 69.86, 'f1': 77.66, 'ndev': 4076, 'ntest': 1725}"
allmpnet,AVG-NS+MAX-NS_LYR-9,"torch.Size([61, 1536])",NORMAL,4,0,12,"{'devacc': np.float64(85.21), 'acc': np.float64(85.19), 'ndev': 10662, 'ntest': 10662}","{'devacc': np.float64(64.15), 'acc': np.float64(66.17), 'ndev': 3775, 'ntest': 3775}","{'devacc': np.float64(95.22), 'acc': np.float64(95.24), 'ndev': 10000, 'ntest': 10000}","{'devacc': np.float64(40.06), 'acc': np.float64(40.06), 'ndev': 10606, 'ntest': 10606}","{'devacc': np.float64(49.08), 'acc': 50.08, 'ndev': 872, 'ntest': 1821}","{'devacc': np.float64(86.39), 'acc': 92.8, 'ndev': 5452, 'ntest': 500}","{'devacc': np.float64(72.0), 'acc': 71.54, 'f1': 79.19, 'ndev': 4076, 'ntest': 1725}"
allmpnet,SUM-NS+MAX-NS_LYR-9,"torch.Size([61, 1536])",NORMAL,4,0,12,"{'devacc': np.float64(84.16), 'acc': np.float64(84.18), 'ndev': 10662, 'ntest': 10662}","{'devacc': np.float64(68.94), 'acc': np.float64(68.07), 'ndev': 3775, 'ntest': 3775}","{'devacc': np.float64(94.22), 'acc': np.float64(94.2), 'ndev': 10000, 'ntest': 10000}","{'devacc': np.float64(40.36), 'acc': np.float64(40.06), 'ndev': 10606, 'ntest': 10606}","{'devacc': np.float64(49.08), 'acc': 50.08, 'ndev': 872, 'ntest': 1821}","{'devacc': np.float64(85.6), 'acc': 93.0, 'ndev': 5452, 'ntest': 500}","{'devacc': np.float64(70.63), 'acc': 70.67, 'f1': 78.32, 'ndev': 4076, 'ntest': 1725}"
allmpnet,CLS+AVG_LYR-10,"torch.Size([61, 1536])",NORMAL,4,0,12,"{'devacc': np.float64(86.79), 'acc': np.float64(86.82), 'ndev': 10662, 'ntest': 10662}","{'devacc': np.float64(91.14), 'acc': np.float64(91.1), 'ndev': 3775, 'ntest': 3775}","{'devacc': np.float64(95.72), 'acc': np.float64(95.66), 'ndev': 10000, 'ntest': 10000}","{'devacc': np.float64(90.45), 'acc': np.float64(90.48), 'ndev': 10606, 'ntest': 10606}","{'devacc': np.float64(90.6), 'acc': 90.28, 'ndev': 872, 'ntest': 1821}","{'devacc': np.float64(91.69), 'acc': 96.8, 'ndev': 5452, 'ntest': 500}","{'devacc': np.float64(77.11), 'acc': 75.3, 'f1': 82.61, 'ndev': 4076, 'ntest': 1725}"
allmpnet,CLS+SUM_LYR-10,"torch.Size([61, 1536])",NORMAL,4,0,12,"{'devacc': np.float64(84.9), 'acc': np.float64(84.63), 'ndev': 10662, 'ntest': 10662}","{'devacc': np.float64(88.41), 'acc': np.float64(88.66), 'ndev': 3775, 'ntest': 3775}","{'devacc': np.float64(94.14), 'acc': np.float64(94.08), 'ndev': 10000, 'ntest': 10000}","{'devacc': np.float64(88.92), 'acc': np.float64(89.13), 'ndev': 10606, 'ntest': 10606}","{'devacc': np.float64(89.91), 'acc': 90.06, 'ndev': 872, 'ntest': 1821}","{'devacc': np.float64(89.67), 'acc': 95.2, 'ndev': 5452, 'ntest': 500}","{'devacc': np.float64(72.72), 'acc': 71.54, 'f1': 79.01, 'ndev': 4076, 'ntest': 1725}"
allmpnet,CLS+MAX_LYR-10,"torch.Size([61, 1536])",NORMAL,4,0,12,"{'devacc': np.float64(84.88), 'acc': np.float64(84.75), 'ndev': 10662, 'ntest': 10662}","{'devacc': np.float64(89.13), 'acc': np.float64(89.48), 'ndev': 3775, 'ntest': 3775}","{'devacc': np.float64(94.27), 'acc': np.float64(94.41), 'ndev': 10000, 'ntest': 10000}","{'devacc': np.float64(89.06), 'acc': np.float64(89.23), 'ndev': 10606, 'ntest': 10606}","{'devacc': np.float64(88.99), 'acc': 90.55, 'ndev': 872, 'ntest': 1821}","{'devacc': np.float64(89.88), 'acc': 94.0, 'ndev': 5452, 'ntest': 500}","{'devacc': np.float64(74.56), 'acc': 73.04, 'f1': 80.03, 'ndev': 4076, 'ntest': 1725}"
allmpnet,CLS+AVG-NS_LYR-10,"torch.Size([61, 1536])",NORMAL,4,0,12,"{'devacc': np.float64(86.1), 'acc': np.float64(86.1), 'ndev': 10662, 'ntest': 10662}","{'devacc': np.float64(90.2), 'acc': np.float64(90.3), 'ndev': 3775, 'ntest': 3775}","{'devacc': np.float64(95.28), 'acc': np.float64(95.41), 'ndev': 10000, 'ntest': 10000}","{'devacc': np.float64(89.69), 'acc': np.float64(89.94), 'ndev': 10606, 'ntest': 10606}","{'devacc': np.float64(91.28), 'acc': 90.17, 'ndev': 872, 'ntest': 1821}","{'devacc': np.float64(86.19), 'acc': 92.4, 'ndev': 5452, 'ntest': 500}","{'devacc': np.float64(74.68), 'acc': 74.2, 'f1': 81.95, 'ndev': 4076, 'ntest': 1725}"
allmpnet,CLS+SUM-NS_LYR-10,"torch.Size([61, 1536])",NORMAL,4,0,12,"{'devacc': np.float64(84.34), 'acc': np.float64(84.68), 'ndev': 10662, 'ntest': 10662}","{'devacc': np.float64(87.57), 'acc': np.float64(87.76), 'ndev': 3775, 'ntest': 3775}","{'devacc': np.float64(93.99), 'acc': np.float64(93.97), 'ndev': 10000, 'ntest': 10000}","{'devacc': np.float64(88.6), 'acc': np.float64(89.0), 'ndev': 10606, 'ntest': 10606}","{'devacc': np.float64(91.06), 'acc': 90.17, 'ndev': 872, 'ntest': 1821}","{'devacc': np.float64(84.24), 'acc': 89.8, 'ndev': 5452, 'ntest': 500}","{'devacc': np.float64(72.25), 'acc': 68.87, 'f1': 76.9, 'ndev': 4076, 'ntest': 1725}"
allmpnet,CLS+MAX-NS_LYR-10,"torch.Size([61, 1536])",NORMAL,4,0,12,"{'devacc': np.float64(84.22), 'acc': np.float64(84.21), 'ndev': 10662, 'ntest': 10662}","{'devacc': np.float64(63.89), 'acc': np.float64(66.06), 'ndev': 3775, 'ntest': 3775}","{'devacc': np.float64(93.68), 'acc': np.float64(93.83), 'ndev': 10000, 'ntest': 10000}","{'devacc': np.float64(40.06), 'acc': np.float64(40.06), 'ndev': 10606, 'ntest': 10606}","{'devacc': np.float64(49.08), 'acc': 50.03, 'ndev': 872, 'ntest': 1821}","{'devacc': np.float64(84.06), 'acc': 89.4, 'ndev': 5452, 'ntest': 500}","{'devacc': np.float64(72.69), 'acc': 73.16, 'f1': 80.24, 'ndev': 4076, 'ntest': 1725}"
allmpnet,AVG+SUM_LYR-10,"torch.Size([61, 1536])",NORMAL,4,0,12,"{'devacc': np.float64(84.9), 'acc': np.float64(84.7), 'ndev': 10662, 'ntest': 10662}","{'devacc': np.float64(88.48), 'acc': np.float64(88.48), 'ndev': 3775, 'ntest': 3775}","{'devacc': np.float64(94.11), 'acc': np.float64(94.02), 'ndev': 10000, 'ntest': 10000}","{'devacc': np.float64(89.12), 'acc': np.float64(89.16), 'ndev': 10606, 'ntest': 10606}","{'devacc': np.float64(89.68), 'acc': 89.46, 'ndev': 872, 'ntest': 1821}","{'devacc': np.float64(89.82), 'acc': 95.6, 'ndev': 5452, 'ntest': 500}","{'devacc': np.float64(72.65), 'acc': 71.19, 'f1': 78.61, 'ndev': 4076, 'ntest': 1725}"
allmpnet,AVG+MAX_LYR-10,"torch.Size([61, 1536])",NORMAL,4,0,12,"{'devacc': np.float64(86.04), 'acc': np.float64(86.07), 'ndev': 10662, 'ntest': 10662}","{'devacc': np.float64(90.53), 'acc': np.float64(90.84), 'ndev': 3775, 'ntest': 3775}","{'devacc': np.float64(95.29), 'acc': np.float64(95.35), 'ndev': 10000, 'ntest': 10000}","{'devacc': np.float64(89.71), 'acc': np.float64(89.94), 'ndev': 10606, 'ntest': 10606}","{'devacc': np.float64(90.6), 'acc': 90.39, 'ndev': 872, 'ntest': 1821}","{'devacc': np.float64(91.67), 'acc': 95.2, 'ndev': 5452, 'ntest': 500}","{'devacc': np.float64(75.05), 'acc': 74.9, 'f1': 81.58, 'ndev': 4076, 'ntest': 1725}"
allmpnet,AVG+AVG-NS_LYR-10,"torch.Size([61, 1536])",NORMAL,4,0,12,"{'devacc': np.float64(86.61), 'acc': np.float64(86.55), 'ndev': 10662, 'ntest': 10662}","{'devacc': np.float64(91.19), 'acc': np.float64(91.36), 'ndev': 3775, 'ntest': 3775}","{'devacc': np.float64(95.71), 'acc': np.float64(95.72), 'ndev': 10000, 'ntest': 10000}","{'devacc': np.float64(90.29), 'acc': np.float64(90.46), 'ndev': 10606, 'ntest': 10606}","{'devacc': np.float64(91.17), 'acc': 90.61, 'ndev': 872, 'ntest': 1821}","{'devacc': np.float64(91.45), 'acc': 96.0, 'ndev': 5452, 'ntest': 500}","{'devacc': np.float64(76.74), 'acc': 75.59, 'f1': 82.71, 'ndev': 4076, 'ntest': 1725}"
allmpnet,AVG+SUM-NS_LYR-10,"torch.Size([61, 1536])",NORMAL,4,0,12,"{'devacc': np.float64(84.69), 'acc': np.float64(84.92), 'ndev': 10662, 'ntest': 10662}","{'devacc': np.float64(88.04), 'acc': np.float64(87.9), 'ndev': 3775, 'ntest': 3775}","{'devacc': np.float64(94.03), 'acc': np.float64(94.13), 'ndev': 10000, 'ntest': 10000}","{'devacc': np.float64(89.39), 'acc': np.float64(89.73), 'ndev': 10606, 'ntest': 10606}","{'devacc': np.float64(90.14), 'acc': 90.06, 'ndev': 872, 'ntest': 1821}","{'devacc': np.float64(86.39), 'acc': 93.0, 'ndev': 5452, 'ntest': 500}","{'devacc': np.float64(71.93), 'acc': 69.57, 'f1': 77.42, 'ndev': 4076, 'ntest': 1725}"
allmpnet,AVG+MAX-NS_LYR-10,"torch.Size([61, 1536])",NORMAL,4,0,12,"{'devacc': np.float64(86.06), 'acc': np.float64(85.99), 'ndev': 10662, 'ntest': 10662}","{'devacc': np.float64(64.19), 'acc': np.float64(66.38), 'ndev': 3775, 'ntest': 3775}","{'devacc': np.float64(95.22), 'acc': np.float64(95.3), 'ndev': 10000, 'ntest': 10000}","{'devacc': np.float64(40.06), 'acc': np.float64(40.06), 'ndev': 10606, 'ntest': 10606}","{'devacc': np.float64(49.08), 'acc': 50.03, 'ndev': 872, 'ntest': 1821}","{'devacc': np.float64(90.59), 'acc': 95.8, 'ndev': 5452, 'ntest': 500}","{'devacc': np.float64(74.51), 'acc': 75.07, 'f1': 81.75, 'ndev': 4076, 'ntest': 1725}"
allmpnet,SUM+MAX_LYR-10,"torch.Size([61, 1536])",NORMAL,4,0,12,"{'devacc': np.float64(84.83), 'acc': np.float64(84.73), 'ndev': 10662, 'ntest': 10662}","{'devacc': np.float64(88.68), 'acc': np.float64(88.61), 'ndev': 3775, 'ntest': 3775}","{'devacc': np.float64(94.18), 'acc': np.float64(94.01), 'ndev': 10000, 'ntest': 10000}","{'devacc': np.float64(88.76), 'acc': np.float64(88.76), 'ndev': 10606, 'ntest': 10606}","{'devacc': np.float64(89.91), 'acc': 90.01, 'ndev': 872, 'ntest': 1821}","{'devacc': np.float64(89.97), 'acc': 95.6, 'ndev': 5452, 'ntest': 500}","{'devacc': np.float64(72.79), 'acc': 72.06, 'f1': 79.22, 'ndev': 4076, 'ntest': 1725}"
allmpnet,SUM+AVG-NS_LYR-10,"torch.Size([61, 1536])",NORMAL,4,0,12,"{'devacc': np.float64(84.88), 'acc': np.float64(84.86), 'ndev': 10662, 'ntest': 10662}","{'devacc': np.float64(88.51), 'acc': np.float64(88.5), 'ndev': 3775, 'ntest': 3775}","{'devacc': np.float64(94.16), 'acc': np.float64(94.04), 'ndev': 10000, 'ntest': 10000}","{'devacc': np.float64(88.96), 'acc': np.float64(89.37), 'ndev': 10606, 'ntest': 10606}","{'devacc': np.float64(90.37), 'acc': 89.62, 'ndev': 872, 'ntest': 1821}","{'devacc': np.float64(89.8), 'acc': 95.2, 'ndev': 5452, 'ntest': 500}","{'devacc': np.float64(72.62), 'acc': 71.13, 'f1': 78.81, 'ndev': 4076, 'ntest': 1725}"
allmpnet,SUM+SUM-NS_LYR-10,"torch.Size([61, 1536])",NORMAL,4,0,12,"{'devacc': np.float64(84.47), 'acc': np.float64(84.42), 'ndev': 10662, 'ntest': 10662}","{'devacc': np.float64(88.77), 'acc': np.float64(88.61), 'ndev': 3775, 'ntest': 3775}","{'devacc': np.float64(94.34), 'acc': np.float64(94.12), 'ndev': 10000, 'ntest': 10000}","{'devacc': np.float64(88.55), 'acc': np.float64(89.01), 'ndev': 10606, 'ntest': 10606}","{'devacc': np.float64(90.48), 'acc': 90.5, 'ndev': 872, 'ntest': 1821}","{'devacc': np.float64(89.93), 'acc': 95.2, 'ndev': 5452, 'ntest': 500}","{'devacc': np.float64(72.5), 'acc': 71.07, 'f1': 78.63, 'ndev': 4076, 'ntest': 1725}"
allmpnet,SUM+MAX-NS_LYR-10,"torch.Size([61, 1536])",NORMAL,4,0,12,"{'devacc': np.float64(84.8), 'acc': np.float64(84.57), 'ndev': 10662, 'ntest': 10662}","{'devacc': np.float64(80.11), 'acc': np.float64(83.07), 'ndev': 3775, 'ntest': 3775}","{'devacc': np.float64(94.14), 'acc': np.float64(94.04), 'ndev': 10000, 'ntest': 10000}","{'devacc': np.float64(40.36), 'acc': np.float64(40.06), 'ndev': 10606, 'ntest': 10606}","{'devacc': np.float64(49.08), 'acc': 50.03, 'ndev': 872, 'ntest': 1821}","{'devacc': np.float64(90.15), 'acc': 95.0, 'ndev': 5452, 'ntest': 500}","{'devacc': np.float64(72.94), 'acc': 71.48, 'f1': 79.1, 'ndev': 4076, 'ntest': 1725}"
allmpnet,MAX+AVG-NS_LYR-10,"torch.Size([61, 1536])",NORMAL,4,0,12,"{'devacc': np.float64(85.73), 'acc': np.float64(85.75), 'ndev': 10662, 'ntest': 10662}","{'devacc': np.float64(90.17), 'acc': np.float64(90.62), 'ndev': 3775, 'ntest': 3775}","{'devacc': np.float64(95.1), 'acc': np.float64(95.13), 'ndev': 10000, 'ntest': 10000}","{'devacc': np.float64(89.73), 'acc': np.float64(89.81), 'ndev': 10606, 'ntest': 10606}","{'devacc': np.float64(90.02), 'acc': 90.88, 'ndev': 872, 'ntest': 1821}","{'devacc': np.float64(91.07), 'acc': 95.4, 'ndev': 5452, 'ntest': 500}","{'devacc': np.float64(74.34), 'acc': 74.14, 'f1': 80.97, 'ndev': 4076, 'ntest': 1725}"
allmpnet,MAX+SUM-NS_LYR-10,"torch.Size([61, 1536])",NORMAL,4,0,12,"{'devacc': np.float64(84.58), 'acc': np.float64(84.45), 'ndev': 10662, 'ntest': 10662}","{'devacc': np.float64(88.39), 'acc': np.float64(88.16), 'ndev': 3775, 'ntest': 3775}","{'devacc': np.float64(94.13), 'acc': np.float64(94.2), 'ndev': 10000, 'ntest': 10000}","{'devacc': np.float64(88.99), 'acc': np.float64(89.31), 'ndev': 10606, 'ntest': 10606}","{'devacc': np.float64(90.02), 'acc': 89.68, 'ndev': 872, 'ntest': 1821}","{'devacc': np.float64(87.69), 'acc': 94.6, 'ndev': 5452, 'ntest': 500}","{'devacc': np.float64(72.3), 'acc': 71.25, 'f1': 79.05, 'ndev': 4076, 'ntest': 1725}"
allmpnet,MAX+MAX-NS_LYR-10,"torch.Size([61, 1536])",NORMAL,4,0,12,"{'devacc': np.float64(84.57), 'acc': np.float64(84.52), 'ndev': 10662, 'ntest': 10662}","{'devacc': np.float64(63.94), 'acc': np.float64(66.25), 'ndev': 3775, 'ntest': 3775}","{'devacc': np.float64(94.12), 'acc': np.float64(94.3), 'ndev': 10000, 'ntest': 10000}","{'devacc': np.float64(40.06), 'acc': np.float64(40.06), 'ndev': 10606, 'ntest': 10606}","{'devacc': np.float64(49.08), 'acc': 50.03, 'ndev': 872, 'ntest': 1821}","{'devacc': np.float64(90.1), 'acc': 95.0, 'ndev': 5452, 'ntest': 500}","{'devacc': np.float64(72.67), 'acc': 72.81, 'f1': 79.69, 'ndev': 4076, 'ntest': 1725}"
allmpnet,AVG-NS+SUM-NS_LYR-10,"torch.Size([61, 1536])",NORMAL,4,0,12,"{'devacc': np.float64(84.45), 'acc': np.float64(84.8), 'ndev': 10662, 'ntest': 10662}","{'devacc': np.float64(87.75), 'acc': np.float64(87.55), 'ndev': 3775, 'ntest': 3775}","{'devacc': np.float64(94.0), 'acc': np.float64(93.98), 'ndev': 10000, 'ntest': 10000}","{'devacc': np.float64(88.81), 'acc': np.float64(89.02), 'ndev': 10606, 'ntest': 10606}","{'devacc': np.float64(90.94), 'acc': 89.79, 'ndev': 872, 'ntest': 1821}","{'devacc': np.float64(84.56), 'acc': 90.6, 'ndev': 5452, 'ntest': 500}","{'devacc': np.float64(72.08), 'acc': 69.57, 'f1': 77.54, 'ndev': 4076, 'ntest': 1725}"
allmpnet,AVG-NS+MAX-NS_LYR-10,"torch.Size([61, 1536])",NORMAL,4,0,12,"{'devacc': np.float64(85.51), 'acc': np.float64(85.54), 'ndev': 10662, 'ntest': 10662}","{'devacc': np.float64(64.02), 'acc': np.float64(66.17), 'ndev': 3775, 'ntest': 3775}","{'devacc': np.float64(94.76), 'acc': np.float64(94.96), 'ndev': 10000, 'ntest': 10000}","{'devacc': np.float64(40.06), 'acc': np.float64(40.06), 'ndev': 10606, 'ntest': 10606}","{'devacc': np.float64(49.08), 'acc': 50.03, 'ndev': 872, 'ntest': 1821}","{'devacc': np.float64(86.55), 'acc': 91.6, 'ndev': 5452, 'ntest': 500}","{'devacc': np.float64(72.89), 'acc': 73.68, 'f1': 80.71, 'ndev': 4076, 'ntest': 1725}"
allmpnet,SUM-NS+MAX-NS_LYR-10,"torch.Size([61, 1536])",NORMAL,4,0,12,"{'devacc': np.float64(84.24), 'acc': np.float64(84.26), 'ndev': 10662, 'ntest': 10662}","{'devacc': np.float64(69.86), 'acc': np.float64(65.98), 'ndev': 3775, 'ntest': 3775}","{'devacc': np.float64(94.03), 'acc': np.float64(93.98), 'ndev': 10000, 'ntest': 10000}","{'devacc': np.float64(40.36), 'acc': np.float64(40.06), 'ndev': 10606, 'ntest': 10606}","{'devacc': np.float64(49.08), 'acc': 50.03, 'ndev': 872, 'ntest': 1821}","{'devacc': np.float64(85.2), 'acc': 91.2, 'ndev': 5452, 'ntest': 500}","{'devacc': np.float64(72.15), 'acc': 70.26, 'f1': 78.53, 'ndev': 4076, 'ntest': 1725}"
allmpnet,CLS+AVG_LYR-11,"torch.Size([61, 1536])",NORMAL,4,0,12,"{'devacc': np.float64(86.27), 'acc': np.float64(86.09), 'ndev': 10662, 'ntest': 10662}","{'devacc': np.float64(90.06), 'acc': np.float64(90.3), 'ndev': 3775, 'ntest': 3775}","{'devacc': np.float64(95.29), 'acc': np.float64(95.12), 'ndev': 10000, 'ntest': 10000}","{'devacc': np.float64(90.27), 'acc': np.float64(90.31), 'ndev': 10606, 'ntest': 10606}","{'devacc': np.float64(89.91), 'acc': 90.06, 'ndev': 872, 'ntest': 1821}","{'devacc': np.float64(90.96), 'acc': 96.4, 'ndev': 5452, 'ntest': 500}","{'devacc': np.float64(76.35), 'acc': 75.77, 'f1': 82.83, 'ndev': 4076, 'ntest': 1725}"
allmpnet,CLS+SUM_LYR-11,"torch.Size([61, 1536])",NORMAL,4,0,12,"{'devacc': np.float64(84.72), 'acc': np.float64(84.68), 'ndev': 10662, 'ntest': 10662}","{'devacc': np.float64(87.43), 'acc': np.float64(87.95), 'ndev': 3775, 'ntest': 3775}","{'devacc': np.float64(93.95), 'acc': np.float64(94.07), 'ndev': 10000, 'ntest': 10000}","{'devacc': np.float64(88.83), 'acc': np.float64(89.0), 'ndev': 10606, 'ntest': 10606}","{'devacc': np.float64(90.25), 'acc': 89.62, 'ndev': 872, 'ntest': 1821}","{'devacc': np.float64(89.2), 'acc': 94.4, 'ndev': 5452, 'ntest': 500}","{'devacc': np.float64(73.13), 'acc': 73.57, 'f1': 80.43, 'ndev': 4076, 'ntest': 1725}"
allmpnet,CLS+MAX_LYR-11,"torch.Size([61, 1536])",NORMAL,4,0,12,"{'devacc': np.float64(84.32), 'acc': np.float64(84.37), 'ndev': 10662, 'ntest': 10662}","{'devacc': np.float64(87.51), 'acc': np.float64(88.03), 'ndev': 3775, 'ntest': 3775}","{'devacc': np.float64(93.93), 'acc': np.float64(94.0), 'ndev': 10000, 'ntest': 10000}","{'devacc': np.float64(89.19), 'acc': np.float64(89.35), 'ndev': 10606, 'ntest': 10606}","{'devacc': np.float64(87.5), 'acc': 88.63, 'ndev': 872, 'ntest': 1821}","{'devacc': np.float64(89.36), 'acc': 96.2, 'ndev': 5452, 'ntest': 500}","{'devacc': np.float64(74.12), 'acc': 72.7, 'f1': 80.02, 'ndev': 4076, 'ntest': 1725}"
allmpnet,CLS+AVG-NS_LYR-11,"torch.Size([61, 1536])",NORMAL,4,0,12,"{'devacc': np.float64(85.72), 'acc': np.float64(85.81), 'ndev': 10662, 'ntest': 10662}","{'devacc': np.float64(89.22), 'acc': np.float64(89.56), 'ndev': 3775, 'ntest': 3775}","{'devacc': np.float64(94.99), 'acc': np.float64(94.95), 'ndev': 10000, 'ntest': 10000}","{'devacc': np.float64(89.6), 'acc': np.float64(89.68), 'ndev': 10606, 'ntest': 10606}","{'devacc': np.float64(89.56), 'acc': 89.46, 'ndev': 872, 'ntest': 1821}","{'devacc': np.float64(86.78), 'acc': 90.8, 'ndev': 5452, 'ntest': 500}","{'devacc': np.float64(75.54), 'acc': 74.96, 'f1': 82.24, 'ndev': 4076, 'ntest': 1725}"
allmpnet,CLS+SUM-NS_LYR-11,"torch.Size([61, 1536])",NORMAL,4,0,12,"{'devacc': np.float64(84.08), 'acc': np.float64(84.1), 'ndev': 10662, 'ntest': 10662}","{'devacc': np.float64(86.85), 'acc': np.float64(86.91), 'ndev': 3775, 'ntest': 3775}","{'devacc': np.float64(93.75), 'acc': np.float64(93.79), 'ndev': 10000, 'ntest': 10000}","{'devacc': np.float64(88.64), 'acc': np.float64(88.7), 'ndev': 10606, 'ntest': 10606}","{'devacc': np.float64(90.14), 'acc': 89.73, 'ndev': 872, 'ntest': 1821}","{'devacc': np.float64(84.65), 'acc': 88.8, 'ndev': 5452, 'ntest': 500}","{'devacc': np.float64(72.55), 'acc': 72.58, 'f1': 80.02, 'ndev': 4076, 'ntest': 1725}"
allmpnet,CLS+MAX-NS_LYR-11,"torch.Size([61, 1536])",NORMAL,4,0,12,"{'devacc': np.float64(83.69), 'acc': np.float64(83.58), 'ndev': 10662, 'ntest': 10662}","{'devacc': np.float64(63.73), 'acc': np.float64(66.12), 'ndev': 3775, 'ntest': 3775}","{'devacc': np.float64(93.4), 'acc': np.float64(93.52), 'ndev': 10000, 'ntest': 10000}","{'devacc': np.float64(31.98), 'acc': np.float64(31.98), 'ndev': 10606, 'ntest': 10606}","{'devacc': np.float64(49.08), 'acc': 50.08, 'ndev': 872, 'ntest': 1821}","{'devacc': np.float64(83.73), 'acc': 90.8, 'ndev': 5452, 'ntest': 500}","{'devacc': np.float64(72.62), 'acc': 72.75, 'f1': 80.22, 'ndev': 4076, 'ntest': 1725}"
allmpnet,AVG+SUM_LYR-11,"torch.Size([61, 1536])",NORMAL,4,0,12,"{'devacc': np.float64(84.68), 'acc': np.float64(84.32), 'ndev': 10662, 'ntest': 10662}","{'devacc': np.float64(87.4), 'acc': np.float64(88.08), 'ndev': 3775, 'ntest': 3775}","{'devacc': np.float64(93.93), 'acc': np.float64(93.99), 'ndev': 10000, 'ntest': 10000}","{'devacc': np.float64(89.04), 'acc': np.float64(89.15), 'ndev': 10606, 'ntest': 10606}","{'devacc': np.float64(89.56), 'acc': 90.33, 'ndev': 872, 'ntest': 1821}","{'devacc': np.float64(89.2), 'acc': 95.0, 'ndev': 5452, 'ntest': 500}","{'devacc': np.float64(73.06), 'acc': 73.57, 'f1': 80.73, 'ndev': 4076, 'ntest': 1725}"
allmpnet,AVG+MAX_LYR-11,"torch.Size([61, 1536])",NORMAL,4,0,12,"{'devacc': np.float64(85.59), 'acc': np.float64(85.7), 'ndev': 10662, 'ntest': 10662}","{'devacc': np.float64(89.18), 'acc': np.float64(89.24), 'ndev': 3775, 'ntest': 3775}","{'devacc': np.float64(95.09), 'acc': np.float64(95.13), 'ndev': 10000, 'ntest': 10000}","{'devacc': np.float64(89.75), 'acc': np.float64(89.93), 'ndev': 10606, 'ntest': 10606}","{'devacc': np.float64(89.68), 'acc': 89.57, 'ndev': 872, 'ntest': 1821}","{'devacc': np.float64(90.63), 'acc': 96.4, 'ndev': 5452, 'ntest': 500}","{'devacc': np.float64(75.15), 'acc': 74.55, 'f1': 81.45, 'ndev': 4076, 'ntest': 1725}"
allmpnet,AVG+AVG-NS_LYR-11,"torch.Size([61, 1536])",NORMAL,4,0,12,"{'devacc': np.float64(86.11), 'acc': np.float64(86.07), 'ndev': 10662, 'ntest': 10662}","{'devacc': np.float64(89.9), 'acc': np.float64(90.62), 'ndev': 3775, 'ntest': 3775}","{'devacc': np.float64(95.33), 'acc': np.float64(95.2), 'ndev': 10000, 'ntest': 10000}","{'devacc': np.float64(89.94), 'acc': np.float64(90.01), 'ndev': 10606, 'ntest': 10606}","{'devacc': np.float64(90.25), 'acc': 90.55, 'ndev': 872, 'ntest': 1821}","{'devacc': np.float64(90.81), 'acc': 96.4, 'ndev': 5452, 'ntest': 500}","{'devacc': np.float64(75.86), 'acc': 75.01, 'f1': 82.17, 'ndev': 4076, 'ntest': 1725}"
allmpnet,AVG+SUM-NS_LYR-11,"torch.Size([61, 1536])",NORMAL,4,0,12,"{'devacc': np.float64(84.21), 'acc': np.float64(84.12), 'ndev': 10662, 'ntest': 10662}","{'devacc': np.float64(86.92), 'acc': np.float64(86.89), 'ndev': 3775, 'ntest': 3775}","{'devacc': np.float64(93.87), 'acc': np.float64(93.9), 'ndev': 10000, 'ntest': 10000}","{'devacc': np.float64(89.24), 'acc': np.float64(89.45), 'ndev': 10606, 'ntest': 10606}","{'devacc': np.float64(90.6), 'acc': 89.62, 'ndev': 872, 'ntest': 1821}","{'devacc': np.float64(86.1), 'acc': 90.6, 'ndev': 5452, 'ntest': 500}","{'devacc': np.float64(72.47), 'acc': 72.81, 'f1': 80.2, 'ndev': 4076, 'ntest': 1725}"
allmpnet,AVG+MAX-NS_LYR-11,"torch.Size([61, 1536])",NORMAL,4,0,12,"{'devacc': np.float64(85.52), 'acc': np.float64(85.78), 'ndev': 10662, 'ntest': 10662}","{'devacc': np.float64(63.98), 'acc': np.float64(66.28), 'ndev': 3775, 'ntest': 3775}","{'devacc': np.float64(95.0), 'acc': np.float64(95.04), 'ndev': 10000, 'ntest': 10000}","{'devacc': np.float64(31.98), 'acc': np.float64(31.98), 'ndev': 10606, 'ntest': 10606}","{'devacc': np.float64(49.08), 'acc': 50.08, 'ndev': 872, 'ntest': 1821}","{'devacc': np.float64(90.0), 'acc': 95.8, 'ndev': 5452, 'ntest': 500}","{'devacc': np.float64(74.36), 'acc': 75.07, 'f1': 81.81, 'ndev': 4076, 'ntest': 1725}"
allmpnet,SUM+MAX_LYR-11,"torch.Size([61, 1536])",NORMAL,4,0,12,"{'devacc': np.float64(84.59), 'acc': np.float64(84.34), 'ndev': 10662, 'ntest': 10662}","{'devacc': np.float64(87.44), 'acc': np.float64(88.0), 'ndev': 3775, 'ntest': 3775}","{'devacc': np.float64(93.97), 'acc': np.float64(93.92), 'ndev': 10000, 'ntest': 10000}","{'devacc': np.float64(88.76), 'acc': np.float64(88.83), 'ndev': 10606, 'ntest': 10606}","{'devacc': np.float64(90.14), 'acc': 90.17, 'ndev': 872, 'ntest': 1821}","{'devacc': np.float64(89.56), 'acc': 94.6, 'ndev': 5452, 'ntest': 500}","{'devacc': np.float64(72.91), 'acc': 73.62, 'f1': 80.43, 'ndev': 4076, 'ntest': 1725}"
allmpnet,SUM+AVG-NS_LYR-11,"torch.Size([61, 1536])",NORMAL,4,0,12,"{'devacc': np.float64(84.68), 'acc': np.float64(84.57), 'ndev': 10662, 'ntest': 10662}","{'devacc': np.float64(87.43), 'acc': np.float64(87.94), 'ndev': 3775, 'ntest': 3775}","{'devacc': np.float64(93.96), 'acc': np.float64(93.98), 'ndev': 10000, 'ntest': 10000}","{'devacc': np.float64(88.89), 'acc': np.float64(88.85), 'ndev': 10606, 'ntest': 10606}","{'devacc': np.float64(90.02), 'acc': 90.12, 'ndev': 872, 'ntest': 1821}","{'devacc': np.float64(89.53), 'acc': 94.6, 'ndev': 5452, 'ntest': 500}","{'devacc': np.float64(72.99), 'acc': 73.04, 'f1': 79.79, 'ndev': 4076, 'ntest': 1725}"
allmpnet,SUM+SUM-NS_LYR-11,"torch.Size([61, 1536])",NORMAL,4,0,12,"{'devacc': np.float64(84.13), 'acc': np.float64(84.17), 'ndev': 10662, 'ntest': 10662}","{'devacc': np.float64(87.8), 'acc': np.float64(87.97), 'ndev': 3775, 'ntest': 3775}","{'devacc': np.float64(93.92), 'acc': np.float64(93.95), 'ndev': 10000, 'ntest': 10000}","{'devacc': np.float64(88.41), 'acc': np.float64(88.46), 'ndev': 10606, 'ntest': 10606}","{'devacc': np.float64(89.45), 'acc': 90.61, 'ndev': 872, 'ntest': 1821}","{'devacc': np.float64(89.47), 'acc': 94.2, 'ndev': 5452, 'ntest': 500}","{'devacc': np.float64(73.01), 'acc': 73.22, 'f1': 80.24, 'ndev': 4076, 'ntest': 1725}"
allmpnet,SUM+MAX-NS_LYR-11,"torch.Size([61, 1536])",NORMAL,4,0,12,"{'devacc': np.float64(84.6), 'acc': np.float64(84.49), 'ndev': 10662, 'ntest': 10662}","{'devacc': np.float64(78.18), 'acc': np.float64(80.47), 'ndev': 3775, 'ntest': 3775}","{'devacc': np.float64(93.91), 'acc': np.float64(94.0), 'ndev': 10000, 'ntest': 10000}","{'devacc': np.float64(32.35), 'acc': np.float64(35.71), 'ndev': 10606, 'ntest': 10606}","{'devacc': np.float64(49.08), 'acc': 50.08, 'ndev': 872, 'ntest': 1821}","{'devacc': np.float64(89.71), 'acc': 94.8, 'ndev': 5452, 'ntest': 500}","{'devacc': np.float64(73.16), 'acc': 72.64, 'f1': 79.74, 'ndev': 4076, 'ntest': 1725}"
allmpnet,MAX+AVG-NS_LYR-11,"torch.Size([61, 1536])",NORMAL,4,0,12,"{'devacc': np.float64(85.22), 'acc': np.float64(85.38), 'ndev': 10662, 'ntest': 10662}","{'devacc': np.float64(88.92), 'acc': np.float64(88.9), 'ndev': 3775, 'ntest': 3775}","{'devacc': np.float64(94.92), 'acc': np.float64(95.03), 'ndev': 10000, 'ntest': 10000}","{'devacc': np.float64(89.58), 'acc': np.float64(89.94), 'ndev': 10606, 'ntest': 10606}","{'devacc': np.float64(88.99), 'acc': 89.79, 'ndev': 872, 'ntest': 1821}","{'devacc': np.float64(89.6), 'acc': 96.2, 'ndev': 5452, 'ntest': 500}","{'devacc': np.float64(75.02), 'acc': 73.97, 'f1': 80.95, 'ndev': 4076, 'ntest': 1725}"
allmpnet,MAX+SUM-NS_LYR-11,"torch.Size([61, 1536])",NORMAL,4,0,12,"{'devacc': np.float64(83.92), 'acc': np.float64(83.93), 'ndev': 10662, 'ntest': 10662}","{'devacc': np.float64(87.04), 'acc': np.float64(87.07), 'ndev': 3775, 'ntest': 3775}","{'devacc': np.float64(93.83), 'acc': np.float64(93.91), 'ndev': 10000, 'ntest': 10000}","{'devacc': np.float64(88.86), 'acc': np.float64(89.11), 'ndev': 10606, 'ntest': 10606}","{'devacc': np.float64(90.48), 'acc': 89.51, 'ndev': 872, 'ntest': 1821}","{'devacc': np.float64(87.01), 'acc': 91.6, 'ndev': 5452, 'ntest': 500}","{'devacc': np.float64(73.77), 'acc': 73.28, 'f1': 80.88, 'ndev': 4076, 'ntest': 1725}"
allmpnet,MAX+MAX-NS_LYR-11,"torch.Size([61, 1536])",NORMAL,4,0,12,"{'devacc': np.float64(84.07), 'acc': np.float64(84.03), 'ndev': 10662, 'ntest': 10662}","{'devacc': np.float64(63.77), 'acc': np.float64(66.14), 'ndev': 3775, 'ntest': 3775}","{'devacc': np.float64(93.73), 'acc': np.float64(93.99), 'ndev': 10000, 'ntest': 10000}","{'devacc': np.float64(31.98), 'acc': np.float64(31.98), 'ndev': 10606, 'ntest': 10606}","{'devacc': np.float64(49.08), 'acc': 50.08, 'ndev': 872, 'ntest': 1821}","{'devacc': np.float64(88.88), 'acc': 96.2, 'ndev': 5452, 'ntest': 500}","{'devacc': np.float64(72.69), 'acc': 71.36, 'f1': 78.8, 'ndev': 4076, 'ntest': 1725}"
allmpnet,AVG-NS+SUM-NS_LYR-11,"torch.Size([61, 1536])",NORMAL,4,0,12,"{'devacc': np.float64(84.1), 'acc': np.float64(84.16), 'ndev': 10662, 'ntest': 10662}","{'devacc': np.float64(86.8), 'acc': np.float64(86.84), 'ndev': 3775, 'ntest': 3775}","{'devacc': np.float64(93.85), 'acc': np.float64(93.89), 'ndev': 10000, 'ntest': 10000}","{'devacc': np.float64(88.67), 'acc': np.float64(88.63), 'ndev': 10606, 'ntest': 10606}","{'devacc': np.float64(90.25), 'acc': 89.29, 'ndev': 872, 'ntest': 1821}","{'devacc': np.float64(84.67), 'acc': 87.8, 'ndev': 5452, 'ntest': 500}","{'devacc': np.float64(72.47), 'acc': 73.28, 'f1': 80.65, 'ndev': 4076, 'ntest': 1725}"
allmpnet,AVG-NS+MAX-NS_LYR-11,"torch.Size([61, 1536])",NORMAL,4,0,12,"{'devacc': np.float64(85.18), 'acc': np.float64(85.35), 'ndev': 10662, 'ntest': 10662}","{'devacc': np.float64(63.92), 'acc': np.float64(66.14), 'ndev': 3775, 'ntest': 3775}","{'devacc': np.float64(94.73), 'acc': np.float64(94.81), 'ndev': 10000, 'ntest': 10000}","{'devacc': np.float64(31.98), 'acc': np.float64(31.98), 'ndev': 10606, 'ntest': 10606}","{'devacc': np.float64(49.08), 'acc': 50.08, 'ndev': 872, 'ntest': 1821}","{'devacc': np.float64(85.8), 'acc': 91.8, 'ndev': 5452, 'ntest': 500}","{'devacc': np.float64(73.67), 'acc': 74.9, 'f1': 81.72, 'ndev': 4076, 'ntest': 1725}"
allmpnet,SUM-NS+MAX-NS_LYR-11,"torch.Size([61, 1536])",NORMAL,4,0,12,"{'devacc': np.float64(83.82), 'acc': np.float64(84.02), 'ndev': 10662, 'ntest': 10662}","{'devacc': np.float64(68.22), 'acc': np.float64(66.2), 'ndev': 3775, 'ntest': 3775}","{'devacc': np.float64(93.78), 'acc': np.float64(93.92), 'ndev': 10000, 'ntest': 10000}","{'devacc': np.float64(32.35), 'acc': np.float64(31.98), 'ndev': 10606, 'ntest': 10606}","{'devacc': np.float64(49.08), 'acc': 50.08, 'ndev': 872, 'ntest': 1821}","{'devacc': np.float64(85.4), 'acc': 89.6, 'ndev': 5452, 'ntest': 500}","{'devacc': np.float64(73.06), 'acc': 72.12, 'f1': 79.95, 'ndev': 4076, 'ntest': 1725}"
allmpnet,CLS+AVG_LYR-12,"torch.Size([61, 1536])",NORMAL,4,0,12,"{'devacc': np.float64(85.27), 'acc': np.float64(85.32), 'ndev': 10662, 'ntest': 10662}","{'devacc': np.float64(88.52), 'acc': np.float64(88.77), 'ndev': 3775, 'ntest': 3775}","{'devacc': np.float64(94.73), 'acc': np.float64(94.78), 'ndev': 10000, 'ntest': 10000}","{'devacc': np.float64(89.84), 'acc': np.float64(89.96), 'ndev': 10606, 'ntest': 10606}","{'devacc': np.float64(89.68), 'acc': 89.51, 'ndev': 872, 'ntest': 1821}","{'devacc': np.float64(90.1), 'acc': 95.2, 'ndev': 5452, 'ntest': 500}","{'devacc': np.float64(74.75), 'acc': 74.78, 'f1': 82.16, 'ndev': 4076, 'ntest': 1725}"
allmpnet,CLS+SUM_LYR-12,"torch.Size([61, 1536])",NORMAL,4,0,12,"{'devacc': np.float64(83.56), 'acc': np.float64(83.7), 'ndev': 10662, 'ntest': 10662}","{'devacc': np.float64(84.9), 'acc': np.float64(85.77), 'ndev': 3775, 'ntest': 3775}","{'devacc': np.float64(93.38), 'acc': np.float64(93.47), 'ndev': 10000, 'ntest': 10000}","{'devacc': np.float64(89.26), 'acc': np.float64(89.6), 'ndev': 10606, 'ntest': 10606}","{'devacc': np.float64(89.45), 'acc': 88.25, 'ndev': 872, 'ntest': 1821}","{'devacc': np.float64(87.66), 'acc': 93.0, 'ndev': 5452, 'ntest': 500}","{'devacc': np.float64(67.03), 'acc': 69.04, 'f1': 76.41, 'ndev': 4076, 'ntest': 1725}"
allmpnet,CLS+MAX_LYR-12,"torch.Size([61, 1536])",NORMAL,4,0,12,"{'devacc': np.float64(84.93), 'acc': np.float64(85.11), 'ndev': 10662, 'ntest': 10662}","{'devacc': np.float64(88.47), 'acc': np.float64(88.5), 'ndev': 3775, 'ntest': 3775}","{'devacc': np.float64(94.48), 'acc': np.float64(94.67), 'ndev': 10000, 'ntest': 10000}","{'devacc': np.float64(89.69), 'acc': np.float64(89.92), 'ndev': 10606, 'ntest': 10606}","{'devacc': np.float64(88.42), 'acc': 88.41, 'ndev': 872, 'ntest': 1821}","{'devacc': np.float64(89.8), 'acc': 94.4, 'ndev': 5452, 'ntest': 500}","{'devacc': np.float64(75.42), 'acc': 75.77, 'f1': 82.7, 'ndev': 4076, 'ntest': 1725}"
allmpnet,CLS+AVG-NS_LYR-12,"torch.Size([61, 1536])",NORMAL,4,0,12,"{'devacc': np.float64(85.26), 'acc': np.float64(85.3), 'ndev': 10662, 'ntest': 10662}","{'devacc': np.float64(88.56), 'acc': np.float64(88.93), 'ndev': 3775, 'ntest': 3775}","{'devacc': np.float64(94.67), 'acc': np.float64(94.72), 'ndev': 10000, 'ntest': 10000}","{'devacc': np.float64(89.96), 'acc': np.float64(90.0), 'ndev': 10606, 'ntest': 10606}","{'devacc': np.float64(89.68), 'acc': 89.18, 'ndev': 872, 'ntest': 1821}","{'devacc': np.float64(89.49), 'acc': 93.6, 'ndev': 5452, 'ntest': 500}","{'devacc': np.float64(74.85), 'acc': 74.55, 'f1': 82.12, 'ndev': 4076, 'ntest': 1725}"
allmpnet,CLS+SUM-NS_LYR-12,"torch.Size([61, 1536])",NORMAL,4,0,12,"{'devacc': np.float64(83.54), 'acc': np.float64(83.54), 'ndev': 10662, 'ntest': 10662}","{'devacc': np.float64(86.08), 'acc': np.float64(86.94), 'ndev': 3775, 'ntest': 3775}","{'devacc': np.float64(93.9), 'acc': np.float64(93.95), 'ndev': 10000, 'ntest': 10000}","{'devacc': np.float64(89.59), 'acc': np.float64(89.88), 'ndev': 10606, 'ntest': 10606}","{'devacc': np.float64(88.99), 'acc': 89.13, 'ndev': 872, 'ntest': 1821}","{'devacc': np.float64(86.46), 'acc': 93.2, 'ndev': 5452, 'ntest': 500}","{'devacc': np.float64(66.66), 'acc': 68.81, 'f1': 76.67, 'ndev': 4076, 'ntest': 1725}"
allmpnet,CLS+MAX-NS_LYR-12,"torch.Size([61, 1536])",NORMAL,4,0,12,"{'devacc': np.float64(84.79), 'acc': np.float64(85.05), 'ndev': 10662, 'ntest': 10662}","{'devacc': np.float64(63.94), 'acc': np.float64(66.43), 'ndev': 3775, 'ntest': 3775}","{'devacc': np.float64(94.46), 'acc': np.float64(94.52), 'ndev': 10000, 'ntest': 10000}","{'devacc': np.float64(33.07), 'acc': np.float64(33.07), 'ndev': 10606, 'ntest': 10606}","{'devacc': np.float64(49.08), 'acc': 50.03, 'ndev': 872, 'ntest': 1821}","{'devacc': np.float64(89.51), 'acc': 92.0, 'ndev': 5452, 'ntest': 500}","{'devacc': np.float64(75.37), 'acc': 75.3, 'f1': 82.44, 'ndev': 4076, 'ntest': 1725}"
allmpnet,AVG+SUM_LYR-12,"torch.Size([61, 1536])",NORMAL,4,0,12,"{'devacc': np.float64(83.6), 'acc': np.float64(83.78), 'ndev': 10662, 'ntest': 10662}","{'devacc': np.float64(84.82), 'acc': np.float64(85.67), 'ndev': 3775, 'ntest': 3775}","{'devacc': np.float64(93.35), 'acc': np.float64(93.48), 'ndev': 10000, 'ntest': 10000}","{'devacc': np.float64(89.27), 'acc': np.float64(89.52), 'ndev': 10606, 'ntest': 10606}","{'devacc': np.float64(88.88), 'acc': 88.03, 'ndev': 872, 'ntest': 1821}","{'devacc': np.float64(87.66), 'acc': 92.6, 'ndev': 5452, 'ntest': 500}","{'devacc': np.float64(66.34), 'acc': 67.83, 'f1': 75.26, 'ndev': 4076, 'ntest': 1725}"
allmpnet,AVG+MAX_LYR-12,"torch.Size([61, 1536])",NORMAL,4,0,12,"{'devacc': np.float64(85.06), 'acc': np.float64(85.24), 'ndev': 10662, 'ntest': 10662}","{'devacc': np.float64(88.34), 'acc': np.float64(88.42), 'ndev': 3775, 'ntest': 3775}","{'devacc': np.float64(94.66), 'acc': np.float64(94.75), 'ndev': 10000, 'ntest': 10000}","{'devacc': np.float64(89.79), 'acc': np.float64(89.85), 'ndev': 10606, 'ntest': 10606}","{'devacc': np.float64(88.53), 'acc': 88.69, 'ndev': 872, 'ntest': 1821}","{'devacc': np.float64(89.31), 'acc': 95.6, 'ndev': 5452, 'ntest': 500}","{'devacc': np.float64(76.37), 'acc': 75.54, 'f1': 82.61, 'ndev': 4076, 'ntest': 1725}"
allmpnet,AVG+AVG-NS_LYR-12,"torch.Size([61, 1536])",NORMAL,4,0,12,"{'devacc': np.float64(85.18), 'acc': np.float64(85.02), 'ndev': 10662, 'ntest': 10662}","{'devacc': np.float64(88.02), 'acc': np.float64(88.32), 'ndev': 3775, 'ntest': 3775}","{'devacc': np.float64(94.67), 'acc': np.float64(94.66), 'ndev': 10000, 'ntest': 10000}","{'devacc': np.float64(90.05), 'acc': np.float64(90.15), 'ndev': 10606, 'ntest': 10606}","{'devacc': np.float64(89.45), 'acc': 89.4, 'ndev': 872, 'ntest': 1821}","{'devacc': np.float64(88.87), 'acc': 94.8, 'ndev': 5452, 'ntest': 500}","{'devacc': np.float64(75.37), 'acc': 75.3, 'f1': 82.53, 'ndev': 4076, 'ntest': 1725}"
allmpnet,AVG+SUM-NS_LYR-12,"torch.Size([61, 1536])",NORMAL,4,0,12,"{'devacc': np.float64(83.69), 'acc': np.float64(83.63), 'ndev': 10662, 'ntest': 10662}","{'devacc': np.float64(85.98), 'acc': np.float64(86.89), 'ndev': 3775, 'ntest': 3775}","{'devacc': np.float64(93.88), 'acc': np.float64(93.97), 'ndev': 10000, 'ntest': 10000}","{'devacc': np.float64(89.67), 'acc': np.float64(89.98), 'ndev': 10606, 'ntest': 10606}","{'devacc': np.float64(88.88), 'acc': 89.29, 'ndev': 872, 'ntest': 1821}","{'devacc': np.float64(86.34), 'acc': 93.0, 'ndev': 5452, 'ntest': 500}","{'devacc': np.float64(66.44), 'acc': 67.71, 'f1': 75.69, 'ndev': 4076, 'ntest': 1725}"
allmpnet,AVG+MAX-NS_LYR-12,"torch.Size([61, 1536])",NORMAL,4,0,12,"{'devacc': np.float64(85.01), 'acc': np.float64(85.23), 'ndev': 10662, 'ntest': 10662}","{'devacc': np.float64(63.9), 'acc': np.float64(66.41), 'ndev': 3775, 'ntest': 3775}","{'devacc': np.float64(94.67), 'acc': np.float64(94.8), 'ndev': 10000, 'ntest': 10000}","{'devacc': np.float64(33.07), 'acc': np.float64(33.07), 'ndev': 10606, 'ntest': 10606}","{'devacc': np.float64(49.08), 'acc': 50.03, 'ndev': 872, 'ntest': 1821}","{'devacc': np.float64(89.36), 'acc': 95.2, 'ndev': 5452, 'ntest': 500}","{'devacc': np.float64(75.95), 'acc': 75.59, 'f1': 82.64, 'ndev': 4076, 'ntest': 1725}"
allmpnet,SUM+MAX_LYR-12,"torch.Size([61, 1536])",NORMAL,4,0,12,"{'devacc': np.float64(83.57), 'acc': np.float64(83.7), 'ndev': 10662, 'ntest': 10662}","{'devacc': np.float64(84.85), 'acc': np.float64(85.93), 'ndev': 3775, 'ntest': 3775}","{'devacc': np.float64(93.38), 'acc': np.float64(93.46), 'ndev': 10000, 'ntest': 10000}","{'devacc': np.float64(89.2), 'acc': np.float64(89.54), 'ndev': 10606, 'ntest': 10606}","{'devacc': np.float64(88.53), 'acc': 88.63, 'ndev': 872, 'ntest': 1821}","{'devacc': np.float64(87.66), 'acc': 93.0, 'ndev': 5452, 'ntest': 500}","{'devacc': np.float64(66.88), 'acc': 68.41, 'f1': 75.77, 'ndev': 4076, 'ntest': 1725}"
allmpnet,SUM+AVG-NS_LYR-12,"torch.Size([61, 1536])",NORMAL,4,0,12,"{'devacc': np.float64(83.57), 'acc': np.float64(83.67), 'ndev': 10662, 'ntest': 10662}","{'devacc': np.float64(84.82), 'acc': np.float64(85.88), 'ndev': 3775, 'ntest': 3775}","{'devacc': np.float64(93.35), 'acc': np.float64(93.52), 'ndev': 10000, 'ntest': 10000}","{'devacc': np.float64(89.33), 'acc': np.float64(89.6), 'ndev': 10606, 'ntest': 10606}","{'devacc': np.float64(89.11), 'acc': 88.19, 'ndev': 872, 'ntest': 1821}","{'devacc': np.float64(87.71), 'acc': 93.0, 'ndev': 5452, 'ntest': 500}","{'devacc': np.float64(66.63), 'acc': 69.04, 'f1': 76.35, 'ndev': 4076, 'ntest': 1725}"
allmpnet,SUM+SUM-NS_LYR-12,"torch.Size([61, 1536])",NORMAL,4,0,12,"{'devacc': np.float64(83.01), 'acc': np.float64(83.23), 'ndev': 10662, 'ntest': 10662}","{'devacc': np.float64(85.08), 'acc': np.float64(86.17), 'ndev': 3775, 'ntest': 3775}","{'devacc': np.float64(93.48), 'acc': np.float64(93.46), 'ndev': 10000, 'ntest': 10000}","{'devacc': np.float64(89.06), 'acc': np.float64(89.22), 'ndev': 10606, 'ntest': 10606}","{'devacc': np.float64(89.56), 'acc': 88.19, 'ndev': 872, 'ntest': 1821}","{'devacc': np.float64(87.88), 'acc': 93.2, 'ndev': 5452, 'ntest': 500}","{'devacc': np.float64(66.44), 'acc': 68.7, 'f1': 75.85, 'ndev': 4076, 'ntest': 1725}"
allmpnet,SUM+MAX-NS_LYR-12,"torch.Size([61, 1536])",NORMAL,4,0,12,"{'devacc': np.float64(83.55), 'acc': np.float64(83.64), 'ndev': 10662, 'ntest': 10662}","{'devacc': np.float64(68.53), 'acc': np.float64(74.43), 'ndev': 3775, 'ntest': 3775}","{'devacc': np.float64(93.4), 'acc': np.float64(93.47), 'ndev': 10000, 'ntest': 10000}","{'devacc': np.float64(33.07), 'acc': np.float64(33.07), 'ndev': 10606, 'ntest': 10606}","{'devacc': np.float64(49.08), 'acc': 50.03, 'ndev': 872, 'ntest': 1821}","{'devacc': np.float64(87.77), 'acc': 93.2, 'ndev': 5452, 'ntest': 500}","{'devacc': np.float64(67.08), 'acc': 68.12, 'f1': 75.6, 'ndev': 4076, 'ntest': 1725}"
allmpnet,MAX+AVG-NS_LYR-12,"torch.Size([61, 1536])",NORMAL,4,0,12,"{'devacc': np.float64(85.06), 'acc': np.float64(85.17), 'ndev': 10662, 'ntest': 10662}","{'devacc': np.float64(88.16), 'acc': np.float64(88.56), 'ndev': 3775, 'ntest': 3775}","{'devacc': np.float64(94.61), 'acc': np.float64(94.67), 'ndev': 10000, 'ntest': 10000}","{'devacc': np.float64(89.9), 'acc': np.float64(89.96), 'ndev': 10606, 'ntest': 10606}","{'devacc': np.float64(88.99), 'acc': 89.29, 'ndev': 872, 'ntest': 1821}","{'devacc': np.float64(88.79), 'acc': 94.6, 'ndev': 5452, 'ntest': 500}","{'devacc': np.float64(76.1), 'acc': 75.83, 'f1': 82.86, 'ndev': 4076, 'ntest': 1725}"
allmpnet,MAX+SUM-NS_LYR-12,"torch.Size([61, 1536])",NORMAL,4,0,12,"{'devacc': np.float64(83.56), 'acc': np.float64(83.6), 'ndev': 10662, 'ntest': 10662}","{'devacc': np.float64(86.07), 'acc': np.float64(86.94), 'ndev': 3775, 'ntest': 3775}","{'devacc': np.float64(93.84), 'acc': np.float64(93.91), 'ndev': 10000, 'ntest': 10000}","{'devacc': np.float64(89.5), 'acc': np.float64(89.7), 'ndev': 10606, 'ntest': 10606}","{'devacc': np.float64(89.11), 'acc': 89.18, 'ndev': 872, 'ntest': 1821}","{'devacc': np.float64(86.54), 'acc': 93.6, 'ndev': 5452, 'ntest': 500}","{'devacc': np.float64(66.73), 'acc': 69.33, 'f1': 77.01, 'ndev': 4076, 'ntest': 1725}"
allmpnet,MAX+MAX-NS_LYR-12,"torch.Size([61, 1536])",NORMAL,4,0,12,"{'devacc': np.float64(84.54), 'acc': np.float64(84.68), 'ndev': 10662, 'ntest': 10662}","{'devacc': np.float64(63.86), 'acc': np.float64(66.38), 'ndev': 3775, 'ntest': 3775}","{'devacc': np.float64(94.15), 'acc': np.float64(94.22), 'ndev': 10000, 'ntest': 10000}","{'devacc': np.float64(33.07), 'acc': np.float64(33.07), 'ndev': 10606, 'ntest': 10606}","{'devacc': np.float64(49.08), 'acc': 50.03, 'ndev': 872, 'ntest': 1821}","{'devacc': np.float64(88.48), 'acc': 94.8, 'ndev': 5452, 'ntest': 500}","{'devacc': np.float64(75.49), 'acc': 74.09, 'f1': 81.54, 'ndev': 4076, 'ntest': 1725}"
allmpnet,AVG-NS+SUM-NS_LYR-12,"torch.Size([61, 1536])",NORMAL,4,0,12,"{'devacc': np.float64(83.61), 'acc': np.float64(83.61), 'ndev': 10662, 'ntest': 10662}","{'devacc': np.float64(85.98), 'acc': np.float64(87.02), 'ndev': 3775, 'ntest': 3775}","{'devacc': np.float64(93.83), 'acc': np.float64(94.0), 'ndev': 10000, 'ntest': 10000}","{'devacc': np.float64(89.44), 'acc': np.float64(89.63), 'ndev': 10606, 'ntest': 10606}","{'devacc': np.float64(88.76), 'acc': 88.74, 'ndev': 872, 'ntest': 1821}","{'devacc': np.float64(86.08), 'acc': 93.2, 'ndev': 5452, 'ntest': 500}","{'devacc': np.float64(66.41), 'acc': 69.04, 'f1': 76.78, 'ndev': 4076, 'ntest': 1725}"
allmpnet,AVG-NS+MAX-NS_LYR-12,"torch.Size([61, 1536])",NORMAL,4,0,12,"{'devacc': np.float64(84.94), 'acc': np.float64(85.23), 'ndev': 10662, 'ntest': 10662}","{'devacc': np.float64(63.89), 'acc': np.float64(66.46), 'ndev': 3775, 'ntest': 3775}","{'devacc': np.float64(94.64), 'acc': np.float64(94.82), 'ndev': 10000, 'ntest': 10000}","{'devacc': np.float64(33.07), 'acc': np.float64(33.07), 'ndev': 10606, 'ntest': 10606}","{'devacc': np.float64(49.08), 'acc': 50.03, 'ndev': 872, 'ntest': 1821}","{'devacc': np.float64(87.56), 'acc': 93.2, 'ndev': 5452, 'ntest': 500}","{'devacc': np.float64(75.73), 'acc': 76.17, 'f1': 83.07, 'ndev': 4076, 'ntest': 1725}"
allmpnet,SUM-NS+MAX-NS_LYR-12,"torch.Size([61, 1536])",NORMAL,4,0,12,"{'devacc': np.float64(83.49), 'acc': np.float64(83.5), 'ndev': 10662, 'ntest': 10662}","{'devacc': np.float64(67.46), 'acc': np.float64(71.07), 'ndev': 3775, 'ntest': 3775}","{'devacc': np.float64(93.84), 'acc': np.float64(93.89), 'ndev': 10000, 'ntest': 10000}","{'devacc': np.float64(33.07), 'acc': np.float64(33.07), 'ndev': 10606, 'ntest': 10606}","{'devacc': np.float64(49.08), 'acc': 50.03, 'ndev': 872, 'ntest': 1821}","{'devacc': np.float64(86.45), 'acc': 92.4, 'ndev': 5452, 'ntest': 500}","{'devacc': np.float64(66.73), 'acc': 68.58, 'f1': 76.48, 'ndev': 4076, 'ntest': 1725}"
