model,pooling,out_vec_size,best_layers,epochs,nhid,qtd_layers,MR,CR,SUBJ,MPQA,SST2,TREC,MRPC
deberta-base,CLS+AVG+SUM_SUM-1-5,"torch.Size([61, 2304])",NORMAL,4,0,12,"{'devacc': np.float64(79.89), 'acc': np.float64(80.02), 'ndev': 10662, 'ntest': 10662}","{'devacc': np.float64(80.82), 'acc': np.float64(80.82), 'ndev': 3775, 'ntest': 3775}","{'devacc': np.float64(92.79), 'acc': np.float64(93.19), 'ndev': 10000, 'ntest': 10000}","{'devacc': np.float64(88.13), 'acc': np.float64(88.38), 'ndev': 10606, 'ntest': 10606}","{'devacc': np.float64(86.12), 'acc': 86.05, 'ndev': 872, 'ntest': 1821}","{'devacc': np.float64(84.28), 'acc': 90.8, 'ndev': 5452, 'ntest': 500}","{'devacc': np.float64(69.82), 'acc': 69.74, 'f1': 78.95, 'ndev': 4076, 'ntest': 1725}"
deberta-base,CLS+AVG+MAX_SUM-1-5,"torch.Size([61, 2304])",NORMAL,4,0,12,"{'devacc': np.float64(78.46), 'acc': np.float64(78.52), 'ndev': 10662, 'ntest': 10662}","{'devacc': np.float64(79.69), 'acc': np.float64(80.0), 'ndev': 3775, 'ntest': 3775}","{'devacc': np.float64(92.14), 'acc': np.float64(92.34), 'ndev': 10000, 'ntest': 10000}","{'devacc': np.float64(87.51), 'acc': np.float64(87.8), 'ndev': 10606, 'ntest': 10606}","{'devacc': np.float64(84.75), 'acc': 84.07, 'ndev': 872, 'ntest': 1821}","{'devacc': np.float64(85.91), 'acc': 91.6, 'ndev': 5452, 'ntest': 500}","{'devacc': np.float64(69.99), 'acc': 67.88, 'f1': 76.24, 'ndev': 4076, 'ntest': 1725}"
deberta-base,CLS+AVG+AVG-NS_SUM-1-5,"torch.Size([61, 2304])",NORMAL,4,0,12,"{'devacc': np.float64(79.97), 'acc': np.float64(79.93), 'ndev': 10662, 'ntest': 10662}","{'devacc': np.float64(81.98), 'acc': np.float64(82.36), 'ndev': 3775, 'ntest': 3775}","{'devacc': np.float64(93.71), 'acc': np.float64(93.92), 'ndev': 10000, 'ntest': 10000}","{'devacc': np.float64(88.24), 'acc': np.float64(88.76), 'ndev': 10606, 'ntest': 10606}","{'devacc': np.float64(85.67), 'acc': 86.71, 'ndev': 872, 'ntest': 1821}","{'devacc': np.float64(84.98), 'acc': 91.2, 'ndev': 5452, 'ntest': 500}","{'devacc': np.float64(75.02), 'acc': 74.2, 'f1': 81.29, 'ndev': 4076, 'ntest': 1725}"
deberta-base,CLS+AVG+SUM-NS_SUM-1-5,"torch.Size([61, 2304])",NORMAL,4,0,12,"{'devacc': np.float64(79.55), 'acc': np.float64(79.53), 'ndev': 10662, 'ntest': 10662}","{'devacc': np.float64(80.57), 'acc': np.float64(81.06), 'ndev': 3775, 'ntest': 3775}","{'devacc': np.float64(92.75), 'acc': np.float64(92.81), 'ndev': 10000, 'ntest': 10000}","{'devacc': np.float64(88.1), 'acc': np.float64(88.28), 'ndev': 10606, 'ntest': 10606}","{'devacc': np.float64(85.09), 'acc': 86.05, 'ndev': 872, 'ntest': 1821}","{'devacc': np.float64(84.28), 'acc': 90.4, 'ndev': 5452, 'ntest': 500}","{'devacc': np.float64(70.56), 'acc': 69.97, 'f1': 79.25, 'ndev': 4076, 'ntest': 1725}"
deberta-base,CLS+AVG+MAX-NS_SUM-1-5,"torch.Size([61, 2304])",NORMAL,4,0,12,"{'devacc': np.float64(78.45), 'acc': np.float64(78.46), 'ndev': 10662, 'ntest': 10662}","{'devacc': np.float64(65.85), 'acc': np.float64(65.19), 'ndev': 3775, 'ntest': 3775}","{'devacc': np.float64(92.11), 'acc': np.float64(92.47), 'ndev': 10000, 'ntest': 10000}","{'devacc': np.float64(84.05), 'acc': np.float64(80.94), 'ndev': 10606, 'ntest': 10606}","{'devacc': np.float64(83.94), 'acc': 84.29, 'ndev': 872, 'ntest': 1821}","{'devacc': np.float64(85.97), 'acc': 91.4, 'ndev': 5452, 'ntest': 500}","{'devacc': np.float64(70.53), 'acc': 68.23, 'f1': 76.54, 'ndev': 4076, 'ntest': 1725}"
deberta-base,CLS+SUM+MAX_SUM-1-5,"torch.Size([61, 2304])",NORMAL,4,0,12,"{'devacc': np.float64(79.69), 'acc': np.float64(79.62), 'ndev': 10662, 'ntest': 10662}","{'devacc': np.float64(80.74), 'acc': np.float64(81.19), 'ndev': 3775, 'ntest': 3775}","{'devacc': np.float64(92.76), 'acc': np.float64(93.07), 'ndev': 10000, 'ntest': 10000}","{'devacc': np.float64(87.53), 'acc': np.float64(87.84), 'ndev': 10606, 'ntest': 10606}","{'devacc': np.float64(85.78), 'acc': 85.67, 'ndev': 872, 'ntest': 1821}","{'devacc': np.float64(84.7), 'acc': 91.2, 'ndev': 5452, 'ntest': 500}","{'devacc': np.float64(69.6), 'acc': 70.14, 'f1': 79.49, 'ndev': 4076, 'ntest': 1725}"
deberta-base,CLS+SUM+AVG-NS_SUM-1-5,"torch.Size([61, 2304])",NORMAL,4,0,12,"{'devacc': np.float64(79.88), 'acc': np.float64(79.91), 'ndev': 10662, 'ntest': 10662}","{'devacc': np.float64(80.86), 'acc': np.float64(81.01), 'ndev': 3775, 'ntest': 3775}","{'devacc': np.float64(92.82), 'acc': np.float64(93.16), 'ndev': 10000, 'ntest': 10000}","{'devacc': np.float64(87.7), 'acc': np.float64(88.13), 'ndev': 10606, 'ntest': 10606}","{'devacc': np.float64(86.58), 'acc': 86.66, 'ndev': 872, 'ntest': 1821}","{'devacc': np.float64(84.65), 'acc': 91.0, 'ndev': 5452, 'ntest': 500}","{'devacc': np.float64(69.7), 'acc': 70.43, 'f1': 79.53, 'ndev': 4076, 'ntest': 1725}"
deberta-base,CLS+SUM+SUM-NS_SUM-1-5,"torch.Size([61, 2304])",NORMAL,4,0,12,"{'devacc': np.float64(79.64), 'acc': np.float64(79.43), 'ndev': 10662, 'ntest': 10662}","{'devacc': np.float64(80.84), 'acc': np.float64(80.79), 'ndev': 3775, 'ntest': 3775}","{'devacc': np.float64(92.73), 'acc': np.float64(93.07), 'ndev': 10000, 'ntest': 10000}","{'devacc': np.float64(88.14), 'acc': np.float64(88.53), 'ndev': 10606, 'ntest': 10606}","{'devacc': np.float64(85.67), 'acc': 86.16, 'ndev': 872, 'ntest': 1821}","{'devacc': np.float64(84.15), 'acc': 91.2, 'ndev': 5452, 'ntest': 500}","{'devacc': np.float64(70.78), 'acc': 69.74, 'f1': 79.1, 'ndev': 4076, 'ntest': 1725}"
deberta-base,CLS+SUM+MAX-NS_SUM-1-5,"torch.Size([61, 2304])",NORMAL,4,0,12,"{'devacc': np.float64(79.68), 'acc': np.float64(79.72), 'ndev': 10662, 'ntest': 10662}","{'devacc': np.float64(74.96), 'acc': np.float64(75.55), 'ndev': 3775, 'ntest': 3775}","{'devacc': np.float64(92.75), 'acc': np.float64(93.02), 'ndev': 10000, 'ntest': 10000}","{'devacc': np.float64(87.03), 'acc': np.float64(86.11), 'ndev': 10606, 'ntest': 10606}","{'devacc': np.float64(85.55), 'acc': 86.33, 'ndev': 872, 'ntest': 1821}","{'devacc': np.float64(84.63), 'acc': 92.0, 'ndev': 5452, 'ntest': 500}","{'devacc': np.float64(69.65), 'acc': 69.97, 'f1': 79.35, 'ndev': 4076, 'ntest': 1725}"
deberta-base,CLS+MAX+AVG-NS_SUM-1-5,"torch.Size([61, 2304])",NORMAL,4,0,12,"{'devacc': np.float64(78.27), 'acc': np.float64(78.14), 'ndev': 10662, 'ntest': 10662}","{'devacc': np.float64(79.81), 'acc': np.float64(79.68), 'ndev': 3775, 'ntest': 3775}","{'devacc': np.float64(92.2), 'acc': np.float64(92.47), 'ndev': 10000, 'ntest': 10000}","{'devacc': np.float64(86.99), 'acc': np.float64(87.19), 'ndev': 10606, 'ntest': 10606}","{'devacc': np.float64(84.52), 'acc': 83.64, 'ndev': 872, 'ntest': 1821}","{'devacc': np.float64(86.17), 'acc': 92.0, 'ndev': 5452, 'ntest': 500}","{'devacc': np.float64(70.34), 'acc': 68.75, 'f1': 77.09, 'ndev': 4076, 'ntest': 1725}"
deberta-base,CLS+MAX+SUM-NS_SUM-1-5,"torch.Size([61, 2304])",NORMAL,4,0,12,"{'devacc': np.float64(79.41), 'acc': np.float64(79.04), 'ndev': 10662, 'ntest': 10662}","{'devacc': np.float64(80.59), 'acc': np.float64(80.98), 'ndev': 3775, 'ntest': 3775}","{'devacc': np.float64(92.72), 'acc': np.float64(92.94), 'ndev': 10000, 'ntest': 10000}","{'devacc': np.float64(87.44), 'acc': np.float64(87.71), 'ndev': 10606, 'ntest': 10606}","{'devacc': np.float64(84.98), 'acc': 85.83, 'ndev': 872, 'ntest': 1821}","{'devacc': np.float64(84.61), 'acc': 91.8, 'ndev': 5452, 'ntest': 500}","{'devacc': np.float64(70.61), 'acc': 69.57, 'f1': 78.72, 'ndev': 4076, 'ntest': 1725}"
deberta-base,CLS+MAX+MAX-NS_SUM-1-5,"torch.Size([61, 2304])",NORMAL,4,0,12,"{'devacc': np.float64(74.88), 'acc': np.float64(74.61), 'ndev': 10662, 'ntest': 10662}","{'devacc': np.float64(68.01), 'acc': np.float64(64.5), 'ndev': 3775, 'ntest': 3775}","{'devacc': np.float64(89.94), 'acc': np.float64(90.35), 'ndev': 10000, 'ntest': 10000}","{'devacc': np.float64(79.36), 'acc': np.float64(86.1), 'ndev': 10606, 'ntest': 10606}","{'devacc': np.float64(79.13), 'acc': 79.52, 'ndev': 872, 'ntest': 1821}","{'devacc': np.float64(84.08), 'acc': 91.6, 'ndev': 5452, 'ntest': 500}","{'devacc': np.float64(69.55), 'acc': 67.42, 'f1': 75.8, 'ndev': 4076, 'ntest': 1725}"
deberta-base,CLS+AVG-NS+SUM-NS_SUM-1-5,"torch.Size([61, 2304])",NORMAL,4,0,12,"{'devacc': np.float64(79.51), 'acc': np.float64(79.4), 'ndev': 10662, 'ntest': 10662}","{'devacc': np.float64(80.52), 'acc': np.float64(80.85), 'ndev': 3775, 'ntest': 3775}","{'devacc': np.float64(92.77), 'acc': np.float64(92.89), 'ndev': 10000, 'ntest': 10000}","{'devacc': np.float64(87.68), 'acc': np.float64(88.18), 'ndev': 10606, 'ntest': 10606}","{'devacc': np.float64(85.44), 'acc': 85.61, 'ndev': 872, 'ntest': 1821}","{'devacc': np.float64(84.43), 'acc': 90.0, 'ndev': 5452, 'ntest': 500}","{'devacc': np.float64(70.41), 'acc': 69.39, 'f1': 78.83, 'ndev': 4076, 'ntest': 1725}"
deberta-base,CLS+AVG-NS+MAX-NS_SUM-1-5,"torch.Size([61, 2304])",NORMAL,4,0,12,"{'devacc': np.float64(78.34), 'acc': np.float64(78.34), 'ndev': 10662, 'ntest': 10662}","{'devacc': np.float64(66.07), 'acc': np.float64(67.39), 'ndev': 3775, 'ntest': 3775}","{'devacc': np.float64(92.22), 'acc': np.float64(92.47), 'ndev': 10000, 'ntest': 10000}","{'devacc': np.float64(74.02), 'acc': np.float64(49.1), 'ndev': 10606, 'ntest': 10606}","{'devacc': np.float64(84.17), 'acc': 84.02, 'ndev': 872, 'ntest': 1821}","{'devacc': np.float64(85.95), 'acc': 91.4, 'ndev': 5452, 'ntest': 500}","{'devacc': np.float64(70.29), 'acc': 69.39, 'f1': 77.47, 'ndev': 4076, 'ntest': 1725}"
deberta-base,CLS+SUM-NS+MAX-NS_SUM-1-5,"torch.Size([61, 2304])",NORMAL,4,0,12,"{'devacc': np.float64(79.25), 'acc': np.float64(79.14), 'ndev': 10662, 'ntest': 10662}","{'devacc': np.float64(75.45), 'acc': np.float64(76.37), 'ndev': 3775, 'ntest': 3775}","{'devacc': np.float64(92.69), 'acc': np.float64(92.89), 'ndev': 10000, 'ntest': 10000}","{'devacc': np.float64(86.29), 'acc': np.float64(88.2), 'ndev': 10606, 'ntest': 10606}","{'devacc': np.float64(84.75), 'acc': 86.22, 'ndev': 872, 'ntest': 1821}","{'devacc': np.float64(84.65), 'acc': 92.2, 'ndev': 5452, 'ntest': 500}","{'devacc': np.float64(70.51), 'acc': 70.03, 'f1': 79.31, 'ndev': 4076, 'ntest': 1725}"
deberta-base,AVG+SUM+MAX_SUM-1-5,"torch.Size([61, 2304])",NORMAL,4,0,12,"{'devacc': np.float64(79.64), 'acc': np.float64(79.9), 'ndev': 10662, 'ntest': 10662}","{'devacc': np.float64(80.82), 'acc': np.float64(81.11), 'ndev': 3775, 'ntest': 3775}","{'devacc': np.float64(92.78), 'acc': np.float64(93.17), 'ndev': 10000, 'ntest': 10000}","{'devacc': np.float64(87.52), 'acc': np.float64(87.67), 'ndev': 10606, 'ntest': 10606}","{'devacc': np.float64(85.55), 'acc': 85.78, 'ndev': 872, 'ntest': 1821}","{'devacc': np.float64(84.67), 'acc': 91.2, 'ndev': 5452, 'ntest': 500}","{'devacc': np.float64(70.09), 'acc': 69.86, 'f1': 79.3, 'ndev': 4076, 'ntest': 1725}"
deberta-base,AVG+SUM+AVG-NS_SUM-1-5,"torch.Size([61, 2304])",NORMAL,4,0,12,"{'devacc': np.float64(79.86), 'acc': np.float64(80.01), 'ndev': 10662, 'ntest': 10662}","{'devacc': np.float64(80.82), 'acc': np.float64(81.14), 'ndev': 3775, 'ntest': 3775}","{'devacc': np.float64(92.81), 'acc': np.float64(93.22), 'ndev': 10000, 'ntest': 10000}","{'devacc': np.float64(87.63), 'acc': np.float64(87.99), 'ndev': 10606, 'ntest': 10606}","{'devacc': np.float64(86.24), 'acc': 86.38, 'ndev': 872, 'ntest': 1821}","{'devacc': np.float64(84.52), 'acc': 90.4, 'ndev': 5452, 'ntest': 500}","{'devacc': np.float64(69.99), 'acc': 69.74, 'f1': 79.19, 'ndev': 4076, 'ntest': 1725}"
deberta-base,AVG+SUM+SUM-NS_SUM-1-5,"torch.Size([61, 2304])",NORMAL,4,0,12,"{'devacc': np.float64(79.59), 'acc': np.float64(79.45), 'ndev': 10662, 'ntest': 10662}","{'devacc': np.float64(80.86), 'acc': np.float64(80.88), 'ndev': 3775, 'ntest': 3775}","{'devacc': np.float64(92.77), 'acc': np.float64(92.99), 'ndev': 10000, 'ntest': 10000}","{'devacc': np.float64(88.08), 'acc': np.float64(88.19), 'ndev': 10606, 'ntest': 10606}","{'devacc': np.float64(86.12), 'acc': 86.38, 'ndev': 872, 'ntest': 1821}","{'devacc': np.float64(84.21), 'acc': 90.8, 'ndev': 5452, 'ntest': 500}","{'devacc': np.float64(70.66), 'acc': 69.39, 'f1': 78.9, 'ndev': 4076, 'ntest': 1725}"
deberta-base,AVG+SUM+MAX-NS_SUM-1-5,"torch.Size([61, 2304])",NORMAL,4,0,12,"{'devacc': np.float64(79.67), 'acc': np.float64(79.82), 'ndev': 10662, 'ntest': 10662}","{'devacc': np.float64(74.81), 'acc': np.float64(75.94), 'ndev': 3775, 'ntest': 3775}","{'devacc': np.float64(92.73), 'acc': np.float64(93.07), 'ndev': 10000, 'ntest': 10000}","{'devacc': np.float64(86.7), 'acc': np.float64(84.82), 'ndev': 10606, 'ntest': 10606}","{'devacc': np.float64(85.32), 'acc': 86.22, 'ndev': 872, 'ntest': 1821}","{'devacc': np.float64(84.76), 'acc': 91.8, 'ndev': 5452, 'ntest': 500}","{'devacc': np.float64(69.72), 'acc': 70.26, 'f1': 79.5, 'ndev': 4076, 'ntest': 1725}"
deberta-base,AVG+MAX+AVG-NS_SUM-1-5,"torch.Size([61, 2304])",NORMAL,4,0,12,"{'devacc': np.float64(78.25), 'acc': np.float64(78.29), 'ndev': 10662, 'ntest': 10662}","{'devacc': np.float64(80.37), 'acc': np.float64(80.03), 'ndev': 3775, 'ntest': 3775}","{'devacc': np.float64(92.5), 'acc': np.float64(92.54), 'ndev': 10000, 'ntest': 10000}","{'devacc': np.float64(86.96), 'acc': np.float64(87.22), 'ndev': 10606, 'ntest': 10606}","{'devacc': np.float64(84.63), 'acc': 84.79, 'ndev': 872, 'ntest': 1821}","{'devacc': np.float64(86.83), 'acc': 93.0, 'ndev': 5452, 'ntest': 500}","{'devacc': np.float64(70.53), 'acc': 69.57, 'f1': 77.63, 'ndev': 4076, 'ntest': 1725}"
deberta-base,AVG+MAX+SUM-NS_SUM-1-5,"torch.Size([61, 2304])",NORMAL,4,0,12,"{'devacc': np.float64(79.31), 'acc': np.float64(78.95), 'ndev': 10662, 'ntest': 10662}","{'devacc': np.float64(80.57), 'acc': np.float64(81.24), 'ndev': 3775, 'ntest': 3775}","{'devacc': np.float64(92.74), 'acc': np.float64(92.96), 'ndev': 10000, 'ntest': 10000}","{'devacc': np.float64(87.42), 'acc': np.float64(87.83), 'ndev': 10606, 'ntest': 10606}","{'devacc': np.float64(85.21), 'acc': 86.6, 'ndev': 872, 'ntest': 1821}","{'devacc': np.float64(84.74), 'acc': 91.2, 'ndev': 5452, 'ntest': 500}","{'devacc': np.float64(70.56), 'acc': 69.57, 'f1': 78.94, 'ndev': 4076, 'ntest': 1725}"
deberta-base,AVG+MAX+MAX-NS_SUM-1-5,"torch.Size([61, 2304])",NORMAL,4,0,12,"{'devacc': np.float64(78.53), 'acc': np.float64(78.42), 'ndev': 10662, 'ntest': 10662}","{'devacc': np.float64(67.34), 'acc': np.float64(65.01), 'ndev': 3775, 'ntest': 3775}","{'devacc': np.float64(91.62), 'acc': np.float64(91.93), 'ndev': 10000, 'ntest': 10000}","{'devacc': np.float64(74.61), 'acc': np.float64(86.76), 'ndev': 10606, 'ntest': 10606}","{'devacc': np.float64(84.4), 'acc': 85.23, 'ndev': 872, 'ntest': 1821}","{'devacc': np.float64(85.22), 'acc': 90.6, 'ndev': 5452, 'ntest': 500}","{'devacc': np.float64(69.92), 'acc': 68.75, 'f1': 76.8, 'ndev': 4076, 'ntest': 1725}"
deberta-base,AVG+AVG-NS+SUM-NS_SUM-1-5,"torch.Size([61, 2304])",NORMAL,4,0,12,"{'devacc': np.float64(79.53), 'acc': np.float64(79.41), 'ndev': 10662, 'ntest': 10662}","{'devacc': np.float64(80.55), 'acc': np.float64(80.77), 'ndev': 3775, 'ntest': 3775}","{'devacc': np.float64(92.76), 'acc': np.float64(92.8), 'ndev': 10000, 'ntest': 10000}","{'devacc': np.float64(87.59), 'acc': np.float64(88.09), 'ndev': 10606, 'ntest': 10606}","{'devacc': np.float64(85.44), 'acc': 86.16, 'ndev': 872, 'ntest': 1821}","{'devacc': np.float64(84.52), 'acc': 91.4, 'ndev': 5452, 'ntest': 500}","{'devacc': np.float64(70.22), 'acc': 70.26, 'f1': 79.67, 'ndev': 4076, 'ntest': 1725}"
deberta-base,AVG+AVG-NS+MAX-NS_SUM-1-5,"torch.Size([61, 2304])",NORMAL,4,0,12,"{'devacc': np.float64(78.32), 'acc': np.float64(78.4), 'ndev': 10662, 'ntest': 10662}","{'devacc': np.float64(66.29), 'acc': np.float64(65.24), 'ndev': 3775, 'ntest': 3775}","{'devacc': np.float64(92.51), 'acc': np.float64(92.8), 'ndev': 10000, 'ntest': 10000}","{'devacc': np.float64(76.09), 'acc': np.float64(49.22), 'ndev': 10606, 'ntest': 10606}","{'devacc': np.float64(84.63), 'acc': 84.18, 'ndev': 872, 'ntest': 1821}","{'devacc': np.float64(86.72), 'acc': 92.6, 'ndev': 5452, 'ntest': 500}","{'devacc': np.float64(71.27), 'acc': 69.8, 'f1': 77.18, 'ndev': 4076, 'ntest': 1725}"
deberta-base,AVG+SUM-NS+MAX-NS_SUM-1-5,"torch.Size([61, 2304])",NORMAL,4,0,12,"{'devacc': np.float64(79.27), 'acc': np.float64(78.93), 'ndev': 10662, 'ntest': 10662}","{'devacc': np.float64(75.39), 'acc': np.float64(72.4), 'ndev': 3775, 'ntest': 3775}","{'devacc': np.float64(92.74), 'acc': np.float64(92.97), 'ndev': 10000, 'ntest': 10000}","{'devacc': np.float64(87.0), 'acc': np.float64(86.97), 'ndev': 10606, 'ntest': 10606}","{'devacc': np.float64(84.98), 'acc': 86.22, 'ndev': 872, 'ntest': 1821}","{'devacc': np.float64(84.79), 'acc': 91.4, 'ndev': 5452, 'ntest': 500}","{'devacc': np.float64(70.63), 'acc': 70.03, 'f1': 79.36, 'ndev': 4076, 'ntest': 1725}"
deberta-base,SUM+MAX+AVG-NS_SUM-1-5,"torch.Size([61, 2304])",NORMAL,4,0,12,"{'devacc': np.float64(79.68), 'acc': np.float64(79.48), 'ndev': 10662, 'ntest': 10662}","{'devacc': np.float64(80.84), 'acc': np.float64(81.38), 'ndev': 3775, 'ntest': 3775}","{'devacc': np.float64(92.78), 'acc': np.float64(93.18), 'ndev': 10000, 'ntest': 10000}","{'devacc': np.float64(87.28), 'acc': np.float64(87.54), 'ndev': 10606, 'ntest': 10606}","{'devacc': np.float64(85.55), 'acc': 85.61, 'ndev': 872, 'ntest': 1821}","{'devacc': np.float64(84.7), 'acc': 91.0, 'ndev': 5452, 'ntest': 500}","{'devacc': np.float64(69.95), 'acc': 70.09, 'f1': 79.24, 'ndev': 4076, 'ntest': 1725}"
deberta-base,SUM+MAX+SUM-NS_SUM-1-5,"torch.Size([61, 2304])",NORMAL,4,0,12,"{'devacc': np.float64(79.55), 'acc': np.float64(79.26), 'ndev': 10662, 'ntest': 10662}","{'devacc': np.float64(80.84), 'acc': np.float64(81.06), 'ndev': 3775, 'ntest': 3775}","{'devacc': np.float64(92.74), 'acc': np.float64(93.08), 'ndev': 10000, 'ntest': 10000}","{'devacc': np.float64(87.65), 'acc': np.float64(87.78), 'ndev': 10606, 'ntest': 10606}","{'devacc': np.float64(85.67), 'acc': 86.16, 'ndev': 872, 'ntest': 1821}","{'devacc': np.float64(84.39), 'acc': 91.6, 'ndev': 5452, 'ntest': 500}","{'devacc': np.float64(70.48), 'acc': 70.03, 'f1': 79.64, 'ndev': 4076, 'ntest': 1725}"
deberta-base,SUM+MAX+MAX-NS_SUM-1-5,"torch.Size([61, 2304])",NORMAL,4,0,12,"{'devacc': np.float64(79.56), 'acc': np.float64(79.64), 'ndev': 10662, 'ntest': 10662}","{'devacc': np.float64(74.25), 'acc': np.float64(75.68), 'ndev': 3775, 'ntest': 3775}","{'devacc': np.float64(92.77), 'acc': np.float64(93.07), 'ndev': 10000, 'ntest': 10000}","{'devacc': np.float64(86.82), 'acc': np.float64(62.69), 'ndev': 10606, 'ntest': 10606}","{'devacc': np.float64(84.98), 'acc': 85.39, 'ndev': 872, 'ntest': 1821}","{'devacc': np.float64(84.9), 'acc': 92.4, 'ndev': 5452, 'ntest': 500}","{'devacc': np.float64(69.99), 'acc': 69.45, 'f1': 78.43, 'ndev': 4076, 'ntest': 1725}"
deberta-base,SUM+AVG-NS+SUM-NS_SUM-1-5,"torch.Size([61, 2304])",NORMAL,4,0,12,"{'devacc': np.float64(79.6), 'acc': np.float64(79.47), 'ndev': 10662, 'ntest': 10662}","{'devacc': np.float64(80.81), 'acc': np.float64(80.85), 'ndev': 3775, 'ntest': 3775}","{'devacc': np.float64(92.78), 'acc': np.float64(93.03), 'ndev': 10000, 'ntest': 10000}","{'devacc': np.float64(87.72), 'acc': np.float64(88.09), 'ndev': 10606, 'ntest': 10606}","{'devacc': np.float64(85.55), 'acc': 86.77, 'ndev': 872, 'ntest': 1821}","{'devacc': np.float64(84.28), 'acc': 91.0, 'ndev': 5452, 'ntest': 500}","{'devacc': np.float64(70.73), 'acc': 69.45, 'f1': 78.6, 'ndev': 4076, 'ntest': 1725}"
deberta-base,SUM+AVG-NS+MAX-NS_SUM-1-5,"torch.Size([61, 2304])",NORMAL,4,0,12,"{'devacc': np.float64(79.64), 'acc': np.float64(79.65), 'ndev': 10662, 'ntest': 10662}","{'devacc': np.float64(74.65), 'acc': np.float64(72.71), 'ndev': 3775, 'ntest': 3775}","{'devacc': np.float64(92.73), 'acc': np.float64(93.04), 'ndev': 10000, 'ntest': 10000}","{'devacc': np.float64(86.76), 'acc': np.float64(88.42), 'ndev': 10606, 'ntest': 10606}","{'devacc': np.float64(85.44), 'acc': 86.05, 'ndev': 872, 'ntest': 1821}","{'devacc': np.float64(84.7), 'acc': 91.4, 'ndev': 5452, 'ntest': 500}","{'devacc': np.float64(69.8), 'acc': 69.39, 'f1': 78.33, 'ndev': 4076, 'ntest': 1725}"
deberta-base,SUM+SUM-NS+MAX-NS_SUM-1-5,"torch.Size([61, 2304])",NORMAL,4,0,12,"{'devacc': np.float64(79.53), 'acc': np.float64(79.44), 'ndev': 10662, 'ntest': 10662}","{'devacc': np.float64(75.96), 'acc': np.float64(74.04), 'ndev': 3775, 'ntest': 3775}","{'devacc': np.float64(92.76), 'acc': np.float64(93.1), 'ndev': 10000, 'ntest': 10000}","{'devacc': np.float64(79.9), 'acc': np.float64(78.71), 'ndev': 10606, 'ntest': 10606}","{'devacc': np.float64(85.21), 'acc': 85.78, 'ndev': 872, 'ntest': 1821}","{'devacc': np.float64(84.43), 'acc': 91.6, 'ndev': 5452, 'ntest': 500}","{'devacc': np.float64(70.66), 'acc': 69.39, 'f1': 78.85, 'ndev': 4076, 'ntest': 1725}"
deberta-base,MAX+AVG-NS+SUM-NS_SUM-1-5,"torch.Size([61, 2304])",NORMAL,4,0,12,"{'devacc': np.float64(79.31), 'acc': np.float64(78.95), 'ndev': 10662, 'ntest': 10662}","{'devacc': np.float64(80.57), 'acc': np.float64(80.96), 'ndev': 3775, 'ntest': 3775}","{'devacc': np.float64(92.71), 'acc': np.float64(92.86), 'ndev': 10000, 'ntest': 10000}","{'devacc': np.float64(87.27), 'acc': np.float64(87.8), 'ndev': 10606, 'ntest': 10606}","{'devacc': np.float64(84.98), 'acc': 85.89, 'ndev': 872, 'ntest': 1821}","{'devacc': np.float64(84.79), 'acc': 91.8, 'ndev': 5452, 'ntest': 500}","{'devacc': np.float64(70.56), 'acc': 69.51, 'f1': 78.72, 'ndev': 4076, 'ntest': 1725}"
deberta-base,MAX+AVG-NS+MAX-NS_SUM-1-5,"torch.Size([61, 2304])",NORMAL,4,0,12,"{'devacc': np.float64(78.31), 'acc': np.float64(78.47), 'ndev': 10662, 'ntest': 10662}","{'devacc': np.float64(65.85), 'acc': np.float64(65.14), 'ndev': 3775, 'ntest': 3775}","{'devacc': np.float64(91.71), 'acc': np.float64(91.9), 'ndev': 10000, 'ntest': 10000}","{'devacc': np.float64(85.44), 'acc': np.float64(89.0), 'ndev': 10606, 'ntest': 10606}","{'devacc': np.float64(83.26), 'acc': 84.07, 'ndev': 872, 'ntest': 1821}","{'devacc': np.float64(85.57), 'acc': 91.2, 'ndev': 5452, 'ntest': 500}","{'devacc': np.float64(70.02), 'acc': 68.81, 'f1': 76.57, 'ndev': 4076, 'ntest': 1725}"
deberta-base,MAX+SUM-NS+MAX-NS_SUM-1-5,"torch.Size([61, 2304])",NORMAL,4,0,12,"{'devacc': np.float64(79.13), 'acc': np.float64(78.74), 'ndev': 10662, 'ntest': 10662}","{'devacc': np.float64(75.19), 'acc': np.float64(72.9), 'ndev': 3775, 'ntest': 3775}","{'devacc': np.float64(92.64), 'acc': np.float64(92.86), 'ndev': 10000, 'ntest': 10000}","{'devacc': np.float64(87.3), 'acc': np.float64(62.12), 'ndev': 10606, 'ntest': 10606}","{'devacc': np.float64(84.52), 'acc': 86.33, 'ndev': 872, 'ntest': 1821}","{'devacc': np.float64(84.98), 'acc': 92.4, 'ndev': 5452, 'ntest': 500}","{'devacc': np.float64(70.41), 'acc': 70.32, 'f1': 79.37, 'ndev': 4076, 'ntest': 1725}"
deberta-base,AVG-NS+SUM-NS+MAX-NS_SUM-1-5,"torch.Size([61, 2304])",NORMAL,4,0,12,"{'devacc': np.float64(79.24), 'acc': np.float64(79.12), 'ndev': 10662, 'ntest': 10662}","{'devacc': np.float64(74.12), 'acc': np.float64(77.64), 'ndev': 3775, 'ntest': 3775}","{'devacc': np.float64(92.71), 'acc': np.float64(93.09), 'ndev': 10000, 'ntest': 10000}","{'devacc': np.float64(86.91), 'acc': np.float64(88.94), 'ndev': 10606, 'ntest': 10606}","{'devacc': np.float64(84.63), 'acc': 86.33, 'ndev': 872, 'ntest': 1821}","{'devacc': np.float64(84.89), 'acc': 91.8, 'ndev': 5452, 'ntest': 500}","{'devacc': np.float64(70.39), 'acc': 69.22, 'f1': 78.34, 'ndev': 4076, 'ntest': 1725}"
deberta-base,CLS+AVG+SUM_SUM-2-6,"torch.Size([61, 2304])",NORMAL,4,0,12,"{'devacc': np.float64(81.22), 'acc': np.float64(81.24), 'ndev': 10662, 'ntest': 10662}","{'devacc': np.float64(83.25), 'acc': np.float64(84.05), 'ndev': 3775, 'ntest': 3775}","{'devacc': np.float64(93.45), 'acc': np.float64(93.63), 'ndev': 10000, 'ntest': 10000}","{'devacc': np.float64(88.69), 'acc': np.float64(88.92), 'ndev': 10606, 'ntest': 10606}","{'devacc': np.float64(86.7), 'acc': 86.88, 'ndev': 872, 'ntest': 1821}","{'devacc': np.float64(85.95), 'acc': 92.8, 'ndev': 5452, 'ntest': 500}","{'devacc': np.float64(70.34), 'acc': 70.09, 'f1': 79.36, 'ndev': 4076, 'ntest': 1725}"
deberta-base,CLS+AVG+MAX_SUM-2-6,"torch.Size([61, 2304])",NORMAL,4,0,12,"{'devacc': np.float64(79.77), 'acc': np.float64(79.82), 'ndev': 10662, 'ntest': 10662}","{'devacc': np.float64(82.4), 'acc': np.float64(82.22), 'ndev': 3775, 'ntest': 3775}","{'devacc': np.float64(93.05), 'acc': np.float64(93.36), 'ndev': 10000, 'ntest': 10000}","{'devacc': np.float64(88.13), 'acc': np.float64(88.36), 'ndev': 10606, 'ntest': 10606}","{'devacc': np.float64(84.86), 'acc': 86.93, 'ndev': 872, 'ntest': 1821}","{'devacc': np.float64(87.6), 'acc': 93.0, 'ndev': 5452, 'ntest': 500}","{'devacc': np.float64(70.31), 'acc': 70.72, 'f1': 78.88, 'ndev': 4076, 'ntest': 1725}"
deberta-base,CLS+AVG+AVG-NS_SUM-2-6,"torch.Size([61, 2304])",NORMAL,4,0,12,"{'devacc': np.float64(81.41), 'acc': np.float64(81.34), 'ndev': 10662, 'ntest': 10662}","{'devacc': np.float64(84.28), 'acc': np.float64(85.3), 'ndev': 3775, 'ntest': 3775}","{'devacc': np.float64(94.34), 'acc': np.float64(94.67), 'ndev': 10000, 'ntest': 10000}","{'devacc': np.float64(88.78), 'acc': np.float64(89.09), 'ndev': 10606, 'ntest': 10606}","{'devacc': np.float64(86.58), 'acc': 88.08, 'ndev': 872, 'ntest': 1821}","{'devacc': np.float64(86.72), 'acc': 93.2, 'ndev': 5452, 'ntest': 500}","{'devacc': np.float64(75.56), 'acc': 74.61, 'f1': 81.69, 'ndev': 4076, 'ntest': 1725}"
deberta-base,CLS+AVG+SUM-NS_SUM-2-6,"torch.Size([61, 2304])",NORMAL,4,0,12,"{'devacc': np.float64(81.07), 'acc': np.float64(81.04), 'ndev': 10662, 'ntest': 10662}","{'devacc': np.float64(82.92), 'acc': np.float64(83.81), 'ndev': 3775, 'ntest': 3775}","{'devacc': np.float64(93.42), 'acc': np.float64(93.74), 'ndev': 10000, 'ntest': 10000}","{'devacc': np.float64(88.64), 'acc': np.float64(88.82), 'ndev': 10606, 'ntest': 10606}","{'devacc': np.float64(86.58), 'acc': 86.6, 'ndev': 872, 'ntest': 1821}","{'devacc': np.float64(86.17), 'acc': 92.4, 'ndev': 5452, 'ntest': 500}","{'devacc': np.float64(70.88), 'acc': 70.43, 'f1': 79.86, 'ndev': 4076, 'ntest': 1725}"
deberta-base,CLS+AVG+MAX-NS_SUM-2-6,"torch.Size([61, 2304])",NORMAL,4,0,12,"{'devacc': np.float64(79.74), 'acc': np.float64(79.86), 'ndev': 10662, 'ntest': 10662}","{'devacc': np.float64(66.05), 'acc': np.float64(65.54), 'ndev': 3775, 'ntest': 3775}","{'devacc': np.float64(93.08), 'acc': np.float64(93.24), 'ndev': 10000, 'ntest': 10000}","{'devacc': np.float64(83.83), 'acc': np.float64(72.58), 'ndev': 10606, 'ntest': 10606}","{'devacc': np.float64(85.09), 'acc': 86.27, 'ndev': 872, 'ntest': 1821}","{'devacc': np.float64(87.23), 'acc': 92.8, 'ndev': 5452, 'ntest': 500}","{'devacc': np.float64(70.26), 'acc': 70.9, 'f1': 78.85, 'ndev': 4076, 'ntest': 1725}"
deberta-base,CLS+SUM+MAX_SUM-2-6,"torch.Size([61, 2304])",NORMAL,4,0,12,"{'devacc': np.float64(81.09), 'acc': np.float64(81.03), 'ndev': 10662, 'ntest': 10662}","{'devacc': np.float64(83.13), 'acc': np.float64(84.02), 'ndev': 3775, 'ntest': 3775}","{'devacc': np.float64(93.44), 'acc': np.float64(93.71), 'ndev': 10000, 'ntest': 10000}","{'devacc': np.float64(87.99), 'acc': np.float64(88.01), 'ndev': 10606, 'ntest': 10606}","{'devacc': np.float64(86.12), 'acc': 86.05, 'ndev': 872, 'ntest': 1821}","{'devacc': np.float64(86.3), 'acc': 94.0, 'ndev': 5452, 'ntest': 500}","{'devacc': np.float64(70.63), 'acc': 70.14, 'f1': 79.49, 'ndev': 4076, 'ntest': 1725}"
deberta-base,CLS+SUM+AVG-NS_SUM-2-6,"torch.Size([61, 2304])",NORMAL,4,0,12,"{'devacc': np.float64(81.17), 'acc': np.float64(81.25), 'ndev': 10662, 'ntest': 10662}","{'devacc': np.float64(83.24), 'acc': np.float64(83.81), 'ndev': 3775, 'ntest': 3775}","{'devacc': np.float64(93.44), 'acc': np.float64(93.58), 'ndev': 10000, 'ntest': 10000}","{'devacc': np.float64(88.19), 'acc': np.float64(88.47), 'ndev': 10606, 'ntest': 10606}","{'devacc': np.float64(86.35), 'acc': 87.26, 'ndev': 872, 'ntest': 1821}","{'devacc': np.float64(85.9), 'acc': 92.8, 'ndev': 5452, 'ntest': 500}","{'devacc': np.float64(70.39), 'acc': 70.43, 'f1': 79.78, 'ndev': 4076, 'ntest': 1725}"
deberta-base,CLS+SUM+SUM-NS_SUM-2-6,"torch.Size([61, 2304])",NORMAL,4,0,12,"{'devacc': np.float64(81.07), 'acc': np.float64(81.06), 'ndev': 10662, 'ntest': 10662}","{'devacc': np.float64(83.18), 'acc': np.float64(83.66), 'ndev': 3775, 'ntest': 3775}","{'devacc': np.float64(93.43), 'acc': np.float64(93.67), 'ndev': 10000, 'ntest': 10000}","{'devacc': np.float64(88.78), 'acc': np.float64(88.85), 'ndev': 10606, 'ntest': 10606}","{'devacc': np.float64(85.78), 'acc': 87.15, 'ndev': 872, 'ntest': 1821}","{'devacc': np.float64(85.91), 'acc': 92.4, 'ndev': 5452, 'ntest': 500}","{'devacc': np.float64(71.0), 'acc': 70.2, 'f1': 79.16, 'ndev': 4076, 'ntest': 1725}"
deberta-base,CLS+SUM+MAX-NS_SUM-2-6,"torch.Size([61, 2304])",NORMAL,4,0,12,"{'devacc': np.float64(81.04), 'acc': np.float64(81.14), 'ndev': 10662, 'ntest': 10662}","{'devacc': np.float64(76.97), 'acc': np.float64(75.23), 'ndev': 3775, 'ntest': 3775}","{'devacc': np.float64(93.47), 'acc': np.float64(93.71), 'ndev': 10000, 'ntest': 10000}","{'devacc': np.float64(86.1), 'acc': np.float64(89.37), 'ndev': 10606, 'ntest': 10606}","{'devacc': np.float64(86.12), 'acc': 86.49, 'ndev': 872, 'ntest': 1821}","{'devacc': np.float64(86.3), 'acc': 93.2, 'ndev': 5452, 'ntest': 500}","{'devacc': np.float64(70.56), 'acc': 70.67, 'f1': 79.79, 'ndev': 4076, 'ntest': 1725}"
deberta-base,CLS+MAX+AVG-NS_SUM-2-6,"torch.Size([61, 2304])",NORMAL,4,0,12,"{'devacc': np.float64(79.61), 'acc': np.float64(79.64), 'ndev': 10662, 'ntest': 10662}","{'devacc': np.float64(82.5), 'acc': np.float64(82.68), 'ndev': 3775, 'ntest': 3775}","{'devacc': np.float64(93.21), 'acc': np.float64(93.35), 'ndev': 10000, 'ntest': 10000}","{'devacc': np.float64(87.66), 'acc': np.float64(88.0), 'ndev': 10606, 'ntest': 10606}","{'devacc': np.float64(84.17), 'acc': 86.11, 'ndev': 872, 'ntest': 1821}","{'devacc': np.float64(87.82), 'acc': 93.2, 'ndev': 5452, 'ntest': 500}","{'devacc': np.float64(70.75), 'acc': 70.43, 'f1': 78.44, 'ndev': 4076, 'ntest': 1725}"
deberta-base,CLS+MAX+SUM-NS_SUM-2-6,"torch.Size([61, 2304])",NORMAL,4,0,12,"{'devacc': np.float64(81.03), 'acc': np.float64(80.89), 'ndev': 10662, 'ntest': 10662}","{'devacc': np.float64(83.01), 'acc': np.float64(83.92), 'ndev': 3775, 'ntest': 3775}","{'devacc': np.float64(93.4), 'acc': np.float64(93.59), 'ndev': 10000, 'ntest': 10000}","{'devacc': np.float64(87.88), 'acc': np.float64(87.92), 'ndev': 10606, 'ntest': 10606}","{'devacc': np.float64(85.89), 'acc': 86.93, 'ndev': 872, 'ntest': 1821}","{'devacc': np.float64(86.32), 'acc': 94.0, 'ndev': 5452, 'ntest': 500}","{'devacc': np.float64(70.93), 'acc': 69.33, 'f1': 78.83, 'ndev': 4076, 'ntest': 1725}"
deberta-base,CLS+MAX+MAX-NS_SUM-2-6,"torch.Size([61, 2304])",NORMAL,4,0,12,"{'devacc': np.float64(76.54), 'acc': np.float64(76.4), 'ndev': 10662, 'ntest': 10662}","{'devacc': np.float64(68.57), 'acc': np.float64(65.64), 'ndev': 3775, 'ntest': 3775}","{'devacc': np.float64(91.02), 'acc': np.float64(91.33), 'ndev': 10000, 'ntest': 10000}","{'devacc': np.float64(85.28), 'acc': np.float64(87.64), 'ndev': 10606, 'ntest': 10606}","{'devacc': np.float64(81.65), 'acc': 80.72, 'ndev': 872, 'ntest': 1821}","{'devacc': np.float64(85.95), 'acc': 92.8, 'ndev': 5452, 'ntest': 500}","{'devacc': np.float64(69.75), 'acc': 71.01, 'f1': 79.36, 'ndev': 4076, 'ntest': 1725}"
deberta-base,CLS+AVG-NS+SUM-NS_SUM-2-6,"torch.Size([61, 2304])",NORMAL,4,0,12,"{'devacc': np.float64(81.1), 'acc': np.float64(81.0), 'ndev': 10662, 'ntest': 10662}","{'devacc': np.float64(83.03), 'acc': np.float64(84.03), 'ndev': 3775, 'ntest': 3775}","{'devacc': np.float64(93.44), 'acc': np.float64(93.82), 'ndev': 10000, 'ntest': 10000}","{'devacc': np.float64(88.27), 'acc': np.float64(88.62), 'ndev': 10606, 'ntest': 10606}","{'devacc': np.float64(86.47), 'acc': 86.66, 'ndev': 872, 'ntest': 1821}","{'devacc': np.float64(86.17), 'acc': 93.4, 'ndev': 5452, 'ntest': 500}","{'devacc': np.float64(70.53), 'acc': 69.86, 'f1': 79.5, 'ndev': 4076, 'ntest': 1725}"
deberta-base,CLS+AVG-NS+MAX-NS_SUM-2-6,"torch.Size([61, 2304])",NORMAL,4,0,12,"{'devacc': np.float64(79.6), 'acc': np.float64(79.81), 'ndev': 10662, 'ntest': 10662}","{'devacc': np.float64(70.31), 'acc': np.float64(65.59), 'ndev': 3775, 'ntest': 3775}","{'devacc': np.float64(93.24), 'acc': np.float64(93.33), 'ndev': 10000, 'ntest': 10000}","{'devacc': np.float64(57.9), 'acc': np.float64(49.3), 'ndev': 10606, 'ntest': 10606}","{'devacc': np.float64(84.4), 'acc': 85.39, 'ndev': 872, 'ntest': 1821}","{'devacc': np.float64(87.84), 'acc': 93.4, 'ndev': 5452, 'ntest': 500}","{'devacc': np.float64(70.58), 'acc': 71.19, 'f1': 79.33, 'ndev': 4076, 'ntest': 1725}"
deberta-base,CLS+SUM-NS+MAX-NS_SUM-2-6,"torch.Size([61, 2304])",NORMAL,4,0,12,"{'devacc': np.float64(80.95), 'acc': np.float64(81.0), 'ndev': 10662, 'ntest': 10662}","{'devacc': np.float64(75.45), 'acc': np.float64(74.86), 'ndev': 3775, 'ntest': 3775}","{'devacc': np.float64(93.4), 'acc': np.float64(93.63), 'ndev': 10000, 'ntest': 10000}","{'devacc': np.float64(85.96), 'acc': np.float64(82.17), 'ndev': 10606, 'ntest': 10606}","{'devacc': np.float64(86.12), 'acc': 86.55, 'ndev': 872, 'ntest': 1821}","{'devacc': np.float64(86.37), 'acc': 92.6, 'ndev': 5452, 'ntest': 500}","{'devacc': np.float64(70.93), 'acc': 69.45, 'f1': 78.89, 'ndev': 4076, 'ntest': 1725}"
deberta-base,AVG+SUM+MAX_SUM-2-6,"torch.Size([61, 2304])",NORMAL,4,0,12,"{'devacc': np.float64(81.07), 'acc': np.float64(81.04), 'ndev': 10662, 'ntest': 10662}","{'devacc': np.float64(83.15), 'acc': np.float64(84.48), 'ndev': 3775, 'ntest': 3775}","{'devacc': np.float64(93.47), 'acc': np.float64(93.68), 'ndev': 10000, 'ntest': 10000}","{'devacc': np.float64(87.91), 'acc': np.float64(87.95), 'ndev': 10606, 'ntest': 10606}","{'devacc': np.float64(86.47), 'acc': 86.27, 'ndev': 872, 'ntest': 1821}","{'devacc': np.float64(86.24), 'acc': 93.0, 'ndev': 5452, 'ntest': 500}","{'devacc': np.float64(70.68), 'acc': 70.9, 'f1': 80.21, 'ndev': 4076, 'ntest': 1725}"
deberta-base,AVG+SUM+AVG-NS_SUM-2-6,"torch.Size([61, 2304])",NORMAL,4,0,12,"{'devacc': np.float64(81.19), 'acc': np.float64(81.22), 'ndev': 10662, 'ntest': 10662}","{'devacc': np.float64(83.25), 'acc': np.float64(84.16), 'ndev': 3775, 'ntest': 3775}","{'devacc': np.float64(93.45), 'acc': np.float64(93.68), 'ndev': 10000, 'ntest': 10000}","{'devacc': np.float64(88.17), 'acc': np.float64(88.58), 'ndev': 10606, 'ntest': 10606}","{'devacc': np.float64(86.81), 'acc': 87.42, 'ndev': 872, 'ntest': 1821}","{'devacc': np.float64(86.13), 'acc': 92.6, 'ndev': 5452, 'ntest': 500}","{'devacc': np.float64(70.41), 'acc': 70.38, 'f1': 79.52, 'ndev': 4076, 'ntest': 1725}"
deberta-base,AVG+SUM+SUM-NS_SUM-2-6,"torch.Size([61, 2304])",NORMAL,4,0,12,"{'devacc': np.float64(81.1), 'acc': np.float64(81.06), 'ndev': 10662, 'ntest': 10662}","{'devacc': np.float64(83.21), 'acc': np.float64(84.05), 'ndev': 3775, 'ntest': 3775}","{'devacc': np.float64(93.42), 'acc': np.float64(93.67), 'ndev': 10000, 'ntest': 10000}","{'devacc': np.float64(88.67), 'acc': np.float64(88.94), 'ndev': 10606, 'ntest': 10606}","{'devacc': np.float64(86.12), 'acc': 86.27, 'ndev': 872, 'ntest': 1821}","{'devacc': np.float64(85.97), 'acc': 92.4, 'ndev': 5452, 'ntest': 500}","{'devacc': np.float64(70.83), 'acc': 70.03, 'f1': 79.13, 'ndev': 4076, 'ntest': 1725}"
deberta-base,AVG+SUM+MAX-NS_SUM-2-6,"torch.Size([61, 2304])",NORMAL,4,0,12,"{'devacc': np.float64(81.06), 'acc': np.float64(80.94), 'ndev': 10662, 'ntest': 10662}","{'devacc': np.float64(76.26), 'acc': np.float64(71.81), 'ndev': 3775, 'ntest': 3775}","{'devacc': np.float64(93.51), 'acc': np.float64(93.62), 'ndev': 10000, 'ntest': 10000}","{'devacc': np.float64(85.48), 'acc': np.float64(89.63), 'ndev': 10606, 'ntest': 10606}","{'devacc': np.float64(86.24), 'acc': 86.33, 'ndev': 872, 'ntest': 1821}","{'devacc': np.float64(86.34), 'acc': 93.2, 'ndev': 5452, 'ntest': 500}","{'devacc': np.float64(70.78), 'acc': 71.01, 'f1': 79.76, 'ndev': 4076, 'ntest': 1725}"
deberta-base,AVG+MAX+AVG-NS_SUM-2-6,"torch.Size([61, 2304])",NORMAL,4,0,12,"{'devacc': np.float64(79.64), 'acc': np.float64(79.41), 'ndev': 10662, 'ntest': 10662}","{'devacc': np.float64(83.25), 'acc': np.float64(83.07), 'ndev': 3775, 'ntest': 3775}","{'devacc': np.float64(93.53), 'acc': np.float64(93.55), 'ndev': 10000, 'ntest': 10000}","{'devacc': np.float64(87.55), 'acc': np.float64(87.92), 'ndev': 10606, 'ntest': 10606}","{'devacc': np.float64(84.75), 'acc': 86.44, 'ndev': 872, 'ntest': 1821}","{'devacc': np.float64(88.37), 'acc': 93.8, 'ndev': 5452, 'ntest': 500}","{'devacc': np.float64(71.37), 'acc': 71.65, 'f1': 79.39, 'ndev': 4076, 'ntest': 1725}"
deberta-base,AVG+MAX+SUM-NS_SUM-2-6,"torch.Size([61, 2304])",NORMAL,4,0,12,"{'devacc': np.float64(80.99), 'acc': np.float64(80.82), 'ndev': 10662, 'ntest': 10662}","{'devacc': np.float64(83.09), 'acc': np.float64(83.6), 'ndev': 3775, 'ntest': 3775}","{'devacc': np.float64(93.42), 'acc': np.float64(93.65), 'ndev': 10000, 'ntest': 10000}","{'devacc': np.float64(87.81), 'acc': np.float64(88.07), 'ndev': 10606, 'ntest': 10606}","{'devacc': np.float64(86.24), 'acc': 86.49, 'ndev': 872, 'ntest': 1821}","{'devacc': np.float64(86.28), 'acc': 92.8, 'ndev': 5452, 'ntest': 500}","{'devacc': np.float64(71.1), 'acc': 70.61, 'f1': 79.82, 'ndev': 4076, 'ntest': 1725}"
deberta-base,AVG+MAX+MAX-NS_SUM-2-6,"torch.Size([61, 2304])",NORMAL,4,0,12,"{'devacc': np.float64(79.74), 'acc': np.float64(79.6), 'ndev': 10662, 'ntest': 10662}","{'devacc': np.float64(67.35), 'acc': np.float64(65.48), 'ndev': 3775, 'ntest': 3775}","{'devacc': np.float64(92.54), 'acc': np.float64(92.85), 'ndev': 10000, 'ntest': 10000}","{'devacc': np.float64(86.39), 'acc': np.float64(84.43), 'ndev': 10606, 'ntest': 10606}","{'devacc': np.float64(85.44), 'acc': 86.11, 'ndev': 872, 'ntest': 1821}","{'devacc': np.float64(87.16), 'acc': 92.4, 'ndev': 5452, 'ntest': 500}","{'devacc': np.float64(70.09), 'acc': 70.72, 'f1': 78.86, 'ndev': 4076, 'ntest': 1725}"
deberta-base,AVG+AVG-NS+SUM-NS_SUM-2-6,"torch.Size([61, 2304])",NORMAL,4,0,12,"{'devacc': np.float64(81.07), 'acc': np.float64(81.05), 'ndev': 10662, 'ntest': 10662}","{'devacc': np.float64(82.96), 'acc': np.float64(83.82), 'ndev': 3775, 'ntest': 3775}","{'devacc': np.float64(93.43), 'acc': np.float64(93.52), 'ndev': 10000, 'ntest': 10000}","{'devacc': np.float64(88.28), 'acc': np.float64(88.46), 'ndev': 10606, 'ntest': 10606}","{'devacc': np.float64(86.35), 'acc': 86.38, 'ndev': 872, 'ntest': 1821}","{'devacc': np.float64(86.17), 'acc': 92.2, 'ndev': 5452, 'ntest': 500}","{'devacc': np.float64(70.58), 'acc': 70.32, 'f1': 80.12, 'ndev': 4076, 'ntest': 1725}"
deberta-base,AVG+AVG-NS+MAX-NS_SUM-2-6,"torch.Size([61, 2304])",NORMAL,4,0,12,"{'devacc': np.float64(79.72), 'acc': np.float64(79.92), 'ndev': 10662, 'ntest': 10662}","{'devacc': np.float64(66.72), 'acc': np.float64(65.61), 'ndev': 3775, 'ntest': 3775}","{'devacc': np.float64(93.5), 'acc': np.float64(93.56), 'ndev': 10000, 'ntest': 10000}","{'devacc': np.float64(57.86), 'acc': np.float64(49.22), 'ndev': 10606, 'ntest': 10606}","{'devacc': np.float64(85.44), 'acc': 85.5, 'ndev': 872, 'ntest': 1821}","{'devacc': np.float64(87.99), 'acc': 93.8, 'ndev': 5452, 'ntest': 500}","{'devacc': np.float64(71.42), 'acc': 72.06, 'f1': 79.71, 'ndev': 4076, 'ntest': 1725}"
deberta-base,AVG+SUM-NS+MAX-NS_SUM-2-6,"torch.Size([61, 2304])",NORMAL,4,0,12,"{'devacc': np.float64(80.97), 'acc': np.float64(80.78), 'ndev': 10662, 'ntest': 10662}","{'devacc': np.float64(75.3), 'acc': np.float64(75.52), 'ndev': 3775, 'ntest': 3775}","{'devacc': np.float64(93.42), 'acc': np.float64(93.7), 'ndev': 10000, 'ntest': 10000}","{'devacc': np.float64(86.03), 'acc': np.float64(81.29), 'ndev': 10606, 'ntest': 10606}","{'devacc': np.float64(86.12), 'acc': 86.82, 'ndev': 872, 'ntest': 1821}","{'devacc': np.float64(86.41), 'acc': 94.0, 'ndev': 5452, 'ntest': 500}","{'devacc': np.float64(70.8), 'acc': 70.14, 'f1': 79.44, 'ndev': 4076, 'ntest': 1725}"
deberta-base,SUM+MAX+AVG-NS_SUM-2-6,"torch.Size([61, 2304])",NORMAL,4,0,12,"{'devacc': np.float64(81.06), 'acc': np.float64(81.2), 'ndev': 10662, 'ntest': 10662}","{'devacc': np.float64(83.18), 'acc': np.float64(84.58), 'ndev': 3775, 'ntest': 3775}","{'devacc': np.float64(93.47), 'acc': np.float64(93.77), 'ndev': 10000, 'ntest': 10000}","{'devacc': np.float64(87.74), 'acc': np.float64(87.9), 'ndev': 10606, 'ntest': 10606}","{'devacc': np.float64(85.67), 'acc': 86.82, 'ndev': 872, 'ntest': 1821}","{'devacc': np.float64(86.41), 'acc': 92.8, 'ndev': 5452, 'ntest': 500}","{'devacc': np.float64(70.71), 'acc': 71.01, 'f1': 80.19, 'ndev': 4076, 'ntest': 1725}"
deberta-base,SUM+MAX+SUM-NS_SUM-2-6,"torch.Size([61, 2304])",NORMAL,4,0,12,"{'devacc': np.float64(81.03), 'acc': np.float64(81.17), 'ndev': 10662, 'ntest': 10662}","{'devacc': np.float64(83.22), 'acc': np.float64(84.37), 'ndev': 3775, 'ntest': 3775}","{'devacc': np.float64(93.45), 'acc': np.float64(93.76), 'ndev': 10000, 'ntest': 10000}","{'devacc': np.float64(88.13), 'acc': np.float64(88.56), 'ndev': 10606, 'ntest': 10606}","{'devacc': np.float64(86.35), 'acc': 86.55, 'ndev': 872, 'ntest': 1821}","{'devacc': np.float64(86.24), 'acc': 92.4, 'ndev': 5452, 'ntest': 500}","{'devacc': np.float64(70.78), 'acc': 70.61, 'f1': 79.66, 'ndev': 4076, 'ntest': 1725}"
deberta-base,SUM+MAX+MAX-NS_SUM-2-6,"torch.Size([61, 2304])",NORMAL,4,0,12,"{'devacc': np.float64(80.99), 'acc': np.float64(81.03), 'ndev': 10662, 'ntest': 10662}","{'devacc': np.float64(77.15), 'acc': np.float64(73.46), 'ndev': 3775, 'ntest': 3775}","{'devacc': np.float64(93.49), 'acc': np.float64(93.78), 'ndev': 10000, 'ntest': 10000}","{'devacc': np.float64(87.7), 'acc': np.float64(81.64), 'ndev': 10606, 'ntest': 10606}","{'devacc': np.float64(86.01), 'acc': 86.27, 'ndev': 872, 'ntest': 1821}","{'devacc': np.float64(86.63), 'acc': 93.2, 'ndev': 5452, 'ntest': 500}","{'devacc': np.float64(70.63), 'acc': 70.55, 'f1': 79.37, 'ndev': 4076, 'ntest': 1725}"
deberta-base,SUM+AVG-NS+SUM-NS_SUM-2-6,"torch.Size([61, 2304])",NORMAL,4,0,12,"{'devacc': np.float64(81.09), 'acc': np.float64(80.93), 'ndev': 10662, 'ntest': 10662}","{'devacc': np.float64(83.22), 'acc': np.float64(83.9), 'ndev': 3775, 'ntest': 3775}","{'devacc': np.float64(93.47), 'acc': np.float64(93.63), 'ndev': 10000, 'ntest': 10000}","{'devacc': np.float64(88.33), 'acc': np.float64(88.68), 'ndev': 10606, 'ntest': 10606}","{'devacc': np.float64(86.7), 'acc': 86.22, 'ndev': 872, 'ntest': 1821}","{'devacc': np.float64(86.08), 'acc': 92.8, 'ndev': 5452, 'ntest': 500}","{'devacc': np.float64(71.32), 'acc': 70.32, 'f1': 79.44, 'ndev': 4076, 'ntest': 1725}"
deberta-base,SUM+AVG-NS+MAX-NS_SUM-2-6,"torch.Size([61, 2304])",NORMAL,4,0,12,"{'devacc': np.float64(81.07), 'acc': np.float64(81.12), 'ndev': 10662, 'ntest': 10662}","{'devacc': np.float64(75.81), 'acc': np.float64(73.27), 'ndev': 3775, 'ntest': 3775}","{'devacc': np.float64(93.45), 'acc': np.float64(93.64), 'ndev': 10000, 'ntest': 10000}","{'devacc': np.float64(86.82), 'acc': np.float64(81.98), 'ndev': 10606, 'ntest': 10606}","{'devacc': np.float64(85.78), 'acc': 86.05, 'ndev': 872, 'ntest': 1821}","{'devacc': np.float64(86.21), 'acc': 92.6, 'ndev': 5452, 'ntest': 500}","{'devacc': np.float64(70.46), 'acc': 70.2, 'f1': 79.37, 'ndev': 4076, 'ntest': 1725}"
deberta-base,SUM+SUM-NS+MAX-NS_SUM-2-6,"torch.Size([61, 2304])",NORMAL,4,0,12,"{'devacc': np.float64(80.99), 'acc': np.float64(81.02), 'ndev': 10662, 'ntest': 10662}","{'devacc': np.float64(78.1), 'acc': np.float64(74.52), 'ndev': 3775, 'ntest': 3775}","{'devacc': np.float64(93.48), 'acc': np.float64(93.68), 'ndev': 10000, 'ntest': 10000}","{'devacc': np.float64(77.0), 'acc': np.float64(89.36), 'ndev': 10606, 'ntest': 10606}","{'devacc': np.float64(86.12), 'acc': 86.38, 'ndev': 872, 'ntest': 1821}","{'devacc': np.float64(86.17), 'acc': 93.0, 'ndev': 5452, 'ntest': 500}","{'devacc': np.float64(70.58), 'acc': 69.8, 'f1': 78.93, 'ndev': 4076, 'ntest': 1725}"
deberta-base,MAX+AVG-NS+SUM-NS_SUM-2-6,"torch.Size([61, 2304])",NORMAL,4,0,12,"{'devacc': np.float64(80.98), 'acc': np.float64(80.77), 'ndev': 10662, 'ntest': 10662}","{'devacc': np.float64(83.02), 'acc': np.float64(83.55), 'ndev': 3775, 'ntest': 3775}","{'devacc': np.float64(93.42), 'acc': np.float64(93.65), 'ndev': 10000, 'ntest': 10000}","{'devacc': np.float64(87.72), 'acc': np.float64(88.15), 'ndev': 10606, 'ntest': 10606}","{'devacc': np.float64(85.67), 'acc': 86.16, 'ndev': 872, 'ntest': 1821}","{'devacc': np.float64(86.35), 'acc': 92.6, 'ndev': 5452, 'ntest': 500}","{'devacc': np.float64(71.2), 'acc': 70.55, 'f1': 80.22, 'ndev': 4076, 'ntest': 1725}"
deberta-base,MAX+AVG-NS+MAX-NS_SUM-2-6,"torch.Size([61, 2304])",NORMAL,4,0,12,"{'devacc': np.float64(79.68), 'acc': np.float64(79.73), 'ndev': 10662, 'ntest': 10662}","{'devacc': np.float64(66.23), 'acc': np.float64(66.41), 'ndev': 3775, 'ntest': 3775}","{'devacc': np.float64(92.7), 'acc': np.float64(93.05), 'ndev': 10000, 'ntest': 10000}","{'devacc': np.float64(86.16), 'acc': np.float64(88.14), 'ndev': 10606, 'ntest': 10606}","{'devacc': np.float64(83.83), 'acc': 85.28, 'ndev': 872, 'ntest': 1821}","{'devacc': np.float64(87.16), 'acc': 92.4, 'ndev': 5452, 'ntest': 500}","{'devacc': np.float64(70.41), 'acc': 71.25, 'f1': 79.38, 'ndev': 4076, 'ntest': 1725}"
deberta-base,MAX+SUM-NS+MAX-NS_SUM-2-6,"torch.Size([61, 2304])",NORMAL,4,0,12,"{'devacc': np.float64(80.84), 'acc': np.float64(80.65), 'ndev': 10662, 'ntest': 10662}","{'devacc': np.float64(76.08), 'acc': np.float64(70.94), 'ndev': 3775, 'ntest': 3775}","{'devacc': np.float64(93.42), 'acc': np.float64(93.5), 'ndev': 10000, 'ntest': 10000}","{'devacc': np.float64(85.01), 'acc': np.float64(72.59), 'ndev': 10606, 'ntest': 10606}","{'devacc': np.float64(86.01), 'acc': 86.44, 'ndev': 872, 'ntest': 1821}","{'devacc': np.float64(87.05), 'acc': 93.6, 'ndev': 5452, 'ntest': 500}","{'devacc': np.float64(70.98), 'acc': 70.43, 'f1': 79.49, 'ndev': 4076, 'ntest': 1725}"
deberta-base,AVG-NS+SUM-NS+MAX-NS_SUM-2-6,"torch.Size([61, 2304])",NORMAL,4,0,12,"{'devacc': np.float64(80.97), 'acc': np.float64(80.76), 'ndev': 10662, 'ntest': 10662}","{'devacc': np.float64(76.03), 'acc': np.float64(75.89), 'ndev': 3775, 'ntest': 3775}","{'devacc': np.float64(93.42), 'acc': np.float64(93.77), 'ndev': 10000, 'ntest': 10000}","{'devacc': np.float64(87.3), 'acc': np.float64(79.46), 'ndev': 10606, 'ntest': 10606}","{'devacc': np.float64(85.78), 'acc': 86.49, 'ndev': 872, 'ntest': 1821}","{'devacc': np.float64(86.54), 'acc': 92.8, 'ndev': 5452, 'ntest': 500}","{'devacc': np.float64(70.95), 'acc': 70.09, 'f1': 79.13, 'ndev': 4076, 'ntest': 1725}"
deberta-base,CLS+AVG+SUM_SUM-3-7,"torch.Size([61, 2304])",NORMAL,4,0,12,"{'devacc': np.float64(82.65), 'acc': np.float64(82.45), 'ndev': 10662, 'ntest': 10662}","{'devacc': np.float64(85.3), 'acc': np.float64(85.8), 'ndev': 3775, 'ntest': 3775}","{'devacc': np.float64(93.95), 'acc': np.float64(93.99), 'ndev': 10000, 'ntest': 10000}","{'devacc': np.float64(89.02), 'acc': np.float64(89.4), 'ndev': 10606, 'ntest': 10606}","{'devacc': np.float64(87.04), 'acc': 88.08, 'ndev': 872, 'ntest': 1821}","{'devacc': np.float64(87.05), 'acc': 94.0, 'ndev': 5452, 'ntest': 500}","{'devacc': np.float64(70.63), 'acc': 70.55, 'f1': 80.0, 'ndev': 4076, 'ntest': 1725}"
deberta-base,CLS+AVG+MAX_SUM-3-7,"torch.Size([61, 2304])",NORMAL,4,0,12,"{'devacc': np.float64(81.33), 'acc': np.float64(81.78), 'ndev': 10662, 'ntest': 10662}","{'devacc': np.float64(84.77), 'acc': np.float64(84.9), 'ndev': 3775, 'ntest': 3775}","{'devacc': np.float64(93.67), 'acc': np.float64(93.71), 'ndev': 10000, 'ntest': 10000}","{'devacc': np.float64(88.32), 'acc': np.float64(88.68), 'ndev': 10606, 'ntest': 10606}","{'devacc': np.float64(86.24), 'acc': 87.92, 'ndev': 872, 'ntest': 1821}","{'devacc': np.float64(88.52), 'acc': 94.2, 'ndev': 5452, 'ntest': 500}","{'devacc': np.float64(70.56), 'acc': 72.23, 'f1': 80.05, 'ndev': 4076, 'ntest': 1725}"
deberta-base,CLS+AVG+AVG-NS_SUM-3-7,"torch.Size([61, 2304])",NORMAL,4,0,12,"{'devacc': np.float64(82.8), 'acc': np.float64(82.9), 'ndev': 10662, 'ntest': 10662}","{'devacc': np.float64(86.61), 'acc': np.float64(87.15), 'ndev': 3775, 'ntest': 3775}","{'devacc': np.float64(94.77), 'acc': np.float64(94.89), 'ndev': 10000, 'ntest': 10000}","{'devacc': np.float64(89.08), 'acc': np.float64(89.22), 'ndev': 10606, 'ntest': 10606}","{'devacc': np.float64(87.84), 'acc': 89.07, 'ndev': 872, 'ntest': 1821}","{'devacc': np.float64(87.78), 'acc': 94.4, 'ndev': 5452, 'ntest': 500}","{'devacc': np.float64(76.3), 'acc': 75.07, 'f1': 81.92, 'ndev': 4076, 'ntest': 1725}"
deberta-base,CLS+AVG+SUM-NS_SUM-3-7,"torch.Size([61, 2304])",NORMAL,4,0,12,"{'devacc': np.float64(82.5), 'acc': np.float64(82.24), 'ndev': 10662, 'ntest': 10662}","{'devacc': np.float64(85.03), 'acc': np.float64(85.3), 'ndev': 3775, 'ntest': 3775}","{'devacc': np.float64(93.91), 'acc': np.float64(93.85), 'ndev': 10000, 'ntest': 10000}","{'devacc': np.float64(88.98), 'acc': np.float64(89.2), 'ndev': 10606, 'ntest': 10606}","{'devacc': np.float64(87.5), 'acc': 88.14, 'ndev': 872, 'ntest': 1821}","{'devacc': np.float64(87.0), 'acc': 94.6, 'ndev': 5452, 'ntest': 500}","{'devacc': np.float64(70.95), 'acc': 70.67, 'f1': 79.78, 'ndev': 4076, 'ntest': 1725}"
deberta-base,CLS+AVG+MAX-NS_SUM-3-7,"torch.Size([61, 2304])",NORMAL,4,0,12,"{'devacc': np.float64(81.38), 'acc': np.float64(81.26), 'ndev': 10662, 'ntest': 10662}","{'devacc': np.float64(71.08), 'acc': np.float64(65.88), 'ndev': 3775, 'ntest': 3775}","{'devacc': np.float64(93.69), 'acc': np.float64(93.66), 'ndev': 10000, 'ntest': 10000}","{'devacc': np.float64(77.86), 'acc': np.float64(79.61), 'ndev': 10606, 'ntest': 10606}","{'devacc': np.float64(86.81), 'acc': 87.7, 'ndev': 872, 'ntest': 1821}","{'devacc': np.float64(88.65), 'acc': 93.4, 'ndev': 5452, 'ntest': 500}","{'devacc': np.float64(70.58), 'acc': 71.19, 'f1': 79.28, 'ndev': 4076, 'ntest': 1725}"
deberta-base,CLS+SUM+MAX_SUM-3-7,"torch.Size([61, 2304])",NORMAL,4,0,12,"{'devacc': np.float64(82.51), 'acc': np.float64(82.31), 'ndev': 10662, 'ntest': 10662}","{'devacc': np.float64(85.47), 'acc': np.float64(86.04), 'ndev': 3775, 'ntest': 3775}","{'devacc': np.float64(93.99), 'acc': np.float64(94.04), 'ndev': 10000, 'ntest': 10000}","{'devacc': np.float64(88.27), 'acc': np.float64(88.72), 'ndev': 10606, 'ntest': 10606}","{'devacc': np.float64(87.04), 'acc': 87.7, 'ndev': 872, 'ntest': 1821}","{'devacc': np.float64(87.22), 'acc': 94.2, 'ndev': 5452, 'ntest': 500}","{'devacc': np.float64(70.73), 'acc': 70.96, 'f1': 79.77, 'ndev': 4076, 'ntest': 1725}"
deberta-base,CLS+SUM+AVG-NS_SUM-3-7,"torch.Size([61, 2304])",NORMAL,4,0,12,"{'devacc': np.float64(82.61), 'acc': np.float64(82.58), 'ndev': 10662, 'ntest': 10662}","{'devacc': np.float64(85.32), 'acc': np.float64(86.02), 'ndev': 3775, 'ntest': 3775}","{'devacc': np.float64(93.95), 'acc': np.float64(94.12), 'ndev': 10000, 'ntest': 10000}","{'devacc': np.float64(88.49), 'acc': np.float64(88.86), 'ndev': 10606, 'ntest': 10606}","{'devacc': np.float64(87.27), 'acc': 88.19, 'ndev': 872, 'ntest': 1821}","{'devacc': np.float64(87.11), 'acc': 94.0, 'ndev': 5452, 'ntest': 500}","{'devacc': np.float64(70.66), 'acc': 70.2, 'f1': 79.6, 'ndev': 4076, 'ntest': 1725}"
deberta-base,CLS+SUM+SUM-NS_SUM-3-7,"torch.Size([61, 2304])",NORMAL,4,0,12,"{'devacc': np.float64(82.55), 'acc': np.float64(82.34), 'ndev': 10662, 'ntest': 10662}","{'devacc': np.float64(85.26), 'acc': np.float64(85.54), 'ndev': 3775, 'ntest': 3775}","{'devacc': np.float64(93.96), 'acc': np.float64(94.03), 'ndev': 10000, 'ntest': 10000}","{'devacc': np.float64(89.12), 'acc': np.float64(89.44), 'ndev': 10606, 'ntest': 10606}","{'devacc': np.float64(87.84), 'acc': 87.86, 'ndev': 872, 'ntest': 1821}","{'devacc': np.float64(86.94), 'acc': 94.0, 'ndev': 5452, 'ntest': 500}","{'devacc': np.float64(70.36), 'acc': 70.61, 'f1': 79.66, 'ndev': 4076, 'ntest': 1725}"
deberta-base,CLS+SUM+MAX-NS_SUM-3-7,"torch.Size([61, 2304])",NORMAL,4,0,12,"{'devacc': np.float64(82.49), 'acc': np.float64(82.45), 'ndev': 10662, 'ntest': 10662}","{'devacc': np.float64(79.37), 'acc': np.float64(78.7), 'ndev': 3775, 'ntest': 3775}","{'devacc': np.float64(93.99), 'acc': np.float64(94.1), 'ndev': 10000, 'ntest': 10000}","{'devacc': np.float64(86.06), 'acc': np.float64(85.27), 'ndev': 10606, 'ntest': 10606}","{'devacc': np.float64(86.93), 'acc': 87.37, 'ndev': 872, 'ntest': 1821}","{'devacc': np.float64(87.34), 'acc': 94.4, 'ndev': 5452, 'ntest': 500}","{'devacc': np.float64(70.78), 'acc': 70.32, 'f1': 79.44, 'ndev': 4076, 'ntest': 1725}"
deberta-base,CLS+MAX+AVG-NS_SUM-3-7,"torch.Size([61, 2304])",NORMAL,4,0,12,"{'devacc': np.float64(81.25), 'acc': np.float64(81.58), 'ndev': 10662, 'ntest': 10662}","{'devacc': np.float64(84.97), 'acc': np.float64(85.32), 'ndev': 3775, 'ntest': 3775}","{'devacc': np.float64(93.77), 'acc': np.float64(93.91), 'ndev': 10000, 'ntest': 10000}","{'devacc': np.float64(88.01), 'acc': np.float64(88.22), 'ndev': 10606, 'ntest': 10606}","{'devacc': np.float64(85.78), 'acc': 86.99, 'ndev': 872, 'ntest': 1821}","{'devacc': np.float64(88.83), 'acc': 94.4, 'ndev': 5452, 'ntest': 500}","{'devacc': np.float64(70.61), 'acc': 71.19, 'f1': 79.23, 'ndev': 4076, 'ntest': 1725}"
deberta-base,CLS+MAX+SUM-NS_SUM-3-7,"torch.Size([61, 2304])",NORMAL,4,0,12,"{'devacc': np.float64(82.41), 'acc': np.float64(82.02), 'ndev': 10662, 'ntest': 10662}","{'devacc': np.float64(85.16), 'acc': np.float64(85.24), 'ndev': 3775, 'ntest': 3775}","{'devacc': np.float64(93.94), 'acc': np.float64(93.99), 'ndev': 10000, 'ntest': 10000}","{'devacc': np.float64(88.29), 'acc': np.float64(88.62), 'ndev': 10606, 'ntest': 10606}","{'devacc': np.float64(88.07), 'acc': 87.92, 'ndev': 872, 'ntest': 1821}","{'devacc': np.float64(87.44), 'acc': 94.4, 'ndev': 5452, 'ntest': 500}","{'devacc': np.float64(70.93), 'acc': 70.84, 'f1': 79.79, 'ndev': 4076, 'ntest': 1725}"
deberta-base,CLS+MAX+MAX-NS_SUM-3-7,"torch.Size([61, 2304])",NORMAL,4,0,12,"{'devacc': np.float64(78.35), 'acc': np.float64(78.31), 'ndev': 10662, 'ntest': 10662}","{'devacc': np.float64(69.17), 'acc': np.float64(65.69), 'ndev': 3775, 'ntest': 3775}","{'devacc': np.float64(91.87), 'acc': np.float64(92.23), 'ndev': 10000, 'ntest': 10000}","{'devacc': np.float64(84.02), 'acc': np.float64(72.86), 'ndev': 10606, 'ntest': 10606}","{'devacc': np.float64(83.94), 'acc': 82.65, 'ndev': 872, 'ntest': 1821}","{'devacc': np.float64(87.25), 'acc': 93.0, 'ndev': 5452, 'ntest': 500}","{'devacc': np.float64(69.23), 'acc': 69.62, 'f1': 78.0, 'ndev': 4076, 'ntest': 1725}"
deberta-base,CLS+AVG-NS+SUM-NS_SUM-3-7,"torch.Size([61, 2304])",NORMAL,4,0,12,"{'devacc': np.float64(82.51), 'acc': np.float64(82.25), 'ndev': 10662, 'ntest': 10662}","{'devacc': np.float64(85.05), 'acc': np.float64(84.9), 'ndev': 3775, 'ntest': 3775}","{'devacc': np.float64(93.93), 'acc': np.float64(93.98), 'ndev': 10000, 'ntest': 10000}","{'devacc': np.float64(88.54), 'acc': np.float64(89.05), 'ndev': 10606, 'ntest': 10606}","{'devacc': np.float64(87.39), 'acc': 88.14, 'ndev': 872, 'ntest': 1821}","{'devacc': np.float64(87.16), 'acc': 94.4, 'ndev': 5452, 'ntest': 500}","{'devacc': np.float64(70.98), 'acc': 70.32, 'f1': 79.63, 'ndev': 4076, 'ntest': 1725}"
deberta-base,CLS+AVG-NS+MAX-NS_SUM-3-7,"torch.Size([61, 2304])",NORMAL,4,0,12,"{'devacc': np.float64(81.26), 'acc': np.float64(81.34), 'ndev': 10662, 'ntest': 10662}","{'devacc': np.float64(66.89), 'acc': np.float64(66.09), 'ndev': 3775, 'ntest': 3775}","{'devacc': np.float64(93.8), 'acc': np.float64(93.85), 'ndev': 10000, 'ntest': 10000}","{'devacc': np.float64(58.04), 'acc': np.float64(49.34), 'ndev': 10606, 'ntest': 10606}","{'devacc': np.float64(86.24), 'acc': 86.93, 'ndev': 872, 'ntest': 1821}","{'devacc': np.float64(89.09), 'acc': 93.8, 'ndev': 5452, 'ntest': 500}","{'devacc': np.float64(70.53), 'acc': 72.06, 'f1': 80.0, 'ndev': 4076, 'ntest': 1725}"
deberta-base,CLS+SUM-NS+MAX-NS_SUM-3-7,"torch.Size([61, 2304])",NORMAL,4,0,12,"{'devacc': np.float64(82.42), 'acc': np.float64(82.01), 'ndev': 10662, 'ntest': 10662}","{'devacc': np.float64(77.95), 'acc': np.float64(79.25), 'ndev': 3775, 'ntest': 3775}","{'devacc': np.float64(93.95), 'acc': np.float64(93.96), 'ndev': 10000, 'ntest': 10000}","{'devacc': np.float64(87.43), 'acc': np.float64(87.94), 'ndev': 10606, 'ntest': 10606}","{'devacc': np.float64(87.96), 'acc': 87.86, 'ndev': 872, 'ntest': 1821}","{'devacc': np.float64(87.38), 'acc': 94.4, 'ndev': 5452, 'ntest': 500}","{'devacc': np.float64(70.83), 'acc': 69.91, 'f1': 79.72, 'ndev': 4076, 'ntest': 1725}"
deberta-base,AVG+SUM+MAX_SUM-3-7,"torch.Size([61, 2304])",NORMAL,4,0,12,"{'devacc': np.float64(82.49), 'acc': np.float64(82.29), 'ndev': 10662, 'ntest': 10662}","{'devacc': np.float64(85.52), 'acc': np.float64(86.04), 'ndev': 3775, 'ntest': 3775}","{'devacc': np.float64(93.97), 'acc': np.float64(94.0), 'ndev': 10000, 'ntest': 10000}","{'devacc': np.float64(88.22), 'acc': np.float64(88.58), 'ndev': 10606, 'ntest': 10606}","{'devacc': np.float64(86.93), 'acc': 87.59, 'ndev': 872, 'ntest': 1821}","{'devacc': np.float64(87.29), 'acc': 94.4, 'ndev': 5452, 'ntest': 500}","{'devacc': np.float64(70.36), 'acc': 70.32, 'f1': 79.54, 'ndev': 4076, 'ntest': 1725}"
deberta-base,AVG+SUM+AVG-NS_SUM-3-7,"torch.Size([61, 2304])",NORMAL,4,0,12,"{'devacc': np.float64(82.6), 'acc': np.float64(82.6), 'ndev': 10662, 'ntest': 10662}","{'devacc': np.float64(85.3), 'acc': np.float64(86.12), 'ndev': 3775, 'ntest': 3775}","{'devacc': np.float64(93.92), 'acc': np.float64(94.06), 'ndev': 10000, 'ntest': 10000}","{'devacc': np.float64(88.44), 'acc': np.float64(88.93), 'ndev': 10606, 'ntest': 10606}","{'devacc': np.float64(87.96), 'acc': 88.36, 'ndev': 872, 'ntest': 1821}","{'devacc': np.float64(86.76), 'acc': 94.0, 'ndev': 5452, 'ntest': 500}","{'devacc': np.float64(70.44), 'acc': 70.26, 'f1': 79.57, 'ndev': 4076, 'ntest': 1725}"
deberta-base,AVG+SUM+SUM-NS_SUM-3-7,"torch.Size([61, 2304])",NORMAL,4,0,12,"{'devacc': np.float64(82.52), 'acc': np.float64(82.38), 'ndev': 10662, 'ntest': 10662}","{'devacc': np.float64(85.31), 'acc': np.float64(85.85), 'ndev': 3775, 'ntest': 3775}","{'devacc': np.float64(93.98), 'acc': np.float64(93.98), 'ndev': 10000, 'ntest': 10000}","{'devacc': np.float64(89.01), 'acc': np.float64(89.47), 'ndev': 10606, 'ntest': 10606}","{'devacc': np.float64(87.39), 'acc': 87.48, 'ndev': 872, 'ntest': 1821}","{'devacc': np.float64(86.83), 'acc': 94.4, 'ndev': 5452, 'ntest': 500}","{'devacc': np.float64(70.85), 'acc': 70.67, 'f1': 79.26, 'ndev': 4076, 'ntest': 1725}"
deberta-base,AVG+SUM+MAX-NS_SUM-3-7,"torch.Size([61, 2304])",NORMAL,4,0,12,"{'devacc': np.float64(82.48), 'acc': np.float64(82.42), 'ndev': 10662, 'ntest': 10662}","{'devacc': np.float64(79.43), 'acc': np.float64(81.3), 'ndev': 3775, 'ntest': 3775}","{'devacc': np.float64(94.01), 'acc': np.float64(94.08), 'ndev': 10000, 'ntest': 10000}","{'devacc': np.float64(86.75), 'acc': np.float64(82.06), 'ndev': 10606, 'ntest': 10606}","{'devacc': np.float64(86.93), 'acc': 87.59, 'ndev': 872, 'ntest': 1821}","{'devacc': np.float64(87.14), 'acc': 94.0, 'ndev': 5452, 'ntest': 500}","{'devacc': np.float64(70.29), 'acc': 70.9, 'f1': 80.02, 'ndev': 4076, 'ntest': 1725}"
deberta-base,AVG+MAX+AVG-NS_SUM-3-7,"torch.Size([61, 2304])",NORMAL,4,0,12,"{'devacc': np.float64(81.36), 'acc': np.float64(81.5), 'ndev': 10662, 'ntest': 10662}","{'devacc': np.float64(85.69), 'acc': np.float64(85.69), 'ndev': 3775, 'ntest': 3775}","{'devacc': np.float64(94.09), 'acc': np.float64(94.07), 'ndev': 10000, 'ntest': 10000}","{'devacc': np.float64(87.99), 'acc': np.float64(88.29), 'ndev': 10606, 'ntest': 10606}","{'devacc': np.float64(86.24), 'acc': 87.37, 'ndev': 872, 'ntest': 1821}","{'devacc': np.float64(89.34), 'acc': 95.2, 'ndev': 5452, 'ntest': 500}","{'devacc': np.float64(71.05), 'acc': 71.94, 'f1': 79.7, 'ndev': 4076, 'ntest': 1725}"
deberta-base,AVG+MAX+SUM-NS_SUM-3-7,"torch.Size([61, 2304])",NORMAL,4,0,12,"{'devacc': np.float64(82.39), 'acc': np.float64(81.83), 'ndev': 10662, 'ntest': 10662}","{'devacc': np.float64(85.16), 'acc': np.float64(85.51), 'ndev': 3775, 'ntest': 3775}","{'devacc': np.float64(93.97), 'acc': np.float64(93.92), 'ndev': 10000, 'ntest': 10000}","{'devacc': np.float64(88.25), 'acc': np.float64(88.73), 'ndev': 10606, 'ntest': 10606}","{'devacc': np.float64(87.61), 'acc': 87.42, 'ndev': 872, 'ntest': 1821}","{'devacc': np.float64(87.47), 'acc': 94.8, 'ndev': 5452, 'ntest': 500}","{'devacc': np.float64(70.9), 'acc': 70.55, 'f1': 79.47, 'ndev': 4076, 'ntest': 1725}"
deberta-base,AVG+MAX+MAX-NS_SUM-3-7,"torch.Size([61, 2304])",NORMAL,4,0,12,"{'devacc': np.float64(81.35), 'acc': np.float64(81.47), 'ndev': 10662, 'ntest': 10662}","{'devacc': np.float64(67.79), 'acc': np.float64(65.88), 'ndev': 3775, 'ntest': 3775}","{'devacc': np.float64(93.18), 'acc': np.float64(93.46), 'ndev': 10000, 'ntest': 10000}","{'devacc': np.float64(85.8), 'acc': np.float64(83.49), 'ndev': 10606, 'ntest': 10606}","{'devacc': np.float64(86.7), 'acc': 87.64, 'ndev': 872, 'ntest': 1821}","{'devacc': np.float64(88.0), 'acc': 92.4, 'ndev': 5452, 'ntest': 500}","{'devacc': np.float64(70.07), 'acc': 71.07, 'f1': 79.04, 'ndev': 4076, 'ntest': 1725}"
deberta-base,AVG+AVG-NS+SUM-NS_SUM-3-7,"torch.Size([61, 2304])",NORMAL,4,0,12,"{'devacc': np.float64(82.47), 'acc': np.float64(82.21), 'ndev': 10662, 'ntest': 10662}","{'devacc': np.float64(85.06), 'acc': np.float64(85.54), 'ndev': 3775, 'ntest': 3775}","{'devacc': np.float64(93.91), 'acc': np.float64(94.09), 'ndev': 10000, 'ntest': 10000}","{'devacc': np.float64(88.49), 'acc': np.float64(88.99), 'ndev': 10606, 'ntest': 10606}","{'devacc': np.float64(87.73), 'acc': 87.92, 'ndev': 872, 'ntest': 1821}","{'devacc': np.float64(87.22), 'acc': 94.4, 'ndev': 5452, 'ntest': 500}","{'devacc': np.float64(70.68), 'acc': 70.43, 'f1': 79.75, 'ndev': 4076, 'ntest': 1725}"
deberta-base,AVG+AVG-NS+MAX-NS_SUM-3-7,"torch.Size([61, 2304])",NORMAL,4,0,12,"{'devacc': np.float64(81.51), 'acc': np.float64(81.47), 'ndev': 10662, 'ntest': 10662}","{'devacc': np.float64(68.37), 'acc': np.float64(68.63), 'ndev': 3775, 'ntest': 3775}","{'devacc': np.float64(94.11), 'acc': np.float64(94.25), 'ndev': 10000, 'ntest': 10000}","{'devacc': np.float64(58.02), 'acc': np.float64(49.29), 'ndev': 10606, 'ntest': 10606}","{'devacc': np.float64(86.7), 'acc': 87.2, 'ndev': 872, 'ntest': 1821}","{'devacc': np.float64(89.12), 'acc': 94.4, 'ndev': 5452, 'ntest': 500}","{'devacc': np.float64(71.42), 'acc': 71.94, 'f1': 79.77, 'ndev': 4076, 'ntest': 1725}"
deberta-base,AVG+SUM-NS+MAX-NS_SUM-3-7,"torch.Size([61, 2304])",NORMAL,4,0,12,"{'devacc': np.float64(82.4), 'acc': np.float64(82.05), 'ndev': 10662, 'ntest': 10662}","{'devacc': np.float64(80.1), 'acc': np.float64(71.71), 'ndev': 3775, 'ntest': 3775}","{'devacc': np.float64(93.98), 'acc': np.float64(93.96), 'ndev': 10000, 'ntest': 10000}","{'devacc': np.float64(87.85), 'acc': np.float64(89.04), 'ndev': 10606, 'ntest': 10606}","{'devacc': np.float64(88.07), 'acc': 87.7, 'ndev': 872, 'ntest': 1821}","{'devacc': np.float64(87.58), 'acc': 94.8, 'ndev': 5452, 'ntest': 500}","{'devacc': np.float64(71.22), 'acc': 70.43, 'f1': 79.6, 'ndev': 4076, 'ntest': 1725}"
deberta-base,SUM+MAX+AVG-NS_SUM-3-7,"torch.Size([61, 2304])",NORMAL,4,0,12,"{'devacc': np.float64(82.5), 'acc': np.float64(82.42), 'ndev': 10662, 'ntest': 10662}","{'devacc': np.float64(85.51), 'acc': np.float64(86.07), 'ndev': 3775, 'ntest': 3775}","{'devacc': np.float64(93.97), 'acc': np.float64(93.98), 'ndev': 10000, 'ntest': 10000}","{'devacc': np.float64(88.02), 'acc': np.float64(88.37), 'ndev': 10606, 'ntest': 10606}","{'devacc': np.float64(87.04), 'acc': 87.53, 'ndev': 872, 'ntest': 1821}","{'devacc': np.float64(87.36), 'acc': 94.6, 'ndev': 5452, 'ntest': 500}","{'devacc': np.float64(70.44), 'acc': 70.49, 'f1': 79.45, 'ndev': 4076, 'ntest': 1725}"
deberta-base,SUM+MAX+SUM-NS_SUM-3-7,"torch.Size([61, 2304])",NORMAL,4,0,12,"{'devacc': np.float64(82.42), 'acc': np.float64(82.19), 'ndev': 10662, 'ntest': 10662}","{'devacc': np.float64(85.3), 'acc': np.float64(85.99), 'ndev': 3775, 'ntest': 3775}","{'devacc': np.float64(93.98), 'acc': np.float64(93.89), 'ndev': 10000, 'ntest': 10000}","{'devacc': np.float64(88.4), 'acc': np.float64(88.99), 'ndev': 10606, 'ntest': 10606}","{'devacc': np.float64(87.04), 'acc': 87.7, 'ndev': 872, 'ntest': 1821}","{'devacc': np.float64(87.01), 'acc': 94.2, 'ndev': 5452, 'ntest': 500}","{'devacc': np.float64(70.78), 'acc': 70.84, 'f1': 79.33, 'ndev': 4076, 'ntest': 1725}"
deberta-base,SUM+MAX+MAX-NS_SUM-3-7,"torch.Size([61, 2304])",NORMAL,4,0,12,"{'devacc': np.float64(82.38), 'acc': np.float64(82.54), 'ndev': 10662, 'ntest': 10662}","{'devacc': np.float64(77.98), 'acc': np.float64(77.27), 'ndev': 3775, 'ntest': 3775}","{'devacc': np.float64(94.05), 'acc': np.float64(94.24), 'ndev': 10000, 'ntest': 10000}","{'devacc': np.float64(84.08), 'acc': np.float64(72.83), 'ndev': 10606, 'ntest': 10606}","{'devacc': np.float64(87.27), 'acc': 87.31, 'ndev': 872, 'ntest': 1821}","{'devacc': np.float64(87.71), 'acc': 94.0, 'ndev': 5452, 'ntest': 500}","{'devacc': np.float64(70.36), 'acc': 71.07, 'f1': 80.13, 'ndev': 4076, 'ntest': 1725}"
deberta-base,SUM+AVG-NS+SUM-NS_SUM-3-7,"torch.Size([61, 2304])",NORMAL,4,0,12,"{'devacc': np.float64(82.54), 'acc': np.float64(82.29), 'ndev': 10662, 'ntest': 10662}","{'devacc': np.float64(85.3), 'acc': np.float64(86.17), 'ndev': 3775, 'ntest': 3775}","{'devacc': np.float64(93.98), 'acc': np.float64(93.85), 'ndev': 10000, 'ntest': 10000}","{'devacc': np.float64(88.51), 'acc': np.float64(88.76), 'ndev': 10606, 'ntest': 10606}","{'devacc': np.float64(87.39), 'acc': 88.25, 'ndev': 872, 'ntest': 1821}","{'devacc': np.float64(86.9), 'acc': 94.2, 'ndev': 5452, 'ntest': 500}","{'devacc': np.float64(70.63), 'acc': 70.67, 'f1': 79.51, 'ndev': 4076, 'ntest': 1725}"
deberta-base,SUM+AVG-NS+MAX-NS_SUM-3-7,"torch.Size([61, 2304])",NORMAL,4,0,12,"{'devacc': np.float64(82.5), 'acc': np.float64(82.34), 'ndev': 10662, 'ntest': 10662}","{'devacc': np.float64(78.98), 'acc': np.float64(80.48), 'ndev': 3775, 'ntest': 3775}","{'devacc': np.float64(93.99), 'acc': np.float64(94.15), 'ndev': 10000, 'ntest': 10000}","{'devacc': np.float64(88.5), 'acc': np.float64(54.5), 'ndev': 10606, 'ntest': 10606}","{'devacc': np.float64(87.39), 'acc': 87.81, 'ndev': 872, 'ntest': 1821}","{'devacc': np.float64(87.34), 'acc': 94.8, 'ndev': 5452, 'ntest': 500}","{'devacc': np.float64(70.17), 'acc': 70.67, 'f1': 79.6, 'ndev': 4076, 'ntest': 1725}"
deberta-base,SUM+SUM-NS+MAX-NS_SUM-3-7,"torch.Size([61, 2304])",NORMAL,4,0,12,"{'devacc': np.float64(82.41), 'acc': np.float64(82.3), 'ndev': 10662, 'ntest': 10662}","{'devacc': np.float64(80.87), 'acc': np.float64(76.6), 'ndev': 3775, 'ntest': 3775}","{'devacc': np.float64(93.99), 'acc': np.float64(93.86), 'ndev': 10000, 'ntest': 10000}","{'devacc': np.float64(78.84), 'acc': np.float64(89.7), 'ndev': 10606, 'ntest': 10606}","{'devacc': np.float64(87.5), 'acc': 87.92, 'ndev': 872, 'ntest': 1821}","{'devacc': np.float64(86.9), 'acc': 94.2, 'ndev': 5452, 'ntest': 500}","{'devacc': np.float64(70.61), 'acc': 71.01, 'f1': 79.66, 'ndev': 4076, 'ntest': 1725}"
deberta-base,MAX+AVG-NS+SUM-NS_SUM-3-7,"torch.Size([61, 2304])",NORMAL,4,0,12,"{'devacc': np.float64(82.38), 'acc': np.float64(82.02), 'ndev': 10662, 'ntest': 10662}","{'devacc': np.float64(85.23), 'acc': np.float64(85.46), 'ndev': 3775, 'ntest': 3775}","{'devacc': np.float64(93.99), 'acc': np.float64(93.88), 'ndev': 10000, 'ntest': 10000}","{'devacc': np.float64(88.05), 'acc': np.float64(88.42), 'ndev': 10606, 'ntest': 10606}","{'devacc': np.float64(88.07), 'acc': 87.48, 'ndev': 872, 'ntest': 1821}","{'devacc': np.float64(87.29), 'acc': 94.4, 'ndev': 5452, 'ntest': 500}","{'devacc': np.float64(70.83), 'acc': 70.67, 'f1': 79.92, 'ndev': 4076, 'ntest': 1725}"
deberta-base,MAX+AVG-NS+MAX-NS_SUM-3-7,"torch.Size([61, 2304])",NORMAL,4,0,12,"{'devacc': np.float64(81.34), 'acc': np.float64(81.48), 'ndev': 10662, 'ntest': 10662}","{'devacc': np.float64(66.52), 'acc': np.float64(66.94), 'ndev': 3775, 'ntest': 3775}","{'devacc': np.float64(93.28), 'acc': np.float64(93.42), 'ndev': 10000, 'ntest': 10000}","{'devacc': np.float64(86.23), 'acc': np.float64(89.04), 'ndev': 10606, 'ntest': 10606}","{'devacc': np.float64(85.32), 'acc': 87.48, 'ndev': 872, 'ntest': 1821}","{'devacc': np.float64(88.26), 'acc': 93.2, 'ndev': 5452, 'ntest': 500}","{'devacc': np.float64(69.87), 'acc': 71.07, 'f1': 79.1, 'ndev': 4076, 'ntest': 1725}"
deberta-base,MAX+SUM-NS+MAX-NS_SUM-3-7,"torch.Size([61, 2304])",NORMAL,4,0,12,"{'devacc': np.float64(82.23), 'acc': np.float64(81.82), 'ndev': 10662, 'ntest': 10662}","{'devacc': np.float64(76.7), 'acc': np.float64(74.25), 'ndev': 3775, 'ntest': 3775}","{'devacc': np.float64(94.03), 'acc': np.float64(93.88), 'ndev': 10000, 'ntest': 10000}","{'devacc': np.float64(85.88), 'acc': np.float64(72.85), 'ndev': 10606, 'ntest': 10606}","{'devacc': np.float64(87.84), 'acc': 87.7, 'ndev': 872, 'ntest': 1821}","{'devacc': np.float64(87.89), 'acc': 94.8, 'ndev': 5452, 'ntest': 500}","{'devacc': np.float64(70.93), 'acc': 70.09, 'f1': 79.41, 'ndev': 4076, 'ntest': 1725}"
deberta-base,AVG-NS+SUM-NS+MAX-NS_SUM-3-7,"torch.Size([61, 2304])",NORMAL,4,0,12,"{'devacc': np.float64(82.32), 'acc': np.float64(82.15), 'ndev': 10662, 'ntest': 10662}","{'devacc': np.float64(77.84), 'acc': np.float64(76.45), 'ndev': 3775, 'ntest': 3775}","{'devacc': np.float64(93.98), 'acc': np.float64(93.95), 'ndev': 10000, 'ntest': 10000}","{'devacc': np.float64(87.59), 'acc': np.float64(54.92), 'ndev': 10606, 'ntest': 10606}","{'devacc': np.float64(88.07), 'acc': 87.81, 'ndev': 872, 'ntest': 1821}","{'devacc': np.float64(87.66), 'acc': 95.2, 'ndev': 5452, 'ntest': 500}","{'devacc': np.float64(71.07), 'acc': 71.13, 'f1': 80.08, 'ndev': 4076, 'ntest': 1725}"
deberta-base,CLS+AVG+SUM_SUM-4-8,"torch.Size([61, 2304])",NORMAL,4,0,12,"{'devacc': np.float64(83.84), 'acc': np.float64(84.08), 'ndev': 10662, 'ntest': 10662}","{'devacc': np.float64(86.83), 'acc': np.float64(86.6), 'ndev': 3775, 'ntest': 3775}","{'devacc': np.float64(94.32), 'acc': np.float64(94.42), 'ndev': 10000, 'ntest': 10000}","{'devacc': np.float64(89.0), 'acc': np.float64(89.48), 'ndev': 10606, 'ntest': 10606}","{'devacc': np.float64(89.45), 'acc': 89.18, 'ndev': 872, 'ntest': 1821}","{'devacc': np.float64(87.49), 'acc': 94.0, 'ndev': 5452, 'ntest': 500}","{'devacc': np.float64(71.0), 'acc': 70.9, 'f1': 80.19, 'ndev': 4076, 'ntest': 1725}"
deberta-base,CLS+AVG+MAX_SUM-4-8,"torch.Size([61, 2304])",NORMAL,4,0,12,"{'devacc': np.float64(82.88), 'acc': np.float64(83.3), 'ndev': 10662, 'ntest': 10662}","{'devacc': np.float64(86.53), 'acc': np.float64(87.16), 'ndev': 3775, 'ntest': 3775}","{'devacc': np.float64(94.14), 'acc': np.float64(94.17), 'ndev': 10000, 'ntest': 10000}","{'devacc': np.float64(88.43), 'acc': np.float64(89.16), 'ndev': 10606, 'ntest': 10606}","{'devacc': np.float64(88.53), 'acc': 89.18, 'ndev': 872, 'ntest': 1821}","{'devacc': np.float64(89.25), 'acc': 94.8, 'ndev': 5452, 'ntest': 500}","{'devacc': np.float64(71.17), 'acc': 71.65, 'f1': 79.16, 'ndev': 4076, 'ntest': 1725}"
deberta-base,CLS+AVG+AVG-NS_SUM-4-8,"torch.Size([61, 2304])",NORMAL,4,0,12,"{'devacc': np.float64(84.2), 'acc': np.float64(84.3), 'ndev': 10662, 'ntest': 10662}","{'devacc': np.float64(88.21), 'acc': np.float64(88.66), 'ndev': 3775, 'ntest': 3775}","{'devacc': np.float64(95.18), 'acc': np.float64(95.32), 'ndev': 10000, 'ntest': 10000}","{'devacc': np.float64(89.27), 'acc': np.float64(89.81), 'ndev': 10606, 'ntest': 10606}","{'devacc': np.float64(89.79), 'acc': 90.61, 'ndev': 872, 'ntest': 1821}","{'devacc': np.float64(88.44), 'acc': 94.6, 'ndev': 5452, 'ntest': 500}","{'devacc': np.float64(76.03), 'acc': 75.19, 'f1': 82.31, 'ndev': 4076, 'ntest': 1725}"
deberta-base,CLS+AVG+SUM-NS_SUM-4-8,"torch.Size([61, 2304])",NORMAL,4,0,12,"{'devacc': np.float64(83.92), 'acc': np.float64(83.93), 'ndev': 10662, 'ntest': 10662}","{'devacc': np.float64(86.76), 'acc': np.float64(86.89), 'ndev': 3775, 'ntest': 3775}","{'devacc': np.float64(94.35), 'acc': np.float64(94.32), 'ndev': 10000, 'ntest': 10000}","{'devacc': np.float64(88.96), 'acc': np.float64(89.34), 'ndev': 10606, 'ntest': 10606}","{'devacc': np.float64(89.68), 'acc': 88.91, 'ndev': 872, 'ntest': 1821}","{'devacc': np.float64(87.31), 'acc': 94.2, 'ndev': 5452, 'ntest': 500}","{'devacc': np.float64(71.27), 'acc': 71.13, 'f1': 80.86, 'ndev': 4076, 'ntest': 1725}"
deberta-base,CLS+AVG+MAX-NS_SUM-4-8,"torch.Size([61, 2304])",NORMAL,4,0,12,"{'devacc': np.float64(82.94), 'acc': np.float64(82.64), 'ndev': 10662, 'ntest': 10662}","{'devacc': np.float64(71.67), 'acc': np.float64(66.09), 'ndev': 3775, 'ntest': 3775}","{'devacc': np.float64(94.15), 'acc': np.float64(94.16), 'ndev': 10000, 'ntest': 10000}","{'devacc': np.float64(79.68), 'acc': np.float64(49.39), 'ndev': 10606, 'ntest': 10606}","{'devacc': np.float64(88.3), 'acc': 89.46, 'ndev': 872, 'ntest': 1821}","{'devacc': np.float64(89.05), 'acc': 94.6, 'ndev': 5452, 'ntest': 500}","{'devacc': np.float64(71.84), 'acc': 71.01, 'f1': 78.81, 'ndev': 4076, 'ntest': 1725}"
deberta-base,CLS+SUM+MAX_SUM-4-8,"torch.Size([61, 2304])",NORMAL,4,0,12,"{'devacc': np.float64(83.78), 'acc': np.float64(83.83), 'ndev': 10662, 'ntest': 10662}","{'devacc': np.float64(87.1), 'acc': np.float64(87.15), 'ndev': 3775, 'ntest': 3775}","{'devacc': np.float64(94.38), 'acc': np.float64(94.36), 'ndev': 10000, 'ntest': 10000}","{'devacc': np.float64(88.24), 'acc': np.float64(88.62), 'ndev': 10606, 'ntest': 10606}","{'devacc': np.float64(89.45), 'acc': 89.07, 'ndev': 872, 'ntest': 1821}","{'devacc': np.float64(87.82), 'acc': 94.0, 'ndev': 5452, 'ntest': 500}","{'devacc': np.float64(70.88), 'acc': 71.13, 'f1': 80.05, 'ndev': 4076, 'ntest': 1725}"
deberta-base,CLS+SUM+AVG-NS_SUM-4-8,"torch.Size([61, 2304])",NORMAL,4,0,12,"{'devacc': np.float64(83.8), 'acc': np.float64(84.08), 'ndev': 10662, 'ntest': 10662}","{'devacc': np.float64(86.94), 'acc': np.float64(86.81), 'ndev': 3775, 'ntest': 3775}","{'devacc': np.float64(94.33), 'acc': np.float64(94.44), 'ndev': 10000, 'ntest': 10000}","{'devacc': np.float64(88.48), 'acc': np.float64(89.04), 'ndev': 10606, 'ntest': 10606}","{'devacc': np.float64(89.22), 'acc': 89.29, 'ndev': 872, 'ntest': 1821}","{'devacc': np.float64(87.6), 'acc': 93.6, 'ndev': 5452, 'ntest': 500}","{'devacc': np.float64(70.88), 'acc': 71.19, 'f1': 80.14, 'ndev': 4076, 'ntest': 1725}"
deberta-base,CLS+SUM+SUM-NS_SUM-4-8,"torch.Size([61, 2304])",NORMAL,4,0,12,"{'devacc': np.float64(83.84), 'acc': np.float64(83.82), 'ndev': 10662, 'ntest': 10662}","{'devacc': np.float64(86.84), 'acc': np.float64(86.97), 'ndev': 3775, 'ntest': 3775}","{'devacc': np.float64(94.37), 'acc': np.float64(94.26), 'ndev': 10000, 'ntest': 10000}","{'devacc': np.float64(89.09), 'acc': np.float64(89.44), 'ndev': 10606, 'ntest': 10606}","{'devacc': np.float64(89.33), 'acc': 88.8, 'ndev': 872, 'ntest': 1821}","{'devacc': np.float64(87.36), 'acc': 94.4, 'ndev': 5452, 'ntest': 500}","{'devacc': np.float64(70.61), 'acc': 71.13, 'f1': 79.82, 'ndev': 4076, 'ntest': 1725}"
deberta-base,CLS+SUM+MAX-NS_SUM-4-8,"torch.Size([61, 2304])",NORMAL,4,0,12,"{'devacc': np.float64(83.76), 'acc': np.float64(83.86), 'ndev': 10662, 'ntest': 10662}","{'devacc': np.float64(82.32), 'acc': np.float64(78.73), 'ndev': 3775, 'ntest': 3775}","{'devacc': np.float64(94.39), 'acc': np.float64(94.48), 'ndev': 10000, 'ntest': 10000}","{'devacc': np.float64(88.19), 'acc': np.float64(49.48), 'ndev': 10606, 'ntest': 10606}","{'devacc': np.float64(88.99), 'acc': 89.4, 'ndev': 872, 'ntest': 1821}","{'devacc': np.float64(87.86), 'acc': 94.0, 'ndev': 5452, 'ntest': 500}","{'devacc': np.float64(70.9), 'acc': 70.72, 'f1': 79.97, 'ndev': 4076, 'ntest': 1725}"
deberta-base,CLS+MAX+AVG-NS_SUM-4-8,"torch.Size([61, 2304])",NORMAL,4,0,12,"{'devacc': np.float64(82.86), 'acc': np.float64(82.98), 'ndev': 10662, 'ntest': 10662}","{'devacc': np.float64(86.76), 'acc': np.float64(87.18), 'ndev': 3775, 'ntest': 3775}","{'devacc': np.float64(94.21), 'acc': np.float64(94.25), 'ndev': 10000, 'ntest': 10000}","{'devacc': np.float64(88.18), 'acc': np.float64(88.5), 'ndev': 10606, 'ntest': 10606}","{'devacc': np.float64(87.61), 'acc': 88.85, 'ndev': 872, 'ntest': 1821}","{'devacc': np.float64(89.49), 'acc': 95.0, 'ndev': 5452, 'ntest': 500}","{'devacc': np.float64(71.52), 'acc': 72.64, 'f1': 80.1, 'ndev': 4076, 'ntest': 1725}"
deberta-base,CLS+MAX+SUM-NS_SUM-4-8,"torch.Size([61, 2304])",NORMAL,4,0,12,"{'devacc': np.float64(83.78), 'acc': np.float64(83.94), 'ndev': 10662, 'ntest': 10662}","{'devacc': np.float64(86.98), 'acc': np.float64(86.97), 'ndev': 3775, 'ntest': 3775}","{'devacc': np.float64(94.45), 'acc': np.float64(94.31), 'ndev': 10000, 'ntest': 10000}","{'devacc': np.float64(88.3), 'acc': np.float64(88.6), 'ndev': 10606, 'ntest': 10606}","{'devacc': np.float64(89.91), 'acc': 88.91, 'ndev': 872, 'ntest': 1821}","{'devacc': np.float64(87.77), 'acc': 93.8, 'ndev': 5452, 'ntest': 500}","{'devacc': np.float64(71.27), 'acc': 71.36, 'f1': 80.24, 'ndev': 4076, 'ntest': 1725}"
deberta-base,CLS+MAX+MAX-NS_SUM-4-8,"torch.Size([61, 2304])",NORMAL,4,0,12,"{'devacc': np.float64(80.12), 'acc': np.float64(80.22), 'ndev': 10662, 'ntest': 10662}","{'devacc': np.float64(66.42), 'acc': np.float64(65.67), 'ndev': 3775, 'ntest': 3775}","{'devacc': np.float64(92.35), 'acc': np.float64(92.58), 'ndev': 10000, 'ntest': 10000}","{'devacc': np.float64(78.45), 'acc': np.float64(77.8), 'ndev': 10606, 'ntest': 10606}","{'devacc': np.float64(85.09), 'acc': 85.61, 'ndev': 872, 'ntest': 1821}","{'devacc': np.float64(87.88), 'acc': 93.8, 'ndev': 5452, 'ntest': 500}","{'devacc': np.float64(69.97), 'acc': 69.91, 'f1': 78.18, 'ndev': 4076, 'ntest': 1725}"
deberta-base,CLS+AVG-NS+SUM-NS_SUM-4-8,"torch.Size([61, 2304])",NORMAL,4,0,12,"{'devacc': np.float64(83.9), 'acc': np.float64(83.85), 'ndev': 10662, 'ntest': 10662}","{'devacc': np.float64(86.73), 'acc': np.float64(86.94), 'ndev': 3775, 'ntest': 3775}","{'devacc': np.float64(94.36), 'acc': np.float64(94.29), 'ndev': 10000, 'ntest': 10000}","{'devacc': np.float64(88.53), 'acc': np.float64(88.97), 'ndev': 10606, 'ntest': 10606}","{'devacc': np.float64(90.37), 'acc': 89.13, 'ndev': 872, 'ntest': 1821}","{'devacc': np.float64(87.47), 'acc': 94.6, 'ndev': 5452, 'ntest': 500}","{'devacc': np.float64(71.39), 'acc': 70.9, 'f1': 80.21, 'ndev': 4076, 'ntest': 1725}"
deberta-base,CLS+AVG-NS+MAX-NS_SUM-4-8,"torch.Size([61, 2304])",NORMAL,4,0,12,"{'devacc': np.float64(82.97), 'acc': np.float64(82.82), 'ndev': 10662, 'ntest': 10662}","{'devacc': np.float64(67.12), 'acc': np.float64(66.17), 'ndev': 3775, 'ntest': 3775}","{'devacc': np.float64(94.23), 'acc': np.float64(94.24), 'ndev': 10000, 'ntest': 10000}","{'devacc': np.float64(58.07), 'acc': np.float64(49.35), 'ndev': 10606, 'ntest': 10606}","{'devacc': np.float64(87.39), 'acc': 88.69, 'ndev': 872, 'ntest': 1821}","{'devacc': np.float64(89.42), 'acc': 95.0, 'ndev': 5452, 'ntest': 500}","{'devacc': np.float64(71.54), 'acc': 72.46, 'f1': 79.83, 'ndev': 4076, 'ntest': 1725}"
deberta-base,CLS+SUM-NS+MAX-NS_SUM-4-8,"torch.Size([61, 2304])",NORMAL,4,0,12,"{'devacc': np.float64(83.77), 'acc': np.float64(83.96), 'ndev': 10662, 'ntest': 10662}","{'devacc': np.float64(80.95), 'acc': np.float64(81.25), 'ndev': 3775, 'ntest': 3775}","{'devacc': np.float64(94.44), 'acc': np.float64(94.33), 'ndev': 10000, 'ntest': 10000}","{'devacc': np.float64(87.89), 'acc': np.float64(55.04), 'ndev': 10606, 'ntest': 10606}","{'devacc': np.float64(89.68), 'acc': 89.18, 'ndev': 872, 'ntest': 1821}","{'devacc': np.float64(87.75), 'acc': 93.6, 'ndev': 5452, 'ntest': 500}","{'devacc': np.float64(71.44), 'acc': 70.9, 'f1': 79.86, 'ndev': 4076, 'ntest': 1725}"
deberta-base,AVG+SUM+MAX_SUM-4-8,"torch.Size([61, 2304])",NORMAL,4,0,12,"{'devacc': np.float64(83.75), 'acc': np.float64(83.85), 'ndev': 10662, 'ntest': 10662}","{'devacc': np.float64(87.16), 'acc': np.float64(87.1), 'ndev': 3775, 'ntest': 3775}","{'devacc': np.float64(94.38), 'acc': np.float64(94.35), 'ndev': 10000, 'ntest': 10000}","{'devacc': np.float64(88.26), 'acc': np.float64(88.64), 'ndev': 10606, 'ntest': 10606}","{'devacc': np.float64(89.56), 'acc': 89.02, 'ndev': 872, 'ntest': 1821}","{'devacc': np.float64(87.75), 'acc': 93.6, 'ndev': 5452, 'ntest': 500}","{'devacc': np.float64(71.07), 'acc': 71.71, 'f1': 80.42, 'ndev': 4076, 'ntest': 1725}"
deberta-base,AVG+SUM+AVG-NS_SUM-4-8,"torch.Size([61, 2304])",NORMAL,4,0,12,"{'devacc': np.float64(83.81), 'acc': np.float64(83.86), 'ndev': 10662, 'ntest': 10662}","{'devacc': np.float64(86.9), 'acc': np.float64(86.67), 'ndev': 3775, 'ntest': 3775}","{'devacc': np.float64(94.32), 'acc': np.float64(94.4), 'ndev': 10000, 'ntest': 10000}","{'devacc': np.float64(88.47), 'acc': np.float64(88.84), 'ndev': 10606, 'ntest': 10606}","{'devacc': np.float64(89.45), 'acc': 89.24, 'ndev': 872, 'ntest': 1821}","{'devacc': np.float64(87.6), 'acc': 94.2, 'ndev': 5452, 'ntest': 500}","{'devacc': np.float64(70.98), 'acc': 71.3, 'f1': 80.14, 'ndev': 4076, 'ntest': 1725}"
deberta-base,AVG+SUM+SUM-NS_SUM-4-8,"torch.Size([61, 2304])",NORMAL,4,0,12,"{'devacc': np.float64(83.88), 'acc': np.float64(83.86), 'ndev': 10662, 'ntest': 10662}","{'devacc': np.float64(86.94), 'acc': np.float64(86.99), 'ndev': 3775, 'ntest': 3775}","{'devacc': np.float64(94.36), 'acc': np.float64(94.31), 'ndev': 10000, 'ntest': 10000}","{'devacc': np.float64(88.97), 'acc': np.float64(89.45), 'ndev': 10606, 'ntest': 10606}","{'devacc': np.float64(89.22), 'acc': 88.58, 'ndev': 872, 'ntest': 1821}","{'devacc': np.float64(87.34), 'acc': 94.2, 'ndev': 5452, 'ntest': 500}","{'devacc': np.float64(70.76), 'acc': 70.78, 'f1': 79.29, 'ndev': 4076, 'ntest': 1725}"
deberta-base,AVG+SUM+MAX-NS_SUM-4-8,"torch.Size([61, 2304])",NORMAL,4,0,12,"{'devacc': np.float64(83.76), 'acc': np.float64(84.0), 'ndev': 10662, 'ntest': 10662}","{'devacc': np.float64(81.67), 'acc': np.float64(81.0), 'ndev': 3775, 'ntest': 3775}","{'devacc': np.float64(94.4), 'acc': np.float64(94.47), 'ndev': 10000, 'ntest': 10000}","{'devacc': np.float64(88.14), 'acc': np.float64(49.54), 'ndev': 10606, 'ntest': 10606}","{'devacc': np.float64(89.11), 'acc': 89.4, 'ndev': 872, 'ntest': 1821}","{'devacc': np.float64(87.88), 'acc': 93.4, 'ndev': 5452, 'ntest': 500}","{'devacc': np.float64(71.1), 'acc': 70.84, 'f1': 80.06, 'ndev': 4076, 'ntest': 1725}"
deberta-base,AVG+MAX+AVG-NS_SUM-4-8,"torch.Size([61, 2304])",NORMAL,4,0,12,"{'devacc': np.float64(83.08), 'acc': np.float64(83.02), 'ndev': 10662, 'ntest': 10662}","{'devacc': np.float64(87.45), 'acc': np.float64(87.95), 'ndev': 3775, 'ntest': 3775}","{'devacc': np.float64(94.49), 'acc': np.float64(94.2), 'ndev': 10000, 'ntest': 10000}","{'devacc': np.float64(88.16), 'acc': np.float64(88.56), 'ndev': 10606, 'ntest': 10606}","{'devacc': np.float64(88.19), 'acc': 89.4, 'ndev': 872, 'ntest': 1821}","{'devacc': np.float64(89.66), 'acc': 95.6, 'ndev': 5452, 'ntest': 500}","{'devacc': np.float64(71.64), 'acc': 73.16, 'f1': 80.59, 'ndev': 4076, 'ntest': 1725}"
deberta-base,AVG+MAX+SUM-NS_SUM-4-8,"torch.Size([61, 2304])",NORMAL,4,0,12,"{'devacc': np.float64(83.77), 'acc': np.float64(83.76), 'ndev': 10662, 'ntest': 10662}","{'devacc': np.float64(87.01), 'acc': np.float64(86.88), 'ndev': 3775, 'ntest': 3775}","{'devacc': np.float64(94.46), 'acc': np.float64(94.4), 'ndev': 10000, 'ntest': 10000}","{'devacc': np.float64(88.28), 'acc': np.float64(88.71), 'ndev': 10606, 'ntest': 10606}","{'devacc': np.float64(89.79), 'acc': 88.74, 'ndev': 872, 'ntest': 1821}","{'devacc': np.float64(87.69), 'acc': 94.2, 'ndev': 5452, 'ntest': 500}","{'devacc': np.float64(71.25), 'acc': 70.67, 'f1': 79.78, 'ndev': 4076, 'ntest': 1725}"
deberta-base,AVG+MAX+MAX-NS_SUM-4-8,"torch.Size([61, 2304])",NORMAL,4,0,12,"{'devacc': np.float64(82.85), 'acc': np.float64(82.99), 'ndev': 10662, 'ntest': 10662}","{'devacc': np.float64(66.64), 'acc': np.float64(67.36), 'ndev': 3775, 'ntest': 3775}","{'devacc': np.float64(93.67), 'acc': np.float64(93.79), 'ndev': 10000, 'ntest': 10000}","{'devacc': np.float64(81.89), 'acc': np.float64(72.87), 'ndev': 10606, 'ntest': 10606}","{'devacc': np.float64(88.53), 'acc': 89.13, 'ndev': 872, 'ntest': 1821}","{'devacc': np.float64(88.57), 'acc': 94.4, 'ndev': 5452, 'ntest': 500}","{'devacc': np.float64(70.88), 'acc': 70.55, 'f1': 78.53, 'ndev': 4076, 'ntest': 1725}"
deberta-base,AVG+AVG-NS+SUM-NS_SUM-4-8,"torch.Size([61, 2304])",NORMAL,4,0,12,"{'devacc': np.float64(83.88), 'acc': np.float64(83.92), 'ndev': 10662, 'ntest': 10662}","{'devacc': np.float64(86.79), 'acc': np.float64(86.86), 'ndev': 3775, 'ntest': 3775}","{'devacc': np.float64(94.36), 'acc': np.float64(94.32), 'ndev': 10000, 'ntest': 10000}","{'devacc': np.float64(88.49), 'acc': np.float64(88.93), 'ndev': 10606, 'ntest': 10606}","{'devacc': np.float64(90.25), 'acc': 89.29, 'ndev': 872, 'ntest': 1821}","{'devacc': np.float64(87.56), 'acc': 94.4, 'ndev': 5452, 'ntest': 500}","{'devacc': np.float64(71.34), 'acc': 70.55, 'f1': 79.81, 'ndev': 4076, 'ntest': 1725}"
deberta-base,AVG+AVG-NS+MAX-NS_SUM-4-8,"torch.Size([61, 2304])",NORMAL,4,0,12,"{'devacc': np.float64(83.07), 'acc': np.float64(83.11), 'ndev': 10662, 'ntest': 10662}","{'devacc': np.float64(70.4), 'acc': np.float64(67.55), 'ndev': 3775, 'ntest': 3775}","{'devacc': np.float64(94.46), 'acc': np.float64(94.36), 'ndev': 10000, 'ntest': 10000}","{'devacc': np.float64(58.11), 'acc': np.float64(49.34), 'ndev': 10606, 'ntest': 10606}","{'devacc': np.float64(88.76), 'acc': 88.63, 'ndev': 872, 'ntest': 1821}","{'devacc': np.float64(89.6), 'acc': 95.4, 'ndev': 5452, 'ntest': 500}","{'devacc': np.float64(71.54), 'acc': 70.9, 'f1': 79.19, 'ndev': 4076, 'ntest': 1725}"
deberta-base,AVG+SUM-NS+MAX-NS_SUM-4-8,"torch.Size([61, 2304])",NORMAL,4,0,12,"{'devacc': np.float64(83.79), 'acc': np.float64(83.94), 'ndev': 10662, 'ntest': 10662}","{'devacc': np.float64(80.66), 'acc': np.float64(80.27), 'ndev': 3775, 'ntest': 3775}","{'devacc': np.float64(94.44), 'acc': np.float64(94.57), 'ndev': 10000, 'ntest': 10000}","{'devacc': np.float64(88.49), 'acc': np.float64(49.47), 'ndev': 10606, 'ntest': 10606}","{'devacc': np.float64(89.68), 'acc': 88.85, 'ndev': 872, 'ntest': 1821}","{'devacc': np.float64(87.82), 'acc': 93.8, 'ndev': 5452, 'ntest': 500}","{'devacc': np.float64(71.32), 'acc': 71.07, 'f1': 80.27, 'ndev': 4076, 'ntest': 1725}"
deberta-base,SUM+MAX+AVG-NS_SUM-4-8,"torch.Size([61, 2304])",NORMAL,4,0,12,"{'devacc': np.float64(83.75), 'acc': np.float64(83.78), 'ndev': 10662, 'ntest': 10662}","{'devacc': np.float64(87.16), 'acc': np.float64(87.02), 'ndev': 3775, 'ntest': 3775}","{'devacc': np.float64(94.39), 'acc': np.float64(94.37), 'ndev': 10000, 'ntest': 10000}","{'devacc': np.float64(88.09), 'acc': np.float64(88.53), 'ndev': 10606, 'ntest': 10606}","{'devacc': np.float64(89.33), 'acc': 89.18, 'ndev': 872, 'ntest': 1821}","{'devacc': np.float64(87.91), 'acc': 93.8, 'ndev': 5452, 'ntest': 500}","{'devacc': np.float64(71.05), 'acc': 71.25, 'f1': 80.3, 'ndev': 4076, 'ntest': 1725}"
deberta-base,SUM+MAX+SUM-NS_SUM-4-8,"torch.Size([61, 2304])",NORMAL,4,0,12,"{'devacc': np.float64(83.79), 'acc': np.float64(83.82), 'ndev': 10662, 'ntest': 10662}","{'devacc': np.float64(86.96), 'acc': np.float64(86.76), 'ndev': 3775, 'ntest': 3775}","{'devacc': np.float64(94.37), 'acc': np.float64(94.41), 'ndev': 10000, 'ntest': 10000}","{'devacc': np.float64(88.43), 'acc': np.float64(88.7), 'ndev': 10606, 'ntest': 10606}","{'devacc': np.float64(89.33), 'acc': 89.29, 'ndev': 872, 'ntest': 1821}","{'devacc': np.float64(87.55), 'acc': 94.0, 'ndev': 5452, 'ntest': 500}","{'devacc': np.float64(70.49), 'acc': 70.55, 'f1': 78.89, 'ndev': 4076, 'ntest': 1725}"
deberta-base,SUM+MAX+MAX-NS_SUM-4-8,"torch.Size([61, 2304])",NORMAL,4,0,12,"{'devacc': np.float64(83.66), 'acc': np.float64(83.46), 'ndev': 10662, 'ntest': 10662}","{'devacc': np.float64(81.33), 'acc': np.float64(80.02), 'ndev': 3775, 'ntest': 3775}","{'devacc': np.float64(94.46), 'acc': np.float64(94.46), 'ndev': 10000, 'ntest': 10000}","{'devacc': np.float64(87.56), 'acc': np.float64(84.7), 'ndev': 10606, 'ntest': 10606}","{'devacc': np.float64(89.22), 'acc': 89.18, 'ndev': 872, 'ntest': 1821}","{'devacc': np.float64(88.08), 'acc': 93.8, 'ndev': 5452, 'ntest': 500}","{'devacc': np.float64(70.8), 'acc': 71.01, 'f1': 79.69, 'ndev': 4076, 'ntest': 1725}"
deberta-base,SUM+AVG-NS+SUM-NS_SUM-4-8,"torch.Size([61, 2304])",NORMAL,4,0,12,"{'devacc': np.float64(83.88), 'acc': np.float64(83.77), 'ndev': 10662, 'ntest': 10662}","{'devacc': np.float64(86.87), 'acc': np.float64(86.86), 'ndev': 3775, 'ntest': 3775}","{'devacc': np.float64(94.36), 'acc': np.float64(94.31), 'ndev': 10000, 'ntest': 10000}","{'devacc': np.float64(88.58), 'acc': np.float64(89.12), 'ndev': 10606, 'ntest': 10606}","{'devacc': np.float64(89.56), 'acc': 88.91, 'ndev': 872, 'ntest': 1821}","{'devacc': np.float64(87.36), 'acc': 94.4, 'ndev': 5452, 'ntest': 500}","{'devacc': np.float64(70.98), 'acc': 69.74, 'f1': 78.32, 'ndev': 4076, 'ntest': 1725}"
deberta-base,SUM+AVG-NS+MAX-NS_SUM-4-8,"torch.Size([61, 2304])",NORMAL,4,0,12,"{'devacc': np.float64(83.73), 'acc': np.float64(83.74), 'ndev': 10662, 'ntest': 10662}","{'devacc': np.float64(82.42), 'acc': np.float64(81.27), 'ndev': 3775, 'ntest': 3775}","{'devacc': np.float64(94.39), 'acc': np.float64(94.56), 'ndev': 10000, 'ntest': 10000}","{'devacc': np.float64(88.05), 'acc': np.float64(85.91), 'ndev': 10606, 'ntest': 10606}","{'devacc': np.float64(89.22), 'acc': 89.02, 'ndev': 872, 'ntest': 1821}","{'devacc': np.float64(88.08), 'acc': 93.8, 'ndev': 5452, 'ntest': 500}","{'devacc': np.float64(71.03), 'acc': 70.61, 'f1': 79.47, 'ndev': 4076, 'ntest': 1725}"
deberta-base,SUM+SUM-NS+MAX-NS_SUM-4-8,"torch.Size([61, 2304])",NORMAL,4,0,12,"{'devacc': np.float64(83.78), 'acc': np.float64(83.87), 'ndev': 10662, 'ntest': 10662}","{'devacc': np.float64(83.05), 'acc': np.float64(80.42), 'ndev': 3775, 'ntest': 3775}","{'devacc': np.float64(94.39), 'acc': np.float64(94.47), 'ndev': 10000, 'ntest': 10000}","{'devacc': np.float64(88.52), 'acc': np.float64(89.57), 'ndev': 10606, 'ntest': 10606}","{'devacc': np.float64(89.33), 'acc': 89.57, 'ndev': 872, 'ntest': 1821}","{'devacc': np.float64(87.47), 'acc': 94.4, 'ndev': 5452, 'ntest': 500}","{'devacc': np.float64(70.85), 'acc': 70.03, 'f1': 78.49, 'ndev': 4076, 'ntest': 1725}"
deberta-base,MAX+AVG-NS+SUM-NS_SUM-4-8,"torch.Size([61, 2304])",NORMAL,4,0,12,"{'devacc': np.float64(83.76), 'acc': np.float64(83.82), 'ndev': 10662, 'ntest': 10662}","{'devacc': np.float64(87.05), 'acc': np.float64(86.44), 'ndev': 3775, 'ntest': 3775}","{'devacc': np.float64(94.45), 'acc': np.float64(94.4), 'ndev': 10000, 'ntest': 10000}","{'devacc': np.float64(88.18), 'acc': np.float64(88.61), 'ndev': 10606, 'ntest': 10606}","{'devacc': np.float64(89.68), 'acc': 88.96, 'ndev': 872, 'ntest': 1821}","{'devacc': np.float64(87.75), 'acc': 94.2, 'ndev': 5452, 'ntest': 500}","{'devacc': np.float64(71.15), 'acc': 71.01, 'f1': 79.9, 'ndev': 4076, 'ntest': 1725}"
deberta-base,MAX+AVG-NS+MAX-NS_SUM-4-8,"torch.Size([61, 2304])",NORMAL,4,0,12,"{'devacc': np.float64(82.8), 'acc': np.float64(82.69), 'ndev': 10662, 'ntest': 10662}","{'devacc': np.float64(67.51), 'acc': np.float64(66.49), 'ndev': 3775, 'ntest': 3775}","{'devacc': np.float64(93.78), 'acc': np.float64(93.92), 'ndev': 10000, 'ntest': 10000}","{'devacc': np.float64(86.06), 'acc': np.float64(88.25), 'ndev': 10606, 'ntest': 10606}","{'devacc': np.float64(88.19), 'acc': 88.85, 'ndev': 872, 'ntest': 1821}","{'devacc': np.float64(88.76), 'acc': 95.0, 'ndev': 5452, 'ntest': 500}","{'devacc': np.float64(70.9), 'acc': 70.9, 'f1': 78.85, 'ndev': 4076, 'ntest': 1725}"
deberta-base,MAX+SUM-NS+MAX-NS_SUM-4-8,"torch.Size([61, 2304])",NORMAL,4,0,12,"{'devacc': np.float64(83.68), 'acc': np.float64(83.88), 'ndev': 10662, 'ntest': 10662}","{'devacc': np.float64(81.8), 'acc': np.float64(81.64), 'ndev': 3775, 'ntest': 3775}","{'devacc': np.float64(94.48), 'acc': np.float64(94.34), 'ndev': 10000, 'ntest': 10000}","{'devacc': np.float64(86.73), 'acc': np.float64(79.56), 'ndev': 10606, 'ntest': 10606}","{'devacc': np.float64(89.79), 'acc': 89.13, 'ndev': 872, 'ntest': 1821}","{'devacc': np.float64(88.13), 'acc': 94.0, 'ndev': 5452, 'ntest': 500}","{'devacc': np.float64(71.42), 'acc': 70.49, 'f1': 80.05, 'ndev': 4076, 'ntest': 1725}"
deberta-base,AVG-NS+SUM-NS+MAX-NS_SUM-4-8,"torch.Size([61, 2304])",NORMAL,4,0,12,"{'devacc': np.float64(83.78), 'acc': np.float64(83.91), 'ndev': 10662, 'ntest': 10662}","{'devacc': np.float64(81.43), 'acc': np.float64(81.38), 'ndev': 3775, 'ntest': 3775}","{'devacc': np.float64(94.42), 'acc': np.float64(94.42), 'ndev': 10000, 'ntest': 10000}","{'devacc': np.float64(87.86), 'acc': np.float64(76.35), 'ndev': 10606, 'ntest': 10606}","{'devacc': np.float64(90.02), 'acc': 89.46, 'ndev': 872, 'ntest': 1821}","{'devacc': np.float64(87.84), 'acc': 94.0, 'ndev': 5452, 'ntest': 500}","{'devacc': np.float64(71.17), 'acc': 70.72, 'f1': 79.94, 'ndev': 4076, 'ntest': 1725}"
deberta-base,CLS+AVG+SUM_SUM-5-9,"torch.Size([61, 2304])",NORMAL,4,0,12,"{'devacc': np.float64(84.92), 'acc': np.float64(85.02), 'ndev': 10662, 'ntest': 10662}","{'devacc': np.float64(87.87), 'acc': np.float64(88.37), 'ndev': 3775, 'ntest': 3775}","{'devacc': np.float64(94.54), 'acc': np.float64(94.47), 'ndev': 10000, 'ntest': 10000}","{'devacc': np.float64(89.06), 'acc': np.float64(89.43), 'ndev': 10606, 'ntest': 10606}","{'devacc': np.float64(91.06), 'acc': 90.33, 'ndev': 872, 'ntest': 1821}","{'devacc': np.float64(87.73), 'acc': 94.0, 'ndev': 5452, 'ntest': 500}","{'devacc': np.float64(71.57), 'acc': 71.36, 'f1': 80.44, 'ndev': 4076, 'ntest': 1725}"
deberta-base,CLS+AVG+MAX_SUM-5-9,"torch.Size([61, 2304])",NORMAL,4,0,12,"{'devacc': np.float64(83.93), 'acc': np.float64(83.98), 'ndev': 10662, 'ntest': 10662}","{'devacc': np.float64(87.78), 'acc': np.float64(87.89), 'ndev': 3775, 'ntest': 3775}","{'devacc': np.float64(94.41), 'acc': np.float64(94.39), 'ndev': 10000, 'ntest': 10000}","{'devacc': np.float64(88.69), 'acc': np.float64(89.08), 'ndev': 10606, 'ntest': 10606}","{'devacc': np.float64(89.68), 'acc': 90.99, 'ndev': 872, 'ntest': 1821}","{'devacc': np.float64(89.67), 'acc': 95.4, 'ndev': 5452, 'ntest': 500}","{'devacc': np.float64(72.72), 'acc': 72.46, 'f1': 79.9, 'ndev': 4076, 'ntest': 1725}"
deberta-base,CLS+AVG+AVG-NS_SUM-5-9,"torch.Size([61, 2304])",NORMAL,4,0,12,"{'devacc': np.float64(85.27), 'acc': np.float64(85.48), 'ndev': 10662, 'ntest': 10662}","{'devacc': np.float64(88.79), 'acc': np.float64(89.17), 'ndev': 3775, 'ntest': 3775}","{'devacc': np.float64(95.44), 'acc': np.float64(95.31), 'ndev': 10000, 'ntest': 10000}","{'devacc': np.float64(89.3), 'acc': np.float64(89.78), 'ndev': 10606, 'ntest': 10606}","{'devacc': np.float64(91.63), 'acc': 91.82, 'ndev': 872, 'ntest': 1821}","{'devacc': np.float64(88.68), 'acc': 94.6, 'ndev': 5452, 'ntest': 500}","{'devacc': np.float64(76.59), 'acc': 74.84, 'f1': 81.69, 'ndev': 4076, 'ntest': 1725}"
deberta-base,CLS+AVG+SUM-NS_SUM-5-9,"torch.Size([61, 2304])",NORMAL,4,0,12,"{'devacc': np.float64(84.89), 'acc': np.float64(84.96), 'ndev': 10662, 'ntest': 10662}","{'devacc': np.float64(87.77), 'acc': np.float64(87.79), 'ndev': 3775, 'ntest': 3775}","{'devacc': np.float64(94.57), 'acc': np.float64(94.36), 'ndev': 10000, 'ntest': 10000}","{'devacc': np.float64(89.07), 'acc': np.float64(89.45), 'ndev': 10606, 'ntest': 10606}","{'devacc': np.float64(91.17), 'acc': 89.9, 'ndev': 872, 'ntest': 1821}","{'devacc': np.float64(87.86), 'acc': 93.8, 'ndev': 5452, 'ntest': 500}","{'devacc': np.float64(71.32), 'acc': 71.25, 'f1': 80.36, 'ndev': 4076, 'ntest': 1725}"
deberta-base,CLS+AVG+MAX-NS_SUM-5-9,"torch.Size([61, 2304])",NORMAL,4,0,12,"{'devacc': np.float64(84.01), 'acc': np.float64(84.22), 'ndev': 10662, 'ntest': 10662}","{'devacc': np.float64(68.74), 'acc': np.float64(67.68), 'ndev': 3775, 'ntest': 3775}","{'devacc': np.float64(94.38), 'acc': np.float64(94.22), 'ndev': 10000, 'ntest': 10000}","{'devacc': np.float64(74.47), 'acc': np.float64(49.49), 'ndev': 10606, 'ntest': 10606}","{'devacc': np.float64(89.56), 'acc': 90.5, 'ndev': 872, 'ntest': 1821}","{'devacc': np.float64(89.58), 'acc': 95.6, 'ndev': 5452, 'ntest': 500}","{'devacc': np.float64(72.42), 'acc': 72.41, 'f1': 79.83, 'ndev': 4076, 'ntest': 1725}"
deberta-base,CLS+SUM+MAX_SUM-5-9,"torch.Size([61, 2304])",NORMAL,4,0,12,"{'devacc': np.float64(84.8), 'acc': np.float64(84.94), 'ndev': 10662, 'ntest': 10662}","{'devacc': np.float64(87.98), 'acc': np.float64(88.24), 'ndev': 3775, 'ntest': 3775}","{'devacc': np.float64(94.62), 'acc': np.float64(94.49), 'ndev': 10000, 'ntest': 10000}","{'devacc': np.float64(88.37), 'acc': np.float64(88.72), 'ndev': 10606, 'ntest': 10606}","{'devacc': np.float64(90.71), 'acc': 89.62, 'ndev': 872, 'ntest': 1821}","{'devacc': np.float64(88.06), 'acc': 94.6, 'ndev': 5452, 'ntest': 500}","{'devacc': np.float64(71.35), 'acc': 72.7, 'f1': 81.17, 'ndev': 4076, 'ntest': 1725}"
deberta-base,CLS+SUM+AVG-NS_SUM-5-9,"torch.Size([61, 2304])",NORMAL,4,0,12,"{'devacc': np.float64(84.89), 'acc': np.float64(85.01), 'ndev': 10662, 'ntest': 10662}","{'devacc': np.float64(87.86), 'acc': np.float64(88.11), 'ndev': 3775, 'ntest': 3775}","{'devacc': np.float64(94.56), 'acc': np.float64(94.37), 'ndev': 10000, 'ntest': 10000}","{'devacc': np.float64(88.61), 'acc': np.float64(89.02), 'ndev': 10606, 'ntest': 10606}","{'devacc': np.float64(91.17), 'acc': 90.39, 'ndev': 872, 'ntest': 1821}","{'devacc': np.float64(87.86), 'acc': 94.0, 'ndev': 5452, 'ntest': 500}","{'devacc': np.float64(71.42), 'acc': 71.54, 'f1': 80.38, 'ndev': 4076, 'ntest': 1725}"
deberta-base,CLS+SUM+SUM-NS_SUM-5-9,"torch.Size([61, 2304])",NORMAL,4,0,12,"{'devacc': np.float64(84.88), 'acc': np.float64(84.77), 'ndev': 10662, 'ntest': 10662}","{'devacc': np.float64(87.84), 'acc': np.float64(88.37), 'ndev': 3775, 'ntest': 3775}","{'devacc': np.float64(94.58), 'acc': np.float64(94.39), 'ndev': 10000, 'ntest': 10000}","{'devacc': np.float64(89.07), 'acc': np.float64(89.19), 'ndev': 10606, 'ntest': 10606}","{'devacc': np.float64(90.48), 'acc': 90.39, 'ndev': 872, 'ntest': 1821}","{'devacc': np.float64(87.66), 'acc': 94.6, 'ndev': 5452, 'ntest': 500}","{'devacc': np.float64(71.54), 'acc': 72.12, 'f1': 81.04, 'ndev': 4076, 'ntest': 1725}"
deberta-base,CLS+SUM+MAX-NS_SUM-5-9,"torch.Size([61, 2304])",NORMAL,4,0,12,"{'devacc': np.float64(84.79), 'acc': np.float64(84.98), 'ndev': 10662, 'ntest': 10662}","{'devacc': np.float64(83.35), 'acc': np.float64(83.52), 'ndev': 3775, 'ntest': 3775}","{'devacc': np.float64(94.64), 'acc': np.float64(94.6), 'ndev': 10000, 'ntest': 10000}","{'devacc': np.float64(87.58), 'acc': np.float64(81.63), 'ndev': 10606, 'ntest': 10606}","{'devacc': np.float64(91.28), 'acc': 90.23, 'ndev': 872, 'ntest': 1821}","{'devacc': np.float64(87.97), 'acc': 94.4, 'ndev': 5452, 'ntest': 500}","{'devacc': np.float64(71.42), 'acc': 71.88, 'f1': 80.44, 'ndev': 4076, 'ntest': 1725}"
deberta-base,CLS+MAX+AVG-NS_SUM-5-9,"torch.Size([61, 2304])",NORMAL,4,0,12,"{'devacc': np.float64(83.93), 'acc': np.float64(84.21), 'ndev': 10662, 'ntest': 10662}","{'devacc': np.float64(87.96), 'acc': np.float64(87.9), 'ndev': 3775, 'ntest': 3775}","{'devacc': np.float64(94.52), 'acc': np.float64(94.4), 'ndev': 10000, 'ntest': 10000}","{'devacc': np.float64(88.38), 'acc': np.float64(89.0), 'ndev': 10606, 'ntest': 10606}","{'devacc': np.float64(89.91), 'acc': 90.5, 'ndev': 872, 'ntest': 1821}","{'devacc': np.float64(89.73), 'acc': 95.4, 'ndev': 5452, 'ntest': 500}","{'devacc': np.float64(72.62), 'acc': 71.71, 'f1': 79.5, 'ndev': 4076, 'ntest': 1725}"
deberta-base,CLS+MAX+SUM-NS_SUM-5-9,"torch.Size([61, 2304])",NORMAL,4,0,12,"{'devacc': np.float64(84.74), 'acc': np.float64(84.85), 'ndev': 10662, 'ntest': 10662}","{'devacc': np.float64(87.87), 'acc': np.float64(87.63), 'ndev': 3775, 'ntest': 3775}","{'devacc': np.float64(94.68), 'acc': np.float64(94.52), 'ndev': 10000, 'ntest': 10000}","{'devacc': np.float64(88.41), 'acc': np.float64(88.96), 'ndev': 10606, 'ntest': 10606}","{'devacc': np.float64(91.4), 'acc': 90.44, 'ndev': 872, 'ntest': 1821}","{'devacc': np.float64(88.17), 'acc': 94.8, 'ndev': 5452, 'ntest': 500}","{'devacc': np.float64(71.69), 'acc': 72.12, 'f1': 80.71, 'ndev': 4076, 'ntest': 1725}"
deberta-base,CLS+MAX+MAX-NS_SUM-5-9,"torch.Size([61, 2304])",NORMAL,4,0,12,"{'devacc': np.float64(81.53), 'acc': np.float64(81.57), 'ndev': 10662, 'ntest': 10662}","{'devacc': np.float64(68.26), 'acc': np.float64(65.85), 'ndev': 3775, 'ntest': 3775}","{'devacc': np.float64(92.5), 'acc': np.float64(93.1), 'ndev': 10000, 'ntest': 10000}","{'devacc': np.float64(77.77), 'acc': np.float64(75.02), 'ndev': 10606, 'ntest': 10606}","{'devacc': np.float64(86.58), 'acc': 87.64, 'ndev': 872, 'ntest': 1821}","{'devacc': np.float64(88.22), 'acc': 95.0, 'ndev': 5452, 'ntest': 500}","{'devacc': np.float64(70.44), 'acc': 70.84, 'f1': 78.82, 'ndev': 4076, 'ntest': 1725}"
deberta-base,CLS+AVG-NS+SUM-NS_SUM-5-9,"torch.Size([61, 2304])",NORMAL,4,0,12,"{'devacc': np.float64(84.86), 'acc': np.float64(85.11), 'ndev': 10662, 'ntest': 10662}","{'devacc': np.float64(87.79), 'acc': np.float64(87.82), 'ndev': 3775, 'ntest': 3775}","{'devacc': np.float64(94.58), 'acc': np.float64(94.38), 'ndev': 10000, 'ntest': 10000}","{'devacc': np.float64(88.67), 'acc': np.float64(89.23), 'ndev': 10606, 'ntest': 10606}","{'devacc': np.float64(91.28), 'acc': 89.84, 'ndev': 872, 'ntest': 1821}","{'devacc': np.float64(87.86), 'acc': 94.4, 'ndev': 5452, 'ntest': 500}","{'devacc': np.float64(71.37), 'acc': 70.72, 'f1': 79.76, 'ndev': 4076, 'ntest': 1725}"
deberta-base,CLS+AVG-NS+MAX-NS_SUM-5-9,"torch.Size([61, 2304])",NORMAL,4,0,12,"{'devacc': np.float64(83.95), 'acc': np.float64(84.13), 'ndev': 10662, 'ntest': 10662}","{'devacc': np.float64(72.39), 'acc': np.float64(69.3), 'ndev': 3775, 'ntest': 3775}","{'devacc': np.float64(94.48), 'acc': np.float64(94.36), 'ndev': 10000, 'ntest': 10000}","{'devacc': np.float64(58.14), 'acc': np.float64(49.41), 'ndev': 10606, 'ntest': 10606}","{'devacc': np.float64(90.14), 'acc': 90.17, 'ndev': 872, 'ntest': 1821}","{'devacc': np.float64(89.53), 'acc': 95.4, 'ndev': 5452, 'ntest': 500}","{'devacc': np.float64(72.72), 'acc': 72.41, 'f1': 79.86, 'ndev': 4076, 'ntest': 1725}"
deberta-base,CLS+SUM-NS+MAX-NS_SUM-5-9,"torch.Size([61, 2304])",NORMAL,4,0,12,"{'devacc': np.float64(84.78), 'acc': np.float64(84.93), 'ndev': 10662, 'ntest': 10662}","{'devacc': np.float64(82.72), 'acc': np.float64(78.62), 'ndev': 3775, 'ntest': 3775}","{'devacc': np.float64(94.67), 'acc': np.float64(94.7), 'ndev': 10000, 'ntest': 10000}","{'devacc': np.float64(87.58), 'acc': np.float64(72.9), 'ndev': 10606, 'ntest': 10606}","{'devacc': np.float64(91.06), 'acc': 90.28, 'ndev': 872, 'ntest': 1821}","{'devacc': np.float64(88.06), 'acc': 94.2, 'ndev': 5452, 'ntest': 500}","{'devacc': np.float64(71.54), 'acc': 71.01, 'f1': 79.94, 'ndev': 4076, 'ntest': 1725}"
deberta-base,AVG+SUM+MAX_SUM-5-9,"torch.Size([61, 2304])",NORMAL,4,0,12,"{'devacc': np.float64(84.78), 'acc': np.float64(85.02), 'ndev': 10662, 'ntest': 10662}","{'devacc': np.float64(88.0), 'acc': np.float64(88.21), 'ndev': 3775, 'ntest': 3775}","{'devacc': np.float64(94.63), 'acc': np.float64(94.67), 'ndev': 10000, 'ntest': 10000}","{'devacc': np.float64(88.39), 'acc': np.float64(88.61), 'ndev': 10606, 'ntest': 10606}","{'devacc': np.float64(91.17), 'acc': 90.23, 'ndev': 872, 'ntest': 1821}","{'devacc': np.float64(88.02), 'acc': 94.4, 'ndev': 5452, 'ntest': 500}","{'devacc': np.float64(71.12), 'acc': 71.07, 'f1': 80.13, 'ndev': 4076, 'ntest': 1725}"
deberta-base,AVG+SUM+AVG-NS_SUM-5-9,"torch.Size([61, 2304])",NORMAL,4,0,12,"{'devacc': np.float64(84.9), 'acc': np.float64(85.09), 'ndev': 10662, 'ntest': 10662}","{'devacc': np.float64(87.9), 'acc': np.float64(88.11), 'ndev': 3775, 'ntest': 3775}","{'devacc': np.float64(94.59), 'acc': np.float64(94.42), 'ndev': 10000, 'ntest': 10000}","{'devacc': np.float64(88.6), 'acc': np.float64(89.19), 'ndev': 10606, 'ntest': 10606}","{'devacc': np.float64(91.4), 'acc': 90.44, 'ndev': 872, 'ntest': 1821}","{'devacc': np.float64(87.88), 'acc': 94.2, 'ndev': 5452, 'ntest': 500}","{'devacc': np.float64(71.22), 'acc': 71.88, 'f1': 80.84, 'ndev': 4076, 'ntest': 1725}"
deberta-base,AVG+SUM+SUM-NS_SUM-5-9,"torch.Size([61, 2304])",NORMAL,4,0,12,"{'devacc': np.float64(84.86), 'acc': np.float64(84.85), 'ndev': 10662, 'ntest': 10662}","{'devacc': np.float64(87.85), 'acc': np.float64(88.03), 'ndev': 3775, 'ntest': 3775}","{'devacc': np.float64(94.62), 'acc': np.float64(94.39), 'ndev': 10000, 'ntest': 10000}","{'devacc': np.float64(88.99), 'acc': np.float64(89.15), 'ndev': 10606, 'ntest': 10606}","{'devacc': np.float64(90.83), 'acc': 90.23, 'ndev': 872, 'ntest': 1821}","{'devacc': np.float64(87.88), 'acc': 94.6, 'ndev': 5452, 'ntest': 500}","{'devacc': np.float64(71.37), 'acc': 71.42, 'f1': 80.11, 'ndev': 4076, 'ntest': 1725}"
deberta-base,AVG+SUM+MAX-NS_SUM-5-9,"torch.Size([61, 2304])",NORMAL,4,0,12,"{'devacc': np.float64(84.77), 'acc': np.float64(84.96), 'ndev': 10662, 'ntest': 10662}","{'devacc': np.float64(82.24), 'acc': np.float64(80.74), 'ndev': 3775, 'ntest': 3775}","{'devacc': np.float64(94.67), 'acc': np.float64(94.63), 'ndev': 10000, 'ntest': 10000}","{'devacc': np.float64(88.0), 'acc': np.float64(82.65), 'ndev': 10606, 'ntest': 10606}","{'devacc': np.float64(91.17), 'acc': 90.44, 'ndev': 872, 'ntest': 1821}","{'devacc': np.float64(87.97), 'acc': 94.2, 'ndev': 5452, 'ntest': 500}","{'devacc': np.float64(71.62), 'acc': 72.52, 'f1': 81.41, 'ndev': 4076, 'ntest': 1725}"
deberta-base,AVG+MAX+AVG-NS_SUM-5-9,"torch.Size([61, 2304])",NORMAL,4,0,12,"{'devacc': np.float64(83.99), 'acc': np.float64(84.58), 'ndev': 10662, 'ntest': 10662}","{'devacc': np.float64(88.61), 'acc': np.float64(88.69), 'ndev': 3775, 'ntest': 3775}","{'devacc': np.float64(94.79), 'acc': np.float64(94.66), 'ndev': 10000, 'ntest': 10000}","{'devacc': np.float64(88.35), 'acc': np.float64(89.03), 'ndev': 10606, 'ntest': 10606}","{'devacc': np.float64(90.14), 'acc': 90.55, 'ndev': 872, 'ntest': 1821}","{'devacc': np.float64(90.04), 'acc': 95.8, 'ndev': 5452, 'ntest': 500}","{'devacc': np.float64(73.38), 'acc': 73.62, 'f1': 80.91, 'ndev': 4076, 'ntest': 1725}"
deberta-base,AVG+MAX+SUM-NS_SUM-5-9,"torch.Size([61, 2304])",NORMAL,4,0,12,"{'devacc': np.float64(84.75), 'acc': np.float64(84.93), 'ndev': 10662, 'ntest': 10662}","{'devacc': np.float64(87.93), 'acc': np.float64(87.68), 'ndev': 3775, 'ntest': 3775}","{'devacc': np.float64(94.65), 'acc': np.float64(94.55), 'ndev': 10000, 'ntest': 10000}","{'devacc': np.float64(88.36), 'acc': np.float64(88.8), 'ndev': 10606, 'ntest': 10606}","{'devacc': np.float64(91.06), 'acc': 90.55, 'ndev': 872, 'ntest': 1821}","{'devacc': np.float64(88.17), 'acc': 94.0, 'ndev': 5452, 'ntest': 500}","{'devacc': np.float64(71.79), 'acc': 71.94, 'f1': 80.81, 'ndev': 4076, 'ntest': 1725}"
deberta-base,AVG+MAX+MAX-NS_SUM-5-9,"torch.Size([61, 2304])",NORMAL,4,0,12,"{'devacc': np.float64(83.78), 'acc': np.float64(83.91), 'ndev': 10662, 'ntest': 10662}","{'devacc': np.float64(66.92), 'acc': np.float64(66.12), 'ndev': 3775, 'ntest': 3775}","{'devacc': np.float64(93.88), 'acc': np.float64(93.98), 'ndev': 10000, 'ntest': 10000}","{'devacc': np.float64(80.42), 'acc': np.float64(72.86), 'ndev': 10606, 'ntest': 10606}","{'devacc': np.float64(89.45), 'acc': 89.79, 'ndev': 872, 'ntest': 1821}","{'devacc': np.float64(89.1), 'acc': 95.2, 'ndev': 5452, 'ntest': 500}","{'devacc': np.float64(71.61), 'acc': 71.94, 'f1': 79.63, 'ndev': 4076, 'ntest': 1725}"
deberta-base,AVG+AVG-NS+SUM-NS_SUM-5-9,"torch.Size([61, 2304])",NORMAL,4,0,12,"{'devacc': np.float64(84.89), 'acc': np.float64(85.03), 'ndev': 10662, 'ntest': 10662}","{'devacc': np.float64(87.82), 'acc': np.float64(87.84), 'ndev': 3775, 'ntest': 3775}","{'devacc': np.float64(94.6), 'acc': np.float64(94.36), 'ndev': 10000, 'ntest': 10000}","{'devacc': np.float64(88.64), 'acc': np.float64(89.11), 'ndev': 10606, 'ntest': 10606}","{'devacc': np.float64(91.4), 'acc': 90.33, 'ndev': 872, 'ntest': 1821}","{'devacc': np.float64(87.93), 'acc': 94.6, 'ndev': 5452, 'ntest': 500}","{'devacc': np.float64(71.27), 'acc': 70.84, 'f1': 80.06, 'ndev': 4076, 'ntest': 1725}"
deberta-base,AVG+AVG-NS+MAX-NS_SUM-5-9,"torch.Size([61, 2304])",NORMAL,4,0,12,"{'devacc': np.float64(83.9), 'acc': np.float64(84.14), 'ndev': 10662, 'ntest': 10662}","{'devacc': np.float64(66.93), 'acc': np.float64(66.12), 'ndev': 3775, 'ntest': 3775}","{'devacc': np.float64(94.67), 'acc': np.float64(94.76), 'ndev': 10000, 'ntest': 10000}","{'devacc': np.float64(58.08), 'acc': np.float64(49.46), 'ndev': 10606, 'ntest': 10606}","{'devacc': np.float64(90.02), 'acc': 90.5, 'ndev': 872, 'ntest': 1821}","{'devacc': np.float64(89.53), 'acc': 96.0, 'ndev': 5452, 'ntest': 500}","{'devacc': np.float64(73.75), 'acc': 73.33, 'f1': 80.54, 'ndev': 4076, 'ntest': 1725}"
deberta-base,AVG+SUM-NS+MAX-NS_SUM-5-9,"torch.Size([61, 2304])",NORMAL,4,0,12,"{'devacc': np.float64(84.78), 'acc': np.float64(85.06), 'ndev': 10662, 'ntest': 10662}","{'devacc': np.float64(82.58), 'acc': np.float64(82.5), 'ndev': 3775, 'ntest': 3775}","{'devacc': np.float64(94.67), 'acc': np.float64(94.58), 'ndev': 10000, 'ntest': 10000}","{'devacc': np.float64(87.6), 'acc': np.float64(74.05), 'ndev': 10606, 'ntest': 10606}","{'devacc': np.float64(91.4), 'acc': 90.44, 'ndev': 872, 'ntest': 1821}","{'devacc': np.float64(88.13), 'acc': 95.0, 'ndev': 5452, 'ntest': 500}","{'devacc': np.float64(71.79), 'acc': 70.67, 'f1': 80.02, 'ndev': 4076, 'ntest': 1725}"
deberta-base,SUM+MAX+AVG-NS_SUM-5-9,"torch.Size([61, 2304])",NORMAL,4,0,12,"{'devacc': np.float64(84.81), 'acc': np.float64(84.76), 'ndev': 10662, 'ntest': 10662}","{'devacc': np.float64(87.96), 'acc': np.float64(88.24), 'ndev': 3775, 'ntest': 3775}","{'devacc': np.float64(94.64), 'acc': np.float64(94.62), 'ndev': 10000, 'ntest': 10000}","{'devacc': np.float64(88.2), 'acc': np.float64(88.86), 'ndev': 10606, 'ntest': 10606}","{'devacc': np.float64(91.06), 'acc': 90.66, 'ndev': 872, 'ntest': 1821}","{'devacc': np.float64(88.15), 'acc': 94.2, 'ndev': 5452, 'ntest': 500}","{'devacc': np.float64(71.27), 'acc': 71.59, 'f1': 80.87, 'ndev': 4076, 'ntest': 1725}"
deberta-base,SUM+MAX+SUM-NS_SUM-5-9,"torch.Size([61, 2304])",NORMAL,4,0,12,"{'devacc': np.float64(84.78), 'acc': np.float64(84.83), 'ndev': 10662, 'ntest': 10662}","{'devacc': np.float64(87.84), 'acc': np.float64(88.16), 'ndev': 3775, 'ntest': 3775}","{'devacc': np.float64(94.62), 'acc': np.float64(94.64), 'ndev': 10000, 'ntest': 10000}","{'devacc': np.float64(88.47), 'acc': np.float64(88.87), 'ndev': 10606, 'ntest': 10606}","{'devacc': np.float64(90.94), 'acc': 89.95, 'ndev': 872, 'ntest': 1821}","{'devacc': np.float64(87.86), 'acc': 94.0, 'ndev': 5452, 'ntest': 500}","{'devacc': np.float64(71.44), 'acc': 71.54, 'f1': 80.59, 'ndev': 4076, 'ntest': 1725}"
deberta-base,SUM+MAX+MAX-NS_SUM-5-9,"torch.Size([61, 2304])",NORMAL,4,0,12,"{'devacc': np.float64(84.71), 'acc': np.float64(84.94), 'ndev': 10662, 'ntest': 10662}","{'devacc': np.float64(81.74), 'acc': np.float64(81.77), 'ndev': 3775, 'ntest': 3775}","{'devacc': np.float64(94.75), 'acc': np.float64(94.72), 'ndev': 10000, 'ntest': 10000}","{'devacc': np.float64(80.87), 'acc': np.float64(73.05), 'ndev': 10606, 'ntest': 10606}","{'devacc': np.float64(90.94), 'acc': 90.28, 'ndev': 872, 'ntest': 1821}","{'devacc': np.float64(88.26), 'acc': 94.2, 'ndev': 5452, 'ntest': 500}","{'devacc': np.float64(71.39), 'acc': 72.0, 'f1': 80.98, 'ndev': 4076, 'ntest': 1725}"
deberta-base,SUM+AVG-NS+SUM-NS_SUM-5-9,"torch.Size([61, 2304])",NORMAL,4,0,12,"{'devacc': np.float64(84.88), 'acc': np.float64(84.77), 'ndev': 10662, 'ntest': 10662}","{'devacc': np.float64(87.87), 'acc': np.float64(88.05), 'ndev': 3775, 'ntest': 3775}","{'devacc': np.float64(94.61), 'acc': np.float64(94.41), 'ndev': 10000, 'ntest': 10000}","{'devacc': np.float64(88.7), 'acc': np.float64(88.97), 'ndev': 10606, 'ntest': 10606}","{'devacc': np.float64(90.6), 'acc': 90.17, 'ndev': 872, 'ntest': 1821}","{'devacc': np.float64(87.51), 'acc': 94.6, 'ndev': 5452, 'ntest': 500}","{'devacc': np.float64(71.32), 'acc': 72.0, 'f1': 80.81, 'ndev': 4076, 'ntest': 1725}"
deberta-base,SUM+AVG-NS+MAX-NS_SUM-5-9,"torch.Size([61, 2304])",NORMAL,4,0,12,"{'devacc': np.float64(84.81), 'acc': np.float64(84.94), 'ndev': 10662, 'ntest': 10662}","{'devacc': np.float64(83.27), 'acc': np.float64(79.68), 'ndev': 3775, 'ntest': 3775}","{'devacc': np.float64(94.66), 'acc': np.float64(94.65), 'ndev': 10000, 'ntest': 10000}","{'devacc': np.float64(86.52), 'acc': np.float64(75.52), 'ndev': 10606, 'ntest': 10606}","{'devacc': np.float64(91.28), 'acc': 90.77, 'ndev': 872, 'ntest': 1821}","{'devacc': np.float64(88.11), 'acc': 94.2, 'ndev': 5452, 'ntest': 500}","{'devacc': np.float64(71.15), 'acc': 72.12, 'f1': 81.0, 'ndev': 4076, 'ntest': 1725}"
deberta-base,SUM+SUM-NS+MAX-NS_SUM-5-9,"torch.Size([61, 2304])",NORMAL,4,0,12,"{'devacc': np.float64(84.82), 'acc': np.float64(84.75), 'ndev': 10662, 'ntest': 10662}","{'devacc': np.float64(85.02), 'acc': np.float64(85.2), 'ndev': 3775, 'ntest': 3775}","{'devacc': np.float64(94.64), 'acc': np.float64(94.45), 'ndev': 10000, 'ntest': 10000}","{'devacc': np.float64(88.83), 'acc': np.float64(89.86), 'ndev': 10606, 'ntest': 10606}","{'devacc': np.float64(91.17), 'acc': 90.17, 'ndev': 872, 'ntest': 1821}","{'devacc': np.float64(88.08), 'acc': 94.6, 'ndev': 5452, 'ntest': 500}","{'devacc': np.float64(71.49), 'acc': 71.94, 'f1': 80.62, 'ndev': 4076, 'ntest': 1725}"
deberta-base,MAX+AVG-NS+SUM-NS_SUM-5-9,"torch.Size([61, 2304])",NORMAL,4,0,12,"{'devacc': np.float64(84.78), 'acc': np.float64(84.89), 'ndev': 10662, 'ntest': 10662}","{'devacc': np.float64(87.97), 'acc': np.float64(87.79), 'ndev': 3775, 'ntest': 3775}","{'devacc': np.float64(94.68), 'acc': np.float64(94.55), 'ndev': 10000, 'ntest': 10000}","{'devacc': np.float64(88.28), 'acc': np.float64(88.72), 'ndev': 10606, 'ntest': 10606}","{'devacc': np.float64(91.51), 'acc': 90.28, 'ndev': 872, 'ntest': 1821}","{'devacc': np.float64(88.21), 'acc': 95.0, 'ndev': 5452, 'ntest': 500}","{'devacc': np.float64(71.81), 'acc': 72.06, 'f1': 80.96, 'ndev': 4076, 'ntest': 1725}"
deberta-base,MAX+AVG-NS+MAX-NS_SUM-5-9,"torch.Size([61, 2304])",NORMAL,4,0,12,"{'devacc': np.float64(83.74), 'acc': np.float64(84.2), 'ndev': 10662, 'ntest': 10662}","{'devacc': np.float64(67.76), 'acc': np.float64(69.03), 'ndev': 3775, 'ntest': 3775}","{'devacc': np.float64(94.02), 'acc': np.float64(94.04), 'ndev': 10000, 'ntest': 10000}","{'devacc': np.float64(87.49), 'acc': np.float64(88.38), 'ndev': 10606, 'ntest': 10606}","{'devacc': np.float64(89.79), 'acc': 89.62, 'ndev': 872, 'ntest': 1821}","{'devacc': np.float64(89.32), 'acc': 95.4, 'ndev': 5452, 'ntest': 500}","{'devacc': np.float64(72.42), 'acc': 71.83, 'f1': 79.42, 'ndev': 4076, 'ntest': 1725}"
deberta-base,MAX+SUM-NS+MAX-NS_SUM-5-9,"torch.Size([61, 2304])",NORMAL,4,0,12,"{'devacc': np.float64(84.66), 'acc': np.float64(84.8), 'ndev': 10662, 'ntest': 10662}","{'devacc': np.float64(82.52), 'acc': np.float64(84.45), 'ndev': 3775, 'ntest': 3775}","{'devacc': np.float64(94.74), 'acc': np.float64(94.59), 'ndev': 10000, 'ntest': 10000}","{'devacc': np.float64(77.53), 'acc': np.float64(72.9), 'ndev': 10606, 'ntest': 10606}","{'devacc': np.float64(90.37), 'acc': 90.39, 'ndev': 872, 'ntest': 1821}","{'devacc': np.float64(88.21), 'acc': 94.2, 'ndev': 5452, 'ntest': 500}","{'devacc': np.float64(71.86), 'acc': 71.88, 'f1': 80.76, 'ndev': 4076, 'ntest': 1725}"
deberta-base,AVG-NS+SUM-NS+MAX-NS_SUM-5-9,"torch.Size([61, 2304])",NORMAL,4,0,12,"{'devacc': np.float64(84.77), 'acc': np.float64(85.17), 'ndev': 10662, 'ntest': 10662}","{'devacc': np.float64(83.1), 'acc': np.float64(80.51), 'ndev': 3775, 'ntest': 3775}","{'devacc': np.float64(94.69), 'acc': np.float64(94.59), 'ndev': 10000, 'ntest': 10000}","{'devacc': np.float64(83.49), 'acc': np.float64(72.96), 'ndev': 10606, 'ntest': 10606}","{'devacc': np.float64(91.4), 'acc': 90.55, 'ndev': 872, 'ntest': 1821}","{'devacc': np.float64(88.11), 'acc': 94.6, 'ndev': 5452, 'ntest': 500}","{'devacc': np.float64(71.39), 'acc': 71.3, 'f1': 80.16, 'ndev': 4076, 'ntest': 1725}"
deberta-base,CLS+AVG+SUM_SUM-6-10,"torch.Size([61, 2304])",NORMAL,4,0,12,"{'devacc': np.float64(85.75), 'acc': np.float64(86.08), 'ndev': 10662, 'ntest': 10662}","{'devacc': np.float64(88.2), 'acc': np.float64(88.42), 'ndev': 3775, 'ntest': 3775}","{'devacc': np.float64(94.65), 'acc': np.float64(94.4), 'ndev': 10000, 'ntest': 10000}","{'devacc': np.float64(89.04), 'acc': np.float64(89.34), 'ndev': 10606, 'ntest': 10606}","{'devacc': np.float64(91.17), 'acc': 91.1, 'ndev': 872, 'ntest': 1821}","{'devacc': np.float64(87.42), 'acc': 95.2, 'ndev': 5452, 'ntest': 500}","{'devacc': np.float64(71.39), 'acc': 71.88, 'f1': 80.87, 'ndev': 4076, 'ntest': 1725}"
deberta-base,CLS+AVG+MAX_SUM-6-10,"torch.Size([61, 2304])",NORMAL,4,0,12,"{'devacc': np.float64(85.15), 'acc': np.float64(85.17), 'ndev': 10662, 'ntest': 10662}","{'devacc': np.float64(88.86), 'acc': np.float64(88.66), 'ndev': 3775, 'ntest': 3775}","{'devacc': np.float64(94.62), 'acc': np.float64(94.52), 'ndev': 10000, 'ntest': 10000}","{'devacc': np.float64(88.9), 'acc': np.float64(89.54), 'ndev': 10606, 'ntest': 10606}","{'devacc': np.float64(91.28), 'acc': 91.38, 'ndev': 872, 'ntest': 1821}","{'devacc': np.float64(89.36), 'acc': 95.6, 'ndev': 5452, 'ntest': 500}","{'devacc': np.float64(72.99), 'acc': 72.75, 'f1': 80.42, 'ndev': 4076, 'ntest': 1725}"
deberta-base,CLS+AVG+AVG-NS_SUM-6-10,"torch.Size([61, 2304])",NORMAL,4,0,12,"{'devacc': np.float64(86.28), 'acc': np.float64(86.51), 'ndev': 10662, 'ntest': 10662}","{'devacc': np.float64(89.39), 'acc': np.float64(89.38), 'ndev': 3775, 'ntest': 3775}","{'devacc': np.float64(95.45), 'acc': np.float64(95.48), 'ndev': 10000, 'ntest': 10000}","{'devacc': np.float64(89.26), 'acc': np.float64(89.78), 'ndev': 10606, 'ntest': 10606}","{'devacc': np.float64(91.86), 'acc': 92.42, 'ndev': 872, 'ntest': 1821}","{'devacc': np.float64(88.21), 'acc': 95.4, 'ndev': 5452, 'ntest': 500}","{'devacc': np.float64(76.86), 'acc': 76.7, 'f1': 83.5, 'ndev': 4076, 'ntest': 1725}"
deberta-base,CLS+AVG+SUM-NS_SUM-6-10,"torch.Size([61, 2304])",NORMAL,4,0,12,"{'devacc': np.float64(85.75), 'acc': np.float64(86.1), 'ndev': 10662, 'ntest': 10662}","{'devacc': np.float64(88.23), 'acc': np.float64(88.34), 'ndev': 3775, 'ntest': 3775}","{'devacc': np.float64(94.67), 'acc': np.float64(94.59), 'ndev': 10000, 'ntest': 10000}","{'devacc': np.float64(89.04), 'acc': np.float64(89.33), 'ndev': 10606, 'ntest': 10606}","{'devacc': np.float64(91.4), 'acc': 91.05, 'ndev': 872, 'ntest': 1821}","{'devacc': np.float64(87.66), 'acc': 95.0, 'ndev': 5452, 'ntest': 500}","{'devacc': np.float64(71.76), 'acc': 71.48, 'f1': 80.8, 'ndev': 4076, 'ntest': 1725}"
deberta-base,CLS+AVG+MAX-NS_SUM-6-10,"torch.Size([61, 2304])",NORMAL,4,0,12,"{'devacc': np.float64(85.13), 'acc': np.float64(85.29), 'ndev': 10662, 'ntest': 10662}","{'devacc': np.float64(71.08), 'acc': np.float64(69.83), 'ndev': 3775, 'ntest': 3775}","{'devacc': np.float64(94.54), 'acc': np.float64(94.48), 'ndev': 10000, 'ntest': 10000}","{'devacc': np.float64(75.35), 'acc': np.float64(49.64), 'ndev': 10606, 'ntest': 10606}","{'devacc': np.float64(91.17), 'acc': 90.99, 'ndev': 872, 'ntest': 1821}","{'devacc': np.float64(89.51), 'acc': 95.6, 'ndev': 5452, 'ntest': 500}","{'devacc': np.float64(72.67), 'acc': 72.29, 'f1': 80.0, 'ndev': 4076, 'ntest': 1725}"
deberta-base,CLS+SUM+MAX_SUM-6-10,"torch.Size([61, 2304])",NORMAL,4,0,12,"{'devacc': np.float64(85.7), 'acc': np.float64(85.99), 'ndev': 10662, 'ntest': 10662}","{'devacc': np.float64(88.34), 'acc': np.float64(88.27), 'ndev': 3775, 'ntest': 3775}","{'devacc': np.float64(94.72), 'acc': np.float64(94.47), 'ndev': 10000, 'ntest': 10000}","{'devacc': np.float64(88.44), 'acc': np.float64(88.79), 'ndev': 10606, 'ntest': 10606}","{'devacc': np.float64(91.06), 'acc': 91.76, 'ndev': 872, 'ntest': 1821}","{'devacc': np.float64(87.75), 'acc': 94.6, 'ndev': 5452, 'ntest': 500}","{'devacc': np.float64(71.84), 'acc': 72.12, 'f1': 81.09, 'ndev': 4076, 'ntest': 1725}"
deberta-base,CLS+SUM+AVG-NS_SUM-6-10,"torch.Size([61, 2304])",NORMAL,4,0,12,"{'devacc': np.float64(85.75), 'acc': np.float64(85.89), 'ndev': 10662, 'ntest': 10662}","{'devacc': np.float64(88.27), 'acc': np.float64(88.42), 'ndev': 3775, 'ntest': 3775}","{'devacc': np.float64(94.64), 'acc': np.float64(94.55), 'ndev': 10000, 'ntest': 10000}","{'devacc': np.float64(88.7), 'acc': np.float64(89.23), 'ndev': 10606, 'ntest': 10606}","{'devacc': np.float64(91.17), 'acc': 92.2, 'ndev': 872, 'ntest': 1821}","{'devacc': np.float64(87.47), 'acc': 95.2, 'ndev': 5452, 'ntest': 500}","{'devacc': np.float64(71.64), 'acc': 72.12, 'f1': 81.07, 'ndev': 4076, 'ntest': 1725}"
deberta-base,CLS+SUM+SUM-NS_SUM-6-10,"torch.Size([61, 2304])",NORMAL,4,0,12,"{'devacc': np.float64(85.7), 'acc': np.float64(85.72), 'ndev': 10662, 'ntest': 10662}","{'devacc': np.float64(88.22), 'acc': np.float64(88.37), 'ndev': 3775, 'ntest': 3775}","{'devacc': np.float64(94.68), 'acc': np.float64(94.4), 'ndev': 10000, 'ntest': 10000}","{'devacc': np.float64(88.99), 'acc': np.float64(89.28), 'ndev': 10606, 'ntest': 10606}","{'devacc': np.float64(90.83), 'acc': 91.1, 'ndev': 872, 'ntest': 1821}","{'devacc': np.float64(87.69), 'acc': 94.8, 'ndev': 5452, 'ntest': 500}","{'devacc': np.float64(72.13), 'acc': 72.46, 'f1': 81.16, 'ndev': 4076, 'ntest': 1725}"
deberta-base,CLS+SUM+MAX-NS_SUM-6-10,"torch.Size([61, 2304])",NORMAL,4,0,12,"{'devacc': np.float64(85.67), 'acc': np.float64(85.92), 'ndev': 10662, 'ntest': 10662}","{'devacc': np.float64(83.05), 'acc': np.float64(84.58), 'ndev': 3775, 'ntest': 3775}","{'devacc': np.float64(94.69), 'acc': np.float64(94.65), 'ndev': 10000, 'ntest': 10000}","{'devacc': np.float64(82.99), 'acc': np.float64(72.94), 'ndev': 10606, 'ntest': 10606}","{'devacc': np.float64(91.51), 'acc': 91.87, 'ndev': 872, 'ntest': 1821}","{'devacc': np.float64(87.53), 'acc': 95.2, 'ndev': 5452, 'ntest': 500}","{'devacc': np.float64(71.74), 'acc': 72.35, 'f1': 81.09, 'ndev': 4076, 'ntest': 1725}"
deberta-base,CLS+MAX+AVG-NS_SUM-6-10,"torch.Size([61, 2304])",NORMAL,4,0,12,"{'devacc': np.float64(85.13), 'acc': np.float64(85.29), 'ndev': 10662, 'ntest': 10662}","{'devacc': np.float64(88.93), 'acc': np.float64(89.03), 'ndev': 3775, 'ntest': 3775}","{'devacc': np.float64(94.71), 'acc': np.float64(94.57), 'ndev': 10000, 'ntest': 10000}","{'devacc': np.float64(88.46), 'acc': np.float64(89.12), 'ndev': 10606, 'ntest': 10606}","{'devacc': np.float64(91.06), 'acc': 91.43, 'ndev': 872, 'ntest': 1821}","{'devacc': np.float64(89.44), 'acc': 95.4, 'ndev': 5452, 'ntest': 500}","{'devacc': np.float64(73.28), 'acc': 72.58, 'f1': 80.03, 'ndev': 4076, 'ntest': 1725}"
deberta-base,CLS+MAX+SUM-NS_SUM-6-10,"torch.Size([61, 2304])",NORMAL,4,0,12,"{'devacc': np.float64(85.69), 'acc': np.float64(85.91), 'ndev': 10662, 'ntest': 10662}","{'devacc': np.float64(88.38), 'acc': np.float64(88.05), 'ndev': 3775, 'ntest': 3775}","{'devacc': np.float64(94.69), 'acc': np.float64(94.57), 'ndev': 10000, 'ntest': 10000}","{'devacc': np.float64(88.39), 'acc': np.float64(88.91), 'ndev': 10606, 'ntest': 10606}","{'devacc': np.float64(91.63), 'acc': 91.76, 'ndev': 872, 'ntest': 1821}","{'devacc': np.float64(87.71), 'acc': 94.8, 'ndev': 5452, 'ntest': 500}","{'devacc': np.float64(72.06), 'acc': 72.7, 'f1': 81.54, 'ndev': 4076, 'ntest': 1725}"
deberta-base,CLS+MAX+MAX-NS_SUM-6-10,"torch.Size([61, 2304])",NORMAL,4,0,12,"{'devacc': np.float64(83.04), 'acc': np.float64(83.07), 'ndev': 10662, 'ntest': 10662}","{'devacc': np.float64(66.92), 'acc': np.float64(67.63), 'ndev': 3775, 'ntest': 3775}","{'devacc': np.float64(92.76), 'acc': np.float64(93.01), 'ndev': 10000, 'ntest': 10000}","{'devacc': np.float64(84.58), 'acc': np.float64(83.3), 'ndev': 10606, 'ntest': 10606}","{'devacc': np.float64(87.27), 'acc': 89.29, 'ndev': 872, 'ntest': 1821}","{'devacc': np.float64(88.11), 'acc': 95.2, 'ndev': 5452, 'ntest': 500}","{'devacc': np.float64(71.47), 'acc': 69.97, 'f1': 78.54, 'ndev': 4076, 'ntest': 1725}"
deberta-base,CLS+AVG-NS+SUM-NS_SUM-6-10,"torch.Size([61, 2304])",NORMAL,4,0,12,"{'devacc': np.float64(85.78), 'acc': np.float64(86.06), 'ndev': 10662, 'ntest': 10662}","{'devacc': np.float64(88.3), 'acc': np.float64(88.21), 'ndev': 3775, 'ntest': 3775}","{'devacc': np.float64(94.68), 'acc': np.float64(94.66), 'ndev': 10000, 'ntest': 10000}","{'devacc': np.float64(88.63), 'acc': np.float64(89.03), 'ndev': 10606, 'ntest': 10606}","{'devacc': np.float64(91.51), 'acc': 91.71, 'ndev': 872, 'ntest': 1821}","{'devacc': np.float64(87.77), 'acc': 95.4, 'ndev': 5452, 'ntest': 500}","{'devacc': np.float64(71.64), 'acc': 71.36, 'f1': 80.51, 'ndev': 4076, 'ntest': 1725}"
deberta-base,CLS+AVG-NS+MAX-NS_SUM-6-10,"torch.Size([61, 2304])",NORMAL,4,0,12,"{'devacc': np.float64(85.08), 'acc': np.float64(85.05), 'ndev': 10662, 'ntest': 10662}","{'devacc': np.float64(72.82), 'acc': np.float64(67.81), 'ndev': 3775, 'ntest': 3775}","{'devacc': np.float64(94.63), 'acc': np.float64(94.49), 'ndev': 10000, 'ntest': 10000}","{'devacc': np.float64(58.2), 'acc': np.float64(49.57), 'ndev': 10606, 'ntest': 10606}","{'devacc': np.float64(91.06), 'acc': 90.66, 'ndev': 872, 'ntest': 1821}","{'devacc': np.float64(89.71), 'acc': 95.8, 'ndev': 5452, 'ntest': 500}","{'devacc': np.float64(72.99), 'acc': 72.0, 'f1': 79.8, 'ndev': 4076, 'ntest': 1725}"
deberta-base,CLS+SUM-NS+MAX-NS_SUM-6-10,"torch.Size([61, 2304])",NORMAL,4,0,12,"{'devacc': np.float64(85.7), 'acc': np.float64(85.98), 'ndev': 10662, 'ntest': 10662}","{'devacc': np.float64(83.65), 'acc': np.float64(79.08), 'ndev': 3775, 'ntest': 3775}","{'devacc': np.float64(94.75), 'acc': np.float64(94.48), 'ndev': 10000, 'ntest': 10000}","{'devacc': np.float64(85.72), 'acc': np.float64(72.88), 'ndev': 10606, 'ntest': 10606}","{'devacc': np.float64(91.4), 'acc': 91.93, 'ndev': 872, 'ntest': 1821}","{'devacc': np.float64(87.75), 'acc': 95.2, 'ndev': 5452, 'ntest': 500}","{'devacc': np.float64(71.64), 'acc': 71.77, 'f1': 80.8, 'ndev': 4076, 'ntest': 1725}"
deberta-base,AVG+SUM+MAX_SUM-6-10,"torch.Size([61, 2304])",NORMAL,4,0,12,"{'devacc': np.float64(85.72), 'acc': np.float64(85.94), 'ndev': 10662, 'ntest': 10662}","{'devacc': np.float64(88.41), 'acc': np.float64(88.32), 'ndev': 3775, 'ntest': 3775}","{'devacc': np.float64(94.72), 'acc': np.float64(94.41), 'ndev': 10000, 'ntest': 10000}","{'devacc': np.float64(88.41), 'acc': np.float64(88.89), 'ndev': 10606, 'ntest': 10606}","{'devacc': np.float64(91.51), 'acc': 91.6, 'ndev': 872, 'ntest': 1821}","{'devacc': np.float64(87.75), 'acc': 94.8, 'ndev': 5452, 'ntest': 500}","{'devacc': np.float64(71.88), 'acc': 72.23, 'f1': 81.1, 'ndev': 4076, 'ntest': 1725}"
deberta-base,AVG+SUM+AVG-NS_SUM-6-10,"torch.Size([61, 2304])",NORMAL,4,0,12,"{'devacc': np.float64(85.75), 'acc': np.float64(85.85), 'ndev': 10662, 'ntest': 10662}","{'devacc': np.float64(88.27), 'acc': np.float64(88.24), 'ndev': 3775, 'ntest': 3775}","{'devacc': np.float64(94.66), 'acc': np.float64(94.59), 'ndev': 10000, 'ntest': 10000}","{'devacc': np.float64(88.67), 'acc': np.float64(88.93), 'ndev': 10606, 'ntest': 10606}","{'devacc': np.float64(91.51), 'acc': 91.21, 'ndev': 872, 'ntest': 1821}","{'devacc': np.float64(87.64), 'acc': 95.4, 'ndev': 5452, 'ntest': 500}","{'devacc': np.float64(71.74), 'acc': 72.12, 'f1': 81.01, 'ndev': 4076, 'ntest': 1725}"
deberta-base,AVG+SUM+SUM-NS_SUM-6-10,"torch.Size([61, 2304])",NORMAL,4,0,12,"{'devacc': np.float64(85.67), 'acc': np.float64(85.74), 'ndev': 10662, 'ntest': 10662}","{'devacc': np.float64(88.26), 'acc': np.float64(88.4), 'ndev': 3775, 'ntest': 3775}","{'devacc': np.float64(94.67), 'acc': np.float64(94.33), 'ndev': 10000, 'ntest': 10000}","{'devacc': np.float64(88.95), 'acc': np.float64(89.14), 'ndev': 10606, 'ntest': 10606}","{'devacc': np.float64(90.37), 'acc': 90.99, 'ndev': 872, 'ntest': 1821}","{'devacc': np.float64(87.44), 'acc': 95.2, 'ndev': 5452, 'ntest': 500}","{'devacc': np.float64(72.13), 'acc': 72.81, 'f1': 81.51, 'ndev': 4076, 'ntest': 1725}"
deberta-base,AVG+SUM+MAX-NS_SUM-6-10,"torch.Size([61, 2304])",NORMAL,4,0,12,"{'devacc': np.float64(85.68), 'acc': np.float64(85.79), 'ndev': 10662, 'ntest': 10662}","{'devacc': np.float64(84.27), 'acc': np.float64(81.96), 'ndev': 3775, 'ntest': 3775}","{'devacc': np.float64(94.68), 'acc': np.float64(94.6), 'ndev': 10000, 'ntest': 10000}","{'devacc': np.float64(84.96), 'acc': np.float64(77.15), 'ndev': 10606, 'ntest': 10606}","{'devacc': np.float64(91.28), 'acc': 92.04, 'ndev': 872, 'ntest': 1821}","{'devacc': np.float64(87.75), 'acc': 95.0, 'ndev': 5452, 'ntest': 500}","{'devacc': np.float64(71.54), 'acc': 72.58, 'f1': 81.07, 'ndev': 4076, 'ntest': 1725}"
deberta-base,AVG+MAX+AVG-NS_SUM-6-10,"torch.Size([61, 2304])",NORMAL,4,0,12,"{'devacc': np.float64(85.16), 'acc': np.float64(85.12), 'ndev': 10662, 'ntest': 10662}","{'devacc': np.float64(89.5), 'acc': np.float64(89.62), 'ndev': 3775, 'ntest': 3775}","{'devacc': np.float64(94.96), 'acc': np.float64(94.96), 'ndev': 10000, 'ntest': 10000}","{'devacc': np.float64(88.36), 'acc': np.float64(88.97), 'ndev': 10606, 'ntest': 10606}","{'devacc': np.float64(90.94), 'acc': 91.38, 'ndev': 872, 'ntest': 1821}","{'devacc': np.float64(89.49), 'acc': 95.8, 'ndev': 5452, 'ntest': 500}","{'devacc': np.float64(74.17), 'acc': 73.91, 'f1': 81.14, 'ndev': 4076, 'ntest': 1725}"
deberta-base,AVG+MAX+SUM-NS_SUM-6-10,"torch.Size([61, 2304])",NORMAL,4,0,12,"{'devacc': np.float64(85.7), 'acc': np.float64(86.05), 'ndev': 10662, 'ntest': 10662}","{'devacc': np.float64(88.39), 'acc': np.float64(88.26), 'ndev': 3775, 'ntest': 3775}","{'devacc': np.float64(94.72), 'acc': np.float64(94.5), 'ndev': 10000, 'ntest': 10000}","{'devacc': np.float64(88.38), 'acc': np.float64(88.88), 'ndev': 10606, 'ntest': 10606}","{'devacc': np.float64(91.28), 'acc': 91.76, 'ndev': 872, 'ntest': 1821}","{'devacc': np.float64(87.66), 'acc': 95.4, 'ndev': 5452, 'ntest': 500}","{'devacc': np.float64(71.93), 'acc': 72.0, 'f1': 81.01, 'ndev': 4076, 'ntest': 1725}"
deberta-base,AVG+MAX+MAX-NS_SUM-6-10,"torch.Size([61, 2304])",NORMAL,4,0,12,"{'devacc': np.float64(84.81), 'acc': np.float64(84.8), 'ndev': 10662, 'ntest': 10662}","{'devacc': np.float64(67.39), 'acc': np.float64(67.31), 'ndev': 3775, 'ntest': 3775}","{'devacc': np.float64(94.13), 'acc': np.float64(94.01), 'ndev': 10000, 'ntest': 10000}","{'devacc': np.float64(84.01), 'acc': np.float64(81.5), 'ndev': 10606, 'ntest': 10606}","{'devacc': np.float64(91.28), 'acc': 91.16, 'ndev': 872, 'ntest': 1821}","{'devacc': np.float64(89.03), 'acc': 95.0, 'ndev': 5452, 'ntest': 500}","{'devacc': np.float64(72.13), 'acc': 71.36, 'f1': 79.35, 'ndev': 4076, 'ntest': 1725}"
deberta-base,AVG+AVG-NS+SUM-NS_SUM-6-10,"torch.Size([61, 2304])",NORMAL,4,0,12,"{'devacc': np.float64(85.77), 'acc': np.float64(86.0), 'ndev': 10662, 'ntest': 10662}","{'devacc': np.float64(88.3), 'acc': np.float64(88.13), 'ndev': 3775, 'ntest': 3775}","{'devacc': np.float64(94.65), 'acc': np.float64(94.49), 'ndev': 10000, 'ntest': 10000}","{'devacc': np.float64(88.65), 'acc': np.float64(89.03), 'ndev': 10606, 'ntest': 10606}","{'devacc': np.float64(91.51), 'acc': 91.87, 'ndev': 872, 'ntest': 1821}","{'devacc': np.float64(87.49), 'acc': 95.4, 'ndev': 5452, 'ntest': 500}","{'devacc': np.float64(71.93), 'acc': 71.77, 'f1': 80.94, 'ndev': 4076, 'ntest': 1725}"
deberta-base,AVG+AVG-NS+MAX-NS_SUM-6-10,"torch.Size([61, 2304])",NORMAL,4,0,12,"{'devacc': np.float64(84.92), 'acc': np.float64(85.15), 'ndev': 10662, 'ntest': 10662}","{'devacc': np.float64(67.14), 'acc': np.float64(66.17), 'ndev': 3775, 'ntest': 3775}","{'devacc': np.float64(94.85), 'acc': np.float64(94.66), 'ndev': 10000, 'ntest': 10000}","{'devacc': np.float64(58.11), 'acc': np.float64(49.6), 'ndev': 10606, 'ntest': 10606}","{'devacc': np.float64(92.09), 'acc': 91.05, 'ndev': 872, 'ntest': 1821}","{'devacc': np.float64(89.36), 'acc': 95.6, 'ndev': 5452, 'ntest': 500}","{'devacc': np.float64(74.07), 'acc': 72.81, 'f1': 80.32, 'ndev': 4076, 'ntest': 1725}"
deberta-base,AVG+SUM-NS+MAX-NS_SUM-6-10,"torch.Size([61, 2304])",NORMAL,4,0,12,"{'devacc': np.float64(85.7), 'acc': np.float64(86.02), 'ndev': 10662, 'ntest': 10662}","{'devacc': np.float64(81.92), 'acc': np.float64(75.47), 'ndev': 3775, 'ntest': 3775}","{'devacc': np.float64(94.73), 'acc': np.float64(94.49), 'ndev': 10000, 'ntest': 10000}","{'devacc': np.float64(85.94), 'acc': np.float64(76.21), 'ndev': 10606, 'ntest': 10606}","{'devacc': np.float64(91.4), 'acc': 91.6, 'ndev': 872, 'ntest': 1821}","{'devacc': np.float64(87.66), 'acc': 95.2, 'ndev': 5452, 'ntest': 500}","{'devacc': np.float64(72.2), 'acc': 72.46, 'f1': 81.28, 'ndev': 4076, 'ntest': 1725}"
deberta-base,SUM+MAX+AVG-NS_SUM-6-10,"torch.Size([61, 2304])",NORMAL,4,0,12,"{'devacc': np.float64(85.71), 'acc': np.float64(86.13), 'ndev': 10662, 'ntest': 10662}","{'devacc': np.float64(88.44), 'acc': np.float64(88.37), 'ndev': 3775, 'ntest': 3775}","{'devacc': np.float64(94.74), 'acc': np.float64(94.5), 'ndev': 10000, 'ntest': 10000}","{'devacc': np.float64(88.35), 'acc': np.float64(88.69), 'ndev': 10606, 'ntest': 10606}","{'devacc': np.float64(91.28), 'acc': 92.2, 'ndev': 872, 'ntest': 1821}","{'devacc': np.float64(87.75), 'acc': 95.0, 'ndev': 5452, 'ntest': 500}","{'devacc': np.float64(71.69), 'acc': 72.41, 'f1': 80.98, 'ndev': 4076, 'ntest': 1725}"
deberta-base,SUM+MAX+SUM-NS_SUM-6-10,"torch.Size([61, 2304])",NORMAL,4,0,12,"{'devacc': np.float64(85.61), 'acc': np.float64(85.76), 'ndev': 10662, 'ntest': 10662}","{'devacc': np.float64(88.3), 'acc': np.float64(88.21), 'ndev': 3775, 'ntest': 3775}","{'devacc': np.float64(94.71), 'acc': np.float64(94.43), 'ndev': 10000, 'ntest': 10000}","{'devacc': np.float64(88.54), 'acc': np.float64(88.72), 'ndev': 10606, 'ntest': 10606}","{'devacc': np.float64(91.28), 'acc': 91.82, 'ndev': 872, 'ntest': 1821}","{'devacc': np.float64(87.49), 'acc': 95.2, 'ndev': 5452, 'ntest': 500}","{'devacc': np.float64(71.88), 'acc': 72.0, 'f1': 80.93, 'ndev': 4076, 'ntest': 1725}"
deberta-base,SUM+MAX+MAX-NS_SUM-6-10,"torch.Size([61, 2304])",NORMAL,4,0,12,"{'devacc': np.float64(85.63), 'acc': np.float64(85.75), 'ndev': 10662, 'ntest': 10662}","{'devacc': np.float64(82.48), 'acc': np.float64(77.38), 'ndev': 3775, 'ntest': 3775}","{'devacc': np.float64(94.75), 'acc': np.float64(94.61), 'ndev': 10000, 'ntest': 10000}","{'devacc': np.float64(82.22), 'acc': np.float64(77.91), 'ndev': 10606, 'ntest': 10606}","{'devacc': np.float64(91.06), 'acc': 91.65, 'ndev': 872, 'ntest': 1821}","{'devacc': np.float64(88.02), 'acc': 94.6, 'ndev': 5452, 'ntest': 500}","{'devacc': np.float64(71.47), 'acc': 71.59, 'f1': 80.6, 'ndev': 4076, 'ntest': 1725}"
deberta-base,SUM+AVG-NS+SUM-NS_SUM-6-10,"torch.Size([61, 2304])",NORMAL,4,0,12,"{'devacc': np.float64(85.68), 'acc': np.float64(85.66), 'ndev': 10662, 'ntest': 10662}","{'devacc': np.float64(88.25), 'acc': np.float64(88.02), 'ndev': 3775, 'ntest': 3775}","{'devacc': np.float64(94.69), 'acc': np.float64(94.6), 'ndev': 10000, 'ntest': 10000}","{'devacc': np.float64(88.72), 'acc': np.float64(89.02), 'ndev': 10606, 'ntest': 10606}","{'devacc': np.float64(91.28), 'acc': 91.93, 'ndev': 872, 'ntest': 1821}","{'devacc': np.float64(87.51), 'acc': 95.6, 'ndev': 5452, 'ntest': 500}","{'devacc': np.float64(72.57), 'acc': 73.57, 'f1': 81.86, 'ndev': 4076, 'ntest': 1725}"
deberta-base,SUM+AVG-NS+MAX-NS_SUM-6-10,"torch.Size([61, 2304])",NORMAL,4,0,12,"{'devacc': np.float64(85.68), 'acc': np.float64(85.89), 'ndev': 10662, 'ntest': 10662}","{'devacc': np.float64(83.57), 'acc': np.float64(83.63), 'ndev': 3775, 'ntest': 3775}","{'devacc': np.float64(94.72), 'acc': np.float64(94.6), 'ndev': 10000, 'ntest': 10000}","{'devacc': np.float64(87.38), 'acc': np.float64(76.21), 'ndev': 10606, 'ntest': 10606}","{'devacc': np.float64(91.06), 'acc': 92.04, 'ndev': 872, 'ntest': 1821}","{'devacc': np.float64(87.56), 'acc': 95.4, 'ndev': 5452, 'ntest': 500}","{'devacc': np.float64(71.79), 'acc': 72.12, 'f1': 81.06, 'ndev': 4076, 'ntest': 1725}"
deberta-base,SUM+SUM-NS+MAX-NS_SUM-6-10,"torch.Size([61, 2304])",NORMAL,4,0,12,"{'devacc': np.float64(85.62), 'acc': np.float64(85.9), 'ndev': 10662, 'ntest': 10662}","{'devacc': np.float64(86.79), 'acc': np.float64(84.29), 'ndev': 3775, 'ntest': 3775}","{'devacc': np.float64(94.72), 'acc': np.float64(94.37), 'ndev': 10000, 'ntest': 10000}","{'devacc': np.float64(87.52), 'acc': np.float64(89.87), 'ndev': 10606, 'ntest': 10606}","{'devacc': np.float64(91.28), 'acc': 91.49, 'ndev': 872, 'ntest': 1821}","{'devacc': np.float64(87.45), 'acc': 95.4, 'ndev': 5452, 'ntest': 500}","{'devacc': np.float64(72.74), 'acc': 71.88, 'f1': 80.85, 'ndev': 4076, 'ntest': 1725}"
deberta-base,MAX+AVG-NS+SUM-NS_SUM-6-10,"torch.Size([61, 2304])",NORMAL,4,0,12,"{'devacc': np.float64(85.71), 'acc': np.float64(85.84), 'ndev': 10662, 'ntest': 10662}","{'devacc': np.float64(88.41), 'acc': np.float64(88.34), 'ndev': 3775, 'ntest': 3775}","{'devacc': np.float64(94.71), 'acc': np.float64(94.5), 'ndev': 10000, 'ntest': 10000}","{'devacc': np.float64(88.31), 'acc': np.float64(88.48), 'ndev': 10606, 'ntest': 10606}","{'devacc': np.float64(91.17), 'acc': 92.26, 'ndev': 872, 'ntest': 1821}","{'devacc': np.float64(87.6), 'acc': 95.2, 'ndev': 5452, 'ntest': 500}","{'devacc': np.float64(71.96), 'acc': 71.3, 'f1': 80.52, 'ndev': 4076, 'ntest': 1725}"
deberta-base,MAX+AVG-NS+MAX-NS_SUM-6-10,"torch.Size([61, 2304])",NORMAL,4,0,12,"{'devacc': np.float64(84.8), 'acc': np.float64(84.94), 'ndev': 10662, 'ntest': 10662}","{'devacc': np.float64(68.2), 'acc': np.float64(67.79), 'ndev': 3775, 'ntest': 3775}","{'devacc': np.float64(94.23), 'acc': np.float64(94.21), 'ndev': 10000, 'ntest': 10000}","{'devacc': np.float64(81.57), 'acc': np.float64(89.0), 'ndev': 10606, 'ntest': 10606}","{'devacc': np.float64(91.97), 'acc': 90.83, 'ndev': 872, 'ntest': 1821}","{'devacc': np.float64(89.16), 'acc': 96.0, 'ndev': 5452, 'ntest': 500}","{'devacc': np.float64(72.67), 'acc': 71.83, 'f1': 79.67, 'ndev': 4076, 'ntest': 1725}"
deberta-base,MAX+SUM-NS+MAX-NS_SUM-6-10,"torch.Size([61, 2304])",NORMAL,4,0,12,"{'devacc': np.float64(85.65), 'acc': np.float64(86.04), 'ndev': 10662, 'ntest': 10662}","{'devacc': np.float64(84.45), 'acc': np.float64(79.55), 'ndev': 3775, 'ntest': 3775}","{'devacc': np.float64(94.8), 'acc': np.float64(94.48), 'ndev': 10000, 'ntest': 10000}","{'devacc': np.float64(79.16), 'acc': np.float64(82.16), 'ndev': 10606, 'ntest': 10606}","{'devacc': np.float64(91.4), 'acc': 91.71, 'ndev': 872, 'ntest': 1821}","{'devacc': np.float64(88.17), 'acc': 95.0, 'ndev': 5452, 'ntest': 500}","{'devacc': np.float64(72.08), 'acc': 71.77, 'f1': 80.92, 'ndev': 4076, 'ntest': 1725}"
deberta-base,AVG-NS+SUM-NS+MAX-NS_SUM-6-10,"torch.Size([61, 2304])",NORMAL,4,0,12,"{'devacc': np.float64(85.71), 'acc': np.float64(85.86), 'ndev': 10662, 'ntest': 10662}","{'devacc': np.float64(83.92), 'acc': np.float64(81.56), 'ndev': 3775, 'ntest': 3775}","{'devacc': np.float64(94.72), 'acc': np.float64(94.54), 'ndev': 10000, 'ntest': 10000}","{'devacc': np.float64(88.04), 'acc': np.float64(72.95), 'ndev': 10606, 'ntest': 10606}","{'devacc': np.float64(91.4), 'acc': 92.2, 'ndev': 872, 'ntest': 1821}","{'devacc': np.float64(87.88), 'acc': 95.4, 'ndev': 5452, 'ntest': 500}","{'devacc': np.float64(71.71), 'acc': 72.58, 'f1': 81.37, 'ndev': 4076, 'ntest': 1725}"
deberta-base,CLS+AVG+SUM_SUM-7-11,"torch.Size([61, 2304])",NORMAL,4,0,12,"{'devacc': np.float64(86.39), 'acc': np.float64(86.76), 'ndev': 10662, 'ntest': 10662}","{'devacc': np.float64(88.85), 'acc': np.float64(88.61), 'ndev': 3775, 'ntest': 3775}","{'devacc': np.float64(94.73), 'acc': np.float64(94.6), 'ndev': 10000, 'ntest': 10000}","{'devacc': np.float64(89.07), 'acc': np.float64(89.37), 'ndev': 10606, 'ntest': 10606}","{'devacc': np.float64(91.97), 'acc': 91.76, 'ndev': 872, 'ntest': 1821}","{'devacc': np.float64(87.45), 'acc': 94.4, 'ndev': 5452, 'ntest': 500}","{'devacc': np.float64(72.5), 'acc': 73.1, 'f1': 81.62, 'ndev': 4076, 'ntest': 1725}"
deberta-base,CLS+AVG+MAX_SUM-7-11,"torch.Size([61, 2304])",NORMAL,4,0,12,"{'devacc': np.float64(85.88), 'acc': np.float64(85.85), 'ndev': 10662, 'ntest': 10662}","{'devacc': np.float64(89.77), 'acc': np.float64(89.59), 'ndev': 3775, 'ntest': 3775}","{'devacc': np.float64(94.9), 'acc': np.float64(95.01), 'ndev': 10000, 'ntest': 10000}","{'devacc': np.float64(89.12), 'acc': np.float64(89.32), 'ndev': 10606, 'ntest': 10606}","{'devacc': np.float64(91.4), 'acc': 92.31, 'ndev': 872, 'ntest': 1821}","{'devacc': np.float64(88.9), 'acc': 95.2, 'ndev': 5452, 'ntest': 500}","{'devacc': np.float64(73.43), 'acc': 72.23, 'f1': 79.98, 'ndev': 4076, 'ntest': 1725}"
deberta-base,CLS+AVG+AVG-NS_SUM-7-11,"torch.Size([61, 2304])",NORMAL,4,0,12,"{'devacc': np.float64(86.77), 'acc': np.float64(86.95), 'ndev': 10662, 'ntest': 10662}","{'devacc': np.float64(89.81), 'acc': np.float64(89.86), 'ndev': 3775, 'ntest': 3775}","{'devacc': np.float64(95.59), 'acc': np.float64(95.64), 'ndev': 10000, 'ntest': 10000}","{'devacc': np.float64(89.33), 'acc': np.float64(89.89), 'ndev': 10606, 'ntest': 10606}","{'devacc': np.float64(91.28), 'acc': 93.08, 'ndev': 872, 'ntest': 1821}","{'devacc': np.float64(88.26), 'acc': 95.4, 'ndev': 5452, 'ntest': 500}","{'devacc': np.float64(76.72), 'acc': 76.41, 'f1': 83.13, 'ndev': 4076, 'ntest': 1725}"
deberta-base,CLS+AVG+SUM-NS_SUM-7-11,"torch.Size([61, 2304])",NORMAL,4,0,12,"{'devacc': np.float64(86.33), 'acc': np.float64(86.36), 'ndev': 10662, 'ntest': 10662}","{'devacc': np.float64(88.63), 'acc': np.float64(88.4), 'ndev': 3775, 'ntest': 3775}","{'devacc': np.float64(94.78), 'acc': np.float64(94.74), 'ndev': 10000, 'ntest': 10000}","{'devacc': np.float64(89.04), 'acc': np.float64(89.42), 'ndev': 10606, 'ntest': 10606}","{'devacc': np.float64(91.28), 'acc': 91.82, 'ndev': 872, 'ntest': 1821}","{'devacc': np.float64(87.58), 'acc': 95.6, 'ndev': 5452, 'ntest': 500}","{'devacc': np.float64(72.03), 'acc': 72.0, 'f1': 80.89, 'ndev': 4076, 'ntest': 1725}"
deberta-base,CLS+AVG+MAX-NS_SUM-7-11,"torch.Size([61, 2304])",NORMAL,4,0,12,"{'devacc': np.float64(85.78), 'acc': np.float64(86.24), 'ndev': 10662, 'ntest': 10662}","{'devacc': np.float64(68.22), 'acc': np.float64(66.14), 'ndev': 3775, 'ntest': 3775}","{'devacc': np.float64(94.82), 'acc': np.float64(94.89), 'ndev': 10000, 'ntest': 10000}","{'devacc': np.float64(58.18), 'acc': np.float64(49.46), 'ndev': 10606, 'ntest': 10606}","{'devacc': np.float64(91.63), 'acc': 92.04, 'ndev': 872, 'ntest': 1821}","{'devacc': np.float64(88.85), 'acc': 96.0, 'ndev': 5452, 'ntest': 500}","{'devacc': np.float64(73.4), 'acc': 71.71, 'f1': 79.58, 'ndev': 4076, 'ntest': 1725}"
deberta-base,CLS+SUM+MAX_SUM-7-11,"torch.Size([61, 2304])",NORMAL,4,0,12,"{'devacc': np.float64(86.31), 'acc': np.float64(86.32), 'ndev': 10662, 'ntest': 10662}","{'devacc': np.float64(89.0), 'acc': np.float64(88.74), 'ndev': 3775, 'ntest': 3775}","{'devacc': np.float64(94.85), 'acc': np.float64(94.71), 'ndev': 10000, 'ntest': 10000}","{'devacc': np.float64(88.73), 'acc': np.float64(88.98), 'ndev': 10606, 'ntest': 10606}","{'devacc': np.float64(91.86), 'acc': 91.93, 'ndev': 872, 'ntest': 1821}","{'devacc': np.float64(87.77), 'acc': 94.4, 'ndev': 5452, 'ntest': 500}","{'devacc': np.float64(72.28), 'acc': 73.22, 'f1': 81.62, 'ndev': 4076, 'ntest': 1725}"
deberta-base,CLS+SUM+AVG-NS_SUM-7-11,"torch.Size([61, 2304])",NORMAL,4,0,12,"{'devacc': np.float64(86.45), 'acc': np.float64(86.53), 'ndev': 10662, 'ntest': 10662}","{'devacc': np.float64(88.86), 'acc': np.float64(88.58), 'ndev': 3775, 'ntest': 3775}","{'devacc': np.float64(94.77), 'acc': np.float64(94.54), 'ndev': 10000, 'ntest': 10000}","{'devacc': np.float64(88.9), 'acc': np.float64(89.28), 'ndev': 10606, 'ntest': 10606}","{'devacc': np.float64(91.97), 'acc': 92.09, 'ndev': 872, 'ntest': 1821}","{'devacc': np.float64(87.55), 'acc': 94.8, 'ndev': 5452, 'ntest': 500}","{'devacc': np.float64(72.47), 'acc': 73.39, 'f1': 81.92, 'ndev': 4076, 'ntest': 1725}"
deberta-base,CLS+SUM+SUM-NS_SUM-7-11,"torch.Size([61, 2304])",NORMAL,4,0,12,"{'devacc': np.float64(86.3), 'acc': np.float64(86.52), 'ndev': 10662, 'ntest': 10662}","{'devacc': np.float64(88.8), 'acc': np.float64(88.5), 'ndev': 3775, 'ntest': 3775}","{'devacc': np.float64(94.78), 'acc': np.float64(94.65), 'ndev': 10000, 'ntest': 10000}","{'devacc': np.float64(89.0), 'acc': np.float64(89.5), 'ndev': 10606, 'ntest': 10606}","{'devacc': np.float64(91.17), 'acc': 91.6, 'ndev': 872, 'ntest': 1821}","{'devacc': np.float64(87.58), 'acc': 94.6, 'ndev': 5452, 'ntest': 500}","{'devacc': np.float64(72.82), 'acc': 72.64, 'f1': 80.58, 'ndev': 4076, 'ntest': 1725}"
deberta-base,CLS+SUM+MAX-NS_SUM-7-11,"torch.Size([61, 2304])",NORMAL,4,0,12,"{'devacc': np.float64(86.33), 'acc': np.float64(86.5), 'ndev': 10662, 'ntest': 10662}","{'devacc': np.float64(83.19), 'acc': np.float64(83.02), 'ndev': 3775, 'ntest': 3775}","{'devacc': np.float64(94.83), 'acc': np.float64(94.71), 'ndev': 10000, 'ntest': 10000}","{'devacc': np.float64(77.42), 'acc': np.float64(72.9), 'ndev': 10606, 'ntest': 10606}","{'devacc': np.float64(91.63), 'acc': 91.98, 'ndev': 872, 'ntest': 1821}","{'devacc': np.float64(87.67), 'acc': 95.6, 'ndev': 5452, 'ntest': 500}","{'devacc': np.float64(72.52), 'acc': 72.52, 'f1': 81.19, 'ndev': 4076, 'ntest': 1725}"
deberta-base,CLS+MAX+AVG-NS_SUM-7-11,"torch.Size([61, 2304])",NORMAL,4,0,12,"{'devacc': np.float64(85.96), 'acc': np.float64(86.15), 'ndev': 10662, 'ntest': 10662}","{'devacc': np.float64(89.94), 'acc': np.float64(89.59), 'ndev': 3775, 'ntest': 3775}","{'devacc': np.float64(94.99), 'acc': np.float64(95.0), 'ndev': 10000, 'ntest': 10000}","{'devacc': np.float64(88.6), 'acc': np.float64(88.96), 'ndev': 10606, 'ntest': 10606}","{'devacc': np.float64(90.02), 'acc': 91.76, 'ndev': 872, 'ntest': 1821}","{'devacc': np.float64(89.18), 'acc': 96.0, 'ndev': 5452, 'ntest': 500}","{'devacc': np.float64(73.45), 'acc': 72.35, 'f1': 80.1, 'ndev': 4076, 'ntest': 1725}"
deberta-base,CLS+MAX+SUM-NS_SUM-7-11,"torch.Size([61, 2304])",NORMAL,4,0,12,"{'devacc': np.float64(86.26), 'acc': np.float64(86.36), 'ndev': 10662, 'ntest': 10662}","{'devacc': np.float64(88.81), 'acc': np.float64(88.5), 'ndev': 3775, 'ntest': 3775}","{'devacc': np.float64(94.85), 'acc': np.float64(94.66), 'ndev': 10000, 'ntest': 10000}","{'devacc': np.float64(88.64), 'acc': np.float64(88.87), 'ndev': 10606, 'ntest': 10606}","{'devacc': np.float64(91.51), 'acc': 92.31, 'ndev': 872, 'ntest': 1821}","{'devacc': np.float64(87.93), 'acc': 95.0, 'ndev': 5452, 'ntest': 500}","{'devacc': np.float64(72.42), 'acc': 72.64, 'f1': 81.43, 'ndev': 4076, 'ntest': 1725}"
deberta-base,CLS+MAX+MAX-NS_SUM-7-11,"torch.Size([61, 2304])",NORMAL,4,0,12,"{'devacc': np.float64(83.8), 'acc': np.float64(84.09), 'ndev': 10662, 'ntest': 10662}","{'devacc': np.float64(67.27), 'acc': np.float64(67.02), 'ndev': 3775, 'ntest': 3775}","{'devacc': np.float64(93.22), 'acc': np.float64(93.64), 'ndev': 10000, 'ntest': 10000}","{'devacc': np.float64(84.79), 'acc': np.float64(84.18), 'ndev': 10606, 'ntest': 10606}","{'devacc': np.float64(88.19), 'acc': 90.55, 'ndev': 872, 'ntest': 1821}","{'devacc': np.float64(87.82), 'acc': 94.2, 'ndev': 5452, 'ntest': 500}","{'devacc': np.float64(71.22), 'acc': 70.03, 'f1': 78.92, 'ndev': 4076, 'ntest': 1725}"
deberta-base,CLS+AVG-NS+SUM-NS_SUM-7-11,"torch.Size([61, 2304])",NORMAL,4,0,12,"{'devacc': np.float64(86.32), 'acc': np.float64(86.44), 'ndev': 10662, 'ntest': 10662}","{'devacc': np.float64(88.62), 'acc': np.float64(88.58), 'ndev': 3775, 'ntest': 3775}","{'devacc': np.float64(94.81), 'acc': np.float64(94.74), 'ndev': 10000, 'ntest': 10000}","{'devacc': np.float64(88.81), 'acc': np.float64(89.28), 'ndev': 10606, 'ntest': 10606}","{'devacc': np.float64(91.4), 'acc': 92.26, 'ndev': 872, 'ntest': 1821}","{'devacc': np.float64(87.4), 'acc': 95.2, 'ndev': 5452, 'ntest': 500}","{'devacc': np.float64(72.2), 'acc': 71.19, 'f1': 80.44, 'ndev': 4076, 'ntest': 1725}"
deberta-base,CLS+AVG-NS+MAX-NS_SUM-7-11,"torch.Size([61, 2304])",NORMAL,4,0,12,"{'devacc': np.float64(85.73), 'acc': np.float64(86.32), 'ndev': 10662, 'ntest': 10662}","{'devacc': np.float64(71.91), 'acc': np.float64(69.98), 'ndev': 3775, 'ntest': 3775}","{'devacc': np.float64(94.93), 'acc': np.float64(94.89), 'ndev': 10000, 'ntest': 10000}","{'devacc': np.float64(58.19), 'acc': np.float64(76.9), 'ndev': 10606, 'ntest': 10606}","{'devacc': np.float64(90.71), 'acc': 91.54, 'ndev': 872, 'ntest': 1821}","{'devacc': np.float64(89.21), 'acc': 95.8, 'ndev': 5452, 'ntest': 500}","{'devacc': np.float64(73.18), 'acc': 72.12, 'f1': 79.78, 'ndev': 4076, 'ntest': 1725}"
deberta-base,CLS+SUM-NS+MAX-NS_SUM-7-11,"torch.Size([61, 2304])",NORMAL,4,0,12,"{'devacc': np.float64(86.22), 'acc': np.float64(86.56), 'ndev': 10662, 'ntest': 10662}","{'devacc': np.float64(82.07), 'acc': np.float64(85.64), 'ndev': 3775, 'ntest': 3775}","{'devacc': np.float64(94.83), 'acc': np.float64(94.72), 'ndev': 10000, 'ntest': 10000}","{'devacc': np.float64(83.75), 'acc': np.float64(78.92), 'ndev': 10606, 'ntest': 10606}","{'devacc': np.float64(91.51), 'acc': 91.98, 'ndev': 872, 'ntest': 1821}","{'devacc': np.float64(87.91), 'acc': 95.0, 'ndev': 5452, 'ntest': 500}","{'devacc': np.float64(72.3), 'acc': 72.7, 'f1': 81.35, 'ndev': 4076, 'ntest': 1725}"
deberta-base,AVG+SUM+MAX_SUM-7-11,"torch.Size([61, 2304])",NORMAL,4,0,12,"{'devacc': np.float64(86.34), 'acc': np.float64(86.42), 'ndev': 10662, 'ntest': 10662}","{'devacc': np.float64(89.08), 'acc': np.float64(88.87), 'ndev': 3775, 'ntest': 3775}","{'devacc': np.float64(94.84), 'acc': np.float64(94.77), 'ndev': 10000, 'ntest': 10000}","{'devacc': np.float64(88.75), 'acc': np.float64(88.88), 'ndev': 10606, 'ntest': 10606}","{'devacc': np.float64(91.97), 'acc': 91.98, 'ndev': 872, 'ntest': 1821}","{'devacc': np.float64(88.0), 'acc': 95.2, 'ndev': 5452, 'ntest': 500}","{'devacc': np.float64(72.3), 'acc': 72.46, 'f1': 81.22, 'ndev': 4076, 'ntest': 1725}"
deberta-base,AVG+SUM+AVG-NS_SUM-7-11,"torch.Size([61, 2304])",NORMAL,4,0,12,"{'devacc': np.float64(86.42), 'acc': np.float64(86.55), 'ndev': 10662, 'ntest': 10662}","{'devacc': np.float64(88.89), 'acc': np.float64(88.74), 'ndev': 3775, 'ntest': 3775}","{'devacc': np.float64(94.78), 'acc': np.float64(94.52), 'ndev': 10000, 'ntest': 10000}","{'devacc': np.float64(88.88), 'acc': np.float64(89.31), 'ndev': 10606, 'ntest': 10606}","{'devacc': np.float64(91.74), 'acc': 92.15, 'ndev': 872, 'ntest': 1821}","{'devacc': np.float64(87.49), 'acc': 95.6, 'ndev': 5452, 'ntest': 500}","{'devacc': np.float64(72.65), 'acc': 73.33, 'f1': 81.73, 'ndev': 4076, 'ntest': 1725}"
deberta-base,AVG+SUM+SUM-NS_SUM-7-11,"torch.Size([61, 2304])",NORMAL,4,0,12,"{'devacc': np.float64(86.33), 'acc': np.float64(86.43), 'ndev': 10662, 'ntest': 10662}","{'devacc': np.float64(88.71), 'acc': np.float64(88.58), 'ndev': 3775, 'ntest': 3775}","{'devacc': np.float64(94.79), 'acc': np.float64(94.67), 'ndev': 10000, 'ntest': 10000}","{'devacc': np.float64(89.0), 'acc': np.float64(89.35), 'ndev': 10606, 'ntest': 10606}","{'devacc': np.float64(91.51), 'acc': 91.87, 'ndev': 872, 'ntest': 1821}","{'devacc': np.float64(87.56), 'acc': 95.8, 'ndev': 5452, 'ntest': 500}","{'devacc': np.float64(72.99), 'acc': 72.75, 'f1': 81.17, 'ndev': 4076, 'ntest': 1725}"
deberta-base,AVG+SUM+MAX-NS_SUM-7-11,"torch.Size([61, 2304])",NORMAL,4,0,12,"{'devacc': np.float64(86.38), 'acc': np.float64(86.49), 'ndev': 10662, 'ntest': 10662}","{'devacc': np.float64(81.95), 'acc': np.float64(85.24), 'ndev': 3775, 'ntest': 3775}","{'devacc': np.float64(94.87), 'acc': np.float64(94.72), 'ndev': 10000, 'ntest': 10000}","{'devacc': np.float64(80.02), 'acc': np.float64(85.6), 'ndev': 10606, 'ntest': 10606}","{'devacc': np.float64(91.97), 'acc': 92.04, 'ndev': 872, 'ntest': 1821}","{'devacc': np.float64(88.02), 'acc': 94.8, 'ndev': 5452, 'ntest': 500}","{'devacc': np.float64(72.5), 'acc': 73.74, 'f1': 82.09, 'ndev': 4076, 'ntest': 1725}"
deberta-base,AVG+MAX+AVG-NS_SUM-7-11,"torch.Size([61, 2304])",NORMAL,4,0,12,"{'devacc': np.float64(85.95), 'acc': np.float64(86.2), 'ndev': 10662, 'ntest': 10662}","{'devacc': np.float64(90.27), 'acc': np.float64(90.17), 'ndev': 3775, 'ntest': 3775}","{'devacc': np.float64(95.12), 'acc': np.float64(95.12), 'ndev': 10000, 'ntest': 10000}","{'devacc': np.float64(88.56), 'acc': np.float64(89.12), 'ndev': 10606, 'ntest': 10606}","{'devacc': np.float64(90.48), 'acc': 91.93, 'ndev': 872, 'ntest': 1821}","{'devacc': np.float64(89.22), 'acc': 95.6, 'ndev': 5452, 'ntest': 500}","{'devacc': np.float64(74.31), 'acc': 73.57, 'f1': 81.06, 'ndev': 4076, 'ntest': 1725}"
deberta-base,AVG+MAX+SUM-NS_SUM-7-11,"torch.Size([61, 2304])",NORMAL,4,0,12,"{'devacc': np.float64(86.29), 'acc': np.float64(86.45), 'ndev': 10662, 'ntest': 10662}","{'devacc': np.float64(88.81), 'acc': np.float64(88.72), 'ndev': 3775, 'ntest': 3775}","{'devacc': np.float64(94.86), 'acc': np.float64(94.67), 'ndev': 10000, 'ntest': 10000}","{'devacc': np.float64(88.6), 'acc': np.float64(88.78), 'ndev': 10606, 'ntest': 10606}","{'devacc': np.float64(91.86), 'acc': 92.15, 'ndev': 872, 'ntest': 1821}","{'devacc': np.float64(87.95), 'acc': 95.4, 'ndev': 5452, 'ntest': 500}","{'devacc': np.float64(72.13), 'acc': 72.12, 'f1': 81.25, 'ndev': 4076, 'ntest': 1725}"
deberta-base,AVG+MAX+MAX-NS_SUM-7-11,"torch.Size([61, 2304])",NORMAL,4,0,12,"{'devacc': np.float64(85.42), 'acc': np.float64(85.77), 'ndev': 10662, 'ntest': 10662}","{'devacc': np.float64(67.88), 'acc': np.float64(67.39), 'ndev': 3775, 'ntest': 3775}","{'devacc': np.float64(94.45), 'acc': np.float64(94.45), 'ndev': 10000, 'ntest': 10000}","{'devacc': np.float64(84.72), 'acc': np.float64(88.99), 'ndev': 10606, 'ntest': 10606}","{'devacc': np.float64(91.63), 'acc': 92.09, 'ndev': 872, 'ntest': 1821}","{'devacc': np.float64(88.52), 'acc': 94.8, 'ndev': 5452, 'ntest': 500}","{'devacc': np.float64(72.45), 'acc': 71.77, 'f1': 79.32, 'ndev': 4076, 'ntest': 1725}"
deberta-base,AVG+AVG-NS+SUM-NS_SUM-7-11,"torch.Size([61, 2304])",NORMAL,4,0,12,"{'devacc': np.float64(86.31), 'acc': np.float64(86.49), 'ndev': 10662, 'ntest': 10662}","{'devacc': np.float64(88.65), 'acc': np.float64(88.48), 'ndev': 3775, 'ntest': 3775}","{'devacc': np.float64(94.82), 'acc': np.float64(94.68), 'ndev': 10000, 'ntest': 10000}","{'devacc': np.float64(88.78), 'acc': np.float64(89.25), 'ndev': 10606, 'ntest': 10606}","{'devacc': np.float64(91.86), 'acc': 92.37, 'ndev': 872, 'ntest': 1821}","{'devacc': np.float64(87.58), 'acc': 95.2, 'ndev': 5452, 'ntest': 500}","{'devacc': np.float64(72.18), 'acc': 72.81, 'f1': 81.53, 'ndev': 4076, 'ntest': 1725}"
deberta-base,AVG+AVG-NS+MAX-NS_SUM-7-11,"torch.Size([61, 2304])",NORMAL,4,0,12,"{'devacc': np.float64(85.6), 'acc': np.float64(86.21), 'ndev': 10662, 'ntest': 10662}","{'devacc': np.float64(66.93), 'acc': np.float64(66.28), 'ndev': 3775, 'ntest': 3775}","{'devacc': np.float64(95.13), 'acc': np.float64(95.07), 'ndev': 10000, 'ntest': 10000}","{'devacc': np.float64(58.23), 'acc': np.float64(49.46), 'ndev': 10606, 'ntest': 10606}","{'devacc': np.float64(90.6), 'acc': 92.15, 'ndev': 872, 'ntest': 1821}","{'devacc': np.float64(89.23), 'acc': 96.2, 'ndev': 5452, 'ntest': 500}","{'devacc': np.float64(73.89), 'acc': 72.58, 'f1': 80.03, 'ndev': 4076, 'ntest': 1725}"
deberta-base,AVG+SUM-NS+MAX-NS_SUM-7-11,"torch.Size([61, 2304])",NORMAL,4,0,12,"{'devacc': np.float64(86.23), 'acc': np.float64(86.48), 'ndev': 10662, 'ntest': 10662}","{'devacc': np.float64(81.58), 'acc': np.float64(83.4), 'ndev': 3775, 'ntest': 3775}","{'devacc': np.float64(94.83), 'acc': np.float64(94.64), 'ndev': 10000, 'ntest': 10000}","{'devacc': np.float64(83.12), 'acc': np.float64(72.83), 'ndev': 10606, 'ntest': 10606}","{'devacc': np.float64(91.28), 'acc': 92.04, 'ndev': 872, 'ntest': 1821}","{'devacc': np.float64(87.73), 'acc': 95.4, 'ndev': 5452, 'ntest': 500}","{'devacc': np.float64(72.3), 'acc': 72.46, 'f1': 81.28, 'ndev': 4076, 'ntest': 1725}"
deberta-base,SUM+MAX+AVG-NS_SUM-7-11,"torch.Size([61, 2304])",NORMAL,4,0,12,"{'devacc': np.float64(86.3), 'acc': np.float64(86.28), 'ndev': 10662, 'ntest': 10662}","{'devacc': np.float64(89.08), 'acc': np.float64(88.74), 'ndev': 3775, 'ntest': 3775}","{'devacc': np.float64(94.84), 'acc': np.float64(94.76), 'ndev': 10000, 'ntest': 10000}","{'devacc': np.float64(88.6), 'acc': np.float64(89.1), 'ndev': 10606, 'ntest': 10606}","{'devacc': np.float64(92.09), 'acc': 92.42, 'ndev': 872, 'ntest': 1821}","{'devacc': np.float64(87.77), 'acc': 94.6, 'ndev': 5452, 'ntest': 500}","{'devacc': np.float64(72.35), 'acc': 73.16, 'f1': 81.82, 'ndev': 4076, 'ntest': 1725}"
deberta-base,SUM+MAX+SUM-NS_SUM-7-11,"torch.Size([61, 2304])",NORMAL,4,0,12,"{'devacc': np.float64(86.28), 'acc': np.float64(86.51), 'ndev': 10662, 'ntest': 10662}","{'devacc': np.float64(88.82), 'acc': np.float64(88.61), 'ndev': 3775, 'ntest': 3775}","{'devacc': np.float64(94.83), 'acc': np.float64(94.67), 'ndev': 10000, 'ntest': 10000}","{'devacc': np.float64(88.76), 'acc': np.float64(89.1), 'ndev': 10606, 'ntest': 10606}","{'devacc': np.float64(91.74), 'acc': 91.87, 'ndev': 872, 'ntest': 1821}","{'devacc': np.float64(87.84), 'acc': 95.4, 'ndev': 5452, 'ntest': 500}","{'devacc': np.float64(72.82), 'acc': 72.58, 'f1': 80.81, 'ndev': 4076, 'ntest': 1725}"
deberta-base,SUM+MAX+MAX-NS_SUM-7-11,"torch.Size([61, 2304])",NORMAL,4,0,12,"{'devacc': np.float64(86.26), 'acc': np.float64(86.3), 'ndev': 10662, 'ntest': 10662}","{'devacc': np.float64(84.03), 'acc': np.float64(82.03), 'ndev': 3775, 'ntest': 3775}","{'devacc': np.float64(94.89), 'acc': np.float64(94.79), 'ndev': 10000, 'ntest': 10000}","{'devacc': np.float64(83.1), 'acc': np.float64(72.85), 'ndev': 10606, 'ntest': 10606}","{'devacc': np.float64(91.63), 'acc': 92.04, 'ndev': 872, 'ntest': 1821}","{'devacc': np.float64(88.0), 'acc': 94.6, 'ndev': 5452, 'ntest': 500}","{'devacc': np.float64(72.4), 'acc': 73.39, 'f1': 81.89, 'ndev': 4076, 'ntest': 1725}"
deberta-base,SUM+AVG-NS+SUM-NS_SUM-7-11,"torch.Size([61, 2304])",NORMAL,4,0,12,"{'devacc': np.float64(86.33), 'acc': np.float64(86.46), 'ndev': 10662, 'ntest': 10662}","{'devacc': np.float64(88.77), 'acc': np.float64(88.37), 'ndev': 3775, 'ntest': 3775}","{'devacc': np.float64(94.81), 'acc': np.float64(94.68), 'ndev': 10000, 'ntest': 10000}","{'devacc': np.float64(88.85), 'acc': np.float64(89.24), 'ndev': 10606, 'ntest': 10606}","{'devacc': np.float64(91.28), 'acc': 91.82, 'ndev': 872, 'ntest': 1821}","{'devacc': np.float64(87.58), 'acc': 95.6, 'ndev': 5452, 'ntest': 500}","{'devacc': np.float64(73.01), 'acc': 72.93, 'f1': 81.24, 'ndev': 4076, 'ntest': 1725}"
deberta-base,SUM+AVG-NS+MAX-NS_SUM-7-11,"torch.Size([61, 2304])",NORMAL,4,0,12,"{'devacc': np.float64(86.34), 'acc': np.float64(86.55), 'ndev': 10662, 'ntest': 10662}","{'devacc': np.float64(83.21), 'acc': np.float64(83.76), 'ndev': 3775, 'ntest': 3775}","{'devacc': np.float64(94.85), 'acc': np.float64(94.59), 'ndev': 10000, 'ntest': 10000}","{'devacc': np.float64(83.32), 'acc': np.float64(85.18), 'ndev': 10606, 'ntest': 10606}","{'devacc': np.float64(91.86), 'acc': 92.2, 'ndev': 872, 'ntest': 1821}","{'devacc': np.float64(87.93), 'acc': 95.4, 'ndev': 5452, 'ntest': 500}","{'devacc': np.float64(72.4), 'acc': 72.75, 'f1': 81.33, 'ndev': 4076, 'ntest': 1725}"
deberta-base,SUM+SUM-NS+MAX-NS_SUM-7-11,"torch.Size([61, 2304])",NORMAL,4,0,12,"{'devacc': np.float64(86.27), 'acc': np.float64(86.4), 'ndev': 10662, 'ntest': 10662}","{'devacc': np.float64(86.76), 'acc': np.float64(86.46), 'ndev': 3775, 'ntest': 3775}","{'devacc': np.float64(94.82), 'acc': np.float64(94.69), 'ndev': 10000, 'ntest': 10000}","{'devacc': np.float64(88.33), 'acc': np.float64(89.01), 'ndev': 10606, 'ntest': 10606}","{'devacc': np.float64(91.51), 'acc': 91.87, 'ndev': 872, 'ntest': 1821}","{'devacc': np.float64(87.69), 'acc': 94.8, 'ndev': 5452, 'ntest': 500}","{'devacc': np.float64(72.96), 'acc': 73.1, 'f1': 81.12, 'ndev': 4076, 'ntest': 1725}"
deberta-base,MAX+AVG-NS+SUM-NS_SUM-7-11,"torch.Size([61, 2304])",NORMAL,4,0,12,"{'devacc': np.float64(86.26), 'acc': np.float64(86.52), 'ndev': 10662, 'ntest': 10662}","{'devacc': np.float64(88.83), 'acc': np.float64(88.34), 'ndev': 3775, 'ntest': 3775}","{'devacc': np.float64(94.86), 'acc': np.float64(94.48), 'ndev': 10000, 'ntest': 10000}","{'devacc': np.float64(88.5), 'acc': np.float64(88.98), 'ndev': 10606, 'ntest': 10606}","{'devacc': np.float64(92.09), 'acc': 92.31, 'ndev': 872, 'ntest': 1821}","{'devacc': np.float64(87.82), 'acc': 95.0, 'ndev': 5452, 'ntest': 500}","{'devacc': np.float64(72.4), 'acc': 71.83, 'f1': 80.85, 'ndev': 4076, 'ntest': 1725}"
deberta-base,MAX+AVG-NS+MAX-NS_SUM-7-11,"torch.Size([61, 2304])",NORMAL,4,0,12,"{'devacc': np.float64(85.38), 'acc': np.float64(85.52), 'ndev': 10662, 'ntest': 10662}","{'devacc': np.float64(70.51), 'acc': np.float64(66.06), 'ndev': 3775, 'ntest': 3775}","{'devacc': np.float64(94.53), 'acc': np.float64(94.44), 'ndev': 10000, 'ntest': 10000}","{'devacc': np.float64(80.28), 'acc': np.float64(86.27), 'ndev': 10606, 'ntest': 10606}","{'devacc': np.float64(90.25), 'acc': 91.93, 'ndev': 872, 'ntest': 1821}","{'devacc': np.float64(88.77), 'acc': 95.4, 'ndev': 5452, 'ntest': 500}","{'devacc': np.float64(72.72), 'acc': 71.65, 'f1': 79.62, 'ndev': 4076, 'ntest': 1725}"
deberta-base,MAX+SUM-NS+MAX-NS_SUM-7-11,"torch.Size([61, 2304])",NORMAL,4,0,12,"{'devacc': np.float64(86.24), 'acc': np.float64(86.51), 'ndev': 10662, 'ntest': 10662}","{'devacc': np.float64(83.92), 'acc': np.float64(81.56), 'ndev': 3775, 'ntest': 3775}","{'devacc': np.float64(94.9), 'acc': np.float64(94.73), 'ndev': 10000, 'ntest': 10000}","{'devacc': np.float64(84.08), 'acc': np.float64(81.64), 'ndev': 10606, 'ntest': 10606}","{'devacc': np.float64(91.17), 'acc': 92.09, 'ndev': 872, 'ntest': 1821}","{'devacc': np.float64(87.93), 'acc': 94.8, 'ndev': 5452, 'ntest': 500}","{'devacc': np.float64(72.01), 'acc': 72.17, 'f1': 81.06, 'ndev': 4076, 'ntest': 1725}"
deberta-base,AVG-NS+SUM-NS+MAX-NS_SUM-7-11,"torch.Size([61, 2304])",NORMAL,4,0,12,"{'devacc': np.float64(86.25), 'acc': np.float64(86.64), 'ndev': 10662, 'ntest': 10662}","{'devacc': np.float64(82.38), 'acc': np.float64(85.28), 'ndev': 3775, 'ntest': 3775}","{'devacc': np.float64(94.85), 'acc': np.float64(94.7), 'ndev': 10000, 'ntest': 10000}","{'devacc': np.float64(77.98), 'acc': np.float64(74.68), 'ndev': 10606, 'ntest': 10606}","{'devacc': np.float64(92.09), 'acc': 92.26, 'ndev': 872, 'ntest': 1821}","{'devacc': np.float64(87.88), 'acc': 95.2, 'ndev': 5452, 'ntest': 500}","{'devacc': np.float64(71.91), 'acc': 72.17, 'f1': 81.55, 'ndev': 4076, 'ntest': 1725}"
deberta-base,CLS+AVG+SUM_SUM-8-12,"torch.Size([61, 2304])",NORMAL,4,0,12,"{'devacc': np.float64(86.75), 'acc': np.float64(86.86), 'ndev': 10662, 'ntest': 10662}","{'devacc': np.float64(89.28), 'acc': np.float64(89.96), 'ndev': 3775, 'ntest': 3775}","{'devacc': np.float64(95.23), 'acc': np.float64(95.04), 'ndev': 10000, 'ntest': 10000}","{'devacc': np.float64(89.16), 'acc': np.float64(89.35), 'ndev': 10606, 'ntest': 10606}","{'devacc': np.float64(91.97), 'acc': 91.6, 'ndev': 872, 'ntest': 1821}","{'devacc': np.float64(87.14), 'acc': 95.0, 'ndev': 5452, 'ntest': 500}","{'devacc': np.float64(70.68), 'acc': 69.33, 'f1': 80.11, 'ndev': 4076, 'ntest': 1725}"
deberta-base,CLS+AVG+MAX_SUM-8-12,"torch.Size([61, 2304])",NORMAL,4,0,12,"{'devacc': np.float64(85.64), 'acc': np.float64(86.01), 'ndev': 10662, 'ntest': 10662}","{'devacc': np.float64(89.71), 'acc': np.float64(89.72), 'ndev': 3775, 'ntest': 3775}","{'devacc': np.float64(94.94), 'acc': np.float64(95.04), 'ndev': 10000, 'ntest': 10000}","{'devacc': np.float64(89.28), 'acc': np.float64(89.39), 'ndev': 10606, 'ntest': 10606}","{'devacc': np.float64(91.51), 'acc': 92.26, 'ndev': 872, 'ntest': 1821}","{'devacc': np.float64(87.77), 'acc': 94.2, 'ndev': 5452, 'ntest': 500}","{'devacc': np.float64(70.95), 'acc': 70.03, 'f1': 79.08, 'ndev': 4076, 'ntest': 1725}"
deberta-base,CLS+AVG+AVG-NS_SUM-8-12,"torch.Size([61, 2304])",NORMAL,4,0,12,"{'devacc': np.float64(86.98), 'acc': np.float64(87.06), 'ndev': 10662, 'ntest': 10662}","{'devacc': np.float64(90.11), 'acc': np.float64(90.57), 'ndev': 3775, 'ntest': 3775}","{'devacc': np.float64(95.71), 'acc': np.float64(95.68), 'ndev': 10000, 'ntest': 10000}","{'devacc': np.float64(89.48), 'acc': np.float64(89.75), 'ndev': 10606, 'ntest': 10606}","{'devacc': np.float64(91.28), 'acc': 92.75, 'ndev': 872, 'ntest': 1821}","{'devacc': np.float64(87.03), 'acc': 95.8, 'ndev': 5452, 'ntest': 500}","{'devacc': np.float64(74.48), 'acc': 73.04, 'f1': 81.14, 'ndev': 4076, 'ntest': 1725}"
deberta-base,CLS+AVG+SUM-NS_SUM-8-12,"torch.Size([61, 2304])",NORMAL,4,0,12,"{'devacc': np.float64(86.72), 'acc': np.float64(86.72), 'ndev': 10662, 'ntest': 10662}","{'devacc': np.float64(89.25), 'acc': np.float64(89.64), 'ndev': 3775, 'ntest': 3775}","{'devacc': np.float64(95.19), 'acc': np.float64(94.92), 'ndev': 10000, 'ntest': 10000}","{'devacc': np.float64(89.15), 'acc': np.float64(89.25), 'ndev': 10606, 'ntest': 10606}","{'devacc': np.float64(91.86), 'acc': 91.71, 'ndev': 872, 'ntest': 1821}","{'devacc': np.float64(87.18), 'acc': 95.6, 'ndev': 5452, 'ntest': 500}","{'devacc': np.float64(70.83), 'acc': 69.86, 'f1': 80.2, 'ndev': 4076, 'ntest': 1725}"
deberta-base,CLS+AVG+MAX-NS_SUM-8-12,"torch.Size([61, 2304])",NORMAL,4,0,12,"{'devacc': np.float64(85.7), 'acc': np.float64(86.05), 'ndev': 10662, 'ntest': 10662}","{'devacc': np.float64(71.8), 'acc': np.float64(68.66), 'ndev': 3775, 'ntest': 3775}","{'devacc': np.float64(94.94), 'acc': np.float64(95.19), 'ndev': 10000, 'ntest': 10000}","{'devacc': np.float64(78.93), 'acc': np.float64(73.04), 'ndev': 10606, 'ntest': 10606}","{'devacc': np.float64(91.74), 'acc': 91.65, 'ndev': 872, 'ntest': 1821}","{'devacc': np.float64(87.8), 'acc': 94.8, 'ndev': 5452, 'ntest': 500}","{'devacc': np.float64(71.0), 'acc': 69.57, 'f1': 78.96, 'ndev': 4076, 'ntest': 1725}"
deberta-base,CLS+SUM+MAX_SUM-8-12,"torch.Size([61, 2304])",NORMAL,4,0,12,"{'devacc': np.float64(86.76), 'acc': np.float64(86.83), 'ndev': 10662, 'ntest': 10662}","{'devacc': np.float64(89.31), 'acc': np.float64(89.51), 'ndev': 3775, 'ntest': 3775}","{'devacc': np.float64(95.12), 'acc': np.float64(94.9), 'ndev': 10000, 'ntest': 10000}","{'devacc': np.float64(89.13), 'acc': np.float64(89.27), 'ndev': 10606, 'ntest': 10606}","{'devacc': np.float64(92.09), 'acc': 91.82, 'ndev': 872, 'ntest': 1821}","{'devacc': np.float64(87.22), 'acc': 95.6, 'ndev': 5452, 'ntest': 500}","{'devacc': np.float64(70.49), 'acc': 69.62, 'f1': 80.15, 'ndev': 4076, 'ntest': 1725}"
deberta-base,CLS+SUM+AVG-NS_SUM-8-12,"torch.Size([61, 2304])",NORMAL,4,0,12,"{'devacc': np.float64(86.78), 'acc': np.float64(86.87), 'ndev': 10662, 'ntest': 10662}","{'devacc': np.float64(89.28), 'acc': np.float64(89.8), 'ndev': 3775, 'ntest': 3775}","{'devacc': np.float64(95.24), 'acc': np.float64(95.06), 'ndev': 10000, 'ntest': 10000}","{'devacc': np.float64(89.22), 'acc': np.float64(89.42), 'ndev': 10606, 'ntest': 10606}","{'devacc': np.float64(92.09), 'acc': 91.98, 'ndev': 872, 'ntest': 1821}","{'devacc': np.float64(87.16), 'acc': 95.6, 'ndev': 5452, 'ntest': 500}","{'devacc': np.float64(70.81), 'acc': 69.8, 'f1': 80.29, 'ndev': 4076, 'ntest': 1725}"
deberta-base,CLS+SUM+SUM-NS_SUM-8-12,"torch.Size([61, 2304])",NORMAL,4,0,12,"{'devacc': np.float64(86.71), 'acc': np.float64(86.87), 'ndev': 10662, 'ntest': 10662}","{'devacc': np.float64(89.35), 'acc': np.float64(89.75), 'ndev': 3775, 'ntest': 3775}","{'devacc': np.float64(95.13), 'acc': np.float64(94.99), 'ndev': 10000, 'ntest': 10000}","{'devacc': np.float64(89.12), 'acc': np.float64(89.31), 'ndev': 10606, 'ntest': 10606}","{'devacc': np.float64(92.09), 'acc': 91.82, 'ndev': 872, 'ntest': 1821}","{'devacc': np.float64(86.89), 'acc': 95.0, 'ndev': 5452, 'ntest': 500}","{'devacc': np.float64(70.24), 'acc': 68.7, 'f1': 79.79, 'ndev': 4076, 'ntest': 1725}"
deberta-base,CLS+SUM+MAX-NS_SUM-8-12,"torch.Size([61, 2304])",NORMAL,4,0,12,"{'devacc': np.float64(86.68), 'acc': np.float64(86.67), 'ndev': 10662, 'ntest': 10662}","{'devacc': np.float64(82.85), 'acc': np.float64(78.4), 'ndev': 3775, 'ntest': 3775}","{'devacc': np.float64(95.14), 'acc': np.float64(94.93), 'ndev': 10000, 'ntest': 10000}","{'devacc': np.float64(83.7), 'acc': np.float64(88.86), 'ndev': 10606, 'ntest': 10606}","{'devacc': np.float64(91.97), 'acc': 92.04, 'ndev': 872, 'ntest': 1821}","{'devacc': np.float64(87.34), 'acc': 95.0, 'ndev': 5452, 'ntest': 500}","{'devacc': np.float64(70.85), 'acc': 69.33, 'f1': 79.89, 'ndev': 4076, 'ntest': 1725}"
deberta-base,CLS+MAX+AVG-NS_SUM-8-12,"torch.Size([61, 2304])",NORMAL,4,0,12,"{'devacc': np.float64(85.69), 'acc': np.float64(85.88), 'ndev': 10662, 'ntest': 10662}","{'devacc': np.float64(89.92), 'acc': np.float64(89.54), 'ndev': 3775, 'ntest': 3775}","{'devacc': np.float64(95.08), 'acc': np.float64(95.2), 'ndev': 10000, 'ntest': 10000}","{'devacc': np.float64(88.86), 'acc': np.float64(89.01), 'ndev': 10606, 'ntest': 10606}","{'devacc': np.float64(90.71), 'acc': 91.82, 'ndev': 872, 'ntest': 1821}","{'devacc': np.float64(88.15), 'acc': 95.4, 'ndev': 5452, 'ntest': 500}","{'devacc': np.float64(71.61), 'acc': 70.72, 'f1': 79.87, 'ndev': 4076, 'ntest': 1725}"
deberta-base,CLS+MAX+SUM-NS_SUM-8-12,"torch.Size([61, 2304])",NORMAL,4,0,12,"{'devacc': np.float64(86.68), 'acc': np.float64(86.94), 'ndev': 10662, 'ntest': 10662}","{'devacc': np.float64(89.13), 'acc': np.float64(89.35), 'ndev': 3775, 'ntest': 3775}","{'devacc': np.float64(95.1), 'acc': np.float64(94.81), 'ndev': 10000, 'ntest': 10000}","{'devacc': np.float64(89.02), 'acc': np.float64(89.16), 'ndev': 10606, 'ntest': 10606}","{'devacc': np.float64(91.51), 'acc': 91.71, 'ndev': 872, 'ntest': 1821}","{'devacc': np.float64(87.2), 'acc': 95.0, 'ndev': 5452, 'ntest': 500}","{'devacc': np.float64(70.58), 'acc': 69.91, 'f1': 80.33, 'ndev': 4076, 'ntest': 1725}"
deberta-base,CLS+MAX+MAX-NS_SUM-8-12,"torch.Size([61, 2304])",NORMAL,4,0,12,"{'devacc': np.float64(83.71), 'acc': np.float64(83.73), 'ndev': 10662, 'ntest': 10662}","{'devacc': np.float64(66.83), 'acc': np.float64(65.9), 'ndev': 3775, 'ntest': 3775}","{'devacc': np.float64(93.29), 'acc': np.float64(93.66), 'ndev': 10000, 'ntest': 10000}","{'devacc': np.float64(81.43), 'acc': np.float64(84.93), 'ndev': 10606, 'ntest': 10606}","{'devacc': np.float64(88.07), 'acc': 89.9, 'ndev': 872, 'ntest': 1821}","{'devacc': np.float64(86.61), 'acc': 95.0, 'ndev': 5452, 'ntest': 500}","{'devacc': np.float64(70.75), 'acc': 68.7, 'f1': 77.96, 'ndev': 4076, 'ntest': 1725}"
deberta-base,CLS+AVG-NS+SUM-NS_SUM-8-12,"torch.Size([61, 2304])",NORMAL,4,0,12,"{'devacc': np.float64(86.72), 'acc': np.float64(87.0), 'ndev': 10662, 'ntest': 10662}","{'devacc': np.float64(89.25), 'acc': np.float64(89.7), 'ndev': 3775, 'ntest': 3775}","{'devacc': np.float64(95.15), 'acc': np.float64(94.87), 'ndev': 10000, 'ntest': 10000}","{'devacc': np.float64(89.18), 'acc': np.float64(89.24), 'ndev': 10606, 'ntest': 10606}","{'devacc': np.float64(92.32), 'acc': 92.09, 'ndev': 872, 'ntest': 1821}","{'devacc': np.float64(86.96), 'acc': 95.4, 'ndev': 5452, 'ntest': 500}","{'devacc': np.float64(70.71), 'acc': 69.22, 'f1': 79.89, 'ndev': 4076, 'ntest': 1725}"
deberta-base,CLS+AVG-NS+MAX-NS_SUM-8-12,"torch.Size([61, 2304])",NORMAL,4,0,12,"{'devacc': np.float64(85.62), 'acc': np.float64(85.81), 'ndev': 10662, 'ntest': 10662}","{'devacc': np.float64(67.07), 'acc': np.float64(66.14), 'ndev': 3775, 'ntest': 3775}","{'devacc': np.float64(95.04), 'acc': np.float64(95.27), 'ndev': 10000, 'ntest': 10000}","{'devacc': np.float64(84.13), 'acc': np.float64(84.04), 'ndev': 10606, 'ntest': 10606}","{'devacc': np.float64(91.28), 'acc': 91.49, 'ndev': 872, 'ntest': 1821}","{'devacc': np.float64(88.06), 'acc': 94.6, 'ndev': 5452, 'ntest': 500}","{'devacc': np.float64(71.15), 'acc': 70.72, 'f1': 79.63, 'ndev': 4076, 'ntest': 1725}"
deberta-base,CLS+SUM-NS+MAX-NS_SUM-8-12,"torch.Size([61, 2304])",NORMAL,4,0,12,"{'devacc': np.float64(86.65), 'acc': np.float64(86.94), 'ndev': 10662, 'ntest': 10662}","{'devacc': np.float64(81.67), 'acc': np.float64(82.15), 'ndev': 3775, 'ntest': 3775}","{'devacc': np.float64(95.07), 'acc': np.float64(94.86), 'ndev': 10000, 'ntest': 10000}","{'devacc': np.float64(86.19), 'acc': np.float64(72.95), 'ndev': 10606, 'ntest': 10606}","{'devacc': np.float64(91.4), 'acc': 91.6, 'ndev': 872, 'ntest': 1821}","{'devacc': np.float64(87.22), 'acc': 95.4, 'ndev': 5452, 'ntest': 500}","{'devacc': np.float64(70.56), 'acc': 70.2, 'f1': 80.19, 'ndev': 4076, 'ntest': 1725}"
deberta-base,AVG+SUM+MAX_SUM-8-12,"torch.Size([61, 2304])",NORMAL,4,0,12,"{'devacc': np.float64(86.74), 'acc': np.float64(86.86), 'ndev': 10662, 'ntest': 10662}","{'devacc': np.float64(89.48), 'acc': np.float64(89.59), 'ndev': 3775, 'ntest': 3775}","{'devacc': np.float64(95.12), 'acc': np.float64(95.08), 'ndev': 10000, 'ntest': 10000}","{'devacc': np.float64(89.21), 'acc': np.float64(89.27), 'ndev': 10606, 'ntest': 10606}","{'devacc': np.float64(92.09), 'acc': 92.09, 'ndev': 872, 'ntest': 1821}","{'devacc': np.float64(87.22), 'acc': 95.4, 'ndev': 5452, 'ntest': 500}","{'devacc': np.float64(71.03), 'acc': 69.51, 'f1': 80.34, 'ndev': 4076, 'ntest': 1725}"
deberta-base,AVG+SUM+AVG-NS_SUM-8-12,"torch.Size([61, 2304])",NORMAL,4,0,12,"{'devacc': np.float64(86.79), 'acc': np.float64(86.78), 'ndev': 10662, 'ntest': 10662}","{'devacc': np.float64(89.3), 'acc': np.float64(89.85), 'ndev': 3775, 'ntest': 3775}","{'devacc': np.float64(95.17), 'acc': np.float64(95.02), 'ndev': 10000, 'ntest': 10000}","{'devacc': np.float64(89.2), 'acc': np.float64(89.33), 'ndev': 10606, 'ntest': 10606}","{'devacc': np.float64(91.86), 'acc': 91.93, 'ndev': 872, 'ntest': 1821}","{'devacc': np.float64(86.9), 'acc': 95.4, 'ndev': 5452, 'ntest': 500}","{'devacc': np.float64(70.76), 'acc': 69.91, 'f1': 80.09, 'ndev': 4076, 'ntest': 1725}"
deberta-base,AVG+SUM+SUM-NS_SUM-8-12,"torch.Size([61, 2304])",NORMAL,4,0,12,"{'devacc': np.float64(86.7), 'acc': np.float64(86.78), 'ndev': 10662, 'ntest': 10662}","{'devacc': np.float64(89.4), 'acc': np.float64(90.09), 'ndev': 3775, 'ntest': 3775}","{'devacc': np.float64(95.11), 'acc': np.float64(95.05), 'ndev': 10000, 'ntest': 10000}","{'devacc': np.float64(89.08), 'acc': np.float64(89.36), 'ndev': 10606, 'ntest': 10606}","{'devacc': np.float64(91.97), 'acc': 92.2, 'ndev': 872, 'ntest': 1821}","{'devacc': np.float64(87.11), 'acc': 95.6, 'ndev': 5452, 'ntest': 500}","{'devacc': np.float64(70.29), 'acc': 69.28, 'f1': 80.11, 'ndev': 4076, 'ntest': 1725}"
deberta-base,AVG+SUM+MAX-NS_SUM-8-12,"torch.Size([61, 2304])",NORMAL,4,0,12,"{'devacc': np.float64(86.66), 'acc': np.float64(86.76), 'ndev': 10662, 'ntest': 10662}","{'devacc': np.float64(80.5), 'acc': np.float64(77.72), 'ndev': 3775, 'ntest': 3775}","{'devacc': np.float64(95.15), 'acc': np.float64(95.07), 'ndev': 10000, 'ntest': 10000}","{'devacc': np.float64(83.3), 'acc': np.float64(84.08), 'ndev': 10606, 'ntest': 10606}","{'devacc': np.float64(92.09), 'acc': 92.09, 'ndev': 872, 'ntest': 1821}","{'devacc': np.float64(87.12), 'acc': 95.2, 'ndev': 5452, 'ntest': 500}","{'devacc': np.float64(70.83), 'acc': 69.86, 'f1': 80.57, 'ndev': 4076, 'ntest': 1725}"
deberta-base,AVG+MAX+AVG-NS_SUM-8-12,"torch.Size([61, 2304])",NORMAL,4,0,12,"{'devacc': np.float64(85.78), 'acc': np.float64(85.67), 'ndev': 10662, 'ntest': 10662}","{'devacc': np.float64(90.32), 'acc': np.float64(89.93), 'ndev': 3775, 'ntest': 3775}","{'devacc': np.float64(95.16), 'acc': np.float64(95.4), 'ndev': 10000, 'ntest': 10000}","{'devacc': np.float64(88.85), 'acc': np.float64(88.85), 'ndev': 10606, 'ntest': 10606}","{'devacc': np.float64(91.28), 'acc': 92.2, 'ndev': 872, 'ntest': 1821}","{'devacc': np.float64(88.52), 'acc': 95.2, 'ndev': 5452, 'ntest': 500}","{'devacc': np.float64(71.52), 'acc': 70.38, 'f1': 79.7, 'ndev': 4076, 'ntest': 1725}"
deberta-base,AVG+MAX+SUM-NS_SUM-8-12,"torch.Size([61, 2304])",NORMAL,4,0,12,"{'devacc': np.float64(86.68), 'acc': np.float64(86.83), 'ndev': 10662, 'ntest': 10662}","{'devacc': np.float64(89.15), 'acc': np.float64(89.19), 'ndev': 3775, 'ntest': 3775}","{'devacc': np.float64(95.06), 'acc': np.float64(94.9), 'ndev': 10000, 'ntest': 10000}","{'devacc': np.float64(89.07), 'acc': np.float64(88.91), 'ndev': 10606, 'ntest': 10606}","{'devacc': np.float64(91.74), 'acc': 91.93, 'ndev': 872, 'ntest': 1821}","{'devacc': np.float64(87.23), 'acc': 95.8, 'ndev': 5452, 'ntest': 500}","{'devacc': np.float64(70.34), 'acc': 70.03, 'f1': 80.3, 'ndev': 4076, 'ntest': 1725}"
deberta-base,AVG+MAX+MAX-NS_SUM-8-12,"torch.Size([61, 2304])",NORMAL,4,0,12,"{'devacc': np.float64(85.09), 'acc': np.float64(85.09), 'ndev': 10662, 'ntest': 10662}","{'devacc': np.float64(67.5), 'acc': np.float64(66.12), 'ndev': 3775, 'ntest': 3775}","{'devacc': np.float64(94.58), 'acc': np.float64(94.71), 'ndev': 10000, 'ntest': 10000}","{'devacc': np.float64(84.78), 'acc': np.float64(83.36), 'ndev': 10606, 'ntest': 10606}","{'devacc': np.float64(90.83), 'acc': 91.93, 'ndev': 872, 'ntest': 1821}","{'devacc': np.float64(87.49), 'acc': 94.2, 'ndev': 5452, 'ntest': 500}","{'devacc': np.float64(70.71), 'acc': 68.58, 'f1': 77.75, 'ndev': 4076, 'ntest': 1725}"
deberta-base,AVG+AVG-NS+SUM-NS_SUM-8-12,"torch.Size([61, 2304])",NORMAL,4,0,12,"{'devacc': np.float64(86.71), 'acc': np.float64(86.81), 'ndev': 10662, 'ntest': 10662}","{'devacc': np.float64(89.25), 'acc': np.float64(89.67), 'ndev': 3775, 'ntest': 3775}","{'devacc': np.float64(95.14), 'acc': np.float64(95.02), 'ndev': 10000, 'ntest': 10000}","{'devacc': np.float64(89.14), 'acc': np.float64(89.35), 'ndev': 10606, 'ntest': 10606}","{'devacc': np.float64(92.32), 'acc': 92.15, 'ndev': 872, 'ntest': 1821}","{'devacc': np.float64(87.18), 'acc': 95.0, 'ndev': 5452, 'ntest': 500}","{'devacc': np.float64(70.22), 'acc': 69.8, 'f1': 80.35, 'ndev': 4076, 'ntest': 1725}"
deberta-base,AVG+AVG-NS+MAX-NS_SUM-8-12,"torch.Size([61, 2304])",NORMAL,4,0,12,"{'devacc': np.float64(85.41), 'acc': np.float64(85.46), 'ndev': 10662, 'ntest': 10662}","{'devacc': np.float64(71.87), 'acc': np.float64(66.2), 'ndev': 3775, 'ntest': 3775}","{'devacc': np.float64(95.23), 'acc': np.float64(95.28), 'ndev': 10000, 'ntest': 10000}","{'devacc': np.float64(86.05), 'acc': np.float64(87.02), 'ndev': 10606, 'ntest': 10606}","{'devacc': np.float64(91.74), 'acc': 92.04, 'ndev': 872, 'ntest': 1821}","{'devacc': np.float64(88.54), 'acc': 94.8, 'ndev': 5452, 'ntest': 500}","{'devacc': np.float64(71.44), 'acc': 70.38, 'f1': 79.08, 'ndev': 4076, 'ntest': 1725}"
deberta-base,AVG+SUM-NS+MAX-NS_SUM-8-12,"torch.Size([61, 2304])",NORMAL,4,0,12,"{'devacc': np.float64(86.66), 'acc': np.float64(86.68), 'ndev': 10662, 'ntest': 10662}","{'devacc': np.float64(80.62), 'acc': np.float64(76.66), 'ndev': 3775, 'ntest': 3775}","{'devacc': np.float64(95.06), 'acc': np.float64(94.95), 'ndev': 10000, 'ntest': 10000}","{'devacc': np.float64(87.01), 'acc': np.float64(75.01), 'ndev': 10606, 'ntest': 10606}","{'devacc': np.float64(91.74), 'acc': 92.2, 'ndev': 872, 'ntest': 1821}","{'devacc': np.float64(87.16), 'acc': 94.4, 'ndev': 5452, 'ntest': 500}","{'devacc': np.float64(70.22), 'acc': 70.26, 'f1': 80.46, 'ndev': 4076, 'ntest': 1725}"
deberta-base,SUM+MAX+AVG-NS_SUM-8-12,"torch.Size([61, 2304])",NORMAL,4,0,12,"{'devacc': np.float64(86.73), 'acc': np.float64(86.86), 'ndev': 10662, 'ntest': 10662}","{'devacc': np.float64(89.38), 'acc': np.float64(89.88), 'ndev': 3775, 'ntest': 3775}","{'devacc': np.float64(95.13), 'acc': np.float64(94.94), 'ndev': 10000, 'ntest': 10000}","{'devacc': np.float64(89.22), 'acc': np.float64(89.35), 'ndev': 10606, 'ntest': 10606}","{'devacc': np.float64(92.2), 'acc': 92.2, 'ndev': 872, 'ntest': 1821}","{'devacc': np.float64(87.29), 'acc': 94.8, 'ndev': 5452, 'ntest': 500}","{'devacc': np.float64(70.68), 'acc': 69.86, 'f1': 80.21, 'ndev': 4076, 'ntest': 1725}"
deberta-base,SUM+MAX+SUM-NS_SUM-8-12,"torch.Size([61, 2304])",NORMAL,4,0,12,"{'devacc': np.float64(86.69), 'acc': np.float64(86.79), 'ndev': 10662, 'ntest': 10662}","{'devacc': np.float64(89.37), 'acc': np.float64(89.46), 'ndev': 3775, 'ntest': 3775}","{'devacc': np.float64(95.15), 'acc': np.float64(95.1), 'ndev': 10000, 'ntest': 10000}","{'devacc': np.float64(89.13), 'acc': np.float64(89.18), 'ndev': 10606, 'ntest': 10606}","{'devacc': np.float64(91.97), 'acc': 92.09, 'ndev': 872, 'ntest': 1821}","{'devacc': np.float64(87.25), 'acc': 95.6, 'ndev': 5452, 'ntest': 500}","{'devacc': np.float64(69.82), 'acc': 69.39, 'f1': 80.09, 'ndev': 4076, 'ntest': 1725}"
deberta-base,SUM+MAX+MAX-NS_SUM-8-12,"torch.Size([61, 2304])",NORMAL,4,0,12,"{'devacc': np.float64(86.73), 'acc': np.float64(86.8), 'ndev': 10662, 'ntest': 10662}","{'devacc': np.float64(81.81), 'acc': np.float64(73.96), 'ndev': 3775, 'ntest': 3775}","{'devacc': np.float64(95.13), 'acc': np.float64(94.91), 'ndev': 10000, 'ntest': 10000}","{'devacc': np.float64(85.15), 'acc': np.float64(86.74), 'ndev': 10606, 'ntest': 10606}","{'devacc': np.float64(91.97), 'acc': 92.26, 'ndev': 872, 'ntest': 1821}","{'devacc': np.float64(87.56), 'acc': 95.0, 'ndev': 5452, 'ntest': 500}","{'devacc': np.float64(70.68), 'acc': 69.51, 'f1': 79.83, 'ndev': 4076, 'ntest': 1725}"
deberta-base,SUM+AVG-NS+SUM-NS_SUM-8-12,"torch.Size([61, 2304])",NORMAL,4,0,12,"{'devacc': np.float64(86.72), 'acc': np.float64(86.86), 'ndev': 10662, 'ntest': 10662}","{'devacc': np.float64(89.37), 'acc': np.float64(90.02), 'ndev': 3775, 'ntest': 3775}","{'devacc': np.float64(95.14), 'acc': np.float64(94.95), 'ndev': 10000, 'ntest': 10000}","{'devacc': np.float64(89.26), 'acc': np.float64(89.16), 'ndev': 10606, 'ntest': 10606}","{'devacc': np.float64(92.2), 'acc': 91.87, 'ndev': 872, 'ntest': 1821}","{'devacc': np.float64(87.01), 'acc': 95.8, 'ndev': 5452, 'ntest': 500}","{'devacc': np.float64(70.41), 'acc': 69.51, 'f1': 80.06, 'ndev': 4076, 'ntest': 1725}"
deberta-base,SUM+AVG-NS+MAX-NS_SUM-8-12,"torch.Size([61, 2304])",NORMAL,4,0,12,"{'devacc': np.float64(86.71), 'acc': np.float64(86.6), 'ndev': 10662, 'ntest': 10662}","{'devacc': np.float64(81.68), 'acc': np.float64(81.2), 'ndev': 3775, 'ntest': 3775}","{'devacc': np.float64(95.15), 'acc': np.float64(94.95), 'ndev': 10000, 'ntest': 10000}","{'devacc': np.float64(78.47), 'acc': np.float64(86.91), 'ndev': 10606, 'ntest': 10606}","{'devacc': np.float64(92.09), 'acc': 91.87, 'ndev': 872, 'ntest': 1821}","{'devacc': np.float64(87.12), 'acc': 95.8, 'ndev': 5452, 'ntest': 500}","{'devacc': np.float64(70.46), 'acc': 69.39, 'f1': 80.21, 'ndev': 4076, 'ntest': 1725}"
deberta-base,SUM+SUM-NS+MAX-NS_SUM-8-12,"torch.Size([61, 2304])",NORMAL,4,0,12,"{'devacc': np.float64(86.7), 'acc': np.float64(86.71), 'ndev': 10662, 'ntest': 10662}","{'devacc': np.float64(84.43), 'acc': np.float64(83.63), 'ndev': 3775, 'ntest': 3775}","{'devacc': np.float64(95.15), 'acc': np.float64(95.0), 'ndev': 10000, 'ntest': 10000}","{'devacc': np.float64(81.72), 'acc': np.float64(74.65), 'ndev': 10606, 'ntest': 10606}","{'devacc': np.float64(91.74), 'acc': 91.98, 'ndev': 872, 'ntest': 1821}","{'devacc': np.float64(87.23), 'acc': 95.4, 'ndev': 5452, 'ntest': 500}","{'devacc': np.float64(70.27), 'acc': 69.91, 'f1': 80.58, 'ndev': 4076, 'ntest': 1725}"
deberta-base,MAX+AVG-NS+SUM-NS_SUM-8-12,"torch.Size([61, 2304])",NORMAL,4,0,12,"{'devacc': np.float64(86.69), 'acc': np.float64(86.94), 'ndev': 10662, 'ntest': 10662}","{'devacc': np.float64(89.12), 'acc': np.float64(89.35), 'ndev': 3775, 'ntest': 3775}","{'devacc': np.float64(95.07), 'acc': np.float64(94.8), 'ndev': 10000, 'ntest': 10000}","{'devacc': np.float64(89.17), 'acc': np.float64(89.47), 'ndev': 10606, 'ntest': 10606}","{'devacc': np.float64(91.86), 'acc': 91.93, 'ndev': 872, 'ntest': 1821}","{'devacc': np.float64(87.11), 'acc': 95.4, 'ndev': 5452, 'ntest': 500}","{'devacc': np.float64(70.27), 'acc': 69.33, 'f1': 79.86, 'ndev': 4076, 'ntest': 1725}"
deberta-base,MAX+AVG-NS+MAX-NS_SUM-8-12,"torch.Size([61, 2304])",NORMAL,4,0,12,"{'devacc': np.float64(85.07), 'acc': np.float64(84.98), 'ndev': 10662, 'ntest': 10662}","{'devacc': np.float64(67.16), 'acc': np.float64(66.09), 'ndev': 3775, 'ntest': 3775}","{'devacc': np.float64(94.63), 'acc': np.float64(94.95), 'ndev': 10000, 'ntest': 10000}","{'devacc': np.float64(82.88), 'acc': np.float64(84.46), 'ndev': 10606, 'ntest': 10606}","{'devacc': np.float64(90.48), 'acc': 91.54, 'ndev': 872, 'ntest': 1821}","{'devacc': np.float64(87.67), 'acc': 94.4, 'ndev': 5452, 'ntest': 500}","{'devacc': np.float64(71.32), 'acc': 69.74, 'f1': 78.92, 'ndev': 4076, 'ntest': 1725}"
deberta-base,MAX+SUM-NS+MAX-NS_SUM-8-12,"torch.Size([61, 2304])",NORMAL,4,0,12,"{'devacc': np.float64(86.62), 'acc': np.float64(87.0), 'ndev': 10662, 'ntest': 10662}","{'devacc': np.float64(81.94), 'acc': np.float64(78.96), 'ndev': 3775, 'ntest': 3775}","{'devacc': np.float64(95.15), 'acc': np.float64(94.83), 'ndev': 10000, 'ntest': 10000}","{'devacc': np.float64(86.15), 'acc': np.float64(83.68), 'ndev': 10606, 'ntest': 10606}","{'devacc': np.float64(91.74), 'acc': 92.2, 'ndev': 872, 'ntest': 1821}","{'devacc': np.float64(87.67), 'acc': 95.2, 'ndev': 5452, 'ntest': 500}","{'devacc': np.float64(70.31), 'acc': 70.72, 'f1': 80.64, 'ndev': 4076, 'ntest': 1725}"
deberta-base,AVG-NS+SUM-NS+MAX-NS_SUM-8-12,"torch.Size([61, 2304])",NORMAL,4,0,12,"{'devacc': np.float64(86.68), 'acc': np.float64(86.78), 'ndev': 10662, 'ntest': 10662}","{'devacc': np.float64(79.7), 'acc': np.float64(74.89), 'ndev': 3775, 'ntest': 3775}","{'devacc': np.float64(95.07), 'acc': np.float64(94.86), 'ndev': 10000, 'ntest': 10000}","{'devacc': np.float64(87.41), 'acc': np.float64(84.81), 'ndev': 10606, 'ntest': 10606}","{'devacc': np.float64(92.43), 'acc': 92.31, 'ndev': 872, 'ntest': 1821}","{'devacc': np.float64(87.22), 'acc': 95.2, 'ndev': 5452, 'ntest': 500}","{'devacc': np.float64(70.34), 'acc': 69.68, 'f1': 80.03, 'ndev': 4076, 'ntest': 1725}"
deberta-base,CLS+AVG+SUM_SUM-1-6,"torch.Size([61, 2304])",NORMAL,4,0,12,"{'devacc': np.float64(80.76), 'acc': np.float64(80.72), 'ndev': 10662, 'ntest': 10662}","{'devacc': np.float64(82.67), 'acc': np.float64(83.84), 'ndev': 3775, 'ntest': 3775}","{'devacc': np.float64(93.31), 'acc': np.float64(93.64), 'ndev': 10000, 'ntest': 10000}","{'devacc': np.float64(88.57), 'acc': np.float64(89.09), 'ndev': 10606, 'ntest': 10606}","{'devacc': np.float64(86.7), 'acc': 86.05, 'ndev': 872, 'ntest': 1821}","{'devacc': np.float64(85.58), 'acc': 91.2, 'ndev': 5452, 'ntest': 500}","{'devacc': np.float64(70.26), 'acc': 70.09, 'f1': 79.38, 'ndev': 4076, 'ntest': 1725}"
deberta-base,CLS+AVG+MAX_SUM-1-6,"torch.Size([61, 2304])",NORMAL,4,0,12,"{'devacc': np.float64(79.4), 'acc': np.float64(79.38), 'ndev': 10662, 'ntest': 10662}","{'devacc': np.float64(81.29), 'acc': np.float64(81.2), 'ndev': 3775, 'ntest': 3775}","{'devacc': np.float64(92.57), 'acc': np.float64(92.79), 'ndev': 10000, 'ntest': 10000}","{'devacc': np.float64(87.83), 'acc': np.float64(88.18), 'ndev': 10606, 'ntest': 10606}","{'devacc': np.float64(85.67), 'acc': 86.16, 'ndev': 872, 'ntest': 1821}","{'devacc': np.float64(87.12), 'acc': 93.0, 'ndev': 5452, 'ntest': 500}","{'devacc': np.float64(70.19), 'acc': 68.87, 'f1': 77.27, 'ndev': 4076, 'ntest': 1725}"
deberta-base,CLS+AVG+AVG-NS_SUM-1-6,"torch.Size([61, 2304])",NORMAL,4,0,12,"{'devacc': np.float64(81.0), 'acc': np.float64(80.87), 'ndev': 10662, 'ntest': 10662}","{'devacc': np.float64(83.44), 'acc': np.float64(84.37), 'ndev': 3775, 'ntest': 3775}","{'devacc': np.float64(94.05), 'acc': np.float64(94.25), 'ndev': 10000, 'ntest': 10000}","{'devacc': np.float64(88.6), 'acc': np.float64(88.97), 'ndev': 10606, 'ntest': 10606}","{'devacc': np.float64(87.04), 'acc': 87.31, 'ndev': 872, 'ntest': 1821}","{'devacc': np.float64(86.04), 'acc': 92.0, 'ndev': 5452, 'ntest': 500}","{'devacc': np.float64(74.93), 'acc': 75.01, 'f1': 82.15, 'ndev': 4076, 'ntest': 1725}"
deberta-base,CLS+AVG+SUM-NS_SUM-1-6,"torch.Size([61, 2304])",NORMAL,4,0,12,"{'devacc': np.float64(80.58), 'acc': np.float64(80.59), 'ndev': 10662, 'ntest': 10662}","{'devacc': np.float64(82.24), 'acc': np.float64(83.31), 'ndev': 3775, 'ntest': 3775}","{'devacc': np.float64(93.24), 'acc': np.float64(93.54), 'ndev': 10000, 'ntest': 10000}","{'devacc': np.float64(88.51), 'acc': np.float64(88.89), 'ndev': 10606, 'ntest': 10606}","{'devacc': np.float64(86.58), 'acc': 86.88, 'ndev': 872, 'ntest': 1821}","{'devacc': np.float64(85.49), 'acc': 92.2, 'ndev': 5452, 'ntest': 500}","{'devacc': np.float64(70.9), 'acc': 69.91, 'f1': 79.54, 'ndev': 4076, 'ntest': 1725}"
deberta-base,CLS+AVG+MAX-NS_SUM-1-6,"torch.Size([61, 2304])",NORMAL,4,0,12,"{'devacc': np.float64(79.41), 'acc': np.float64(79.26), 'ndev': 10662, 'ntest': 10662}","{'devacc': np.float64(69.74), 'acc': np.float64(67.84), 'ndev': 3775, 'ntest': 3775}","{'devacc': np.float64(92.55), 'acc': np.float64(92.58), 'ndev': 10000, 'ntest': 10000}","{'devacc': np.float64(74.26), 'acc': np.float64(49.24), 'ndev': 10606, 'ntest': 10606}","{'devacc': np.float64(85.09), 'acc': 85.61, 'ndev': 872, 'ntest': 1821}","{'devacc': np.float64(86.94), 'acc': 93.4, 'ndev': 5452, 'ntest': 500}","{'devacc': np.float64(70.19), 'acc': 69.22, 'f1': 77.3, 'ndev': 4076, 'ntest': 1725}"
deberta-base,CLS+SUM+MAX_SUM-1-6,"torch.Size([61, 2304])",NORMAL,4,0,12,"{'devacc': np.float64(80.66), 'acc': np.float64(80.54), 'ndev': 10662, 'ntest': 10662}","{'devacc': np.float64(82.51), 'acc': np.float64(83.44), 'ndev': 3775, 'ntest': 3775}","{'devacc': np.float64(93.34), 'acc': np.float64(93.52), 'ndev': 10000, 'ntest': 10000}","{'devacc': np.float64(87.79), 'acc': np.float64(88.06), 'ndev': 10606, 'ntest': 10606}","{'devacc': np.float64(86.12), 'acc': 87.37, 'ndev': 872, 'ntest': 1821}","{'devacc': np.float64(86.02), 'acc': 92.0, 'ndev': 5452, 'ntest': 500}","{'devacc': np.float64(70.53), 'acc': 70.61, 'f1': 79.73, 'ndev': 4076, 'ntest': 1725}"
deberta-base,CLS+SUM+AVG-NS_SUM-1-6,"torch.Size([61, 2304])",NORMAL,4,0,12,"{'devacc': np.float64(80.74), 'acc': np.float64(80.74), 'ndev': 10662, 'ntest': 10662}","{'devacc': np.float64(82.68), 'acc': np.float64(83.79), 'ndev': 3775, 'ntest': 3775}","{'devacc': np.float64(93.32), 'acc': np.float64(93.69), 'ndev': 10000, 'ntest': 10000}","{'devacc': np.float64(88.09), 'acc': np.float64(88.28), 'ndev': 10606, 'ntest': 10606}","{'devacc': np.float64(86.7), 'acc': 86.82, 'ndev': 872, 'ntest': 1821}","{'devacc': np.float64(85.31), 'acc': 91.6, 'ndev': 5452, 'ntest': 500}","{'devacc': np.float64(70.39), 'acc': 70.32, 'f1': 79.7, 'ndev': 4076, 'ntest': 1725}"
deberta-base,CLS+SUM+SUM-NS_SUM-1-6,"torch.Size([61, 2304])",NORMAL,4,0,12,"{'devacc': np.float64(80.61), 'acc': np.float64(80.72), 'ndev': 10662, 'ntest': 10662}","{'devacc': np.float64(82.37), 'acc': np.float64(83.79), 'ndev': 3775, 'ntest': 3775}","{'devacc': np.float64(93.23), 'acc': np.float64(93.48), 'ndev': 10000, 'ntest': 10000}","{'devacc': np.float64(88.64), 'acc': np.float64(88.83), 'ndev': 10606, 'ntest': 10606}","{'devacc': np.float64(85.67), 'acc': 86.55, 'ndev': 872, 'ntest': 1821}","{'devacc': np.float64(85.58), 'acc': 91.4, 'ndev': 5452, 'ntest': 500}","{'devacc': np.float64(70.78), 'acc': 69.28, 'f1': 78.63, 'ndev': 4076, 'ntest': 1725}"
deberta-base,CLS+SUM+MAX-NS_SUM-1-6,"torch.Size([61, 2304])",NORMAL,4,0,12,"{'devacc': np.float64(80.69), 'acc': np.float64(80.6), 'ndev': 10662, 'ntest': 10662}","{'devacc': np.float64(75.53), 'acc': np.float64(74.28), 'ndev': 3775, 'ntest': 3775}","{'devacc': np.float64(93.34), 'acc': np.float64(93.53), 'ndev': 10000, 'ntest': 10000}","{'devacc': np.float64(86.86), 'acc': np.float64(76.72), 'ndev': 10606, 'ntest': 10606}","{'devacc': np.float64(85.67), 'acc': 86.77, 'ndev': 872, 'ntest': 1821}","{'devacc': np.float64(86.0), 'acc': 92.0, 'ndev': 5452, 'ntest': 500}","{'devacc': np.float64(70.63), 'acc': 70.43, 'f1': 79.95, 'ndev': 4076, 'ntest': 1725}"
deberta-base,CLS+MAX+AVG-NS_SUM-1-6,"torch.Size([61, 2304])",NORMAL,4,0,12,"{'devacc': np.float64(79.11), 'acc': np.float64(78.85), 'ndev': 10662, 'ntest': 10662}","{'devacc': np.float64(81.32), 'acc': np.float64(81.4), 'ndev': 3775, 'ntest': 3775}","{'devacc': np.float64(92.7), 'acc': np.float64(92.79), 'ndev': 10000, 'ntest': 10000}","{'devacc': np.float64(87.43), 'acc': np.float64(87.5), 'ndev': 10606, 'ntest': 10606}","{'devacc': np.float64(85.21), 'acc': 84.95, 'ndev': 872, 'ntest': 1821}","{'devacc': np.float64(87.22), 'acc': 92.6, 'ndev': 5452, 'ntest': 500}","{'devacc': np.float64(70.34), 'acc': 69.39, 'f1': 77.72, 'ndev': 4076, 'ntest': 1725}"
deberta-base,CLS+MAX+SUM-NS_SUM-1-6,"torch.Size([61, 2304])",NORMAL,4,0,12,"{'devacc': np.float64(80.44), 'acc': np.float64(80.38), 'ndev': 10662, 'ntest': 10662}","{'devacc': np.float64(82.27), 'acc': np.float64(83.15), 'ndev': 3775, 'ntest': 3775}","{'devacc': np.float64(93.22), 'acc': np.float64(93.54), 'ndev': 10000, 'ntest': 10000}","{'devacc': np.float64(87.68), 'acc': np.float64(87.88), 'ndev': 10606, 'ntest': 10606}","{'devacc': np.float64(86.58), 'acc': 87.2, 'ndev': 872, 'ntest': 1821}","{'devacc': np.float64(85.82), 'acc': 93.4, 'ndev': 5452, 'ntest': 500}","{'devacc': np.float64(70.53), 'acc': 70.55, 'f1': 80.19, 'ndev': 4076, 'ntest': 1725}"
deberta-base,CLS+MAX+MAX-NS_SUM-1-6,"torch.Size([61, 2304])",NORMAL,4,0,12,"{'devacc': np.float64(75.88), 'acc': np.float64(75.98), 'ndev': 10662, 'ntest': 10662}","{'devacc': np.float64(66.04), 'acc': np.float64(65.24), 'ndev': 3775, 'ntest': 3775}","{'devacc': np.float64(90.44), 'acc': np.float64(90.46), 'ndev': 10000, 'ntest': 10000}","{'devacc': np.float64(85.66), 'acc': np.float64(85.23), 'ndev': 10606, 'ntest': 10606}","{'devacc': np.float64(80.39), 'acc': 80.67, 'ndev': 872, 'ntest': 1821}","{'devacc': np.float64(85.29), 'acc': 91.8, 'ndev': 5452, 'ntest': 500}","{'devacc': np.float64(68.35), 'acc': 68.23, 'f1': 76.86, 'ndev': 4076, 'ntest': 1725}"
deberta-base,CLS+AVG-NS+SUM-NS_SUM-1-6,"torch.Size([61, 2304])",NORMAL,4,0,12,"{'devacc': np.float64(80.6), 'acc': np.float64(80.55), 'ndev': 10662, 'ntest': 10662}","{'devacc': np.float64(82.21), 'acc': np.float64(83.31), 'ndev': 3775, 'ntest': 3775}","{'devacc': np.float64(93.22), 'acc': np.float64(93.48), 'ndev': 10000, 'ntest': 10000}","{'devacc': np.float64(88.1), 'acc': np.float64(88.36), 'ndev': 10606, 'ntest': 10606}","{'devacc': np.float64(86.35), 'acc': 86.77, 'ndev': 872, 'ntest': 1821}","{'devacc': np.float64(85.34), 'acc': 92.6, 'ndev': 5452, 'ntest': 500}","{'devacc': np.float64(70.68), 'acc': 69.86, 'f1': 79.35, 'ndev': 4076, 'ntest': 1725}"
deberta-base,CLS+AVG-NS+MAX-NS_SUM-1-6,"torch.Size([61, 2304])",NORMAL,4,0,12,"{'devacc': np.float64(79.2), 'acc': np.float64(79.24), 'ndev': 10662, 'ntest': 10662}","{'devacc': np.float64(66.84), 'acc': np.float64(67.97), 'ndev': 3775, 'ntest': 3775}","{'devacc': np.float64(92.71), 'acc': np.float64(92.77), 'ndev': 10000, 'ntest': 10000}","{'devacc': np.float64(57.86), 'acc': np.float64(86.42), 'ndev': 10606, 'ntest': 10606}","{'devacc': np.float64(85.44), 'acc': 84.62, 'ndev': 872, 'ntest': 1821}","{'devacc': np.float64(87.27), 'acc': 92.6, 'ndev': 5452, 'ntest': 500}","{'devacc': np.float64(69.87), 'acc': 69.62, 'f1': 77.66, 'ndev': 4076, 'ntest': 1725}"
deberta-base,CLS+SUM-NS+MAX-NS_SUM-1-6,"torch.Size([61, 2304])",NORMAL,4,0,12,"{'devacc': np.float64(80.39), 'acc': np.float64(80.34), 'ndev': 10662, 'ntest': 10662}","{'devacc': np.float64(75.32), 'acc': np.float64(73.16), 'ndev': 3775, 'ntest': 3775}","{'devacc': np.float64(93.19), 'acc': np.float64(93.57), 'ndev': 10000, 'ntest': 10000}","{'devacc': np.float64(86.6), 'acc': np.float64(76.12), 'ndev': 10606, 'ntest': 10606}","{'devacc': np.float64(86.12), 'acc': 87.15, 'ndev': 872, 'ntest': 1821}","{'devacc': np.float64(85.86), 'acc': 91.8, 'ndev': 5452, 'ntest': 500}","{'devacc': np.float64(70.9), 'acc': 69.62, 'f1': 79.07, 'ndev': 4076, 'ntest': 1725}"
deberta-base,AVG+SUM+MAX_SUM-1-6,"torch.Size([61, 2304])",NORMAL,4,0,12,"{'devacc': np.float64(80.68), 'acc': np.float64(80.84), 'ndev': 10662, 'ntest': 10662}","{'devacc': np.float64(82.54), 'acc': np.float64(83.42), 'ndev': 3775, 'ntest': 3775}","{'devacc': np.float64(93.32), 'acc': np.float64(93.59), 'ndev': 10000, 'ntest': 10000}","{'devacc': np.float64(87.75), 'acc': np.float64(88.08), 'ndev': 10606, 'ntest': 10606}","{'devacc': np.float64(86.12), 'acc': 86.88, 'ndev': 872, 'ntest': 1821}","{'devacc': np.float64(86.1), 'acc': 92.0, 'ndev': 5452, 'ntest': 500}","{'devacc': np.float64(70.39), 'acc': 70.26, 'f1': 79.83, 'ndev': 4076, 'ntest': 1725}"
deberta-base,AVG+SUM+AVG-NS_SUM-1-6,"torch.Size([61, 2304])",NORMAL,4,0,12,"{'devacc': np.float64(80.8), 'acc': np.float64(80.65), 'ndev': 10662, 'ntest': 10662}","{'devacc': np.float64(82.64), 'acc': np.float64(83.63), 'ndev': 3775, 'ntest': 3775}","{'devacc': np.float64(93.34), 'acc': np.float64(93.61), 'ndev': 10000, 'ntest': 10000}","{'devacc': np.float64(88.05), 'acc': np.float64(88.15), 'ndev': 10606, 'ntest': 10606}","{'devacc': np.float64(86.12), 'acc': 86.71, 'ndev': 872, 'ntest': 1821}","{'devacc': np.float64(85.53), 'acc': 93.2, 'ndev': 5452, 'ntest': 500}","{'devacc': np.float64(70.71), 'acc': 70.67, 'f1': 79.97, 'ndev': 4076, 'ntest': 1725}"
deberta-base,AVG+SUM+SUM-NS_SUM-1-6,"torch.Size([61, 2304])",NORMAL,4,0,12,"{'devacc': np.float64(80.64), 'acc': np.float64(80.54), 'ndev': 10662, 'ntest': 10662}","{'devacc': np.float64(82.38), 'acc': np.float64(83.58), 'ndev': 3775, 'ntest': 3775}","{'devacc': np.float64(93.23), 'acc': np.float64(93.54), 'ndev': 10000, 'ntest': 10000}","{'devacc': np.float64(88.5), 'acc': np.float64(88.93), 'ndev': 10606, 'ntest': 10606}","{'devacc': np.float64(86.35), 'acc': 86.44, 'ndev': 872, 'ntest': 1821}","{'devacc': np.float64(85.47), 'acc': 91.8, 'ndev': 5452, 'ntest': 500}","{'devacc': np.float64(70.71), 'acc': 70.32, 'f1': 79.25, 'ndev': 4076, 'ntest': 1725}"
deberta-base,AVG+SUM+MAX-NS_SUM-1-6,"torch.Size([61, 2304])",NORMAL,4,0,12,"{'devacc': np.float64(80.67), 'acc': np.float64(80.74), 'ndev': 10662, 'ntest': 10662}","{'devacc': np.float64(75.68), 'acc': np.float64(75.44), 'ndev': 3775, 'ntest': 3775}","{'devacc': np.float64(93.32), 'acc': np.float64(93.49), 'ndev': 10000, 'ntest': 10000}","{'devacc': np.float64(87.06), 'acc': np.float64(79.07), 'ndev': 10606, 'ntest': 10606}","{'devacc': np.float64(86.01), 'acc': 86.88, 'ndev': 872, 'ntest': 1821}","{'devacc': np.float64(85.99), 'acc': 91.8, 'ndev': 5452, 'ntest': 500}","{'devacc': np.float64(70.58), 'acc': 70.26, 'f1': 79.7, 'ndev': 4076, 'ntest': 1725}"
deberta-base,AVG+MAX+AVG-NS_SUM-1-6,"torch.Size([61, 2304])",NORMAL,4,0,12,"{'devacc': np.float64(79.04), 'acc': np.float64(79.19), 'ndev': 10662, 'ntest': 10662}","{'devacc': np.float64(82.22), 'acc': np.float64(82.09), 'ndev': 3775, 'ntest': 3775}","{'devacc': np.float64(93.02), 'acc': np.float64(93.19), 'ndev': 10000, 'ntest': 10000}","{'devacc': np.float64(87.29), 'acc': np.float64(87.41), 'ndev': 10606, 'ntest': 10606}","{'devacc': np.float64(85.55), 'acc': 85.72, 'ndev': 872, 'ntest': 1821}","{'devacc': np.float64(87.56), 'acc': 93.0, 'ndev': 5452, 'ntest': 500}","{'devacc': np.float64(71.03), 'acc': 70.55, 'f1': 78.4, 'ndev': 4076, 'ntest': 1725}"
deberta-base,AVG+MAX+SUM-NS_SUM-1-6,"torch.Size([61, 2304])",NORMAL,4,0,12,"{'devacc': np.float64(80.45), 'acc': np.float64(80.39), 'ndev': 10662, 'ntest': 10662}","{'devacc': np.float64(82.27), 'acc': np.float64(82.86), 'ndev': 3775, 'ntest': 3775}","{'devacc': np.float64(93.22), 'acc': np.float64(93.44), 'ndev': 10000, 'ntest': 10000}","{'devacc': np.float64(87.71), 'acc': np.float64(87.85), 'ndev': 10606, 'ntest': 10606}","{'devacc': np.float64(86.24), 'acc': 87.15, 'ndev': 872, 'ntest': 1821}","{'devacc': np.float64(85.84), 'acc': 92.4, 'ndev': 5452, 'ntest': 500}","{'devacc': np.float64(70.73), 'acc': 70.2, 'f1': 79.87, 'ndev': 4076, 'ntest': 1725}"
deberta-base,AVG+MAX+MAX-NS_SUM-1-6,"torch.Size([61, 2304])",NORMAL,4,0,12,"{'devacc': np.float64(79.37), 'acc': np.float64(79.19), 'ndev': 10662, 'ntest': 10662}","{'devacc': np.float64(66.47), 'acc': np.float64(65.51), 'ndev': 3775, 'ntest': 3775}","{'devacc': np.float64(92.04), 'acc': np.float64(92.22), 'ndev': 10000, 'ntest': 10000}","{'devacc': np.float64(85.88), 'acc': np.float64(88.34), 'ndev': 10606, 'ntest': 10606}","{'devacc': np.float64(84.98), 'acc': 85.5, 'ndev': 872, 'ntest': 1821}","{'devacc': np.float64(86.24), 'acc': 91.8, 'ndev': 5452, 'ntest': 500}","{'devacc': np.float64(68.99), 'acc': 67.77, 'f1': 76.36, 'ndev': 4076, 'ntest': 1725}"
deberta-base,AVG+AVG-NS+SUM-NS_SUM-1-6,"torch.Size([61, 2304])",NORMAL,4,0,12,"{'devacc': np.float64(80.57), 'acc': np.float64(80.52), 'ndev': 10662, 'ntest': 10662}","{'devacc': np.float64(82.18), 'acc': np.float64(83.39), 'ndev': 3775, 'ntest': 3775}","{'devacc': np.float64(93.22), 'acc': np.float64(93.48), 'ndev': 10000, 'ntest': 10000}","{'devacc': np.float64(88.03), 'acc': np.float64(88.3), 'ndev': 10606, 'ntest': 10606}","{'devacc': np.float64(86.47), 'acc': 86.99, 'ndev': 872, 'ntest': 1821}","{'devacc': np.float64(85.34), 'acc': 93.0, 'ndev': 5452, 'ntest': 500}","{'devacc': np.float64(71.32), 'acc': 69.68, 'f1': 79.4, 'ndev': 4076, 'ntest': 1725}"
deberta-base,AVG+AVG-NS+MAX-NS_SUM-1-6,"torch.Size([61, 2304])",NORMAL,4,0,12,"{'devacc': np.float64(79.14), 'acc': np.float64(79.12), 'ndev': 10662, 'ntest': 10662}","{'devacc': np.float64(67.51), 'acc': np.float64(65.38), 'ndev': 3775, 'ntest': 3775}","{'devacc': np.float64(93.04), 'acc': np.float64(93.3), 'ndev': 10000, 'ntest': 10000}","{'devacc': np.float64(57.82), 'acc': np.float64(53.89), 'ndev': 10606, 'ntest': 10606}","{'devacc': np.float64(85.32), 'acc': 85.23, 'ndev': 872, 'ntest': 1821}","{'devacc': np.float64(87.45), 'acc': 92.4, 'ndev': 5452, 'ntest': 500}","{'devacc': np.float64(71.47), 'acc': 70.38, 'f1': 78.12, 'ndev': 4076, 'ntest': 1725}"
deberta-base,AVG+SUM-NS+MAX-NS_SUM-1-6,"torch.Size([61, 2304])",NORMAL,4,0,12,"{'devacc': np.float64(80.44), 'acc': np.float64(80.31), 'ndev': 10662, 'ntest': 10662}","{'devacc': np.float64(74.74), 'acc': np.float64(70.2), 'ndev': 3775, 'ntest': 3775}","{'devacc': np.float64(93.23), 'acc': np.float64(93.51), 'ndev': 10000, 'ntest': 10000}","{'devacc': np.float64(86.13), 'acc': np.float64(73.9), 'ndev': 10606, 'ntest': 10606}","{'devacc': np.float64(85.67), 'acc': 86.71, 'ndev': 872, 'ntest': 1821}","{'devacc': np.float64(85.93), 'acc': 91.6, 'ndev': 5452, 'ntest': 500}","{'devacc': np.float64(70.93), 'acc': 69.57, 'f1': 79.08, 'ndev': 4076, 'ntest': 1725}"
deberta-base,SUM+MAX+AVG-NS_SUM-1-6,"torch.Size([61, 2304])",NORMAL,4,0,12,"{'devacc': np.float64(80.68), 'acc': np.float64(80.51), 'ndev': 10662, 'ntest': 10662}","{'devacc': np.float64(82.54), 'acc': np.float64(83.52), 'ndev': 3775, 'ntest': 3775}","{'devacc': np.float64(93.34), 'acc': np.float64(93.6), 'ndev': 10000, 'ntest': 10000}","{'devacc': np.float64(87.65), 'acc': np.float64(88.1), 'ndev': 10606, 'ntest': 10606}","{'devacc': np.float64(85.89), 'acc': 86.88, 'ndev': 872, 'ntest': 1821}","{'devacc': np.float64(85.84), 'acc': 92.0, 'ndev': 5452, 'ntest': 500}","{'devacc': np.float64(70.29), 'acc': 70.61, 'f1': 79.52, 'ndev': 4076, 'ntest': 1725}"
deberta-base,SUM+MAX+SUM-NS_SUM-1-6,"torch.Size([61, 2304])",NORMAL,4,0,12,"{'devacc': np.float64(80.53), 'acc': np.float64(80.69), 'ndev': 10662, 'ntest': 10662}","{'devacc': np.float64(82.49), 'acc': np.float64(83.39), 'ndev': 3775, 'ntest': 3775}","{'devacc': np.float64(93.25), 'acc': np.float64(93.54), 'ndev': 10000, 'ntest': 10000}","{'devacc': np.float64(87.81), 'acc': np.float64(88.15), 'ndev': 10606, 'ntest': 10606}","{'devacc': np.float64(86.35), 'acc': 86.88, 'ndev': 872, 'ntest': 1821}","{'devacc': np.float64(85.84), 'acc': 92.8, 'ndev': 5452, 'ntest': 500}","{'devacc': np.float64(70.66), 'acc': 69.97, 'f1': 79.41, 'ndev': 4076, 'ntest': 1725}"
deberta-base,SUM+MAX+MAX-NS_SUM-1-6,"torch.Size([61, 2304])",NORMAL,4,0,12,"{'devacc': np.float64(80.55), 'acc': np.float64(80.63), 'ndev': 10662, 'ntest': 10662}","{'devacc': np.float64(76.2), 'acc': np.float64(77.56), 'ndev': 3775, 'ntest': 3775}","{'devacc': np.float64(93.38), 'acc': np.float64(93.41), 'ndev': 10000, 'ntest': 10000}","{'devacc': np.float64(79.36), 'acc': np.float64(76.81), 'ndev': 10606, 'ntest': 10606}","{'devacc': np.float64(85.44), 'acc': 87.04, 'ndev': 872, 'ntest': 1821}","{'devacc': np.float64(86.19), 'acc': 92.6, 'ndev': 5452, 'ntest': 500}","{'devacc': np.float64(70.36), 'acc': 70.61, 'f1': 80.02, 'ndev': 4076, 'ntest': 1725}"
deberta-base,SUM+AVG-NS+SUM-NS_SUM-1-6,"torch.Size([61, 2304])",NORMAL,4,0,12,"{'devacc': np.float64(80.63), 'acc': np.float64(80.59), 'ndev': 10662, 'ntest': 10662}","{'devacc': np.float64(82.46), 'acc': np.float64(83.55), 'ndev': 3775, 'ntest': 3775}","{'devacc': np.float64(93.25), 'acc': np.float64(93.63), 'ndev': 10000, 'ntest': 10000}","{'devacc': np.float64(88.17), 'acc': np.float64(88.61), 'ndev': 10606, 'ntest': 10606}","{'devacc': np.float64(86.58), 'acc': 86.33, 'ndev': 872, 'ntest': 1821}","{'devacc': np.float64(85.36), 'acc': 91.8, 'ndev': 5452, 'ntest': 500}","{'devacc': np.float64(70.58), 'acc': 69.8, 'f1': 78.86, 'ndev': 4076, 'ntest': 1725}"
deberta-base,SUM+AVG-NS+MAX-NS_SUM-1-6,"torch.Size([61, 2304])",NORMAL,4,0,12,"{'devacc': np.float64(80.7), 'acc': np.float64(80.69), 'ndev': 10662, 'ntest': 10662}","{'devacc': np.float64(75.02), 'acc': np.float64(77.51), 'ndev': 3775, 'ntest': 3775}","{'devacc': np.float64(93.37), 'acc': np.float64(93.56), 'ndev': 10000, 'ntest': 10000}","{'devacc': np.float64(83.88), 'acc': np.float64(72.53), 'ndev': 10606, 'ntest': 10606}","{'devacc': np.float64(85.89), 'acc': 86.71, 'ndev': 872, 'ntest': 1821}","{'devacc': np.float64(86.06), 'acc': 91.8, 'ndev': 5452, 'ntest': 500}","{'devacc': np.float64(70.31), 'acc': 70.32, 'f1': 79.47, 'ndev': 4076, 'ntest': 1725}"
deberta-base,SUM+SUM-NS+MAX-NS_SUM-1-6,"torch.Size([61, 2304])",NORMAL,4,0,12,"{'devacc': np.float64(80.52), 'acc': np.float64(80.6), 'ndev': 10662, 'ntest': 10662}","{'devacc': np.float64(77.7), 'acc': np.float64(79.6), 'ndev': 3775, 'ntest': 3775}","{'devacc': np.float64(93.28), 'acc': np.float64(93.48), 'ndev': 10000, 'ntest': 10000}","{'devacc': np.float64(88.86), 'acc': np.float64(89.42), 'ndev': 10606, 'ntest': 10606}","{'devacc': np.float64(86.24), 'acc': 86.88, 'ndev': 872, 'ntest': 1821}","{'devacc': np.float64(85.66), 'acc': 92.8, 'ndev': 5452, 'ntest': 500}","{'devacc': np.float64(70.58), 'acc': 69.45, 'f1': 78.83, 'ndev': 4076, 'ntest': 1725}"
deberta-base,MAX+AVG-NS+SUM-NS_SUM-1-6,"torch.Size([61, 2304])",NORMAL,4,0,12,"{'devacc': np.float64(80.45), 'acc': np.float64(80.38), 'ndev': 10662, 'ntest': 10662}","{'devacc': np.float64(82.28), 'acc': np.float64(82.54), 'ndev': 3775, 'ntest': 3775}","{'devacc': np.float64(93.2), 'acc': np.float64(93.67), 'ndev': 10000, 'ntest': 10000}","{'devacc': np.float64(87.56), 'acc': np.float64(87.77), 'ndev': 10606, 'ntest': 10606}","{'devacc': np.float64(86.12), 'acc': 86.71, 'ndev': 872, 'ntest': 1821}","{'devacc': np.float64(85.95), 'acc': 91.8, 'ndev': 5452, 'ntest': 500}","{'devacc': np.float64(71.07), 'acc': 70.55, 'f1': 79.83, 'ndev': 4076, 'ntest': 1725}"
deberta-base,MAX+AVG-NS+MAX-NS_SUM-1-6,"torch.Size([61, 2304])",NORMAL,4,0,12,"{'devacc': np.float64(79.18), 'acc': np.float64(79.12), 'ndev': 10662, 'ntest': 10662}","{'devacc': np.float64(66.8), 'acc': np.float64(65.46), 'ndev': 3775, 'ntest': 3775}","{'devacc': np.float64(92.2), 'acc': np.float64(92.39), 'ndev': 10000, 'ntest': 10000}","{'devacc': np.float64(88.23), 'acc': np.float64(89.44), 'ndev': 10606, 'ntest': 10606}","{'devacc': np.float64(84.29), 'acc': 84.57, 'ndev': 872, 'ntest': 1821}","{'devacc': np.float64(86.7), 'acc': 92.2, 'ndev': 5452, 'ntest': 500}","{'devacc': np.float64(68.96), 'acc': 68.58, 'f1': 77.05, 'ndev': 4076, 'ntest': 1725}"
deberta-base,MAX+SUM-NS+MAX-NS_SUM-1-6,"torch.Size([61, 2304])",NORMAL,4,0,12,"{'devacc': np.float64(80.34), 'acc': np.float64(80.28), 'ndev': 10662, 'ntest': 10662}","{'devacc': np.float64(77.0), 'acc': np.float64(72.13), 'ndev': 3775, 'ntest': 3775}","{'devacc': np.float64(93.22), 'acc': np.float64(93.52), 'ndev': 10000, 'ntest': 10000}","{'devacc': np.float64(83.54), 'acc': np.float64(76.77), 'ndev': 10606, 'ntest': 10606}","{'devacc': np.float64(85.78), 'acc': 86.88, 'ndev': 872, 'ntest': 1821}","{'devacc': np.float64(86.24), 'acc': 93.6, 'ndev': 5452, 'ntest': 500}","{'devacc': np.float64(70.9), 'acc': 70.26, 'f1': 79.52, 'ndev': 4076, 'ntest': 1725}"
deberta-base,AVG-NS+SUM-NS+MAX-NS_SUM-1-6,"torch.Size([61, 2304])",NORMAL,4,0,12,"{'devacc': np.float64(80.38), 'acc': np.float64(80.47), 'ndev': 10662, 'ntest': 10662}","{'devacc': np.float64(75.18), 'acc': np.float64(69.72), 'ndev': 3775, 'ntest': 3775}","{'devacc': np.float64(93.24), 'acc': np.float64(93.42), 'ndev': 10000, 'ntest': 10000}","{'devacc': np.float64(81.32), 'acc': np.float64(72.54), 'ndev': 10606, 'ntest': 10606}","{'devacc': np.float64(85.78), 'acc': 86.6, 'ndev': 872, 'ntest': 1821}","{'devacc': np.float64(85.91), 'acc': 92.6, 'ndev': 5452, 'ntest': 500}","{'devacc': np.float64(71.0), 'acc': 70.03, 'f1': 79.08, 'ndev': 4076, 'ntest': 1725}"
deberta-base,CLS+AVG+SUM_SUM-2-7,"torch.Size([61, 2304])",NORMAL,4,0,12,"{'devacc': np.float64(82.43), 'acc': np.float64(82.4), 'ndev': 10662, 'ntest': 10662}","{'devacc': np.float64(85.0), 'acc': np.float64(86.38), 'ndev': 3775, 'ntest': 3775}","{'devacc': np.float64(93.92), 'acc': np.float64(94.14), 'ndev': 10000, 'ntest': 10000}","{'devacc': np.float64(89.03), 'acc': np.float64(89.32), 'ndev': 10606, 'ntest': 10606}","{'devacc': np.float64(86.81), 'acc': 87.53, 'ndev': 872, 'ntest': 1821}","{'devacc': np.float64(86.35), 'acc': 93.2, 'ndev': 5452, 'ntest': 500}","{'devacc': np.float64(70.39), 'acc': 70.32, 'f1': 78.96, 'ndev': 4076, 'ntest': 1725}"
deberta-base,CLS+AVG+MAX_SUM-2-7,"torch.Size([61, 2304])",NORMAL,4,0,12,"{'devacc': np.float64(80.94), 'acc': np.float64(81.0), 'ndev': 10662, 'ntest': 10662}","{'devacc': np.float64(84.04), 'acc': np.float64(84.48), 'ndev': 3775, 'ntest': 3775}","{'devacc': np.float64(93.5), 'acc': np.float64(93.87), 'ndev': 10000, 'ntest': 10000}","{'devacc': np.float64(88.3), 'acc': np.float64(88.51), 'ndev': 10606, 'ntest': 10606}","{'devacc': np.float64(85.78), 'acc': 86.93, 'ndev': 872, 'ntest': 1821}","{'devacc': np.float64(88.37), 'acc': 93.6, 'ndev': 5452, 'ntest': 500}","{'devacc': np.float64(69.41), 'acc': 70.49, 'f1': 78.78, 'ndev': 4076, 'ntest': 1725}"
deberta-base,CLS+AVG+AVG-NS_SUM-2-7,"torch.Size([61, 2304])",NORMAL,4,0,12,"{'devacc': np.float64(82.57), 'acc': np.float64(82.49), 'ndev': 10662, 'ntest': 10662}","{'devacc': np.float64(85.98), 'acc': np.float64(86.41), 'ndev': 3775, 'ntest': 3775}","{'devacc': np.float64(94.62), 'acc': np.float64(94.63), 'ndev': 10000, 'ntest': 10000}","{'devacc': np.float64(88.92), 'acc': np.float64(89.04), 'ndev': 10606, 'ntest': 10606}","{'devacc': np.float64(87.5), 'acc': 89.18, 'ndev': 872, 'ntest': 1821}","{'devacc': np.float64(87.36), 'acc': 93.2, 'ndev': 5452, 'ntest': 500}","{'devacc': np.float64(75.93), 'acc': 74.96, 'f1': 82.01, 'ndev': 4076, 'ntest': 1725}"
deberta-base,CLS+AVG+SUM-NS_SUM-2-7,"torch.Size([61, 2304])",NORMAL,4,0,12,"{'devacc': np.float64(82.32), 'acc': np.float64(82.15), 'ndev': 10662, 'ntest': 10662}","{'devacc': np.float64(84.72), 'acc': np.float64(84.79), 'ndev': 3775, 'ntest': 3775}","{'devacc': np.float64(93.84), 'acc': np.float64(93.95), 'ndev': 10000, 'ntest': 10000}","{'devacc': np.float64(88.95), 'acc': np.float64(89.18), 'ndev': 10606, 'ntest': 10606}","{'devacc': np.float64(87.39), 'acc': 87.64, 'ndev': 872, 'ntest': 1821}","{'devacc': np.float64(86.67), 'acc': 93.4, 'ndev': 5452, 'ntest': 500}","{'devacc': np.float64(70.85), 'acc': 70.2, 'f1': 79.64, 'ndev': 4076, 'ntest': 1725}"
deberta-base,CLS+AVG+MAX-NS_SUM-2-7,"torch.Size([61, 2304])",NORMAL,4,0,12,"{'devacc': np.float64(80.96), 'acc': np.float64(80.92), 'ndev': 10662, 'ntest': 10662}","{'devacc': np.float64(66.45), 'acc': np.float64(68.37), 'ndev': 3775, 'ntest': 3775}","{'devacc': np.float64(93.5), 'acc': np.float64(93.83), 'ndev': 10000, 'ntest': 10000}","{'devacc': np.float64(58.0), 'acc': np.float64(49.43), 'ndev': 10606, 'ntest': 10606}","{'devacc': np.float64(86.35), 'acc': 87.42, 'ndev': 872, 'ntest': 1821}","{'devacc': np.float64(88.39), 'acc': 93.2, 'ndev': 5452, 'ntest': 500}","{'devacc': np.float64(69.72), 'acc': 71.01, 'f1': 79.24, 'ndev': 4076, 'ntest': 1725}"
deberta-base,CLS+SUM+MAX_SUM-2-7,"torch.Size([61, 2304])",NORMAL,4,0,12,"{'devacc': np.float64(82.32), 'acc': np.float64(82.32), 'ndev': 10662, 'ntest': 10662}","{'devacc': np.float64(85.02), 'acc': np.float64(85.88), 'ndev': 3775, 'ntest': 3775}","{'devacc': np.float64(93.94), 'acc': np.float64(94.12), 'ndev': 10000, 'ntest': 10000}","{'devacc': np.float64(88.26), 'acc': np.float64(88.31), 'ndev': 10606, 'ntest': 10606}","{'devacc': np.float64(86.93), 'acc': 87.15, 'ndev': 872, 'ntest': 1821}","{'devacc': np.float64(87.29), 'acc': 93.6, 'ndev': 5452, 'ntest': 500}","{'devacc': np.float64(70.02), 'acc': 70.84, 'f1': 79.86, 'ndev': 4076, 'ntest': 1725}"
deberta-base,CLS+SUM+AVG-NS_SUM-2-7,"torch.Size([61, 2304])",NORMAL,4,0,12,"{'devacc': np.float64(82.42), 'acc': np.float64(82.51), 'ndev': 10662, 'ntest': 10662}","{'devacc': np.float64(84.96), 'acc': np.float64(86.01), 'ndev': 3775, 'ntest': 3775}","{'devacc': np.float64(93.92), 'acc': np.float64(94.08), 'ndev': 10000, 'ntest': 10000}","{'devacc': np.float64(88.54), 'acc': np.float64(88.83), 'ndev': 10606, 'ntest': 10606}","{'devacc': np.float64(87.61), 'acc': 88.36, 'ndev': 872, 'ntest': 1821}","{'devacc': np.float64(86.68), 'acc': 93.4, 'ndev': 5452, 'ntest': 500}","{'devacc': np.float64(70.31), 'acc': 70.84, 'f1': 79.49, 'ndev': 4076, 'ntest': 1725}"
deberta-base,CLS+SUM+SUM-NS_SUM-2-7,"torch.Size([61, 2304])",NORMAL,4,0,12,"{'devacc': np.float64(82.39), 'acc': np.float64(82.31), 'ndev': 10662, 'ntest': 10662}","{'devacc': np.float64(84.93), 'acc': np.float64(85.46), 'ndev': 3775, 'ntest': 3775}","{'devacc': np.float64(93.83), 'acc': np.float64(93.87), 'ndev': 10000, 'ntest': 10000}","{'devacc': np.float64(89.08), 'acc': np.float64(89.16), 'ndev': 10606, 'ntest': 10606}","{'devacc': np.float64(87.16), 'acc': 87.59, 'ndev': 872, 'ntest': 1821}","{'devacc': np.float64(86.7), 'acc': 93.2, 'ndev': 5452, 'ntest': 500}","{'devacc': np.float64(70.78), 'acc': 70.14, 'f1': 79.52, 'ndev': 4076, 'ntest': 1725}"
deberta-base,CLS+SUM+MAX-NS_SUM-2-7,"torch.Size([61, 2304])",NORMAL,4,0,12,"{'devacc': np.float64(82.31), 'acc': np.float64(82.58), 'ndev': 10662, 'ntest': 10662}","{'devacc': np.float64(79.26), 'acc': np.float64(79.55), 'ndev': 3775, 'ntest': 3775}","{'devacc': np.float64(93.92), 'acc': np.float64(94.06), 'ndev': 10000, 'ntest': 10000}","{'devacc': np.float64(77.65), 'acc': np.float64(72.84), 'ndev': 10606, 'ntest': 10606}","{'devacc': np.float64(87.84), 'acc': 87.64, 'ndev': 872, 'ntest': 1821}","{'devacc': np.float64(87.2), 'acc': 93.8, 'ndev': 5452, 'ntest': 500}","{'devacc': np.float64(70.21), 'acc': 70.67, 'f1': 79.43, 'ndev': 4076, 'ntest': 1725}"
deberta-base,CLS+MAX+AVG-NS_SUM-2-7,"torch.Size([61, 2304])",NORMAL,4,0,12,"{'devacc': np.float64(80.78), 'acc': np.float64(80.74), 'ndev': 10662, 'ntest': 10662}","{'devacc': np.float64(84.21), 'acc': np.float64(84.42), 'ndev': 3775, 'ntest': 3775}","{'devacc': np.float64(93.61), 'acc': np.float64(94.05), 'ndev': 10000, 'ntest': 10000}","{'devacc': np.float64(87.83), 'acc': np.float64(87.69), 'ndev': 10606, 'ntest': 10606}","{'devacc': np.float64(85.67), 'acc': 86.11, 'ndev': 872, 'ntest': 1821}","{'devacc': np.float64(88.57), 'acc': 94.2, 'ndev': 5452, 'ntest': 500}","{'devacc': np.float64(69.8), 'acc': 70.49, 'f1': 78.85, 'ndev': 4076, 'ntest': 1725}"
deberta-base,CLS+MAX+SUM-NS_SUM-2-7,"torch.Size([61, 2304])",NORMAL,4,0,12,"{'devacc': np.float64(82.25), 'acc': np.float64(81.97), 'ndev': 10662, 'ntest': 10662}","{'devacc': np.float64(84.87), 'acc': np.float64(84.87), 'ndev': 3775, 'ntest': 3775}","{'devacc': np.float64(93.94), 'acc': np.float64(93.89), 'ndev': 10000, 'ntest': 10000}","{'devacc': np.float64(88.26), 'acc': np.float64(88.36), 'ndev': 10606, 'ntest': 10606}","{'devacc': np.float64(87.84), 'acc': 87.37, 'ndev': 872, 'ntest': 1821}","{'devacc': np.float64(87.38), 'acc': 93.8, 'ndev': 5452, 'ntest': 500}","{'devacc': np.float64(70.73), 'acc': 70.61, 'f1': 79.66, 'ndev': 4076, 'ntest': 1725}"
deberta-base,CLS+MAX+MAX-NS_SUM-2-7,"torch.Size([61, 2304])",NORMAL,4,0,12,"{'devacc': np.float64(77.86), 'acc': np.float64(77.69), 'ndev': 10662, 'ntest': 10662}","{'devacc': np.float64(66.15), 'acc': np.float64(65.72), 'ndev': 3775, 'ntest': 3775}","{'devacc': np.float64(91.58), 'acc': np.float64(91.64), 'ndev': 10000, 'ntest': 10000}","{'devacc': np.float64(86.67), 'acc': np.float64(84.83), 'ndev': 10606, 'ntest': 10606}","{'devacc': np.float64(83.26), 'acc': 81.99, 'ndev': 872, 'ntest': 1821}","{'devacc': np.float64(86.76), 'acc': 92.6, 'ndev': 5452, 'ntest': 500}","{'devacc': np.float64(68.5), 'acc': 70.38, 'f1': 78.73, 'ndev': 4076, 'ntest': 1725}"
deberta-base,CLS+AVG-NS+SUM-NS_SUM-2-7,"torch.Size([61, 2304])",NORMAL,4,0,12,"{'devacc': np.float64(82.32), 'acc': np.float64(82.02), 'ndev': 10662, 'ntest': 10662}","{'devacc': np.float64(84.69), 'acc': np.float64(84.82), 'ndev': 3775, 'ntest': 3775}","{'devacc': np.float64(93.88), 'acc': np.float64(93.95), 'ndev': 10000, 'ntest': 10000}","{'devacc': np.float64(88.46), 'acc': np.float64(88.76), 'ndev': 10606, 'ntest': 10606}","{'devacc': np.float64(88.19), 'acc': 87.7, 'ndev': 872, 'ntest': 1821}","{'devacc': np.float64(86.7), 'acc': 94.4, 'ndev': 5452, 'ntest': 500}","{'devacc': np.float64(70.75), 'acc': 70.67, 'f1': 79.86, 'ndev': 4076, 'ntest': 1725}"
deberta-base,CLS+AVG-NS+MAX-NS_SUM-2-7,"torch.Size([61, 2304])",NORMAL,4,0,12,"{'devacc': np.float64(80.72), 'acc': np.float64(80.83), 'ndev': 10662, 'ntest': 10662}","{'devacc': np.float64(66.27), 'acc': np.float64(65.93), 'ndev': 3775, 'ntest': 3775}","{'devacc': np.float64(93.59), 'acc': np.float64(93.86), 'ndev': 10000, 'ntest': 10000}","{'devacc': np.float64(78.91), 'acc': np.float64(87.13), 'ndev': 10606, 'ntest': 10606}","{'devacc': np.float64(85.67), 'acc': 86.55, 'ndev': 872, 'ntest': 1821}","{'devacc': np.float64(88.74), 'acc': 93.6, 'ndev': 5452, 'ntest': 500}","{'devacc': np.float64(69.97), 'acc': 71.42, 'f1': 79.4, 'ndev': 4076, 'ntest': 1725}"
deberta-base,CLS+SUM-NS+MAX-NS_SUM-2-7,"torch.Size([61, 2304])",NORMAL,4,0,12,"{'devacc': np.float64(82.2), 'acc': np.float64(81.81), 'ndev': 10662, 'ntest': 10662}","{'devacc': np.float64(79.46), 'acc': np.float64(74.67), 'ndev': 3775, 'ntest': 3775}","{'devacc': np.float64(93.91), 'acc': np.float64(93.93), 'ndev': 10000, 'ntest': 10000}","{'devacc': np.float64(82.74), 'acc': np.float64(72.87), 'ndev': 10606, 'ntest': 10606}","{'devacc': np.float64(87.96), 'acc': 87.59, 'ndev': 872, 'ntest': 1821}","{'devacc': np.float64(87.4), 'acc': 93.6, 'ndev': 5452, 'ntest': 500}","{'devacc': np.float64(71.1), 'acc': 70.09, 'f1': 79.11, 'ndev': 4076, 'ntest': 1725}"
deberta-base,AVG+SUM+MAX_SUM-2-7,"torch.Size([61, 2304])",NORMAL,4,0,12,"{'devacc': np.float64(82.31), 'acc': np.float64(82.32), 'ndev': 10662, 'ntest': 10662}","{'devacc': np.float64(85.07), 'acc': np.float64(85.96), 'ndev': 3775, 'ntest': 3775}","{'devacc': np.float64(93.93), 'acc': np.float64(94.06), 'ndev': 10000, 'ntest': 10000}","{'devacc': np.float64(88.16), 'acc': np.float64(88.27), 'ndev': 10606, 'ntest': 10606}","{'devacc': np.float64(86.7), 'acc': 87.59, 'ndev': 872, 'ntest': 1821}","{'devacc': np.float64(87.25), 'acc': 93.8, 'ndev': 5452, 'ntest': 500}","{'devacc': np.float64(70.51), 'acc': 70.61, 'f1': 79.47, 'ndev': 4076, 'ntest': 1725}"
deberta-base,AVG+SUM+AVG-NS_SUM-2-7,"torch.Size([61, 2304])",NORMAL,4,0,12,"{'devacc': np.float64(82.41), 'acc': np.float64(82.59), 'ndev': 10662, 'ntest': 10662}","{'devacc': np.float64(84.94), 'acc': np.float64(86.17), 'ndev': 3775, 'ntest': 3775}","{'devacc': np.float64(93.93), 'acc': np.float64(94.09), 'ndev': 10000, 'ntest': 10000}","{'devacc': np.float64(88.47), 'acc': np.float64(88.86), 'ndev': 10606, 'ntest': 10606}","{'devacc': np.float64(87.61), 'acc': 88.3, 'ndev': 872, 'ntest': 1821}","{'devacc': np.float64(86.68), 'acc': 93.6, 'ndev': 5452, 'ntest': 500}","{'devacc': np.float64(70.07), 'acc': 69.91, 'f1': 78.91, 'ndev': 4076, 'ntest': 1725}"
deberta-base,AVG+SUM+SUM-NS_SUM-2-7,"torch.Size([61, 2304])",NORMAL,4,0,12,"{'devacc': np.float64(82.37), 'acc': np.float64(82.19), 'ndev': 10662, 'ntest': 10662}","{'devacc': np.float64(84.92), 'acc': np.float64(85.54), 'ndev': 3775, 'ntest': 3775}","{'devacc': np.float64(93.81), 'acc': np.float64(93.92), 'ndev': 10000, 'ntest': 10000}","{'devacc': np.float64(88.99), 'acc': np.float64(89.21), 'ndev': 10606, 'ntest': 10606}","{'devacc': np.float64(86.93), 'acc': 86.88, 'ndev': 872, 'ntest': 1821}","{'devacc': np.float64(86.72), 'acc': 93.8, 'ndev': 5452, 'ntest': 500}","{'devacc': np.float64(70.66), 'acc': 70.96, 'f1': 80.06, 'ndev': 4076, 'ntest': 1725}"
deberta-base,AVG+SUM+MAX-NS_SUM-2-7,"torch.Size([61, 2304])",NORMAL,4,0,12,"{'devacc': np.float64(82.26), 'acc': np.float64(82.29), 'ndev': 10662, 'ntest': 10662}","{'devacc': np.float64(79.58), 'acc': np.float64(80.05), 'ndev': 3775, 'ntest': 3775}","{'devacc': np.float64(93.95), 'acc': np.float64(94.13), 'ndev': 10000, 'ntest': 10000}","{'devacc': np.float64(77.8), 'acc': np.float64(72.76), 'ndev': 10606, 'ntest': 10606}","{'devacc': np.float64(87.16), 'acc': 87.59, 'ndev': 872, 'ntest': 1821}","{'devacc': np.float64(87.16), 'acc': 94.0, 'ndev': 5452, 'ntest': 500}","{'devacc': np.float64(70.36), 'acc': 69.97, 'f1': 79.1, 'ndev': 4076, 'ntest': 1725}"
deberta-base,AVG+MAX+AVG-NS_SUM-2-7,"torch.Size([61, 2304])",NORMAL,4,0,12,"{'devacc': np.float64(80.76), 'acc': np.float64(80.85), 'ndev': 10662, 'ntest': 10662}","{'devacc': np.float64(85.01), 'acc': np.float64(84.74), 'ndev': 3775, 'ntest': 3775}","{'devacc': np.float64(93.92), 'acc': np.float64(94.03), 'ndev': 10000, 'ntest': 10000}","{'devacc': np.float64(87.72), 'acc': np.float64(87.96), 'ndev': 10606, 'ntest': 10606}","{'devacc': np.float64(85.44), 'acc': 87.59, 'ndev': 872, 'ntest': 1821}","{'devacc': np.float64(89.09), 'acc': 95.0, 'ndev': 5452, 'ntest': 500}","{'devacc': np.float64(70.56), 'acc': 72.41, 'f1': 80.28, 'ndev': 4076, 'ntest': 1725}"
deberta-base,AVG+MAX+SUM-NS_SUM-2-7,"torch.Size([61, 2304])",NORMAL,4,0,12,"{'devacc': np.float64(82.28), 'acc': np.float64(81.83), 'ndev': 10662, 'ntest': 10662}","{'devacc': np.float64(84.84), 'acc': np.float64(84.93), 'ndev': 3775, 'ntest': 3775}","{'devacc': np.float64(93.93), 'acc': np.float64(93.98), 'ndev': 10000, 'ntest': 10000}","{'devacc': np.float64(88.18), 'acc': np.float64(88.17), 'ndev': 10606, 'ntest': 10606}","{'devacc': np.float64(87.61), 'acc': 86.99, 'ndev': 872, 'ntest': 1821}","{'devacc': np.float64(87.36), 'acc': 93.4, 'ndev': 5452, 'ntest': 500}","{'devacc': np.float64(70.9), 'acc': 70.2, 'f1': 79.37, 'ndev': 4076, 'ntest': 1725}"
deberta-base,AVG+MAX+MAX-NS_SUM-2-7,"torch.Size([61, 2304])",NORMAL,4,0,12,"{'devacc': np.float64(80.94), 'acc': np.float64(81.32), 'ndev': 10662, 'ntest': 10662}","{'devacc': np.float64(66.82), 'acc': np.float64(65.83), 'ndev': 3775, 'ntest': 3775}","{'devacc': np.float64(93.02), 'acc': np.float64(93.19), 'ndev': 10000, 'ntest': 10000}","{'devacc': np.float64(88.01), 'acc': np.float64(87.53), 'ndev': 10606, 'ntest': 10606}","{'devacc': np.float64(86.01), 'acc': 87.31, 'ndev': 872, 'ntest': 1821}","{'devacc': np.float64(87.88), 'acc': 93.0, 'ndev': 5452, 'ntest': 500}","{'devacc': np.float64(70.0), 'acc': 70.9, 'f1': 78.93, 'ndev': 4076, 'ntest': 1725}"
deberta-base,AVG+AVG-NS+SUM-NS_SUM-2-7,"torch.Size([61, 2304])",NORMAL,4,0,12,"{'devacc': np.float64(82.33), 'acc': np.float64(82.06), 'ndev': 10662, 'ntest': 10662}","{'devacc': np.float64(84.71), 'acc': np.float64(84.74), 'ndev': 3775, 'ntest': 3775}","{'devacc': np.float64(93.89), 'acc': np.float64(93.99), 'ndev': 10000, 'ntest': 10000}","{'devacc': np.float64(88.36), 'acc': np.float64(88.73), 'ndev': 10606, 'ntest': 10606}","{'devacc': np.float64(87.96), 'acc': 87.53, 'ndev': 872, 'ntest': 1821}","{'devacc': np.float64(86.85), 'acc': 93.8, 'ndev': 5452, 'ntest': 500}","{'devacc': np.float64(70.44), 'acc': 70.32, 'f1': 79.6, 'ndev': 4076, 'ntest': 1725}"
deberta-base,AVG+AVG-NS+MAX-NS_SUM-2-7,"torch.Size([61, 2304])",NORMAL,4,0,12,"{'devacc': np.float64(80.86), 'acc': np.float64(81.13), 'ndev': 10662, 'ntest': 10662}","{'devacc': np.float64(66.54), 'acc': np.float64(66.04), 'ndev': 3775, 'ntest': 3775}","{'devacc': np.float64(93.9), 'acc': np.float64(94.02), 'ndev': 10000, 'ntest': 10000}","{'devacc': np.float64(79.39), 'acc': np.float64(84.06), 'ndev': 10606, 'ntest': 10606}","{'devacc': np.float64(86.12), 'acc': 87.1, 'ndev': 872, 'ntest': 1821}","{'devacc': np.float64(88.98), 'acc': 93.8, 'ndev': 5452, 'ntest': 500}","{'devacc': np.float64(70.95), 'acc': 71.59, 'f1': 79.36, 'ndev': 4076, 'ntest': 1725}"
deberta-base,AVG+SUM-NS+MAX-NS_SUM-2-7,"torch.Size([61, 2304])",NORMAL,4,0,12,"{'devacc': np.float64(82.22), 'acc': np.float64(82.04), 'ndev': 10662, 'ntest': 10662}","{'devacc': np.float64(79.1), 'acc': np.float64(79.84), 'ndev': 3775, 'ntest': 3775}","{'devacc': np.float64(93.93), 'acc': np.float64(93.98), 'ndev': 10000, 'ntest': 10000}","{'devacc': np.float64(80.25), 'acc': np.float64(72.69), 'ndev': 10606, 'ntest': 10606}","{'devacc': np.float64(88.07), 'acc': 87.86, 'ndev': 872, 'ntest': 1821}","{'devacc': np.float64(87.31), 'acc': 93.6, 'ndev': 5452, 'ntest': 500}","{'devacc': np.float64(70.78), 'acc': 69.51, 'f1': 78.88, 'ndev': 4076, 'ntest': 1725}"
deberta-base,SUM+MAX+AVG-NS_SUM-2-7,"torch.Size([61, 2304])",NORMAL,4,0,12,"{'devacc': np.float64(82.31), 'acc': np.float64(82.33), 'ndev': 10662, 'ntest': 10662}","{'devacc': np.float64(84.99), 'acc': np.float64(85.7), 'ndev': 3775, 'ntest': 3775}","{'devacc': np.float64(93.94), 'acc': np.float64(94.07), 'ndev': 10000, 'ntest': 10000}","{'devacc': np.float64(88.05), 'acc': np.float64(88.47), 'ndev': 10606, 'ntest': 10606}","{'devacc': np.float64(87.27), 'acc': 87.7, 'ndev': 872, 'ntest': 1821}","{'devacc': np.float64(87.12), 'acc': 93.4, 'ndev': 5452, 'ntest': 500}","{'devacc': np.float64(70.21), 'acc': 71.01, 'f1': 79.9, 'ndev': 4076, 'ntest': 1725}"
deberta-base,SUM+MAX+SUM-NS_SUM-2-7,"torch.Size([61, 2304])",NORMAL,4,0,12,"{'devacc': np.float64(82.31), 'acc': np.float64(82.11), 'ndev': 10662, 'ntest': 10662}","{'devacc': np.float64(85.03), 'acc': np.float64(85.78), 'ndev': 3775, 'ntest': 3775}","{'devacc': np.float64(93.84), 'acc': np.float64(93.81), 'ndev': 10000, 'ntest': 10000}","{'devacc': np.float64(88.36), 'acc': np.float64(88.48), 'ndev': 10606, 'ntest': 10606}","{'devacc': np.float64(87.27), 'acc': 87.15, 'ndev': 872, 'ntest': 1821}","{'devacc': np.float64(87.11), 'acc': 93.4, 'ndev': 5452, 'ntest': 500}","{'devacc': np.float64(70.88), 'acc': 70.03, 'f1': 79.48, 'ndev': 4076, 'ntest': 1725}"
deberta-base,SUM+MAX+MAX-NS_SUM-2-7,"torch.Size([61, 2304])",NORMAL,4,0,12,"{'devacc': np.float64(82.18), 'acc': np.float64(82.22), 'ndev': 10662, 'ntest': 10662}","{'devacc': np.float64(79.0), 'acc': np.float64(79.89), 'ndev': 3775, 'ntest': 3775}","{'devacc': np.float64(93.98), 'acc': np.float64(93.94), 'ndev': 10000, 'ntest': 10000}","{'devacc': np.float64(85.79), 'acc': np.float64(89.95), 'ndev': 10606, 'ntest': 10606}","{'devacc': np.float64(86.93), 'acc': 87.15, 'ndev': 872, 'ntest': 1821}","{'devacc': np.float64(87.66), 'acc': 94.0, 'ndev': 5452, 'ntest': 500}","{'devacc': np.float64(70.26), 'acc': 70.72, 'f1': 79.05, 'ndev': 4076, 'ntest': 1725}"
deberta-base,SUM+AVG-NS+SUM-NS_SUM-2-7,"torch.Size([61, 2304])",NORMAL,4,0,12,"{'devacc': np.float64(82.4), 'acc': np.float64(82.26), 'ndev': 10662, 'ntest': 10662}","{'devacc': np.float64(84.89), 'acc': np.float64(85.8), 'ndev': 3775, 'ntest': 3775}","{'devacc': np.float64(93.81), 'acc': np.float64(93.92), 'ndev': 10000, 'ntest': 10000}","{'devacc': np.float64(88.49), 'acc': np.float64(88.82), 'ndev': 10606, 'ntest': 10606}","{'devacc': np.float64(87.16), 'acc': 87.81, 'ndev': 872, 'ntest': 1821}","{'devacc': np.float64(86.72), 'acc': 93.8, 'ndev': 5452, 'ntest': 500}","{'devacc': np.float64(70.51), 'acc': 70.14, 'f1': 79.56, 'ndev': 4076, 'ntest': 1725}"
deberta-base,SUM+AVG-NS+MAX-NS_SUM-2-7,"torch.Size([61, 2304])",NORMAL,4,0,12,"{'devacc': np.float64(82.28), 'acc': np.float64(82.34), 'ndev': 10662, 'ntest': 10662}","{'devacc': np.float64(79.47), 'acc': np.float64(75.31), 'ndev': 3775, 'ntest': 3775}","{'devacc': np.float64(93.96), 'acc': np.float64(94.12), 'ndev': 10000, 'ntest': 10000}","{'devacc': np.float64(77.82), 'acc': np.float64(72.79), 'ndev': 10606, 'ntest': 10606}","{'devacc': np.float64(87.39), 'acc': 87.86, 'ndev': 872, 'ntest': 1821}","{'devacc': np.float64(87.03), 'acc': 93.2, 'ndev': 5452, 'ntest': 500}","{'devacc': np.float64(70.63), 'acc': 70.78, 'f1': 79.84, 'ndev': 4076, 'ntest': 1725}"
deberta-base,SUM+SUM-NS+MAX-NS_SUM-2-7,"torch.Size([61, 2304])",NORMAL,4,0,12,"{'devacc': np.float64(82.27), 'acc': np.float64(82.05), 'ndev': 10662, 'ntest': 10662}","{'devacc': np.float64(80.5), 'acc': np.float64(79.1), 'ndev': 3775, 'ntest': 3775}","{'devacc': np.float64(93.87), 'acc': np.float64(93.99), 'ndev': 10000, 'ntest': 10000}","{'devacc': np.float64(89.03), 'acc': np.float64(87.06), 'ndev': 10606, 'ntest': 10606}","{'devacc': np.float64(87.16), 'acc': 87.64, 'ndev': 872, 'ntest': 1821}","{'devacc': np.float64(86.94), 'acc': 93.8, 'ndev': 5452, 'ntest': 500}","{'devacc': np.float64(70.88), 'acc': 70.14, 'f1': 79.21, 'ndev': 4076, 'ntest': 1725}"
deberta-base,MAX+AVG-NS+SUM-NS_SUM-2-7,"torch.Size([61, 2304])",NORMAL,4,0,12,"{'devacc': np.float64(82.19), 'acc': np.float64(81.98), 'ndev': 10662, 'ntest': 10662}","{'devacc': np.float64(84.85), 'acc': np.float64(84.9), 'ndev': 3775, 'ntest': 3775}","{'devacc': np.float64(93.95), 'acc': np.float64(93.88), 'ndev': 10000, 'ntest': 10000}","{'devacc': np.float64(87.97), 'acc': np.float64(88.3), 'ndev': 10606, 'ntest': 10606}","{'devacc': np.float64(87.73), 'acc': 87.42, 'ndev': 872, 'ntest': 1821}","{'devacc': np.float64(87.4), 'acc': 94.0, 'ndev': 5452, 'ntest': 500}","{'devacc': np.float64(70.98), 'acc': 70.03, 'f1': 79.18, 'ndev': 4076, 'ntest': 1725}"
deberta-base,MAX+AVG-NS+MAX-NS_SUM-2-7,"torch.Size([61, 2304])",NORMAL,4,0,12,"{'devacc': np.float64(80.88), 'acc': np.float64(80.74), 'ndev': 10662, 'ntest': 10662}","{'devacc': np.float64(67.03), 'acc': np.float64(65.83), 'ndev': 3775, 'ntest': 3775}","{'devacc': np.float64(93.1), 'acc': np.float64(93.27), 'ndev': 10000, 'ntest': 10000}","{'devacc': np.float64(87.63), 'acc': np.float64(89.62), 'ndev': 10606, 'ntest': 10606}","{'devacc': np.float64(85.44), 'acc': 86.27, 'ndev': 872, 'ntest': 1821}","{'devacc': np.float64(87.88), 'acc': 94.0, 'ndev': 5452, 'ntest': 500}","{'devacc': np.float64(69.77), 'acc': 70.26, 'f1': 78.51, 'ndev': 4076, 'ntest': 1725}"
deberta-base,MAX+SUM-NS+MAX-NS_SUM-2-7,"torch.Size([61, 2304])",NORMAL,4,0,12,"{'devacc': np.float64(82.14), 'acc': np.float64(81.82), 'ndev': 10662, 'ntest': 10662}","{'devacc': np.float64(78.43), 'acc': np.float64(78.73), 'ndev': 3775, 'ntest': 3775}","{'devacc': np.float64(93.98), 'acc': np.float64(93.82), 'ndev': 10000, 'ntest': 10000}","{'devacc': np.float64(85.68), 'acc': np.float64(89.9), 'ndev': 10606, 'ntest': 10606}","{'devacc': np.float64(87.96), 'acc': 87.37, 'ndev': 872, 'ntest': 1821}","{'devacc': np.float64(87.82), 'acc': 93.4, 'ndev': 5452, 'ntest': 500}","{'devacc': np.float64(70.48), 'acc': 70.67, 'f1': 79.73, 'ndev': 4076, 'ntest': 1725}"
deberta-base,AVG-NS+SUM-NS+MAX-NS_SUM-2-7,"torch.Size([61, 2304])",NORMAL,4,0,12,"{'devacc': np.float64(82.24), 'acc': np.float64(81.92), 'ndev': 10662, 'ntest': 10662}","{'devacc': np.float64(78.67), 'acc': np.float64(74.28), 'ndev': 3775, 'ntest': 3775}","{'devacc': np.float64(93.92), 'acc': np.float64(93.97), 'ndev': 10000, 'ntest': 10000}","{'devacc': np.float64(82.46), 'acc': np.float64(85.41), 'ndev': 10606, 'ntest': 10606}","{'devacc': np.float64(87.73), 'acc': 88.08, 'ndev': 872, 'ntest': 1821}","{'devacc': np.float64(87.42), 'acc': 93.8, 'ndev': 5452, 'ntest': 500}","{'devacc': np.float64(70.68), 'acc': 69.97, 'f1': 79.1, 'ndev': 4076, 'ntest': 1725}"
deberta-base,CLS+AVG+SUM_SUM-3-8,"torch.Size([61, 2304])",NORMAL,4,0,12,"{'devacc': np.float64(83.76), 'acc': np.float64(83.75), 'ndev': 10662, 'ntest': 10662}","{'devacc': np.float64(86.43), 'acc': np.float64(86.89), 'ndev': 3775, 'ntest': 3775}","{'devacc': np.float64(94.27), 'acc': np.float64(94.4), 'ndev': 10000, 'ntest': 10000}","{'devacc': np.float64(89.06), 'acc': np.float64(89.25), 'ndev': 10606, 'ntest': 10606}","{'devacc': np.float64(89.33), 'acc': 88.74, 'ndev': 872, 'ntest': 1821}","{'devacc': np.float64(87.25), 'acc': 93.8, 'ndev': 5452, 'ntest': 500}","{'devacc': np.float64(70.56), 'acc': 71.25, 'f1': 80.06, 'ndev': 4076, 'ntest': 1725}"
deberta-base,CLS+AVG+MAX_SUM-3-8,"torch.Size([61, 2304])",NORMAL,4,0,12,"{'devacc': np.float64(82.68), 'acc': np.float64(82.93), 'ndev': 10662, 'ntest': 10662}","{'devacc': np.float64(86.24), 'acc': np.float64(86.28), 'ndev': 3775, 'ntest': 3775}","{'devacc': np.float64(94.0), 'acc': np.float64(93.95), 'ndev': 10000, 'ntest': 10000}","{'devacc': np.float64(88.23), 'acc': np.float64(88.72), 'ndev': 10606, 'ntest': 10606}","{'devacc': np.float64(88.3), 'acc': 88.91, 'ndev': 872, 'ntest': 1821}","{'devacc': np.float64(88.92), 'acc': 94.8, 'ndev': 5452, 'ntest': 500}","{'devacc': np.float64(69.95), 'acc': 70.96, 'f1': 79.13, 'ndev': 4076, 'ntest': 1725}"
deberta-base,CLS+AVG+AVG-NS_SUM-3-8,"torch.Size([61, 2304])",NORMAL,4,0,12,"{'devacc': np.float64(84.0), 'acc': np.float64(83.9), 'ndev': 10662, 'ntest': 10662}","{'devacc': np.float64(87.7), 'acc': np.float64(88.21), 'ndev': 3775, 'ntest': 3775}","{'devacc': np.float64(94.95), 'acc': np.float64(95.08), 'ndev': 10000, 'ntest': 10000}","{'devacc': np.float64(89.03), 'acc': np.float64(89.41), 'ndev': 10606, 'ntest': 10606}","{'devacc': np.float64(89.33), 'acc': 90.12, 'ndev': 872, 'ntest': 1821}","{'devacc': np.float64(87.73), 'acc': 94.8, 'ndev': 5452, 'ntest': 500}","{'devacc': np.float64(75.86), 'acc': 75.48, 'f1': 82.32, 'ndev': 4076, 'ntest': 1725}"
deberta-base,CLS+AVG+SUM-NS_SUM-3-8,"torch.Size([61, 2304])",NORMAL,4,0,12,"{'devacc': np.float64(83.74), 'acc': np.float64(83.74), 'ndev': 10662, 'ntest': 10662}","{'devacc': np.float64(86.34), 'acc': np.float64(86.25), 'ndev': 3775, 'ntest': 3775}","{'devacc': np.float64(94.27), 'acc': np.float64(94.36), 'ndev': 10000, 'ntest': 10000}","{'devacc': np.float64(89.0), 'acc': np.float64(89.4), 'ndev': 10606, 'ntest': 10606}","{'devacc': np.float64(89.45), 'acc': 89.18, 'ndev': 872, 'ntest': 1821}","{'devacc': np.float64(87.2), 'acc': 94.2, 'ndev': 5452, 'ntest': 500}","{'devacc': np.float64(70.48), 'acc': 70.09, 'f1': 79.19, 'ndev': 4076, 'ntest': 1725}"
deberta-base,CLS+AVG+MAX-NS_SUM-3-8,"torch.Size([61, 2304])",NORMAL,4,0,12,"{'devacc': np.float64(82.71), 'acc': np.float64(82.75), 'ndev': 10662, 'ntest': 10662}","{'devacc': np.float64(67.99), 'acc': np.float64(67.18), 'ndev': 3775, 'ntest': 3775}","{'devacc': np.float64(93.95), 'acc': np.float64(93.9), 'ndev': 10000, 'ntest': 10000}","{'devacc': np.float64(58.1), 'acc': np.float64(49.37), 'ndev': 10606, 'ntest': 10606}","{'devacc': np.float64(88.42), 'acc': 88.36, 'ndev': 872, 'ntest': 1821}","{'devacc': np.float64(88.89), 'acc': 93.4, 'ndev': 5452, 'ntest': 500}","{'devacc': np.float64(70.29), 'acc': 70.32, 'f1': 78.52, 'ndev': 4076, 'ntest': 1725}"
deberta-base,CLS+SUM+MAX_SUM-3-8,"torch.Size([61, 2304])",NORMAL,4,0,12,"{'devacc': np.float64(83.59), 'acc': np.float64(83.76), 'ndev': 10662, 'ntest': 10662}","{'devacc': np.float64(86.7), 'acc': np.float64(87.2), 'ndev': 3775, 'ntest': 3775}","{'devacc': np.float64(94.3), 'acc': np.float64(94.36), 'ndev': 10000, 'ntest': 10000}","{'devacc': np.float64(88.36), 'acc': np.float64(88.65), 'ndev': 10606, 'ntest': 10606}","{'devacc': np.float64(88.99), 'acc': 88.85, 'ndev': 872, 'ntest': 1821}","{'devacc': np.float64(88.0), 'acc': 93.6, 'ndev': 5452, 'ntest': 500}","{'devacc': np.float64(70.61), 'acc': 70.26, 'f1': 78.79, 'ndev': 4076, 'ntest': 1725}"
deberta-base,CLS+SUM+AVG-NS_SUM-3-8,"torch.Size([61, 2304])",NORMAL,4,0,12,"{'devacc': np.float64(83.71), 'acc': np.float64(83.74), 'ndev': 10662, 'ntest': 10662}","{'devacc': np.float64(86.51), 'acc': np.float64(86.67), 'ndev': 3775, 'ntest': 3775}","{'devacc': np.float64(94.28), 'acc': np.float64(94.4), 'ndev': 10000, 'ntest': 10000}","{'devacc': np.float64(88.51), 'acc': np.float64(88.86), 'ndev': 10606, 'ntest': 10606}","{'devacc': np.float64(89.11), 'acc': 89.07, 'ndev': 872, 'ntest': 1821}","{'devacc': np.float64(87.34), 'acc': 93.8, 'ndev': 5452, 'ntest': 500}","{'devacc': np.float64(70.63), 'acc': 71.13, 'f1': 80.14, 'ndev': 4076, 'ntest': 1725}"
deberta-base,CLS+SUM+SUM-NS_SUM-3-8,"torch.Size([61, 2304])",NORMAL,4,0,12,"{'devacc': np.float64(83.72), 'acc': np.float64(83.79), 'ndev': 10662, 'ntest': 10662}","{'devacc': np.float64(86.43), 'acc': np.float64(86.99), 'ndev': 3775, 'ntest': 3775}","{'devacc': np.float64(94.3), 'acc': np.float64(94.52), 'ndev': 10000, 'ntest': 10000}","{'devacc': np.float64(89.06), 'acc': np.float64(89.52), 'ndev': 10606, 'ntest': 10606}","{'devacc': np.float64(88.88), 'acc': 88.52, 'ndev': 872, 'ntest': 1821}","{'devacc': np.float64(87.2), 'acc': 95.0, 'ndev': 5452, 'ntest': 500}","{'devacc': np.float64(70.56), 'acc': 70.32, 'f1': 79.44, 'ndev': 4076, 'ntest': 1725}"
deberta-base,CLS+SUM+MAX-NS_SUM-3-8,"torch.Size([61, 2304])",NORMAL,4,0,12,"{'devacc': np.float64(83.53), 'acc': np.float64(83.47), 'ndev': 10662, 'ntest': 10662}","{'devacc': np.float64(82.19), 'acc': np.float64(80.61), 'ndev': 3775, 'ntest': 3775}","{'devacc': np.float64(94.32), 'acc': np.float64(94.37), 'ndev': 10000, 'ntest': 10000}","{'devacc': np.float64(79.52), 'acc': np.float64(75.29), 'ndev': 10606, 'ntest': 10606}","{'devacc': np.float64(88.65), 'acc': 89.02, 'ndev': 872, 'ntest': 1821}","{'devacc': np.float64(87.75), 'acc': 94.0, 'ndev': 5452, 'ntest': 500}","{'devacc': np.float64(70.83), 'acc': 71.07, 'f1': 79.57, 'ndev': 4076, 'ntest': 1725}"
deberta-base,CLS+MAX+AVG-NS_SUM-3-8,"torch.Size([61, 2304])",NORMAL,4,0,12,"{'devacc': np.float64(82.62), 'acc': np.float64(82.75), 'ndev': 10662, 'ntest': 10662}","{'devacc': np.float64(86.3), 'acc': np.float64(86.17), 'ndev': 3775, 'ntest': 3775}","{'devacc': np.float64(94.12), 'acc': np.float64(93.93), 'ndev': 10000, 'ntest': 10000}","{'devacc': np.float64(88.06), 'acc': np.float64(88.53), 'ndev': 10606, 'ntest': 10606}","{'devacc': np.float64(86.47), 'acc': 88.58, 'ndev': 872, 'ntest': 1821}","{'devacc': np.float64(89.36), 'acc': 94.2, 'ndev': 5452, 'ntest': 500}","{'devacc': np.float64(70.41), 'acc': 70.14, 'f1': 78.44, 'ndev': 4076, 'ntest': 1725}"
deberta-base,CLS+MAX+SUM-NS_SUM-3-8,"torch.Size([61, 2304])",NORMAL,4,0,12,"{'devacc': np.float64(83.56), 'acc': np.float64(83.68), 'ndev': 10662, 'ntest': 10662}","{'devacc': np.float64(86.56), 'acc': np.float64(86.54), 'ndev': 3775, 'ntest': 3775}","{'devacc': np.float64(94.34), 'acc': np.float64(94.41), 'ndev': 10000, 'ntest': 10000}","{'devacc': np.float64(88.3), 'acc': np.float64(88.61), 'ndev': 10606, 'ntest': 10606}","{'devacc': np.float64(89.79), 'acc': 89.07, 'ndev': 872, 'ntest': 1821}","{'devacc': np.float64(87.82), 'acc': 94.2, 'ndev': 5452, 'ntest': 500}","{'devacc': np.float64(70.66), 'acc': 70.49, 'f1': 78.99, 'ndev': 4076, 'ntest': 1725}"
deberta-base,CLS+MAX+MAX-NS_SUM-3-8,"torch.Size([61, 2304])",NORMAL,4,0,12,"{'devacc': np.float64(79.81), 'acc': np.float64(79.81), 'ndev': 10662, 'ntest': 10662}","{'devacc': np.float64(67.41), 'acc': np.float64(65.9), 'ndev': 3775, 'ntest': 3775}","{'devacc': np.float64(91.96), 'acc': np.float64(92.32), 'ndev': 10000, 'ntest': 10000}","{'devacc': np.float64(86.65), 'acc': np.float64(88.85), 'ndev': 10606, 'ntest': 10606}","{'devacc': np.float64(84.98), 'acc': 86.11, 'ndev': 872, 'ntest': 1821}","{'devacc': np.float64(88.11), 'acc': 93.6, 'ndev': 5452, 'ntest': 500}","{'devacc': np.float64(68.79), 'acc': 68.99, 'f1': 77.53, 'ndev': 4076, 'ntest': 1725}"
deberta-base,CLS+AVG-NS+SUM-NS_SUM-3-8,"torch.Size([61, 2304])",NORMAL,4,0,12,"{'devacc': np.float64(83.69), 'acc': np.float64(83.64), 'ndev': 10662, 'ntest': 10662}","{'devacc': np.float64(86.28), 'acc': np.float64(86.46), 'ndev': 3775, 'ntest': 3775}","{'devacc': np.float64(94.27), 'acc': np.float64(94.4), 'ndev': 10000, 'ntest': 10000}","{'devacc': np.float64(88.45), 'acc': np.float64(88.77), 'ndev': 10606, 'ntest': 10606}","{'devacc': np.float64(89.33), 'acc': 89.07, 'ndev': 872, 'ntest': 1821}","{'devacc': np.float64(87.47), 'acc': 94.2, 'ndev': 5452, 'ntest': 500}","{'devacc': np.float64(70.56), 'acc': 70.67, 'f1': 79.28, 'ndev': 4076, 'ntest': 1725}"
deberta-base,CLS+AVG-NS+MAX-NS_SUM-3-8,"torch.Size([61, 2304])",NORMAL,4,0,12,"{'devacc': np.float64(82.65), 'acc': np.float64(82.65), 'ndev': 10662, 'ntest': 10662}","{'devacc': np.float64(68.81), 'acc': np.float64(68.66), 'ndev': 3775, 'ntest': 3775}","{'devacc': np.float64(94.02), 'acc': np.float64(93.99), 'ndev': 10000, 'ntest': 10000}","{'devacc': np.float64(80.02), 'acc': np.float64(85.52), 'ndev': 10606, 'ntest': 10606}","{'devacc': np.float64(87.84), 'acc': 88.74, 'ndev': 872, 'ntest': 1821}","{'devacc': np.float64(89.16), 'acc': 94.4, 'ndev': 5452, 'ntest': 500}","{'devacc': np.float64(70.39), 'acc': 70.72, 'f1': 78.97, 'ndev': 4076, 'ntest': 1725}"
deberta-base,CLS+SUM-NS+MAX-NS_SUM-3-8,"torch.Size([61, 2304])",NORMAL,4,0,12,"{'devacc': np.float64(83.56), 'acc': np.float64(83.66), 'ndev': 10662, 'ntest': 10662}","{'devacc': np.float64(81.58), 'acc': np.float64(81.48), 'ndev': 3775, 'ntest': 3775}","{'devacc': np.float64(94.35), 'acc': np.float64(94.36), 'ndev': 10000, 'ntest': 10000}","{'devacc': np.float64(78.92), 'acc': np.float64(83.55), 'ndev': 10606, 'ntest': 10606}","{'devacc': np.float64(89.91), 'acc': 88.91, 'ndev': 872, 'ntest': 1821}","{'devacc': np.float64(87.75), 'acc': 94.2, 'ndev': 5452, 'ntest': 500}","{'devacc': np.float64(70.8), 'acc': 69.33, 'f1': 78.42, 'ndev': 4076, 'ntest': 1725}"
deberta-base,AVG+SUM+MAX_SUM-3-8,"torch.Size([61, 2304])",NORMAL,4,0,12,"{'devacc': np.float64(83.6), 'acc': np.float64(83.75), 'ndev': 10662, 'ntest': 10662}","{'devacc': np.float64(86.7), 'acc': np.float64(86.91), 'ndev': 3775, 'ntest': 3775}","{'devacc': np.float64(94.33), 'acc': np.float64(94.43), 'ndev': 10000, 'ntest': 10000}","{'devacc': np.float64(88.25), 'acc': np.float64(88.61), 'ndev': 10606, 'ntest': 10606}","{'devacc': np.float64(88.88), 'acc': 88.85, 'ndev': 872, 'ntest': 1821}","{'devacc': np.float64(87.75), 'acc': 93.6, 'ndev': 5452, 'ntest': 500}","{'devacc': np.float64(70.56), 'acc': 71.42, 'f1': 80.54, 'ndev': 4076, 'ntest': 1725}"
deberta-base,AVG+SUM+AVG-NS_SUM-3-8,"torch.Size([61, 2304])",NORMAL,4,0,12,"{'devacc': np.float64(83.72), 'acc': np.float64(83.8), 'ndev': 10662, 'ntest': 10662}","{'devacc': np.float64(86.44), 'acc': np.float64(86.52), 'ndev': 3775, 'ntest': 3775}","{'devacc': np.float64(94.29), 'acc': np.float64(94.34), 'ndev': 10000, 'ntest': 10000}","{'devacc': np.float64(88.5), 'acc': np.float64(88.72), 'ndev': 10606, 'ntest': 10606}","{'devacc': np.float64(89.45), 'acc': 89.46, 'ndev': 872, 'ntest': 1821}","{'devacc': np.float64(87.44), 'acc': 93.6, 'ndev': 5452, 'ntest': 500}","{'devacc': np.float64(70.41), 'acc': 71.13, 'f1': 80.16, 'ndev': 4076, 'ntest': 1725}"
deberta-base,AVG+SUM+SUM-NS_SUM-3-8,"torch.Size([61, 2304])",NORMAL,4,0,12,"{'devacc': np.float64(83.72), 'acc': np.float64(83.62), 'ndev': 10662, 'ntest': 10662}","{'devacc': np.float64(86.44), 'acc': np.float64(87.13), 'ndev': 3775, 'ntest': 3775}","{'devacc': np.float64(94.31), 'acc': np.float64(94.23), 'ndev': 10000, 'ntest': 10000}","{'devacc': np.float64(88.98), 'acc': np.float64(89.23), 'ndev': 10606, 'ntest': 10606}","{'devacc': np.float64(88.76), 'acc': 88.52, 'ndev': 872, 'ntest': 1821}","{'devacc': np.float64(87.23), 'acc': 93.8, 'ndev': 5452, 'ntest': 500}","{'devacc': np.float64(70.93), 'acc': 70.72, 'f1': 79.94, 'ndev': 4076, 'ntest': 1725}"
deberta-base,AVG+SUM+MAX-NS_SUM-3-8,"torch.Size([61, 2304])",NORMAL,4,0,12,"{'devacc': np.float64(83.54), 'acc': np.float64(83.78), 'ndev': 10662, 'ntest': 10662}","{'devacc': np.float64(81.35), 'acc': np.float64(78.73), 'ndev': 3775, 'ntest': 3775}","{'devacc': np.float64(94.34), 'acc': np.float64(94.37), 'ndev': 10000, 'ntest': 10000}","{'devacc': np.float64(80.59), 'acc': np.float64(77.32), 'ndev': 10606, 'ntest': 10606}","{'devacc': np.float64(88.88), 'acc': 89.02, 'ndev': 872, 'ntest': 1821}","{'devacc': np.float64(87.82), 'acc': 93.2, 'ndev': 5452, 'ntest': 500}","{'devacc': np.float64(70.85), 'acc': 70.9, 'f1': 80.0, 'ndev': 4076, 'ntest': 1725}"
deberta-base,AVG+MAX+AVG-NS_SUM-3-8,"torch.Size([61, 2304])",NORMAL,4,0,12,"{'devacc': np.float64(82.72), 'acc': np.float64(83.03), 'ndev': 10662, 'ntest': 10662}","{'devacc': np.float64(87.08), 'acc': np.float64(87.07), 'ndev': 3775, 'ntest': 3775}","{'devacc': np.float64(94.36), 'acc': np.float64(94.26), 'ndev': 10000, 'ntest': 10000}","{'devacc': np.float64(87.93), 'acc': np.float64(88.39), 'ndev': 10606, 'ntest': 10606}","{'devacc': np.float64(88.07), 'acc': 88.69, 'ndev': 872, 'ntest': 1821}","{'devacc': np.float64(89.55), 'acc': 94.8, 'ndev': 5452, 'ntest': 500}","{'devacc': np.float64(71.17), 'acc': 72.7, 'f1': 80.08, 'ndev': 4076, 'ntest': 1725}"
deberta-base,AVG+MAX+SUM-NS_SUM-3-8,"torch.Size([61, 2304])",NORMAL,4,0,12,"{'devacc': np.float64(83.59), 'acc': np.float64(83.74), 'ndev': 10662, 'ntest': 10662}","{'devacc': np.float64(86.5), 'acc': np.float64(86.6), 'ndev': 3775, 'ntest': 3775}","{'devacc': np.float64(94.34), 'acc': np.float64(94.48), 'ndev': 10000, 'ntest': 10000}","{'devacc': np.float64(88.29), 'acc': np.float64(88.67), 'ndev': 10606, 'ntest': 10606}","{'devacc': np.float64(89.68), 'acc': 88.63, 'ndev': 872, 'ntest': 1821}","{'devacc': np.float64(87.71), 'acc': 94.4, 'ndev': 5452, 'ntest': 500}","{'devacc': np.float64(70.93), 'acc': 69.86, 'f1': 78.76, 'ndev': 4076, 'ntest': 1725}"
deberta-base,AVG+MAX+MAX-NS_SUM-3-8,"torch.Size([61, 2304])",NORMAL,4,0,12,"{'devacc': np.float64(82.66), 'acc': np.float64(82.78), 'ndev': 10662, 'ntest': 10662}","{'devacc': np.float64(67.0), 'acc': np.float64(66.06), 'ndev': 3775, 'ntest': 3775}","{'devacc': np.float64(93.43), 'acc': np.float64(93.46), 'ndev': 10000, 'ntest': 10000}","{'devacc': np.float64(88.86), 'acc': np.float64(84.05), 'ndev': 10606, 'ntest': 10606}","{'devacc': np.float64(87.27), 'acc': 88.14, 'ndev': 872, 'ntest': 1821}","{'devacc': np.float64(88.52), 'acc': 93.8, 'ndev': 5452, 'ntest': 500}","{'devacc': np.float64(69.6), 'acc': 70.55, 'f1': 78.74, 'ndev': 4076, 'ntest': 1725}"
deberta-base,AVG+AVG-NS+SUM-NS_SUM-3-8,"torch.Size([61, 2304])",NORMAL,4,0,12,"{'devacc': np.float64(83.75), 'acc': np.float64(83.78), 'ndev': 10662, 'ntest': 10662}","{'devacc': np.float64(86.33), 'acc': np.float64(86.57), 'ndev': 3775, 'ntest': 3775}","{'devacc': np.float64(94.3), 'acc': np.float64(94.38), 'ndev': 10000, 'ntest': 10000}","{'devacc': np.float64(88.45), 'acc': np.float64(88.63), 'ndev': 10606, 'ntest': 10606}","{'devacc': np.float64(89.45), 'acc': 89.18, 'ndev': 872, 'ntest': 1821}","{'devacc': np.float64(87.22), 'acc': 94.0, 'ndev': 5452, 'ntest': 500}","{'devacc': np.float64(70.39), 'acc': 70.38, 'f1': 79.19, 'ndev': 4076, 'ntest': 1725}"
deberta-base,AVG+AVG-NS+MAX-NS_SUM-3-8,"torch.Size([61, 2304])",NORMAL,4,0,12,"{'devacc': np.float64(82.73), 'acc': np.float64(82.68), 'ndev': 10662, 'ntest': 10662}","{'devacc': np.float64(66.96), 'acc': np.float64(67.49), 'ndev': 3775, 'ntest': 3775}","{'devacc': np.float64(94.32), 'acc': np.float64(94.1), 'ndev': 10000, 'ntest': 10000}","{'devacc': np.float64(84.82), 'acc': np.float64(85.57), 'ndev': 10606, 'ntest': 10606}","{'devacc': np.float64(88.3), 'acc': 88.8, 'ndev': 872, 'ntest': 1821}","{'devacc': np.float64(89.34), 'acc': 94.8, 'ndev': 5452, 'ntest': 500}","{'devacc': np.float64(71.3), 'acc': 72.35, 'f1': 79.97, 'ndev': 4076, 'ntest': 1725}"
deberta-base,AVG+SUM-NS+MAX-NS_SUM-3-8,"torch.Size([61, 2304])",NORMAL,4,0,12,"{'devacc': np.float64(83.52), 'acc': np.float64(83.47), 'ndev': 10662, 'ntest': 10662}","{'devacc': np.float64(81.08), 'acc': np.float64(80.4), 'ndev': 3775, 'ntest': 3775}","{'devacc': np.float64(94.34), 'acc': np.float64(94.53), 'ndev': 10000, 'ntest': 10000}","{'devacc': np.float64(79.04), 'acc': np.float64(84.8), 'ndev': 10606, 'ntest': 10606}","{'devacc': np.float64(89.45), 'acc': 89.13, 'ndev': 872, 'ntest': 1821}","{'devacc': np.float64(87.75), 'acc': 94.4, 'ndev': 5452, 'ntest': 500}","{'devacc': np.float64(70.9), 'acc': 70.2, 'f1': 78.87, 'ndev': 4076, 'ntest': 1725}"
deberta-base,SUM+MAX+AVG-NS_SUM-3-8,"torch.Size([61, 2304])",NORMAL,4,0,12,"{'devacc': np.float64(83.64), 'acc': np.float64(83.9), 'ndev': 10662, 'ntest': 10662}","{'devacc': np.float64(86.73), 'acc': np.float64(86.97), 'ndev': 3775, 'ntest': 3775}","{'devacc': np.float64(94.35), 'acc': np.float64(94.54), 'ndev': 10000, 'ntest': 10000}","{'devacc': np.float64(88.16), 'acc': np.float64(88.45), 'ndev': 10606, 'ntest': 10606}","{'devacc': np.float64(88.88), 'acc': 89.24, 'ndev': 872, 'ntest': 1821}","{'devacc': np.float64(87.77), 'acc': 93.4, 'ndev': 5452, 'ntest': 500}","{'devacc': np.float64(70.61), 'acc': 71.07, 'f1': 80.21, 'ndev': 4076, 'ntest': 1725}"
deberta-base,SUM+MAX+SUM-NS_SUM-3-8,"torch.Size([61, 2304])",NORMAL,4,0,12,"{'devacc': np.float64(83.59), 'acc': np.float64(83.53), 'ndev': 10662, 'ntest': 10662}","{'devacc': np.float64(86.52), 'acc': np.float64(87.02), 'ndev': 3775, 'ntest': 3775}","{'devacc': np.float64(94.38), 'acc': np.float64(94.44), 'ndev': 10000, 'ntest': 10000}","{'devacc': np.float64(88.44), 'acc': np.float64(88.7), 'ndev': 10606, 'ntest': 10606}","{'devacc': np.float64(88.65), 'acc': 88.8, 'ndev': 872, 'ntest': 1821}","{'devacc': np.float64(87.58), 'acc': 94.6, 'ndev': 5452, 'ntest': 500}","{'devacc': np.float64(70.83), 'acc': 71.42, 'f1': 80.44, 'ndev': 4076, 'ntest': 1725}"
deberta-base,SUM+MAX+MAX-NS_SUM-3-8,"torch.Size([61, 2304])",NORMAL,4,0,12,"{'devacc': np.float64(83.49), 'acc': np.float64(83.95), 'ndev': 10662, 'ntest': 10662}","{'devacc': np.float64(80.9), 'acc': np.float64(82.41), 'ndev': 3775, 'ntest': 3775}","{'devacc': np.float64(94.42), 'acc': np.float64(94.38), 'ndev': 10000, 'ntest': 10000}","{'devacc': np.float64(86.58), 'acc': np.float64(90.02), 'ndev': 10606, 'ntest': 10606}","{'devacc': np.float64(88.76), 'acc': 88.85, 'ndev': 872, 'ntest': 1821}","{'devacc': np.float64(88.21), 'acc': 93.6, 'ndev': 5452, 'ntest': 500}","{'devacc': np.float64(70.8), 'acc': 70.84, 'f1': 79.21, 'ndev': 4076, 'ntest': 1725}"
deberta-base,SUM+AVG-NS+SUM-NS_SUM-3-8,"torch.Size([61, 2304])",NORMAL,4,0,12,"{'devacc': np.float64(83.75), 'acc': np.float64(83.78), 'ndev': 10662, 'ntest': 10662}","{'devacc': np.float64(86.49), 'acc': np.float64(86.99), 'ndev': 3775, 'ntest': 3775}","{'devacc': np.float64(94.32), 'acc': np.float64(94.45), 'ndev': 10000, 'ntest': 10000}","{'devacc': np.float64(88.49), 'acc': np.float64(88.89), 'ndev': 10606, 'ntest': 10606}","{'devacc': np.float64(89.11), 'acc': 89.24, 'ndev': 872, 'ntest': 1821}","{'devacc': np.float64(87.23), 'acc': 93.8, 'ndev': 5452, 'ntest': 500}","{'devacc': np.float64(70.61), 'acc': 71.13, 'f1': 80.06, 'ndev': 4076, 'ntest': 1725}"
deberta-base,SUM+AVG-NS+MAX-NS_SUM-3-8,"torch.Size([61, 2304])",NORMAL,4,0,12,"{'devacc': np.float64(83.56), 'acc': np.float64(83.49), 'ndev': 10662, 'ntest': 10662}","{'devacc': np.float64(81.06), 'acc': np.float64(79.9), 'ndev': 3775, 'ntest': 3775}","{'devacc': np.float64(94.33), 'acc': np.float64(94.47), 'ndev': 10000, 'ntest': 10000}","{'devacc': np.float64(76.78), 'acc': np.float64(89.75), 'ndev': 10606, 'ntest': 10606}","{'devacc': np.float64(88.99), 'acc': 89.18, 'ndev': 872, 'ntest': 1821}","{'devacc': np.float64(87.91), 'acc': 93.6, 'ndev': 5452, 'ntest': 500}","{'devacc': np.float64(70.58), 'acc': 71.19, 'f1': 80.24, 'ndev': 4076, 'ntest': 1725}"
deberta-base,SUM+SUM-NS+MAX-NS_SUM-3-8,"torch.Size([61, 2304])",NORMAL,4,0,12,"{'devacc': np.float64(83.64), 'acc': np.float64(83.51), 'ndev': 10662, 'ntest': 10662}","{'devacc': np.float64(82.52), 'acc': np.float64(82.04), 'ndev': 3775, 'ntest': 3775}","{'devacc': np.float64(94.36), 'acc': np.float64(94.48), 'ndev': 10000, 'ntest': 10000}","{'devacc': np.float64(87.84), 'acc': np.float64(79.82), 'ndev': 10606, 'ntest': 10606}","{'devacc': np.float64(89.11), 'acc': 88.85, 'ndev': 872, 'ntest': 1821}","{'devacc': np.float64(87.62), 'acc': 93.4, 'ndev': 5452, 'ntest': 500}","{'devacc': np.float64(70.71), 'acc': 70.9, 'f1': 79.77, 'ndev': 4076, 'ntest': 1725}"
deberta-base,MAX+AVG-NS+SUM-NS_SUM-3-8,"torch.Size([61, 2304])",NORMAL,4,0,12,"{'devacc': np.float64(83.59), 'acc': np.float64(83.63), 'ndev': 10662, 'ntest': 10662}","{'devacc': np.float64(86.47), 'acc': np.float64(86.68), 'ndev': 3775, 'ntest': 3775}","{'devacc': np.float64(94.37), 'acc': np.float64(94.47), 'ndev': 10000, 'ntest': 10000}","{'devacc': np.float64(88.03), 'acc': np.float64(88.39), 'ndev': 10606, 'ntest': 10606}","{'devacc': np.float64(89.79), 'acc': 88.8, 'ndev': 872, 'ntest': 1821}","{'devacc': np.float64(87.78), 'acc': 94.2, 'ndev': 5452, 'ntest': 500}","{'devacc': np.float64(70.76), 'acc': 69.62, 'f1': 78.26, 'ndev': 4076, 'ntest': 1725}"
deberta-base,MAX+AVG-NS+MAX-NS_SUM-3-8,"torch.Size([61, 2304])",NORMAL,4,0,12,"{'devacc': np.float64(82.55), 'acc': np.float64(82.67), 'ndev': 10662, 'ntest': 10662}","{'devacc': np.float64(67.41), 'acc': np.float64(67.07), 'ndev': 3775, 'ntest': 3775}","{'devacc': np.float64(93.59), 'acc': np.float64(93.59), 'ndev': 10000, 'ntest': 10000}","{'devacc': np.float64(86.58), 'acc': np.float64(89.76), 'ndev': 10606, 'ntest': 10606}","{'devacc': np.float64(86.93), 'acc': 88.36, 'ndev': 872, 'ntest': 1821}","{'devacc': np.float64(88.83), 'acc': 94.0, 'ndev': 5452, 'ntest': 500}","{'devacc': np.float64(70.0), 'acc': 70.55, 'f1': 78.51, 'ndev': 4076, 'ntest': 1725}"
deberta-base,MAX+SUM-NS+MAX-NS_SUM-3-8,"torch.Size([61, 2304])",NORMAL,4,0,12,"{'devacc': np.float64(83.46), 'acc': np.float64(83.61), 'ndev': 10662, 'ntest': 10662}","{'devacc': np.float64(79.03), 'acc': np.float64(78.97), 'ndev': 3775, 'ntest': 3775}","{'devacc': np.float64(94.4), 'acc': np.float64(94.49), 'ndev': 10000, 'ntest': 10000}","{'devacc': np.float64(86.62), 'acc': np.float64(90.32), 'ndev': 10606, 'ntest': 10606}","{'devacc': np.float64(89.79), 'acc': 88.36, 'ndev': 872, 'ntest': 1821}","{'devacc': np.float64(88.26), 'acc': 94.0, 'ndev': 5452, 'ntest': 500}","{'devacc': np.float64(70.46), 'acc': 69.68, 'f1': 78.47, 'ndev': 4076, 'ntest': 1725}"
deberta-base,AVG-NS+SUM-NS+MAX-NS_SUM-3-8,"torch.Size([61, 2304])",NORMAL,4,0,12,"{'devacc': np.float64(83.52), 'acc': np.float64(83.92), 'ndev': 10662, 'ntest': 10662}","{'devacc': np.float64(81.51), 'acc': np.float64(80.26), 'ndev': 3775, 'ntest': 3775}","{'devacc': np.float64(94.37), 'acc': np.float64(94.44), 'ndev': 10000, 'ntest': 10000}","{'devacc': np.float64(77.63), 'acc': np.float64(90.5), 'ndev': 10606, 'ntest': 10606}","{'devacc': np.float64(89.56), 'acc': 89.07, 'ndev': 872, 'ntest': 1821}","{'devacc': np.float64(87.62), 'acc': 94.2, 'ndev': 5452, 'ntest': 500}","{'devacc': np.float64(70.95), 'acc': 69.28, 'f1': 78.1, 'ndev': 4076, 'ntest': 1725}"
deberta-base,CLS+AVG+SUM_SUM-4-9,"torch.Size([61, 2304])",NORMAL,4,0,12,"{'devacc': np.float64(84.77), 'acc': np.float64(84.89), 'ndev': 10662, 'ntest': 10662}","{'devacc': np.float64(87.66), 'acc': np.float64(87.79), 'ndev': 3775, 'ntest': 3775}","{'devacc': np.float64(94.52), 'acc': np.float64(94.36), 'ndev': 10000, 'ntest': 10000}","{'devacc': np.float64(89.18), 'acc': np.float64(89.53), 'ndev': 10606, 'ntest': 10606}","{'devacc': np.float64(90.6), 'acc': 89.46, 'ndev': 872, 'ntest': 1821}","{'devacc': np.float64(87.99), 'acc': 94.6, 'ndev': 5452, 'ntest': 500}","{'devacc': np.float64(70.76), 'acc': 71.83, 'f1': 80.68, 'ndev': 4076, 'ntest': 1725}"
deberta-base,CLS+AVG+MAX_SUM-4-9,"torch.Size([61, 2304])",NORMAL,4,0,12,"{'devacc': np.float64(83.73), 'acc': np.float64(83.92), 'ndev': 10662, 'ntest': 10662}","{'devacc': np.float64(87.37), 'acc': np.float64(87.47), 'ndev': 3775, 'ntest': 3775}","{'devacc': np.float64(94.31), 'acc': np.float64(94.19), 'ndev': 10000, 'ntest': 10000}","{'devacc': np.float64(88.52), 'acc': np.float64(88.89), 'ndev': 10606, 'ntest': 10606}","{'devacc': np.float64(89.56), 'acc': 89.84, 'ndev': 872, 'ntest': 1821}","{'devacc': np.float64(89.32), 'acc': 95.4, 'ndev': 5452, 'ntest': 500}","{'devacc': np.float64(70.56), 'acc': 71.42, 'f1': 79.48, 'ndev': 4076, 'ntest': 1725}"
deberta-base,CLS+AVG+AVG-NS_SUM-4-9,"torch.Size([61, 2304])",NORMAL,4,0,12,"{'devacc': np.float64(85.03), 'acc': np.float64(85.12), 'ndev': 10662, 'ntest': 10662}","{'devacc': np.float64(88.53), 'acc': np.float64(89.11), 'ndev': 3775, 'ntest': 3775}","{'devacc': np.float64(95.22), 'acc': np.float64(95.14), 'ndev': 10000, 'ntest': 10000}","{'devacc': np.float64(89.26), 'acc': np.float64(89.7), 'ndev': 10606, 'ntest': 10606}","{'devacc': np.float64(91.17), 'acc': 91.16, 'ndev': 872, 'ntest': 1821}","{'devacc': np.float64(88.48), 'acc': 94.6, 'ndev': 5452, 'ntest': 500}","{'devacc': np.float64(76.27), 'acc': 75.25, 'f1': 82.19, 'ndev': 4076, 'ntest': 1725}"
deberta-base,CLS+AVG+SUM-NS_SUM-4-9,"torch.Size([61, 2304])",NORMAL,4,0,12,"{'devacc': np.float64(84.76), 'acc': np.float64(84.8), 'ndev': 10662, 'ntest': 10662}","{'devacc': np.float64(87.66), 'acc': np.float64(87.52), 'ndev': 3775, 'ntest': 3775}","{'devacc': np.float64(94.57), 'acc': np.float64(94.34), 'ndev': 10000, 'ntest': 10000}","{'devacc': np.float64(89.18), 'acc': np.float64(89.56), 'ndev': 10606, 'ntest': 10606}","{'devacc': np.float64(90.48), 'acc': 89.9, 'ndev': 872, 'ntest': 1821}","{'devacc': np.float64(88.13), 'acc': 94.4, 'ndev': 5452, 'ntest': 500}","{'devacc': np.float64(71.76), 'acc': 70.55, 'f1': 79.65, 'ndev': 4076, 'ntest': 1725}"
deberta-base,CLS+AVG+MAX-NS_SUM-4-9,"torch.Size([61, 2304])",NORMAL,4,0,12,"{'devacc': np.float64(83.79), 'acc': np.float64(83.89), 'ndev': 10662, 'ntest': 10662}","{'devacc': np.float64(67.62), 'acc': np.float64(68.98), 'ndev': 3775, 'ntest': 3775}","{'devacc': np.float64(94.24), 'acc': np.float64(94.09), 'ndev': 10000, 'ntest': 10000}","{'devacc': np.float64(58.13), 'acc': np.float64(49.55), 'ndev': 10606, 'ntest': 10606}","{'devacc': np.float64(89.22), 'acc': 90.06, 'ndev': 872, 'ntest': 1821}","{'devacc': np.float64(89.23), 'acc': 95.2, 'ndev': 5452, 'ntest': 500}","{'devacc': np.float64(70.76), 'acc': 71.36, 'f1': 79.19, 'ndev': 4076, 'ntest': 1725}"
deberta-base,CLS+SUM+MAX_SUM-4-9,"torch.Size([61, 2304])",NORMAL,4,0,12,"{'devacc': np.float64(84.68), 'acc': np.float64(84.71), 'ndev': 10662, 'ntest': 10662}","{'devacc': np.float64(87.8), 'acc': np.float64(87.76), 'ndev': 3775, 'ntest': 3775}","{'devacc': np.float64(94.59), 'acc': np.float64(94.61), 'ndev': 10000, 'ntest': 10000}","{'devacc': np.float64(88.51), 'acc': np.float64(88.82), 'ndev': 10606, 'ntest': 10606}","{'devacc': np.float64(90.6), 'acc': 90.12, 'ndev': 872, 'ntest': 1821}","{'devacc': np.float64(88.21), 'acc': 93.4, 'ndev': 5452, 'ntest': 500}","{'devacc': np.float64(71.64), 'acc': 71.65, 'f1': 80.34, 'ndev': 4076, 'ntest': 1725}"
deberta-base,CLS+SUM+AVG-NS_SUM-4-9,"torch.Size([61, 2304])",NORMAL,4,0,12,"{'devacc': np.float64(84.76), 'acc': np.float64(84.94), 'ndev': 10662, 'ntest': 10662}","{'devacc': np.float64(87.7), 'acc': np.float64(87.9), 'ndev': 3775, 'ntest': 3775}","{'devacc': np.float64(94.54), 'acc': np.float64(94.5), 'ndev': 10000, 'ntest': 10000}","{'devacc': np.float64(88.63), 'acc': np.float64(89.13), 'ndev': 10606, 'ntest': 10606}","{'devacc': np.float64(90.48), 'acc': 89.9, 'ndev': 872, 'ntest': 1821}","{'devacc': np.float64(87.99), 'acc': 94.2, 'ndev': 5452, 'ntest': 500}","{'devacc': np.float64(71.07), 'acc': 71.19, 'f1': 80.29, 'ndev': 4076, 'ntest': 1725}"
deberta-base,CLS+SUM+SUM-NS_SUM-4-9,"torch.Size([61, 2304])",NORMAL,4,0,12,"{'devacc': np.float64(84.67), 'acc': np.float64(84.7), 'ndev': 10662, 'ntest': 10662}","{'devacc': np.float64(87.62), 'acc': np.float64(87.63), 'ndev': 3775, 'ntest': 3775}","{'devacc': np.float64(94.6), 'acc': np.float64(94.37), 'ndev': 10000, 'ntest': 10000}","{'devacc': np.float64(89.15), 'acc': np.float64(89.52), 'ndev': 10606, 'ntest': 10606}","{'devacc': np.float64(90.6), 'acc': 89.95, 'ndev': 872, 'ntest': 1821}","{'devacc': np.float64(87.82), 'acc': 94.8, 'ndev': 5452, 'ntest': 500}","{'devacc': np.float64(71.81), 'acc': 71.36, 'f1': 80.11, 'ndev': 4076, 'ntest': 1725}"
deberta-base,CLS+SUM+MAX-NS_SUM-4-9,"torch.Size([61, 2304])",NORMAL,4,0,12,"{'devacc': np.float64(84.69), 'acc': np.float64(84.85), 'ndev': 10662, 'ntest': 10662}","{'devacc': np.float64(81.54), 'acc': np.float64(82.75), 'ndev': 3775, 'ntest': 3775}","{'devacc': np.float64(94.64), 'acc': np.float64(94.57), 'ndev': 10000, 'ntest': 10000}","{'devacc': np.float64(83.7), 'acc': np.float64(75.2), 'ndev': 10606, 'ntest': 10606}","{'devacc': np.float64(90.48), 'acc': 90.28, 'ndev': 872, 'ntest': 1821}","{'devacc': np.float64(88.26), 'acc': 94.2, 'ndev': 5452, 'ntest': 500}","{'devacc': np.float64(71.2), 'acc': 71.01, 'f1': 80.44, 'ndev': 4076, 'ntest': 1725}"
deberta-base,CLS+MAX+AVG-NS_SUM-4-9,"torch.Size([61, 2304])",NORMAL,4,0,12,"{'devacc': np.float64(83.74), 'acc': np.float64(83.85), 'ndev': 10662, 'ntest': 10662}","{'devacc': np.float64(87.61), 'acc': np.float64(87.29), 'ndev': 3775, 'ntest': 3775}","{'devacc': np.float64(94.37), 'acc': np.float64(94.31), 'ndev': 10000, 'ntest': 10000}","{'devacc': np.float64(88.31), 'acc': np.float64(88.87), 'ndev': 10606, 'ntest': 10606}","{'devacc': np.float64(89.11), 'acc': 89.79, 'ndev': 872, 'ntest': 1821}","{'devacc': np.float64(89.75), 'acc': 95.4, 'ndev': 5452, 'ntest': 500}","{'devacc': np.float64(70.85), 'acc': 70.32, 'f1': 78.72, 'ndev': 4076, 'ntest': 1725}"
deberta-base,CLS+MAX+SUM-NS_SUM-4-9,"torch.Size([61, 2304])",NORMAL,4,0,12,"{'devacc': np.float64(84.65), 'acc': np.float64(84.91), 'ndev': 10662, 'ntest': 10662}","{'devacc': np.float64(87.78), 'acc': np.float64(87.74), 'ndev': 3775, 'ntest': 3775}","{'devacc': np.float64(94.6), 'acc': np.float64(94.51), 'ndev': 10000, 'ntest': 10000}","{'devacc': np.float64(88.46), 'acc': np.float64(88.65), 'ndev': 10606, 'ntest': 10606}","{'devacc': np.float64(90.83), 'acc': 90.5, 'ndev': 872, 'ntest': 1821}","{'devacc': np.float64(88.08), 'acc': 94.4, 'ndev': 5452, 'ntest': 500}","{'devacc': np.float64(71.54), 'acc': 70.72, 'f1': 79.43, 'ndev': 4076, 'ntest': 1725}"
deberta-base,CLS+MAX+MAX-NS_SUM-4-9,"torch.Size([61, 2304])",NORMAL,4,0,12,"{'devacc': np.float64(81.06), 'acc': np.float64(81.28), 'ndev': 10662, 'ntest': 10662}","{'devacc': np.float64(66.56), 'acc': np.float64(65.75), 'ndev': 3775, 'ntest': 3775}","{'devacc': np.float64(92.4), 'acc': np.float64(92.84), 'ndev': 10000, 'ntest': 10000}","{'devacc': np.float64(87.94), 'acc': np.float64(85.88), 'ndev': 10606, 'ntest': 10606}","{'devacc': np.float64(85.32), 'acc': 86.71, 'ndev': 872, 'ntest': 1821}","{'devacc': np.float64(87.97), 'acc': 94.8, 'ndev': 5452, 'ntest': 500}","{'devacc': np.float64(69.65), 'acc': 70.26, 'f1': 78.29, 'ndev': 4076, 'ntest': 1725}"
deberta-base,CLS+AVG-NS+SUM-NS_SUM-4-9,"torch.Size([61, 2304])",NORMAL,4,0,12,"{'devacc': np.float64(84.74), 'acc': np.float64(84.74), 'ndev': 10662, 'ntest': 10662}","{'devacc': np.float64(87.7), 'acc': np.float64(87.6), 'ndev': 3775, 'ntest': 3775}","{'devacc': np.float64(94.54), 'acc': np.float64(94.39), 'ndev': 10000, 'ntest': 10000}","{'devacc': np.float64(88.57), 'acc': np.float64(89.17), 'ndev': 10606, 'ntest': 10606}","{'devacc': np.float64(90.48), 'acc': 90.12, 'ndev': 872, 'ntest': 1821}","{'devacc': np.float64(87.99), 'acc': 94.0, 'ndev': 5452, 'ntest': 500}","{'devacc': np.float64(71.35), 'acc': 70.2, 'f1': 79.81, 'ndev': 4076, 'ntest': 1725}"
deberta-base,CLS+AVG-NS+MAX-NS_SUM-4-9,"torch.Size([61, 2304])",NORMAL,4,0,12,"{'devacc': np.float64(83.75), 'acc': np.float64(84.02), 'ndev': 10662, 'ntest': 10662}","{'devacc': np.float64(67.55), 'acc': np.float64(67.76), 'ndev': 3775, 'ntest': 3775}","{'devacc': np.float64(94.31), 'acc': np.float64(94.24), 'ndev': 10000, 'ntest': 10000}","{'devacc': np.float64(77.13), 'acc': np.float64(87.04), 'ndev': 10606, 'ntest': 10606}","{'devacc': np.float64(89.22), 'acc': 89.35, 'ndev': 872, 'ntest': 1821}","{'devacc': np.float64(89.55), 'acc': 95.8, 'ndev': 5452, 'ntest': 500}","{'devacc': np.float64(70.63), 'acc': 70.78, 'f1': 78.93, 'ndev': 4076, 'ntest': 1725}"
deberta-base,CLS+SUM-NS+MAX-NS_SUM-4-9,"torch.Size([61, 2304])",NORMAL,4,0,12,"{'devacc': np.float64(84.64), 'acc': np.float64(84.77), 'ndev': 10662, 'ntest': 10662}","{'devacc': np.float64(80.06), 'acc': np.float64(82.6), 'ndev': 3775, 'ntest': 3775}","{'devacc': np.float64(94.63), 'acc': np.float64(94.5), 'ndev': 10000, 'ntest': 10000}","{'devacc': np.float64(80.94), 'acc': np.float64(86.29), 'ndev': 10606, 'ntest': 10606}","{'devacc': np.float64(91.28), 'acc': 90.44, 'ndev': 872, 'ntest': 1821}","{'devacc': np.float64(88.08), 'acc': 94.2, 'ndev': 5452, 'ntest': 500}","{'devacc': np.float64(71.64), 'acc': 71.42, 'f1': 80.34, 'ndev': 4076, 'ntest': 1725}"
deberta-base,AVG+SUM+MAX_SUM-4-9,"torch.Size([61, 2304])",NORMAL,4,0,12,"{'devacc': np.float64(84.66), 'acc': np.float64(84.77), 'ndev': 10662, 'ntest': 10662}","{'devacc': np.float64(87.87), 'acc': np.float64(87.76), 'ndev': 3775, 'ntest': 3775}","{'devacc': np.float64(94.59), 'acc': np.float64(94.64), 'ndev': 10000, 'ntest': 10000}","{'devacc': np.float64(88.49), 'acc': np.float64(88.83), 'ndev': 10606, 'ntest': 10606}","{'devacc': np.float64(90.6), 'acc': 90.44, 'ndev': 872, 'ntest': 1821}","{'devacc': np.float64(88.04), 'acc': 93.8, 'ndev': 5452, 'ntest': 500}","{'devacc': np.float64(71.12), 'acc': 71.54, 'f1': 80.66, 'ndev': 4076, 'ntest': 1725}"
deberta-base,AVG+SUM+AVG-NS_SUM-4-9,"torch.Size([61, 2304])",NORMAL,4,0,12,"{'devacc': np.float64(84.8), 'acc': np.float64(85.05), 'ndev': 10662, 'ntest': 10662}","{'devacc': np.float64(87.69), 'acc': np.float64(87.66), 'ndev': 3775, 'ntest': 3775}","{'devacc': np.float64(94.58), 'acc': np.float64(94.54), 'ndev': 10000, 'ntest': 10000}","{'devacc': np.float64(88.58), 'acc': np.float64(89.01), 'ndev': 10606, 'ntest': 10606}","{'devacc': np.float64(90.6), 'acc': 90.06, 'ndev': 872, 'ntest': 1821}","{'devacc': np.float64(87.82), 'acc': 93.6, 'ndev': 5452, 'ntest': 500}","{'devacc': np.float64(71.27), 'acc': 71.65, 'f1': 80.59, 'ndev': 4076, 'ntest': 1725}"
deberta-base,AVG+SUM+SUM-NS_SUM-4-9,"torch.Size([61, 2304])",NORMAL,4,0,12,"{'devacc': np.float64(84.71), 'acc': np.float64(85.02), 'ndev': 10662, 'ntest': 10662}","{'devacc': np.float64(87.66), 'acc': np.float64(87.84), 'ndev': 3775, 'ntest': 3775}","{'devacc': np.float64(94.61), 'acc': np.float64(94.49), 'ndev': 10000, 'ntest': 10000}","{'devacc': np.float64(89.08), 'acc': np.float64(89.46), 'ndev': 10606, 'ntest': 10606}","{'devacc': np.float64(90.48), 'acc': 89.84, 'ndev': 872, 'ntest': 1821}","{'devacc': np.float64(87.71), 'acc': 94.6, 'ndev': 5452, 'ntest': 500}","{'devacc': np.float64(71.44), 'acc': 70.67, 'f1': 79.98, 'ndev': 4076, 'ntest': 1725}"
deberta-base,AVG+SUM+MAX-NS_SUM-4-9,"torch.Size([61, 2304])",NORMAL,4,0,12,"{'devacc': np.float64(84.64), 'acc': np.float64(84.88), 'ndev': 10662, 'ntest': 10662}","{'devacc': np.float64(81.31), 'acc': np.float64(79.84), 'ndev': 3775, 'ntest': 3775}","{'devacc': np.float64(94.59), 'acc': np.float64(94.64), 'ndev': 10000, 'ntest': 10000}","{'devacc': np.float64(80.38), 'acc': np.float64(73.63), 'ndev': 10606, 'ntest': 10606}","{'devacc': np.float64(90.71), 'acc': 90.06, 'ndev': 872, 'ntest': 1821}","{'devacc': np.float64(88.28), 'acc': 93.8, 'ndev': 5452, 'ntest': 500}","{'devacc': np.float64(71.22), 'acc': 71.36, 'f1': 80.11, 'ndev': 4076, 'ntest': 1725}"
deberta-base,AVG+MAX+AVG-NS_SUM-4-9,"torch.Size([61, 2304])",NORMAL,4,0,12,"{'devacc': np.float64(83.79), 'acc': np.float64(84.07), 'ndev': 10662, 'ntest': 10662}","{'devacc': np.float64(88.12), 'acc': np.float64(88.29), 'ndev': 3775, 'ntest': 3775}","{'devacc': np.float64(94.6), 'acc': np.float64(94.53), 'ndev': 10000, 'ntest': 10000}","{'devacc': np.float64(88.24), 'acc': np.float64(88.64), 'ndev': 10606, 'ntest': 10606}","{'devacc': np.float64(89.68), 'acc': 89.73, 'ndev': 872, 'ntest': 1821}","{'devacc': np.float64(89.95), 'acc': 96.2, 'ndev': 5452, 'ntest': 500}","{'devacc': np.float64(72.33), 'acc': 73.68, 'f1': 80.71, 'ndev': 4076, 'ntest': 1725}"
deberta-base,AVG+MAX+SUM-NS_SUM-4-9,"torch.Size([61, 2304])",NORMAL,4,0,12,"{'devacc': np.float64(84.6), 'acc': np.float64(84.73), 'ndev': 10662, 'ntest': 10662}","{'devacc': np.float64(87.77), 'acc': np.float64(87.97), 'ndev': 3775, 'ntest': 3775}","{'devacc': np.float64(94.65), 'acc': np.float64(94.55), 'ndev': 10000, 'ntest': 10000}","{'devacc': np.float64(88.45), 'acc': np.float64(88.72), 'ndev': 10606, 'ntest': 10606}","{'devacc': np.float64(91.17), 'acc': 90.39, 'ndev': 872, 'ntest': 1821}","{'devacc': np.float64(88.1), 'acc': 93.6, 'ndev': 5452, 'ntest': 500}","{'devacc': np.float64(71.64), 'acc': 70.96, 'f1': 80.0, 'ndev': 4076, 'ntest': 1725}"
deberta-base,AVG+MAX+MAX-NS_SUM-4-9,"torch.Size([61, 2304])",NORMAL,4,0,12,"{'devacc': np.float64(83.6), 'acc': np.float64(83.91), 'ndev': 10662, 'ntest': 10662}","{'devacc': np.float64(67.12), 'acc': np.float64(65.96), 'ndev': 3775, 'ntest': 3775}","{'devacc': np.float64(93.8), 'acc': np.float64(93.86), 'ndev': 10000, 'ntest': 10000}","{'devacc': np.float64(85.69), 'acc': np.float64(88.37), 'ndev': 10606, 'ntest': 10606}","{'devacc': np.float64(89.33), 'acc': 89.24, 'ndev': 872, 'ntest': 1821}","{'devacc': np.float64(88.87), 'acc': 95.0, 'ndev': 5452, 'ntest': 500}","{'devacc': np.float64(70.54), 'acc': 71.25, 'f1': 79.05, 'ndev': 4076, 'ntest': 1725}"
deberta-base,AVG+AVG-NS+SUM-NS_SUM-4-9,"torch.Size([61, 2304])",NORMAL,4,0,12,"{'devacc': np.float64(84.74), 'acc': np.float64(85.01), 'ndev': 10662, 'ntest': 10662}","{'devacc': np.float64(87.61), 'acc': np.float64(87.52), 'ndev': 3775, 'ntest': 3775}","{'devacc': np.float64(94.56), 'acc': np.float64(94.39), 'ndev': 10000, 'ntest': 10000}","{'devacc': np.float64(88.59), 'acc': np.float64(89.06), 'ndev': 10606, 'ntest': 10606}","{'devacc': np.float64(90.83), 'acc': 90.17, 'ndev': 872, 'ntest': 1821}","{'devacc': np.float64(88.02), 'acc': 94.0, 'ndev': 5452, 'ntest': 500}","{'devacc': np.float64(71.08), 'acc': 71.3, 'f1': 80.44, 'ndev': 4076, 'ntest': 1725}"
deberta-base,AVG+AVG-NS+MAX-NS_SUM-4-9,"torch.Size([61, 2304])",NORMAL,4,0,12,"{'devacc': np.float64(83.81), 'acc': np.float64(83.98), 'ndev': 10662, 'ntest': 10662}","{'devacc': np.float64(71.44), 'acc': np.float64(66.17), 'ndev': 3775, 'ntest': 3775}","{'devacc': np.float64(94.55), 'acc': np.float64(94.51), 'ndev': 10000, 'ntest': 10000}","{'devacc': np.float64(82.82), 'acc': np.float64(85.78), 'ndev': 10606, 'ntest': 10606}","{'devacc': np.float64(90.25), 'acc': 89.84, 'ndev': 872, 'ntest': 1821}","{'devacc': np.float64(89.58), 'acc': 95.8, 'ndev': 5452, 'ntest': 500}","{'devacc': np.float64(72.4), 'acc': 72.58, 'f1': 79.92, 'ndev': 4076, 'ntest': 1725}"
deberta-base,AVG+SUM-NS+MAX-NS_SUM-4-9,"torch.Size([61, 2304])",NORMAL,4,0,12,"{'devacc': np.float64(84.63), 'acc': np.float64(84.69), 'ndev': 10662, 'ntest': 10662}","{'devacc': np.float64(80.3), 'acc': np.float64(82.1), 'ndev': 3775, 'ntest': 3775}","{'devacc': np.float64(94.66), 'acc': np.float64(94.61), 'ndev': 10000, 'ntest': 10000}","{'devacc': np.float64(79.5), 'acc': np.float64(85.27), 'ndev': 10606, 'ntest': 10606}","{'devacc': np.float64(91.51), 'acc': 90.39, 'ndev': 872, 'ntest': 1821}","{'devacc': np.float64(88.17), 'acc': 94.2, 'ndev': 5452, 'ntest': 500}","{'devacc': np.float64(71.57), 'acc': 71.13, 'f1': 80.24, 'ndev': 4076, 'ntest': 1725}"
deberta-base,SUM+MAX+AVG-NS_SUM-4-9,"torch.Size([61, 2304])",NORMAL,4,0,12,"{'devacc': np.float64(84.67), 'acc': np.float64(84.79), 'ndev': 10662, 'ntest': 10662}","{'devacc': np.float64(87.82), 'acc': np.float64(87.95), 'ndev': 3775, 'ntest': 3775}","{'devacc': np.float64(94.59), 'acc': np.float64(94.65), 'ndev': 10000, 'ntest': 10000}","{'devacc': np.float64(88.36), 'acc': np.float64(88.65), 'ndev': 10606, 'ntest': 10606}","{'devacc': np.float64(90.37), 'acc': 90.5, 'ndev': 872, 'ntest': 1821}","{'devacc': np.float64(88.15), 'acc': 94.4, 'ndev': 5452, 'ntest': 500}","{'devacc': np.float64(71.25), 'acc': 71.25, 'f1': 80.59, 'ndev': 4076, 'ntest': 1725}"
deberta-base,SUM+MAX+SUM-NS_SUM-4-9,"torch.Size([61, 2304])",NORMAL,4,0,12,"{'devacc': np.float64(84.66), 'acc': np.float64(84.73), 'ndev': 10662, 'ntest': 10662}","{'devacc': np.float64(87.69), 'acc': np.float64(87.9), 'ndev': 3775, 'ntest': 3775}","{'devacc': np.float64(94.64), 'acc': np.float64(94.55), 'ndev': 10000, 'ntest': 10000}","{'devacc': np.float64(88.49), 'acc': np.float64(89.03), 'ndev': 10606, 'ntest': 10606}","{'devacc': np.float64(90.14), 'acc': 90.06, 'ndev': 872, 'ntest': 1821}","{'devacc': np.float64(88.02), 'acc': 93.8, 'ndev': 5452, 'ntest': 500}","{'devacc': np.float64(71.71), 'acc': 71.01, 'f1': 80.06, 'ndev': 4076, 'ntest': 1725}"
deberta-base,SUM+MAX+MAX-NS_SUM-4-9,"torch.Size([61, 2304])",NORMAL,4,0,12,"{'devacc': np.float64(84.5), 'acc': np.float64(84.77), 'ndev': 10662, 'ntest': 10662}","{'devacc': np.float64(80.81), 'acc': np.float64(80.48), 'ndev': 3775, 'ntest': 3775}","{'devacc': np.float64(94.68), 'acc': np.float64(94.7), 'ndev': 10000, 'ntest': 10000}","{'devacc': np.float64(86.12), 'acc': np.float64(90.48), 'ndev': 10606, 'ntest': 10606}","{'devacc': np.float64(90.83), 'acc': 90.17, 'ndev': 872, 'ntest': 1821}","{'devacc': np.float64(88.13), 'acc': 93.6, 'ndev': 5452, 'ntest': 500}","{'devacc': np.float64(71.07), 'acc': 71.54, 'f1': 80.72, 'ndev': 4076, 'ntest': 1725}"
deberta-base,SUM+AVG-NS+SUM-NS_SUM-4-9,"torch.Size([61, 2304])",NORMAL,4,0,12,"{'devacc': np.float64(84.71), 'acc': np.float64(84.56), 'ndev': 10662, 'ntest': 10662}","{'devacc': np.float64(87.69), 'acc': np.float64(87.68), 'ndev': 3775, 'ntest': 3775}","{'devacc': np.float64(94.62), 'acc': np.float64(94.44), 'ndev': 10000, 'ntest': 10000}","{'devacc': np.float64(88.63), 'acc': np.float64(89.06), 'ndev': 10606, 'ntest': 10606}","{'devacc': np.float64(90.25), 'acc': 90.01, 'ndev': 872, 'ntest': 1821}","{'devacc': np.float64(87.66), 'acc': 94.4, 'ndev': 5452, 'ntest': 500}","{'devacc': np.float64(71.57), 'acc': 71.07, 'f1': 80.11, 'ndev': 4076, 'ntest': 1725}"
deberta-base,SUM+AVG-NS+MAX-NS_SUM-4-9,"torch.Size([61, 2304])",NORMAL,4,0,12,"{'devacc': np.float64(84.66), 'acc': np.float64(84.78), 'ndev': 10662, 'ntest': 10662}","{'devacc': np.float64(81.29), 'acc': np.float64(82.36), 'ndev': 3775, 'ntest': 3775}","{'devacc': np.float64(94.63), 'acc': np.float64(94.61), 'ndev': 10000, 'ntest': 10000}","{'devacc': np.float64(77.72), 'acc': np.float64(90.56), 'ndev': 10606, 'ntest': 10606}","{'devacc': np.float64(90.48), 'acc': 90.5, 'ndev': 872, 'ntest': 1821}","{'devacc': np.float64(88.11), 'acc': 94.0, 'ndev': 5452, 'ntest': 500}","{'devacc': np.float64(71.39), 'acc': 71.3, 'f1': 80.33, 'ndev': 4076, 'ntest': 1725}"
deberta-base,SUM+SUM-NS+MAX-NS_SUM-4-9,"torch.Size([61, 2304])",NORMAL,4,0,12,"{'devacc': np.float64(84.65), 'acc': np.float64(84.66), 'ndev': 10662, 'ntest': 10662}","{'devacc': np.float64(83.36), 'acc': np.float64(85.22), 'ndev': 3775, 'ntest': 3775}","{'devacc': np.float64(94.63), 'acc': np.float64(94.53), 'ndev': 10000, 'ntest': 10000}","{'devacc': np.float64(89.0), 'acc': np.float64(85.33), 'ndev': 10606, 'ntest': 10606}","{'devacc': np.float64(90.94), 'acc': 90.66, 'ndev': 872, 'ntest': 1821}","{'devacc': np.float64(87.97), 'acc': 94.2, 'ndev': 5452, 'ntest': 500}","{'devacc': np.float64(71.44), 'acc': 70.67, 'f1': 79.95, 'ndev': 4076, 'ntest': 1725}"
deberta-base,MAX+AVG-NS+SUM-NS_SUM-4-9,"torch.Size([61, 2304])",NORMAL,4,0,12,"{'devacc': np.float64(84.66), 'acc': np.float64(84.81), 'ndev': 10662, 'ntest': 10662}","{'devacc': np.float64(87.79), 'acc': np.float64(87.84), 'ndev': 3775, 'ntest': 3775}","{'devacc': np.float64(94.66), 'acc': np.float64(94.58), 'ndev': 10000, 'ntest': 10000}","{'devacc': np.float64(88.27), 'acc': np.float64(88.81), 'ndev': 10606, 'ntest': 10606}","{'devacc': np.float64(90.71), 'acc': 90.39, 'ndev': 872, 'ntest': 1821}","{'devacc': np.float64(88.04), 'acc': 94.6, 'ndev': 5452, 'ntest': 500}","{'devacc': np.float64(71.54), 'acc': 70.67, 'f1': 80.43, 'ndev': 4076, 'ntest': 1725}"
deberta-base,MAX+AVG-NS+MAX-NS_SUM-4-9,"torch.Size([61, 2304])",NORMAL,4,0,12,"{'devacc': np.float64(83.57), 'acc': np.float64(83.77), 'ndev': 10662, 'ntest': 10662}","{'devacc': np.float64(67.73), 'acc': np.float64(66.06), 'ndev': 3775, 'ntest': 3775}","{'devacc': np.float64(93.86), 'acc': np.float64(93.98), 'ndev': 10000, 'ntest': 10000}","{'devacc': np.float64(87.46), 'acc': np.float64(90.01), 'ndev': 10606, 'ntest': 10606}","{'devacc': np.float64(89.11), 'acc': 89.18, 'ndev': 872, 'ntest': 1821}","{'devacc': np.float64(89.16), 'acc': 95.2, 'ndev': 5452, 'ntest': 500}","{'devacc': np.float64(70.61), 'acc': 70.26, 'f1': 78.6, 'ndev': 4076, 'ntest': 1725}"
deberta-base,MAX+SUM-NS+MAX-NS_SUM-4-9,"torch.Size([61, 2304])",NORMAL,4,0,12,"{'devacc': np.float64(84.53), 'acc': np.float64(84.65), 'ndev': 10662, 'ntest': 10662}","{'devacc': np.float64(81.03), 'acc': np.float64(80.61), 'ndev': 3775, 'ntest': 3775}","{'devacc': np.float64(94.69), 'acc': np.float64(94.47), 'ndev': 10000, 'ntest': 10000}","{'devacc': np.float64(86.79), 'acc': np.float64(90.29), 'ndev': 10606, 'ntest': 10606}","{'devacc': np.float64(90.83), 'acc': 90.12, 'ndev': 872, 'ntest': 1821}","{'devacc': np.float64(88.22), 'acc': 93.8, 'ndev': 5452, 'ntest': 500}","{'devacc': np.float64(71.69), 'acc': 70.84, 'f1': 79.73, 'ndev': 4076, 'ntest': 1725}"
deberta-base,AVG-NS+SUM-NS+MAX-NS_SUM-4-9,"torch.Size([61, 2304])",NORMAL,4,0,12,"{'devacc': np.float64(84.6), 'acc': np.float64(84.7), 'ndev': 10662, 'ntest': 10662}","{'devacc': np.float64(81.57), 'acc': np.float64(80.35), 'ndev': 3775, 'ntest': 3775}","{'devacc': np.float64(94.66), 'acc': np.float64(94.66), 'ndev': 10000, 'ntest': 10000}","{'devacc': np.float64(77.74), 'acc': np.float64(90.1), 'ndev': 10606, 'ntest': 10606}","{'devacc': np.float64(91.17), 'acc': 90.33, 'ndev': 872, 'ntest': 1821}","{'devacc': np.float64(88.15), 'acc': 93.8, 'ndev': 5452, 'ntest': 500}","{'devacc': np.float64(71.47), 'acc': 71.48, 'f1': 80.45, 'ndev': 4076, 'ntest': 1725}"
deberta-base,CLS+AVG+SUM_SUM-5-10,"torch.Size([61, 2304])",NORMAL,4,0,12,"{'devacc': np.float64(85.64), 'acc': np.float64(85.86), 'ndev': 10662, 'ntest': 10662}","{'devacc': np.float64(88.26), 'acc': np.float64(88.61), 'ndev': 3775, 'ntest': 3775}","{'devacc': np.float64(94.68), 'acc': np.float64(94.7), 'ndev': 10000, 'ntest': 10000}","{'devacc': np.float64(89.11), 'acc': np.float64(89.47), 'ndev': 10606, 'ntest': 10606}","{'devacc': np.float64(91.51), 'acc': 90.28, 'ndev': 872, 'ntest': 1821}","{'devacc': np.float64(87.91), 'acc': 94.2, 'ndev': 5452, 'ntest': 500}","{'devacc': np.float64(71.15), 'acc': 71.07, 'f1': 80.42, 'ndev': 4076, 'ntest': 1725}"
deberta-base,CLS+AVG+MAX_SUM-5-10,"torch.Size([61, 2304])",NORMAL,4,0,12,"{'devacc': np.float64(84.74), 'acc': np.float64(85.09), 'ndev': 10662, 'ntest': 10662}","{'devacc': np.float64(88.42), 'acc': np.float64(88.85), 'ndev': 3775, 'ntest': 3775}","{'devacc': np.float64(94.49), 'acc': np.float64(94.6), 'ndev': 10000, 'ntest': 10000}","{'devacc': np.float64(88.79), 'acc': np.float64(89.27), 'ndev': 10606, 'ntest': 10606}","{'devacc': np.float64(91.17), 'acc': 91.27, 'ndev': 872, 'ntest': 1821}","{'devacc': np.float64(89.73), 'acc': 96.0, 'ndev': 5452, 'ntest': 500}","{'devacc': np.float64(70.98), 'acc': 71.13, 'f1': 79.49, 'ndev': 4076, 'ntest': 1725}"
deberta-base,CLS+AVG+AVG-NS_SUM-5-10,"torch.Size([61, 2304])",NORMAL,4,0,12,"{'devacc': np.float64(86.0), 'acc': np.float64(86.04), 'ndev': 10662, 'ntest': 10662}","{'devacc': np.float64(89.14), 'acc': np.float64(88.87), 'ndev': 3775, 'ntest': 3775}","{'devacc': np.float64(95.38), 'acc': np.float64(95.25), 'ndev': 10000, 'ntest': 10000}","{'devacc': np.float64(89.25), 'acc': np.float64(89.98), 'ndev': 10606, 'ntest': 10606}","{'devacc': np.float64(91.97), 'acc': 92.59, 'ndev': 872, 'ntest': 1821}","{'devacc': np.float64(88.5), 'acc': 94.8, 'ndev': 5452, 'ntest': 500}","{'devacc': np.float64(76.59), 'acc': 75.88, 'f1': 82.74, 'ndev': 4076, 'ntest': 1725}"
deberta-base,CLS+AVG+SUM-NS_SUM-5-10,"torch.Size([61, 2304])",NORMAL,4,0,12,"{'devacc': np.float64(85.57), 'acc': np.float64(85.85), 'ndev': 10662, 'ntest': 10662}","{'devacc': np.float64(88.13), 'acc': np.float64(88.18), 'ndev': 3775, 'ntest': 3775}","{'devacc': np.float64(94.66), 'acc': np.float64(94.68), 'ndev': 10000, 'ntest': 10000}","{'devacc': np.float64(89.11), 'acc': np.float64(89.32), 'ndev': 10606, 'ntest': 10606}","{'devacc': np.float64(91.06), 'acc': 90.72, 'ndev': 872, 'ntest': 1821}","{'devacc': np.float64(88.04), 'acc': 94.6, 'ndev': 5452, 'ntest': 500}","{'devacc': np.float64(71.39), 'acc': 72.06, 'f1': 81.1, 'ndev': 4076, 'ntest': 1725}"
deberta-base,CLS+AVG+MAX-NS_SUM-5-10,"torch.Size([61, 2304])",NORMAL,4,0,12,"{'devacc': np.float64(84.69), 'acc': np.float64(84.98), 'ndev': 10662, 'ntest': 10662}","{'devacc': np.float64(66.77), 'acc': np.float64(66.12), 'ndev': 3775, 'ntest': 3775}","{'devacc': np.float64(94.43), 'acc': np.float64(94.38), 'ndev': 10000, 'ntest': 10000}","{'devacc': np.float64(58.17), 'acc': np.float64(82.97), 'ndev': 10606, 'ntest': 10606}","{'devacc': np.float64(91.17), 'acc': 90.61, 'ndev': 872, 'ntest': 1821}","{'devacc': np.float64(89.65), 'acc': 95.2, 'ndev': 5452, 'ntest': 500}","{'devacc': np.float64(71.34), 'acc': 71.19, 'f1': 79.59, 'ndev': 4076, 'ntest': 1725}"
deberta-base,CLS+SUM+MAX_SUM-5-10,"torch.Size([61, 2304])",NORMAL,4,0,12,"{'devacc': np.float64(85.53), 'acc': np.float64(85.64), 'ndev': 10662, 'ntest': 10662}","{'devacc': np.float64(88.44), 'acc': np.float64(88.42), 'ndev': 3775, 'ntest': 3775}","{'devacc': np.float64(94.74), 'acc': np.float64(94.69), 'ndev': 10000, 'ntest': 10000}","{'devacc': np.float64(88.51), 'acc': np.float64(88.86), 'ndev': 10606, 'ntest': 10606}","{'devacc': np.float64(91.4), 'acc': 90.94, 'ndev': 872, 'ntest': 1821}","{'devacc': np.float64(88.32), 'acc': 94.6, 'ndev': 5452, 'ntest': 500}","{'devacc': np.float64(71.66), 'acc': 71.59, 'f1': 80.74, 'ndev': 4076, 'ntest': 1725}"
deberta-base,CLS+SUM+AVG-NS_SUM-5-10,"torch.Size([61, 2304])",NORMAL,4,0,12,"{'devacc': np.float64(85.6), 'acc': np.float64(85.92), 'ndev': 10662, 'ntest': 10662}","{'devacc': np.float64(88.32), 'acc': np.float64(88.67), 'ndev': 3775, 'ntest': 3775}","{'devacc': np.float64(94.72), 'acc': np.float64(94.75), 'ndev': 10000, 'ntest': 10000}","{'devacc': np.float64(88.82), 'acc': np.float64(89.04), 'ndev': 10606, 'ntest': 10606}","{'devacc': np.float64(91.51), 'acc': 90.77, 'ndev': 872, 'ntest': 1821}","{'devacc': np.float64(87.78), 'acc': 94.8, 'ndev': 5452, 'ntest': 500}","{'devacc': np.float64(71.49), 'acc': 71.65, 'f1': 80.49, 'ndev': 4076, 'ntest': 1725}"
deberta-base,CLS+SUM+SUM-NS_SUM-5-10,"torch.Size([61, 2304])",NORMAL,4,0,12,"{'devacc': np.float64(85.53), 'acc': np.float64(85.45), 'ndev': 10662, 'ntest': 10662}","{'devacc': np.float64(88.22), 'acc': np.float64(88.4), 'ndev': 3775, 'ntest': 3775}","{'devacc': np.float64(94.68), 'acc': np.float64(94.43), 'ndev': 10000, 'ntest': 10000}","{'devacc': np.float64(89.1), 'acc': np.float64(89.29), 'ndev': 10606, 'ntest': 10606}","{'devacc': np.float64(90.48), 'acc': 90.39, 'ndev': 872, 'ntest': 1821}","{'devacc': np.float64(87.99), 'acc': 94.6, 'ndev': 5452, 'ntest': 500}","{'devacc': np.float64(71.76), 'acc': 72.75, 'f1': 81.35, 'ndev': 4076, 'ntest': 1725}"
deberta-base,CLS+SUM+MAX-NS_SUM-5-10,"torch.Size([61, 2304])",NORMAL,4,0,12,"{'devacc': np.float64(85.51), 'acc': np.float64(85.59), 'ndev': 10662, 'ntest': 10662}","{'devacc': np.float64(83.72), 'acc': np.float64(78.62), 'ndev': 3775, 'ntest': 3775}","{'devacc': np.float64(94.73), 'acc': np.float64(94.72), 'ndev': 10000, 'ntest': 10000}","{'devacc': np.float64(79.76), 'acc': np.float64(89.39), 'ndev': 10606, 'ntest': 10606}","{'devacc': np.float64(91.4), 'acc': 91.32, 'ndev': 872, 'ntest': 1821}","{'devacc': np.float64(88.19), 'acc': 95.0, 'ndev': 5452, 'ntest': 500}","{'devacc': np.float64(71.27), 'acc': 71.77, 'f1': 80.42, 'ndev': 4076, 'ntest': 1725}"
deberta-base,CLS+MAX+AVG-NS_SUM-5-10,"torch.Size([61, 2304])",NORMAL,4,0,12,"{'devacc': np.float64(84.71), 'acc': np.float64(85.27), 'ndev': 10662, 'ntest': 10662}","{'devacc': np.float64(88.52), 'acc': np.float64(88.45), 'ndev': 3775, 'ntest': 3775}","{'devacc': np.float64(94.58), 'acc': np.float64(94.54), 'ndev': 10000, 'ntest': 10000}","{'devacc': np.float64(88.55), 'acc': np.float64(89.21), 'ndev': 10606, 'ntest': 10606}","{'devacc': np.float64(90.83), 'acc': 90.66, 'ndev': 872, 'ntest': 1821}","{'devacc': np.float64(89.89), 'acc': 96.0, 'ndev': 5452, 'ntest': 500}","{'devacc': np.float64(71.2), 'acc': 71.48, 'f1': 79.31, 'ndev': 4076, 'ntest': 1725}"
deberta-base,CLS+MAX+SUM-NS_SUM-5-10,"torch.Size([61, 2304])",NORMAL,4,0,12,"{'devacc': np.float64(85.48), 'acc': np.float64(85.82), 'ndev': 10662, 'ntest': 10662}","{'devacc': np.float64(88.31), 'acc': np.float64(88.03), 'ndev': 3775, 'ntest': 3775}","{'devacc': np.float64(94.75), 'acc': np.float64(94.65), 'ndev': 10000, 'ntest': 10000}","{'devacc': np.float64(88.47), 'acc': np.float64(88.86), 'ndev': 10606, 'ntest': 10606}","{'devacc': np.float64(90.94), 'acc': 90.83, 'ndev': 872, 'ntest': 1821}","{'devacc': np.float64(88.24), 'acc': 94.4, 'ndev': 5452, 'ntest': 500}","{'devacc': np.float64(71.57), 'acc': 71.07, 'f1': 80.39, 'ndev': 4076, 'ntest': 1725}"
deberta-base,CLS+MAX+MAX-NS_SUM-5-10,"torch.Size([61, 2304])",NORMAL,4,0,12,"{'devacc': np.float64(82.33), 'acc': np.float64(82.22), 'ndev': 10662, 'ntest': 10662}","{'devacc': np.float64(67.46), 'acc': np.float64(65.98), 'ndev': 3775, 'ntest': 3775}","{'devacc': np.float64(92.57), 'acc': np.float64(92.74), 'ndev': 10000, 'ntest': 10000}","{'devacc': np.float64(86.97), 'acc': np.float64(85.98), 'ndev': 10606, 'ntest': 10606}","{'devacc': np.float64(86.93), 'acc': 89.07, 'ndev': 872, 'ntest': 1821}","{'devacc': np.float64(88.61), 'acc': 95.2, 'ndev': 5452, 'ntest': 500}","{'devacc': np.float64(70.51), 'acc': 70.03, 'f1': 78.52, 'ndev': 4076, 'ntest': 1725}"
deberta-base,CLS+AVG-NS+SUM-NS_SUM-5-10,"torch.Size([61, 2304])",NORMAL,4,0,12,"{'devacc': np.float64(85.62), 'acc': np.float64(85.88), 'ndev': 10662, 'ntest': 10662}","{'devacc': np.float64(88.17), 'acc': np.float64(88.21), 'ndev': 3775, 'ntest': 3775}","{'devacc': np.float64(94.67), 'acc': np.float64(94.74), 'ndev': 10000, 'ntest': 10000}","{'devacc': np.float64(88.76), 'acc': np.float64(89.14), 'ndev': 10606, 'ntest': 10606}","{'devacc': np.float64(91.51), 'acc': 91.21, 'ndev': 872, 'ntest': 1821}","{'devacc': np.float64(88.15), 'acc': 94.4, 'ndev': 5452, 'ntest': 500}","{'devacc': np.float64(71.64), 'acc': 71.94, 'f1': 81.05, 'ndev': 4076, 'ntest': 1725}"
deberta-base,CLS+AVG-NS+MAX-NS_SUM-5-10,"torch.Size([61, 2304])",NORMAL,4,0,12,"{'devacc': np.float64(84.64), 'acc': np.float64(84.98), 'ndev': 10662, 'ntest': 10662}","{'devacc': np.float64(70.52), 'acc': np.float64(69.46), 'ndev': 3775, 'ntest': 3775}","{'devacc': np.float64(94.5), 'acc': np.float64(94.4), 'ndev': 10000, 'ntest': 10000}","{'devacc': np.float64(85.15), 'acc': np.float64(72.87), 'ndev': 10606, 'ntest': 10606}","{'devacc': np.float64(91.4), 'acc': 90.28, 'ndev': 872, 'ntest': 1821}","{'devacc': np.float64(89.8), 'acc': 95.8, 'ndev': 5452, 'ntest': 500}","{'devacc': np.float64(71.54), 'acc': 70.2, 'f1': 78.6, 'ndev': 4076, 'ntest': 1725}"
deberta-base,CLS+SUM-NS+MAX-NS_SUM-5-10,"torch.Size([61, 2304])",NORMAL,4,0,12,"{'devacc': np.float64(85.52), 'acc': np.float64(85.75), 'ndev': 10662, 'ntest': 10662}","{'devacc': np.float64(82.25), 'acc': np.float64(81.37), 'ndev': 3775, 'ntest': 3775}","{'devacc': np.float64(94.76), 'acc': np.float64(94.57), 'ndev': 10000, 'ntest': 10000}","{'devacc': np.float64(77.77), 'acc': np.float64(88.79), 'ndev': 10606, 'ntest': 10606}","{'devacc': np.float64(90.6), 'acc': 91.76, 'ndev': 872, 'ntest': 1821}","{'devacc': np.float64(88.26), 'acc': 94.6, 'ndev': 5452, 'ntest': 500}","{'devacc': np.float64(71.47), 'acc': 72.0, 'f1': 81.17, 'ndev': 4076, 'ntest': 1725}"
deberta-base,AVG+SUM+MAX_SUM-5-10,"torch.Size([61, 2304])",NORMAL,4,0,12,"{'devacc': np.float64(85.51), 'acc': np.float64(85.7), 'ndev': 10662, 'ntest': 10662}","{'devacc': np.float64(88.45), 'acc': np.float64(88.35), 'ndev': 3775, 'ntest': 3775}","{'devacc': np.float64(94.75), 'acc': np.float64(94.73), 'ndev': 10000, 'ntest': 10000}","{'devacc': np.float64(88.54), 'acc': np.float64(88.8), 'ndev': 10606, 'ntest': 10606}","{'devacc': np.float64(91.51), 'acc': 90.83, 'ndev': 872, 'ntest': 1821}","{'devacc': np.float64(88.24), 'acc': 94.6, 'ndev': 5452, 'ntest': 500}","{'devacc': np.float64(71.12), 'acc': 71.36, 'f1': 80.21, 'ndev': 4076, 'ntest': 1725}"
deberta-base,AVG+SUM+AVG-NS_SUM-5-10,"torch.Size([61, 2304])",NORMAL,4,0,12,"{'devacc': np.float64(85.64), 'acc': np.float64(85.83), 'ndev': 10662, 'ntest': 10662}","{'devacc': np.float64(88.35), 'acc': np.float64(88.72), 'ndev': 3775, 'ntest': 3775}","{'devacc': np.float64(94.69), 'acc': np.float64(94.66), 'ndev': 10000, 'ntest': 10000}","{'devacc': np.float64(88.74), 'acc': np.float64(89.2), 'ndev': 10606, 'ntest': 10606}","{'devacc': np.float64(91.74), 'acc': 91.43, 'ndev': 872, 'ntest': 1821}","{'devacc': np.float64(87.97), 'acc': 94.4, 'ndev': 5452, 'ntest': 500}","{'devacc': np.float64(71.25), 'acc': 71.13, 'f1': 80.32, 'ndev': 4076, 'ntest': 1725}"
deberta-base,AVG+SUM+SUM-NS_SUM-5-10,"torch.Size([61, 2304])",NORMAL,4,0,12,"{'devacc': np.float64(85.55), 'acc': np.float64(85.51), 'ndev': 10662, 'ntest': 10662}","{'devacc': np.float64(88.21), 'acc': np.float64(88.37), 'ndev': 3775, 'ntest': 3775}","{'devacc': np.float64(94.69), 'acc': np.float64(94.58), 'ndev': 10000, 'ntest': 10000}","{'devacc': np.float64(89.05), 'acc': np.float64(89.13), 'ndev': 10606, 'ntest': 10606}","{'devacc': np.float64(91.17), 'acc': 90.17, 'ndev': 872, 'ntest': 1821}","{'devacc': np.float64(87.84), 'acc': 94.4, 'ndev': 5452, 'ntest': 500}","{'devacc': np.float64(71.74), 'acc': 71.83, 'f1': 80.62, 'ndev': 4076, 'ntest': 1725}"
deberta-base,AVG+SUM+MAX-NS_SUM-5-10,"torch.Size([61, 2304])",NORMAL,4,0,12,"{'devacc': np.float64(85.53), 'acc': np.float64(85.61), 'ndev': 10662, 'ntest': 10662}","{'devacc': np.float64(83.8), 'acc': np.float64(85.99), 'ndev': 3775, 'ntest': 3775}","{'devacc': np.float64(94.75), 'acc': np.float64(94.7), 'ndev': 10000, 'ntest': 10000}","{'devacc': np.float64(77.76), 'acc': np.float64(88.78), 'ndev': 10606, 'ntest': 10606}","{'devacc': np.float64(91.51), 'acc': 91.49, 'ndev': 872, 'ntest': 1821}","{'devacc': np.float64(88.26), 'acc': 95.0, 'ndev': 5452, 'ntest': 500}","{'devacc': np.float64(71.49), 'acc': 71.88, 'f1': 80.36, 'ndev': 4076, 'ntest': 1725}"
deberta-base,AVG+MAX+AVG-NS_SUM-5-10,"torch.Size([61, 2304])",NORMAL,4,0,12,"{'devacc': np.float64(84.84), 'acc': np.float64(85.17), 'ndev': 10662, 'ntest': 10662}","{'devacc': np.float64(89.1), 'acc': np.float64(89.19), 'ndev': 3775, 'ntest': 3775}","{'devacc': np.float64(94.82), 'acc': np.float64(94.61), 'ndev': 10000, 'ntest': 10000}","{'devacc': np.float64(88.5), 'acc': np.float64(88.85), 'ndev': 10606, 'ntest': 10606}","{'devacc': np.float64(90.71), 'acc': 90.72, 'ndev': 872, 'ntest': 1821}","{'devacc': np.float64(89.84), 'acc': 95.6, 'ndev': 5452, 'ntest': 500}","{'devacc': np.float64(72.77), 'acc': 73.1, 'f1': 80.39, 'ndev': 4076, 'ntest': 1725}"
deberta-base,AVG+MAX+SUM-NS_SUM-5-10,"torch.Size([61, 2304])",NORMAL,4,0,12,"{'devacc': np.float64(85.5), 'acc': np.float64(85.84), 'ndev': 10662, 'ntest': 10662}","{'devacc': np.float64(88.36), 'acc': np.float64(88.11), 'ndev': 3775, 'ntest': 3775}","{'devacc': np.float64(94.76), 'acc': np.float64(94.66), 'ndev': 10000, 'ntest': 10000}","{'devacc': np.float64(88.46), 'acc': np.float64(88.88), 'ndev': 10606, 'ntest': 10606}","{'devacc': np.float64(91.06), 'acc': 90.72, 'ndev': 872, 'ntest': 1821}","{'devacc': np.float64(88.17), 'acc': 94.6, 'ndev': 5452, 'ntest': 500}","{'devacc': np.float64(71.57), 'acc': 70.67, 'f1': 80.14, 'ndev': 4076, 'ntest': 1725}"
deberta-base,AVG+MAX+MAX-NS_SUM-5-10,"torch.Size([61, 2304])",NORMAL,4,0,12,"{'devacc': np.float64(84.53), 'acc': np.float64(84.79), 'ndev': 10662, 'ntest': 10662}","{'devacc': np.float64(68.21), 'acc': np.float64(67.58), 'ndev': 3775, 'ntest': 3775}","{'devacc': np.float64(94.06), 'acc': np.float64(94.02), 'ndev': 10000, 'ntest': 10000}","{'devacc': np.float64(88.05), 'acc': np.float64(88.93), 'ndev': 10606, 'ntest': 10606}","{'devacc': np.float64(90.71), 'acc': 90.39, 'ndev': 872, 'ntest': 1821}","{'devacc': np.float64(89.49), 'acc': 95.4, 'ndev': 5452, 'ntest': 500}","{'devacc': np.float64(71.34), 'acc': 71.36, 'f1': 79.09, 'ndev': 4076, 'ntest': 1725}"
deberta-base,AVG+AVG-NS+SUM-NS_SUM-5-10,"torch.Size([61, 2304])",NORMAL,4,0,12,"{'devacc': np.float64(85.63), 'acc': np.float64(85.93), 'ndev': 10662, 'ntest': 10662}","{'devacc': np.float64(88.24), 'acc': np.float64(88.42), 'ndev': 3775, 'ntest': 3775}","{'devacc': np.float64(94.71), 'acc': np.float64(94.57), 'ndev': 10000, 'ntest': 10000}","{'devacc': np.float64(88.7), 'acc': np.float64(89.04), 'ndev': 10606, 'ntest': 10606}","{'devacc': np.float64(91.63), 'acc': 91.16, 'ndev': 872, 'ntest': 1821}","{'devacc': np.float64(88.04), 'acc': 94.6, 'ndev': 5452, 'ntest': 500}","{'devacc': np.float64(71.42), 'acc': 71.83, 'f1': 80.7, 'ndev': 4076, 'ntest': 1725}"
deberta-base,AVG+AVG-NS+MAX-NS_SUM-5-10,"torch.Size([61, 2304])",NORMAL,4,0,12,"{'devacc': np.float64(84.59), 'acc': np.float64(84.98), 'ndev': 10662, 'ntest': 10662}","{'devacc': np.float64(68.6), 'acc': np.float64(69.64), 'ndev': 3775, 'ntest': 3775}","{'devacc': np.float64(94.77), 'acc': np.float64(94.63), 'ndev': 10000, 'ntest': 10000}","{'devacc': np.float64(84.0), 'acc': np.float64(86.42), 'ndev': 10606, 'ntest': 10606}","{'devacc': np.float64(91.17), 'acc': 90.61, 'ndev': 872, 'ntest': 1821}","{'devacc': np.float64(89.64), 'acc': 95.8, 'ndev': 5452, 'ntest': 500}","{'devacc': np.float64(73.06), 'acc': 72.64, 'f1': 80.25, 'ndev': 4076, 'ntest': 1725}"
deberta-base,AVG+SUM-NS+MAX-NS_SUM-5-10,"torch.Size([61, 2304])",NORMAL,4,0,12,"{'devacc': np.float64(85.51), 'acc': np.float64(85.79), 'ndev': 10662, 'ntest': 10662}","{'devacc': np.float64(84.05), 'acc': np.float64(85.24), 'ndev': 3775, 'ntest': 3775}","{'devacc': np.float64(94.78), 'acc': np.float64(94.63), 'ndev': 10000, 'ntest': 10000}","{'devacc': np.float64(77.69), 'acc': np.float64(89.06), 'ndev': 10606, 'ntest': 10606}","{'devacc': np.float64(91.17), 'acc': 91.38, 'ndev': 872, 'ntest': 1821}","{'devacc': np.float64(88.26), 'acc': 94.6, 'ndev': 5452, 'ntest': 500}","{'devacc': np.float64(71.32), 'acc': 71.48, 'f1': 80.58, 'ndev': 4076, 'ntest': 1725}"
deberta-base,SUM+MAX+AVG-NS_SUM-5-10,"torch.Size([61, 2304])",NORMAL,4,0,12,"{'devacc': np.float64(85.51), 'acc': np.float64(85.68), 'ndev': 10662, 'ntest': 10662}","{'devacc': np.float64(88.48), 'acc': np.float64(88.64), 'ndev': 3775, 'ntest': 3775}","{'devacc': np.float64(94.74), 'acc': np.float64(94.84), 'ndev': 10000, 'ntest': 10000}","{'devacc': np.float64(88.42), 'acc': np.float64(88.8), 'ndev': 10606, 'ntest': 10606}","{'devacc': np.float64(91.17), 'acc': 91.27, 'ndev': 872, 'ntest': 1821}","{'devacc': np.float64(88.19), 'acc': 94.6, 'ndev': 5452, 'ntest': 500}","{'devacc': np.float64(71.3), 'acc': 71.88, 'f1': 80.47, 'ndev': 4076, 'ntest': 1725}"
deberta-base,SUM+MAX+SUM-NS_SUM-5-10,"torch.Size([61, 2304])",NORMAL,4,0,12,"{'devacc': np.float64(85.46), 'acc': np.float64(85.49), 'ndev': 10662, 'ntest': 10662}","{'devacc': np.float64(88.3), 'acc': np.float64(88.29), 'ndev': 3775, 'ntest': 3775}","{'devacc': np.float64(94.74), 'acc': np.float64(94.57), 'ndev': 10000, 'ntest': 10000}","{'devacc': np.float64(88.5), 'acc': np.float64(89.05), 'ndev': 10606, 'ntest': 10606}","{'devacc': np.float64(91.06), 'acc': 90.39, 'ndev': 872, 'ntest': 1821}","{'devacc': np.float64(88.11), 'acc': 94.4, 'ndev': 5452, 'ntest': 500}","{'devacc': np.float64(71.47), 'acc': 71.77, 'f1': 80.65, 'ndev': 4076, 'ntest': 1725}"
deberta-base,SUM+MAX+MAX-NS_SUM-5-10,"torch.Size([61, 2304])",NORMAL,4,0,12,"{'devacc': np.float64(85.39), 'acc': np.float64(85.55), 'ndev': 10662, 'ntest': 10662}","{'devacc': np.float64(85.66), 'acc': np.float64(80.23), 'ndev': 3775, 'ntest': 3775}","{'devacc': np.float64(94.77), 'acc': np.float64(94.81), 'ndev': 10000, 'ntest': 10000}","{'devacc': np.float64(77.99), 'acc': np.float64(90.43), 'ndev': 10606, 'ntest': 10606}","{'devacc': np.float64(91.28), 'acc': 90.83, 'ndev': 872, 'ntest': 1821}","{'devacc': np.float64(88.28), 'acc': 94.4, 'ndev': 5452, 'ntest': 500}","{'devacc': np.float64(71.86), 'acc': 71.54, 'f1': 80.34, 'ndev': 4076, 'ntest': 1725}"
deberta-base,SUM+AVG-NS+SUM-NS_SUM-5-10,"torch.Size([61, 2304])",NORMAL,4,0,12,"{'devacc': np.float64(85.53), 'acc': np.float64(85.46), 'ndev': 10662, 'ntest': 10662}","{'devacc': np.float64(88.19), 'acc': np.float64(88.61), 'ndev': 3775, 'ntest': 3775}","{'devacc': np.float64(94.66), 'acc': np.float64(94.56), 'ndev': 10000, 'ntest': 10000}","{'devacc': np.float64(88.71), 'acc': np.float64(88.92), 'ndev': 10606, 'ntest': 10606}","{'devacc': np.float64(91.63), 'acc': 91.05, 'ndev': 872, 'ntest': 1821}","{'devacc': np.float64(87.95), 'acc': 94.8, 'ndev': 5452, 'ntest': 500}","{'devacc': np.float64(71.96), 'acc': 71.88, 'f1': 80.81, 'ndev': 4076, 'ntest': 1725}"
deberta-base,SUM+AVG-NS+MAX-NS_SUM-5-10,"torch.Size([61, 2304])",NORMAL,4,0,12,"{'devacc': np.float64(85.52), 'acc': np.float64(85.7), 'ndev': 10662, 'ntest': 10662}","{'devacc': np.float64(84.3), 'acc': np.float64(80.55), 'ndev': 3775, 'ntest': 3775}","{'devacc': np.float64(94.75), 'acc': np.float64(94.83), 'ndev': 10000, 'ntest': 10000}","{'devacc': np.float64(86.79), 'acc': np.float64(89.82), 'ndev': 10606, 'ntest': 10606}","{'devacc': np.float64(91.51), 'acc': 91.6, 'ndev': 872, 'ntest': 1821}","{'devacc': np.float64(88.32), 'acc': 93.8, 'ndev': 5452, 'ntest': 500}","{'devacc': np.float64(71.15), 'acc': 70.78, 'f1': 79.29, 'ndev': 4076, 'ntest': 1725}"
deberta-base,SUM+SUM-NS+MAX-NS_SUM-5-10,"torch.Size([61, 2304])",NORMAL,4,0,12,"{'devacc': np.float64(85.46), 'acc': np.float64(85.52), 'ndev': 10662, 'ntest': 10662}","{'devacc': np.float64(86.05), 'acc': np.float64(85.22), 'ndev': 3775, 'ntest': 3775}","{'devacc': np.float64(94.71), 'acc': np.float64(94.69), 'ndev': 10000, 'ntest': 10000}","{'devacc': np.float64(87.63), 'acc': np.float64(89.61), 'ndev': 10606, 'ntest': 10606}","{'devacc': np.float64(91.17), 'acc': 91.38, 'ndev': 872, 'ntest': 1821}","{'devacc': np.float64(88.17), 'acc': 94.4, 'ndev': 5452, 'ntest': 500}","{'devacc': np.float64(71.57), 'acc': 71.77, 'f1': 80.7, 'ndev': 4076, 'ntest': 1725}"
deberta-base,MAX+AVG-NS+SUM-NS_SUM-5-10,"torch.Size([61, 2304])",NORMAL,4,0,12,"{'devacc': np.float64(85.55), 'acc': np.float64(85.8), 'ndev': 10662, 'ntest': 10662}","{'devacc': np.float64(88.39), 'acc': np.float64(88.21), 'ndev': 3775, 'ntest': 3775}","{'devacc': np.float64(94.76), 'acc': np.float64(94.6), 'ndev': 10000, 'ntest': 10000}","{'devacc': np.float64(88.38), 'acc': np.float64(88.72), 'ndev': 10606, 'ntest': 10606}","{'devacc': np.float64(91.17), 'acc': 91.38, 'ndev': 872, 'ntest': 1821}","{'devacc': np.float64(88.3), 'acc': 94.8, 'ndev': 5452, 'ntest': 500}","{'devacc': np.float64(71.42), 'acc': 71.65, 'f1': 80.53, 'ndev': 4076, 'ntest': 1725}"
deberta-base,MAX+AVG-NS+MAX-NS_SUM-5-10,"torch.Size([61, 2304])",NORMAL,4,0,12,"{'devacc': np.float64(84.42), 'acc': np.float64(84.7), 'ndev': 10662, 'ntest': 10662}","{'devacc': np.float64(67.14), 'acc': np.float64(66.09), 'ndev': 3775, 'ntest': 3775}","{'devacc': np.float64(94.13), 'acc': np.float64(94.11), 'ndev': 10000, 'ntest': 10000}","{'devacc': np.float64(88.0), 'acc': np.float64(89.99), 'ndev': 10606, 'ntest': 10606}","{'devacc': np.float64(90.94), 'acc': 90.55, 'ndev': 872, 'ntest': 1821}","{'devacc': np.float64(89.42), 'acc': 96.2, 'ndev': 5452, 'ntest': 500}","{'devacc': np.float64(71.34), 'acc': 71.3, 'f1': 79.12, 'ndev': 4076, 'ntest': 1725}"
deberta-base,MAX+SUM-NS+MAX-NS_SUM-5-10,"torch.Size([61, 2304])",NORMAL,4,0,12,"{'devacc': np.float64(85.45), 'acc': np.float64(85.69), 'ndev': 10662, 'ntest': 10662}","{'devacc': np.float64(84.95), 'acc': np.float64(78.17), 'ndev': 3775, 'ntest': 3775}","{'devacc': np.float64(94.79), 'acc': np.float64(94.66), 'ndev': 10000, 'ntest': 10000}","{'devacc': np.float64(78.93), 'acc': np.float64(90.3), 'ndev': 10606, 'ntest': 10606}","{'devacc': np.float64(91.06), 'acc': 90.88, 'ndev': 872, 'ntest': 1821}","{'devacc': np.float64(88.66), 'acc': 95.0, 'ndev': 5452, 'ntest': 500}","{'devacc': np.float64(71.81), 'acc': 71.54, 'f1': 80.59, 'ndev': 4076, 'ntest': 1725}"
deberta-base,AVG-NS+SUM-NS+MAX-NS_SUM-5-10,"torch.Size([61, 2304])",NORMAL,4,0,12,"{'devacc': np.float64(85.52), 'acc': np.float64(85.85), 'ndev': 10662, 'ntest': 10662}","{'devacc': np.float64(84.91), 'acc': np.float64(83.18), 'ndev': 3775, 'ntest': 3775}","{'devacc': np.float64(94.76), 'acc': np.float64(94.68), 'ndev': 10000, 'ntest': 10000}","{'devacc': np.float64(86.81), 'acc': np.float64(89.48), 'ndev': 10606, 'ntest': 10606}","{'devacc': np.float64(91.4), 'acc': 91.49, 'ndev': 872, 'ntest': 1821}","{'devacc': np.float64(88.33), 'acc': 94.4, 'ndev': 5452, 'ntest': 500}","{'devacc': np.float64(71.81), 'acc': 71.59, 'f1': 80.65, 'ndev': 4076, 'ntest': 1725}"
deberta-base,CLS+AVG+SUM_SUM-6-11,"torch.Size([61, 2304])",NORMAL,4,0,12,"{'devacc': np.float64(86.08), 'acc': np.float64(86.36), 'ndev': 10662, 'ntest': 10662}","{'devacc': np.float64(88.45), 'acc': np.float64(88.26), 'ndev': 3775, 'ntest': 3775}","{'devacc': np.float64(94.73), 'acc': np.float64(94.72), 'ndev': 10000, 'ntest': 10000}","{'devacc': np.float64(89.19), 'acc': np.float64(89.52), 'ndev': 10606, 'ntest': 10606}","{'devacc': np.float64(91.74), 'acc': 91.38, 'ndev': 872, 'ntest': 1821}","{'devacc': np.float64(87.8), 'acc': 95.6, 'ndev': 5452, 'ntest': 500}","{'devacc': np.float64(71.96), 'acc': 73.22, 'f1': 81.85, 'ndev': 4076, 'ntest': 1725}"
deberta-base,CLS+AVG+MAX_SUM-6-11,"torch.Size([61, 2304])",NORMAL,4,0,12,"{'devacc': np.float64(85.48), 'acc': np.float64(86.01), 'ndev': 10662, 'ntest': 10662}","{'devacc': np.float64(89.24), 'acc': np.float64(89.03), 'ndev': 3775, 'ntest': 3775}","{'devacc': np.float64(94.65), 'acc': np.float64(94.73), 'ndev': 10000, 'ntest': 10000}","{'devacc': np.float64(88.99), 'acc': np.float64(89.15), 'ndev': 10606, 'ntest': 10606}","{'devacc': np.float64(90.83), 'acc': 91.76, 'ndev': 872, 'ntest': 1821}","{'devacc': np.float64(89.32), 'acc': 96.0, 'ndev': 5452, 'ntest': 500}","{'devacc': np.float64(71.61), 'acc': 70.14, 'f1': 78.9, 'ndev': 4076, 'ntest': 1725}"
deberta-base,CLS+AVG+AVG-NS_SUM-6-11,"torch.Size([61, 2304])",NORMAL,4,0,12,"{'devacc': np.float64(86.47), 'acc': np.float64(86.68), 'ndev': 10662, 'ntest': 10662}","{'devacc': np.float64(89.29), 'acc': np.float64(89.75), 'ndev': 3775, 'ntest': 3775}","{'devacc': np.float64(95.44), 'acc': np.float64(95.41), 'ndev': 10000, 'ntest': 10000}","{'devacc': np.float64(89.29), 'acc': np.float64(89.88), 'ndev': 10606, 'ntest': 10606}","{'devacc': np.float64(91.74), 'acc': 92.86, 'ndev': 872, 'ntest': 1821}","{'devacc': np.float64(88.57), 'acc': 95.6, 'ndev': 5452, 'ntest': 500}","{'devacc': np.float64(76.64), 'acc': 76.46, 'f1': 83.25, 'ndev': 4076, 'ntest': 1725}"
deberta-base,CLS+AVG+SUM-NS_SUM-6-11,"torch.Size([61, 2304])",NORMAL,4,0,12,"{'devacc': np.float64(86.05), 'acc': np.float64(86.25), 'ndev': 10662, 'ntest': 10662}","{'devacc': np.float64(88.34), 'acc': np.float64(88.37), 'ndev': 3775, 'ntest': 3775}","{'devacc': np.float64(94.82), 'acc': np.float64(94.72), 'ndev': 10000, 'ntest': 10000}","{'devacc': np.float64(89.16), 'acc': np.float64(89.48), 'ndev': 10606, 'ntest': 10606}","{'devacc': np.float64(91.74), 'acc': 91.65, 'ndev': 872, 'ntest': 1821}","{'devacc': np.float64(87.62), 'acc': 95.4, 'ndev': 5452, 'ntest': 500}","{'devacc': np.float64(71.79), 'acc': 71.13, 'f1': 80.55, 'ndev': 4076, 'ntest': 1725}"
deberta-base,CLS+AVG+MAX-NS_SUM-6-11,"torch.Size([61, 2304])",NORMAL,4,0,12,"{'devacc': np.float64(85.41), 'acc': np.float64(85.59), 'ndev': 10662, 'ntest': 10662}","{'devacc': np.float64(70.26), 'acc': np.float64(68.4), 'ndev': 3775, 'ntest': 3775}","{'devacc': np.float64(94.55), 'acc': np.float64(94.78), 'ndev': 10000, 'ntest': 10000}","{'devacc': np.float64(66.82), 'acc': np.float64(86.64), 'ndev': 10606, 'ntest': 10606}","{'devacc': np.float64(91.17), 'acc': 91.87, 'ndev': 872, 'ntest': 1821}","{'devacc': np.float64(89.27), 'acc': 95.8, 'ndev': 5452, 'ntest': 500}","{'devacc': np.float64(71.61), 'acc': 70.96, 'f1': 79.37, 'ndev': 4076, 'ntest': 1725}"
deberta-base,CLS+SUM+MAX_SUM-6-11,"torch.Size([61, 2304])",NORMAL,4,0,12,"{'devacc': np.float64(86.02), 'acc': np.float64(86.16), 'ndev': 10662, 'ntest': 10662}","{'devacc': np.float64(88.65), 'acc': np.float64(88.61), 'ndev': 3775, 'ntest': 3775}","{'devacc': np.float64(94.82), 'acc': np.float64(94.82), 'ndev': 10000, 'ntest': 10000}","{'devacc': np.float64(88.8), 'acc': np.float64(89.18), 'ndev': 10606, 'ntest': 10606}","{'devacc': np.float64(91.97), 'acc': 91.43, 'ndev': 872, 'ntest': 1821}","{'devacc': np.float64(87.99), 'acc': 95.2, 'ndev': 5452, 'ntest': 500}","{'devacc': np.float64(71.89), 'acc': 73.62, 'f1': 82.08, 'ndev': 4076, 'ntest': 1725}"
deberta-base,CLS+SUM+AVG-NS_SUM-6-11,"torch.Size([61, 2304])",NORMAL,4,0,12,"{'devacc': np.float64(86.06), 'acc': np.float64(86.34), 'ndev': 10662, 'ntest': 10662}","{'devacc': np.float64(88.45), 'acc': np.float64(88.45), 'ndev': 3775, 'ntest': 3775}","{'devacc': np.float64(94.74), 'acc': np.float64(94.68), 'ndev': 10000, 'ntest': 10000}","{'devacc': np.float64(88.99), 'acc': np.float64(89.18), 'ndev': 10606, 'ntest': 10606}","{'devacc': np.float64(91.63), 'acc': 91.93, 'ndev': 872, 'ntest': 1821}","{'devacc': np.float64(87.62), 'acc': 95.2, 'ndev': 5452, 'ntest': 500}","{'devacc': np.float64(72.25), 'acc': 72.46, 'f1': 81.26, 'ndev': 4076, 'ntest': 1725}"
deberta-base,CLS+SUM+SUM-NS_SUM-6-11,"torch.Size([61, 2304])",NORMAL,4,0,12,"{'devacc': np.float64(86.0), 'acc': np.float64(86.17), 'ndev': 10662, 'ntest': 10662}","{'devacc': np.float64(88.44), 'acc': np.float64(88.61), 'ndev': 3775, 'ntest': 3775}","{'devacc': np.float64(94.71), 'acc': np.float64(94.6), 'ndev': 10000, 'ntest': 10000}","{'devacc': np.float64(89.08), 'acc': np.float64(89.38), 'ndev': 10606, 'ntest': 10606}","{'devacc': np.float64(91.51), 'acc': 91.54, 'ndev': 872, 'ntest': 1821}","{'devacc': np.float64(87.8), 'acc': 95.4, 'ndev': 5452, 'ntest': 500}","{'devacc': np.float64(71.96), 'acc': 72.0, 'f1': 81.07, 'ndev': 4076, 'ntest': 1725}"
deberta-base,CLS+SUM+MAX-NS_SUM-6-11,"torch.Size([61, 2304])",NORMAL,4,0,12,"{'devacc': np.float64(86.02), 'acc': np.float64(86.25), 'ndev': 10662, 'ntest': 10662}","{'devacc': np.float64(85.64), 'acc': np.float64(82.25), 'ndev': 3775, 'ntest': 3775}","{'devacc': np.float64(94.81), 'acc': np.float64(94.83), 'ndev': 10000, 'ntest': 10000}","{'devacc': np.float64(84.69), 'acc': np.float64(90.18), 'ndev': 10606, 'ntest': 10606}","{'devacc': np.float64(91.86), 'acc': 91.54, 'ndev': 872, 'ntest': 1821}","{'devacc': np.float64(88.11), 'acc': 95.0, 'ndev': 5452, 'ntest': 500}","{'devacc': np.float64(72.11), 'acc': 72.52, 'f1': 81.38, 'ndev': 4076, 'ntest': 1725}"
deberta-base,CLS+MAX+AVG-NS_SUM-6-11,"torch.Size([61, 2304])",NORMAL,4,0,12,"{'devacc': np.float64(85.48), 'acc': np.float64(85.81), 'ndev': 10662, 'ntest': 10662}","{'devacc': np.float64(89.41), 'acc': np.float64(89.22), 'ndev': 3775, 'ntest': 3775}","{'devacc': np.float64(94.69), 'acc': np.float64(94.92), 'ndev': 10000, 'ntest': 10000}","{'devacc': np.float64(88.7), 'acc': np.float64(88.97), 'ndev': 10606, 'ntest': 10606}","{'devacc': np.float64(90.14), 'acc': 91.49, 'ndev': 872, 'ntest': 1821}","{'devacc': np.float64(89.44), 'acc': 95.6, 'ndev': 5452, 'ntest': 500}","{'devacc': np.float64(71.93), 'acc': 70.84, 'f1': 79.33, 'ndev': 4076, 'ntest': 1725}"
deberta-base,CLS+MAX+SUM-NS_SUM-6-11,"torch.Size([61, 2304])",NORMAL,4,0,12,"{'devacc': np.float64(86.05), 'acc': np.float64(86.25), 'ndev': 10662, 'ntest': 10662}","{'devacc': np.float64(88.49), 'acc': np.float64(88.4), 'ndev': 3775, 'ntest': 3775}","{'devacc': np.float64(94.85), 'acc': np.float64(94.78), 'ndev': 10000, 'ntest': 10000}","{'devacc': np.float64(88.64), 'acc': np.float64(89.19), 'ndev': 10606, 'ntest': 10606}","{'devacc': np.float64(91.74), 'acc': 91.65, 'ndev': 872, 'ntest': 1821}","{'devacc': np.float64(88.02), 'acc': 95.2, 'ndev': 5452, 'ntest': 500}","{'devacc': np.float64(71.93), 'acc': 72.81, 'f1': 81.56, 'ndev': 4076, 'ntest': 1725}"
deberta-base,CLS+MAX+MAX-NS_SUM-6-11,"torch.Size([61, 2304])",NORMAL,4,0,12,"{'devacc': np.float64(83.33), 'acc': np.float64(83.25), 'ndev': 10662, 'ntest': 10662}","{'devacc': np.float64(66.76), 'acc': np.float64(65.93), 'ndev': 3775, 'ntest': 3775}","{'devacc': np.float64(92.92), 'acc': np.float64(93.11), 'ndev': 10000, 'ntest': 10000}","{'devacc': np.float64(84.67), 'acc': np.float64(87.68), 'ndev': 10606, 'ntest': 10606}","{'devacc': np.float64(87.5), 'acc': 89.29, 'ndev': 872, 'ntest': 1821}","{'devacc': np.float64(88.1), 'acc': 94.8, 'ndev': 5452, 'ntest': 500}","{'devacc': np.float64(70.31), 'acc': 70.61, 'f1': 78.72, 'ndev': 4076, 'ntest': 1725}"
deberta-base,CLS+AVG-NS+SUM-NS_SUM-6-11,"torch.Size([61, 2304])",NORMAL,4,0,12,"{'devacc': np.float64(86.11), 'acc': np.float64(86.29), 'ndev': 10662, 'ntest': 10662}","{'devacc': np.float64(88.35), 'acc': np.float64(88.74), 'ndev': 3775, 'ntest': 3775}","{'devacc': np.float64(94.82), 'acc': np.float64(94.77), 'ndev': 10000, 'ntest': 10000}","{'devacc': np.float64(88.83), 'acc': np.float64(89.02), 'ndev': 10606, 'ntest': 10606}","{'devacc': np.float64(91.63), 'acc': 91.49, 'ndev': 872, 'ntest': 1821}","{'devacc': np.float64(87.84), 'acc': 95.6, 'ndev': 5452, 'ntest': 500}","{'devacc': np.float64(71.57), 'acc': 72.35, 'f1': 81.39, 'ndev': 4076, 'ntest': 1725}"
deberta-base,CLS+AVG-NS+MAX-NS_SUM-6-11,"torch.Size([61, 2304])",NORMAL,4,0,12,"{'devacc': np.float64(85.41), 'acc': np.float64(85.65), 'ndev': 10662, 'ntest': 10662}","{'devacc': np.float64(70.43), 'acc': np.float64(67.68), 'ndev': 3775, 'ntest': 3775}","{'devacc': np.float64(94.68), 'acc': np.float64(94.61), 'ndev': 10000, 'ntest': 10000}","{'devacc': np.float64(86.61), 'acc': np.float64(84.77), 'ndev': 10606, 'ntest': 10606}","{'devacc': np.float64(90.71), 'acc': 91.54, 'ndev': 872, 'ntest': 1821}","{'devacc': np.float64(89.54), 'acc': 95.4, 'ndev': 5452, 'ntest': 500}","{'devacc': np.float64(72.15), 'acc': 71.01, 'f1': 79.2, 'ndev': 4076, 'ntest': 1725}"
deberta-base,CLS+SUM-NS+MAX-NS_SUM-6-11,"torch.Size([61, 2304])",NORMAL,4,0,12,"{'devacc': np.float64(86.01), 'acc': np.float64(86.32), 'ndev': 10662, 'ntest': 10662}","{'devacc': np.float64(85.55), 'acc': np.float64(81.08), 'ndev': 3775, 'ntest': 3775}","{'devacc': np.float64(94.81), 'acc': np.float64(94.67), 'ndev': 10000, 'ntest': 10000}","{'devacc': np.float64(76.5), 'acc': np.float64(89.95), 'ndev': 10606, 'ntest': 10606}","{'devacc': np.float64(91.86), 'acc': 91.82, 'ndev': 872, 'ntest': 1821}","{'devacc': np.float64(88.06), 'acc': 95.0, 'ndev': 5452, 'ntest': 500}","{'devacc': np.float64(71.66), 'acc': 71.71, 'f1': 80.62, 'ndev': 4076, 'ntest': 1725}"
deberta-base,AVG+SUM+MAX_SUM-6-11,"torch.Size([61, 2304])",NORMAL,4,0,12,"{'devacc': np.float64(86.02), 'acc': np.float64(86.35), 'ndev': 10662, 'ntest': 10662}","{'devacc': np.float64(88.63), 'acc': np.float64(88.74), 'ndev': 3775, 'ntest': 3775}","{'devacc': np.float64(94.83), 'acc': np.float64(94.87), 'ndev': 10000, 'ntest': 10000}","{'devacc': np.float64(88.73), 'acc': np.float64(89.05), 'ndev': 10606, 'ntest': 10606}","{'devacc': np.float64(91.74), 'acc': 91.21, 'ndev': 872, 'ntest': 1821}","{'devacc': np.float64(87.99), 'acc': 95.0, 'ndev': 5452, 'ntest': 500}","{'devacc': np.float64(72.13), 'acc': 72.81, 'f1': 81.28, 'ndev': 4076, 'ntest': 1725}"
deberta-base,AVG+SUM+AVG-NS_SUM-6-11,"torch.Size([61, 2304])",NORMAL,4,0,12,"{'devacc': np.float64(86.12), 'acc': np.float64(86.46), 'ndev': 10662, 'ntest': 10662}","{'devacc': np.float64(88.49), 'acc': np.float64(88.77), 'ndev': 3775, 'ntest': 3775}","{'devacc': np.float64(94.77), 'acc': np.float64(94.62), 'ndev': 10000, 'ntest': 10000}","{'devacc': np.float64(88.88), 'acc': np.float64(89.19), 'ndev': 10606, 'ntest': 10606}","{'devacc': np.float64(91.63), 'acc': 91.6, 'ndev': 872, 'ntest': 1821}","{'devacc': np.float64(87.58), 'acc': 95.6, 'ndev': 5452, 'ntest': 500}","{'devacc': np.float64(72.01), 'acc': 72.06, 'f1': 80.78, 'ndev': 4076, 'ntest': 1725}"
deberta-base,AVG+SUM+SUM-NS_SUM-6-11,"torch.Size([61, 2304])",NORMAL,4,0,12,"{'devacc': np.float64(85.98), 'acc': np.float64(86.1), 'ndev': 10662, 'ntest': 10662}","{'devacc': np.float64(88.43), 'acc': np.float64(88.64), 'ndev': 3775, 'ntest': 3775}","{'devacc': np.float64(94.73), 'acc': np.float64(94.6), 'ndev': 10000, 'ntest': 10000}","{'devacc': np.float64(89.06), 'acc': np.float64(89.35), 'ndev': 10606, 'ntest': 10606}","{'devacc': np.float64(91.06), 'acc': 91.27, 'ndev': 872, 'ntest': 1821}","{'devacc': np.float64(87.84), 'acc': 95.2, 'ndev': 5452, 'ntest': 500}","{'devacc': np.float64(71.93), 'acc': 73.22, 'f1': 81.92, 'ndev': 4076, 'ntest': 1725}"
deberta-base,AVG+SUM+MAX-NS_SUM-6-11,"torch.Size([61, 2304])",NORMAL,4,0,12,"{'devacc': np.float64(86.02), 'acc': np.float64(86.18), 'ndev': 10662, 'ntest': 10662}","{'devacc': np.float64(86.33), 'acc': np.float64(82.12), 'ndev': 3775, 'ntest': 3775}","{'devacc': np.float64(94.82), 'acc': np.float64(94.59), 'ndev': 10000, 'ntest': 10000}","{'devacc': np.float64(85.92), 'acc': np.float64(90.01), 'ndev': 10606, 'ntest': 10606}","{'devacc': np.float64(91.97), 'acc': 91.98, 'ndev': 872, 'ntest': 1821}","{'devacc': np.float64(88.02), 'acc': 95.2, 'ndev': 5452, 'ntest': 500}","{'devacc': np.float64(72.01), 'acc': 71.88, 'f1': 80.9, 'ndev': 4076, 'ntest': 1725}"
deberta-base,AVG+MAX+AVG-NS_SUM-6-11,"torch.Size([61, 2304])",NORMAL,4,0,12,"{'devacc': np.float64(85.6), 'acc': np.float64(85.57), 'ndev': 10662, 'ntest': 10662}","{'devacc': np.float64(89.84), 'acc': np.float64(89.78), 'ndev': 3775, 'ntest': 3775}","{'devacc': np.float64(94.94), 'acc': np.float64(95.05), 'ndev': 10000, 'ntest': 10000}","{'devacc': np.float64(88.73), 'acc': np.float64(89.11), 'ndev': 10606, 'ntest': 10606}","{'devacc': np.float64(90.71), 'acc': 91.27, 'ndev': 872, 'ntest': 1821}","{'devacc': np.float64(89.47), 'acc': 96.0, 'ndev': 5452, 'ntest': 500}","{'devacc': np.float64(73.97), 'acc': 72.23, 'f1': 80.02, 'ndev': 4076, 'ntest': 1725}"
deberta-base,AVG+MAX+SUM-NS_SUM-6-11,"torch.Size([61, 2304])",NORMAL,4,0,12,"{'devacc': np.float64(86.05), 'acc': np.float64(86.29), 'ndev': 10662, 'ntest': 10662}","{'devacc': np.float64(88.51), 'acc': np.float64(88.58), 'ndev': 3775, 'ntest': 3775}","{'devacc': np.float64(94.85), 'acc': np.float64(94.7), 'ndev': 10000, 'ntest': 10000}","{'devacc': np.float64(88.62), 'acc': np.float64(89.16), 'ndev': 10606, 'ntest': 10606}","{'devacc': np.float64(91.86), 'acc': 92.2, 'ndev': 872, 'ntest': 1821}","{'devacc': np.float64(87.95), 'acc': 95.4, 'ndev': 5452, 'ntest': 500}","{'devacc': np.float64(71.74), 'acc': 71.19, 'f1': 80.49, 'ndev': 4076, 'ntest': 1725}"
deberta-base,AVG+MAX+MAX-NS_SUM-6-11,"torch.Size([61, 2304])",NORMAL,4,0,12,"{'devacc': np.float64(85.19), 'acc': np.float64(85.79), 'ndev': 10662, 'ntest': 10662}","{'devacc': np.float64(67.26), 'acc': np.float64(66.06), 'ndev': 3775, 'ntest': 3775}","{'devacc': np.float64(94.19), 'acc': np.float64(94.42), 'ndev': 10000, 'ntest': 10000}","{'devacc': np.float64(87.17), 'acc': np.float64(89.32), 'ndev': 10606, 'ntest': 10606}","{'devacc': np.float64(90.71), 'acc': 91.82, 'ndev': 872, 'ntest': 1821}","{'devacc': np.float64(89.14), 'acc': 94.4, 'ndev': 5452, 'ntest': 500}","{'devacc': np.float64(71.54), 'acc': 70.96, 'f1': 79.24, 'ndev': 4076, 'ntest': 1725}"
deberta-base,AVG+AVG-NS+SUM-NS_SUM-6-11,"torch.Size([61, 2304])",NORMAL,4,0,12,"{'devacc': np.float64(86.1), 'acc': np.float64(86.22), 'ndev': 10662, 'ntest': 10662}","{'devacc': np.float64(88.33), 'acc': np.float64(88.4), 'ndev': 3775, 'ntest': 3775}","{'devacc': np.float64(94.8), 'acc': np.float64(94.71), 'ndev': 10000, 'ntest': 10000}","{'devacc': np.float64(88.8), 'acc': np.float64(89.11), 'ndev': 10606, 'ntest': 10606}","{'devacc': np.float64(91.63), 'acc': 91.54, 'ndev': 872, 'ntest': 1821}","{'devacc': np.float64(87.84), 'acc': 95.6, 'ndev': 5452, 'ntest': 500}","{'devacc': np.float64(71.1), 'acc': 72.29, 'f1': 81.24, 'ndev': 4076, 'ntest': 1725}"
deberta-base,AVG+AVG-NS+MAX-NS_SUM-6-11,"torch.Size([61, 2304])",NORMAL,4,0,12,"{'devacc': np.float64(85.3), 'acc': np.float64(85.72), 'ndev': 10662, 'ntest': 10662}","{'devacc': np.float64(67.74), 'acc': np.float64(68.26), 'ndev': 3775, 'ntest': 3775}","{'devacc': np.float64(94.9), 'acc': np.float64(94.97), 'ndev': 10000, 'ntest': 10000}","{'devacc': np.float64(84.99), 'acc': np.float64(77.55), 'ndev': 10606, 'ntest': 10606}","{'devacc': np.float64(90.94), 'acc': 91.49, 'ndev': 872, 'ntest': 1821}","{'devacc': np.float64(89.4), 'acc': 96.4, 'ndev': 5452, 'ntest': 500}","{'devacc': np.float64(73.85), 'acc': 71.77, 'f1': 79.58, 'ndev': 4076, 'ntest': 1725}"
deberta-base,AVG+SUM-NS+MAX-NS_SUM-6-11,"torch.Size([61, 2304])",NORMAL,4,0,12,"{'devacc': np.float64(86.07), 'acc': np.float64(86.34), 'ndev': 10662, 'ntest': 10662}","{'devacc': np.float64(85.42), 'acc': np.float64(83.72), 'ndev': 3775, 'ntest': 3775}","{'devacc': np.float64(94.85), 'acc': np.float64(94.7), 'ndev': 10000, 'ntest': 10000}","{'devacc': np.float64(77.5), 'acc': np.float64(90.12), 'ndev': 10606, 'ntest': 10606}","{'devacc': np.float64(91.74), 'acc': 91.38, 'ndev': 872, 'ntest': 1821}","{'devacc': np.float64(87.99), 'acc': 94.8, 'ndev': 5452, 'ntest': 500}","{'devacc': np.float64(72.25), 'acc': 72.46, 'f1': 81.42, 'ndev': 4076, 'ntest': 1725}"
deberta-base,SUM+MAX+AVG-NS_SUM-6-11,"torch.Size([61, 2304])",NORMAL,4,0,12,"{'devacc': np.float64(86.02), 'acc': np.float64(86.18), 'ndev': 10662, 'ntest': 10662}","{'devacc': np.float64(88.66), 'acc': np.float64(88.37), 'ndev': 3775, 'ntest': 3775}","{'devacc': np.float64(94.83), 'acc': np.float64(94.86), 'ndev': 10000, 'ntest': 10000}","{'devacc': np.float64(88.67), 'acc': np.float64(89.04), 'ndev': 10606, 'ntest': 10606}","{'devacc': np.float64(91.97), 'acc': 92.04, 'ndev': 872, 'ntest': 1821}","{'devacc': np.float64(87.88), 'acc': 95.0, 'ndev': 5452, 'ntest': 500}","{'devacc': np.float64(72.08), 'acc': 73.45, 'f1': 81.97, 'ndev': 4076, 'ntest': 1725}"
deberta-base,SUM+MAX+SUM-NS_SUM-6-11,"torch.Size([61, 2304])",NORMAL,4,0,12,"{'devacc': np.float64(85.98), 'acc': np.float64(86.16), 'ndev': 10662, 'ntest': 10662}","{'devacc': np.float64(88.5), 'acc': np.float64(88.37), 'ndev': 3775, 'ntest': 3775}","{'devacc': np.float64(94.79), 'acc': np.float64(94.69), 'ndev': 10000, 'ntest': 10000}","{'devacc': np.float64(88.73), 'acc': np.float64(89.18), 'ndev': 10606, 'ntest': 10606}","{'devacc': np.float64(91.51), 'acc': 91.38, 'ndev': 872, 'ntest': 1821}","{'devacc': np.float64(87.91), 'acc': 95.2, 'ndev': 5452, 'ntest': 500}","{'devacc': np.float64(72.03), 'acc': 72.75, 'f1': 81.58, 'ndev': 4076, 'ntest': 1725}"
deberta-base,SUM+MAX+MAX-NS_SUM-6-11,"torch.Size([61, 2304])",NORMAL,4,0,12,"{'devacc': np.float64(85.98), 'acc': np.float64(86.24), 'ndev': 10662, 'ntest': 10662}","{'devacc': np.float64(85.12), 'acc': np.float64(81.19), 'ndev': 3775, 'ntest': 3775}","{'devacc': np.float64(94.88), 'acc': np.float64(94.86), 'ndev': 10000, 'ntest': 10000}","{'devacc': np.float64(89.32), 'acc': np.float64(90.07), 'ndev': 10606, 'ntest': 10606}","{'devacc': np.float64(91.97), 'acc': 91.76, 'ndev': 872, 'ntest': 1821}","{'devacc': np.float64(88.11), 'acc': 95.0, 'ndev': 5452, 'ntest': 500}","{'devacc': np.float64(72.11), 'acc': 72.06, 'f1': 80.86, 'ndev': 4076, 'ntest': 1725}"
deberta-base,SUM+AVG-NS+SUM-NS_SUM-6-11,"torch.Size([61, 2304])",NORMAL,4,0,12,"{'devacc': np.float64(86.0), 'acc': np.float64(86.17), 'ndev': 10662, 'ntest': 10662}","{'devacc': np.float64(88.48), 'acc': np.float64(88.64), 'ndev': 3775, 'ntest': 3775}","{'devacc': np.float64(94.76), 'acc': np.float64(94.56), 'ndev': 10000, 'ntest': 10000}","{'devacc': np.float64(88.85), 'acc': np.float64(89.13), 'ndev': 10606, 'ntest': 10606}","{'devacc': np.float64(91.63), 'acc': 91.54, 'ndev': 872, 'ntest': 1821}","{'devacc': np.float64(87.73), 'acc': 95.6, 'ndev': 5452, 'ntest': 500}","{'devacc': np.float64(72.33), 'acc': 72.12, 'f1': 80.83, 'ndev': 4076, 'ntest': 1725}"
deberta-base,SUM+AVG-NS+MAX-NS_SUM-6-11,"torch.Size([61, 2304])",NORMAL,4,0,12,"{'devacc': np.float64(86.04), 'acc': np.float64(86.27), 'ndev': 10662, 'ntest': 10662}","{'devacc': np.float64(85.92), 'acc': np.float64(83.36), 'ndev': 3775, 'ntest': 3775}","{'devacc': np.float64(94.82), 'acc': np.float64(94.78), 'ndev': 10000, 'ntest': 10000}","{'devacc': np.float64(76.13), 'acc': np.float64(90.14), 'ndev': 10606, 'ntest': 10606}","{'devacc': np.float64(92.32), 'acc': 92.09, 'ndev': 872, 'ntest': 1821}","{'devacc': np.float64(87.89), 'acc': 95.2, 'ndev': 5452, 'ntest': 500}","{'devacc': np.float64(72.03), 'acc': 73.16, 'f1': 81.75, 'ndev': 4076, 'ntest': 1725}"
deberta-base,SUM+SUM-NS+MAX-NS_SUM-6-11,"torch.Size([61, 2304])",NORMAL,4,0,12,"{'devacc': np.float64(85.96), 'acc': np.float64(86.09), 'ndev': 10662, 'ntest': 10662}","{'devacc': np.float64(86.26), 'acc': np.float64(87.71), 'ndev': 3775, 'ntest': 3775}","{'devacc': np.float64(94.78), 'acc': np.float64(94.6), 'ndev': 10000, 'ntest': 10000}","{'devacc': np.float64(82.05), 'acc': np.float64(89.81), 'ndev': 10606, 'ntest': 10606}","{'devacc': np.float64(91.63), 'acc': 91.65, 'ndev': 872, 'ntest': 1821}","{'devacc': np.float64(87.71), 'acc': 95.0, 'ndev': 5452, 'ntest': 500}","{'devacc': np.float64(72.16), 'acc': 71.88, 'f1': 81.06, 'ndev': 4076, 'ntest': 1725}"
deberta-base,MAX+AVG-NS+SUM-NS_SUM-6-11,"torch.Size([61, 2304])",NORMAL,4,0,12,"{'devacc': np.float64(86.02), 'acc': np.float64(86.33), 'ndev': 10662, 'ntest': 10662}","{'devacc': np.float64(88.52), 'acc': np.float64(88.48), 'ndev': 3775, 'ntest': 3775}","{'devacc': np.float64(94.85), 'acc': np.float64(94.7), 'ndev': 10000, 'ntest': 10000}","{'devacc': np.float64(88.55), 'acc': np.float64(88.99), 'ndev': 10606, 'ntest': 10606}","{'devacc': np.float64(91.63), 'acc': 92.04, 'ndev': 872, 'ntest': 1821}","{'devacc': np.float64(87.97), 'acc': 96.0, 'ndev': 5452, 'ntest': 500}","{'devacc': np.float64(71.76), 'acc': 71.54, 'f1': 80.75, 'ndev': 4076, 'ntest': 1725}"
deberta-base,MAX+AVG-NS+MAX-NS_SUM-6-11,"torch.Size([61, 2304])",NORMAL,4,0,12,"{'devacc': np.float64(85.13), 'acc': np.float64(85.3), 'ndev': 10662, 'ntest': 10662}","{'devacc': np.float64(67.29), 'acc': np.float64(66.28), 'ndev': 3775, 'ntest': 3775}","{'devacc': np.float64(94.24), 'acc': np.float64(94.42), 'ndev': 10000, 'ntest': 10000}","{'devacc': np.float64(85.19), 'acc': np.float64(90.02), 'ndev': 10606, 'ntest': 10606}","{'devacc': np.float64(91.17), 'acc': 91.21, 'ndev': 872, 'ntest': 1821}","{'devacc': np.float64(89.18), 'acc': 95.6, 'ndev': 5452, 'ntest': 500}","{'devacc': np.float64(71.44), 'acc': 69.8, 'f1': 78.32, 'ndev': 4076, 'ntest': 1725}"
deberta-base,MAX+SUM-NS+MAX-NS_SUM-6-11,"torch.Size([61, 2304])",NORMAL,4,0,12,"{'devacc': np.float64(85.99), 'acc': np.float64(86.27), 'ndev': 10662, 'ntest': 10662}","{'devacc': np.float64(84.78), 'acc': np.float64(83.63), 'ndev': 3775, 'ntest': 3775}","{'devacc': np.float64(94.9), 'acc': np.float64(94.77), 'ndev': 10000, 'ntest': 10000}","{'devacc': np.float64(88.54), 'acc': np.float64(89.94), 'ndev': 10606, 'ntest': 10606}","{'devacc': np.float64(91.74), 'acc': 91.98, 'ndev': 872, 'ntest': 1821}","{'devacc': np.float64(88.3), 'acc': 95.2, 'ndev': 5452, 'ntest': 500}","{'devacc': np.float64(72.01), 'acc': 72.29, 'f1': 81.11, 'ndev': 4076, 'ntest': 1725}"
deberta-base,AVG-NS+SUM-NS+MAX-NS_SUM-6-11,"torch.Size([61, 2304])",NORMAL,4,0,12,"{'devacc': np.float64(86.05), 'acc': np.float64(86.29), 'ndev': 10662, 'ntest': 10662}","{'devacc': np.float64(85.27), 'acc': np.float64(81.12), 'ndev': 3775, 'ntest': 3775}","{'devacc': np.float64(94.83), 'acc': np.float64(94.68), 'ndev': 10000, 'ntest': 10000}","{'devacc': np.float64(85.96), 'acc': np.float64(88.95), 'ndev': 10606, 'ntest': 10606}","{'devacc': np.float64(91.86), 'acc': 92.2, 'ndev': 872, 'ntest': 1821}","{'devacc': np.float64(88.11), 'acc': 95.0, 'ndev': 5452, 'ntest': 500}","{'devacc': np.float64(71.84), 'acc': 71.13, 'f1': 80.42, 'ndev': 4076, 'ntest': 1725}"
deberta-base,CLS+AVG+SUM_SUM-7-12,"torch.Size([61, 2304])",NORMAL,4,0,12,"{'devacc': np.float64(86.48), 'acc': np.float64(86.71), 'ndev': 10662, 'ntest': 10662}","{'devacc': np.float64(88.89), 'acc': np.float64(89.41), 'ndev': 3775, 'ntest': 3775}","{'devacc': np.float64(95.13), 'acc': np.float64(94.97), 'ndev': 10000, 'ntest': 10000}","{'devacc': np.float64(89.26), 'acc': np.float64(89.7), 'ndev': 10606, 'ntest': 10606}","{'devacc': np.float64(91.4), 'acc': 91.54, 'ndev': 872, 'ntest': 1821}","{'devacc': np.float64(87.77), 'acc': 95.6, 'ndev': 5452, 'ntest': 500}","{'devacc': np.float64(71.35), 'acc': 69.91, 'f1': 80.2, 'ndev': 4076, 'ntest': 1725}"
deberta-base,CLS+AVG+MAX_SUM-7-12,"torch.Size([61, 2304])",NORMAL,4,0,12,"{'devacc': np.float64(85.38), 'acc': np.float64(85.38), 'ndev': 10662, 'ntest': 10662}","{'devacc': np.float64(89.51), 'acc': np.float64(89.46), 'ndev': 3775, 'ntest': 3775}","{'devacc': np.float64(95.03), 'acc': np.float64(95.15), 'ndev': 10000, 'ntest': 10000}","{'devacc': np.float64(89.2), 'acc': np.float64(89.3), 'ndev': 10606, 'ntest': 10606}","{'devacc': np.float64(91.17), 'acc': 91.76, 'ndev': 872, 'ntest': 1821}","{'devacc': np.float64(88.87), 'acc': 95.6, 'ndev': 5452, 'ntest': 500}","{'devacc': np.float64(70.46), 'acc': 68.81, 'f1': 78.11, 'ndev': 4076, 'ntest': 1725}"
deberta-base,CLS+AVG+AVG-NS_SUM-7-12,"torch.Size([61, 2304])",NORMAL,4,0,12,"{'devacc': np.float64(86.76), 'acc': np.float64(86.87), 'ndev': 10662, 'ntest': 10662}","{'devacc': np.float64(89.64), 'acc': np.float64(89.91), 'ndev': 3775, 'ntest': 3775}","{'devacc': np.float64(95.62), 'acc': np.float64(95.5), 'ndev': 10000, 'ntest': 10000}","{'devacc': np.float64(89.51), 'acc': np.float64(89.84), 'ndev': 10606, 'ntest': 10606}","{'devacc': np.float64(91.51), 'acc': 92.37, 'ndev': 872, 'ntest': 1821}","{'devacc': np.float64(88.08), 'acc': 95.0, 'ndev': 5452, 'ntest': 500}","{'devacc': np.float64(75.17), 'acc': 74.49, 'f1': 82.11, 'ndev': 4076, 'ntest': 1725}"
deberta-base,CLS+AVG+SUM-NS_SUM-7-12,"torch.Size([61, 2304])",NORMAL,4,0,12,"{'devacc': np.float64(86.46), 'acc': np.float64(86.62), 'ndev': 10662, 'ntest': 10662}","{'devacc': np.float64(88.86), 'acc': np.float64(89.32), 'ndev': 3775, 'ntest': 3775}","{'devacc': np.float64(95.0), 'acc': np.float64(94.91), 'ndev': 10000, 'ntest': 10000}","{'devacc': np.float64(89.2), 'acc': np.float64(89.48), 'ndev': 10606, 'ntest': 10606}","{'devacc': np.float64(91.63), 'acc': 92.2, 'ndev': 872, 'ntest': 1821}","{'devacc': np.float64(87.99), 'acc': 95.6, 'ndev': 5452, 'ntest': 500}","{'devacc': np.float64(71.3), 'acc': 69.8, 'f1': 80.35, 'ndev': 4076, 'ntest': 1725}"
deberta-base,CLS+AVG+MAX-NS_SUM-7-12,"torch.Size([61, 2304])",NORMAL,4,0,12,"{'devacc': np.float64(85.46), 'acc': np.float64(85.7), 'ndev': 10662, 'ntest': 10662}","{'devacc': np.float64(67.1), 'acc': np.float64(66.2), 'ndev': 3775, 'ntest': 3775}","{'devacc': np.float64(95.05), 'acc': np.float64(95.37), 'ndev': 10000, 'ntest': 10000}","{'devacc': np.float64(83.03), 'acc': np.float64(84.75), 'ndev': 10606, 'ntest': 10606}","{'devacc': np.float64(91.63), 'acc': 91.93, 'ndev': 872, 'ntest': 1821}","{'devacc': np.float64(88.55), 'acc': 94.8, 'ndev': 5452, 'ntest': 500}","{'devacc': np.float64(70.73), 'acc': 69.28, 'f1': 78.78, 'ndev': 4076, 'ntest': 1725}"
deberta-base,CLS+SUM+MAX_SUM-7-12,"torch.Size([61, 2304])",NORMAL,4,0,12,"{'devacc': np.float64(86.43), 'acc': np.float64(86.61), 'ndev': 10662, 'ntest': 10662}","{'devacc': np.float64(88.99), 'acc': np.float64(89.54), 'ndev': 3775, 'ntest': 3775}","{'devacc': np.float64(95.19), 'acc': np.float64(95.0), 'ndev': 10000, 'ntest': 10000}","{'devacc': np.float64(89.2), 'acc': np.float64(89.28), 'ndev': 10606, 'ntest': 10606}","{'devacc': np.float64(91.74), 'acc': 91.93, 'ndev': 872, 'ntest': 1821}","{'devacc': np.float64(87.86), 'acc': 96.2, 'ndev': 5452, 'ntest': 500}","{'devacc': np.float64(71.0), 'acc': 69.8, 'f1': 80.17, 'ndev': 4076, 'ntest': 1725}"
deberta-base,CLS+SUM+AVG-NS_SUM-7-12,"torch.Size([61, 2304])",NORMAL,4,0,12,"{'devacc': np.float64(86.5), 'acc': np.float64(86.73), 'ndev': 10662, 'ntest': 10662}","{'devacc': np.float64(88.97), 'acc': np.float64(89.43), 'ndev': 3775, 'ntest': 3775}","{'devacc': np.float64(95.16), 'acc': np.float64(94.86), 'ndev': 10000, 'ntest': 10000}","{'devacc': np.float64(89.34), 'acc': np.float64(89.48), 'ndev': 10606, 'ntest': 10606}","{'devacc': np.float64(91.63), 'acc': 91.87, 'ndev': 872, 'ntest': 1821}","{'devacc': np.float64(87.82), 'acc': 95.6, 'ndev': 5452, 'ntest': 500}","{'devacc': np.float64(71.07), 'acc': 69.62, 'f1': 80.27, 'ndev': 4076, 'ntest': 1725}"
deberta-base,CLS+SUM+SUM-NS_SUM-7-12,"torch.Size([61, 2304])",NORMAL,4,0,12,"{'devacc': np.float64(86.42), 'acc': np.float64(86.68), 'ndev': 10662, 'ntest': 10662}","{'devacc': np.float64(89.02), 'acc': np.float64(89.27), 'ndev': 3775, 'ntest': 3775}","{'devacc': np.float64(95.09), 'acc': np.float64(94.94), 'ndev': 10000, 'ntest': 10000}","{'devacc': np.float64(89.16), 'acc': np.float64(89.66), 'ndev': 10606, 'ntest': 10606}","{'devacc': np.float64(91.4), 'acc': 91.71, 'ndev': 872, 'ntest': 1821}","{'devacc': np.float64(88.0), 'acc': 95.8, 'ndev': 5452, 'ntest': 500}","{'devacc': np.float64(70.34), 'acc': 69.97, 'f1': 80.3, 'ndev': 4076, 'ntest': 1725}"
deberta-base,CLS+SUM+MAX-NS_SUM-7-12,"torch.Size([61, 2304])",NORMAL,4,0,12,"{'devacc': np.float64(86.45), 'acc': np.float64(86.43), 'ndev': 10662, 'ntest': 10662}","{'devacc': np.float64(82.94), 'acc': np.float64(77.54), 'ndev': 3775, 'ntest': 3775}","{'devacc': np.float64(95.15), 'acc': np.float64(95.1), 'ndev': 10000, 'ntest': 10000}","{'devacc': np.float64(86.8), 'acc': np.float64(79.51), 'ndev': 10606, 'ntest': 10606}","{'devacc': np.float64(91.28), 'acc': 91.49, 'ndev': 872, 'ntest': 1821}","{'devacc': np.float64(88.02), 'acc': 95.4, 'ndev': 5452, 'ntest': 500}","{'devacc': np.float64(70.76), 'acc': 69.33, 'f1': 79.83, 'ndev': 4076, 'ntest': 1725}"
deberta-base,CLS+MAX+AVG-NS_SUM-7-12,"torch.Size([61, 2304])",NORMAL,4,0,12,"{'devacc': np.float64(85.49), 'acc': np.float64(85.92), 'ndev': 10662, 'ntest': 10662}","{'devacc': np.float64(89.6), 'acc': np.float64(89.32), 'ndev': 3775, 'ntest': 3775}","{'devacc': np.float64(95.11), 'acc': np.float64(95.27), 'ndev': 10000, 'ntest': 10000}","{'devacc': np.float64(89.0), 'acc': np.float64(89.43), 'ndev': 10606, 'ntest': 10606}","{'devacc': np.float64(89.79), 'acc': 91.71, 'ndev': 872, 'ntest': 1821}","{'devacc': np.float64(88.94), 'acc': 95.0, 'ndev': 5452, 'ntest': 500}","{'devacc': np.float64(70.98), 'acc': 69.91, 'f1': 78.88, 'ndev': 4076, 'ntest': 1725}"
deberta-base,CLS+MAX+SUM-NS_SUM-7-12,"torch.Size([61, 2304])",NORMAL,4,0,12,"{'devacc': np.float64(86.42), 'acc': np.float64(86.55), 'ndev': 10662, 'ntest': 10662}","{'devacc': np.float64(88.86), 'acc': np.float64(88.77), 'ndev': 3775, 'ntest': 3775}","{'devacc': np.float64(95.04), 'acc': np.float64(94.86), 'ndev': 10000, 'ntest': 10000}","{'devacc': np.float64(89.03), 'acc': np.float64(89.07), 'ndev': 10606, 'ntest': 10606}","{'devacc': np.float64(91.28), 'acc': 91.93, 'ndev': 872, 'ntest': 1821}","{'devacc': np.float64(87.95), 'acc': 95.4, 'ndev': 5452, 'ntest': 500}","{'devacc': np.float64(70.85), 'acc': 71.36, 'f1': 81.0, 'ndev': 4076, 'ntest': 1725}"
deberta-base,CLS+MAX+MAX-NS_SUM-7-12,"torch.Size([61, 2304])",NORMAL,4,0,12,"{'devacc': np.float64(83.4), 'acc': np.float64(83.69), 'ndev': 10662, 'ntest': 10662}","{'devacc': np.float64(66.91), 'acc': np.float64(67.23), 'ndev': 3775, 'ntest': 3775}","{'devacc': np.float64(93.21), 'acc': np.float64(93.7), 'ndev': 10000, 'ntest': 10000}","{'devacc': np.float64(87.85), 'acc': np.float64(82.74), 'ndev': 10606, 'ntest': 10606}","{'devacc': np.float64(87.5), 'acc': 89.73, 'ndev': 872, 'ntest': 1821}","{'devacc': np.float64(87.33), 'acc': 93.6, 'ndev': 5452, 'ntest': 500}","{'devacc': np.float64(70.04), 'acc': 68.0, 'f1': 77.63, 'ndev': 4076, 'ntest': 1725}"
deberta-base,CLS+AVG-NS+SUM-NS_SUM-7-12,"torch.Size([61, 2304])",NORMAL,4,0,12,"{'devacc': np.float64(86.46), 'acc': np.float64(86.57), 'ndev': 10662, 'ntest': 10662}","{'devacc': np.float64(88.87), 'acc': np.float64(88.85), 'ndev': 3775, 'ntest': 3775}","{'devacc': np.float64(95.03), 'acc': np.float64(94.82), 'ndev': 10000, 'ntest': 10000}","{'devacc': np.float64(89.25), 'acc': np.float64(89.37), 'ndev': 10606, 'ntest': 10606}","{'devacc': np.float64(91.51), 'acc': 91.6, 'ndev': 872, 'ntest': 1821}","{'devacc': np.float64(87.64), 'acc': 95.6, 'ndev': 5452, 'ntest': 500}","{'devacc': np.float64(70.85), 'acc': 70.09, 'f1': 80.6, 'ndev': 4076, 'ntest': 1725}"
deberta-base,CLS+AVG-NS+MAX-NS_SUM-7-12,"torch.Size([61, 2304])",NORMAL,4,0,12,"{'devacc': np.float64(85.45), 'acc': np.float64(85.73), 'ndev': 10662, 'ntest': 10662}","{'devacc': np.float64(72.36), 'acc': np.float64(66.2), 'ndev': 3775, 'ntest': 3775}","{'devacc': np.float64(95.12), 'acc': np.float64(95.43), 'ndev': 10000, 'ntest': 10000}","{'devacc': np.float64(83.86), 'acc': np.float64(89.72), 'ndev': 10606, 'ntest': 10606}","{'devacc': np.float64(90.6), 'acc': 91.71, 'ndev': 872, 'ntest': 1821}","{'devacc': np.float64(88.92), 'acc': 95.2, 'ndev': 5452, 'ntest': 500}","{'devacc': np.float64(71.24), 'acc': 70.43, 'f1': 79.27, 'ndev': 4076, 'ntest': 1725}"
deberta-base,CLS+SUM-NS+MAX-NS_SUM-7-12,"torch.Size([61, 2304])",NORMAL,4,0,12,"{'devacc': np.float64(86.41), 'acc': np.float64(86.58), 'ndev': 10662, 'ntest': 10662}","{'devacc': np.float64(82.57), 'acc': np.float64(82.28), 'ndev': 3775, 'ntest': 3775}","{'devacc': np.float64(95.03), 'acc': np.float64(94.9), 'ndev': 10000, 'ntest': 10000}","{'devacc': np.float64(87.32), 'acc': np.float64(89.09), 'ndev': 10606, 'ntest': 10606}","{'devacc': np.float64(91.51), 'acc': 92.09, 'ndev': 872, 'ntest': 1821}","{'devacc': np.float64(88.19), 'acc': 96.2, 'ndev': 5452, 'ntest': 500}","{'devacc': np.float64(71.03), 'acc': 71.07, 'f1': 80.79, 'ndev': 4076, 'ntest': 1725}"
deberta-base,AVG+SUM+MAX_SUM-7-12,"torch.Size([61, 2304])",NORMAL,4,0,12,"{'devacc': np.float64(86.46), 'acc': np.float64(86.52), 'ndev': 10662, 'ntest': 10662}","{'devacc': np.float64(88.93), 'acc': np.float64(89.25), 'ndev': 3775, 'ntest': 3775}","{'devacc': np.float64(95.18), 'acc': np.float64(95.02), 'ndev': 10000, 'ntest': 10000}","{'devacc': np.float64(89.23), 'acc': np.float64(89.13), 'ndev': 10606, 'ntest': 10606}","{'devacc': np.float64(91.86), 'acc': 91.71, 'ndev': 872, 'ntest': 1821}","{'devacc': np.float64(87.91), 'acc': 96.0, 'ndev': 5452, 'ntest': 500}","{'devacc': np.float64(71.05), 'acc': 69.39, 'f1': 79.68, 'ndev': 4076, 'ntest': 1725}"
deberta-base,AVG+SUM+AVG-NS_SUM-7-12,"torch.Size([61, 2304])",NORMAL,4,0,12,"{'devacc': np.float64(86.5), 'acc': np.float64(86.63), 'ndev': 10662, 'ntest': 10662}","{'devacc': np.float64(88.97), 'acc': np.float64(89.27), 'ndev': 3775, 'ntest': 3775}","{'devacc': np.float64(95.15), 'acc': np.float64(94.88), 'ndev': 10000, 'ntest': 10000}","{'devacc': np.float64(89.32), 'acc': np.float64(89.53), 'ndev': 10606, 'ntest': 10606}","{'devacc': np.float64(91.28), 'acc': 91.32, 'ndev': 872, 'ntest': 1821}","{'devacc': np.float64(87.77), 'acc': 94.8, 'ndev': 5452, 'ntest': 500}","{'devacc': np.float64(70.63), 'acc': 70.14, 'f1': 80.37, 'ndev': 4076, 'ntest': 1725}"
deberta-base,AVG+SUM+SUM-NS_SUM-7-12,"torch.Size([61, 2304])",NORMAL,4,0,12,"{'devacc': np.float64(86.39), 'acc': np.float64(86.54), 'ndev': 10662, 'ntest': 10662}","{'devacc': np.float64(89.06), 'acc': np.float64(89.22), 'ndev': 3775, 'ntest': 3775}","{'devacc': np.float64(95.08), 'acc': np.float64(94.93), 'ndev': 10000, 'ntest': 10000}","{'devacc': np.float64(89.18), 'acc': np.float64(89.56), 'ndev': 10606, 'ntest': 10606}","{'devacc': np.float64(91.86), 'acc': 91.43, 'ndev': 872, 'ntest': 1821}","{'devacc': np.float64(87.77), 'acc': 95.8, 'ndev': 5452, 'ntest': 500}","{'devacc': np.float64(70.19), 'acc': 69.86, 'f1': 80.38, 'ndev': 4076, 'ntest': 1725}"
deberta-base,AVG+SUM+MAX-NS_SUM-7-12,"torch.Size([61, 2304])",NORMAL,4,0,12,"{'devacc': np.float64(86.44), 'acc': np.float64(86.38), 'ndev': 10662, 'ntest': 10662}","{'devacc': np.float64(82.35), 'acc': np.float64(81.57), 'ndev': 3775, 'ntest': 3775}","{'devacc': np.float64(95.2), 'acc': np.float64(95.09), 'ndev': 10000, 'ntest': 10000}","{'devacc': np.float64(87.03), 'acc': np.float64(78.83), 'ndev': 10606, 'ntest': 10606}","{'devacc': np.float64(91.4), 'acc': 91.76, 'ndev': 872, 'ntest': 1821}","{'devacc': np.float64(88.13), 'acc': 95.6, 'ndev': 5452, 'ntest': 500}","{'devacc': np.float64(71.12), 'acc': 69.97, 'f1': 80.24, 'ndev': 4076, 'ntest': 1725}"
deberta-base,AVG+MAX+AVG-NS_SUM-7-12,"torch.Size([61, 2304])",NORMAL,4,0,12,"{'devacc': np.float64(85.55), 'acc': np.float64(86.04), 'ndev': 10662, 'ntest': 10662}","{'devacc': np.float64(90.07), 'acc': np.float64(89.88), 'ndev': 3775, 'ntest': 3775}","{'devacc': np.float64(95.29), 'acc': np.float64(95.55), 'ndev': 10000, 'ntest': 10000}","{'devacc': np.float64(89.01), 'acc': np.float64(89.11), 'ndev': 10606, 'ntest': 10606}","{'devacc': np.float64(91.51), 'acc': 92.2, 'ndev': 872, 'ntest': 1821}","{'devacc': np.float64(89.16), 'acc': 95.4, 'ndev': 5452, 'ntest': 500}","{'devacc': np.float64(71.15), 'acc': 70.03, 'f1': 78.99, 'ndev': 4076, 'ntest': 1725}"
deberta-base,AVG+MAX+SUM-NS_SUM-7-12,"torch.Size([61, 2304])",NORMAL,4,0,12,"{'devacc': np.float64(86.39), 'acc': np.float64(86.64), 'ndev': 10662, 'ntest': 10662}","{'devacc': np.float64(88.82), 'acc': np.float64(89.22), 'ndev': 3775, 'ntest': 3775}","{'devacc': np.float64(95.01), 'acc': np.float64(94.9), 'ndev': 10000, 'ntest': 10000}","{'devacc': np.float64(89.11), 'acc': np.float64(89.16), 'ndev': 10606, 'ntest': 10606}","{'devacc': np.float64(91.97), 'acc': 91.82, 'ndev': 872, 'ntest': 1821}","{'devacc': np.float64(87.89), 'acc': 95.4, 'ndev': 5452, 'ntest': 500}","{'devacc': np.float64(70.76), 'acc': 70.26, 'f1': 80.26, 'ndev': 4076, 'ntest': 1725}"
deberta-base,AVG+MAX+MAX-NS_SUM-7-12,"torch.Size([61, 2304])",NORMAL,4,0,12,"{'devacc': np.float64(84.92), 'acc': np.float64(85.1), 'ndev': 10662, 'ntest': 10662}","{'devacc': np.float64(67.04), 'acc': np.float64(66.25), 'ndev': 3775, 'ntest': 3775}","{'devacc': np.float64(94.63), 'acc': np.float64(94.81), 'ndev': 10000, 'ntest': 10000}","{'devacc': np.float64(88.31), 'acc': np.float64(83.62), 'ndev': 10606, 'ntest': 10606}","{'devacc': np.float64(90.71), 'acc': 91.93, 'ndev': 872, 'ntest': 1821}","{'devacc': np.float64(88.24), 'acc': 94.2, 'ndev': 5452, 'ntest': 500}","{'devacc': np.float64(70.04), 'acc': 69.39, 'f1': 78.31, 'ndev': 4076, 'ntest': 1725}"
deberta-base,AVG+AVG-NS+SUM-NS_SUM-7-12,"torch.Size([61, 2304])",NORMAL,4,0,12,"{'devacc': np.float64(86.43), 'acc': np.float64(86.78), 'ndev': 10662, 'ntest': 10662}","{'devacc': np.float64(88.87), 'acc': np.float64(88.72), 'ndev': 3775, 'ntest': 3775}","{'devacc': np.float64(95.01), 'acc': np.float64(94.86), 'ndev': 10000, 'ntest': 10000}","{'devacc': np.float64(89.19), 'acc': np.float64(89.27), 'ndev': 10606, 'ntest': 10606}","{'devacc': np.float64(92.09), 'acc': 91.93, 'ndev': 872, 'ntest': 1821}","{'devacc': np.float64(87.53), 'acc': 95.8, 'ndev': 5452, 'ntest': 500}","{'devacc': np.float64(71.1), 'acc': 69.91, 'f1': 80.32, 'ndev': 4076, 'ntest': 1725}"
deberta-base,AVG+AVG-NS+MAX-NS_SUM-7-12,"torch.Size([61, 2304])",NORMAL,4,0,12,"{'devacc': np.float64(85.33), 'acc': np.float64(85.77), 'ndev': 10662, 'ntest': 10662}","{'devacc': np.float64(67.42), 'acc': np.float64(66.25), 'ndev': 3775, 'ntest': 3775}","{'devacc': np.float64(95.32), 'acc': np.float64(95.41), 'ndev': 10000, 'ntest': 10000}","{'devacc': np.float64(87.78), 'acc': np.float64(89.96), 'ndev': 10606, 'ntest': 10606}","{'devacc': np.float64(91.74), 'acc': 92.09, 'ndev': 872, 'ntest': 1821}","{'devacc': np.float64(88.96), 'acc': 95.4, 'ndev': 5452, 'ntest': 500}","{'devacc': np.float64(71.02), 'acc': 69.33, 'f1': 78.63, 'ndev': 4076, 'ntest': 1725}"
deberta-base,AVG+SUM-NS+MAX-NS_SUM-7-12,"torch.Size([61, 2304])",NORMAL,4,0,12,"{'devacc': np.float64(86.39), 'acc': np.float64(86.51), 'ndev': 10662, 'ntest': 10662}","{'devacc': np.float64(82.42), 'acc': np.float64(83.28), 'ndev': 3775, 'ntest': 3775}","{'devacc': np.float64(95.03), 'acc': np.float64(94.89), 'ndev': 10000, 'ntest': 10000}","{'devacc': np.float64(87.7), 'acc': np.float64(87.31), 'ndev': 10606, 'ntest': 10606}","{'devacc': np.float64(91.86), 'acc': 91.93, 'ndev': 872, 'ntest': 1821}","{'devacc': np.float64(88.04), 'acc': 95.4, 'ndev': 5452, 'ntest': 500}","{'devacc': np.float64(70.78), 'acc': 69.74, 'f1': 80.23, 'ndev': 4076, 'ntest': 1725}"
deberta-base,SUM+MAX+AVG-NS_SUM-7-12,"torch.Size([61, 2304])",NORMAL,4,0,12,"{'devacc': np.float64(86.44), 'acc': np.float64(86.6), 'ndev': 10662, 'ntest': 10662}","{'devacc': np.float64(89.0), 'acc': np.float64(89.03), 'ndev': 3775, 'ntest': 3775}","{'devacc': np.float64(95.16), 'acc': np.float64(95.03), 'ndev': 10000, 'ntest': 10000}","{'devacc': np.float64(89.22), 'acc': np.float64(89.65), 'ndev': 10606, 'ntest': 10606}","{'devacc': np.float64(91.63), 'acc': 91.71, 'ndev': 872, 'ntest': 1821}","{'devacc': np.float64(87.77), 'acc': 95.0, 'ndev': 5452, 'ntest': 500}","{'devacc': np.float64(71.08), 'acc': 69.22, 'f1': 79.63, 'ndev': 4076, 'ntest': 1725}"
deberta-base,SUM+MAX+SUM-NS_SUM-7-12,"torch.Size([61, 2304])",NORMAL,4,0,12,"{'devacc': np.float64(86.41), 'acc': np.float64(86.62), 'ndev': 10662, 'ntest': 10662}","{'devacc': np.float64(89.05), 'acc': np.float64(89.3), 'ndev': 3775, 'ntest': 3775}","{'devacc': np.float64(95.09), 'acc': np.float64(94.91), 'ndev': 10000, 'ntest': 10000}","{'devacc': np.float64(89.1), 'acc': np.float64(89.32), 'ndev': 10606, 'ntest': 10606}","{'devacc': np.float64(91.17), 'acc': 91.76, 'ndev': 872, 'ntest': 1821}","{'devacc': np.float64(88.13), 'acc': 95.6, 'ndev': 5452, 'ntest': 500}","{'devacc': np.float64(70.63), 'acc': 69.74, 'f1': 80.06, 'ndev': 4076, 'ntest': 1725}"
deberta-base,SUM+MAX+MAX-NS_SUM-7-12,"torch.Size([61, 2304])",NORMAL,4,0,12,"{'devacc': np.float64(86.34), 'acc': np.float64(86.59), 'ndev': 10662, 'ntest': 10662}","{'devacc': np.float64(82.25), 'acc': np.float64(77.64), 'ndev': 3775, 'ntest': 3775}","{'devacc': np.float64(95.2), 'acc': np.float64(94.98), 'ndev': 10000, 'ntest': 10000}","{'devacc': np.float64(87.37), 'acc': np.float64(81.8), 'ndev': 10606, 'ntest': 10606}","{'devacc': np.float64(91.51), 'acc': 91.49, 'ndev': 872, 'ntest': 1821}","{'devacc': np.float64(88.24), 'acc': 95.2, 'ndev': 5452, 'ntest': 500}","{'devacc': np.float64(70.98), 'acc': 69.74, 'f1': 80.43, 'ndev': 4076, 'ntest': 1725}"
deberta-base,SUM+AVG-NS+SUM-NS_SUM-7-12,"torch.Size([61, 2304])",NORMAL,4,0,12,"{'devacc': np.float64(86.42), 'acc': np.float64(86.68), 'ndev': 10662, 'ntest': 10662}","{'devacc': np.float64(88.99), 'acc': np.float64(89.33), 'ndev': 3775, 'ntest': 3775}","{'devacc': np.float64(95.09), 'acc': np.float64(94.83), 'ndev': 10000, 'ntest': 10000}","{'devacc': np.float64(89.29), 'acc': np.float64(89.59), 'ndev': 10606, 'ntest': 10606}","{'devacc': np.float64(91.28), 'acc': 91.6, 'ndev': 872, 'ntest': 1821}","{'devacc': np.float64(87.78), 'acc': 95.6, 'ndev': 5452, 'ntest': 500}","{'devacc': np.float64(70.8), 'acc': 68.93, 'f1': 79.68, 'ndev': 4076, 'ntest': 1725}"
deberta-base,SUM+AVG-NS+MAX-NS_SUM-7-12,"torch.Size([61, 2304])",NORMAL,4,0,12,"{'devacc': np.float64(86.44), 'acc': np.float64(86.41), 'ndev': 10662, 'ntest': 10662}","{'devacc': np.float64(82.15), 'acc': np.float64(82.66), 'ndev': 3775, 'ntest': 3775}","{'devacc': np.float64(95.19), 'acc': np.float64(94.94), 'ndev': 10000, 'ntest': 10000}","{'devacc': np.float64(85.17), 'acc': np.float64(80.41), 'ndev': 10606, 'ntest': 10606}","{'devacc': np.float64(91.4), 'acc': 91.76, 'ndev': 872, 'ntest': 1821}","{'devacc': np.float64(88.15), 'acc': 95.2, 'ndev': 5452, 'ntest': 500}","{'devacc': np.float64(70.81), 'acc': 69.45, 'f1': 79.95, 'ndev': 4076, 'ntest': 1725}"
deberta-base,SUM+SUM-NS+MAX-NS_SUM-7-12,"torch.Size([61, 2304])",NORMAL,4,0,12,"{'devacc': np.float64(86.42), 'acc': np.float64(86.66), 'ndev': 10662, 'ntest': 10662}","{'devacc': np.float64(84.38), 'acc': np.float64(81.38), 'ndev': 3775, 'ntest': 3775}","{'devacc': np.float64(95.08), 'acc': np.float64(95.0), 'ndev': 10000, 'ntest': 10000}","{'devacc': np.float64(78.2), 'acc': np.float64(75.93), 'ndev': 10606, 'ntest': 10606}","{'devacc': np.float64(91.28), 'acc': 91.98, 'ndev': 872, 'ntest': 1821}","{'devacc': np.float64(87.99), 'acc': 95.6, 'ndev': 5452, 'ntest': 500}","{'devacc': np.float64(70.73), 'acc': 70.61, 'f1': 80.45, 'ndev': 4076, 'ntest': 1725}"
deberta-base,MAX+AVG-NS+SUM-NS_SUM-7-12,"torch.Size([61, 2304])",NORMAL,4,0,12,"{'devacc': np.float64(86.39), 'acc': np.float64(86.51), 'ndev': 10662, 'ntest': 10662}","{'devacc': np.float64(88.92), 'acc': np.float64(89.01), 'ndev': 3775, 'ntest': 3775}","{'devacc': np.float64(95.02), 'acc': np.float64(94.91), 'ndev': 10000, 'ntest': 10000}","{'devacc': np.float64(89.09), 'acc': np.float64(89.35), 'ndev': 10606, 'ntest': 10606}","{'devacc': np.float64(91.51), 'acc': 91.82, 'ndev': 872, 'ntest': 1821}","{'devacc': np.float64(88.0), 'acc': 95.4, 'ndev': 5452, 'ntest': 500}","{'devacc': np.float64(71.03), 'acc': 69.39, 'f1': 80.09, 'ndev': 4076, 'ntest': 1725}"
deberta-base,MAX+AVG-NS+MAX-NS_SUM-7-12,"torch.Size([61, 2304])",NORMAL,4,0,12,"{'devacc': np.float64(84.84), 'acc': np.float64(85.03), 'ndev': 10662, 'ntest': 10662}","{'devacc': np.float64(66.84), 'acc': np.float64(66.17), 'ndev': 3775, 'ntest': 3775}","{'devacc': np.float64(94.71), 'acc': np.float64(94.88), 'ndev': 10000, 'ntest': 10000}","{'devacc': np.float64(84.09), 'acc': np.float64(87.79), 'ndev': 10606, 'ntest': 10606}","{'devacc': np.float64(90.25), 'acc': 91.71, 'ndev': 872, 'ntest': 1821}","{'devacc': np.float64(88.63), 'acc': 94.4, 'ndev': 5452, 'ntest': 500}","{'devacc': np.float64(70.19), 'acc': 69.62, 'f1': 78.84, 'ndev': 4076, 'ntest': 1725}"
deberta-base,MAX+SUM-NS+MAX-NS_SUM-7-12,"torch.Size([61, 2304])",NORMAL,4,0,12,"{'devacc': np.float64(86.39), 'acc': np.float64(86.47), 'ndev': 10662, 'ntest': 10662}","{'devacc': np.float64(82.28), 'acc': np.float64(80.32), 'ndev': 3775, 'ntest': 3775}","{'devacc': np.float64(95.02), 'acc': np.float64(94.95), 'ndev': 10000, 'ntest': 10000}","{'devacc': np.float64(86.19), 'acc': np.float64(78.63), 'ndev': 10606, 'ntest': 10606}","{'devacc': np.float64(91.4), 'acc': 92.15, 'ndev': 872, 'ntest': 1821}","{'devacc': np.float64(88.19), 'acc': 96.0, 'ndev': 5452, 'ntest': 500}","{'devacc': np.float64(70.9), 'acc': 70.09, 'f1': 80.21, 'ndev': 4076, 'ntest': 1725}"
deberta-base,AVG-NS+SUM-NS+MAX-NS_SUM-7-12,"torch.Size([61, 2304])",NORMAL,4,0,12,"{'devacc': np.float64(86.43), 'acc': np.float64(86.56), 'ndev': 10662, 'ntest': 10662}","{'devacc': np.float64(82.38), 'acc': np.float64(81.51), 'ndev': 3775, 'ntest': 3775}","{'devacc': np.float64(95.02), 'acc': np.float64(94.95), 'ndev': 10000, 'ntest': 10000}","{'devacc': np.float64(87.88), 'acc': np.float64(75.42), 'ndev': 10606, 'ntest': 10606}","{'devacc': np.float64(91.74), 'acc': 91.87, 'ndev': 872, 'ntest': 1821}","{'devacc': np.float64(87.82), 'acc': 95.0, 'ndev': 5452, 'ntest': 500}","{'devacc': np.float64(70.93), 'acc': 70.43, 'f1': 80.75, 'ndev': 4076, 'ntest': 1725}"
